address	name	current_type	call_boundary_types	trusted_pointer_return_store_types	constructor_store_types	address_of_uses	proposed_type	type_apply	call_boundary_sites	trusted_store_sites
00790C1C	PTR_s_tlo_bubbles_00790c1c	pointer:/char	{pointer:/char=1}	{}	{}	0		0	004CC370 -> 004AB880 parameter 3 as pointer:/char @ 004CC4D5 (global value)	-
00790C20	PTR_s_tlo_emb6_00790c20	pointer:/char	{pointer:/char=2}	{}	{}	0		0	004CC370 -> 004AB880 parameter 3 as pointer:/char @ 004CC4FC (global value) | 004D11D0 -> 004AB880 parameter 3 as pointer:/char @ 004D2186 (global value)	-
00790C28	PTR_s_tlo_capture_00790c28	pointer:/char	{pointer:/char=1}	{}	{}	0		0	004CC370 -> 004AB880 parameter 3 as pointer:/char @ 004CC4A4 (global value)	-
00792CA0	DAT_00792ca0	/undefined4	{/SubmarineTitans/Recovered/Enums/STSprGameObjC_CheckRay_param_7Enum=1}	{}	{}	0	/SubmarineTitans/Recovered/Enums/STSprGameObjC_CheckRay_param_7Enum	0	004C3C00 -> 0041F9B0 parameter 7 as /SubmarineTitans/Recovered/Enums/STSprGameObjC_CheckRay_param_7Enum @ 004C401E (global value)	-
0079AD04	PTR_s_SAVE_DESC_0079ad04	pointer:/char	{pointer:/char=1}	{}	{}	0		0	00532D50 -> 006F1CE0 parameter 2 as pointer:/char @ 0053304F (global value)	-
0079ADEC	PTR_s_SAVE_DESC_0079adec	pointer:/char	{pointer:/char=1}	{}	{}	0		0	005449B0 -> 006F1CE0 parameter 2 as pointer:/char @ 005463ED (global value)	-
0079AE2C	PTR_s_LAST_NAME_0079ae2c	pointer:/char	{pointer:/char=2}	{}	{}	0		0	0054C740 -> 006F1CE0 parameter 2 as pointer:/char @ 0054C8DD (global value) | 0054D2F0 -> 006F13F0 parameter 2 as pointer:/char @ 0054D363 (global value)	-
0079AEBC	PTR_s_TRACKS_0079aebc	pointer:/char	{pointer:/char=2}	{}	{}	0		0	005564C0 -> 0054D550 parameter 1 as pointer:/char @ 00556638 (global value) | 005564C0 -> 006F2D90 parameter 1 as pointer:/char @ 0055654D (global value)	-
0079AEC4	PTR_s_VISIBILITY_0079aec4	pointer:/char	{pointer:/char=2}	{}	{}	0		0	00558840 -> 0054D550 parameter 1 as pointer:/char @ 00558A67 (global value) | 00558840 -> 006F2D90 parameter 1 as pointer:/char @ 005588FC (global value)	-
0079AF6C	PTR_s_PLT_MMGLASS_0079af6c	pointer:/char	{pointer:/char=1}	{}	{}	0		0	0055DA40 -> 00717FC0 parameter 1 as pointer:/char @ 0055DA7D (global value)	-
0079AF70	PTR_s_PLT_PAUSE_0079af70	pointer:/char	{pointer:/char=1}	{}	{}	0		0	0055D730 -> 00717FC0 parameter 1 as pointer:/char @ 0055D771 (global value)	-
0079AF74	PTR_s_PLT_EXPLITE_0079af74	pointer:/char	{pointer:/char=1}	{}	{}	0		0	0055D730 -> 00717FC0 parameter 1 as pointer:/char @ 0055D786 (global value)	-
0079AF78	PTR_s_PLT_SHAD30_0079af78	pointer:/char	{pointer:/char=1}	{}	{}	0		0	0055D730 -> 00717FC0 parameter 1 as pointer:/char @ 0055D79B (global value)	-
0079AF7C	PTR_s_PLT_SHAD40_0079af7c	pointer:/char	{pointer:/char=1}	{}	{}	0		0	0055D730 -> 00717FC0 parameter 1 as pointer:/char @ 0055D7AF (global value)	-
0079AF80	PTR_s_PLT_SHAD60_0079af80	pointer:/char	{pointer:/char=1}	{}	{}	0		0	0055D730 -> 00717FC0 parameter 1 as pointer:/char @ 0055D7C7 (global value)	-
0079AF84	PTR_s_PLT_FOG_0079af84	pointer:/char	{pointer:/char=1}	{}	{}	0		0	0055D730 -> 00717FC0 parameter 1 as pointer:/char @ 0055D7DC (global value)	-
0079AF88	PTR_s_PLT_MMSHAD_0079af88	pointer:/char	{pointer:/char=1}	{}	{}	0		0	0055DA40 -> 00717FC0 parameter 1 as pointer:/char @ 0055DA92 (global value)	-
0079AF8C	PTR_s_PLT_NUCL_0079af8c	pointer:/char	{pointer:/char=1}	{}	{}	0		0	0055D730 -> 00717FC0 parameter 1 as pointer:/char @ 0055D7F0 (global value)	-
0079AF90	PTR_s_PLT_GLOW_0079af90	pointer:/char	{pointer:/char=1}	{}	{}	0		0	0055D730 -> 00717FC0 parameter 1 as pointer:/char @ 0055D805 (global value)	-
0079AF94	PTR_s_PLT_DKD_0079af94	pointer:/char	{pointer:/char=1}	{}	{}	0		0	0055D730 -> 00717FC0 parameter 1 as pointer:/char @ 0055D81D (global value)	-
0079AF98	PTR_s_PLT_FSGSGLASS_0079af98	pointer:/char	{pointer:/char=1}	{}	{}	0		0	0055DA40 -> 00717FC0 parameter 1 as pointer:/char @ 0055DAA7 (global value)	-
0079AF9C	PTR_s_PLT_FSGSSHAD_0079af9c	pointer:/char	{pointer:/char=1}	{}	{}	0		0	0055DA40 -> 00717FC0 parameter 1 as pointer:/char @ 0055DABB (global value)	-
0079B03C	PTR_s_CAMPAIGN.VPS_0079b03c	pointer:/char	{pointer:/char=1}	{}	{}	0		0	0056FA60 -> 0072F110 parameter 3 as pointer:/char @ 005709D5 (global value)	-
0079B054	PTR_s_SAVE_DESC_0079b054	pointer:/char	{pointer:/char=1}	{}	{}	0		0	0056F250 -> 006F13F0 parameter 2 as pointer:/char @ 0056F6CB (global value)	-
0079B058	PTR_s_SAVE_PLAYER_0079b058	pointer:/char	{pointer:/char=1}	{}	{}	0		0	0056F250 -> 006F13F0 parameter 2 as pointer:/char @ 0056F624 (global value)	-
0079B05C	PTR_s_RND_INIT_0079b05c	pointer:/char	{pointer:/char=2}	{}	{}	0		0	0056DB80 -> 006F1CE0 parameter 2 as pointer:/char @ 0056E3E8 (global value) | 0056F250 -> 006F13F0 parameter 2 as pointer:/char @ 0056F42E (global value)	-
0079B060	PTR_s_RESTART_GAME_0079b060	pointer:/char	{pointer:/char=2}	{}	{}	0		0	0056DB80 -> 006F1CE0 parameter 2 as pointer:/char @ 0056DE15 (global value) | 0056F250 -> 006F13F0 parameter 2 as pointer:/char @ 0056F645 (global value)	-
0079B064	PTR_s_STATETIMER_GAME_0079b064	pointer:/char	{pointer:/char=2}	{}	{}	0		0	0056DB80 -> 006F1CE0 parameter 2 as pointer:/char @ 0056DD9C (global value) | 0056F250 -> 006F13F0 parameter 2 as pointer:/char @ 0056F683 (global value)	-
0079B068	PTR_s_AUTOSAVETIME_GAME_0079b068	pointer:/char	{pointer:/char=2}	{}	{}	0		0	0056DB80 -> 006F1CE0 parameter 2 as pointer:/char @ 0056DD7B (global value) | 0056F250 -> 006F13F0 parameter 2 as pointer:/char @ 0056F664 (global value)	-
0079B06C	PTR_s_BRIEFING_GAME_0079b06c	pointer:/char	{pointer:/char=2}	{}	{}	0		0	0056DB80 -> 006F1CE0 parameter 2 as pointer:/char @ 0056DDBD (global value) | 0056F250 -> 006F13F0 parameter 2 as pointer:/char @ 0056F6AC (global value)	-
0079B070	PTR_s_TITLE_MISSION_0079b070	pointer:/char	{pointer:/char=3}	{}	{}	0		0	0056DB80 -> 006F1CE0 parameter 2 as pointer:/char @ 0056E0B1 (global value) | 0056E9E0 -> 006F1CE0 parameter 2 as pointer:/char @ 0056EAF1 (global value) | 0056F250 -> 006F13F0 parameter 2 as pointer:/char @ 0056F471 (global value)	-
0079B074	PTR_s_DESCRIPTION_0079b074	pointer:/char	{pointer:/char=4}	{}	{}	0		0	0056DB80 -> 0071AA10 parameter 1 as pointer:/char @ 0056E1AE (global value) | 0056E9E0 -> 0071AA10 parameter 1 as pointer:/char @ 0056EA6F (global value) | 0056EBE0 -> 0071AA10 parameter 1 as pointer:/char @ 0056EC9A (global value) | 0056F250 -> 0071AB30 parameter 2 as pointer:/char @ 0056F4B4 (global value)	-
0079B078	PTR_s_OBJECTIVES_0079b078	pointer:/char	{pointer:/char=3}	{}	{}	0		0	0056DB80 -> 0071AA10 parameter 1 as pointer:/char @ 0056E1EE (global value) | 0056E9E0 -> 0071AA10 parameter 1 as pointer:/char @ 0056EAAB (global value) | 0056F250 -> 0071AB30 parameter 2 as pointer:/char @ 0056F4E4 (global value)	-
0079B07C	PTR_s_TEXTURE_0079b07c	pointer:/char	{pointer:/char=3}	{}	{}	0		0	0056DB80 -> 006F2600 parameter 2 as pointer:/char @ 0056DFB3 (global value) | 0056DB80 -> 0071AD00 parameter 1 as pointer:/char @ 0056DF99 (global value) | 0056F250 -> 0071ADB0 parameter 3 as pointer:/char @ 0056F400 (global value)	-
0079B080	PTR_s_DESCRIPTOR_0079b080	pointer:/char	{pointer:/char=5}	{}	{}	0		0	0056ADC0 -> 006F13F0 parameter 2 as pointer:/char @ 0056B625 (global value) | 0056ADC0 -> 006F1CE0 parameter 2 as pointer:/char @ 0056B600 (global value) | 0056ADC0 -> 006F1CE0 parameter 2 as pointer:/char @ 0056BCD6 (global value) | 0056DB80 -> 006F1CE0 parameter 2 as pointer:/char @ 0056E15F (global value) | 0056F250 -> 006F13F0 parameter 2 as pointer:/char @ 0056F44F (global value)	-
0079B088	PTR_s_ORIG_DB_0079b088	pointer:/char	{pointer:/char=2}	{}	{}	0		0	0056DB80 -> 006F1CE0 parameter 2 as pointer:/char @ 0056DE59 (global value) | 0056F250 -> 006F13F0 parameter 2 as pointer:/char @ 0056F5BF (global value)	-
0079B08C	PTR_s_TYPE_START_0079b08c	pointer:/char	{pointer:/char=3}	{}	{}	0		0	0056DB80 -> 006F1CE0 parameter 2 as pointer:/char @ 0056DDF5 (global value) | 0056DB80 -> 006F1CE0 parameter 2 as pointer:/char @ 0056E18B (global value) | 0056F250 -> 006F13F0 parameter 2 as pointer:/char @ 0056F59D (global value)	-
0079B090	PTR_s_REPORT_0079b090	pointer:/char	{pointer:/char=2}	{}	{}	0		0	0056DB80 -> 006F1CE0 parameter 2 as pointer:/char @ 0056E2B9 (global value) | 0056F250 -> 006F13F0 parameter 2 as pointer:/char @ 0056F5E1 (global value)	-
0079B0D4	PTR_s_OPTIONS_PLAYER_0079b0d4	pointer:/char	{pointer:/char=2}	{}	{}	0		0	00572510 -> 006F1CE0 parameter 2 as pointer:/char @ 0057264E (global value) | 00572920 -> 006F13F0 parameter 2 as pointer:/char @ 00572A67 (global value)	-
0079B0D8	PTR_s_ACCKEYS_PLAYER_0079b0d8	pointer:/char	{pointer:/char=2}	{}	{}	0		0	00572510 -> 006F1CE0 parameter 2 as pointer:/char @ 00572688 (global value) | 00572BA0 -> 006F13F0 parameter 2 as pointer:/char @ 00572C65 (global value)	-
0079B0DC	PTR_s_AIKEYS_PLAYER_0079b0dc	pointer:/char	{pointer:/char=2}	{}	{}	0		0	00572510 -> 006F1CE0 parameter 2 as pointer:/char @ 005726A7 (global value) | 00572BA0 -> 006F13F0 parameter 2 as pointer:/char @ 00572C44 (global value)	-
0079B0E0	PTR_s_SYSKEYS_PLAYER_0079b0e0	pointer:/char	{pointer:/char=2}	{}	{}	0		0	00572510 -> 006F1CE0 parameter 2 as pointer:/char @ 005726C6 (global value) | 00572BA0 -> 006F13F0 parameter 2 as pointer:/char @ 00572C87 (global value)	-
0079B0E4	PTR_s_MOUKEYS_PLAYER_0079b0e4	pointer:/char	{pointer:/char=2}	{}	{}	0		0	00572510 -> 006F1CE0 parameter 2 as pointer:/char @ 005726E5 (global value) | 00572BA0 -> 006F13F0 parameter 2 as pointer:/char @ 00572CA5 (global value)	-
0079B0E8	PTR_s_LASTLOG_0079b0e8	pointer:/char	{pointer:/char=2}	{}	{}	0		0	00572510 -> 006F1CE0 parameter 2 as pointer:/char @ 00572723 (global value) | 00572920 -> 006F13F0 parameter 2 as pointer:/char @ 00572A89 (global value)	-
0079B0EC	PTR_s_LASTPSW_0079b0ec	pointer:/char	{pointer:/char=2}	{}	{}	0		0	00572510 -> 006F1CE0 parameter 2 as pointer:/char @ 0057277F (global value) | 00572920 -> 006F13F0 parameter 2 as pointer:/char @ 00572AA8 (global value)	-
0079B1A0	PTR_s_SAVE_DESC_0079b1a0	pointer:/char	{pointer:/char=1}	{}	{}	0		0	005776D0 -> 006F1CE0 parameter 2 as pointer:/char @ 005778D9 (global value)	-
0079B1A4	PTR_s_DESCRIPTOR_0079b1a4	pointer:/char	{pointer:/char=1}	{}	{}	0		0	005776D0 -> 006F1CE0 parameter 2 as pointer:/char @ 005778B6 (global value)	-
0079B1A8	PTR_s_ANIM_PALETTE_0079b1a8	pointer:/char	{pointer:/char=1}	{}	{}	0		0	00576EF0 -> 00725550 parameter 1 as pointer:/char @ 00576FF8 (global value)	-
0079C064	PTR_s_MISSION_0079c064	pointer:/char	{pointer:/char=2}	{}	{}	0		0	005AE050 -> 006F1CE0 parameter 2 as pointer:/char @ 005AE3F9 (global value) | 005AFD00 -> 006F1CE0 parameter 2 as pointer:/char @ 005B01A3 (global value)	-
0079C070	PTR_s_SAVE_DESC_0079c070	pointer:/char	{pointer:/char=1}	{}	{}	0		0	005AFD00 -> 006F1CE0 parameter 2 as pointer:/char @ 005B043B (global value)	-
0079C074	PTR_s_OBJECTIVES_0079c074	pointer:/char	{pointer:/char=2}	{}	{}	0		0	005AE050 -> 0071AA10 parameter 1 as pointer:/char @ 005AE3C8 (global value) | 005AFD00 -> 0071AA10 parameter 1 as pointer:/char @ 005B015F (global value)	-
0079C078	PTR_s_DESCRIPTOR_0079c078	pointer:/char	{pointer:/char=1}	{}	{}	0		0	005AFD00 -> 006F1CE0 parameter 2 as pointer:/char @ 005B04A2 (global value)	-
0079C0F8	PTR_s_GENERATE_RND_0079c0f8	pointer:/char	{pointer:/char=1}	{}	{}	0		0	005C8200 -> 006F1CE0 parameter 2 as pointer:/char @ 005C84B5 (global value)	-
0079C0FC	PTR_s_INTERFACE_RND_0079c0fc	pointer:/char	{pointer:/char=1}	{}	{}	0		0	005C8200 -> 006F1CE0 parameter 2 as pointer:/char @ 005C84F4 (global value)	-
0079C104	PTR_s_TITLE_MISSION_0079c104	pointer:/char	{pointer:/char=2}	{}	{}	0		0	005C7800 -> 006F1CE0 parameter 2 as pointer:/char @ 005C7E25 (global value) | 005C8200 -> 006F1CE0 parameter 2 as pointer:/char @ 005C8447 (global value)	-
0079C108	PTR_s_DESCRIPTION_0079c108	pointer:/char	{pointer:/char=2}	{}	{}	0		0	005C7800 -> 0071AA10 parameter 1 as pointer:/char @ 005C7D9D (global value) | 005C8200 -> 0071AA10 parameter 1 as pointer:/char @ 005C83C1 (global value)	-
0079C10C	PTR_s_OBJECTIVES_0079c10c	pointer:/char	{pointer:/char=2}	{}	{}	0		0	005C7800 -> 0071AA10 parameter 1 as pointer:/char @ 005C7DDC (global value) | 005C8200 -> 0071AA10 parameter 1 as pointer:/char @ 005C83FF (global value)	-
0079C110	PTR_s_DESCRIPTOR_0079c110	pointer:/char	{pointer:/char=2}	{}	{}	0		0	005C7800 -> 006F1CE0 parameter 2 as pointer:/char @ 005C7D21 (global value) | 005C8200 -> 006F1CE0 parameter 2 as pointer:/char @ 005C832B (global value)	-
0079C114	PTR_s_SMALL_MAP_0079c114	pointer:/char	{pointer:/char=2}	{}	{}	0		0	005C7800 -> 0070A5A0 parameter 2 as pointer:/char @ 005C7CAD (global value) | 005C8200 -> 0070A5A0 parameter 2 as pointer:/char @ 005C82BB (global value)	-
0079C1A4	PTR_s_OPTIONS_PLAYER_0079c1a4	pointer:/char	{pointer:/char=1}	{}	{}	0		0	005D8BF0 -> 006F21C0 parameter 2 as pointer:/char @ 005D8E62 (global value)	-
0079C1C8	PTR_s_SAVE_PLAYER_0079c1c8	pointer:/char	{pointer:/char=2}	{}	{}	0		0	005DB030 -> 006F1CE0 parameter 2 as pointer:/char @ 005DB136 (global value) | 005DC050 -> 006F1CE0 parameter 2 as pointer:/char @ 005DC1C8 (global value)	-
0079C1CC	PTR_s_TITLE_MISSION_0079c1cc	pointer:/char	{pointer:/char=1}	{}	{}	0		0	005DC050 -> 006F1CE0 parameter 2 as pointer:/char @ 005DC20B (global value)	-
0079C1D0	PTR_s_DESCRIPTION_0079c1d0	pointer:/char	{pointer:/char=2}	{}	{}	0		0	005DC050 -> 0071AA10 parameter 1 as pointer:/char @ 005DC119 (global value) | 005DC730 -> 0071AA10 parameter 1 as pointer:/char @ 005DC788 (global value)	-
0079C1D4	PTR_s_OBJECTIVES_0079c1d4	pointer:/char	{pointer:/char=1}	{}	{}	0		0	005DC050 -> 0071AA10 parameter 1 as pointer:/char @ 005DC151 (global value)	-
0079C1D8	PTR_s_DESCRIPTOR_0079c1d8	pointer:/char	{pointer:/char=2}	{}	{}	0		0	005DB030 -> 006F1CE0 parameter 2 as pointer:/char @ 005DB10E (global value) | 005DC050 -> 006F1CE0 parameter 2 as pointer:/char @ 005DC18F (global value)	-
0079C1DC	PTR_s_SMALL_MAP_0079c1dc	pointer:/char	{pointer:/char=1}	{}	{}	0		0	005DC050 -> 0070A5A0 parameter 2 as pointer:/char @ 005DC0C2 (global value)	-
0079C218	PTR_s_TITLE_MISSION_0079c218	pointer:/char	{pointer:/char=1}	{}	{}	0		0	005DFA30 -> 006F1CE0 parameter 2 as pointer:/char @ 005DFB9E (global value)	-
0079C21C	PTR_s_DESCRIPTION_0079c21c	pointer:/char	{pointer:/char=1}	{}	{}	0		0	005DFA30 -> 0071AA10 parameter 1 as pointer:/char @ 005DFB1D (global value)	-
0079C220	PTR_s_OBJECTIVES_0079c220	pointer:/char	{pointer:/char=1}	{}	{}	0		0	005DFA30 -> 0071AA10 parameter 1 as pointer:/char @ 005DFB58 (global value)	-
0079C57C	PTR_s_BASIS_MAN_0079c57c	pointer:/char	{pointer:/char=2}	{}	{}	0		0	005F10D0 -> 0054D550 parameter 1 as pointer:/char @ 005F1236 (global value) | 005F10D0 -> 006F2D90 parameter 1 as pointer:/char @ 005F1155 (global value)	-
0079D080	PTR_s_RUBBISH_3_0079d080	pointer:/char	{pointer:/char=2}	{}	{}	0		0	0062CCA0 -> 0054D550 parameter 1 as pointer:/char @ 0062CD19 (global value) | 0062CCA0 -> 006F2D90 parameter 1 as pointer:/char @ 0062CD82 (global value)	-
0079D614	PTR_s_AIBOSS_0079d614	pointer:/char	{pointer:/char=1}	{}	{}	0		0	00648030 -> 0054D550 parameter 1 as pointer:/char @ 0064811E (global value)	-
0079D660	PTR_s_AIPLAYER_0079d660	pointer:/char	{pointer:/char=1}	{}	{}	0		0	00648FE0 -> 006F2C00 parameter 0 as pointer:/char @ 00649255 (global value)	-
0079D664	PTR_s_AIBOSS_0079d664	pointer:/char	{pointer:/char=1}	{}	{}	0		0	00648E70 -> 006F2D90 parameter 1 as pointer:/char @ 00648EE5 (global value)	-
0079D6D0	PTR_s_AIPLAYER_0079d6d0	pointer:/char	{pointer:/char=1}	{}	{}	0		0	0067C7E0 -> 006F2C00 parameter 0 as pointer:/char @ 0067CA74 (global value)	-
0079D718	PTR_s_OBJECTIVES_0079d718	pointer:/char	{pointer:/char=2}	{}	{}	1		0	0067DC20 -> 0072E340 parameter 1 as pointer:/char @ 0067DD86 (global value) | 0067E7E0 -> 0072E340 parameter 1 as pointer:/char @ 0067E99B (global value)	-
0079D724	PTR_s_ASSISTANT_0079d724	pointer:/char	{pointer:/char=2}	{}	{}	0		0	0067DEC0 -> 0067DC20 parameter 2 as pointer:/char @ 0067DF21 (global value) | 0067E580 -> 006F2C00 parameter 0 as pointer:/char @ 0067E5D8 (global value)	-
0079D728	PTR_s_OPPONENT_0079d728	pointer:/char	{pointer:/char=2}	{}	{}	0		0	0067DFD0 -> 0067DC20 parameter 2 as pointer:/char @ 0067E031 (global value) | 0067E6B0 -> 006F2C00 parameter 0 as pointer:/char @ 0067E708 (global value)	-
0079D72C	PTR_s_STRATEG_0079d72c	pointer:/char	{pointer:/char=1}	{}	{}	0		0	0067E320 -> 006F2C00 parameter 0 as pointer:/char @ 0067E389 (global value)	-
0079D734	PTR_s___EMPTY___0079d734	pointer:/char	{pointer:/byte=4}	{}	{}	0		0	0067F1D0 -> 0067EF60 parameter 0 as pointer:/byte @ 0067F20C (global value) | 00680D40 -> 0067EEA0 parameter 0 as pointer:/byte @ 00680D92 (global value) | 00680FF0 -> 0067EEA0 parameter 0 as pointer:/byte @ 0068101A (global value) | 00681140 -> 0067EEA0 parameter 0 as pointer:/byte @ 00681204 (global value)	-
0079D738	PTR_s___CONST__%03d_0079d738	pointer:/char	{pointer:/char=1}	{}	{}	0		0	0067ECA0 -> EXTERNAL:00000080 parameter 1 as pointer:/char @ 0067ECB7 (global value)	-
0079D73C	PTR_s___INCLUDE__%03d_0079d73c	pointer:/char	{pointer:/char=1}	{}	{}	0		0	0067ECE0 -> EXTERNAL:00000080 parameter 1 as pointer:/char @ 0067ECF3 (global value)	-
0079D740	PTR_s___EXPAR__%03d_0079d740	pointer:/char	{pointer:/char=1}	{}	{}	0		0	0067FBD0 -> EXTERNAL:00000080 parameter 1 as pointer:/char @ 0067FBE7 (global value)	-
0079D770	PTR_s_DESCRIPTOR_0079d770	pointer:/char	{pointer:/char=3}	{}	{}	0		0	006939F0 -> 006F1CE0 parameter 2 as pointer:/char @ 00693A4A (global value) | 00693D00 -> 006F13F0 parameter 2 as pointer:/char @ 00693D63 (global value) | 006942A0 -> 006F1CE0 parameter 2 as pointer:/char @ 006942F2 (global value)	-
0079D774	PTR_s_GENERATE_RND_0079d774	pointer:/char	{pointer:/char=1}	{}	{}	0		0	006952B0 -> 006F13F0 parameter 2 as pointer:/char @ 0069582E (global value)	-
0079D778	PTR_s_INTERFACE_RND_0079d778	pointer:/char	{pointer:/char=1}	{}	{}	0		0	006952B0 -> 006F13F0 parameter 2 as pointer:/char @ 00695848 (global value)	-
0079D838	PTR_s_TITLE_MISSION_0079d838	pointer:/char	{pointer:/char=1}	{}	{}	0		0	006A0740 -> 006F13F0 parameter 2 as pointer:/char @ 006A07EE (global value)	-
0079D83C	PTR_s_TEXTURE_0079d83c	pointer:/char	{pointer:/char=1}	{}	{}	0		0	006A0740 -> 006F13F0 parameter 2 as pointer:/char @ 006A080D (global value)	-
0079D848	PTR_s_PALETTE_0079d848	pointer:/char	{pointer:/char=1}	{}	{}	0		0	006A2ED0 -> 006F1CE0 parameter 2 as pointer:/char @ 006A309E (global value)	-
007AD25C	PTR_s_tlo_bldmark_si_007ad25c	pointer:/char	{pointer:/char=1}	{}	{}	0		0	004C6440 -> 004AB880 parameter 3 as pointer:/char @ 004C66FA (global value)	-
007B8330	PTR_s_dyaws_body_007b8330	pointer:/char	{pointer:/char=1}	{}	{}	0		0	004D32C0 -> 004AB880 parameter 3 as pointer:/char @ 004D34FA (global value)	-
007BB1B4	PTR_s_tlo_sha_ws_007bb1b4	pointer:/char	{pointer:/char=5}	{}	{}	0		0	004C9770 -> 004AB880 parameter 3 as pointer:/char @ 004C9C82 (global value) | 004D32C0 -> 004AB880 parameter 3 as pointer:/char @ 004D338E (global value) | 004D32C0 -> 004AB880 parameter 3 as pointer:/char @ 004D36F4 (global value) | 004D55B0 -> 004AB880 parameter 3 as pointer:/char @ 004D582E (global value) | 004D55B0 -> 004AB880 parameter 3 as pointer:/char @ 004D5977 (global value)	-
007C1890	CHAR_%_007c1890	/char	{/char=25}	{}	{}	25		0	004EF320 -> EXTERNAL:00000080 parameter 1 as /char @ 004EF4AD (address-of global) | 004F1D90 -> EXTERNAL:00000080 parameter 1 as /char @ 004F1E20 (address-of global) | 004F2130 -> EXTERNAL:00000080 parameter 1 as /char @ 004F21D9 (address-of global) | 004F2130 -> EXTERNAL:00000080 parameter 1 as /char @ 004F223D (address-of global) | 004F2560 -> EXTERNAL:00000080 parameter 1 as /char @ 004F269B (address-of global) | 004F2560 -> EXTERNAL:00000080 parameter 1 as /char @ 004F28ED (address-of global) | 00505230 -> EXTERNAL:00000080 parameter 1 as /char @ 005056BD (address-of global) | 005061C0 -> EXTERNAL:00000080 parameter 1 as /char @ 00506EAF (address-of global) | 0050A340 -> EXTERNAL:00000080 parameter 1 as /char @ 0050AFCF (address-of global) | 0050A340 -> EXTERNAL:00000080 parameter 1 as /char @ 0050B71E (address-of global) | 0050A340 -> EXTERNAL:00000080 parameter 1 as /char @ 0050B7A0 (address-of global) | 0050C620 -> EXTERNAL:00000080 parameter 1 as /char @ 0050D21F (address-of global) | 0050C620 -> EXTERNAL:00000080 parameter 1 as /char @ 0050D851 (address-of global) | 0050C620 -> EXTERNAL:00000080 parameter 1 as /char @ 0050D8C5 (address-of global) | 00518C20 -> EXTERNAL:00000080 parameter 1 as /char @ 00519521 (address-of global) | 0051A100 -> EXTERNAL:00000080 parameter 1 as /char @ 0051A9F1 (address-of global) | 0052FB00 -> EXTERNAL:00000080 parameter 1 as /char @ 00530159 (address-of global) | 0052FB00 -> EXTERNAL:00000080 parameter 1 as /char @ 005301C1 (address-of global) | 00533D10 -> EXTERNAL:00000080 parameter 1 as /char @ 00535A65 (address-of global) | 00533D10 -> EXTERNAL:00000080 parameter 1 as /char @ 00535CAB (address-of global) | 005C8A40 -> EXTERNAL:00000080 parameter 1 as /char @ 005C96DB (address-of global) | 005C8A40 -> EXTERNAL:00000080 parameter 1 as /char @ 005C9702 (address-of global) | 005C8A40 -> EXTERNAL:00000080 parameter 1 as /char @ 005C9729 (address-of global) | 005C8A40 -> EXTERNAL:00000080 parameter 1 as /char @ 005CABC8 (address-of global) | 0074D6DE -> EXTERNAL:00000080 parameter 1 as /char @ 0074D6F0 (address-of global)	-
007C2B14	DAT_007c2b14	/undefined4	{pointer:/char=1}	{}	{}	0	pointer:/char	0	0056DB80 -> 006E8640 parameter 2 as pointer:/char @ 0056E413 (global value)	-
007C2B20	DAT_007c2b20	/undefined4	{pointer:/char=1}	{}	{}	0	pointer:/char	0	0056DB80 -> 006E8640 parameter 1 as pointer:/char @ 0056E413 (global value)	-
007C3B5C	CHAR_ _007c3b5c	/char	{/char=11}	{}	{}	13		0	00514F10 -> 006B5AA0 parameter 1 as /char @ 00515003 (address-of global) | 0052D320 -> 0052D370 parameter 1 as /char @ 0052D33A (address-of global) | 0052D320 -> 0052D370 parameter 1 as /char @ 0052D347 (address-of global) | 005DC050 -> 006B5AA0 parameter 1 as /char @ 005DC31A (address-of global) | 005DC050 -> 006B5AA0 parameter 1 as /char @ 005DC39D (address-of global) | 005DC050 -> 006B5AA0 parameter 1 as /char @ 005DC3F9 (address-of global) | 005DC730 -> 006B5AA0 parameter 1 as /char @ 005DC915 (address-of global) | 005DC730 -> 006B5AA0 parameter 1 as /char @ 005DC998 (address-of global) | 005DC730 -> 006B5AA0 parameter 1 as /char @ 005DC9D3 (address-of global) | 005E1330 -> 006B5AA0 parameter 1 as /char @ 005E2432 (address-of global) | 005E1330 -> 006B5AA0 parameter 1 as /char @ 005E2488 (address-of global)	-
007C3B60	DAT_007c3b60	/undefined1	{/char=1}	{}	{}	1	/char	0	00514F10 -> 005411A0 parameter 2 as /char @ 00514F92 (address-of global)	-
007C7078	CHAR_._007c7078	/char	{/char=3}	{}	{}	3		0	007535F0 -> 0072E620 parameter 1 as /char @ 0075362A (address-of global) | 007535F0 -> 0072E620 parameter 1 as /char @ 007536EB (address-of global) | 007535F0 -> 0072F110 parameter 4 as /char @ 007536C3 (address-of global)	-
007C7080	CHAR_._007c7080	/char	{/char=3}	{}	{}	3		0	007535F0 -> 0072E620 parameter 1 as /char @ 00753642 (address-of global) | 007535F0 -> 0072E620 parameter 1 as /char @ 00753703 (address-of global) | 007535F0 -> 0072F110 parameter 4 as /char @ 00753784 (address-of global)	-
007C7274	CHAR_._007c7274	/char	{/char=4}	{}	{}	8		0	006AD2A0 -> 0072E340 parameter 1 as /char @ 006AD2E6 (address-of global) | 006AD4D0 -> 0072E340 parameter 1 as /char @ 006AD657 (address-of global) | 006AD4D0 -> 0072E340 parameter 1 as /char @ 006AD71A (address-of global) | 006AD4D0 -> 0072E340 parameter 1 as /char @ 006AD85B (address-of global)	-
007C8FF4	CHAR_0Ah_007c8ff4	/char	{/char=17}	{}	{}	19		0	00555680 -> 0072EB70 parameter 0 as /char @ 005556A4 (address-of global) | 006AD4D0 -> 00733F70 parameter 1 as /char @ 006AD98B (address-of global) | 006AD4D0 -> 00733F70 parameter 1 as /char @ 006AD9B6 (address-of global) | 006ADC30 -> 00733F70 parameter 1 as /char @ 006ADF16 (address-of global) | 006ADC30 -> 00733F70 parameter 1 as /char @ 006ADF73 (address-of global) | 006ADC30 -> 00733F70 parameter 1 as /char @ 006AE001 (address-of global) | 006ADC30 -> 00733F70 parameter 1 as /char @ 006AE02E (address-of global) | 006ADC30 -> 00733F70 parameter 1 as /char @ 006AE0A0 (address-of global) | 006ADC30 -> 00733F70 parameter 1 as /char @ 006AE0CF (address-of global) | 007140E0 -> 0072E6F0 parameter 1 as /char @ 00714247 (address-of global) | 007140E0 -> 0072E6F0 parameter 1 as /char @ 00714760 (address-of global) | 007140E0 -> 00730590 parameter 1 as /char @ 0071433E (address-of global) | 007140E0 -> 00730590 parameter 1 as /char @ 0071438E (address-of global) | 007140E0 -> 00730590 parameter 1 as /char @ 007143CE (address-of global) | 007140E0 -> 00730590 parameter 1 as /char @ 0071485B (address-of global) | 007140E0 -> 00730590 parameter 1 as /char @ 007148AB (address-of global) | 007140E0 -> 00730590 parameter 1 as /char @ 007148EB (address-of global)	-
007CB090	PTR_s_rc276_%d_007cb090	pointer:/char	{pointer:/char=1}	{}	{}	0		0	0057F2E0 -> EXTERNAL:00000080 parameter 1 as pointer:/char @ 0057F313 (global value)	-
007CB098	PTR_s_rgold_%d_007cb098	pointer:/char	{pointer:/char=1}	{}	{}	0		0	0057F3A0 -> EXTERNAL:00000080 parameter 1 as pointer:/char @ 0057F3E2 (global value)	-
007CB0A0	PTR_s_rmeta_%d_007cb0a0	pointer:/char	{pointer:/char=1}	{}	{}	0		0	0057F470 -> EXTERNAL:00000080 parameter 1 as pointer:/char @ 0057F4A3 (global value)	-
007CB0A4	PTR_s_term0_007cb0a4	pointer:/char	{}	{pointer:/char=1}	{}	0		0		0057F530 trusted pointer:/char return aliases exact global on 2/2 non-null/total RET paths
007CB0B4	PTR_s_termsd_007cb0b4	pointer:/char	{pointer:/char=1}	{}	{}	0		0	005805C0 -> 004AB880 parameter 3 as pointer:/char @ 00580606 (global value)	-
007CC8BC	CHAR_*_007cc8bc	/char	{/char=1}	{}	{}	3		0	005D9470 -> 00725910 parameter 1 as /char @ 005D96FB (address-of global)	-
007CDE70	PTR_s_cont1_007cde70	pointer:/char	{pointer:/char=1}	{}	{}	0		0	005EC9F0 -> 004AB880 parameter 3 as pointer:/char @ 005ECA72 (global value)	-
007CE5A0	PTR_s_adcbo_007ce5a0	pointer:/char	{pointer:/char=1}	{}	{}	0		0	005F35F0 -> 00709AF0 parameter 2 as pointer:/char @ 005F365D (global value)	-
007CE5F8	PTR_s_pics_g_007ce5f8	pointer:/char	{pointer:/char=1}	{}	{}	0		0	005F4A30 -> 00709AF0 parameter 2 as pointer:/char @ 005F4A9F (global value)	-
007CE6E0	PTR_s_col3l0_007ce6e0	pointer:/char	{pointer:/char=1}	{}	{}	0		0	005F6AF0 -> 004AB880 parameter 3 as pointer:/char @ 005F6BAB (global value)	-
007CE934	PTR_s_Expb24_007ce934	pointer:/char	{pointer:/char=1}	{}	{}	0		0	005FDB50 -> 004AB880 parameter 3 as pointer:/char @ 005FDC3D (global value)	-
007CEBEC	PTR_s_Dest1_0_007cebec	pointer:/char	{pointer:/char=2}	{}	{}	0		0	006029C0 -> 004AB880 parameter 3 as pointer:/char @ 00602A35 (global value) | 00602E90 -> 00709AF0 parameter 2 as pointer:/char @ 00602F05 (global value)	-
007CEC3C	PTR_s_dest0s0_007cec3c	pointer:/char	{pointer:/char=1}	{}	{}	0		0	006029C0 -> 004AB880 parameter 3 as pointer:/char @ 00602AB1 (global value)	-
007CEDC0	PTR_s_expl_bbt0_007cedc0	pointer:/char	{pointer:/char=1}	{}	{}	0		0	006051B0 -> 004AB880 parameter 3 as pointer:/char @ 00605243 (global value)	-
007D0164	PTR_s_light01_007d0164	pointer:/char	{pointer:/char=1}	{}	{}	0		0	0061DB80 -> 00709AF0 parameter 2 as pointer:/char @ 0061DBD2 (global value)	-
007D02D4	PTR_s_mine0_007d02d4	pointer:/char	{pointer:/char=1}	{}	{}	0		0	00623170 -> 004AB880 parameter 3 as pointer:/char @ 0062327F (global value)	-
007D0354	PTR_s_expdeep_007d0354	pointer:/char	{pointer:/char=1}	{}	{}	0		0	00624000 -> 00709AF0 parameter 2 as pointer:/char @ 00624064 (global value)	-
007D08BC	PTR_s_rubb3_007d08bc	pointer:/char	{pointer:/char=1}	{}	{}	0		0	00629070 -> 00709AF0 parameter 2 as pointer:/char @ 006292B0 (global value)	-
007D0C40	PTR_s_expl_sb0_007d0c40	pointer:/char	{pointer:/char=1}	{}	{}	0		0	006298A0 -> 00709AF0 parameter 2 as pointer:/char @ 00629903 (global value)	-
007D14D0	PTR_s_rubb3_007d14d0	pointer:/char	{pointer:/char=1}	{}	{}	0		0	0062F3B0 -> 004AB880 parameter 3 as pointer:/char @ 0062F51F (global value)	-
007D1850	PTR_s_ruin_s10_007d1850	pointer:/char	{pointer:/char=1}	{}	{}	0		0	00630C50 -> 00709AF0 parameter 2 as pointer:/char @ 00630CDE (global value)	-
007D1BCC	PTR_s_starR_007d1bcc	pointer:/char	{pointer:/char=1}	{}	{}	0		0	00632A00 -> 00709AF0 parameter 2 as pointer:/char @ 00632B3C (global value)	-
007D1BD0	PTR_s_starF_007d1bd0	pointer:/char	{pointer:/char=1}	{}	{}	0		0	00632A00 -> 00709AF0 parameter 2 as pointer:/char @ 00632B66 (global value)	-
007D1DB8	DAT_007d1db8	/undefined4	{/char=1}	{}	{}	1	/char	0	00639990 -> 004AB880 parameter 3 as /char @ 00639AEB (address-of global)	-
007D1F68	PTR_s_blast_p_007d1f68	pointer:/char	{pointer:/char=1}	{}	{}	0		0	0063E160 -> 00709AF0 parameter 2 as pointer:/char @ 0063E203 (global value)	-
007D2D18	DAT_007d2d18	/undefined4	{/SubmarineTitans/Recovered/Enums/Global_sub_006686F0_param_1Enum=1, /SubmarineTitans/Recovered/Enums/Global_sub_00668AA0_param_1Enum=1}	{}	{}	0		0	00682850 -> 006686F0 parameter 0 as /SubmarineTitans/Recovered/Enums/Global_sub_006686F0_param_1Enum @ 00682886 (global value) | 00682850 -> 00668AA0 parameter 0 as /SubmarineTitans/Recovered/Enums/Global_sub_00668AA0_param_1Enum @ 00682911 (global value)	-
007ED77C	g_overwriteContext_007ED77C	/int	{/int=1099}	{}	{}	0		0	0040BC90 -> 006A5E40 parameter 1 as /int @ 0040BF39 (global value) | 0040C080 -> 006A5E40 parameter 1 as /int @ 0040C692 (global value) | 0040E0F0 -> 006A5E40 parameter 1 as /int @ 0040E891 (global value) | 0040FC40 -> 006A5E40 parameter 1 as /int @ 00410A15 (global value) | 00410DC0 -> 006A5E40 parameter 1 as /int @ 00411143 (global value) | 00411260 -> 006A5E40 parameter 1 as /int @ 0041199D (global value) | 00411E50 -> 006A5E40 parameter 1 as /int @ 004125E8 (global value) | 00412960 -> 006A5E40 parameter 1 as /int @ 00412ADD (global value) | 00413050 -> 006A5E40 parameter 1 as /int @ 0041310C (global value) | 00414980 -> 006A5E40 parameter 1 as /int @ 004149CD (global value) | 00414980 -> 006A5E40 parameter 1 as /int @ 00414A1E (global value) | 00415160 -> 006A5E40 parameter 1 as /int @ 00415488 (global value) | 00415590 -> 006A5E40 parameter 1 as /int @ 00415812 (global value) | 0041AF40 -> 006A5E40 parameter 1 as /int @ 0041AFB1 (global value) | 0041E530 -> 006A5E40 parameter 1 as /int @ 0041E99E (global value) | 0041E530 -> 006A5E40 parameter 1 as /int @ 0041E9EF (global value) | 0041E530 -> 006A5E40 parameter 1 as /int @ 0041EA5E (global value) | 0041F9B0 -> 006A5E40 parameter 1 as /int @ 0041FA23 (global value) | 0041F9B0 -> 006A5E40 parameter 1 as /int @ 0041FCDA (global value) | 0041F9B0 -> 006A5E40 parameter 1 as /int @ 0041FDEA (global value) | 0041F9B0 -> 006A5E40 parameter 1 as /int @ 0041FE05 (global value) | 0041F9B0 -> 006A5E40 parameter 1 as /int @ 0041FE49 (global value) | 0041F9B0 -> 006A5E40 parameter 1 as /int @ 0041FF0E (global value) | 0041F9B0 -> 006A5E40 parameter 1 as /int @ 0042002A (global value) | 0041F9B0 -> 006A5E40 parameter 1 as /int @ 00420045 (global value) | 00420340 -> 006A5E40 parameter 1 as /int @ 004206D3 (global value) | 00420340 -> 006A5E40 parameter 1 as /int @ 00420708 (global value) | 00423520 -> 006A5E40 parameter 1 as /int @ 004235AA (global value) | 00423660 -> 006A5E40 parameter 1 as /int @ 004236F9 (global value) | 00423850 -> 006A5E40 parameter 1 as /int @ 004238E1 (global value) | 004247B0 -> 006A5E40 parameter 1 as /int @ 0042483A (global value) | 00424E10 -> 006A5E40 parameter 1 as /int @ 00426821 (global value) | 00427F20 -> 006A5E40 parameter 1 as /int @ 00428724 (global value) | 00428E50 -> 006A5E40 parameter 1 as /int @ 00428E90 (global value) | 0042A290 -> 006A5E40 parameter 1 as /int @ 0042A3E5 (global value) | 0042ABE0 -> 006A5E40 parameter 1 as /int @ 0042AC7B (global value) | 0042B1F0 -> 006A5E40 parameter 1 as /int @ 0042B2E8 (global value) | 0042B1F0 -> 006A5E40 parameter 1 as /int @ 0042B31F (global value) | 0042BB30 -> 006A5E40 parameter 1 as /int @ 0042BB90 (global value) | 0042BB30 -> 006A5E40 parameter 1 as /int @ 0042BC95 (global value) | 0042BEA0 -> 006A5E40 parameter 1 as /int @ 0042BF22 (global value) | 0042BEA0 -> 006A5E40 parameter 1 as /int @ 0042BFCD (global value) | 0042BEA0 -> 006A5E40 parameter 1 as /int @ 0042C05B (global value) | 0042C1C0 -> 006A5E40 parameter 1 as /int @ 0042C20D (global value) | 0042C300 -> 006A5E40 parameter 1 as /int @ 0042C330 (global value) | 0042C4B0 -> 006A5E40 parameter 1 as /int @ 0042C4FD (global value) | 0042E210 -> 006A5E40 parameter 1 as /int @ 0042E29E (global value) | 0042E210 -> 006A5E40 parameter 1 as /int @ 0042E2D8 (global value) | 0042EFD0 -> 006A5E40 parameter 1 as /int @ 0042F035 (global value) | 0042EFD0 -> 006A5E40 parameter 1 as /int @ 0042F075 (global value) | 0042F140 -> 006A5E40 parameter 1 as /int @ 0042F1AA (global value) | 0042F140 -> 006A5E40 parameter 1 as /int @ 0042F1E8 (global value) | 0042F2B0 -> 006A5E40 parameter 1 as /int @ 0042F33A (global value) | 0042F2B0 -> 006A5E40 parameter 1 as /int @ 0042FF09 (global value) | 0042F2B0 -> 006A5E40 parameter 1 as /int @ 0042FF42 (global value) | 0042F2B0 -> 006A5E40 parameter 1 as /int @ 0042FF6A (global value) | 00430470 -> 006A5E40 parameter 1 as /int @ 004304C7 (global value) | 00430470 -> 006A5E40 parameter 1 as /int @ 00430535 (global value) | 00430620 -> 006A5E40 parameter 1 as /int @ 00430688 (global value) | 00430960 -> 006A5E40 parameter 1 as /int @ 004309C5 (global value) | 004314E0 -> 006A5E40 parameter 1 as /int @ 004318D4 (global value) | 004314E0 -> 006A5E40 parameter 1 as /int @ 00431903 (global value) | 004314E0 -> 006A5E40 parameter 1 as /int @ 00431958 (global value) | 004314E0 -> 006A5E40 parameter 1 as /int @ 00431A77 (global value) | 004314E0 -> 006A5E40 parameter 1 as /int @ 00431AA6 (global value) | 004314E0 -> 006A5E40 parameter 1 as /int @ 00431AFB (global value) | 004314E0 -> 006A5E40 parameter 1 as /int @ 00431EFE (global value) | 004314E0 -> 006A5E40 parameter 1 as /int @ 00431F2D (global value) | 004314E0 -> 006A5E40 parameter 1 as /int @ 00431F82 (global value) | 004314E0 -> 006A5E40 parameter 1 as /int @ 0043222B (global value) | 004314E0 -> 006A5E40 parameter 1 as /int @ 0043225A (global value) | 004314E0 -> 006A5E40 parameter 1 as /int @ 00432598 (global value) | 004314E0 -> 006A5E40 parameter 1 as /int @ 004325C6 (global value) | 004314E0 -> 006A5E40 parameter 1 as /int @ 0043261A (global value) | 004314E0 -> 006A5E40 parameter 1 as /int @ 004328C2 (global value) | 004314E0 -> 006A5E40 parameter 1 as /int @ 004328F1 (global value) | 004314E0 -> 006A5E40 parameter 1 as /int @ 00432946 (global value) | 004314E0 -> 006A5E40 parameter 1 as /int @ 00432BEF (global value) | 004314E0 -> 006A5E40 parameter 1 as /int @ 00432C1E (global value) | 004314E0 -> 006A5E40 parameter 1 as /int @ 00432ED9 (global value) | 004314E0 -> 006A5E40 parameter 1 as /int @ 00432F08 (global value) | 004314E0 -> 006A5E40 parameter 1 as /int @ 00432F5D (global value) | 004314E0 -> 006A5E40 parameter 1 as /int @ 0043307E (global value) | 004314E0 -> 006A5E40 parameter 1 as /int @ 004330AD (global value) | 004314E0 -> 006A5E40 parameter 1 as /int @ 0043350A (global value) | 00438E30 -> 006A5E40 parameter 1 as /int @ 00438E83 (global value) | 00438E30 -> 006A5E40 parameter 1 as /int @ 00438EE7 (global value) | 00439100 -> 006A5E40 parameter 1 as /int @ 00439167 (global value) | 00439100 -> 006A5E40 parameter 1 as /int @ 004391E3 (global value) | 00439100 -> 006A5E40 parameter 1 as /int @ 00439D36 (global value) | 0043EED0 -> 006A5E40 parameter 1 as /int @ 0043EF6D (global value) | 00440860 -> 006A5E40 parameter 1 as /int @ 004408B7 (global value) | 00440990 -> 006A5E40 parameter 1 as /int @ 004409E5 (global value) | 00440AA0 -> 006A5E40 parameter 1 as /int @ 00440B41 (global value) | 00440AA0 -> 006A5E40 parameter 1 as /int @ 00440B6D (global value) | 00440AA0 -> 006A5E40 parameter 1 as /int @ 00440BD5 (global value) | 00440AA0 -> 006A5E40 parameter 1 as /int @ 00440C49 (global value) | 00440AA0 -> 006A5E40 parameter 1 as /int @ 00440D49 (global value) | 00442300 -> 006A5E40 parameter 1 as /int @ 004423C4 (global value) | 00442B40 -> 006A5E40 parameter 1 as /int @ 00442BC8 (global value) | 00442E50 -> 006A5E40 parameter 1 as /int @ 00442F1A (global value) | 00442E50 -> 006A5E40 parameter 1 as /int @ 00442F8C (global value) | 00442E50 -> 006A5E40 parameter 1 as /int @ 00442FCF (global value) | 00442E50 -> 006A5E40 parameter 1 as /int @ 0044301A (global value) | 00442E50 -> 006A5E40 parameter 1 as /int @ 00443061 (global value) | 00442E50 -> 006A5E40 parameter 1 as /int @ 00443175 (global value) | 00442E50 -> 006A5E40 parameter 1 as /int @ 004431FA (global value) | 00442E50 -> 006A5E40 parameter 1 as /int @ 004432D7 (global value) | 00442E50 -> 006A5E40 parameter 1 as /int @ 00443799 (global value) | 00442E50 -> 006A5E40 parameter 1 as /int @ 00443811 (global value) | 004455C0 -> 006A5E40 parameter 1 as /int @ 0044563D (global value) | 004455C0 -> 006A5E40 parameter 1 as /int @ 00445689 (global value) | 004455C0 -> 006A5E40 parameter 1 as /int @ 004456FF (global value) | 004455C0 -> 006A5E40 parameter 1 as /int @ 00445778 (global value) | 004455C0 -> 006A5E40 parameter 1 as /int @ 004457B0 (global value) | 00445A40 -> 006A5E40 parameter 1 as /int @ 00445AC7 (global value) | 00445A40 -> 006A5E40 parameter 1 as /int @ 00445B4D (global value) | 00445A40 -> 006A5E40 parameter 1 as /int @ 00445BD5 (global value) | 00445A40 -> 006A5E40 parameter 1 as /int @ 00445D90 (global value) | 004461B0 -> 006A5E40 parameter 1 as /int @ 00446224 (global value) | 00446520 -> 006A5E40 parameter 1 as /int @ 0044658D (global value) | 00449CE0 -> 006A5E40 parameter 1 as /int @ 00449D2C (global value) | 00449CE0 -> 006A5E40 parameter 1 as /int @ 00449D74 (global value) | 00449E60 -> 006A5E40 parameter 1 as /int @ 00449ECA (global value) | 00449FD0 -> 006A5E40 parameter 1 as /int @ 0044A01C (global value) | 00449FD0 -> 006A5E40 parameter 1 as /int @ 0044A064 (global value) | 0044A150 -> 006A5E40 parameter 1 as /int @ 0044A1BD (global value) | 0044A2C0 -> 006A5E40 parameter 1 as /int @ 0044A30C (global value) | 0044A2C0 -> 006A5E40 parameter 1 as /int @ 0044A354 (global value) | 0044A440 -> 006A5E40 parameter 1 as /int @ 0044A4AA (global value) | 0044A5B0 -> 006A5E40 parameter 1 as /int @ 0044A5FC (global value) | 0044A5B0 -> 006A5E40 parameter 1 as /int @ 0044A644 (global value) | 0044A730 -> 006A5E40 parameter 1 as /int @ 0044A79A (global value) | 0044A8A0 -> 006A5E40 parameter 1 as /int @ 0044A8EC (global value) | 0044A8A0 -> 006A5E40 parameter 1 as /int @ 0044A934 (global value) | 0044AA20 -> 006A5E40 parameter 1 as /int @ 0044AA8A (global value) | 0044B280 -> 006A5E40 parameter 1 as /int @ 0044B2DF (global value) | 0044B280 -> 006A5E40 parameter 1 as /int @ 0044B327 (global value) | 0044B280 -> 006A5E40 parameter 1 as /int @ 0044B390 (global value) | 0044B280 -> 006A5E40 parameter 1 as /int @ 0044B40B (global value) | 0044C720 -> 006A5E40 parameter 1 as /int @ 0044C7B3 (global value) | 0044C720 -> 006A5E40 parameter 1 as /int @ 0044C845 (global value) | 0044C720 -> 006A5E40 parameter 1 as /int @ 0044C8D3 (global value) | 0044C720 -> 006A5E40 parameter 1 as /int @ 0044CA9E (global value) | 0044EE30 -> 006A5E40 parameter 1 as /int @ 0044F0A6 (global value) | 0044EE30 -> 006A5E40 parameter 1 as /int @ 0044FAEE (global value) | 0044EE30 -> 006A5E40 parameter 1 as /int @ 0044FDEF (global value) | 0044EE30 -> 006A5E40 parameter 1 as /int @ 0044FE3C (global value) | 0044EE30 -> 006A5E40 parameter 1 as /int @ 0044FEFE (global value) | 0044EE30 -> 006A5E40 parameter 1 as /int @ 004501F5 (global value) | 0044EE30 -> 006A5E40 parameter 1 as /int @ 00450263 (global value) | 0044EE30 -> 006A5E40 parameter 1 as /int @ 004502DB (global value) | 0044EE30 -> 006A5E40 parameter 1 as /int @ 0045036A (global value) | 0044EE30 -> 006A5E40 parameter 1 as /int @ 00450485 (global value) | 0044EE30 -> 006A5E40 parameter 1 as /int @ 00450AB2 (global value) | 0044EE30 -> 006A5E40 parameter 1 as /int @ 00450C07 (global value) | 0044EE30 -> 006A5E40 parameter 1 as /int @ 00450E2D (global value) | 0044EE30 -> 006A5E40 parameter 1 as /int @ 00451318 (global value) | 0044EE30 -> 006A5E40 parameter 1 as /int @ 0045133B (global value) | 0044EE30 -> 006A5E40 parameter 1 as /int @ 00451853 (global value) | 0044EE30 -> 006A5E40 parameter 1 as /int @ 00452350 (global value) | 0044EE30 -> 006A5E40 parameter 1 as /int @ 00452E62 (global value) | 0044EE30 -> 006A5E40 parameter 1 as /int @ 004553E6 (global value) | 0044EE30 -> 006A5E40 parameter 1 as /int @ 00455984 (global value) | 0044EE30 -> 006A5E40 parameter 1 as /int @ 00455F2C (global value) | 0044EE30 -> 006A5E40 parameter 1 as /int @ 004564BE (global value) | 0044EE30 -> 006A5E40 parameter 1 as /int @ 00456A5C (global value) | 0044EE30 -> 006A5E40 parameter 1 as /int @ 00457004 (global value) | 0044EE30 -> 006A5E40 parameter 1 as /int @ 00457596 (global value) | 0044EE30 -> 006A5E40 parameter 1 as /int @ 00457B34 (global value) | 0044EE30 -> 006A5E40 parameter 1 as /int @ 004580DC (global value) | 0044EE30 -> 006A5E40 parameter 1 as /int @ 0045866E (global value) | 0044EE30 -> 006A5E40 parameter 1 as /int @ 00458C56 (global value) | 0044EE30 -> 006A5E40 parameter 1 as /int @ 0045914D (global value) | 0044EE30 -> 006A5E40 parameter 1 as /int @ 00459302 (global value) | 0044EE30 -> 006A5E40 parameter 1 as /int @ 0045946A (global value) | 0044EE30 -> 006A5E40 parameter 1 as /int @ 004594D3 (global value) | 0044EE30 -> 006A5E40 parameter 1 as /int @ 00459531 (global value) | 0044EE30 -> 006A5E40 parameter 1 as /int @ 0045959A (global value) | 0044EE30 -> 006A5E40 parameter 1 as /int @ 00459603 (global value) | 0044EE30 -> 006A5E40 parameter 1 as /int @ 00459661 (global value) | 0044EE30 -> 006A5E40 parameter 1 as /int @ 00459710 (global value) | 0044EE30 -> 006A5E40 parameter 1 as /int @ 0045976E (global value) | 0044EE30 -> 006A5E40 parameter 1 as /int @ 004597D7 (global value) | 0044EE30 -> 006A5E40 parameter 1 as /int @ 00459840 (global value) | 0044EE30 -> 006A5E40 parameter 1 as /int @ 0045989E (global value) | 0044EE30 -> 006A5E40 parameter 1 as /int @ 00459907 (global value) | 0044EE30 -> 006A5E40 parameter 1 as /int @ 00459970 (global value) | 0044EE30 -> 006A5E40 parameter 1 as /int @ 004599CE (global value) | 0044EE30 -> 006A5E40 parameter 1 as /int @ 00459A7D (global value) | 0044EE30 -> 006A5E40 parameter 1 as /int @ 00459ADB (global value) | 0044EE30 -> 006A5E40 parameter 1 as /int @ 00459B44 (global value) | 0044EE30 -> 006A5E40 parameter 1 as /int @ 00459BAD (global value) | 0044EE30 -> 006A5E40 parameter 1 as /int @ 00459C0B (global value) | 0044EE30 -> 006A5E40 parameter 1 as /int @ 00459C74 (global value) | 0044EE30 -> 006A5E40 parameter 1 as /int @ 0045A33C (global value) | 0044EE30 -> 006A5E40 parameter 1 as /int @ 0045A981 (global value) | 0044EE30 -> 006A5E40 parameter 1 as /int @ 0045AE82 (global value) | 0044EE30 -> 006A5E40 parameter 1 as /int @ 0045AEE8 (global value) | 004608B0 -> 006A5E40 parameter 1 as /int @ 0046120E (global value) | 004653B0 -> 006A5E40 parameter 1 as /int @ 00465773 (global value) | 00465C60 -> 006A5E40 parameter 1 as /int @ 004660EE (global value) | 00465C60 -> 006A5E40 parameter 1 as /int @ 0046648A (global value) | 0046AA50 -> 006A5E40 parameter 1 as /int @ 0046AC21 (global value) | 0046B100 -> 006A5E40 parameter 1 as /int @ 0046B2C6 (global value) | 0046B100 -> 006A5E40 parameter 1 as /int @ 0046B9D1 (global value) | 0046B100 -> 006A5E40 parameter 1 as /int @ 0046BD28 (global value) | 0046B100 -> 006A5E40 parameter 1 as /int @ 0046C364 (global value) | 0046B100 -> 006A5E40 parameter 1 as /int @ 0046C433 (global value) | 0046C980 -> 006A5E40 parameter 1 as /int @ 0046CB05 (global value) | 0046C980 -> 006A5E40 parameter 1 as /int @ 0046CBF2 (global value) | 0046CF20 -> 006A5E40 parameter 1 as /int @ 0046D1F2 (global value) | 0046D450 -> 006A5E40 parameter 1 as /int @ 0046D4D3 (global value) | 0046D450 -> 006A5E40 parameter 1 as /int @ 0046D7A1 (global value) | 0046D450 -> 006A5E40 parameter 1 as /int @ 0046E18E (global value) | 0046D450 -> 006A5E40 parameter 1 as /int @ 0046E78B (global value) | 0046D450 -> 006A5E40 parameter 1 as /int @ 0046E868 (global value) | 0046EFD0 -> 006A5E40 parameter 1 as /int @ 0046F14F (global value) | 0046F5C0 -> 006A5E40 parameter 1 as /int @ 0046F90B (global value) | 0046F5C0 -> 006A5E40 parameter 1 as /int @ 00470199 (global value) | 0046F5C0 -> 006A5E40 parameter 1 as /int @ 00470454 (global value) | 0046F5C0 -> 006A5E40 parameter 1 as /int @ 0047080E (global value) | 0046F5C0 -> 006A5E40 parameter 1 as /int @ 00470C56 (global value) | 004714D0 -> 006A5E40 parameter 1 as /int @ 00471644 (global value) | 004714D0 -> 006A5E40 parameter 1 as /int @ 00471730 (global value) | 00471AC0 -> 006A5E40 parameter 1 as /int @ 004722D6 (global value) | 004732F0 -> 006A5E40 parameter 1 as /int @ 0047351D (global value) | 004749C0 -> 006A5E40 parameter 1 as /int @ 004750DA (global value) | 00478030 -> 006A5E40 parameter 1 as /int @ 0047849A (global value) | 00478640 -> 006A5E40 parameter 1 as /int @ 004786F6 (global value) | 00478640 -> 006A5E40 parameter 1 as /int @ 00478BFC (global value) | 00479600 -> 006A5E40 parameter 1 as /int @ 00479BB6 (global value) | 0047C050 -> 006A5E40 parameter 1 as /int @ 0047C0CF (global value) | 0047C050 -> 006A5E40 parameter 1 as /int @ 0047C4B8 (global value) | 0047DA50 -> 006A5E40 parameter 1 as /int @ 0047DDD3 (global value) | 0047DF00 -> 006A5E40 parameter 1 as /int @ 0047DF83 (global value) | 0047DF00 -> 006A5E40 parameter 1 as /int @ 0047E354 (global value) | 0047DF00 -> 006A5E40 parameter 1 as /int @ 0047EDE5 (global value) | 0047DF00 -> 006A5E40 parameter 1 as /int @ 0047F0ED (global value) | 0047DF00 -> 006A5E40 parameter 1 as /int @ 0047F208 (global value) | 00482450 -> 006A5E40 parameter 1 as /int @ 004824C4 (global value) | 00482450 -> 006A5E40 parameter 1 as /int @ 004824F7 (global value) | 004827F0 -> 006A5E40 parameter 1 as /int @ 00482865 (global value) | 004827F0 -> 006A5E40 parameter 1 as /int @ 0048288D (global value) | 004827F0 -> 006A5E40 parameter 1 as /int @ 004828C3 (global value) | 004899A0 -> 006A5E40 parameter 1 as /int @ 0048A34E (global value) | 0048CC80 -> 006A5E40 parameter 1 as /int @ 0048CD58 (global value) | 0048D130 -> 006A5E40 parameter 1 as /int @ 0048D1E5 (global value) | 00491240 -> 006A5E40 parameter 1 as /int @ 00491440 (global value) | 00491600 -> 006A5E40 parameter 1 as /int @ 004916A8 (global value) | 00491720 -> 006A5E40 parameter 1 as /int @ 00491787 (global value) | 00492390 -> 006A5E40 parameter 1 as /int @ 004923E9 (global value) | 00493340 -> 006A5E40 parameter 1 as /int @ 004933F6 (global value) | 00495980 -> 006A5E40 parameter 1 as /int @ 00495A37 (global value) | 00495980 -> 006A5E40 parameter 1 as /int @ 00495AD5 (global value) | 00495980 -> 006A5E40 parameter 1 as /int @ 00495B44 (global value) | 00499750 -> 006A5E40 parameter 1 as /int @ 004997A7 (global value) | 00499750 -> 006A5E40 parameter 1 as /int @ 00499867 (global value) | 004999C0 -> 006A5E40 parameter 1 as /int @ 00499A17 (global value) | 004999C0 -> 006A5E40 parameter 1 as /int @ 00499A3C (global value) | 00499B80 -> 006A5E40 parameter 1 as /int @ 00499BD7 (global value) | 00499DE0 -> 006A5E40 parameter 1 as /int @ 00499E4B (global value) | 00499DE0 -> 006A5E40 parameter 1 as /int @ 00499EC3 (global value) | 00499DE0 -> 006A5E40 parameter 1 as /int @ 00499FCD (global value) | 00499DE0 -> 006A5E40 parameter 1 as /int @ 0049A1F4 (global value) | 0049A620 -> 006A5E40 parameter 1 as /int @ 0049A742 (global value) | 0049A620 -> 006A5E40 parameter 1 as /int @ 0049A7E7 (global value) | 0049A940 -> 006A5E40 parameter 1 as /int @ 0049A9FF (global value) | 0049AAF0 -> 006A5E40 parameter 1 as /int @ 0049ABB3 (global value) | 0049AAF0 -> 006A5E40 parameter 1 as /int @ 0049ACCE (global value) | 0049AAF0 -> 006A5E40 parameter 1 as /int @ 0049B15F (global value) | 0049AAF0 -> 006A5E40 parameter 1 as /int @ 0049B204 (global value) | 0049B4C0 -> 006A5E40 parameter 1 as /int @ 0049B584 (global value) | 0049B4C0 -> 006A5E40 parameter 1 as /int @ 0049B676 (global value) | 0049B7D0 -> 006A5E40 parameter 1 as /int @ 0049B97A (global value) | 0049B7D0 -> 006A5E40 parameter 1 as /int @ 0049BBE2 (global value) | 0049B7D0 -> 006A5E40 parameter 1 as /int @ 0049BD30 (global value) | 0049B7D0 -> 006A5E40 parameter 1 as /int @ 0049BF66 (global value) | 0049C210 -> 006A5E40 parameter 1 as /int @ 0049C310 (global value) | 0049C210 -> 006A5E40 parameter 1 as /int @ 0049C3FF (global value) | 0049C210 -> 006A5E40 parameter 1 as /int @ 0049C54A (global value) | 0049C210 -> 006A5E40 parameter 1 as /int @ 0049C5F7 (global value) | 0049CD30 -> 006A5E40 parameter 1 as /int @ 0049CE82 (global value) | 0049CD30 -> 006A5E40 parameter 1 as /int @ 0049D055 (global value) | 0049D230 -> 006A5E40 parameter 1 as /int @ 0049D33C (global value) | 0049D230 -> 006A5E40 parameter 1 as /int @ 0049D529 (global value) | 0049D750 -> 006A5E40 parameter 1 as /int @ 0049D812 (global value) | 0049D750 -> 006A5E40 parameter 1 as /int @ 0049D8BA (global value) | 0049D750 -> 006A5E40 parameter 1 as /int @ 0049D900 (global value) | 0049DB40 -> 006A5E40 parameter 1 as /int @ 0049DCFE (global value) | 0049DB40 -> 006A5E40 parameter 1 as /int @ 0049DE13 (global value) | 0049DFA0 -> 006A5E40 parameter 1 as /int @ 0049E0D9 (global value) | 0049DFA0 -> 006A5E40 parameter 1 as /int @ 0049E266 (global value) | 0049DFA0 -> 006A5E40 parameter 1 as /int @ 0049E2E1 (global value) | 0049DFA0 -> 006A5E40 parameter 1 as /int @ 0049E33E (global value) | 0049E510 -> 006A5E40 parameter 1 as /int @ 0049E623 (global value) | 0049E510 -> 006A5E40 parameter 1 as /int @ 0049E7BA (global value) | 0049E510 -> 006A5E40 parameter 1 as /int @ 0049E82D (global value) | 0049EA00 -> 006A5E40 parameter 1 as /int @ 0049EB06 (global value) | 0049EA00 -> 006A5E40 parameter 1 as /int @ 0049EB73 (global value) | 0049EA00 -> 006A5E40 parameter 1 as /int @ 0049EBE4 (global value) | 0049ED40 -> 006A5E40 parameter 1 as /int @ 0049EE56 (global value) | 0049ED40 -> 006A5E40 parameter 1 as /int @ 0049EF2A (global value) | 0049ED40 -> 006A5E40 parameter 1 as /int @ 0049EF9B (global value) | 0049F100 -> 006A5E40 parameter 1 as /int @ 0049F224 (global value) | 0049F100 -> 006A5E40 parameter 1 as /int @ 0049F3B7 (global value) | 0049F100 -> 006A5E40 parameter 1 as /int @ 0049F48B (global value) | 0049F640 -> 006A5E40 parameter 1 as /int @ 0049F74B (global value) | 0049F640 -> 006A5E40 parameter 1 as /int @ 0049F7D1 (global value) | 0049F900 -> 006A5E40 parameter 1 as /int @ 0049FA30 (global value) | 0049F900 -> 006A5E40 parameter 1 as /int @ 0049FAB6 (global value) | 0049FBF0 -> 006A5E40 parameter 1 as /int @ 0049FD00 (global value) | 0049FBF0 -> 006A5E40 parameter 1 as /int @ 0049FE4C (global value) | 0049FBF0 -> 006A5E40 parameter 1 as /int @ 0049FEBC (global value) | 004A0040 -> 006A5E40 parameter 1 as /int @ 004A00FA (global value) | 004A0040 -> 006A5E40 parameter 1 as /int @ 004A01A5 (global value) | 004A0040 -> 006A5E40 parameter 1 as /int @ 004A0248 (global value) | 004A0040 -> 006A5E40 parameter 1 as /int @ 004A0394 (global value) | 004A0590 -> 006A5E40 parameter 1 as /int @ 004A0751 (global value) | 004A0590 -> 006A5E40 parameter 1 as /int @ 004A081D (global value) | 004A0990 -> 006A5E40 parameter 1 as /int @ 004A0AC9 (global value) | 004A0990 -> 006A5E40 parameter 1 as /int @ 004A0C54 (global value) | 004A0990 -> 006A5E40 parameter 1 as /int @ 004A0CCC (global value) | 004A0FA0 -> 006A5E40 parameter 1 as /int @ 004A1062 (global value) | 004A0FA0 -> 006A5E40 parameter 1 as /int @ 004A10FC (global value) | 004A0FA0 -> 006A5E40 parameter 1 as /int @ 004A1181 (global value) | 004A0FA0 -> 006A5E40 parameter 1 as /int @ 004A12D9 (global value) | 004A0FA0 -> 006A5E40 parameter 1 as /int @ 004A13B1 (global value) | 004A0FA0 -> 006A5E40 parameter 1 as /int @ 004A14A8 (global value) | 004A0FA0 -> 006A5E40 parameter 1 as /int @ 004A1573 (global value) | 004A0FA0 -> 006A5E40 parameter 1 as /int @ 004A1664 (global value) | 004A0FA0 -> 006A5E40 parameter 1 as /int @ 004A180A (global value) | 004A0FA0 -> 006A5E40 parameter 1 as /int @ 004A18E3 (global value) | 004A0FA0 -> 006A5E40 parameter 1 as /int @ 004A1A09 (global value) | 004A0FA0 -> 006A5E40 parameter 1 as /int @ 004A1AE0 (global value) | 004A0FA0 -> 006A5E40 parameter 1 as /int @ 004A1BE7 (global value) | 004A0FA0 -> 006A5E40 parameter 1 as /int @ 004A1CA0 (global value) | 004A0FA0 -> 006A5E40 parameter 1 as /int @ 004A1DCC (global value) | 004A0FA0 -> 006A5E40 parameter 1 as /int @ 004A1FC3 (global value) | 004A0FA0 -> 006A5E40 parameter 1 as /int @ 004A21CD (global value) | 004A0FA0 -> 006A5E40 parameter 1 as /int @ 004A22CC (global value) | 004A0FA0 -> 006A5E40 parameter 1 as /int @ 004A239A (global value) | 004A0FA0 -> 006A5E40 parameter 1 as /int @ 004A2483 (global value) | 004A0FA0 -> 006A5E40 parameter 1 as /int @ 004A2574 (global value) | 004A0FA0 -> 006A5E40 parameter 1 as /int @ 004A262F (global value) | 004A0FA0 -> 006A5E40 parameter 1 as /int @ 004A2809 (global value) | 004A0FA0 -> 006A5E40 parameter 1 as /int @ 004A2A07 (global value) | 004A0FA0 -> 006A5E40 parameter 1 as /int @ 004A2AFB (global value) | 004A3430 -> 006A5E40 parameter 1 as /int @ 004A34A7 (global value) | 004A3430 -> 006A5E40 parameter 1 as /int @ 004A3537 (global value) | 004A3430 -> 006A5E40 parameter 1 as /int @ 004A35E5 (global value) | 004A3430 -> 006A5E40 parameter 1 as /int @ 004A36E6 (global value) | 004A3430 -> 006A5E40 parameter 1 as /int @ 004A37E7 (global value) | 004A3430 -> 006A5E40 parameter 1 as /int @ 004A3850 (global value) | 004A3430 -> 006A5E40 parameter 1 as /int @ 004A389C (global value) | 004A3430 -> 006A5E40 parameter 1 as /int @ 004A3A53 (global value) | 004A3CD0 -> 006A5E40 parameter 1 as /int @ 004A3D3E (global value) | 004A3CD0 -> 006A5E40 parameter 1 as /int @ 004A3DDC (global value) | 004A3CD0 -> 006A5E40 parameter 1 as /int @ 004A3E8F (global value) | 004A3CD0 -> 006A5E40 parameter 1 as /int @ 004A3EB7 (global value) | 004A3CD0 -> 006A5E40 parameter 1 as /int @ 004A3EEE (global value) | 004A4240 -> 006A5E40 parameter 1 as /int @ 004A4346 (global value) | 004A4240 -> 006A5E40 parameter 1 as /int @ 004A443B (global value) | 004A4240 -> 006A5E40 parameter 1 as /int @ 004A44AF (global value) | 004A4240 -> 006A5E40 parameter 1 as /int @ 004A45D7 (global value) | 004A4240 -> 006A5E40 parameter 1 as /int @ 004A46B9 (global value) | 004A4240 -> 006A5E40 parameter 1 as /int @ 004A46EB (global value) | 004A4240 -> 006A5E40 parameter 1 as /int @ 004A481C (global value) | 004A4240 -> 006A5E40 parameter 1 as /int @ 004A48D4 (global value) | 004A4240 -> 006A5E40 parameter 1 as /int @ 004A4A07 (global value) | 004A4240 -> 006A5E40 parameter 1 as /int @ 004A4A94 (global value) | 004A80A0 -> 006A5E40 parameter 1 as /int @ 004A815A (global value) | 004A8340 -> 006A5E40 parameter 1 as /int @ 004A83B2 (global value) | 004A85B0 -> 006A5E40 parameter 1 as /int @ 004A8635 (global value) | 004A8690 -> 006A5E40 parameter 1 as /int @ 004A8715 (global value) | 004A87A0 -> 006A5E40 parameter 1 as /int @ 004A8825 (global value) | 004AB880 -> 006A5E40 parameter 1 as /int @ 004AB8CB (global value) | 004AB880 -> 006A5E40 parameter 1 as /int @ 004AB8F1 (global value) | 004AB880 -> 006A5E40 parameter 1 as /int @ 004AB92D (global value) | 004ABB30 -> 006A5E40 parameter 1 as /int @ 004ABB7B (global value) | 004ABB30 -> 006A5E40 parameter 1 as /int @ 004ABBA1 (global value) | 004ABF00 -> 006A5E40 parameter 1 as /int @ 004ABF4C (global value) | 004AC040 -> 006A5E40 parameter 1 as /int @ 004AC08E (global value) | 004AC040 -> 006A5E40 parameter 1 as /int @ 004AC0B7 (global value) | 004AC040 -> 006A5E40 parameter 1 as /int @ 004AC0E4 (global value) | 004AC1A0 -> 006A5E40 parameter 1 as /int @ 004AC1EE (global value) | 004AC1A0 -> 006A5E40 parameter 1 as /int @ 004AC217 (global value) | 004AC1A0 -> 006A5E40 parameter 1 as /int @ 004AC241 (global value) | 004AC1A0 -> 006A5E40 parameter 1 as /int @ 004AC269 (global value) | 004AC410 -> 006A5E40 parameter 1 as /int @ 004AC45E (global value) | 004AC410 -> 006A5E40 parameter 1 as /int @ 004AC487 (global value) | 004B33D0 -> 006A5E40 parameter 1 as /int @ 004B344E (global value) | 004B80D0 -> 006A5E40 parameter 1 as /int @ 004B8448 (global value) | 004B80D0 -> 006A5E40 parameter 1 as /int @ 004B851F (global value) | 004B80D0 -> 006A5E40 parameter 1 as /int @ 004B864F (global value) | 004B9FA0 -> 006A5E40 parameter 1 as /int @ 004BA266 (global value) | 004B9FA0 -> 006A5E40 parameter 1 as /int @ 004BAA7E (global value) | 004B9FA0 -> 006A5E40 parameter 1 as /int @ 004BAB98 (global value) | 004B9FA0 -> 006A5E40 parameter 1 as /int @ 004BAD31 (global value) | 004C6210 -> 006A5E40 parameter 1 as /int @ 004C628D (global value) | 004C6210 -> 006A5E40 parameter 1 as /int @ 004C62E4 (global value) | 004C6210 -> 006A5E40 parameter 1 as /int @ 004C632A (global value) | 004C6440 -> 006A5E40 parameter 1 as /int @ 004C664E (global value) | 004C6440 -> 006A5E40 parameter 1 as /int @ 004C6715 (global value) | 004C6BB0 -> 006A5E40 parameter 1 as /int @ 004C6C2B (global value) | 004C6D00 -> 006A5E40 parameter 1 as /int @ 004C6E11 (global value) | 004C6D00 -> 006A5E40 parameter 1 as /int @ 004C6F42 (global value) | 004C9770 -> 006A5E40 parameter 1 as /int @ 004C985B (global value) | 004C9770 -> 006A5E40 parameter 1 as /int @ 004C98BB (global value) | 004C9770 -> 006A5E40 parameter 1 as /int @ 004C991B (global value) | 004C9770 -> 006A5E40 parameter 1 as /int @ 004C99C6 (global value) | 004C9770 -> 006A5E40 parameter 1 as /int @ 004C9A26 (global value) | 004C9770 -> 006A5E40 parameter 1 as /int @ 004C9A71 (global value) | 004C9770 -> 006A5E40 parameter 1 as /int @ 004C9ABC (global value) | 004C9770 -> 006A5E40 parameter 1 as /int @ 004C9B07 (global value) | 004C9770 -> 006A5E40 parameter 1 as /int @ 004C9B72 (global value) | 004C9770 -> 006A5E40 parameter 1 as /int @ 004C9C9A (global value) | 004C9770 -> 006A5E40 parameter 1 as /int @ 004C9EDB (global value) | 004C9770 -> 006A5E40 parameter 1 as /int @ 004C9FB2 (global value) | 004C9770 -> 006A5E40 parameter 1 as /int @ 004CA02B (global value) | 004CA3C0 -> 006A5E40 parameter 1 as /int @ 004CA4D0 (global value) | 004CA3C0 -> 006A5E40 parameter 1 as /int @ 004CA620 (global value) | 004CC220 -> 006A5E40 parameter 1 as /int @ 004CC2CC (global value) | 004CC370 -> 006A5E40 parameter 1 as /int @ 004CC517 (global value) | 004D01F0 -> 006A5E40 parameter 1 as /int @ 004D025C (global value) | 004D0310 -> 006A5E40 parameter 1 as /int @ 004D0369 (global value) | 004D0310 -> 006A5E40 parameter 1 as /int @ 004D03D1 (global value) | 004D0970 -> 006A5E40 parameter 1 as /int @ 004D0A19 (global value) | 004D0A80 -> 006A5E40 parameter 1 as /int @ 004D0B07 (global value) | 004D0B90 -> 006A5E40 parameter 1 as /int @ 004D0DA4 (global value) | 004D11D0 -> 006A5E40 parameter 1 as /int @ 004D1307 (global value) | 004D11D0 -> 006A5E40 parameter 1 as /int @ 004D1917 (global value) | 004D11D0 -> 006A5E40 parameter 1 as /int @ 004D1A4C (global value) | 004D11D0 -> 006A5E40 parameter 1 as /int @ 004D1B60 (global value) | 004D11D0 -> 006A5E40 parameter 1 as /int @ 004D1BE7 (global value) | 004D11D0 -> 006A5E40 parameter 1 as /int @ 004D1CB3 (global value) | 004D11D0 -> 006A5E40 parameter 1 as /int @ 004D1D2F (global value) | 004D11D0 -> 006A5E40 parameter 1 as /int @ 004D1DAD (global value) | 004D11D0 -> 006A5E40 parameter 1 as /int @ 004D1E05 (global value) | 004D11D0 -> 006A5E40 parameter 1 as /int @ 004D1F18 (global value) | 004D11D0 -> 006A5E40 parameter 1 as /int @ 004D205A (global value) | 004D11D0 -> 006A5E40 parameter 1 as /int @ 004D216E (global value) | 004D11D0 -> 006A5E40 parameter 1 as /int @ 004D21A1 (global value) | 004D32C0 -> 006A5E40 parameter 1 as /int @ 004D33A9 (global value) | 004D32C0 -> 006A5E40 parameter 1 as /int @ 004D3515 (global value) | 004D32C0 -> 006A5E40 parameter 1 as /int @ 004D3585 (global value) | 004D32C0 -> 006A5E40 parameter 1 as /int @ 004D3671 (global value) | 004D32C0 -> 006A5E40 parameter 1 as /int @ 004D370F (global value) | 004D32C0 -> 006A5E40 parameter 1 as /int @ 004D3A48 (global value) | 004D32C0 -> 006A5E40 parameter 1 as /int @ 004D3ADA (global value) | 004D32C0 -> 006A5E40 parameter 1 as /int @ 004D3B30 (global value) | 004D32C0 -> 006A5E40 parameter 1 as /int @ 004D417F (global value) | 004D32C0 -> 006A5E40 parameter 1 as /int @ 004D41F9 (global value) | 004D32C0 -> 006A5E40 parameter 1 as /int @ 004D429A (global value) | 004D55B0 -> 006A5E40 parameter 1 as /int @ 004D57C8 (global value) | 004D55B0 -> 006A5E40 parameter 1 as /int @ 004D5992 (global value) | 004D9000 -> 006A5E40 parameter 1 as /int @ 004D9063 (global value) | 004D9000 -> 006A5E40 parameter 1 as /int @ 004D9132 (global value) | 004D9C80 -> 006A5E40 parameter 1 as /int @ 004D9CE8 (global value) | 004D9C80 -> 006A5E40 parameter 1 as /int @ 004D9DDB (global value) | 004DCE00 -> 006A5E40 parameter 1 as /int @ 004DCE68 (global value) | 004DCE00 -> 006A5E40 parameter 1 as /int @ 004DCEE3 (global value) | 004E04A0 -> 006A5E40 parameter 1 as /int @ 004E061A (global value) | 004E3880 -> 006A5E40 parameter 1 as /int @ 004E38E4 (global value) | 004E9CE0 -> 006A5E40 parameter 1 as /int @ 004E9F9B (global value) | 004E9CE0 -> 006A5E40 parameter 1 as /int @ 004EA149 (global value) | 004EAA20 -> 006A5E40 parameter 1 as /int @ 004EAA88 (global value) | 004EAA20 -> 006A5E40 parameter 1 as /int @ 004EAB6E (global value) | 004EC050 -> 006A5E40 parameter 1 as /int @ 004EC0B2 (global value) | 004EC0F0 -> 006A5E40 parameter 1 as /int @ 004EC130 (global value) | 004ECEA0 -> 006A5E40 parameter 1 as /int @ 004ECF03 (global value) | 004ECEA0 -> 006A5E40 parameter 1 as /int @ 004ECFE4 (global value) | 0052AB40 -> 006A5E40 parameter 1 as /int @ 0052ABDD (global value) | 0052AB40 -> 006A5E40 parameter 1 as /int @ 0052AD79 (global value) | 0052AB40 -> 006A5E40 parameter 1 as /int @ 0052AE54 (global value) | 0054C740 -> 006A5E40 parameter 1 as /int @ 0054C7AD (global value) | 0054CC20 -> 006A5E40 parameter 1 as /int @ 0054CC78 (global value) | 0054CC20 -> 006A5E40 parameter 1 as /int @ 0054CCB0 (global value) | 005540E0 -> 006A5E40 parameter 1 as /int @ 0055414D (global value) | 005540E0 -> 006A5E40 parameter 1 as /int @ 005542EB (global value) | 00554800 -> 006A5E40 parameter 1 as /int @ 00554924 (global value) | 0055F410 -> 006A5E40 parameter 1 as /int @ 00560C06 (global value) | 00561670 -> 006A5E40 parameter 1 as /int @ 00561C29 (global value) | 00562F50 -> 006A5E40 parameter 1 as /int @ 0056476A (global value) | 00565820 -> 006A5E40 parameter 1 as /int @ 005662C1 (global value) | 00566600 -> 006A5E40 parameter 1 as /int @ 0056675E (global value) | 00566600 -> 006A5E40 parameter 1 as /int @ 00566814 (global value) | 0056ADC0 -> 006A5E40 parameter 1 as /int @ 0056AE4F (global value) | 0056ADC0 -> 006A5E40 parameter 1 as /int @ 0056AEE5 (global value) | 0056ADC0 -> 006A5E40 parameter 1 as /int @ 0056AF35 (global value) | 0056ADC0 -> 006A5E40 parameter 1 as /int @ 0056B000 (global value) | 0056ADC0 -> 006A5E40 parameter 1 as /int @ 0056B12C (global value) | 0056ADC0 -> 006A5E40 parameter 1 as /int @ 0056B662 (global value) | 0056ADC0 -> 006A5E40 parameter 1 as /int @ 0056BD75 (global value) | 0056ADC0 -> 006A5E40 parameter 1 as /int @ 0056BE08 (global value) | 0056D740 -> 006A5E40 parameter 1 as /int @ 0056D98F (global value) | 0056FA60 -> 006A5E40 parameter 1 as /int @ 0057065B (global value) | 0056FA60 -> 006A5E40 parameter 1 as /int @ 00570775 (global value) | 005751F0 -> 006A5E40 parameter 1 as /int @ 00575257 (global value) | 00575CB0 -> 006A5E40 parameter 1 as /int @ 00575D18 (global value) | 00575CB0 -> 006A5E40 parameter 1 as /int @ 005760CF (global value) | 00575CB0 -> 006A5E40 parameter 1 as /int @ 00576226 (global value) | 00575CB0 -> 006A5E40 parameter 1 as /int @ 00576283 (global value) | 00576BB0 -> 006A5E40 parameter 1 as /int @ 00576C19 (global value) | 00577280 -> 006A5E40 parameter 1 as /int @ 005772EF (global value) | 00578630 -> 006A5E40 parameter 1 as /int @ 00578920 (global value) | 00578630 -> 006A5E40 parameter 1 as /int @ 0057898D (global value) | 00578630 -> 006A5E40 parameter 1 as /int @ 005789F9 (global value) | 00578630 -> 006A5E40 parameter 1 as /int @ 00578A5A (global value) | 00578630 -> 006A5E40 parameter 1 as /int @ 00578AC7 (global value) | 00578630 -> 006A5E40 parameter 1 as /int @ 00578B2C (global value) | 00578630 -> 006A5E40 parameter 1 as /int @ 00578B5F (global value) | 0057BF60 -> 006A5E40 parameter 1 as /int @ 0057C2B3 (global value) | 0057BF60 -> 006A5E40 parameter 1 as /int @ 0057C333 (global value) | 0057E0A0 -> 006A5E40 parameter 1 as /int @ 0057E119 (global value) | 0057E0A0 -> 006A5E40 parameter 1 as /int @ 0057E611 (global value) | 00581BF0 -> 006A5E40 parameter 1 as /int @ 00581D5D (global value) | 00581BF0 -> 006A5E40 parameter 1 as /int @ 00581E3C (global value) | 00583270 -> 006A5E40 parameter 1 as /int @ 0058364D (global value) | 00583270 -> 006A5E40 parameter 1 as /int @ 005836CC (global value) | 005859A0 -> 006A5E40 parameter 1 as /int @ 00585C23 (global value) | 00588BC0 -> 006A5E40 parameter 1 as /int @ 0058905C (global value) | 00589C10 -> 006A5E40 parameter 1 as /int @ 0058A007 (global value) | 0058C760 -> 006A5E40 parameter 1 as /int @ 0058C9E9 (global value) | 0058D7C0 -> 006A5E40 parameter 1 as /int @ 0058DAC3 (global value) | 0058E570 -> 006A5E40 parameter 1 as /int @ 0058EC3C (global value) | 005C29B0 -> 006A5E40 parameter 1 as /int @ 005C32C7 (global value) | 005C8200 -> 006A5E40 parameter 1 as /int @ 005C8346 (global value) | 005C8200 -> 006A5E40 parameter 1 as /int @ 005C84D1 (global value) | 005C8200 -> 006A5E40 parameter 1 as /int @ 005C850F (global value) | 005DE670 -> 006A5E40 parameter 1 as /int @ 005DE76F (global value) | 005DE670 -> 006A5E40 parameter 1 as /int @ 005DE79F (global value) | 005DE670 -> 006A5E40 parameter 1 as /int @ 005DE806 (global value) | 005DE670 -> 006A5E40 parameter 1 as /int @ 005DE835 (global value) | 005DE670 -> 006A5E40 parameter 1 as /int @ 005DE86D (global value) | 005DE670 -> 006A5E40 parameter 1 as /int @ 005DE8B4 (global value) | 005DE670 -> 006A5E40 parameter 1 as /int @ 005DE8F5 (global value) | 005DE670 -> 006A5E40 parameter 1 as /int @ 005DE92B (global value) | 005DE670 -> 006A5E40 parameter 1 as /int @ 005DE969 (global value) | 005DEB90 -> 006A5E40 parameter 1 as /int @ 005DED57 (global value) | 005DEB90 -> 006A5E40 parameter 1 as /int @ 005DED83 (global value) | 005DEB90 -> 006A5E40 parameter 1 as /int @ 005DEDC7 (global value) | 005DEB90 -> 006A5E40 parameter 1 as /int @ 005DEE3A (global value) | 005DEB90 -> 006A5E40 parameter 1 as /int @ 005DEE66 (global value) | 005DEB90 -> 006A5E40 parameter 1 as /int @ 005DEEAF (global value) | 005E3E80 -> 006A5E40 parameter 1 as /int @ 005E3EF5 (global value) | 005FDB50 -> 006A5E40 parameter 1 as /int @ 005FE0F1 (global value) | 006051B0 -> 006A5E40 parameter 1 as /int @ 00605327 (global value) | 006051B0 -> 006A5E40 parameter 1 as /int @ 00605372 (global value) | 006132F0 -> 006A5E40 parameter 1 as /int @ 00613399 (global value) | 0062F3B0 -> 006A5E40 parameter 1 as /int @ 0062F4F5 (global value) | 006406D0 -> 006A5E40 parameter 1 as /int @ 00640A59 (global value) | 006406D0 -> 006A5E40 parameter 1 as /int @ 00640D5A (global value) | 006406D0 -> 006A5E40 parameter 1 as /int @ 0064115F (global value) | 006406D0 -> 006A5E40 parameter 1 as /int @ 00641227 (global value) | 006406D0 -> 006A5E40 parameter 1 as /int @ 006425BD (global value) | 006406D0 -> 006A5E40 parameter 1 as /int @ 00642648 (global value) | 006406D0 -> 006A5E40 parameter 1 as /int @ 00642682 (global value) | 006406D0 -> 006A5E40 parameter 1 as /int @ 006426C0 (global value) | 006406D0 -> 006A5E40 parameter 1 as /int @ 00642716 (global value) | 006406D0 -> 006A5E40 parameter 1 as /int @ 00642CB0 (global value) | 00645020 -> 006A5E40 parameter 1 as /int @ 0064507E (global value) | 006452A0 -> 006A5E40 parameter 1 as /int @ 0064536C (global value) | 00648030 -> 006A5E40 parameter 1 as /int @ 006480CA (global value) | 00648780 -> 006A5E40 parameter 1 as /int @ 006487D8 (global value) | 006488C0 -> 006A5E40 parameter 1 as /int @ 00648922 (global value) | 00648AB0 -> 006A5E40 parameter 1 as /int @ 00648B02 (global value) | 00648C10 -> 006A5E40 parameter 1 as /int @ 00648C83 (global value) | 00648E70 -> 006A5E40 parameter 1 as /int @ 00648EC9 (global value) | 00648FE0 -> 006A5E40 parameter 1 as /int @ 00649036 (global value) | 006494C0 -> 006A5E40 parameter 1 as /int @ 0064967C (global value) | 00649790 -> 006A5E40 parameter 1 as /int @ 0064994C (global value) | 00649A60 -> 006A5E40 parameter 1 as /int @ 00649ABC (global value) | 00649B90 -> 006A5E40 parameter 1 as /int @ 00649D8D (global value) | 0064A6F0 -> 006A5E40 parameter 1 as /int @ 0064A732 (global value) | 0064A970 -> 006A5E40 parameter 1 as /int @ 0064AA0F (global value) | 0064A970 -> 006A5E40 parameter 1 as /int @ 0064AA38 (global value) | 0064A970 -> 006A5E40 parameter 1 as /int @ 0064AA85 (global value) | 0064A970 -> 006A5E40 parameter 1 as /int @ 0064AB19 (global value) | 0064A970 -> 006A5E40 parameter 1 as /int @ 0064AD82 (global value) | 0064A970 -> 006A5E40 parameter 1 as /int @ 0064AE08 (global value) | 0064A970 -> 006A5E40 parameter 1 as /int @ 0064AEDC (global value) | 0064A970 -> 006A5E40 parameter 1 as /int @ 0064AF24 (global value) | 0064A970 -> 006A5E40 parameter 1 as /int @ 0064AFD1 (global value) | 0064A970 -> 006A5E40 parameter 1 as /int @ 0064B060 (global value) | 0064A970 -> 006A5E40 parameter 1 as /int @ 0064B0C8 (global value) | 0064A970 -> 006A5E40 parameter 1 as /int @ 0064B247 (global value) | 0064A970 -> 006A5E40 parameter 1 as /int @ 0064B28C (global value) | 0064A970 -> 006A5E40 parameter 1 as /int @ 0064B31F (global value) | 0064A970 -> 006A5E40 parameter 1 as /int @ 0064B347 (global value) | 0064A970 -> 006A5E40 parameter 1 as /int @ 0064B36A (global value) | 0064A970 -> 006A5E40 parameter 1 as /int @ 0064B47D (global value) | 0064A970 -> 006A5E40 parameter 1 as /int @ 0064B533 (global value) | 0064A970 -> 006A5E40 parameter 1 as /int @ 0064B5E0 (global value) | 0064A970 -> 006A5E40 parameter 1 as /int @ 0064B64A (global value) | 0064A970 -> 006A5E40 parameter 1 as /int @ 0064B6D7 (global value) | 0064A970 -> 006A5E40 parameter 1 as /int @ 0064B7D3 (global value) | 0064A970 -> 006A5E40 parameter 1 as /int @ 0064B87B (global value) | 0064A970 -> 006A5E40 parameter 1 as /int @ 0064B8E2 (global value) | 0064A970 -> 006A5E40 parameter 1 as /int @ 0064B973 (global value) | 0064A970 -> 006A5E40 parameter 1 as /int @ 0064BA26 (global value) | 0064A970 -> 006A5E40 parameter 1 as /int @ 0064BA94 (global value) | 0064A970 -> 006A5E40 parameter 1 as /int @ 0064BAD8 (global value) | 0064A970 -> 006A5E40 parameter 1 as /int @ 0064BB0B (global value) | 0064A970 -> 006A5E40 parameter 1 as /int @ 0064BB45 (global value) | 0064A970 -> 006A5E40 parameter 1 as /int @ 0064BC07 (global value) | 0064A970 -> 006A5E40 parameter 1 as /int @ 0064BC8A (global value) | 0064A970 -> 006A5E40 parameter 1 as /int @ 0064BD24 (global value) | 0064A970 -> 006A5E40 parameter 1 as /int @ 0064BDBF (global value) | 0064A970 -> 006A5E40 parameter 1 as /int @ 0064BE08 (global value) | 0064A970 -> 006A5E40 parameter 1 as /int @ 0064BE2F (global value) | 0064A970 -> 006A5E40 parameter 1 as /int @ 0064BEF7 (global value) | 0064A970 -> 006A5E40 parameter 1 as /int @ 0064BFDE (global value) | 0064A970 -> 006A5E40 parameter 1 as /int @ 0064C0BD (global value) | 0064A970 -> 006A5E40 parameter 1 as /int @ 0064C110 (global value) | 0064A970 -> 006A5E40 parameter 1 as /int @ 0064C196 (global value) | 0064A970 -> 006A5E40 parameter 1 as /int @ 0064C1E8 (global value) | 0064A970 -> 006A5E40 parameter 1 as /int @ 0064C2A4 (global value) | 0064E300 -> 006A5E40 parameter 1 as /int @ 0064E447 (global value) | 0065D760 -> 006A5E40 parameter 1 as /int @ 0065D7FF (global value) | 00660180 -> 006A5E40 parameter 1 as /int @ 006602C0 (global value) | 00667D90 -> 006A5E40 parameter 1 as /int @ 00667E2B (global value) | 0066ACC0 -> 006A5E40 parameter 1 as /int @ 0066AD60 (global value) | 0066ACC0 -> 006A5E40 parameter 1 as /int @ 0066AE2D (global value) | 0066ACC0 -> 006A5E40 parameter 1 as /int @ 0066AEB5 (global value) | 0066ACC0 -> 006A5E40 parameter 1 as /int @ 0066AFFE (global value) | 0066ACC0 -> 006A5E40 parameter 1 as /int @ 0066B076 (global value) | 0066ACC0 -> 006A5E40 parameter 1 as /int @ 0066B0EC (global value) | 0066ACC0 -> 006A5E40 parameter 1 as /int @ 0066B1FD (global value) | 0066ACC0 -> 006A5E40 parameter 1 as /int @ 0066B26B (global value) | 0066ACC0 -> 006A5E40 parameter 1 as /int @ 0066B2D3 (global value) | 0066ACC0 -> 006A5E40 parameter 1 as /int @ 0066B364 (global value) | 0066ACC0 -> 006A5E40 parameter 1 as /int @ 0066B3CA (global value) | 0066ACC0 -> 006A5E40 parameter 1 as /int @ 0066B435 (global value) | 0066ACC0 -> 006A5E40 parameter 1 as /int @ 0066B49C (global value) | 0066ACC0 -> 006A5E40 parameter 1 as /int @ 0066B514 (global value) | 0066ACC0 -> 006A5E40 parameter 1 as /int @ 0066B5CA (global value) | 0066ACC0 -> 006A5E40 parameter 1 as /int @ 0066B64C (global value) | 0066ACC0 -> 006A5E40 parameter 1 as /int @ 0066B761 (global value) | 0066ACC0 -> 006A5E40 parameter 1 as /int @ 0066B8AA (global value) | 0066ACC0 -> 006A5E40 parameter 1 as /int @ 0066B922 (global value) | 0066ACC0 -> 006A5E40 parameter 1 as /int @ 0066B978 (global value) | 0066ACC0 -> 006A5E40 parameter 1 as /int @ 0066BA5F (global value) | 0066ACC0 -> 006A5E40 parameter 1 as /int @ 0066BAD7 (global value) | 0066ACC0 -> 006A5E40 parameter 1 as /int @ 0066BB2D (global value) | 0066ACC0 -> 006A5E40 parameter 1 as /int @ 0066BBBC (global value) | 0066ACC0 -> 006A5E40 parameter 1 as /int @ 0066BC54 (global value) | 0066ACC0 -> 006A5E40 parameter 1 as /int @ 0066BCA9 (global value) | 0066ACC0 -> 006A5E40 parameter 1 as /int @ 0066BD05 (global value) | 0066ACC0 -> 006A5E40 parameter 1 as /int @ 0066BE50 (global value) | 0066ACC0 -> 006A5E40 parameter 1 as /int @ 0066BEC8 (global value) | 0066ACC0 -> 006A5E40 parameter 1 as /int @ 0066BF81 (global value) | 0066ACC0 -> 006A5E40 parameter 1 as /int @ 0066C076 (global value) | 0066ACC0 -> 006A5E40 parameter 1 as /int @ 0066C0EE (global value) | 0066ACC0 -> 006A5E40 parameter 1 as /int @ 0066C144 (global value) | 0066ACC0 -> 006A5E40 parameter 1 as /int @ 0066C1D3 (global value) | 0066ACC0 -> 006A5E40 parameter 1 as /int @ 0066C24B (global value) | 0066ACC0 -> 006A5E40 parameter 1 as /int @ 0066C2A1 (global value) | 0066ACC0 -> 006A5E40 parameter 1 as /int @ 0066C338 (global value) | 0066ACC0 -> 006A5E40 parameter 1 as /int @ 0066C3A7 (global value) | 0066ACC0 -> 006A5E40 parameter 1 as /int @ 0066C4E0 (global value) | 0066ACC0 -> 006A5E40 parameter 1 as /int @ 0066C54F (global value) | 0066ACC0 -> 006A5E40 parameter 1 as /int @ 0066C67A (global value) | 0066ACC0 -> 006A5E40 parameter 1 as /int @ 0066C6D3 (global value) | 0066ACC0 -> 006A5E40 parameter 1 as /int @ 0066C733 (global value) | 0066ACC0 -> 006A5E40 parameter 1 as /int @ 0066C7A2 (global value) | 0066ACC0 -> 006A5E40 parameter 1 as /int @ 0066C8DC (global value) | 0066ACC0 -> 006A5E40 parameter 1 as /int @ 0066C94B (global value) | 0066ACC0 -> 006A5E40 parameter 1 as /int @ 0066CB59 (global value) | 0066ACC0 -> 006A5E40 parameter 1 as /int @ 0066CBC8 (global value) | 0066ACC0 -> 006A5E40 parameter 1 as /int @ 0066CDD6 (global value) | 0066ACC0 -> 006A5E40 parameter 1 as /int @ 0066CE45 (global value) | 0066ACC0 -> 006A5E40 parameter 1 as /int @ 0066D056 (global value) | 0066ACC0 -> 006A5E40 parameter 1 as /int @ 0066D0C5 (global value) | 0066ACC0 -> 006A5E40 parameter 1 as /int @ 0066D178 (global value) | 0066ACC0 -> 006A5E40 parameter 1 as /int @ 0066D242 (global value) | 0066ACC0 -> 006A5E40 parameter 1 as /int @ 0066D29A (global value) | 0066ACC0 -> 006A5E40 parameter 1 as /int @ 0066D2FB (global value) | 0066ACC0 -> 006A5E40 parameter 1 as /int @ 0066D369 (global value) | 0066ACC0 -> 006A5E40 parameter 1 as /int @ 0066D4B9 (global value) | 0066ACC0 -> 006A5E40 parameter 1 as /int @ 0066D531 (global value) | 0066ACC0 -> 006A5E40 parameter 1 as /int @ 0066D587 (global value) | 0066ACC0 -> 006A5E40 parameter 1 as /int @ 0066D627 (global value) | 0066ACC0 -> 006A5E40 parameter 1 as /int @ 0066D737 (global value) | 0066ACC0 -> 006A5E40 parameter 1 as /int @ 0066D803 (global value) | 0066ACC0 -> 006A5E40 parameter 1 as /int @ 0066D85B (global value) | 0066ACC0 -> 006A5E40 parameter 1 as /int @ 0066D8BC (global value) | 0066ACC0 -> 006A5E40 parameter 1 as /int @ 0066D92A (global value) | 0066ACC0 -> 006A5E40 parameter 1 as /int @ 0066DA46 (global value) | 0066ACC0 -> 006A5E40 parameter 1 as /int @ 0066DA91 (global value) | 0066ACC0 -> 006A5E40 parameter 1 as /int @ 0066DAF2 (global value) | 0066ACC0 -> 006A5E40 parameter 1 as /int @ 0066DBBA (global value) | 0066ACC0 -> 006A5E40 parameter 1 as /int @ 0066DC05 (global value) | 0066ACC0 -> 006A5E40 parameter 1 as /int @ 0066DC65 (global value) | 0066ACC0 -> 006A5E40 parameter 1 as /int @ 0066DD4F (global value) | 0066ACC0 -> 006A5E40 parameter 1 as /int @ 0066DDA7 (global value) | 0066ACC0 -> 006A5E40 parameter 1 as /int @ 0066DE08 (global value) | 0066ACC0 -> 006A5E40 parameter 1 as /int @ 0066DE76 (global value) | 0066ACC0 -> 006A5E40 parameter 1 as /int @ 0066DFCA (global value) | 0066ACC0 -> 006A5E40 parameter 1 as /int @ 0066E1FC (global value) | 0066ACC0 -> 006A5E40 parameter 1 as /int @ 0066E253 (global value) | 0066ACC0 -> 006A5E40 parameter 1 as /int @ 0066E29E (global value) | 0066ACC0 -> 006A5E40 parameter 1 as /int @ 0066E2FE (global value) | 0066ACC0 -> 006A5E40 parameter 1 as /int @ 0066E36D (global value) | 0066ACC0 -> 006A5E40 parameter 1 as /int @ 0066E4D7 (global value) | 0066ACC0 -> 006A5E40 parameter 1 as /int @ 0066E52E (global value) | 0066ACC0 -> 006A5E40 parameter 1 as /int @ 0066E579 (global value) | 0066ACC0 -> 006A5E40 parameter 1 as /int @ 0066E5D9 (global value) | 0066ACC0 -> 006A5E40 parameter 1 as /int @ 0066E648 (global value) | 0066ACC0 -> 006A5E40 parameter 1 as /int @ 0066E7A9 (global value) | 0066ACC0 -> 006A5E40 parameter 1 as /int @ 0066E800 (global value) | 0066ACC0 -> 006A5E40 parameter 1 as /int @ 0066E861 (global value) | 0066ACC0 -> 006A5E40 parameter 1 as /int @ 0066E9B9 (global value) | 0066ACC0 -> 006A5E40 parameter 1 as /int @ 0066EA1A (global value) | 0066ACC0 -> 006A5E40 parameter 1 as /int @ 0066EB72 (global value) | 0066ACC0 -> 006A5E40 parameter 1 as /int @ 0066EBBD (global value) | 0066ACC0 -> 006A5E40 parameter 1 as /int @ 0066EC1D (global value) | 0066ACC0 -> 006A5E40 parameter 1 as /int @ 0066EC8C (global value) | 0066ACC0 -> 006A5E40 parameter 1 as /int @ 0066EDEF (global value) | 0066ACC0 -> 006A5E40 parameter 1 as /int @ 0066EE5C (global value) | 0066ACC0 -> 006A5E40 parameter 1 as /int @ 0066EECB (global value) | 0066ACC0 -> 006A5E40 parameter 1 as /int @ 0066EF80 (global value) | 0066ACC0 -> 006A5E40 parameter 1 as /int @ 0066EFEE (global value) | 0066ACC0 -> 006A5E40 parameter 1 as /int @ 0066F074 (global value) | 0066ACC0 -> 006A5E40 parameter 1 as /int @ 0066F0C5 (global value) | 0066ACC0 -> 006A5E40 parameter 1 as /int @ 0066F1FA (global value) | 0066ACC0 -> 006A5E40 parameter 1 as /int @ 0066F268 (global value) | 0066ACC0 -> 006A5E40 parameter 1 as /int @ 0066F2DE (global value) | 0066ACC0 -> 006A5E40 parameter 1 as /int @ 0066F32F (global value) | 0066ACC0 -> 006A5E40 parameter 1 as /int @ 0066F3B8 (global value) | 0066ACC0 -> 006A5E40 parameter 1 as /int @ 0066F426 (global value) | 0066ACC0 -> 006A5E40 parameter 1 as /int @ 0066F48E (global value) | 0066ACC0 -> 006A5E40 parameter 1 as /int @ 0066F504 (global value) | 0066ACC0 -> 006A5E40 parameter 1 as /int @ 0066F57E (global value) | 0066ACC0 -> 006A5E40 parameter 1 as /int @ 0066F5CA (global value) | 0066ACC0 -> 006A5E40 parameter 1 as /int @ 0066F62F (global value) | 0066ACC0 -> 006A5E40 parameter 1 as /int @ 0066F68F (global value) | 0066ACC0 -> 006A5E40 parameter 1 as /int @ 0066F707 (global value) | 0066ACC0 -> 006A5E40 parameter 1 as /int @ 0066F75D (global value) | 0066ACC0 -> 006A5E40 parameter 1 as /int @ 0066F7F7 (global value) | 0066ACC0 -> 006A5E40 parameter 1 as /int @ 0066F869 (global value) | 0066ACC0 -> 006A5E40 parameter 1 as /int @ 0066F8BF (global value) | 0066ACC0 -> 006A5E40 parameter 1 as /int @ 0066F971 (global value) | 0066ACC0 -> 006A5E40 parameter 1 as /int @ 0066F9E3 (global value) | 0066ACC0 -> 006A5E40 parameter 1 as /int @ 0066FA39 (global value) | 0066ACC0 -> 006A5E40 parameter 1 as /int @ 0066FAD1 (global value) | 0066ACC0 -> 006A5E40 parameter 1 as /int @ 0066FB43 (global value) | 0066ACC0 -> 006A5E40 parameter 1 as /int @ 0066FB99 (global value) | 0066ACC0 -> 006A5E40 parameter 1 as /int @ 0066FC47 (global value) | 0066ACC0 -> 006A5E40 parameter 1 as /int @ 0066FCA0 (global value) | 0066ACC0 -> 006A5E40 parameter 1 as /int @ 0066FD01 (global value) | 0066ACC0 -> 006A5E40 parameter 1 as /int @ 0066FD79 (global value) | 0066ACC0 -> 006A5E40 parameter 1 as /int @ 0066FDCF (global value) | 0066ACC0 -> 006A5E40 parameter 1 as /int @ 0066FEC0 (global value) | 0066ACC0 -> 006A5E40 parameter 1 as /int @ 0066FF19 (global value) | 0066ACC0 -> 006A5E40 parameter 1 as /int @ 0066FF7D (global value) | 0066ACC0 -> 006A5E40 parameter 1 as /int @ 0066FFD3 (global value) | 0066ACC0 -> 006A5E40 parameter 1 as /int @ 006700DF (global value) | 0066ACC0 -> 006A5E40 parameter 1 as /int @ 00670156 (global value) | 0066ACC0 -> 006A5E40 parameter 1 as /int @ 006701AB (global value) | 0066ACC0 -> 006A5E40 parameter 1 as /int @ 006702B5 (global value) | 0066ACC0 -> 006A5E40 parameter 1 as /int @ 0067032D (global value) | 0066ACC0 -> 006A5E40 parameter 1 as /int @ 00670383 (global value) | 0066ACC0 -> 006A5E40 parameter 1 as /int @ 00670420 (global value) | 0066ACC0 -> 006A5E40 parameter 1 as /int @ 00670489 (global value) | 00671F10 -> 006A5E40 parameter 1 as /int @ 00671FD3 (global value) | 00671F10 -> 006A5E40 parameter 1 as /int @ 00672097 (global value) | 00671F10 -> 006A5E40 parameter 1 as /int @ 006720BB (global value) | 00671F10 -> 006A5E40 parameter 1 as /int @ 006720E6 (global value) | 00671F10 -> 006A5E40 parameter 1 as /int @ 0067219F (global value) | 00671F10 -> 006A5E40 parameter 1 as /int @ 006721CF (global value) | 00671F10 -> 006A5E40 parameter 1 as /int @ 00672270 (global value) | 00671F10 -> 006A5E40 parameter 1 as /int @ 006722A3 (global value) | 00672440 -> 006A5E40 parameter 1 as /int @ 0067252A (global value) | 00672440 -> 006A5E40 parameter 1 as /int @ 0067257B (global value) | 00672440 -> 006A5E40 parameter 1 as /int @ 006725CD (global value) | 00672440 -> 006A5E40 parameter 1 as /int @ 00672610 (global value) | 00672440 -> 006A5E40 parameter 1 as /int @ 00672696 (global value) | 00672440 -> 006A5E40 parameter 1 as /int @ 006726E5 (global value) | 00672440 -> 006A5E40 parameter 1 as /int @ 0067272E (global value) | 00672440 -> 006A5E40 parameter 1 as /int @ 0067276F (global value) | 00672440 -> 006A5E40 parameter 1 as /int @ 006727AB (global value) | 00672B60 -> 006A5E40 parameter 1 as /int @ 00672CAF (global value) | 00676D80 -> 006A5E40 parameter 1 as /int @ 0067709B (global value) | 00677960 -> 006A5E40 parameter 1 as /int @ 006779B4 (global value) | 00677BE0 -> 006A5E40 parameter 1 as /int @ 00677C35 (global value) | 00677F40 -> 006A5E40 parameter 1 as /int @ 00677F94 (global value) | 00678240 -> 006A5E40 parameter 1 as /int @ 006782B5 (global value) | 006785A0 -> 006A5E40 parameter 1 as /int @ 00678606 (global value) | 00679470 -> 006A5E40 parameter 1 as /int @ 006794C4 (global value) | 0067C7E0 -> 006A5E40 parameter 1 as /int @ 0067C8FB (global value) | 0067D880 -> 006A5E40 parameter 1 as /int @ 0067D8DB (global value) | 0067D9C0 -> 006A5E40 parameter 1 as /int @ 0067DA22 (global value) | 0067DB30 -> 006A5E40 parameter 1 as /int @ 0067DB7D (global value) | 0067DC20 -> 006A5E40 parameter 1 as /int @ 0067DC85 (global value) | 0067DEC0 -> 006A5E40 parameter 1 as /int @ 0067DF0C (global value) | 0067DFD0 -> 006A5E40 parameter 1 as /int @ 0067E01C (global value) | 0067E0E0 -> 006A5E40 parameter 1 as /int @ 0067E139 (global value) | 0067E200 -> 006A5E40 parameter 1 as /int @ 0067E259 (global value) | 0067E320 -> 006A5E40 parameter 1 as /int @ 0067E37A (global value) | 0067E580 -> 006A5E40 parameter 1 as /int @ 0067E5C7 (global value) | 0067E6B0 -> 006A5E40 parameter 1 as /int @ 0067E6F7 (global value) | 0067E7E0 -> 006A5E40 parameter 1 as /int @ 0067E84E (global value) | 0067F1D0 -> 006A5E40 parameter 1 as /int @ 0067F22B (global value) | 0067F2B0 -> 006A5E40 parameter 1 as /int @ 0067F335 (global value) | 0067F2B0 -> 006A5E40 parameter 1 as /int @ 0067F375 (global value) | 0067F2B0 -> 006A5E40 parameter 1 as /int @ 0067F3C2 (global value) | 0067F5E0 -> 006A5E40 parameter 1 as /int @ 0067F6B5 (global value) | 0067F950 -> 006A5E40 parameter 1 as /int @ 0067FA25 (global value) | 0067FD20 -> 006A5E40 parameter 1 as /int @ 0067FD89 (global value) | 0067FDF0 -> 006A5E40 parameter 1 as /int @ 0067FE80 (global value) | 00680890 -> 006A5E40 parameter 1 as /int @ 006808C8 (global value) | 006823E0 -> 006A5E40 parameter 1 as /int @ 006824CA (global value) | 006823E0 -> 006A5E40 parameter 1 as /int @ 00682505 (global value) | 006823E0 -> 006A5E40 parameter 1 as /int @ 00682535 (global value) | 006823E0 -> 006A5E40 parameter 1 as /int @ 0068256F (global value) | 006823E0 -> 006A5E40 parameter 1 as /int @ 006825AC (global value) | 006823E0 -> 006A5E40 parameter 1 as /int @ 00682604 (global value) | 006827A0 -> 006A5E40 parameter 1 as /int @ 006827BB (global value) | 006827A0 -> 006A5E40 parameter 1 as /int @ 006827DC (global value) | 00682850 -> 006A5E40 parameter 1 as /int @ 006828D0 (global value) | 00682D70 -> 006A5E40 parameter 1 as /int @ 00682DA4 (global value) | 006836C0 -> 006A5E40 parameter 1 as /int @ 006836E6 (global value) | 00683780 -> 006A5E40 parameter 1 as /int @ 006837AF (global value) | 00683780 -> 006A5E40 parameter 1 as /int @ 0068381A (global value) | 006838B0 -> 006A5E40 parameter 1 as /int @ 006838E9 (global value) | 006838B0 -> 006A5E40 parameter 1 as /int @ 00683915 (global value) | 006839D0 -> 006A5E40 parameter 1 as /int @ 00683A08 (global value) | 006839D0 -> 006A5E40 parameter 1 as /int @ 00683B3E (global value) | 00683C70 -> 006A5E40 parameter 1 as /int @ 00683D12 (global value) | 00683C70 -> 006A5E40 parameter 1 as /int @ 00683E0E (global value) | 00683C70 -> 006A5E40 parameter 1 as /int @ 00683E39 (global value) | 00683C70 -> 006A5E40 parameter 1 as /int @ 00683E6A (global value) | 00683C70 -> 006A5E40 parameter 1 as /int @ 00683E9A (global value) | 00683C70 -> 006A5E40 parameter 1 as /int @ 00683ECA (global value) | 00683C70 -> 006A5E40 parameter 1 as /int @ 00683EFA (global value) | 00683C70 -> 006A5E40 parameter 1 as /int @ 00683F29 (global value) | 00683C70 -> 006A5E40 parameter 1 as /int @ 00683FB4 (global value) | 00683C70 -> 006A5E40 parameter 1 as /int @ 00683FEF (global value) | 00683C70 -> 006A5E40 parameter 1 as /int @ 00684016 (global value) | 00683C70 -> 006A5E40 parameter 1 as /int @ 0068416F (global value) | 00683C70 -> 006A5E40 parameter 1 as /int @ 006841ED (global value) | 00683C70 -> 006A5E40 parameter 1 as /int @ 00684271 (global value) | 00683C70 -> 006A5E40 parameter 1 as /int @ 00684426 (global value) | 00683C70 -> 006A5E40 parameter 1 as /int @ 0068448B (global value) | 00683C70 -> 006A5E40 parameter 1 as /int @ 006844EE (global value) | 00683C70 -> 006A5E40 parameter 1 as /int @ 0068454F (global value) | 00683C70 -> 006A5E40 parameter 1 as /int @ 006845A1 (global value) | 00683C70 -> 006A5E40 parameter 1 as /int @ 0068460F (global value) | 00683C70 -> 006A5E40 parameter 1 as /int @ 00684632 (global value) | 00683C70 -> 006A5E40 parameter 1 as /int @ 006846D7 (global value) | 00683C70 -> 006A5E40 parameter 1 as /int @ 006846FA (global value) | 00683C70 -> 006A5E40 parameter 1 as /int @ 00684785 (global value) | 00683C70 -> 006A5E40 parameter 1 as /int @ 006847C8 (global value) | 00683C70 -> 006A5E40 parameter 1 as /int @ 006847EB (global value) | 00683C70 -> 006A5E40 parameter 1 as /int @ 006848A7 (global value) | 00683C70 -> 006A5E40 parameter 1 as /int @ 006848FF (global value) | 00683C70 -> 006A5E40 parameter 1 as /int @ 00684925 (global value) | 00683C70 -> 006A5E40 parameter 1 as /int @ 006849B5 (global value) | 00683C70 -> 006A5E40 parameter 1 as /int @ 006849D7 (global value) | 00683C70 -> 006A5E40 parameter 1 as /int @ 00684AFF (global value) | 00683C70 -> 006A5E40 parameter 1 as /int @ 00684CD3 (global value) | 00683C70 -> 006A5E40 parameter 1 as /int @ 00684D52 (global value) | 00683C70 -> 006A5E40 parameter 1 as /int @ 00684EC6 (global value) | 00683C70 -> 006A5E40 parameter 1 as /int @ 00684F7A (global value) | 00683C70 -> 006A5E40 parameter 1 as /int @ 00685051 (global value) | 00683C70 -> 006A5E40 parameter 1 as /int @ 006850AE (global value) | 00683C70 -> 006A5E40 parameter 1 as /int @ 006850D1 (global value) | 00683C70 -> 006A5E40 parameter 1 as /int @ 006852F5 (global value) | 00683C70 -> 006A5E40 parameter 1 as /int @ 00685658 (global value) | 00683C70 -> 006A5E40 parameter 1 as /int @ 0068570B (global value) | 00683C70 -> 006A5E40 parameter 1 as /int @ 0068578B (global value) | 00683C70 -> 006A5E40 parameter 1 as /int @ 00685826 (global value) | 00683C70 -> 006A5E40 parameter 1 as /int @ 006858DD (global value) | 00683C70 -> 006A5E40 parameter 1 as /int @ 00685A6F (global value) | 00683C70 -> 006A5E40 parameter 1 as /int @ 00685AE2 (global value) | 00683C70 -> 006A5E40 parameter 1 as /int @ 00685C0B (global value) | 00683C70 -> 006A5E40 parameter 1 as /int @ 00685C7C (global value) | 00683C70 -> 006A5E40 parameter 1 as /int @ 00685D14 (global value) | 00683C70 -> 006A5E40 parameter 1 as /int @ 00685DBE (global value) | 00683C70 -> 006A5E40 parameter 1 as /int @ 00685E62 (global value) | 00683C70 -> 006A5E40 parameter 1 as /int @ 00685EB8 (global value) | 00683C70 -> 006A5E40 parameter 1 as /int @ 00686014 (global value) | 00683C70 -> 006A5E40 parameter 1 as /int @ 00686125 (global value) | 00683C70 -> 006A5E40 parameter 1 as /int @ 0068626A (global value) | 00683C70 -> 006A5E40 parameter 1 as /int @ 006862D2 (global value) | 00683C70 -> 006A5E40 parameter 1 as /int @ 0068630C (global value) | 00683C70 -> 006A5E40 parameter 1 as /int @ 006863B4 (global value) | 00683C70 -> 006A5E40 parameter 1 as /int @ 006864D9 (global value) | 00683C70 -> 006A5E40 parameter 1 as /int @ 0068656B (global value) | 00683C70 -> 006A5E40 parameter 1 as /int @ 0068676A (global value) | 00683C70 -> 006A5E40 parameter 1 as /int @ 00686859 (global value) | 00683C70 -> 006A5E40 parameter 1 as /int @ 00686949 (global value) | 00683C70 -> 006A5E40 parameter 1 as /int @ 00686A71 (global value) | 00683C70 -> 006A5E40 parameter 1 as /int @ 00686C14 (global value) | 00683C70 -> 006A5E40 parameter 1 as /int @ 00686D89 (global value) | 00683C70 -> 006A5E40 parameter 1 as /int @ 00686ED4 (global value) | 00683C70 -> 006A5E40 parameter 1 as /int @ 00686FB4 (global value) | 00683C70 -> 006A5E40 parameter 1 as /int @ 006870F8 (global value) | 00683C70 -> 006A5E40 parameter 1 as /int @ 00687242 (global value) | 00683C70 -> 006A5E40 parameter 1 as /int @ 006872CB (global value) | 00683C70 -> 006A5E40 parameter 1 as /int @ 00687311 (global value) | 00683C70 -> 006A5E40 parameter 1 as /int @ 00687338 (global value) | 00683C70 -> 006A5E40 parameter 1 as /int @ 00687399 (global value) | 00683C70 -> 006A5E40 parameter 1 as /int @ 0068749A (global value) | 00683C70 -> 006A5E40 parameter 1 as /int @ 00687500 (global value) | 00683C70 -> 006A5E40 parameter 1 as /int @ 00687526 (global value) | 00683C70 -> 006A5E40 parameter 1 as /int @ 00687588 (global value) | 00683C70 -> 006A5E40 parameter 1 as /int @ 00687699 (global value) | 00683C70 -> 006A5E40 parameter 1 as /int @ 006876BC (global value) | 00683C70 -> 006A5E40 parameter 1 as /int @ 006876EC (global value) | 00683C70 -> 006A5E40 parameter 1 as /int @ 0068770F (global value) | 00683C70 -> 006A5E40 parameter 1 as /int @ 0068773E (global value) | 00683C70 -> 006A5E40 parameter 1 as /int @ 00687761 (global value) | 00683C70 -> 006A5E40 parameter 1 as /int @ 0068778E (global value) | 00683C70 -> 006A5E40 parameter 1 as /int @ 006877B1 (global value) | 00683C70 -> 006A5E40 parameter 1 as /int @ 006877DD (global value) | 00683C70 -> 006A5E40 parameter 1 as /int @ 00687800 (global value) | 00683C70 -> 006A5E40 parameter 1 as /int @ 0068782D (global value) | 00683C70 -> 006A5E40 parameter 1 as /int @ 00687850 (global value) | 00683C70 -> 006A5E40 parameter 1 as /int @ 0068787C (global value) | 00683C70 -> 006A5E40 parameter 1 as /int @ 0068789F (global value) | 00683C70 -> 006A5E40 parameter 1 as /int @ 006878CC (global value) | 00683C70 -> 006A5E40 parameter 1 as /int @ 006878EF (global value) | 00683C70 -> 006A5E40 parameter 1 as /int @ 00687925 (global value) | 00683C70 -> 006A5E40 parameter 1 as /int @ 00687961 (global value) | 00683C70 -> 006A5E40 parameter 1 as /int @ 0068799C (global value) | 00683C70 -> 006A5E40 parameter 1 as /int @ 006879D8 (global value) | 00683C70 -> 006A5E40 parameter 1 as /int @ 006879FB (global value) | 00683C70 -> 006A5E40 parameter 1 as /int @ 00687A31 (global value) | 00683C70 -> 006A5E40 parameter 1 as /int @ 00687A54 (global value) | 00683C70 -> 006A5E40 parameter 1 as /int @ 00687A8B (global value) | 00683C70 -> 006A5E40 parameter 1 as /int @ 00687AAE (global value) | 00683C70 -> 006A5E40 parameter 1 as /int @ 00687ADA (global value) | 00683C70 -> 006A5E40 parameter 1 as /int @ 00687AFD (global value) | 00683C70 -> 006A5E40 parameter 1 as /int @ 00687B34 (global value) | 00683C70 -> 006A5E40 parameter 1 as /int @ 00687B6F (global value) | 00683C70 -> 006A5E40 parameter 1 as /int @ 00687B92 (global value) | 00683C70 -> 006A5E40 parameter 1 as /int @ 00687BC9 (global value) | 00683C70 -> 006A5E40 parameter 1 as /int @ 00687BEC (global value) | 00683C70 -> 006A5E40 parameter 1 as /int @ 00687C18 (global value) | 00683C70 -> 006A5E40 parameter 1 as /int @ 00687C54 (global value) | 00683C70 -> 006A5E40 parameter 1 as /int @ 00687C8F (global value) | 00683C70 -> 006A5E40 parameter 1 as /int @ 00687CCB (global value) | 00683C70 -> 006A5E40 parameter 1 as /int @ 00687D06 (global value) | 00683C70 -> 006A5E40 parameter 1 as /int @ 00687D42 (global value) | 00683C70 -> 006A5E40 parameter 1 as /int @ 00687D7D (global value) | 00683C70 -> 006A5E40 parameter 1 as /int @ 00687DB9 (global value) | 00683C70 -> 006A5E40 parameter 1 as /int @ 00687DF4 (global value) | 00683C70 -> 006A5E40 parameter 1 as /int @ 00687E30 (global value) | 00683C70 -> 006A5E40 parameter 1 as /int @ 00687E6B (global value) | 00683C70 -> 006A5E40 parameter 1 as /int @ 00687EA7 (global value) | 00683C70 -> 006A5E40 parameter 1 as /int @ 00687EDF (global value) | 00683C70 -> 006A5E40 parameter 1 as /int @ 00687F1B (global value) | 00683C70 -> 006A5E40 parameter 1 as /int @ 00687F3E (global value) | 00683C70 -> 006A5E40 parameter 1 as /int @ 00687F74 (global value) | 00683C70 -> 006A5E40 parameter 1 as /int @ 00687FB0 (global value) | 00683C70 -> 006A5E40 parameter 1 as /int @ 00687FEB (global value) | 00683C70 -> 006A5E40 parameter 1 as /int @ 00688027 (global value) | 00683C70 -> 006A5E40 parameter 1 as /int @ 00688062 (global value) | 00683C70 -> 006A5E40 parameter 1 as /int @ 0068809E (global value) | 00683C70 -> 006A5E40 parameter 1 as /int @ 006880D9 (global value) | 00683C70 -> 006A5E40 parameter 1 as /int @ 00688115 (global value) | 00683C70 -> 006A5E40 parameter 1 as /int @ 0068817F (global value) | 00683C70 -> 006A5E40 parameter 1 as /int @ 006881A5 (global value) | 00683C70 -> 006A5E40 parameter 1 as /int @ 006881D2 (global value) | 00683C70 -> 006A5E40 parameter 1 as /int @ 0068820D (global value) | 00683C70 -> 006A5E40 parameter 1 as /int @ 00688230 (global value) | 00683C70 -> 006A5E40 parameter 1 as /int @ 0068825D (global value) | 00683C70 -> 006A5E40 parameter 1 as /int @ 00688298 (global value) | 00683C70 -> 006A5E40 parameter 1 as /int @ 006882D4 (global value) | 00683C70 -> 006A5E40 parameter 1 as /int @ 006882F7 (global value) | 00683C70 -> 006A5E40 parameter 1 as /int @ 00688323 (global value) | 00683C70 -> 006A5E40 parameter 1 as /int @ 0068835F (global value) | 00683C70 -> 006A5E40 parameter 1 as /int @ 0068839A (global value) | 00683C70 -> 006A5E40 parameter 1 as /int @ 006883BD (global value) | 00683C70 -> 006A5E40 parameter 1 as /int @ 006883EA (global value) | 00683C70 -> 006A5E40 parameter 1 as /int @ 00688425 (global value) | 00683C70 -> 006A5E40 parameter 1 as /int @ 00688461 (global value) | 00683C70 -> 006A5E40 parameter 1 as /int @ 0068849C (global value) | 00683C70 -> 006A5E40 parameter 1 as /int @ 006884D8 (global value) | 00683C70 -> 006A5E40 parameter 1 as /int @ 00688513 (global value) | 00683C70 -> 006A5E40 parameter 1 as /int @ 0068854F (global value) | 00683C70 -> 006A5E40 parameter 1 as /int @ 0068858A (global value) | 00683C70 -> 006A5E40 parameter 1 as /int @ 006885C6 (global value) | 00683C70 -> 006A5E40 parameter 1 as /int @ 006885E9 (global value) | 00683C70 -> 006A5E40 parameter 1 as /int @ 0068861F (global value) | 00683C70 -> 006A5E40 parameter 1 as /int @ 0068865B (global value) | 00683C70 -> 006A5E40 parameter 1 as /int @ 00688696 (global value) | 00683C70 -> 006A5E40 parameter 1 as /int @ 006886D2 (global value) | 00683C70 -> 006A5E40 parameter 1 as /int @ 0068870D (global value) | 00683C70 -> 006A5E40 parameter 1 as /int @ 00688730 (global value) | 00683C70 -> 006A5E40 parameter 1 as /int @ 00688762 (global value) | 00683C70 -> 006A5E40 parameter 1 as /int @ 0068879D (global value) | 00683C70 -> 006A5E40 parameter 1 as /int @ 006887D9 (global value) | 00683C70 -> 006A5E40 parameter 1 as /int @ 006887FC (global value) | 00683C70 -> 006A5E40 parameter 1 as /int @ 0068882D (global value) | 00683C70 -> 006A5E40 parameter 1 as /int @ 00688850 (global value) | 00683C70 -> 006A5E40 parameter 1 as /int @ 0068887D (global value) | 00683C70 -> 006A5E40 parameter 1 as /int @ 006888B8 (global value) | 00683C70 -> 006A5E40 parameter 1 as /int @ 006888F4 (global value) | 00683C70 -> 006A5E40 parameter 1 as /int @ 0068892F (global value) | 00683C70 -> 006A5E40 parameter 1 as /int @ 0068896B (global value) | 00683C70 -> 006A5E40 parameter 1 as /int @ 006889A6 (global value) | 00683C70 -> 006A5E40 parameter 1 as /int @ 006889E2 (global value) | 00683C70 -> 006A5E40 parameter 1 as /int @ 00688A1D (global value) | 00683C70 -> 006A5E40 parameter 1 as /int @ 00688A59 (global value) | 00683C70 -> 006A5E40 parameter 1 as /int @ 00688A94 (global value) | 00683C70 -> 006A5E40 parameter 1 as /int @ 00688AD0 (global value) | 00683C70 -> 006A5E40 parameter 1 as /int @ 00688B0B (global value) | 00683C70 -> 006A5E40 parameter 1 as /int @ 00688B47 (global value) | 00683C70 -> 006A5E40 parameter 1 as /int @ 00688B82 (global value) | 00683C70 -> 006A5E40 parameter 1 as /int @ 00688BBE (global value) | 00683C70 -> 006A5E40 parameter 1 as /int @ 00688C28 (global value) | 00683C70 -> 006A5E40 parameter 1 as /int @ 00688C4E (global value) | 00683C70 -> 006A5E40 parameter 1 as /int @ 00688C7B (global value) | 00683C70 -> 006A5E40 parameter 1 as /int @ 00688CB6 (global value) | 00683C70 -> 006A5E40 parameter 1 as /int @ 00688CF2 (global value) | 00683C70 -> 006A5E40 parameter 1 as /int @ 00688D2D (global value) | 00683C70 -> 006A5E40 parameter 1 as /int @ 00688D50 (global value) | 00683C70 -> 006A5E40 parameter 1 as /int @ 00688D89 (global value) | 00683C70 -> 006A5E40 parameter 1 as /int @ 00688DC4 (global value) | 00683C70 -> 006A5E40 parameter 1 as /int @ 00688E00 (global value) | 00683C70 -> 006A5E40 parameter 1 as /int @ 00688E3B (global value) | 00683C70 -> 006A5E40 parameter 1 as /int @ 00688E77 (global value) | 00683C70 -> 006A5E40 parameter 1 as /int @ 00688EB2 (global value) | 00683C70 -> 006A5E40 parameter 1 as /int @ 00688EEE (global value) | 00683C70 -> 006A5E40 parameter 1 as /int @ 00688F29 (global value) | 00683C70 -> 006A5E40 parameter 1 as /int @ 00688F65 (global value) | 00683C70 -> 006A5E40 parameter 1 as /int @ 00688FA0 (global value) | 00683C70 -> 006A5E40 parameter 1 as /int @ 00688FDC (global value) | 00683C70 -> 006A5E40 parameter 1 as /int @ 00689017 (global value) | 00683C70 -> 006A5E40 parameter 1 as /int @ 00689053 (global value) | 00683C70 -> 006A5E40 parameter 1 as /int @ 0068908E (global value) | 00683C70 -> 006A5E40 parameter 1 as /int @ 006890CA (global value) | 00683C70 -> 006A5E40 parameter 1 as /int @ 006890ED (global value) | 00683C70 -> 006A5E40 parameter 1 as /int @ 00689119 (global value) | 00683C70 -> 006A5E40 parameter 1 as /int @ 0068917B (global value) | 00683C70 -> 006A5E40 parameter 1 as /int @ 006891B6 (global value) | 00683C70 -> 006A5E40 parameter 1 as /int @ 006891F2 (global value) | 00683C70 -> 006A5E40 parameter 1 as /int @ 0068922D (global value) | 00683C70 -> 006A5E40 parameter 1 as /int @ 00689269 (global value) | 00683C70 -> 006A5E40 parameter 1 as /int @ 006892A4 (global value) | 00683C70 -> 006A5E40 parameter 1 as /int @ 006892E0 (global value) | 00683C70 -> 006A5E40 parameter 1 as /int @ 0068931B (global value) | 00683C70 -> 006A5E40 parameter 1 as /int @ 00689357 (global value) | 00683C70 -> 006A5E40 parameter 1 as /int @ 00689392 (global value) | 00683C70 -> 006A5E40 parameter 1 as /int @ 006893B5 (global value) | 00683C70 -> 006A5E40 parameter 1 as /int @ 006893E2 (global value) | 00683C70 -> 006A5E40 parameter 1 as /int @ 0068941D (global value) | 00683C70 -> 006A5E40 parameter 1 as /int @ 00689459 (global value) | 00683C70 -> 006A5E40 parameter 1 as /int @ 00689494 (global value) | 00683C70 -> 006A5E40 parameter 1 as /int @ 006894D0 (global value) | 00683C70 -> 006A5E40 parameter 1 as /int @ 00689508 (global value) | 00683C70 -> 006A5E40 parameter 1 as /int @ 00689544 (global value) | 00683C70 -> 006A5E40 parameter 1 as /int @ 00689567 (global value) | 00683C70 -> 006A5E40 parameter 1 as /int @ 006895A3 (global value) | 00683C70 -> 006A5E40 parameter 1 as /int @ 006895C6 (global value) | 00683C70 -> 006A5E40 parameter 1 as /int @ 0068965F (global value) | 00683C70 -> 006A5E40 parameter 1 as /int @ 00689682 (global value) | 00683C70 -> 006A5E40 parameter 1 as /int @ 0068981E (global value) | 00683C70 -> 006A5E40 parameter 1 as /int @ 00689848 (global value) | 00683C70 -> 006A5E40 parameter 1 as /int @ 00689893 (global value) | 00683C70 -> 006A5E40 parameter 1 as /int @ 006898CB (global value) | 00683C70 -> 006A5E40 parameter 1 as /int @ 006898F3 (global value) | 00683C70 -> 006A5E40 parameter 1 as /int @ 00689CB2 (global value) | 00683C70 -> 006A5E40 parameter 1 as /int @ 00689D9C (global value) | 00683C70 -> 006A5E40 parameter 1 as /int @ 00689E17 (global value) | 00683C70 -> 006A5E40 parameter 1 as /int @ 00689E3A (global value) | 00683C70 -> 006A5E40 parameter 1 as /int @ 0068A057 (global value) | 00683C70 -> 006A5E40 parameter 1 as /int @ 0068A07A (global value) | 00683C70 -> 006A5E40 parameter 1 as /int @ 0068A22B (global value) | 00683C70 -> 006A5E40 parameter 1 as /int @ 0068A287 (global value) | 00683C70 -> 006A5E40 parameter 1 as /int @ 0068A4B9 (global value) | 00683C70 -> 006A5E40 parameter 1 as /int @ 0068A4F6 (global value) | 00683C70 -> 006A5E40 parameter 1 as /int @ 0068A6A0 (global value) | 0068CEC0 -> 006A5E40 parameter 1 as /int @ 0068CF5E (global value) | 0068CEC0 -> 006A5E40 parameter 1 as /int @ 0068CFE7 (global value) | 0068CEC0 -> 006A5E40 parameter 1 as /int @ 0068D011 (global value) | 0068CEC0 -> 006A5E40 parameter 1 as /int @ 0068D042 (global value) | 0068CEC0 -> 006A5E40 parameter 1 as /int @ 0068D073 (global value) | 0068CEC0 -> 006A5E40 parameter 1 as /int @ 0068D0A2 (global value) | 0068CEC0 -> 006A5E40 parameter 1 as /int @ 0068D0D2 (global value) | 0068CEC0 -> 006A5E40 parameter 1 as /int @ 0068D102 (global value) | 0068CEC0 -> 006A5E40 parameter 1 as /int @ 0068D179 (global value) | 0068CEC0 -> 006A5E40 parameter 1 as /int @ 0068D1B3 (global value) | 0068CEC0 -> 006A5E40 parameter 1 as /int @ 0068D208 (global value) | 0068CEC0 -> 006A5E40 parameter 1 as /int @ 0068D2D7 (global value) | 0068CEC0 -> 006A5E40 parameter 1 as /int @ 0068D330 (global value) | 0068CEC0 -> 006A5E40 parameter 1 as /int @ 0068D3E6 (global value) | 0068CEC0 -> 006A5E40 parameter 1 as /int @ 0068D4F7 (global value) | 0068CEC0 -> 006A5E40 parameter 1 as /int @ 0068D5A6 (global value) | 0068CEC0 -> 006A5E40 parameter 1 as /int @ 0068D6CA (global value) | 0068E690 -> 006A5E40 parameter 1 as /int @ 0068E6BC (global value) | 00690B90 -> 006A5E40 parameter 1 as /int @ 00690C27 (global value) | 00691690 -> 006A5E40 parameter 1 as /int @ 0069178D (global value) | 006A2770 -> 006A5E40 parameter 1 as /int @ 006A27FD (global value) | 006A2ED0 -> 006A5E40 parameter 1 as /int @ 006A2F2A (global value) | 006C8990 -> 006A5E40 parameter 1 as /int @ 006C8D59 (global value)	-
007EE1AC	DAT_007ee1ac	/undefined4	{/uint=1}	{}	{}	1	/uint	0	006E8580 -> 006CFF10 parameter 1 as /uint @ 006E85E1 (address-of global)	-
007EE1B0	DAT_007ee1b0	/undefined4	{/uint=1}	{}	{}	1	/uint	0	006E8580 -> 006CFF10 parameter 1 as /uint @ 006E8618 (address-of global)	-
007F4D00	PTR_007f4d00	pointer:/undefined4	{pointer:/SubmarineTitans/Recovered/GlobalAggregates/RuntimeRecord_007F4D3C_0014=1}	{}	{}	0		0	0040EB90 -> 006ACCD0 parameter 0 as pointer:/SubmarineTitans/Recovered/GlobalAggregates/RuntimeRecord_007F4D3C_0014 @ 0040EE60 (global value)	-
007F4D04	PTR_007f4d04	pointer:/undefined4	{pointer:/short=2}	{}	{}	0		0	00415160 -> 006A5E90 parameter 0 as pointer:/short @ 0041546D (global value) | 00415590 -> 006A5E90 parameter 0 as pointer:/short @ 004157E8 (global value)	-
007F4D3C	g_runtimeRecords_007F4D3C	pointer:/SubmarineTitans/Recovered/GlobalAggregates/RuntimeRecord_007F4D3C_0014	{pointer:/SubmarineTitans/Recovered/GlobalAggregates/RuntimeRecord_007F4D3C_0014=1}	{}	{}	0	pointer:/undefined4	0	0040EB90 -> 006ACCD0 parameter 0 as pointer:/SubmarineTitans/Recovered/GlobalAggregates/RuntimeRecord_007F4D3C_0014 @ 0040EF61 (global value)	-
007F4D50	PTR_007f4d50	pointer:/int	{}	{pointer:/int=1}	{}	0		0		00414980 stores named pointer from FUN_006a3c10 return @ 004149B1
007F4D54	PTR_007f4d54	pointer:/int	{pointer:/int=1}	{pointer:/int=1}	{}	0		0	00414980 -> 006A49C0 parameter 0 as pointer:/int @ 004149E9 (global value)	00414980 stores named pointer from FUN_006a3c10 return @ 00414A03
007F4D6C	PTR_007f4d6c	pointer:/undefined4	{pointer:/short=1}	{}	{}	0		0	00427F20 -> 006A5E90 parameter 0 as pointer:/short @ 0042870A (global value)	-
007FA130	g_array_007FA130	pointer:/SubmarineTitans/Recovered/DArrayTy	{pointer:/SubmarineTitans/Recovered/DArrayTy=3}	{}	{}	0	pointer:/undefined4	0	00430470 -> 006AE140 parameter 0 as pointer:/SubmarineTitans/Recovered/DArrayTy @ 00430545 (global value) | 00430960 -> 006AE140 parameter 0 as pointer:/SubmarineTitans/Recovered/DArrayTy @ 004309DD (global value) | 00430A90 -> 006AE110 parameter 0 as pointer:/SubmarineTitans/Recovered/DArrayTy @ 00431101 (global value)	-
007FA150	g_array_007FA150	pointer:/SubmarineTitans/Recovered/DArrayTy	{pointer:/SubmarineTitans/Recovered/DArrayTy=4}	{pointer:/SubmarineTitans/Recovered/DArrayTy=1}	{}	0		0	00430A90 -> 006AE110 parameter 0 as pointer:/SubmarineTitans/Recovered/DArrayTy @ 0043116E (global value) | 004D84E0 -> 006AE290 parameter 0 as pointer:/SubmarineTitans/Recovered/DArrayTy @ 004D84FD (global value) | 004D8530 -> 006B0C70 parameter 0 as pointer:/SubmarineTitans/Recovered/DArrayTy @ 004D8583 (global value) | 004D85B0 -> 006B0C70 parameter 0 as pointer:/SubmarineTitans/Recovered/DArrayTy @ 004D85C1 (global value)	004D84E0 stores named pointer from Library::DKW::TBL::DArrayCreate return @ 004D8502
007FA154	g_array_007FA154	pointer:/SubmarineTitans/Recovered/DArrayTy	{pointer:/SubmarineTitans/Recovered/DArrayTy=4}	{}	{}	0	pointer:/undefined4	0	00430A90 -> 006AE110 parameter 0 as pointer:/SubmarineTitans/Recovered/DArrayTy @ 00431113 (global value) | 00444E70 -> 006AE140 parameter 0 as pointer:/SubmarineTitans/Recovered/DArrayTy @ 00445381 (global value) | 00449CE0 -> 006AE140 parameter 0 as pointer:/SubmarineTitans/Recovered/DArrayTy @ 00449D9A (global value) | 00449E60 -> 006AE140 parameter 0 as pointer:/SubmarineTitans/Recovered/DArrayTy @ 00449F07 (global value)	-
007FA158	g_array_007FA158	pointer:/SubmarineTitans/Recovered/DArrayTy	{pointer:/SubmarineTitans/Recovered/DArrayTy=4}	{}	{}	0	pointer:/undefined4	0	00430A90 -> 006AE110 parameter 0 as pointer:/SubmarineTitans/Recovered/DArrayTy @ 00431124 (global value) | 00444E70 -> 006AE140 parameter 0 as pointer:/SubmarineTitans/Recovered/DArrayTy @ 0044539D (global value) | 00449FD0 -> 006AE140 parameter 0 as pointer:/SubmarineTitans/Recovered/DArrayTy @ 0044A08A (global value) | 0044A150 -> 006AE140 parameter 0 as pointer:/SubmarineTitans/Recovered/DArrayTy @ 0044A1FB (global value)	-
007FA15C	g_array_007FA15C	pointer:/SubmarineTitans/Recovered/DArrayTy	{pointer:/SubmarineTitans/Recovered/DArrayTy=4}	{}	{}	0	pointer:/undefined4	0	00430A90 -> 006AE110 parameter 0 as pointer:/SubmarineTitans/Recovered/DArrayTy @ 00431136 (global value) | 00444E70 -> 006AE140 parameter 0 as pointer:/SubmarineTitans/Recovered/DArrayTy @ 004453B9 (global value) | 0044A2C0 -> 006AE140 parameter 0 as pointer:/SubmarineTitans/Recovered/DArrayTy @ 0044A37A (global value) | 0044A440 -> 006AE140 parameter 0 as pointer:/SubmarineTitans/Recovered/DArrayTy @ 0044A4E7 (global value)	-
007FA160	g_array_007FA160	pointer:/SubmarineTitans/Recovered/DArrayTy	{pointer:/SubmarineTitans/Recovered/DArrayTy=4}	{}	{}	0	pointer:/undefined4	0	00430A90 -> 006AE110 parameter 0 as pointer:/SubmarineTitans/Recovered/DArrayTy @ 00431148 (global value) | 00444E70 -> 006AE140 parameter 0 as pointer:/SubmarineTitans/Recovered/DArrayTy @ 004453D5 (global value) | 0044A5B0 -> 006AE140 parameter 0 as pointer:/SubmarineTitans/Recovered/DArrayTy @ 0044A66A (global value) | 0044A730 -> 006AE140 parameter 0 as pointer:/SubmarineTitans/Recovered/DArrayTy @ 0044A7D7 (global value)	-
007FA164	g_array_007FA164	pointer:/SubmarineTitans/Recovered/DArrayTy	{pointer:/SubmarineTitans/Recovered/DArrayTy=4}	{}	{}	0	pointer:/undefined4	0	00430A90 -> 006AE110 parameter 0 as pointer:/SubmarineTitans/Recovered/DArrayTy @ 00431159 (global value) | 00444E70 -> 006AE140 parameter 0 as pointer:/SubmarineTitans/Recovered/DArrayTy @ 004453F1 (global value) | 0044A8A0 -> 006AE140 parameter 0 as pointer:/SubmarineTitans/Recovered/DArrayTy @ 0044A95A (global value) | 0044AA20 -> 006AE140 parameter 0 as pointer:/SubmarineTitans/Recovered/DArrayTy @ 0044AAC7 (global value)	-
007FA16C	g_array_007FA16C	pointer:/SubmarineTitans/Recovered/DArrayTy	{pointer:/SubmarineTitans/Recovered/DArrayTy=5}	{pointer:/SubmarineTitans/Recovered/DArrayTy=2}	{}	0		0	004D2760 -> 006AE110 parameter 0 as pointer:/SubmarineTitans/Recovered/DArrayTy @ 004D2C36 (global value) | 004D2760 -> 006B0C70 parameter 0 as pointer:/SubmarineTitans/Recovered/DArrayTy @ 004D2C21 (global value) | 004D96B0 -> 006AE290 parameter 0 as pointer:/SubmarineTitans/Recovered/DArrayTy @ 004D96C7 (global value) | 004D9700 -> 006AE110 parameter 0 as pointer:/SubmarineTitans/Recovered/DArrayTy @ 004D9755 (global value) | 004D9700 -> 006B0C70 parameter 0 as pointer:/SubmarineTitans/Recovered/DArrayTy @ 004D9741 (global value)	004D11D0 stores named pointer from Library::DKW::TBL::DArrayCreate return @ 004D168A | 004D96B0 stores named pointer from Library::DKW::TBL::DArrayCreate return @ 004D96CC
007FA170	g_array_007FA170	pointer:/SubmarineTitans/Recovered/DArrayTy	{pointer:/SubmarineTitans/Recovered/DArrayTy=2}	{pointer:/SubmarineTitans/Recovered/DArrayTy=1}	{}	0		0	004D2760 -> 006AE110 parameter 0 as pointer:/SubmarineTitans/Recovered/DArrayTy @ 004D28BA (global value) | 004D2760 -> 006B0C70 parameter 0 as pointer:/SubmarineTitans/Recovered/DArrayTy @ 004D28A9 (global value)	004D11D0 stores named pointer from Library::DKW::TBL::DArrayCreate return @ 004D14BC
007FB270	g_array_007FB270	pointer:/SubmarineTitans/Recovered/DArrayTy	{pointer:/SubmarineTitans/Recovered/DArrayTy=3}	{pointer:/SubmarineTitans/Recovered/DArrayTy=1}	{}	0		0	00495980 -> 006AE110 parameter 0 as pointer:/SubmarineTitans/Recovered/DArrayTy @ 00495CCB (global value) | 004969F0 -> 006AE1C0 parameter 0 as pointer:/SubmarineTitans/Recovered/DArrayTy @ 00496A65 (global value) | 00496E40 -> 006B0C70 parameter 0 as pointer:/SubmarineTitans/Recovered/DArrayTy @ 00496E9C (global value)	00495980 stores named pointer from Library::DKW::TBL::DArrayCreate return @ 00495BD0
007FB284	g_dumpClass_007FB284	pointer:/DumpClassC	{}	{pointer:/DumpClassC=1}	{pointer:/DumpClassC=2}	0		0		00495950 stores named pointer from DumpClassC::DumpClassC return @ 00495962
007FB2A0	g_opticClass_007FB2A0	pointer:/OpticClassC	{}	{pointer:/OpticClassC=1}	{pointer:/OpticClassC=2}	0		0		004A88F0 stores named pointer from OpticClassC::OpticClassC return @ 004A8902
007FB2AC	g_tLOBldMark_007FB2AC	pointer:/TLOBldMark	{}	{pointer:/TLOBldMark=2}	{}	0		0		004C60E0 exact CFG this store @ 004C6111 | 004C60E0 stores named pointer from TLOBldMark::Create this @ 004C6111
00800BCC	g_tLOFake_00800BCC	pointer:/TLOFakeTy	{}	{pointer:/TLOFakeTy=1}	{}	0		0		004D0B90 exact CFG this store @ 004D0CD6
00801678	g_behPanel_00801678	pointer:/BehPanelTy	{}	{pointer:/BehPanelTy=2}	{}	0		0		004ED630 exact CFG this store @ 004ED6AA | 004ED630 stores named pointer from BehPanelTy::InitBehPanel this @ 004ED6AA
0080167C	g_bldBoatPanel_0080167C	pointer:/ProdPanelTy	{}	{pointer:/BldBoatPanelTy=2}	{}	0	pointer:/BldBoatPanelTy	0		004EEA40 exact CFG this store @ 004EEAA2 | 004EEA40 stores named pointer from BldBoatPanelTy::InitBldBoatPanel this @ 004EEAA2
00801680	g_bldLabPanel_00801680	pointer:/ProdPanelTy	{}	{pointer:/BldLabPanelTy=2}	{}	0	pointer:/BldLabPanelTy	0		004EFB60 exact CFG this store @ 004EFB9D | 004EFB60 stores named pointer from BldLabPanelTy::InitBldLabPanel this @ 004EFB9D
00801684	g_bldObjPanel_00801684	pointer:/ProdPanelTy	{}	{pointer:/BldObjPanelTy=2}	{}	0	pointer:/BldObjPanelTy	0		004F05C0 exact CFG this store @ 004F0622 | 004F05C0 stores named pointer from BldObjPanelTy::InitBldObjPanel this @ 004F0622
00801688	g_cPanel_00801688	pointer:/CPanelTy	{}	{pointer:/CPanelTy=2}	{}	0		0		004F5690 exact CFG this store @ 004F56E7 | 004F5690 stores named pointer from CPanelTy::InitCPanel this @ 004F56E7
0080168C	g_frmPanel_0080168C	pointer:/FrmPanelTy	{}	{pointer:/FrmPanelTy=2}	{}	0		0		0050FD60 exact CFG this store @ 0050FDB4 | 0050FD60 stores named pointer from FrmPanelTy::InitFrmPanel this @ 0050FDB4
00801690	g_helpPanel_00801690	pointer:/HelpPanelTy	{}	{pointer:/HelpPanelTy=2}	{}	0		0		00510E30 exact CFG this store @ 00510E72 | 00510E30 stores named pointer from HelpPanelTy::InitHelpPanel this @ 00510E72
00801694	g_helpString_00801694	pointer:/HelpStringTy	{}	{pointer:/HelpStringTy=1}	{}	0		0		0051FBA0 exact CFG this store @ 0051FC9E
00801698	g_infocPanel_00801698	pointer:/InfocPanelTy	{}	{pointer:/InfocPanelTy=2}	{}	0		0		0051FF50 exact CFG this store @ 0051FFCD | 0051FF50 stores named pointer from InfocPanelTy::InitInfocPanel this @ 0051FFCD
0080169C	g_intercomPanel_0080169C	pointer:/IntercomPanelTy	{}	{pointer:/IntercomPanelTy=2}	{}	0		0		005219E0 exact CFG this store @ 00521A1B | 005219E0 stores named pointer from IntercomPanelTy::InitIntercomPanel this @ 00521A1B
008016A0	CHAR_00h_008016a0	/char	{/byte=4, /char=67}	{}	{}	86		0	005219E0 -> 006B6020 parameter 2 as /char @ 00521ADD (address-of global) | 00522E80 -> 006B6020 parameter 2 as /char @ 00523128 (address-of global) | 0052E5E0 -> 006B6020 parameter 2 as /char @ 0052E774 (address-of global) | 00532D50 -> 006B6020 parameter 2 as /char @ 00533234 (address-of global) | 0055C830 -> 005A1F00 parameter 2 as /byte @ 0055CD4F (address-of global) | 0055C830 -> 005A1F00 parameter 2 as /byte @ 0055CE02 (address-of global) | 0055C830 -> 005A1F00 parameter 2 as /byte @ 0055CF81 (address-of global) | 0059C700 -> 006B5AA0 parameter 1 as /char @ 0059C78B (address-of global) | 0059C9F0 -> 006B5AA0 parameter 1 as /char @ 0059CA6B (address-of global) | 0059C9F0 -> 006B5AA0 parameter 1 as /char @ 0059CA87 (address-of global) | 0059C9F0 -> 006B5AA0 parameter 1 as /char @ 0059CAA3 (address-of global) | 0059C9F0 -> 006B5AA0 parameter 1 as /char @ 0059CABF (address-of global) | 0059C9F0 -> 006B5AA0 parameter 1 as /char @ 0059CADB (address-of global) | 0059C9F0 -> 006B5AA0 parameter 1 as /char @ 0059CAF7 (address-of global) | 0059CEE0 -> 006B5AA0 parameter 1 as /char @ 0059CF5B (address-of global) | 0059CEE0 -> 006B5AA0 parameter 1 as /char @ 0059CF77 (address-of global) | 0059CEE0 -> 006B5AA0 parameter 1 as /char @ 0059CF93 (address-of global) | 0059D720 -> 006B5AA0 parameter 1 as /char @ 0059D7C5 (address-of global) | 0059D720 -> 006B5AA0 parameter 1 as /char @ 0059D7E1 (address-of global) | 0059D720 -> 006B5AA0 parameter 1 as /char @ 0059D7FD (address-of global) | 0059D720 -> 006B5AA0 parameter 1 as /char @ 0059D819 (address-of global) | 0059DB20 -> 006B5AA0 parameter 1 as /char @ 0059DC8E (address-of global) | 0059DB20 -> 006B5AA0 parameter 1 as /char @ 0059DCA9 (address-of global) | 0059DB20 -> 006B5AA0 parameter 1 as /char @ 0059DCC4 (address-of global) | 0059E7F0 -> 006B5AA0 parameter 1 as /char @ 0059E86B (address-of global) | 0059EB00 -> 006B5AA0 parameter 1 as /char @ 0059EC0C (address-of global) | 0059EB00 -> 006B5AA0 parameter 1 as /char @ 0059EC27 (address-of global) | 0059F260 -> 006B5AA0 parameter 1 as /char @ 0059F2D1 (address-of global) | 005A3AB0 -> 006B5AA0 parameter 1 as /char @ 005A3CCC (address-of global) | 005A4350 -> 005A1F00 parameter 2 as /byte @ 005A8B1E (address-of global) | 005A4350 -> 006B6020 parameter 2 as /char @ 005A5753 (address-of global) | 005A4350 -> 006B6020 parameter 2 as /char @ 005A836A (address-of global) | 005A4350 -> 006B6020 parameter 2 as /char @ 005A8B66 (address-of global) | 005B0BA0 -> 006B6020 parameter 2 as /char @ 005B2024 (address-of global) | 005D1400 -> 006B6020 parameter 2 as /char @ 005D28EE (address-of global) | 005D7A50 -> 006B6020 parameter 2 as /char @ 005D7DD9 (address-of global) | 005DB4F0 -> 006B6020 parameter 2 as /char @ 005DBA8D (address-of global) | 005EA680 -> 006B6020 parameter 2 as /char @ 005EAB3B (address-of global) | 0064A970 -> 0072E340 parameter 1 as /char @ 0064A9C6 (address-of global) | 0064CD80 -> 006B6020 parameter 2 as /char @ 0064CDFA (address-of global) | 0064D270 -> 0072E340 parameter 1 as /char @ 0064D4F0 (address-of global) | 0064D890 -> 005FCFF0 parameter 7 as /char @ 0064D9D1 (address-of global) | 0064DB00 -> 005F0EC0 parameter 5 as /char @ 0064DC41 (address-of global) | 0064DB00 -> 005F0EC0 parameter 6 as /char @ 0064DC41 (address-of global) | 0064DDA0 -> 006034E0 parameter 5 as /char @ 0064DE5A (address-of global) | 0064DDA0 -> 006034E0 parameter 6 as /char @ 0064DE5A (address-of global) | 00652810 -> 0064D0E0 parameter 2 as /char @ 00652BF9 (address-of global) | 00652810 -> 0064D0E0 parameter 2 as /char @ 00652C35 (address-of global) | 00652810 -> 0064D0E0 parameter 2 as /char @ 00652D0B (address-of global) | 00652810 -> 0064D0E0 parameter 2 as /char @ 00652D47 (address-of global) | 00652810 -> 0064D0E0 parameter 2 as /char @ 00652E1D (address-of global) | 00652810 -> 0064D0E0 parameter 2 as /char @ 00652E59 (address-of global) | 00652810 -> 0064D0E0 parameter 2 as /char @ 00657100 (address-of global) | 00652810 -> 0064D0E0 parameter 2 as /char @ 006571D1 (address-of global) | 00652810 -> 0064D0E0 parameter 2 as /char @ 006572A2 (address-of global) | 00652810 -> 0064D0E0 parameter 2 as /char @ 0065739B (address-of global) | 00652810 -> 0064D0E0 parameter 2 as /char @ 0065743D (address-of global) | 00652810 -> 0064D0E0 parameter 2 as /char @ 006574E8 (address-of global) | 00652810 -> 0064D0E0 parameter 2 as /char @ 0065761D (address-of global) | 00652810 -> 0064D0E0 parameter 2 as /char @ 00659B45 (address-of global) | 00652810 -> 0072E340 parameter 1 as /char @ 00657BA2 (address-of global) | 00652810 -> 0072E340 parameter 1 as /char @ 00658CA2 (address-of global) | 0066ACC0 -> 0072E340 parameter 1 as /char @ 0066AD16 (address-of global) | 0066ACC0 -> 0072E340 parameter 1 as /char @ 0066FBDC (address-of global) | 0066ACC0 -> 0072E340 parameter 1 as /char @ 006703FF (address-of global) | 00671F10 -> 0072E340 parameter 1 as /char @ 00671F63 (address-of global) | 00672440 -> 0072E340 parameter 1 as /char @ 00672495 (address-of global) | 0067EF60 -> 006B5AA0 parameter 1 as /char @ 0067EFB2 (address-of global) | 0068CEC0 -> 006B5AA0 parameter 1 as /char @ 0068D1E3 (address-of global) | 0068CEC0 -> 006B5AA0 parameter 1 as /char @ 0068D4B9 (address-of global) | 0068CEC0 -> 006B5AA0 parameter 1 as /char @ 0068D64A (address-of global)	-
008016D4	g_money_008016D4	pointer:/MoneyTy	{}	{pointer:/MoneyTy=1}	{}	0		0		0052BF00 exact CFG this store @ 0052C357
008016D8	g_popUp_008016D8	pointer:/PopUpTy	{}	{pointer:/PopUpTy=1}	{}	0		0		0052DD20 exact CFG this store @ 0052DEB5
008016DC	g_optPanel_008016DC	pointer:/OptPanelTy	{}	{pointer:/OptPanelTy=2}	{}	0		0		0052E5E0 exact CFG this store @ 0052E61D | 0052E5E0 stores named pointer from OptPanelTy::InitOptPanel this @ 0052E61D
008016E0	g_pausePanel_008016E0	pointer:/PausePanelTy	{}	{pointer:/PausePanelTy=2}	{}	0		0		00539280 exact CFG this store @ 005392BB | 00539280 stores named pointer from PausePanelTy::InitPausePanel this @ 005392BB
008016E4	g_playPanel_008016E4	pointer:/PlayPanelTy	{}	{pointer:/PlayPanelTy=2}	{}	0		0		00539B90 exact CFG this store @ 00539BE9 | 00539B90 stores named pointer from PlayPanelTy::InitPlayPanel this @ 00539BE9
008016E8	g_researchPanel_008016E8	pointer:/ProdPanelTy	{}	{pointer:/ResearchPanelTy=2}	{}	0	pointer:/ResearchPanelTy	0		0053C120 exact CFG this store @ 0053C182 | 0053C120 stores named pointer from ResearchPanelTy::InitResearchPanel this @ 0053C182
008016EC	g_sAMPanel_008016EC	pointer:/SAMPanelTy	{}	{pointer:/SAMPanelTy=2}	{}	0		0		0053CEF0 exact CFG this store @ 0053CF46 | 0053CEF0 stores named pointer from SAMPanelTy::InitSAMPanel this @ 0053CF46
008016F0	CHAR_00h_008016f0	/char	{/byte=1, /char=1}	{}	{}	2		0	00540C40 -> 00710FB0 parameter 1 as /byte @ 00540CDB (address-of global) | 00540C40 -> 0072E340 parameter 0 as /char @ 00540D1F (address-of global)	-
008026F0	g_array_008026F0	pointer:/SubmarineTitans/Recovered/DArrayTy	{pointer:/SubmarineTitans/Recovered/DArrayTy=4}	{pointer:/SubmarineTitans/Recovered/DArrayTy=1}	{}	0		0	00540DC0 -> 006AE110 parameter 0 as pointer:/SubmarineTitans/Recovered/DArrayTy @ 00540F3C (global value) | 00540DC0 -> 006AE290 parameter 0 as pointer:/SubmarineTitans/Recovered/DArrayTy @ 00540EA2 (global value) | 00540DC0 -> 006B0C70 parameter 0 as pointer:/SubmarineTitans/Recovered/DArrayTy @ 00540F2A (global value) | 00541030 -> 006AE110 parameter 0 as pointer:/SubmarineTitans/Recovered/DArrayTy @ 005410E9 (global value)	00540DC0 stores named pointer from Library::DKW::TBL::DArrayCreate return @ 00540EA7
00802A28	g_interSystem_00802A28	pointer:/InterSystemC	{/int=3, pointer:/SystemClassTy=1}	{}	{pointer:/InterSystemC=1}	3		0	00542D80 -> 006E4960 parameter 2 as pointer:/SystemClassTy @ 00542DFA (global value) | 0056FA60 -> 005711D0 parameter 1 as /int @ 00570021 (address-of global) | 0056FA60 -> 005711D0 parameter 1 as /int @ 00570079 (address-of global) | 005770D0 -> 005711D0 parameter 1 as /int @ 00577147 (address-of global)	-
00802A30	g_cursorClass_00802A30	pointer:/CursorClassTy	{/SubmarineTitans/Recovered/Enums/CursorClassTy_SetGCType_param_1Enum=2, /WinDef.h/UINT=1, /int=1, pointer:/char=1}	{}	{}	0	pointer:/byte	0	005A4350 -> 0054BF40 parameter 1 as /SubmarineTitans/Recovered/Enums/CursorClassTy_SetGCType_param_1Enum @ 005A4E07 (global value) | 005A4350 -> 0054BF40 parameter 1 as /SubmarineTitans/Recovered/Enums/CursorClassTy_SetGCType_param_1Enum @ 005A5297 (global value) | 005A4350 -> 005B7EF0 parameter 7 as /WinDef.h/UINT @ 005A52E6 (global value) | 005A4350 -> 006AD4D0 parameter 2 as /int @ 005A51EF (global value) | 005A4350 -> EXTERNAL:000000F5 parameter 2 as pointer:/char @ 005A55CB (global value)	-
00802A38	g_playSystem_00802A38	pointer:/STPlaySystemC	{/int=1, pointer:/SystemClassTy=1}	{}	{pointer:/STPlaySystemC=1}	1		0	0054C740 -> 006E4960 parameter 2 as pointer:/SystemClassTy @ 0054C907 (global value) | 005770D0 -> 005711D0 parameter 1 as /int @ 0057715F (address-of global)	-
00802A44	g_tradePanel_00802A44	pointer:/TradePanelTy	{}	{pointer:/TradePanelTy=2}	{}	0		0		00550DB0 exact CFG this store @ 00550E27 | 00550DB0 stores named pointer from TradePanelTy::InitTradePanel this @ 00550E27
00802A48	g_upgPanel_00802A48	pointer:/UpgPanelTy	{}	{pointer:/UpgPanelTy=2}	{}	0		0		005528B0 exact CFG this store @ 00552903 | 005528B0 stores named pointer from UpgPanelTy::InitUpgPanel this @ 00552903
00802A4C	g_array_00802A4C	pointer:/SubmarineTitans/Recovered/DArrayTy	{pointer:/SubmarineTitans/Recovered/DArrayTy=2}	{pointer:/SubmarineTitans/Recovered/DArrayTy=1}	{}	0		0	005530E0 -> 006AE1C0 parameter 0 as pointer:/SubmarineTitans/Recovered/DArrayTy @ 0055316A (global value) | 00553270 -> 006AE110 parameter 0 as pointer:/SubmarineTitans/Recovered/DArrayTy @ 005532B6 (global value)	005531F0 stores named pointer from Library::DKW::TBL::DArrayCreate return @ 0055322F
00802A58	g_cLoading_00802A58	pointer:/cLoadingTy	{pointer:/uint=2}	{}	{}	0		0	0056DB80 -> 005544E0 parameter 0 as pointer:/uint @ 0056E4FB (global value) | 0056DB80 -> 005544E0 parameter 0 as pointer:/uint @ 0056E6C1 (global value)	-
00802A7C	g_traksClass_00802A7C	pointer:/TraksClassTy	{}	{pointer:/TraksClassTy=2}	{}	0		0		005556D0 exact CFG this store @ 005556DF | 005556D0 stores named pointer from TraksClassTy::TraksClassTy this @ 005556DF
00802A88	g_visibleClass_00802A88	pointer:/VisibleClassTy	{}	{pointer:/VisibleClassTy=2}	{}	0		0		005577C0 exact CFG this store @ 005577D1 | 005577C0 stores named pointer from VisibleClassTy::VisibleClassTy this @ 005577D1
00803144	DAT_00803144	/undefined4	{/SubmarineTitans/Recovered/Enums/CursorClassTy_SetGCType_param_1Enum=2}	{}	{}	0	/SubmarineTitans/Recovered/Enums/CursorClassTy_SetGCType_param_1Enum	0	005A4350 -> 0054BF40 parameter 1 as /SubmarineTitans/Recovered/Enums/CursorClassTy_SetGCType_param_1Enum @ 005A6042 (global value) | 005A4350 -> 0054BF40 parameter 1 as /SubmarineTitans/Recovered/Enums/CursorClassTy_SetGCType_param_1Enum @ 005A60D4 (global value)	-
008032A4	PTR_008032a4	pointer:/ushort	{/uint=1, pointer:/ushort=1}	{}	{}	1		0	0055DB70 -> 006F20E0 parameter 1 as /uint @ 0055DB87 (address-of global) | 005C28C0 -> 006B48E0 parameter 9 as pointer:/ushort @ 005C2922 (global value)	-
008032A8	PTR_008032a8	pointer:/ushort	{/uint=1}	{}	{}	1	/uint	0	0055DB70 -> 006F20E0 parameter 1 as /uint @ 0055DB9C (address-of global)	-
008032AC	PTR_008032ac	pointer:/ushort	{/uint=1}	{}	{}	1	/uint	0	0055DB70 -> 006F20E0 parameter 1 as /uint @ 0055DBB1 (address-of global)	-
008032B0	PTR_008032b0	pointer:/ushort	{/uint=1}	{}	{}	1	/uint	0	0055DB70 -> 006F20E0 parameter 1 as /uint @ 0055DBC6 (address-of global)	-
008032B4	PTR_008032b4	pointer:/ushort	{/uint=1, pointer:/ushort=1}	{}	{}	1		0	004F1530 -> 006B48E0 parameter 9 as pointer:/ushort @ 004F1587 (global value) | 0055D910 -> 006F20E0 parameter 1 as /uint @ 0055D927 (address-of global)	-
008032B8	PTR_008032b8	pointer:/ushort	{/uint=1, pointer:/ushort=14}	{}	{}	1		0	0044EE30 -> 004ACF20 parameter 1 as pointer:/ushort @ 00450DA6 (global value) | 004C9770 -> 004ACF20 parameter 1 as pointer:/ushort @ 004C9E4E (global value) | 0055D910 -> 006F20E0 parameter 1 as /uint @ 0055D93C (address-of global) | 00584380 -> 004ACF20 parameter 1 as pointer:/ushort @ 005843EC (global value) | 00584B10 -> 004ACF20 parameter 1 as pointer:/ushort @ 00584B84 (global value) | 00589740 -> 004ACF20 parameter 1 as pointer:/ushort @ 005897AC (global value) | 005EC9F0 -> 004ACF20 parameter 1 as pointer:/ushort @ 005ECC44 (global value) | 005F6AF0 -> 004ACF20 parameter 1 as pointer:/ushort @ 005F6CBA (global value) | 005FDB50 -> 004ACF20 parameter 1 as pointer:/ushort @ 005FDCD2 (global value) | 006132F0 -> 004ACF20 parameter 1 as pointer:/ushort @ 006135BE (global value) | 006195E0 -> 006EA790 parameter 2 as pointer:/ushort @ 006197EB (global value) | 00623170 -> 004ACF20 parameter 1 as pointer:/ushort @ 006233B3 (global value) | 006364B0 -> 006EA8A0 parameter 4 as pointer:/ushort @ 006365B8 (global value) | 00639990 -> 004ACF20 parameter 1 as pointer:/ushort @ 00639A80 (global value) | 006406D0 -> 004ACF20 parameter 1 as pointer:/ushort @ 006426CF (global value)	-
008032BC	PTR_008032bc	pointer:/ushort	{/uint=1, pointer:/ushort=1}	{}	{}	1		0	0055D910 -> 006F20E0 parameter 1 as /uint @ 0055D951 (address-of global) | 00638830 -> 006EA8A0 parameter 4 as pointer:/ushort @ 006388DA (global value)	-
008032C0	PTR_008032c0	pointer:/ushort	{/uint=1, pointer:/ushort=2}	{}	{}	1		0	0041E530 -> 006E97C0 parameter 2 as pointer:/ushort @ 0041ECB3 (global value) | 0055D910 -> 006F20E0 parameter 1 as /uint @ 0055D966 (address-of global) | 00575CB0 -> 006EA680 parameter 2 as pointer:/ushort @ 005764CD (global value)	-
008032C4	PTR_008032c4	pointer:/ushort	{/uint=1}	{}	{}	1	/uint	0	0055D910 -> 006F20E0 parameter 1 as /uint @ 0055D97B (address-of global)	-
008032C8	PTR_008032c8	pointer:/ushort	{/uint=1, pointer:/ushort=1}	{}	{}	1		0	0055D910 -> 006F20E0 parameter 1 as /uint @ 0055D990 (address-of global) | 0056DB80 -> 006DDAE0 parameter 4 as pointer:/ushort @ 0056E440 (global value)	-
008032CC	PTR_008032cc	pointer:/ushort	{/uint=1}	{}	{}	1	/uint	0	0055D910 -> 006F20E0 parameter 1 as /uint @ 0055D9A5 (address-of global)	-
008032D0	PTR_008032d0	pointer:/ushort	{/uint=1}	{}	{}	1	/uint	0	0055D910 -> 006F20E0 parameter 1 as /uint @ 0055D9BA (address-of global)	-
008032D4	PTR_008032d4	pointer:/ushort	{/uint=1}	{}	{}	1	/uint	0	0055D910 -> 006F20E0 parameter 1 as /uint @ 0055D9CF (address-of global)	-
008033F0	g_soundManager_008033F0	pointer:/SoundManagerTy	{}	{pointer:/SoundManagerTy=1}	{}	0		0		00566C20 exact CFG this store @ 00566C91
00803408	DAT_00803408	/undefined4	{/char=2}	{}	{}	2	/char	0	0056FA60 -> 0072F110 parameter 0 as /char @ 00570ADE (address-of global) | 0056FA60 -> 0072F110 parameter 0 as /char @ 00570B6A (address-of global)	-
00806724	PTR_00806724	pointer:/SubmarineTitans/Recovered/PointerShapes/AnonShape_GLOBAL_00806724_3210464F	{/int=1}	{pointer:/char=1}	{}	1	pointer:/char	0	005770D0 -> 0070B1D0 parameter 0 as /int @ 0057712C (address-of global)	00576EF0 stores named pointer from Library::Ourlib::MFIMG::mfImtLoad return @ 00576FBB
00806728	g_app_00806728	pointer:/AppClassTy	{pointer:/AppClassTy=5}	{pointer:/STAppC=2}	{}	0	pointer:/STAppC	0	00542D80 -> 00542440 parameter 1 as pointer:/AppClassTy @ 00542DC7 (global value) | 0054C740 -> 0054CB40 parameter 1 as pointer:/AppClassTy @ 0054C78B (global value) | 00576BB0 -> 00576AA0 parameter 1 as pointer:/AppClassTy @ 00576BF7 (global value) | 00577280 -> 00576DD0 parameter 1 as pointer:/AppClassTy @ 005772CA (global value) | 005782D0 -> 005781C0 parameter 1 as pointer:/AppClassTy @ 005782E7 (global value)	0056A5F0 exact CFG this store @ 0056A683 | 0056A5F0 stores named pointer from STAppC::STAppC this @ 0056A683
00806730	g_nWidth_00806730	/int	{/int=2}	{}	{}	0		0	0056ADC0 -> EXTERNAL:00000087 parameter 6 as /int @ 0056AF13 (global value) | 0056D740 -> EXTERNAL:00000095 parameter 3 as /int @ 0056D921 (global value)	-
00806734	DAT_00806734	/undefined4	{/WinDef.h/UINT=2, /int=2}	{}	{}	0		0	0056ADC0 -> EXTERNAL:00000087 parameter 7 as /int @ 0056AF13 (global value) | 0056D740 -> EXTERNAL:00000095 parameter 4 as /int @ 0056D921 (global value) | 005718D0 -> 006C4880 parameter 4 as /WinDef.h/UINT @ 00571956 (global value) | 005C7800 -> 006C4880 parameter 4 as /WinDef.h/UINT @ 005C78C7 (global value)	-
00806740	PTR_00806740	pointer:/SubmarineTitans/Recovered/DArrayTy	{pointer:/SubmarineTitans/Recovered/DArrayTy=1}	{}	{}	0	pointer:/uint	0	0056C750 -> 006AE110 parameter 0 as pointer:/SubmarineTitans/Recovered/DArrayTy @ 0056C7B1 (global value)	-
00806748	g_hWnd_00806748	/WinDef.h/HWND	{/WinDef.h/HWND=8}	{pointer:/WinDef.h/HWND__=1}	{}	0	pointer:/WinDef.h/HWND__	0	00495750 -> EXTERNAL:00000081 parameter 0 as /WinDef.h/HWND @ 00495849 (global value) | 00555570 -> EXTERNAL:00000085 parameter 1 as /WinDef.h/HWND @ 00555594 (global value) | 00555570 -> EXTERNAL:00000085 parameter 1 as /WinDef.h/HWND @ 005555C5 (global value) | 0056ADC0 -> 006B9B20 parameter 1 as /WinDef.h/HWND @ 0056B1DA (global value) | 0056ADC0 -> EXTERNAL:00000086 parameter 0 as /WinDef.h/HWND @ 0056AF53 (global value) | 0056ADC0 -> EXTERNAL:0000008A parameter 0 as /WinDef.h/HWND @ 0056AF46 (global value) | 0056C750 -> EXTERNAL:0000008E parameter 0 as /WinDef.h/HWND @ 0056CA20 (global value) | 00575A10 -> EXTERNAL:00000081 parameter 0 as /WinDef.h/HWND @ 00575B35 (global value)	0056ADC0 stores named pointer from USER32.DLL::CreateWindowExA return @ 0056AF1B
00806750	PTR_00806750	pointer:/short	{/int=1, pointer:/short=3}	{pointer:/short=1}	{}	1		0	00495E50 -> 00575640 parameter 0 as pointer:/short @ 00495E78 (global value) | 004F5690 -> 0052AB40 parameter 0 as pointer:/short @ 004F7008 (global value) | 0056F250 -> 006EFDB0 parameter 0 as pointer:/short @ 0056F3E1 (global value) | 005770D0 -> 0042A780 parameter 0 as /int @ 005771AA (address-of global)	00576EF0 stores named pointer from LoadLand return @ 00576F39
00806754	g_cMf32_00806754	pointer:/cMf32	{pointer:/cMf32=15}	{}	{}	0		0	00430A90 -> 006F2D90 parameter 0 as pointer:/cMf32 @ 00430BBF (global value) | 00430A90 -> 006F2D90 parameter 0 as pointer:/cMf32 @ 004311CA (global value) | 004A8FC0 -> 006F2D90 parameter 0 as pointer:/cMf32 @ 004A9007 (global value) | 0054E4F0 -> 006F2E40 parameter 0 as pointer:/cMf32 @ 0054E6EF (global value) | 005564C0 -> 006F2D90 parameter 0 as pointer:/cMf32 @ 0055654D (global value) | 00558840 -> 006F2D90 parameter 0 as pointer:/cMf32 @ 005588FC (global value) | 0056DB80 -> 006F1170 parameter 0 as pointer:/cMf32 @ 0056E495 (global value) | 0056DB80 -> 006F1170 parameter 0 as pointer:/cMf32 @ 0056E6A9 (global value) | 0056DB80 -> 0071AA10 parameter 0 as pointer:/cMf32 @ 0056E1AE (global value) | 0056DB80 -> 0071AA10 parameter 0 as pointer:/cMf32 @ 0056E1EE (global value) | 0056DB80 -> 0071AD00 parameter 0 as pointer:/cMf32 @ 0056DF99 (global value) | 00576EF0 -> 0042A290 parameter 0 as pointer:/cMf32 @ 00576F31 (global value) | 005F10D0 -> 006F2D90 parameter 0 as pointer:/cMf32 @ 005F1155 (global value) | 0062CCA0 -> 006F2D90 parameter 0 as pointer:/cMf32 @ 0062CD82 (global value) | 00630430 -> 006F2D90 parameter 0 as pointer:/cMf32 @ 006304B2 (global value)	-
00806758	g_cMf32_00806758	pointer:/cMf32	{pointer:/cMf32=7}	{}	{}	0		0	004F80A0 -> 0070B430 parameter 0 as pointer:/cMf32 @ 004F8847 (global value) | 004F96A0 -> 0070B430 parameter 0 as pointer:/cMf32 @ 004F9A4F (global value) | 004F9CD0 -> 00715050 parameter 0 as pointer:/cMf32 @ 004F9D17 (global value) | 00568DD0 -> 00719D00 parameter 0 as pointer:/cMf32 @ 00569C6E (global value) | 0056C750 -> 006F1170 parameter 0 as pointer:/cMf32 @ 0056C878 (global value) | 0056DB80 -> 006F1170 parameter 0 as pointer:/cMf32 @ 0056DE24 (global value) | 005DCE90 -> 006F1170 parameter 0 as pointer:/cMf32 @ 005DD030 (global value)	-
0080675C	g_cMf32_0080675C	pointer:/cMf32	{pointer:/cMf32=7}	{}	{}	0		0	0056ADC0 -> 0067E7E0 parameter 0 as pointer:/cMf32 @ 0056B0F4 (global value) | 0056C750 -> 006F1170 parameter 0 as pointer:/cMf32 @ 0056C912 (global value) | 0056EBE0 -> 0067DFD0 parameter 0 as pointer:/cMf32 @ 0056ECE7 (global value) | 0056EBE0 -> 0067DFD0 parameter 0 as pointer:/cMf32 @ 0056ECFF (global value) | 0056EBE0 -> 0067DFD0 parameter 0 as pointer:/cMf32 @ 0056ED16 (global value) | 0056EBE0 -> 0071AA10 parameter 0 as pointer:/cMf32 @ 0056EC62 (global value) | 0056EBE0 -> 0071AA10 parameter 0 as pointer:/cMf32 @ 0056EC9A (global value)	-
00806760	g_cMf32_00806760	pointer:/cMf32	{pointer:/cMf32=6}	{}	{}	0		0	0042A290 -> 006EF640 parameter 2 as pointer:/cMf32 @ 0042A2D9 (global value) | 0042A290 -> 006EF640 parameter 3 as pointer:/cMf32 @ 0042A2D9 (global value) | 0056C750 -> 006F1170 parameter 0 as pointer:/cMf32 @ 0056C8B5 (global value) | 0056DB80 -> 006F1170 parameter 0 as pointer:/cMf32 @ 0056E01F (global value) | 0056DB80 -> 0070A9F0 parameter 0 as pointer:/cMf32 @ 0056E061 (global value) | 00576EF0 -> 00725550 parameter 0 as pointer:/cMf32 @ 00576FF8 (global value)	-
00806764	PTR_00806764	pointer:/int	{/int=2, pointer:/int=35}	{}	{}	2		0	0044EE30 -> 004AB880 parameter 2 as pointer:/int @ 00450D51 (global value) | 004B8C80 -> 004AB880 parameter 2 as pointer:/int @ 004B962C (global value) | 004C9770 -> 004AB880 parameter 2 as pointer:/int @ 004C9E93 (global value) | 004C9770 -> 004AB880 parameter 2 as pointer:/int @ 004C9EC0 (global value) | 004CC370 -> 004AB880 parameter 2 as pointer:/int @ 004CC4D5 (global value) | 004D11D0 -> 004AB880 parameter 2 as pointer:/int @ 004D1BA6 (global value) | 004D11D0 -> 004AB880 parameter 2 as pointer:/int @ 004D1BCC (global value) | 0056C750 -> 0070A300 parameter 0 as /int @ 0056C8A7 (address-of global) | 0056DB80 -> 0070A300 parameter 0 as /int @ 0056E010 (address-of global) | 00575CB0 -> 00709AF0 parameter 0 as pointer:/int @ 00576205 (global value) | 00575CB0 -> 00709AF0 parameter 0 as pointer:/int @ 00576263 (global value) | 005805C0 -> 004AB880 parameter 2 as pointer:/int @ 00580606 (global value) | 00584380 -> 004AB880 parameter 2 as pointer:/int @ 00584422 (global value) | 00584B10 -> 004AB880 parameter 2 as pointer:/int @ 00584BCF (global value) | 00589740 -> 004AB880 parameter 2 as pointer:/int @ 005897E2 (global value) | 0058D7C0 -> 004AB880 parameter 2 as pointer:/int @ 0058DEFE (global value) | 0058E570 -> 004AB880 parameter 2 as pointer:/int @ 0058E8E8 (global value) | 005EC9F0 -> 004AB880 parameter 2 as pointer:/int @ 005ECBEF (global value) | 005F35F0 -> 00709AF0 parameter 0 as pointer:/int @ 005F37A2 (global value) | 005F4A30 -> 00709AF0 parameter 0 as pointer:/int @ 005F4A9F (global value) | 005F6AF0 -> 004AB880 parameter 2 as pointer:/int @ 005F6C67 (global value) | 005FDB50 -> 004AB880 parameter 2 as pointer:/int @ 005FDC5B (global value) | 006132F0 -> 004AB880 parameter 2 as pointer:/int @ 006134F2 (global value) | 006195E0 -> 00709AF0 parameter 0 as pointer:/int @ 00619817 (global value) | 00623170 -> 004AB880 parameter 2 as pointer:/int @ 006233FA (global value) | 00624000 -> 00709AF0 parameter 0 as pointer:/int @ 0062409D (global value) | 006298A0 -> 00709AF0 parameter 0 as pointer:/int @ 00629903 (global value) | 006364B0 -> 00709AF0 parameter 0 as pointer:/int @ 006365E1 (global value) | 00639990 -> 004AB880 parameter 2 as pointer:/int @ 00639AEB (global value) | 00639C90 -> 004AB880 parameter 2 as pointer:/int @ 00639EA8 (global value) | 00639C90 -> 004AB880 parameter 2 as pointer:/int @ 0063B5FA (global value) | 0063E160 -> 00709AF0 parameter 0 as pointer:/int @ 0063E203 (global value) | 006406D0 -> 004AB880 parameter 2 as pointer:/int @ 006425E3 (global value) | 006461E0 -> 00709AF0 parameter 0 as pointer:/int @ 0064662D (global value) | 006474E0 -> 00709AF0 parameter 0 as pointer:/int @ 00647546 (global value) | 006474E0 -> 00709AF0 parameter 0 as pointer:/int @ 00647634 (global value) | 006474E0 -> 00709AF0 parameter 0 as pointer:/int @ 00647736 (global value)	-
00806768	DAT_00806768	/undefined4	{pointer:/cMf32=1}	{}	{}	0	pointer:/cMf32	0	0056D580 -> 006F1170 parameter 0 as pointer:/cMf32 @ 0056D678 (global value)	-
0080676C	PTR_0080676c	pointer:/int	{/int=1, pointer:/int=24}	{}	{}	1		0	0056D580 -> 0070A300 parameter 0 as /int @ 0056D669 (address-of global) | 00578630 -> 004AB880 parameter 2 as pointer:/int @ 00578904 (global value) | 00578630 -> 004AB880 parameter 2 as pointer:/int @ 00578937 (global value) | 00578630 -> 004AB880 parameter 2 as pointer:/int @ 00578971 (global value) | 00578630 -> 004AB880 parameter 2 as pointer:/int @ 005789A3 (global value) | 00578630 -> 004AB880 parameter 2 as pointer:/int @ 005789DE (global value) | 00578630 -> 004AB880 parameter 2 as pointer:/int @ 00578A10 (global value) | 00578630 -> 004AB880 parameter 2 as pointer:/int @ 00578A3E (global value) | 00578630 -> 004AB880 parameter 2 as pointer:/int @ 00578A71 (global value) | 00578630 -> 004AB880 parameter 2 as pointer:/int @ 00578AAB (global value) | 00578630 -> 004AB880 parameter 2 as pointer:/int @ 00578ADD (global value) | 00578630 -> 004AB880 parameter 2 as pointer:/int @ 00578B11 (global value) | 00578630 -> 004AB880 parameter 2 as pointer:/int @ 00578B43 (global value) | 0057BF60 -> 004AB880 parameter 2 as pointer:/int @ 0057C22E (global value) | 0057BF60 -> 004AB880 parameter 2 as pointer:/int @ 0057C269 (global value) | 0057BF60 -> 004AB880 parameter 2 as pointer:/int @ 0057C298 (global value) | 0057BF60 -> 004AB880 parameter 2 as pointer:/int @ 0057C2E5 (global value) | 0057BF60 -> 004AB880 parameter 2 as pointer:/int @ 0057C319 (global value) | 00583270 -> 004AB880 parameter 2 as pointer:/int @ 00583631 (global value) | 00583270 -> 004AB880 parameter 2 as pointer:/int @ 005836B0 (global value) | 00589C10 -> 004AB880 parameter 2 as pointer:/int @ 00589F5C (global value) | 00589C10 -> 004AB880 parameter 2 as pointer:/int @ 00589F89 (global value) | 00589C10 -> 004AB880 parameter 2 as pointer:/int @ 00589FBA (global value) | 00589C10 -> 004AB880 parameter 2 as pointer:/int @ 00589FEB (global value) | 0058D7C0 -> 004AB880 parameter 2 as pointer:/int @ 0058DAA9 (global value)	-
00806770	PTR_00806770	pointer:/cMf32	{pointer:/cMf32=2}	{}	{}	0		0	0056D580 -> 006F1170 parameter 0 as pointer:/cMf32 @ 0056D64D (global value) | 00576EF0 -> 0070AE60 parameter 0 as pointer:/cMf32 @ 00576FB0 (global value)	-
00806774	PTR_00806774	pointer:/int	{/int=1, pointer:/int=81}	{}	{}	1		0	0041E530 -> 004AD4A0 parameter 1 as pointer:/int @ 0041EE4E (global value) | 00420340 -> 004AB880 parameter 2 as pointer:/int @ 004206B4 (global value) | 00420340 -> 004AB880 parameter 2 as pointer:/int @ 004206E9 (global value) | 00420AE0 -> 004AB880 parameter 2 as pointer:/int @ 00420D97 (global value) | 00420AE0 -> 004AB880 parameter 2 as pointer:/int @ 00420DED (global value) | 0044EE30 -> 004AB880 parameter 2 as pointer:/int @ 004501D7 (global value) | 0044EE30 -> 004AB880 parameter 2 as pointer:/int @ 00450A94 (global value) | 0044EE30 -> 004AB880 parameter 2 as pointer:/int @ 00450D29 (global value) | 0044EE30 -> 004AB880 parameter 2 as pointer:/int @ 00450D78 (global value) | 0044EE30 -> 004AB880 parameter 2 as pointer:/int @ 00450DCE (global value) | 0044EE30 -> 004AB880 parameter 2 as pointer:/int @ 00450E0E (global value) | 00462180 -> 004AB880 parameter 2 as pointer:/int @ 004637A9 (global value) | 004C9770 -> 004AB880 parameter 2 as pointer:/int @ 004C9DA3 (global value) | 004C9770 -> 004AB880 parameter 2 as pointer:/int @ 004C9E20 (global value) | 004D9000 -> 004AB880 parameter 2 as pointer:/int @ 004D911A (global value) | 004D9C80 -> 004AB880 parameter 2 as pointer:/int @ 004D9DC3 (global value) | 004DCE00 -> 004AB880 parameter 2 as pointer:/int @ 004DCECB (global value) | 004EAA20 -> 004AB880 parameter 2 as pointer:/int @ 004EAB56 (global value) | 004ECEA0 -> 004AB880 parameter 2 as pointer:/int @ 004ECFCC (global value) | 0056D580 -> 0070A300 parameter 0 as /int @ 0056D63F (address-of global) | 0057BF60 -> 004AB880 parameter 2 as pointer:/int @ 0057C626 (global value) | 00580B60 -> 00709AF0 parameter 0 as pointer:/int @ 00580BED (global value) | 00584380 -> 004AB880 parameter 2 as pointer:/int @ 005843D3 (global value) | 00584B10 -> 004AB880 parameter 2 as pointer:/int @ 00584B3B (global value) | 00584B10 -> 004AB880 parameter 2 as pointer:/int @ 00584B52 (global value) | 005859A0 -> 004AB880 parameter 2 as pointer:/int @ 00585C08 (global value) | 00588BC0 -> 004AB880 parameter 2 as pointer:/int @ 00589041 (global value) | 00589740 -> 004AB880 parameter 2 as pointer:/int @ 00589793 (global value) | 0058BD90 -> 004AB880 parameter 2 as pointer:/int @ 0058C038 (global value) | 0058C760 -> 004AB880 parameter 2 as pointer:/int @ 0058C9CD (global value) | 005EC9F0 -> 004AB880 parameter 2 as pointer:/int @ 005ECA72 (global value) | 005EC9F0 -> 004AB880 parameter 2 as pointer:/int @ 005ECB5D (global value) | 005EC9F0 -> 004AB880 parameter 2 as pointer:/int @ 005ECBC8 (global value) | 005EC9F0 -> 004AB880 parameter 2 as pointer:/int @ 005ECC16 (global value) | 005F1700 -> 00709AF0 parameter 0 as pointer:/int @ 005F1773 (global value) | 005F35F0 -> 00709AF0 parameter 0 as pointer:/int @ 005F365D (global value) | 005F35F0 -> 00709AF0 parameter 0 as pointer:/int @ 005F3733 (global value) | 005F6AF0 -> 004AB880 parameter 2 as pointer:/int @ 005F6BAB (global value) | 005F6AF0 -> 004AB880 parameter 2 as pointer:/int @ 005F6C8C (global value) | 005FDB50 -> 004AB880 parameter 2 as pointer:/int @ 005FDC3D (global value) | 005FDB50 -> 004AB880 parameter 2 as pointer:/int @ 005FDC7A (global value) | 005FDB50 -> 004AB880 parameter 2 as pointer:/int @ 005FDEE1 (global value) | 006029C0 -> 004AB880 parameter 2 as pointer:/int @ 00602A35 (global value) | 006029C0 -> 004AB880 parameter 2 as pointer:/int @ 00602AB1 (global value) | 00602E90 -> 00709AF0 parameter 0 as pointer:/int @ 00602F05 (global value) | 006051B0 -> 004AB880 parameter 2 as pointer:/int @ 00605243 (global value) | 006051B0 -> 004AB880 parameter 2 as pointer:/int @ 006053BA (global value) | 006051B0 -> 004AB880 parameter 2 as pointer:/int @ 006053DC (global value) | 006132F0 -> 004AB880 parameter 2 as pointer:/int @ 006133EA (global value) | 006132F0 -> 004AB880 parameter 2 as pointer:/int @ 00613417 (global value) | 006132F0 -> 004AB880 parameter 2 as pointer:/int @ 006134CF (global value) | 006132F0 -> 004AB880 parameter 2 as pointer:/int @ 00613515 (global value) | 006195E0 -> 00709AF0 parameter 0 as pointer:/int @ 00619633 (global value) | 006195E0 -> 00709AF0 parameter 0 as pointer:/int @ 00619716 (global value) | 006195E0 -> 00709AF0 parameter 0 as pointer:/int @ 0061978D (global value) | 0061DB80 -> 00709AF0 parameter 0 as pointer:/int @ 0061DBD2 (global value) | 00623170 -> 004AB880 parameter 2 as pointer:/int @ 0062327F (global value) | 00623170 -> 004AB880 parameter 2 as pointer:/int @ 00623372 (global value) | 00624000 -> 00709AF0 parameter 0 as pointer:/int @ 00624064 (global value) | 00624000 -> 00709AF0 parameter 0 as pointer:/int @ 006240DA (global value) | 00629070 -> 00709AF0 parameter 0 as pointer:/int @ 006292B0 (global value) | 0062F3B0 -> 004AB880 parameter 2 as pointer:/int @ 0062F51F (global value) | 00630C50 -> 00709AF0 parameter 0 as pointer:/int @ 00630CDE (global value) | 00632A00 -> 00709AF0 parameter 0 as pointer:/int @ 00632B3C (global value) | 00632A00 -> 00709AF0 parameter 0 as pointer:/int @ 00632B66 (global value) | 00638070 -> 00709AF0 parameter 0 as pointer:/int @ 0063812F (global value) | 00639990 -> 004AB880 parameter 2 as pointer:/int @ 006399C1 (global value) | 00639990 -> 004AB880 parameter 2 as pointer:/int @ 006399E4 (global value) | 00639990 -> 004AB880 parameter 2 as pointer:/int @ 00639AC8 (global value) | 00639C90 -> 004AB880 parameter 2 as pointer:/int @ 00639D35 (global value) | 00639C90 -> 004AB880 parameter 2 as pointer:/int @ 00639D79 (global value) | 00639C90 -> 004AB880 parameter 2 as pointer:/int @ 00639E80 (global value) | 00639C90 -> 004AB880 parameter 2 as pointer:/int @ 0063B5D2 (global value) | 0063DEF0 -> 00709AF0 parameter 0 as pointer:/int @ 0063DF52 (global value) | 0063DEF0 -> 00709AF0 parameter 0 as pointer:/int @ 0063E069 (global value) | 0063F340 -> 00709AF0 parameter 0 as pointer:/int @ 0063F361 (global value) | 0063F3D0 -> 00709AF0 parameter 0 as pointer:/int @ 0063F434 (global value) | 0063F3D0 -> 00709AF0 parameter 0 as pointer:/int @ 0063F54A (global value) | 0063F3D0 -> 00709AF0 parameter 0 as pointer:/int @ 0063F596 (global value) | 006406D0 -> 004AB880 parameter 2 as pointer:/int @ 00640D3E (global value) | 006406D0 -> 004AB880 parameter 2 as pointer:/int @ 006425A1 (global value) | 006406D0 -> 004AB880 parameter 2 as pointer:/int @ 0064262C (global value)	-
00806778	DAT_00806778	/undefined4	{pointer:/cMf32=1}	{}	{}	0	pointer:/cMf32	0	0056D580 -> 006F1170 parameter 0 as pointer:/cMf32 @ 0056D623 (global value)	-
0080677C	PTR_0080677c	pointer:/int	{/int=1, pointer:/int=5}	{}	{}	1		0	0044EE30 -> 004AB880 parameter 2 as pointer:/int @ 0044FDD0 (global value) | 0044EE30 -> 004AB880 parameter 2 as pointer:/int @ 0044FE1D (global value) | 0044EE30 -> 004AB880 parameter 2 as pointer:/int @ 0044FEDF (global value) | 004D0310 -> 004AB880 parameter 2 as pointer:/int @ 004D03B6 (global value) | 004D0310 -> 004AB880 parameter 2 as pointer:/int @ 004D0406 (global value) | 0056D580 -> 0070A300 parameter 0 as /int @ 0056D614 (address-of global)	-
00806780	g_cMf32_00806780	pointer:/cMf32	{pointer:/cMf32=25}	{}	{}	0		0	0056C750 -> 006F1170 parameter 0 as pointer:/cMf32 @ 0056C8E2 (global value) | 00590B40 -> 0070A9F0 parameter 0 as pointer:/cMf32 @ 00591000 (global value) | 00595E40 -> 0070A9F0 parameter 0 as pointer:/cMf32 @ 00595F0F (global value) | 00595E40 -> 0070CEB0 parameter 1 as pointer:/cMf32 @ 005960A8 (global value) | 00595E40 -> 0070CEB0 parameter 1 as pointer:/cMf32 @ 005960CA (global value) | 005AB300 -> 0070A5A0 parameter 0 as pointer:/cMf32 @ 005AB602 (global value) | 005AB300 -> 0070A9F0 parameter 0 as pointer:/cMf32 @ 005AB56B (global value) | 005AE050 -> 0070A5A0 parameter 0 as pointer:/cMf32 @ 005AE098 (global value) | 005B2970 -> 0070A9F0 parameter 0 as pointer:/cMf32 @ 005B2CAD (global value) | 005B9B10 -> 0070A9F0 parameter 0 as pointer:/cMf32 @ 005B9BD7 (global value) | 005BD7A0 -> 0070A9F0 parameter 0 as pointer:/cMf32 @ 005BD89D (global value) | 005BD7A0 -> 0070AA50 parameter 0 as pointer:/cMf32 @ 005BD910 (global value) | 005BD7A0 -> 0070CEB0 parameter 1 as pointer:/cMf32 @ 005BD968 (global value) | 005C1340 -> 0070A9F0 parameter 0 as pointer:/cMf32 @ 005C13F4 (global value) | 005C29B0 -> 0070A5A0 parameter 0 as pointer:/cMf32 @ 005C2D17 (global value) | 005C29B0 -> 0070A9F0 parameter 0 as pointer:/cMf32 @ 005C2B91 (global value) | 005C6030 -> 0070A6F0 parameter 0 as pointer:/cMf32 @ 005C60F3 (global value) | 005C6030 -> 0070AA70 parameter 0 as pointer:/cMf32 @ 005C60D8 (global value) | 005DB4F0 -> 0055DA40 parameter 0 as pointer:/cMf32 @ 005DB6E8 (global value) | 005DB4F0 -> 0070A5A0 parameter 0 as pointer:/cMf32 @ 005DB6FF (global value) | 005DB4F0 -> 0070AE60 parameter 0 as pointer:/cMf32 @ 005DB551 (global value) | 005E58D0 -> 0070A9F0 parameter 0 as pointer:/cMf32 @ 005E594A (global value) | 005E6770 -> 0070A5A0 parameter 0 as pointer:/cMf32 @ 005E68A9 (global value) | 005E6770 -> 0070A9F0 parameter 0 as pointer:/cMf32 @ 005E6838 (global value) | 005E7FE0 -> 0070A5A0 parameter 0 as pointer:/cMf32 @ 005E802F (global value)	-
00806784	PTR_00806784	pointer:/int	{/int=1, pointer:/int=11}	{}	{}	1		0	00543600 -> 00709AF0 parameter 0 as pointer:/int @ 0054369D (global value) | 00543600 -> 00709AF0 parameter 0 as pointer:/int @ 005436C0 (global value) | 0056C750 -> 0070A300 parameter 0 as /int @ 0056C8D0 (address-of global) | 00595E40 -> 00709AF0 parameter 0 as pointer:/int @ 00595F3D (global value) | 00595E40 -> 00709AF0 parameter 0 as pointer:/int @ 00595F5C (global value) | 00595E40 -> 00709AF0 parameter 0 as pointer:/int @ 00595F7D (global value) | 005AB300 -> 00709AF0 parameter 0 as pointer:/int @ 005AB5E7 (global value) | 005BD7A0 -> 00709AF0 parameter 0 as pointer:/int @ 005BD8FB (global value) | 005C29B0 -> 00709AF0 parameter 0 as pointer:/int @ 005C2D39 (global value) | 005C29B0 -> 00709AF0 parameter 0 as pointer:/int @ 005C2D5B (global value) | 005C29B0 -> 00709AF0 parameter 0 as pointer:/int @ 005C2D81 (global value) | 005DFA30 -> 00709AF0 parameter 0 as pointer:/int @ 005DFCD2 (global value)	-
00806788	DAT_00806788	/undefined4	{pointer:/cMf32=1}	{}	{}	0	pointer:/cMf32	0	0056D580 -> 006F1170 parameter 0 as pointer:/cMf32 @ 0056D5CD (global value)	-
0080678C	PTR_0080678c	pointer:/int	{/int=1, pointer:/int=50}	{}	{}	1		0	004C6210 -> 004AB880 parameter 2 as pointer:/int @ 004C6312 (global value) | 004C6440 -> 004AB880 parameter 2 as pointer:/int @ 004C6636 (global value) | 004C6440 -> 004AB880 parameter 2 as pointer:/int @ 004C66FA (global value) | 004C9770 -> 004AB880 parameter 2 as pointer:/int @ 004C9843 (global value) | 004C9770 -> 004AB880 parameter 2 as pointer:/int @ 004C98A3 (global value) | 004C9770 -> 004AB880 parameter 2 as pointer:/int @ 004C9903 (global value) | 004C9770 -> 004AB880 parameter 2 as pointer:/int @ 004C99AE (global value) | 004C9770 -> 004AB880 parameter 2 as pointer:/int @ 004C9A0E (global value) | 004C9770 -> 004AB880 parameter 2 as pointer:/int @ 004C9A59 (global value) | 004C9770 -> 004AB880 parameter 2 as pointer:/int @ 004C9AA4 (global value) | 004C9770 -> 004AB880 parameter 2 as pointer:/int @ 004C9AEF (global value) | 004C9770 -> 004AB880 parameter 2 as pointer:/int @ 004C9B5A (global value) | 004C9770 -> 004AB880 parameter 2 as pointer:/int @ 004C9C82 (global value) | 004C9770 -> 004AB880 parameter 2 as pointer:/int @ 004C9F6A (global value) | 004C9770 -> 004AB880 parameter 2 as pointer:/int @ 004C9F97 (global value) | 004C9770 -> 004AB880 parameter 2 as pointer:/int @ 004C9FE3 (global value) | 004C9770 -> 004AB880 parameter 2 as pointer:/int @ 004CA010 (global value) | 004CA3C0 -> 004AB880 parameter 2 as pointer:/int @ 004CA4B5 (global value) | 004CA3C0 -> 004AB880 parameter 2 as pointer:/int @ 004CA605 (global value) | 004CC370 -> 004AB880 parameter 2 as pointer:/int @ 004CC4A4 (global value) | 004CC370 -> 004AB880 parameter 2 as pointer:/int @ 004CC4FC (global value) | 004D11D0 -> 004AB880 parameter 2 as pointer:/int @ 004D1C98 (global value) | 004D11D0 -> 004AB880 parameter 2 as pointer:/int @ 004D1D14 (global value) | 004D11D0 -> 004AB880 parameter 2 as pointer:/int @ 004D1D6C (global value) | 004D11D0 -> 004AB880 parameter 2 as pointer:/int @ 004D1D92 (global value) | 004D11D0 -> 004AB880 parameter 2 as pointer:/int @ 004D1DEA (global value) | 004D11D0 -> 004AB880 parameter 2 as pointer:/int @ 004D2016 (global value) | 004D11D0 -> 004AB880 parameter 2 as pointer:/int @ 004D203F (global value) | 004D11D0 -> 004AB880 parameter 2 as pointer:/int @ 004D2186 (global value) | 004D32C0 -> 004AB880 parameter 2 as pointer:/int @ 004D338E (global value) | 004D32C0 -> 004AB880 parameter 2 as pointer:/int @ 004D34FA (global value) | 004D32C0 -> 004AB880 parameter 2 as pointer:/int @ 004D356A (global value) | 004D32C0 -> 004AB880 parameter 2 as pointer:/int @ 004D3656 (global value) | 004D32C0 -> 004AB880 parameter 2 as pointer:/int @ 004D36F4 (global value) | 004D32C0 -> 004AB880 parameter 2 as pointer:/int @ 004D3A2D (global value) | 004D32C0 -> 004AB880 parameter 2 as pointer:/int @ 004D3A83 (global value) | 004D32C0 -> 004AB880 parameter 2 as pointer:/int @ 004D3ABF (global value) | 004D32C0 -> 004AB880 parameter 2 as pointer:/int @ 004D3B15 (global value) | 004D32C0 -> 004AB880 parameter 2 as pointer:/int @ 004D4164 (global value) | 004D32C0 -> 004AB880 parameter 2 as pointer:/int @ 004D41B1 (global value) | 004D32C0 -> 004AB880 parameter 2 as pointer:/int @ 004D41DE (global value) | 004D32C0 -> 004AB880 parameter 2 as pointer:/int @ 004D422B (global value) | 004D32C0 -> 004AB880 parameter 2 as pointer:/int @ 004D4259 (global value) | 004D32C0 -> 004AB880 parameter 2 as pointer:/int @ 004D427F (global value) | 004D55B0 -> 004AB880 parameter 2 as pointer:/int @ 004D57AD (global value) | 004D55B0 -> 004AB880 parameter 2 as pointer:/int @ 004D582E (global value) | 004D55B0 -> 004AB880 parameter 2 as pointer:/int @ 004D5977 (global value) | 004E04A0 -> 004AB880 parameter 2 as pointer:/int @ 004E05FF (global value) | 004E3880 -> 004AB880 parameter 2 as pointer:/int @ 004E38CC (global value) | 0056D580 -> 0070A300 parameter 0 as /int @ 0056D5BF (address-of global) | 00637930 -> 00709AF0 parameter 0 as pointer:/int @ 00637968 (global value)	-
00806790	g_cMf32_00806790	pointer:/cMf32	{pointer:/cMf32=42}	{}	{}	0		0	004EEA40 -> 0070CEB0 parameter 1 as pointer:/cMf32 @ 004EEAEE (global value) | 004F2E40 -> 0070A6F0 parameter 0 as pointer:/cMf32 @ 004F3005 (global value) | 004F2E40 -> 0070AA70 parameter 0 as pointer:/cMf32 @ 004F2FEE (global value) | 004F3130 -> 0070A6F0 parameter 0 as pointer:/cMf32 @ 004F33CB (global value) | 004F3130 -> 0070AA70 parameter 0 as pointer:/cMf32 @ 004F33B9 (global value) | 004F5690 -> 0070CEB0 parameter 1 as pointer:/cMf32 @ 004F57E4 (global value) | 004F5690 -> 0070CEB0 parameter 1 as pointer:/cMf32 @ 004F5807 (global value) | 004F5690 -> 0070CEB0 parameter 1 as pointer:/cMf32 @ 004F582A (global value) | 004F5690 -> 0070CEB0 parameter 1 as pointer:/cMf32 @ 004F584C (global value) | 004F5690 -> 0070CEB0 parameter 1 as pointer:/cMf32 @ 004F5872 (global value) | 00510E30 -> 0070CEB0 parameter 1 as pointer:/cMf32 @ 0051116F (global value) | 005123A0 -> 0070A6F0 parameter 0 as pointer:/cMf32 @ 0051256C (global value) | 005123A0 -> 0070A6F0 parameter 0 as pointer:/cMf32 @ 0051260A (global value) | 005123A0 -> 0070AA70 parameter 0 as pointer:/cMf32 @ 00512552 (global value) | 005123A0 -> 0070AA70 parameter 0 as pointer:/cMf32 @ 005125F0 (global value) | 00512830 -> 0070A6F0 parameter 0 as pointer:/cMf32 @ 0051294A (global value) | 00512830 -> 0070A6F0 parameter 0 as pointer:/cMf32 @ 005129DD (global value) | 00512830 -> 0070AA70 parameter 0 as pointer:/cMf32 @ 00512930 (global value) | 00512830 -> 0070AA70 parameter 0 as pointer:/cMf32 @ 005129C3 (global value) | 00512BE0 -> 0070A6F0 parameter 0 as pointer:/cMf32 @ 00512D92 (global value) | 00512BE0 -> 0070A6F0 parameter 0 as pointer:/cMf32 @ 00512E16 (global value) | 00512BE0 -> 0070AA70 parameter 0 as pointer:/cMf32 @ 00512D78 (global value) | 00512BE0 -> 0070AA70 parameter 0 as pointer:/cMf32 @ 00512DFD (global value) | 0051FF50 -> 0070CEB0 parameter 1 as pointer:/cMf32 @ 0052006D (global value) | 0052BF00 -> 0070CEB0 parameter 1 as pointer:/cMf32 @ 0052C06D (global value) | 0052BF00 -> 0070CEB0 parameter 1 as pointer:/cMf32 @ 0052C092 (global value) | 0052FB00 -> 0070A6F0 parameter 0 as pointer:/cMf32 @ 0053160E (global value) | 0052FB00 -> 0070A6F0 parameter 0 as pointer:/cMf32 @ 005316D3 (global value) | 0052FB00 -> 0070A6F0 parameter 0 as pointer:/cMf32 @ 00531A93 (global value) | 0052FB00 -> 0070A6F0 parameter 0 as pointer:/cMf32 @ 00531B3A (global value) | 0052FB00 -> 0070AA70 parameter 0 as pointer:/cMf32 @ 005315F3 (global value) | 0052FB00 -> 0070AA70 parameter 0 as pointer:/cMf32 @ 005316B9 (global value) | 0052FB00 -> 0070AA70 parameter 0 as pointer:/cMf32 @ 00531A79 (global value) | 0052FB00 -> 0070AA70 parameter 0 as pointer:/cMf32 @ 00531B20 (global value) | 00538690 -> 0070A6F0 parameter 0 as pointer:/cMf32 @ 005388A5 (global value) | 00538690 -> 0070AA70 parameter 0 as pointer:/cMf32 @ 0053888F (global value) | 0053DEA0 -> 0070A6F0 parameter 0 as pointer:/cMf32 @ 0053E093 (global value) | 0053DEA0 -> 0070AA70 parameter 0 as pointer:/cMf32 @ 0053E07C (global value) | 005424A0 -> 0070A6F0 parameter 0 as pointer:/cMf32 @ 005428B5 (global value) | 005424A0 -> 0070AA70 parameter 0 as pointer:/cMf32 @ 0054289E (global value) | 00550DB0 -> 0070CEB0 parameter 1 as pointer:/cMf32 @ 00550E6D (global value) | 0056D580 -> 006F1170 parameter 0 as pointer:/cMf32 @ 0056D5F8 (global value)	-
00806794	PTR_00806794	pointer:/int	{/int=1, pointer:/int=44}	{}	{}	1		0	004ED630 -> 00709AF0 parameter 0 as pointer:/int @ 004ED6D4 (global value) | 004EEA40 -> 00709AF0 parameter 0 as pointer:/int @ 004EEB92 (global value) | 004EEA40 -> 00709AF0 parameter 0 as pointer:/int @ 004EEBB6 (global value) | 004EFB60 -> 00709AF0 parameter 0 as pointer:/int @ 004EFBF9 (global value) | 004EFB60 -> 00709AF0 parameter 0 as pointer:/int @ 004EFC1C (global value) | 004F05C0 -> 00709AF0 parameter 0 as pointer:/int @ 004F06CF (global value) | 004F05C0 -> 00709AF0 parameter 0 as pointer:/int @ 004F06EE (global value) | 004F5690 -> 00709AF0 parameter 0 as pointer:/int @ 004F5A32 (global value) | 004F5690 -> 00709AF0 parameter 0 as pointer:/int @ 004F5A51 (global value) | 004F5690 -> 00709AF0 parameter 0 as pointer:/int @ 004F5A74 (global value) | 004F5690 -> 00709AF0 parameter 0 as pointer:/int @ 004F5A94 (global value) | 004F5690 -> 00709AF0 parameter 0 as pointer:/int @ 004F5AB6 (global value) | 004F5690 -> 00709AF0 parameter 0 as pointer:/int @ 004F5B8C (global value) | 004F5690 -> 00709AF0 parameter 0 as pointer:/int @ 004F5BAB (global value) | 004F5690 -> 00709AF0 parameter 0 as pointer:/int @ 004F5BCE (global value) | 004F5690 -> 00709AF0 parameter 0 as pointer:/int @ 004F5BEE (global value) | 004F5690 -> 00709AF0 parameter 0 as pointer:/int @ 004F5C3A (global value) | 004F5690 -> 00709AF0 parameter 0 as pointer:/int @ 004F5C5D (global value) | 004F5690 -> 00709AF0 parameter 0 as pointer:/int @ 004F5C7C (global value) | 004F5690 -> 00709AF0 parameter 0 as pointer:/int @ 004F5CC9 (global value) | 004F5690 -> 00709AF0 parameter 0 as pointer:/int @ 004F5D15 (global value) | 004F5690 -> 00709AF0 parameter 0 as pointer:/int @ 004F5D38 (global value) | 004F5690 -> 00709AF0 parameter 0 as pointer:/int @ 004F5D57 (global value) | 004F80A0 -> 00709AF0 parameter 0 as pointer:/int @ 004F8350 (global value) | 0050A340 -> 00709AF0 parameter 0 as pointer:/int @ 0050B30F (global value) | 00510E30 -> 00709AF0 parameter 0 as pointer:/int @ 005111BF (global value) | 00510E30 -> 00709AF0 parameter 0 as pointer:/int @ 005111E1 (global value) | 00510E30 -> 00709AF0 parameter 0 as pointer:/int @ 00511200 (global value) | 00510E30 -> 00709AF0 parameter 0 as pointer:/int @ 00511221 (global value) | 00510E30 -> 00709AF0 parameter 0 as pointer:/int @ 00511240 (global value) | 00510E30 -> 00709AF0 parameter 0 as pointer:/int @ 00511262 (global value) | 00510E30 -> 00709AF0 parameter 0 as pointer:/int @ 00511280 (global value) | 00510E30 -> 00709AF0 parameter 0 as pointer:/int @ 005112A2 (global value) | 00510E30 -> 00709AF0 parameter 0 as pointer:/int @ 005112C1 (global value) | 00510E30 -> 00709AF0 parameter 0 as pointer:/int @ 005112E2 (global value) | 0051FF50 -> 00709AF0 parameter 0 as pointer:/int @ 0051FFFE (global value) | 0051FF50 -> 00709AF0 parameter 0 as pointer:/int @ 00520020 (global value) | 00539B90 -> 00709AF0 parameter 0 as pointer:/int @ 00539C1E (global value) | 0053C120 -> 00709AF0 parameter 0 as pointer:/int @ 0053C1F9 (global value) | 0053C120 -> 00709AF0 parameter 0 as pointer:/int @ 0053C21C (global value) | 00550DB0 -> 00709AF0 parameter 0 as pointer:/int @ 00550E97 (global value) | 00550DB0 -> 00709AF0 parameter 0 as pointer:/int @ 00550EB5 (global value) | 005528B0 -> 00709AF0 parameter 0 as pointer:/int @ 00552930 (global value) | 005528B0 -> 00709AF0 parameter 0 as pointer:/int @ 00552953 (global value) | 0056D580 -> 0070A300 parameter 0 as /int @ 0056D5E9 (address-of global)	-
00806798	g_cMf32_00806798	pointer:/cMf32	{pointer:/cMf32=7}	{}	{}	0		0	004F80A0 -> 0070B430 parameter 0 as pointer:/cMf32 @ 004F8860 (global value) | 00568DD0 -> 00719D00 parameter 0 as pointer:/cMf32 @ 00569C88 (global value) | 0056C750 -> 006F1170 parameter 0 as pointer:/cMf32 @ 0056C8FA (global value) | 005E1330 -> 0070A9F0 parameter 0 as pointer:/cMf32 @ 005E143F (global value) | 005E1330 -> 00716040 parameter 1 as pointer:/cMf32 @ 005E3096 (global value) | 005E1330 -> 00719D00 parameter 0 as pointer:/cMf32 @ 005E1C71 (global value) | 005E1330 -> 00719D00 parameter 0 as pointer:/cMf32 @ 005E2F35 (global value)	-
0080679C	PTR_0080679c	pointer:/ushort	{/uint=2, pointer:/ushort=8}	{pointer:/ushort=1}	{}	2		0	004F5690 -> 004F4640 parameter 0 as pointer:/ushort @ 004F57B1 (global value) | 004F5690 -> 004F4950 parameter 0 as pointer:/ushort @ 004F58E7 (global value) | 0052DD20 -> 0052CCE0 parameter 0 as pointer:/ushort @ 0052DD7E (global value) | 005424A0 -> 005412B0 parameter 0 as pointer:/ushort @ 00542552 (global value) | 005424A0 -> 00541CF0 parameter 0 as pointer:/ushort @ 0054252E (global value) | 005424A0 -> 00541F60 parameter 0 as pointer:/ushort @ 00542515 (global value) | 005424A0 -> 005421D0 parameter 0 as pointer:/ushort @ 00542500 (global value) | 0056C750 -> 006F20E0 parameter 1 as /uint @ 0056C895 (address-of global) | 0056DB80 -> 006F20E0 parameter 1 as /uint @ 0056DFFE (address-of global) | 00577690 -> 006BC360 parameter 0 as pointer:/ushort @ 005776B8 (global value)	0056DB80 stores named pointer from FUN_0070a9f0 return @ 0056E06E
008071F8	DAT_008071f8	/undefined4	{/WinDef.h/BYTE=2}	{}	{}	2	/WinDef.h/BYTE	0	00572920 -> EXTERNAL:000000C6 parameter 4 as /WinDef.h/BYTE @ 00572B01 (address-of global) | 00572D30 -> EXTERNAL:000000C6 parameter 4 as /WinDef.h/BYTE @ 00572F26 (address-of global)	-
008072F8	DAT_008072f8	/undefined1	{/byte=1}	{}	{}	1	/byte	0	00572920 -> 006F13F0 parameter 3 as /byte @ 00572A67 (address-of global)	-
008073CC	PTR_008073cc	pointer:/ushort	{pointer:/ushort=29}	{}	{}	0		0	0041E530 -> 004AD1F0 parameter 1 as pointer:/ushort @ 0041E9D5 (global value) | 0041E530 -> 004AD1F0 parameter 1 as pointer:/ushort @ 0041EA40 (global value) | 004B9FA0 -> 004AD1F0 parameter 1 as pointer:/ushort @ 004BAA63 (global value) | 004B9FA0 -> 004AD1F0 parameter 1 as pointer:/ushort @ 004BAB7D (global value) | 004C6210 -> 004AD1F0 parameter 1 as pointer:/ushort @ 004C6275 (global value) | 004C6210 -> 004AD1F0 parameter 1 as pointer:/ushort @ 004C62CC (global value) | 004C9770 -> 004ACEF0 parameter 1 as pointer:/ushort @ 004C9C65 (global value) | 004CC220 -> 004AD1F0 parameter 1 as pointer:/ushort @ 004CC2B1 (global value) | 004D01F0 -> 004AD1F0 parameter 1 as pointer:/ushort @ 004D0241 (global value) | 004D11D0 -> 004AD1F0 parameter 1 as pointer:/ushort @ 004D18FC (global value) | 004D11D0 -> 004AD1F0 parameter 1 as pointer:/ushort @ 004D1A31 (global value) | 004D11D0 -> 004AD1F0 parameter 1 as pointer:/ushort @ 004D1B45 (global value) | 004D11D0 -> 004AD1F0 parameter 1 as pointer:/ushort @ 004D2153 (global value) | 004D32C0 -> 004ACEF0 parameter 1 as pointer:/ushort @ 004D336E (global value) | 004D32C0 -> 004ACEF0 parameter 1 as pointer:/ushort @ 004D36D4 (global value) | 004D9000 -> 004AD1F0 parameter 1 as pointer:/ushort @ 004D904B (global value) | 004D9C80 -> 004AD1F0 parameter 1 as pointer:/ushort @ 004D9CD0 (global value) | 004DCE00 -> 004AD1F0 parameter 1 as pointer:/ushort @ 004DCE50 (global value) | 004EAA20 -> 004AD1F0 parameter 1 as pointer:/ushort @ 004EAA70 (global value) | 004EC050 -> 004AD1F0 parameter 1 as pointer:/ushort @ 004EC097 (global value) | 004ECEA0 -> 004AD1F0 parameter 1 as pointer:/ushort @ 004ECEEB (global value) | 0057F580 -> 004AD1F0 parameter 1 as pointer:/ushort @ 0057F632 (global value) | 0057F6E0 -> 004ACEF0 parameter 1 as pointer:/ushort @ 0057F83D (global value) | 0057F6E0 -> 004ACEF0 parameter 1 as pointer:/ushort @ 0057F9F3 (global value) | 0057F6E0 -> 004ACEF0 parameter 1 as pointer:/ushort @ 0057FBBF (global value) | 005FDB50 -> 004AD1F0 parameter 1 as pointer:/ushort @ 005FDEC3 (global value) | 006029C0 -> 004ACEF0 parameter 1 as pointer:/ushort @ 00602A79 (global value) | 006132F0 -> 004AD1F0 parameter 1 as pointer:/ushort @ 0061337D (global value) | 0062F3B0 -> 004AD1F0 parameter 1 as pointer:/ushort @ 0062F4D9 (global value)	-
008073D0	DAT_008073d0	/undefined4	{/byte=1}	{}	{}	1	/byte	0	004A8920 -> 0054D550 parameter 2 as /byte @ 004A8B9F (address-of global)	-
00807598	g_sT3DSMAPContext_00807598	pointer:/SubmarineTitans/Recovered/LibraryContexts/ST3DSMAPContext	{pointer:/HoloTy=1}	{}	{}	0		0	005770D0 -> 0072E2B0 parameter 0 as pointer:/HoloTy @ 00577185 (global value)	-
0080759C	g_dDXContext_0080759C	pointer:/SubmarineTitans/Recovered/LibraryContexts/DDXContext	{pointer:/SubmarineTitans/Recovered/LibraryContexts/DDXContext=96, pointer:/SubmarineTitans/Recovered/PointerShapes/AnonShape_GLOBAL_0080759C_9638EF10=15, pointer:/int=12}	{}	{}	0		0	0042A860 -> 006B08F0 parameter 0 as pointer:/SubmarineTitans/Recovered/PointerShapes/AnonShape_GLOBAL_0080759C_9638EF10 @ 0042A8D0 (global value) | 005403C0 -> 006B4640 parameter 0 as pointer:/SubmarineTitans/Recovered/LibraryContexts/DDXContext @ 00540458 (global value) | 005403C0 -> 006B82E0 parameter 0 as pointer:/SubmarineTitans/Recovered/LibraryContexts/DDXContext @ 00540431 (global value) | 005404F0 -> 006B48A0 parameter 0 as pointer:/int @ 0054058D (global value) | 005404F0 -> 006B82E0 parameter 0 as pointer:/SubmarineTitans/Recovered/LibraryContexts/DDXContext @ 00540561 (global value) | 00540620 -> 006B42D0 parameter 0 as pointer:/SubmarineTitans/Recovered/LibraryContexts/DDXContext @ 005406CE (global value) | 00540620 -> 006B82E0 parameter 0 as pointer:/SubmarineTitans/Recovered/LibraryContexts/DDXContext @ 00540697 (global value) | 00543600 -> 006B88D0 parameter 1 as pointer:/SubmarineTitans/Recovered/LibraryContexts/DDXContext @ 00543666 (global value) | 00554660 -> 006B0A20 parameter 0 as pointer:/SubmarineTitans/Recovered/PointerShapes/AnonShape_GLOBAL_0080759C_9638EF10 @ 005546BB (global value) | 00554660 -> 006B4640 parameter 0 as pointer:/SubmarineTitans/Recovered/LibraryContexts/DDXContext @ 005546EC (global value) | 00554660 -> 006BB370 parameter 0 as pointer:/SubmarineTitans/Recovered/LibraryContexts/DDXContext @ 005546FC (global value) | 005547D0 -> 0055DBF0 parameter 0 as pointer:/SubmarineTitans/Recovered/LibraryContexts/DDXContext @ 005547E2 (global value) | 00554800 -> 006B4640 parameter 0 as pointer:/SubmarineTitans/Recovered/LibraryContexts/DDXContext @ 0055495C (global value) | 00554800 -> 006BB370 parameter 0 as pointer:/SubmarineTitans/Recovered/LibraryContexts/DDXContext @ 0055496A (global value) | 00554A50 -> 006B4640 parameter 0 as pointer:/SubmarineTitans/Recovered/LibraryContexts/DDXContext @ 00554A80 (global value) | 00554A50 -> 006B48A0 parameter 0 as pointer:/int @ 00554A97 (global value) | 00554A50 -> 006BB370 parameter 0 as pointer:/SubmarineTitans/Recovered/LibraryContexts/DDXContext @ 00554AA7 (global value) | 00554AD0 -> 006B42D0 parameter 0 as pointer:/SubmarineTitans/Recovered/LibraryContexts/DDXContext @ 00554B70 (global value) | 00554AD0 -> 006B4680 parameter 0 as pointer:/int @ 00554BA0 (global value) | 00554AD0 -> 006BB370 parameter 0 as pointer:/SubmarineTitans/Recovered/LibraryContexts/DDXContext @ 00554BB0 (global value) | 00554C80 -> 006B42D0 parameter 0 as pointer:/SubmarineTitans/Recovered/LibraryContexts/DDXContext @ 00554D2B (global value) | 00554C80 -> 006B42D0 parameter 0 as pointer:/SubmarineTitans/Recovered/LibraryContexts/DDXContext @ 00554DDF (global value) | 00554C80 -> 006B4680 parameter 0 as pointer:/int @ 00554D5B (global value) | 00554C80 -> 006B4680 parameter 0 as pointer:/int @ 00554E04 (global value) | 00554C80 -> 006BB370 parameter 0 as pointer:/SubmarineTitans/Recovered/LibraryContexts/DDXContext @ 00554E21 (global value) | 0056ADC0 -> 006AD270 parameter 0 as pointer:/SubmarineTitans/Recovered/LibraryContexts/DDXContext @ 0056B339 (global value) | 0056ADC0 -> 006B1300 parameter 1 as pointer:/SubmarineTitans/Recovered/LibraryContexts/DDXContext @ 0056B21A (global value) | 0056ADC0 -> 006B9B40 parameter 0 as pointer:/SubmarineTitans/Recovered/LibraryContexts/DDXContext @ 0056B209 (global value) | 0056ADC0 -> 006BA780 parameter 0 as pointer:/SubmarineTitans/Recovered/LibraryContexts/DDXContext @ 0056B235 (global value) | 0056ADC0 -> 006BBB20 parameter 0 as pointer:/SubmarineTitans/Recovered/LibraryContexts/DDXContext @ 0056B228 (global value) | 0056ADC0 -> 006C2A80 parameter 1 as pointer:/SubmarineTitans/Recovered/LibraryContexts/DDXContext @ 0056B28E (global value) | 0056ADC0 -> 006C3800 parameter 1 as pointer:/SubmarineTitans/Recovered/LibraryContexts/DDXContext @ 0056B252 (global value) | 0056CBD0 -> 006B9B40 parameter 0 as pointer:/SubmarineTitans/Recovered/LibraryContexts/DDXContext @ 0056CFAF (global value) | 0056CBD0 -> 006BAB60 parameter 0 as pointer:/SubmarineTitans/Recovered/LibraryContexts/DDXContext @ 0056CFE8 (global value) | 0056CBD0 -> 006BB370 parameter 0 as pointer:/SubmarineTitans/Recovered/LibraryContexts/DDXContext @ 0056CFF8 (global value) | 0056D740 -> 006B1680 parameter 1 as pointer:/SubmarineTitans/Recovered/LibraryContexts/DDXContext @ 0056D9AD (global value) | 0056D740 -> 006B9B40 parameter 0 as pointer:/SubmarineTitans/Recovered/LibraryContexts/DDXContext @ 0056D8F8 (global value) | 0056DB80 -> 0055DBF0 parameter 0 as pointer:/SubmarineTitans/Recovered/LibraryContexts/DDXContext @ 0056DCAC (global value) | 0056DB80 -> 006BA780 parameter 0 as pointer:/SubmarineTitans/Recovered/LibraryContexts/DDXContext @ 0056E653 (global value) | 0056DB80 -> 006BBB20 parameter 0 as pointer:/SubmarineTitans/Recovered/LibraryContexts/DDXContext @ 0056E646 (global value) | 0056FA60 -> 0055DBF0 parameter 0 as pointer:/SubmarineTitans/Recovered/LibraryContexts/DDXContext @ 0056FF20 (global value) | 0056FA60 -> 0055DBF0 parameter 0 as pointer:/SubmarineTitans/Recovered/LibraryContexts/DDXContext @ 00570061 (global value) | 0056FA60 -> 0055DBF0 parameter 0 as pointer:/SubmarineTitans/Recovered/LibraryContexts/DDXContext @ 005708A1 (global value) | 0056FA60 -> 006B9B40 parameter 0 as pointer:/SubmarineTitans/Recovered/LibraryContexts/DDXContext @ 005705D9 (global value) | 0056FA60 -> 006B9B40 parameter 0 as pointer:/SubmarineTitans/Recovered/LibraryContexts/DDXContext @ 0057080B (global value) | 0056FA60 -> 006BAB60 parameter 0 as pointer:/SubmarineTitans/Recovered/LibraryContexts/DDXContext @ 00570499 (global value) | 0056FA60 -> 006BB370 parameter 0 as pointer:/SubmarineTitans/Recovered/LibraryContexts/DDXContext @ 005704A8 (global value) | 005718D0 -> 006C44E0 parameter 0 as pointer:/SubmarineTitans/Recovered/LibraryContexts/DDXContext @ 00571969 (global value) | 005718D0 -> 006C4630 parameter 0 as pointer:/SubmarineTitans/Recovered/LibraryContexts/DDXContext @ 00571933 (global value) | 005718D0 -> 006C4880 parameter 0 as pointer:/SubmarineTitans/Recovered/LibraryContexts/DDXContext @ 00571956 (global value) | 00577440 -> 006B0A20 parameter 0 as pointer:/SubmarineTitans/Recovered/PointerShapes/AnonShape_GLOBAL_0080759C_9638EF10 @ 00577592 (global value) | 00577440 -> 006B0A20 parameter 0 as pointer:/SubmarineTitans/Recovered/PointerShapes/AnonShape_GLOBAL_0080759C_9638EF10 @ 005775E9 (global value) | 00590170 -> 0055DBF0 parameter 0 as pointer:/SubmarineTitans/Recovered/LibraryContexts/DDXContext @ 00590268 (global value) | 00590410 -> 0055DBF0 parameter 0 as pointer:/SubmarineTitans/Recovered/LibraryContexts/DDXContext @ 005904C3 (global value) | 00590B40 -> 0055DBF0 parameter 0 as pointer:/SubmarineTitans/Recovered/LibraryContexts/DDXContext @ 00591019 (global value) | 005916F0 -> 0055DBF0 parameter 0 as pointer:/SubmarineTitans/Recovered/LibraryContexts/DDXContext @ 0059176D (global value) | 00592340 -> 006B0A20 parameter 0 as pointer:/SubmarineTitans/Recovered/PointerShapes/AnonShape_GLOBAL_0080759C_9638EF10 @ 005923C5 (global value) | 00592340 -> 00718F40 parameter 0 as pointer:/SubmarineTitans/Recovered/LibraryContexts/DDXContext @ 005923A7 (global value) | 005967F0 -> 0055DBF0 parameter 0 as pointer:/SubmarineTitans/Recovered/LibraryContexts/DDXContext @ 00596876 (global value) | 00596CC0 -> 00594B90 parameter 1 as pointer:/SubmarineTitans/Recovered/PointerShapes/AnonShape_GLOBAL_0080759C_9638EF10 @ 00596E99 (global value) | 00596CC0 -> 00594EB0 parameter 1 as pointer:/SubmarineTitans/Recovered/PointerShapes/AnonShape_GLOBAL_0080759C_9638EF10 @ 00596EDD (global value) | 00596CC0 -> 005952B0 parameter 1 as pointer:/SubmarineTitans/Recovered/PointerShapes/AnonShape_GLOBAL_0080759C_9638EF10 @ 00596F2C (global value) | 00596CC0 -> 005B68B0 parameter 1 as pointer:/SubmarineTitans/Recovered/LibraryContexts/DDXContext @ 00596E4D (global value) | 00596CC0 -> 005B68B0 parameter 1 as pointer:/SubmarineTitans/Recovered/LibraryContexts/DDXContext @ 00596F64 (global value) | 0059D240 -> 006C4880 parameter 0 as pointer:/SubmarineTitans/Recovered/LibraryContexts/DDXContext @ 0059D301 (global value) | 0059DB20 -> 006C4880 parameter 0 as pointer:/SubmarineTitans/Recovered/LibraryContexts/DDXContext @ 0059DC16 (global value) | 0059DB20 -> 006C4880 parameter 0 as pointer:/SubmarineTitans/Recovered/LibraryContexts/DDXContext @ 0059DC37 (global value) | 0059EB00 -> 006C4880 parameter 0 as pointer:/SubmarineTitans/Recovered/LibraryContexts/DDXContext @ 0059EBCD (global value) | 0059EB00 -> 006C4880 parameter 0 as pointer:/SubmarineTitans/Recovered/LibraryContexts/DDXContext @ 0059EBEB (global value) | 0059F260 -> 006C4880 parameter 0 as pointer:/SubmarineTitans/Recovered/LibraryContexts/DDXContext @ 0059F344 (global value) | 005A1920 -> 006B0A20 parameter 0 as pointer:/SubmarineTitans/Recovered/PointerShapes/AnonShape_GLOBAL_0080759C_9638EF10 @ 005A1AD5 (global value) | 005A1920 -> 006B0A20 parameter 0 as pointer:/SubmarineTitans/Recovered/PointerShapes/AnonShape_GLOBAL_0080759C_9638EF10 @ 005A1CAA (global value) | 005A4350 -> 006B4680 parameter 0 as pointer:/int @ 005A7350 (global value) | 005A4350 -> 006B4680 parameter 0 as pointer:/int @ 005A7469 (global value) | 005A4350 -> 006B4680 parameter 0 as pointer:/int @ 005A79E4 (global value) | 005A4350 -> 006B4680 parameter 0 as pointer:/int @ 005A7B19 (global value) | 005A4350 -> 006B4680 parameter 0 as pointer:/int @ 005A834F (global value) | 005A4350 -> 006B4680 parameter 0 as pointer:/int @ 005A8526 (global value) | 005A4350 -> 006B4680 parameter 0 as pointer:/int @ 005A8A02 (global value) | 005AB300 -> 0055DBF0 parameter 0 as pointer:/SubmarineTitans/Recovered/LibraryContexts/DDXContext @ 005AB77F (global value) | 005ACB30 -> 0055DBF0 parameter 0 as pointer:/SubmarineTitans/Recovered/LibraryContexts/DDXContext @ 005ACC13 (global value) | 005AD050 -> 005B68B0 parameter 1 as pointer:/SubmarineTitans/Recovered/LibraryContexts/DDXContext @ 005AD0F0 (global value) | 005AD050 -> 005B68B0 parameter 1 as pointer:/SubmarineTitans/Recovered/LibraryContexts/DDXContext @ 005AD13A (global value) | 005AD050 -> 005B69F0 parameter 1 as pointer:/SubmarineTitans/Recovered/PointerShapes/AnonShape_GLOBAL_0080759C_9638EF10 @ 005AD199 (global value) | 005AF350 -> 005B68B0 parameter 1 as pointer:/SubmarineTitans/Recovered/LibraryContexts/DDXContext @ 005AF447 (global value) | 005B2970 -> 0055DBF0 parameter 0 as pointer:/SubmarineTitans/Recovered/LibraryContexts/DDXContext @ 005B2CC6 (global value) | 005B2F90 -> 0055DBF0 parameter 0 as pointer:/SubmarineTitans/Recovered/LibraryContexts/DDXContext @ 005B300D (global value) | 005B3B00 -> 006B0A20 parameter 0 as pointer:/SubmarineTitans/Recovered/PointerShapes/AnonShape_GLOBAL_0080759C_9638EF10 @ 005B3B85 (global value) | 005B3B00 -> 00718F40 parameter 0 as pointer:/SubmarineTitans/Recovered/LibraryContexts/DDXContext @ 005B3B67 (global value) | 005B3D60 -> 006BA9E0 parameter 0 as pointer:/SubmarineTitans/Recovered/LibraryContexts/DDXContext @ 005B40A0 (global value) | 005B3D60 -> 006BA9E0 parameter 0 as pointer:/SubmarineTitans/Recovered/LibraryContexts/DDXContext @ 005B430E (global value) | 005B3D60 -> 006BA9E0 parameter 0 as pointer:/SubmarineTitans/Recovered/LibraryContexts/DDXContext @ 005B4418 (global value) | 005B9B10 -> 0055DBF0 parameter 0 as pointer:/SubmarineTitans/Recovered/LibraryContexts/DDXContext @ 005B9C4E (global value) | 005BA560 -> 0055DBF0 parameter 0 as pointer:/SubmarineTitans/Recovered/LibraryContexts/DDXContext @ 005BA638 (global value) | 005BA8B0 -> 005B9860 parameter 1 as pointer:/SubmarineTitans/Recovered/LibraryContexts/DDXContext @ 005BA942 (global value) | 005BA8B0 -> 005B99F0 parameter 1 as pointer:/SubmarineTitans/Recovered/PointerShapes/AnonShape_GLOBAL_0080759C_9638EF10 @ 005BA9F1 (global value) | 005BD7A0 -> 0055DBF0 parameter 0 as pointer:/SubmarineTitans/Recovered/LibraryContexts/DDXContext @ 005BD824 (global value) | 005BE310 -> 0055DBF0 parameter 0 as pointer:/SubmarineTitans/Recovered/LibraryContexts/DDXContext @ 005BE378 (global value) | 005BE5B0 -> 005BD4B0 parameter 1 as pointer:/SubmarineTitans/Recovered/LibraryContexts/DDXContext @ 005BE645 (global value) | 005BE5B0 -> 006C5000 parameter 0 as pointer:/SubmarineTitans/Recovered/LibraryContexts/DDXContext @ 005BF3B6 (global value) | 005C2760 -> 006BB370 parameter 0 as pointer:/SubmarineTitans/Recovered/LibraryContexts/DDXContext @ 005C27D6 (global value) | 005C4930 -> 0055DBF0 parameter 0 as pointer:/SubmarineTitans/Recovered/LibraryContexts/DDXContext @ 005C49F6 (global value) | 005C4E20 -> 005B68B0 parameter 1 as pointer:/SubmarineTitans/Recovered/LibraryContexts/DDXContext @ 005C4EDE (global value) | 005C4E20 -> 005B68B0 parameter 1 as pointer:/SubmarineTitans/Recovered/LibraryContexts/DDXContext @ 005C4FB2 (global value) | 005C4E20 -> 005B69F0 parameter 1 as pointer:/SubmarineTitans/Recovered/PointerShapes/AnonShape_GLOBAL_0080759C_9638EF10 @ 005C4F76 (global value) | 005C7800 -> 006B4640 parameter 0 as pointer:/SubmarineTitans/Recovered/LibraryContexts/DDXContext @ 005C7911 (global value) | 005C7800 -> 006BB370 parameter 0 as pointer:/SubmarineTitans/Recovered/LibraryContexts/DDXContext @ 005C7921 (global value) | 005C7800 -> 006C44E0 parameter 0 as pointer:/SubmarineTitans/Recovered/LibraryContexts/DDXContext @ 005C78DC (global value) | 005C7800 -> 006C4630 parameter 0 as pointer:/SubmarineTitans/Recovered/LibraryContexts/DDXContext @ 005C78A4 (global value) | 005C7800 -> 006C4880 parameter 0 as pointer:/SubmarineTitans/Recovered/LibraryContexts/DDXContext @ 005C78C7 (global value) | 005DCE90 -> 006BA780 parameter 0 as pointer:/SubmarineTitans/Recovered/LibraryContexts/DDXContext @ 005DD063 (global value) | 005DCE90 -> 006BBB20 parameter 0 as pointer:/SubmarineTitans/Recovered/LibraryContexts/DDXContext @ 005DD056 (global value) | 005DFA30 -> 0055DBF0 parameter 0 as pointer:/SubmarineTitans/Recovered/LibraryContexts/DDXContext @ 005E0133 (global value) | 005E0470 -> 0055DBF0 parameter 0 as pointer:/SubmarineTitans/Recovered/LibraryContexts/DDXContext @ 005E04B0 (global value) | 005E1330 -> 0055DBF0 parameter 0 as pointer:/SubmarineTitans/Recovered/LibraryContexts/DDXContext @ 005E1B9A (global value) | 005E4570 -> 0055DBF0 parameter 0 as pointer:/SubmarineTitans/Recovered/LibraryContexts/DDXContext @ 005E48C5 (global value) | 005E58D0 -> 0055DBF0 parameter 0 as pointer:/SubmarineTitans/Recovered/LibraryContexts/DDXContext @ 005E59FC (global value) | 005E5BA0 -> 0055DBF0 parameter 0 as pointer:/SubmarineTitans/Recovered/LibraryContexts/DDXContext @ 005E5C53 (global value) | 005E6770 -> 0055DBF0 parameter 0 as pointer:/SubmarineTitans/Recovered/LibraryContexts/DDXContext @ 005E67F0 (global value) | 005E7570 -> 0055DBF0 parameter 0 as pointer:/SubmarineTitans/Recovered/LibraryContexts/DDXContext @ 005E7606 (global value) | 005E7570 -> 0055DBF0 parameter 0 as pointer:/SubmarineTitans/Recovered/LibraryContexts/DDXContext @ 005E762C (global value) | 005E79B0 -> 005B68B0 parameter 1 as pointer:/SubmarineTitans/Recovered/LibraryContexts/DDXContext @ 005E7AA1 (global value) | 005E79B0 -> 005B69F0 parameter 1 as pointer:/SubmarineTitans/Recovered/PointerShapes/AnonShape_GLOBAL_0080759C_9638EF10 @ 005E7AEA (global value)	-
008075A0	g_anonShape_006C3FC0_72DDFA27_008075A0	pointer:/SubmarineTitans/Recovered/PointerShapes/AnonShape_006C3FC0_72DDFA27	{/WinDef.h/LPVOID=1, pointer:/SubmarineTitans/Recovered/PointerShapes/AnonShape_006C3FC0_72DDFA27=3, pointer:/int=1}	{}	{}	0		0	0056C750 -> 006C3AA0 parameter 0 as pointer:/int @ 0056C816 (global value) | 0056CBD0 -> 006C4110 parameter 0 as pointer:/SubmarineTitans/Recovered/PointerShapes/AnonShape_006C3FC0_72DDFA27 @ 0056CF60 (global value) | 0056FA60 -> 006C3B00 parameter 0 as /WinDef.h/LPVOID @ 005706AC (global value) | 0056FA60 -> 006C4000 parameter 0 as pointer:/SubmarineTitans/Recovered/PointerShapes/AnonShape_006C3FC0_72DDFA27 @ 00570798 (global value) | 0056FA60 -> 006C4110 parameter 0 as pointer:/SubmarineTitans/Recovered/PointerShapes/AnonShape_006C3FC0_72DDFA27 @ 0057039B (global value)	-
008075A4	g_int_008075A4	pointer:/int	{/int=1, pointer:/int=5}	{}	{}	1		0	0056ADC0 -> 006C2A80 parameter 0 as /int @ 0056B28E (address-of global) | 0056C750 -> 006C2AC0 parameter 0 as pointer:/int @ 0056C82B (global value) | 0056FA60 -> 006C2AE0 parameter 0 as pointer:/int @ 00570695 (global value) | 0056FA60 -> 006C2C80 parameter 0 as pointer:/int @ 005707CD (global value) | 0056FA60 -> 006C2D30 parameter 0 as pointer:/int @ 005706E3 (global value) | 0056FA60 -> 006C2D90 parameter 0 as pointer:/int @ 0057075B (global value)	-
008075A8	g_ddxContext_008075A8	pointer:/SubmarineTitans/Recovered/LibraryContexts/DDXContext_008075A8	{/int=1, pointer:/SubmarineTitans/Recovered/LibraryContexts/DDXContext_008075A8=92, pointer:/SubmarineTitans/Recovered/PointerShapes/AnonShape_006B1B10_121F236C=6, pointer:/SubmarineTitans/Recovered/PointerShapes/AnonShape_006B1BD0_7C890E99=1, pointer:/int=674, pointer:/uint=2}	{}	{}	1		0	004EE350 -> 006B3640 parameter 0 as pointer:/int @ 004EE420 (global value) | 004EF320 -> 006B3640 parameter 0 as pointer:/int @ 004EF4FE (global value) | 004EFFE0 -> 006B3640 parameter 0 as pointer:/int @ 004F0139 (global value) | 004F0E60 -> 006B3640 parameter 0 as pointer:/int @ 004F0FAC (global value) | 004F1950 -> 006B3640 parameter 0 as pointer:/int @ 004F199B (global value) | 004F3540 -> 006B3640 parameter 0 as pointer:/int @ 004F3699 (global value) | 004F37C0 -> 006B3640 parameter 0 as pointer:/int @ 004F3910 (global value) | 004F3A30 -> 006B3640 parameter 0 as pointer:/int @ 004F3BC4 (global value) | 004F3CF0 -> 006B3640 parameter 0 as pointer:/int @ 004F3EA1 (global value) | 004F3FE0 -> 006B3640 parameter 0 as pointer:/int @ 004F417B (global value) | 004F42A0 -> 006B3640 parameter 0 as pointer:/int @ 004F4443 (global value) | 004F5690 -> 006B1A50 parameter 0 as pointer:/SubmarineTitans/Recovered/LibraryContexts/DDXContext_008075A8 @ 004F67A3 (global value) | 004F5690 -> 006B1B10 parameter 0 as pointer:/SubmarineTitans/Recovered/PointerShapes/AnonShape_006B1B10_121F236C @ 004F68CF (global value) | 004F5690 -> 006B1B10 parameter 0 as pointer:/SubmarineTitans/Recovered/PointerShapes/AnonShape_006B1B10_121F236C @ 004F69BB (global value) | 004F5690 -> 006B1B10 parameter 0 as pointer:/SubmarineTitans/Recovered/PointerShapes/AnonShape_006B1B10_121F236C @ 004F6A46 (global value) | 004F5690 -> 006B1B10 parameter 0 as pointer:/SubmarineTitans/Recovered/PointerShapes/AnonShape_006B1B10_121F236C @ 004F6AF8 (global value) | 004F5690 -> 006B2330 parameter 0 as pointer:/SubmarineTitans/Recovered/LibraryContexts/DDXContext_008075A8 @ 004F68BF (global value) | 004F5690 -> 006B2330 parameter 0 as pointer:/SubmarineTitans/Recovered/LibraryContexts/DDXContext_008075A8 @ 004F69AA (global value) | 004F5690 -> 006B2330 parameter 0 as pointer:/SubmarineTitans/Recovered/LibraryContexts/DDXContext_008075A8 @ 004F6A35 (global value) | 004F5690 -> 006B2330 parameter 0 as pointer:/SubmarineTitans/Recovered/LibraryContexts/DDXContext_008075A8 @ 004F6AE7 (global value) | 004F5690 -> 006B28C0 parameter 0 as pointer:/SubmarineTitans/Recovered/LibraryContexts/DDXContext_008075A8 @ 004F68E0 (global value) | 004F5690 -> 006B3640 parameter 0 as pointer:/int @ 004F69D9 (global value) | 004F5690 -> 006B3640 parameter 0 as pointer:/int @ 004F6A64 (global value) | 004F5690 -> 006B3640 parameter 0 as pointer:/int @ 004F6B16 (global value) | 004F5690 -> 006B3640 parameter 0 as pointer:/int @ 004F6B9E (global value) | 004F5690 -> 006B3AF0 parameter 0 as pointer:/int @ 004F6A73 (global value) | 004F5690 -> 006B3AF0 parameter 0 as pointer:/int @ 004F6B25 (global value) | 004F7800 -> 006B3BB0 parameter 0 as pointer:/int @ 004F7A46 (global value) | 004F7800 -> 006B3BB0 parameter 0 as pointer:/int @ 004F7A69 (global value) | 004F7800 -> 006B3BB0 parameter 0 as pointer:/int @ 004F7A89 (global value) | 004F7800 -> 006B3BB0 parameter 0 as pointer:/int @ 004F7AAA (global value) | 004F80A0 -> 006B33F0 parameter 0 as pointer:/SubmarineTitans/Recovered/LibraryContexts/DDXContext_008075A8 @ 004F8691 (global value) | 004F80A0 -> 006B35D0 parameter 0 as pointer:/int @ 004F8973 (global value) | 004F80A0 -> 006B3640 parameter 0 as pointer:/int @ 004F82CE (global value) | 004F80A0 -> 006B3640 parameter 0 as pointer:/int @ 004F8433 (global value) | 004F80A0 -> 006B3640 parameter 0 as pointer:/int @ 004F8634 (global value) | 004F8C80 -> 006B3640 parameter 0 as pointer:/int @ 004F8EF4 (global value) | 004F8C80 -> 006B3640 parameter 0 as pointer:/int @ 004F8FC6 (global value) | 004F92B0 -> 006B3430 parameter 0 as pointer:/int @ 004F93BA (global value) | 004F9CD0 -> 006B3430 parameter 0 as pointer:/int @ 004F9E03 (global value) | 004FB060 -> 006B33F0 parameter 0 as pointer:/SubmarineTitans/Recovered/LibraryContexts/DDXContext_008075A8 @ 004FB900 (global value) | 004FB060 -> 006B3640 parameter 0 as pointer:/int @ 004FB157 (global value) | 004FB060 -> 006B3640 parameter 0 as pointer:/int @ 004FB3DE (global value) | 004FB060 -> 006B3640 parameter 0 as pointer:/int @ 004FB5C0 (global value) | 004FB060 -> 006B3640 parameter 0 as pointer:/int @ 004FB69F (global value) | 004FB060 -> 006B3640 parameter 0 as pointer:/int @ 004FB723 (global value) | 004FB060 -> 006B3640 parameter 0 as pointer:/int @ 004FB7EC (global value) | 004FB060 -> 006B3640 parameter 0 as pointer:/int @ 004FB866 (global value) | 004FB060 -> 006B3640 parameter 0 as pointer:/int @ 004FB8B3 (global value) | 004FB060 -> 006B3640 parameter 0 as pointer:/int @ 004FB8EE (global value) | 004FB060 -> 006B3640 parameter 0 as pointer:/int @ 004FD606 (global value) | 004FB060 -> 006B3AF0 parameter 0 as pointer:/int @ 004FB740 (global value) | 004FB060 -> 006B3AF0 parameter 0 as pointer:/int @ 004FB936 (global value) | 004FE6C0 -> 006B3640 parameter 0 as pointer:/int @ 004FE86D (global value) | 004FE960 -> 006B3640 parameter 0 as pointer:/int @ 004FEC6E (global value) | 004FE960 -> 006B3640 parameter 0 as pointer:/int @ 004FEC91 (global value) | 004FE960 -> 006B3640 parameter 0 as pointer:/int @ 004FECBC (global value) | 004FEE10 -> 006B3640 parameter 0 as pointer:/int @ 004FEFC9 (global value) | 004FEE10 -> 006B3640 parameter 0 as pointer:/int @ 004FEFEC (global value) | 004FEE10 -> 006B3640 parameter 0 as pointer:/int @ 004FF017 (global value) | 004FF110 -> 006B3640 parameter 0 as pointer:/int @ 004FF296 (global value) | 004FF380 -> 006B3640 parameter 0 as pointer:/int @ 004FF598 (global value) | 004FF380 -> 006B3640 parameter 0 as pointer:/int @ 004FF669 (global value) | 004FF380 -> 006B3640 parameter 0 as pointer:/int @ 004FF836 (global value) | 004FF380 -> 006B3640 parameter 0 as pointer:/int @ 004FF8C9 (global value) | 004FF380 -> 006B3640 parameter 0 as pointer:/int @ 004FF925 (global value) | 004FF380 -> 006B3640 parameter 0 as pointer:/int @ 004FFA52 (global value) | 004FF380 -> 006B3640 parameter 0 as pointer:/int @ 004FFAD9 (global value) | 004FF380 -> 006B3640 parameter 0 as pointer:/int @ 004FFB8C (global value) | 004FF380 -> 006B3640 parameter 0 as pointer:/int @ 004FFBEC (global value) | 004FFE90 -> 006B3640 parameter 0 as pointer:/int @ 005000EB (global value) | 004FFE90 -> 006B3640 parameter 0 as pointer:/int @ 00500175 (global value) | 004FFE90 -> 006B3640 parameter 0 as pointer:/int @ 005001F9 (global value) | 004FFE90 -> 006B3640 parameter 0 as pointer:/int @ 005002F4 (global value) | 004FFE90 -> 006B3640 parameter 0 as pointer:/int @ 00500361 (global value) | 005007A0 -> 006B3640 parameter 0 as pointer:/int @ 0050097D (global value) | 005007A0 -> 006B3640 parameter 0 as pointer:/int @ 00500A93 (global value) | 00500BD0 -> 006B3640 parameter 0 as pointer:/int @ 00500E95 (global value) | 00501590 -> 006B3640 parameter 0 as pointer:/int @ 005017C8 (global value) | 00501FF0 -> 006B3640 parameter 0 as pointer:/int @ 005021D5 (global value) | 00502990 -> 006B3640 parameter 0 as pointer:/int @ 00502D2D (global value) | 00502FC0 -> 006B3640 parameter 0 as pointer:/int @ 00503175 (global value) | 00502FC0 -> 006B3640 parameter 0 as pointer:/int @ 0050325B (global value) | 005040A0 -> 006B3640 parameter 0 as pointer:/int @ 00504163 (global value) | 00504210 -> 006B3640 parameter 0 as pointer:/int @ 00504386 (global value) | 00504E60 -> 006B3640 parameter 0 as pointer:/int @ 00504F9F (global value) | 005061C0 -> 006B3640 parameter 0 as pointer:/int @ 005077B5 (global value) | 00507F60 -> 006B3640 parameter 0 as pointer:/int @ 005082DD (global value) | 00507F60 -> 006B3640 parameter 0 as pointer:/int @ 00508845 (global value) | 00507F60 -> 006B3640 parameter 0 as pointer:/int @ 005089FC (global value) | 00507F60 -> 006B3640 parameter 0 as pointer:/int @ 00508CD0 (global value) | 00507F60 -> 006B3640 parameter 0 as pointer:/int @ 00508D99 (global value) | 00507F60 -> 006B3640 parameter 0 as pointer:/int @ 0050918D (global value) | 0050A340 -> 006B3640 parameter 0 as pointer:/int @ 0050BDBD (global value) | 0050C620 -> 006B3640 parameter 0 as pointer:/int @ 0050C943 (global value) | 0050C620 -> 006B3640 parameter 0 as pointer:/int @ 0050CE28 (global value) | 0050C620 -> 006B3640 parameter 0 as pointer:/int @ 0050CEBC (global value) | 0050C620 -> 006B3640 parameter 0 as pointer:/int @ 0050CF91 (global value) | 0050C620 -> 006B3640 parameter 0 as pointer:/int @ 0050D0D3 (global value) | 0050C620 -> 006B3640 parameter 0 as pointer:/int @ 0050D201 (global value) | 0050C620 -> 006B3640 parameter 0 as pointer:/int @ 0050D379 (global value) | 0050C620 -> 006B3640 parameter 0 as pointer:/int @ 0050D437 (global value) | 0050C620 -> 006B3640 parameter 0 as pointer:/int @ 0050D4AB (global value) | 0050C620 -> 006B3640 parameter 0 as pointer:/int @ 0050D5FB (global value) | 0050C620 -> 006B3640 parameter 0 as pointer:/int @ 0050D6B3 (global value) | 0050C620 -> 006B3640 parameter 0 as pointer:/int @ 0050D7EE (global value) | 0050C620 -> 006B3640 parameter 0 as pointer:/int @ 0050D9C9 (global value) | 0050C620 -> 006B3640 parameter 0 as pointer:/int @ 0050DA7A (global value) | 0050C620 -> 006B3640 parameter 0 as pointer:/int @ 0050DB29 (global value) | 0050C620 -> 006B3640 parameter 0 as pointer:/int @ 0050DC51 (global value) | 0050C620 -> 006B3640 parameter 0 as pointer:/int @ 0050DDA5 (global value) | 0050C620 -> 006B3640 parameter 0 as pointer:/int @ 0050DE4E (global value) | 0050C620 -> 006B3640 parameter 0 as pointer:/int @ 0050DF22 (global value) | 005105E0 -> 006B3640 parameter 0 as pointer:/int @ 005106F0 (global value) | 00515E30 -> 006B3640 parameter 0 as pointer:/int @ 00516193 (global value) | 00516480 -> 006B3640 parameter 0 as pointer:/int @ 005168AF (global value) | 0051D540 -> 006B3640 parameter 0 as pointer:/int @ 0051D900 (global value) | 0051DDD0 -> 006B1A50 parameter 0 as pointer:/SubmarineTitans/Recovered/LibraryContexts/DDXContext_008075A8 @ 0051DE24 (global value) | 0051DDD0 -> 006B3640 parameter 0 as pointer:/int @ 0051DF15 (global value) | 0051DDD0 -> 006B3640 parameter 0 as pointer:/int @ 0051DF6D (global value) | 0051DDD0 -> 006B3640 parameter 0 as pointer:/int @ 0051E484 (global value) | 0051DDD0 -> 006B3640 parameter 0 as pointer:/int @ 0051EC14 (global value) | 0051DDD0 -> 006B3640 parameter 0 as pointer:/int @ 0051EFD9 (global value) | 0051F8F0 -> 006B5F80 parameter 0 as pointer:/int @ 0051F957 (global value) | 00521490 -> 006B3640 parameter 0 as pointer:/int @ 005216E4 (global value) | 00521900 -> 006B1A50 parameter 0 as pointer:/SubmarineTitans/Recovered/LibraryContexts/DDXContext_008075A8 @ 00521944 (global value) | 00522E80 -> 006B3640 parameter 0 as pointer:/int @ 00522F8A (global value) | 00522E80 -> 006B3640 parameter 0 as pointer:/int @ 005230FB (global value) | 00522E80 -> 006B3640 parameter 0 as pointer:/int @ 0052327C (global value) | 0052D370 -> 006B2800 parameter 0 as pointer:/SubmarineTitans/Recovered/LibraryContexts/DDXContext_008075A8 @ 0052D53C (global value) | 0052D370 -> 006B3430 parameter 0 as pointer:/int @ 0052D578 (global value) | 0052D370 -> 006B3640 parameter 0 as pointer:/int @ 0052D560 (global value) | 0052D690 -> 006B2800 parameter 0 as pointer:/SubmarineTitans/Recovered/LibraryContexts/DDXContext_008075A8 @ 0052D7A8 (global value) | 0052D690 -> 006B2800 parameter 0 as pointer:/SubmarineTitans/Recovered/LibraryContexts/DDXContext_008075A8 @ 0052D7E9 (global value) | 0052D690 -> 006B3430 parameter 0 as pointer:/int @ 0052D7CD (global value) | 0052D690 -> 006B3640 parameter 0 as pointer:/int @ 0052D7BF (global value) | 0052D690 -> 006B3AF0 parameter 0 as pointer:/int @ 0052D7F8 (global value) | 0052D980 -> 006B2800 parameter 0 as pointer:/SubmarineTitans/Recovered/LibraryContexts/DDXContext_008075A8 @ 0052DA55 (global value) | 0052D980 -> 006B2800 parameter 0 as pointer:/SubmarineTitans/Recovered/LibraryContexts/DDXContext_008075A8 @ 0052DA96 (global value) | 0052D980 -> 006B3430 parameter 0 as pointer:/int @ 0052DA7A (global value) | 0052D980 -> 006B3640 parameter 0 as pointer:/int @ 0052DA6C (global value) | 0052D980 -> 006B3AF0 parameter 0 as pointer:/int @ 0052DAA5 (global value) | 0052DB90 -> 006B2800 parameter 0 as pointer:/SubmarineTitans/Recovered/LibraryContexts/DDXContext_008075A8 @ 0052DC56 (global value) | 0052DB90 -> 006B3AF0 parameter 0 as pointer:/int @ 0052DC64 (global value) | 0052DD20 -> 006B1BD0 parameter 0 as pointer:/SubmarineTitans/Recovered/PointerShapes/AnonShape_006B1BD0_7C890E99 @ 0052DE5D (global value) | 0052DD20 -> 006B2330 parameter 0 as pointer:/SubmarineTitans/Recovered/LibraryContexts/DDXContext_008075A8 @ 0052DE4F (global value) | 0052DD20 -> 006B2800 parameter 0 as pointer:/SubmarineTitans/Recovered/LibraryContexts/DDXContext_008075A8 @ 0052E158 (global value) | 0052DD20 -> 006B2800 parameter 0 as pointer:/SubmarineTitans/Recovered/LibraryContexts/DDXContext_008075A8 @ 0052E199 (global value) | 0052DD20 -> 006B3430 parameter 0 as pointer:/int @ 0052E17D (global value) | 0052DD20 -> 006B3640 parameter 0 as pointer:/int @ 0052DE71 (global value) | 0052DD20 -> 006B3640 parameter 0 as pointer:/int @ 0052DF8C (global value) | 0052DD20 -> 006B3640 parameter 0 as pointer:/int @ 0052E16F (global value) | 0052DD20 -> 006B3AF0 parameter 0 as pointer:/int @ 0052DE80 (global value) | 0052DD20 -> 006B3AF0 parameter 0 as pointer:/int @ 0052E1A8 (global value) | 0052DD20 -> 006B3BB0 parameter 0 as pointer:/int @ 0052DEDD (global value) | 0052E500 -> 006B1A50 parameter 0 as pointer:/SubmarineTitans/Recovered/LibraryContexts/DDXContext_008075A8 @ 0052E541 (global value) | 0052EFB0 -> 006B3640 parameter 0 as pointer:/int @ 0052F1AB (global value) | 00533B80 -> 006B3640 parameter 0 as pointer:/int @ 00533C81 (global value) | 00533D10 -> 006B3640 parameter 0 as pointer:/int @ 00534011 (global value) | 00533D10 -> 006B3640 parameter 0 as pointer:/int @ 00534181 (global value) | 00533D10 -> 006B3640 parameter 0 as pointer:/int @ 005345E7 (global value) | 00533D10 -> 006B3640 parameter 0 as pointer:/int @ 005369FD (global value) | 005381B0 -> 006B1A50 parameter 0 as pointer:/SubmarineTitans/Recovered/LibraryContexts/DDXContext_008075A8 @ 0053825F (global value) | 005381B0 -> 006B1B10 parameter 0 as pointer:/SubmarineTitans/Recovered/PointerShapes/AnonShape_006B1B10_121F236C @ 00538294 (global value) | 005381B0 -> 006B2330 parameter 0 as pointer:/SubmarineTitans/Recovered/LibraryContexts/DDXContext_008075A8 @ 00538283 (global value) | 005381B0 -> 006B3640 parameter 0 as pointer:/int @ 005382AC (global value) | 00538390 -> 006B3BB0 parameter 0 as pointer:/int @ 005383F7 (global value) | 005384A0 -> 006B3640 parameter 0 as pointer:/int @ 00538507 (global value) | 005389E0 -> 006B3640 parameter 0 as pointer:/int @ 00538AE6 (global value) | 00538BA0 -> 006B3640 parameter 0 as pointer:/int @ 00538CE0 (global value) | 00538DB0 -> 006B3640 parameter 0 as pointer:/int @ 00538EF0 (global value) | 00538FC0 -> 006B3640 parameter 0 as pointer:/int @ 0053910C (global value) | 005397F0 -> 006B3640 parameter 0 as pointer:/int @ 005398BC (global value) | 005397F0 -> 006B3640 parameter 0 as pointer:/int @ 0053991D (global value) | 0053AC00 -> 006B3640 parameter 0 as pointer:/int @ 0053AE8C (global value) | 0053AFB0 -> 006B1A50 parameter 0 as pointer:/SubmarineTitans/Recovered/LibraryContexts/DDXContext_008075A8 @ 0053B001 (global value) | 0053AFB0 -> 006B3640 parameter 0 as pointer:/int @ 0053B0E3 (global value) | 0053AFB0 -> 006B3640 parameter 0 as pointer:/int @ 0053B13B (global value) | 0053AFB0 -> 006B3640 parameter 0 as pointer:/int @ 0053B9FE (global value) | 0053AFB0 -> 006B3640 parameter 0 as pointer:/int @ 0053BAD7 (global value) | 0053AFB0 -> 006B3640 parameter 0 as pointer:/int @ 0053BB7F (global value) | 0053C820 -> 006B3640 parameter 0 as pointer:/int @ 0053C996 (global value) | 0053D4D0 -> 006B3640 parameter 0 as pointer:/int @ 0053D69E (global value) | 0053D7A0 -> 006B3640 parameter 0 as pointer:/int @ 0053D878 (global value) | 0053D920 -> 006B3640 parameter 0 as pointer:/int @ 0053DA33 (global value) | 0053DAF0 -> 006B3640 parameter 0 as pointer:/int @ 0053DC03 (global value) | 0053DCC0 -> 006B3640 parameter 0 as pointer:/int @ 0053DDE0 (global value) | 0053EB70 -> 006B1A50 parameter 0 as pointer:/SubmarineTitans/Recovered/LibraryContexts/DDXContext_008075A8 @ 0053EBC2 (global value) | 0053EB70 -> 006B3640 parameter 0 as pointer:/int @ 0053EC76 (global value) | 0053EB70 -> 006B3640 parameter 0 as pointer:/int @ 0053ECD6 (global value) | 0053EE30 -> 006B1A50 parameter 0 as pointer:/SubmarineTitans/Recovered/LibraryContexts/DDXContext_008075A8 @ 0053EE71 (global value) | 0053FCD0 -> 006B3640 parameter 0 as pointer:/int @ 0053FE10 (global value) | 0053FEE0 -> 006B3640 parameter 0 as pointer:/int @ 00540020 (global value) | 005400F0 -> 006B3640 parameter 0 as pointer:/int @ 005401ED (global value) | 005400F0 -> 006B3640 parameter 0 as pointer:/int @ 0054024D (global value) | 00540890 -> 006B5F80 parameter 0 as pointer:/int @ 0054098C (global value) | 00540A60 -> 006B5F80 parameter 0 as pointer:/int @ 00540B64 (global value) | 00542F40 -> 006B5F80 parameter 0 as pointer:/int @ 005431AC (global value) | 00542F40 -> 006B5F80 parameter 0 as pointer:/int @ 00543245 (global value) | 00543600 -> 006B2330 parameter 0 as pointer:/SubmarineTitans/Recovered/LibraryContexts/DDXContext_008075A8 @ 00543741 (global value) | 00543600 -> 006B28C0 parameter 0 as pointer:/SubmarineTitans/Recovered/LibraryContexts/DDXContext_008075A8 @ 00543752 (global value) | 00543600 -> 006B3AF0 parameter 0 as pointer:/int @ 00543761 (global value) | 00543600 -> 007158A0 parameter 1 as pointer:/int @ 00543644 (global value) | 00543830 -> 006B3BB0 parameter 0 as pointer:/int @ 00543879 (global value) | 00543990 -> 007158A0 parameter 1 as pointer:/int @ 00543A04 (global value) | 00543C90 -> 006B3640 parameter 0 as pointer:/int @ 00543D87 (global value) | 00543C90 -> 006B3730 parameter 0 as pointer:/uint @ 00543EA3 (global value) | 00543FA0 -> 006B5F80 parameter 0 as pointer:/int @ 00543FF3 (global value) | 00544940 -> 006B3AF0 parameter 0 as pointer:/int @ 00544971 (global value) | 005449B0 -> 006B1B10 parameter 0 as pointer:/SubmarineTitans/Recovered/PointerShapes/AnonShape_006B1B10_121F236C @ 00544CA6 (global value) | 005449B0 -> 006B2800 parameter 0 as pointer:/SubmarineTitans/Recovered/LibraryContexts/DDXContext_008075A8 @ 00544CE1 (global value) | 005449B0 -> 006B2800 parameter 0 as pointer:/SubmarineTitans/Recovered/LibraryContexts/DDXContext_008075A8 @ 0054500E (global value) | 005449B0 -> 006B2800 parameter 0 as pointer:/SubmarineTitans/Recovered/LibraryContexts/DDXContext_008075A8 @ 00546028 (global value) | 005449B0 -> 006B2800 parameter 0 as pointer:/SubmarineTitans/Recovered/LibraryContexts/DDXContext_008075A8 @ 005460BB (global value) | 005449B0 -> 006B3430 parameter 0 as pointer:/int @ 0054605D (global value) | 005449B0 -> 006B3640 parameter 0 as pointer:/int @ 00544CC4 (global value) | 005449B0 -> 006B3640 parameter 0 as pointer:/int @ 00545045 (global value) | 005449B0 -> 006B3640 parameter 0 as pointer:/int @ 0054604B (global value) | 005449B0 -> 006B3AF0 parameter 0 as pointer:/int @ 005460CE (global value) | 005449B0 -> 006B3BB0 parameter 0 as pointer:/int @ 00544C52 (global value) | 005449B0 -> 006B3BB0 parameter 0 as pointer:/int @ 0054505C (global value) | 005449B0 -> 006B3BB0 parameter 0 as pointer:/int @ 00545098 (global value) | 005449B0 -> 006B96F0 parameter 0 as pointer:/int @ 00544C95 (global value) | 0054A9B0 -> 007158A0 parameter 1 as pointer:/int @ 0054AC12 (global value) | 0054B540 -> 006B3BB0 parameter 0 as pointer:/int @ 0054B5D3 (global value) | 0054B700 -> 006B5F80 parameter 0 as pointer:/int @ 0054B784 (global value) | 005522A0 -> 006B3640 parameter 0 as pointer:/int @ 00552599 (global value) | 00554660 -> 006B5F80 parameter 0 as pointer:/int @ 005546D6 (global value) | 00554800 -> 006B5F80 parameter 0 as pointer:/int @ 0055494B (global value) | 0056ADC0 -> 006B1300 parameter 0 as /int @ 0056B21A (address-of global) | 0056ADC0 -> 006B1980 parameter 0 as pointer:/int @ 0056B2D2 (global value) | 0056ADC0 -> 006B1980 parameter 0 as pointer:/int @ 0056B319 (global value) | 0056ADC0 -> 006B1CC0 parameter 0 as pointer:/SubmarineTitans/Recovered/LibraryContexts/DDXContext_008075A8 @ 0056B2EF (global value) | 0056ADC0 -> 006B1CC0 parameter 0 as pointer:/SubmarineTitans/Recovered/LibraryContexts/DDXContext_008075A8 @ 0056B32D (global value) | 0056C750 -> 006B3CC0 parameter 0 as pointer:/int @ 0056C840 (global value) | 0056CBD0 -> 006B1470 parameter 0 as pointer:/int @ 0056CFBB (global value) | 0056CBD0 -> 006B5F80 parameter 0 as pointer:/int @ 0056CCA4 (global value) | 0056CBD0 -> 006B5F80 parameter 0 as pointer:/int @ 0056CFD8 (global value) | 0056D740 -> 006B13E0 parameter 0 as pointer:/int @ 0056D7C3 (global value) | 0056D740 -> 006B1470 parameter 0 as pointer:/int @ 0056D99A (global value) | 0056D740 -> 006B1680 parameter 0 as pointer:/int @ 0056D9AD (global value) | 0056D740 -> 006B1980 parameter 0 as pointer:/int @ 0056D9DC (global value) | 0056D740 -> 006B1980 parameter 0 as pointer:/int @ 0056DA25 (global value) | 0056D740 -> 006B1CC0 parameter 0 as pointer:/SubmarineTitans/Recovered/LibraryContexts/DDXContext_008075A8 @ 0056D9FA (global value) | 0056D740 -> 006B1CC0 parameter 0 as pointer:/SubmarineTitans/Recovered/LibraryContexts/DDXContext_008075A8 @ 0056DA39 (global value) | 0056FA60 -> 006B13E0 parameter 0 as pointer:/int @ 005704ED (global value) | 0056FA60 -> 006B1470 parameter 0 as pointer:/int @ 00570817 (global value) | 0056FA60 -> 006B1A50 parameter 0 as pointer:/SubmarineTitans/Recovered/LibraryContexts/DDXContext_008075A8 @ 005700F0 (global value) | 0056FA60 -> 006B5F80 parameter 0 as pointer:/int @ 0057048B (global value) | 00576EF0 -> 006E8580 parameter 1 as pointer:/int @ 00576F97 (global value) | 00590580 -> 006B5F80 parameter 0 as pointer:/int @ 005905C9 (global value) | 00591940 -> 006B5F80 parameter 0 as pointer:/int @ 0059198B (global value) | 005926E0 -> 006B5F80 parameter 0 as pointer:/int @ 00592BFB (global value) | 00593040 -> 006B5F80 parameter 0 as pointer:/int @ 0059313C (global value) | 00593B50 -> 006B2330 parameter 0 as pointer:/SubmarineTitans/Recovered/LibraryContexts/DDXContext_008075A8 @ 00593DE4 (global value) | 00593B50 -> 006B35D0 parameter 0 as pointer:/int @ 0059400A (global value) | 00593B50 -> 006B3640 parameter 0 as pointer:/int @ 00593E06 (global value) | 005941D0 -> 006B3BB0 parameter 0 as pointer:/int @ 005942BF (global value) | 00594440 -> 006B35D0 parameter 0 as pointer:/int @ 005944D9 (global value) | 00595E40 -> 006B2330 parameter 0 as pointer:/SubmarineTitans/Recovered/LibraryContexts/DDXContext_008075A8 @ 005961A7 (global value) | 00595E40 -> 006B2330 parameter 0 as pointer:/SubmarineTitans/Recovered/LibraryContexts/DDXContext_008075A8 @ 0059621C (global value) | 00595E40 -> 006B3640 parameter 0 as pointer:/int @ 005961C5 (global value) | 00595E40 -> 006B3640 parameter 0 as pointer:/int @ 00596237 (global value) | 00595E40 -> 006B3AF0 parameter 0 as pointer:/int @ 00596246 (global value) | 00595E40 -> 007158A0 parameter 1 as pointer:/int @ 00596261 (global value) | 00595E40 -> 007158A0 parameter 1 as pointer:/int @ 005962AB (global value) | 00595E40 -> 007158A0 parameter 1 as pointer:/int @ 005962F5 (global value) | 00595E40 -> 007158A0 parameter 1 as pointer:/int @ 0059633F (global value) | 00595E40 -> 007158A0 parameter 1 as pointer:/int @ 00596389 (global value) | 00595E40 -> 007158A0 parameter 1 as pointer:/int @ 005963D3 (global value) | 005967F0 -> 006B3BB0 parameter 0 as pointer:/int @ 005969F5 (global value) | 005967F0 -> 006B3BB0 parameter 0 as pointer:/int @ 00596A86 (global value) | 00596CC0 -> 006B5F80 parameter 0 as pointer:/int @ 00596D11 (global value) | 00597120 -> 006B3430 parameter 0 as pointer:/int @ 005976DA (global value) | 00597120 -> 006B3430 parameter 0 as pointer:/int @ 00597714 (global value) | 00597120 -> 006B35D0 parameter 0 as pointer:/int @ 00597334 (global value) | 00597120 -> 006B35D0 parameter 0 as pointer:/int @ 00597590 (global value) | 00597120 -> 006B35D0 parameter 0 as pointer:/int @ 00597AE9 (global value) | 00597120 -> 006B3AF0 parameter 0 as pointer:/int @ 005971BA (global value) | 00597120 -> 006B3AF0 parameter 0 as pointer:/int @ 005971EC (global value) | 00597120 -> 006B3AF0 parameter 0 as pointer:/int @ 0059721E (global value) | 00597120 -> 006B3AF0 parameter 0 as pointer:/int @ 0059724F (global value) | 00597E70 -> 006B2330 parameter 0 as pointer:/SubmarineTitans/Recovered/LibraryContexts/DDXContext_008075A8 @ 0059808F (global value) | 00597E70 -> 006B2330 parameter 0 as pointer:/SubmarineTitans/Recovered/LibraryContexts/DDXContext_008075A8 @ 005982D5 (global value) | 00597E70 -> 006B2330 parameter 0 as pointer:/SubmarineTitans/Recovered/LibraryContexts/DDXContext_008075A8 @ 00598400 (global value) | 00597E70 -> 006B2330 parameter 0 as pointer:/SubmarineTitans/Recovered/LibraryContexts/DDXContext_008075A8 @ 00598695 (global value) | 00597E70 -> 006B2330 parameter 0 as pointer:/SubmarineTitans/Recovered/LibraryContexts/DDXContext_008075A8 @ 00598A94 (global value) | 00597E70 -> 006B2330 parameter 0 as pointer:/SubmarineTitans/Recovered/LibraryContexts/DDXContext_008075A8 @ 00598D14 (global value) | 00597E70 -> 006B2330 parameter 0 as pointer:/SubmarineTitans/Recovered/LibraryContexts/DDXContext_008075A8 @ 00598EE7 (global value) | 00597E70 -> 006B2330 parameter 0 as pointer:/SubmarineTitans/Recovered/LibraryContexts/DDXContext_008075A8 @ 00599124 (global value) | 00597E70 -> 006B3430 parameter 0 as pointer:/int @ 00598056 (global value) | 00597E70 -> 006B3430 parameter 0 as pointer:/int @ 0059816A (global value) | 00597E70 -> 006B3430 parameter 0 as pointer:/int @ 0059839C (global value) | 00597E70 -> 006B3430 parameter 0 as pointer:/int @ 005985E7 (global value) | 00597E70 -> 006B3430 parameter 0 as pointer:/int @ 00598756 (global value) | 00597E70 -> 006B3430 parameter 0 as pointer:/int @ 00598B5B (global value) | 00597E70 -> 006B3430 parameter 0 as pointer:/int @ 00598DDD (global value) | 00597E70 -> 006B3430 parameter 0 as pointer:/int @ 00598FB3 (global value) | 00597E70 -> 006B3430 parameter 0 as pointer:/int @ 005991E4 (global value) | 00597E70 -> 006B35D0 parameter 0 as pointer:/int @ 00598069 (global value) | 00597E70 -> 006B3640 parameter 0 as pointer:/int @ 005980AA (global value) | 00597E70 -> 006B3640 parameter 0 as pointer:/int @ 005982ED (global value) | 00597E70 -> 006B3640 parameter 0 as pointer:/int @ 00598416 (global value) | 00597E70 -> 006B3640 parameter 0 as pointer:/int @ 005986AA (global value) | 00597E70 -> 006B3640 parameter 0 as pointer:/int @ 00598AA9 (global value) | 00597E70 -> 006B3640 parameter 0 as pointer:/int @ 00598D2C (global value) | 00597E70 -> 006B3640 parameter 0 as pointer:/int @ 00598EFF (global value) | 00597E70 -> 006B3640 parameter 0 as pointer:/int @ 00599139 (global value) | 00597E70 -> 006B3AF0 parameter 0 as pointer:/int @ 00598188 (global value) | 00597E70 -> 006B3AF0 parameter 0 as pointer:/int @ 005983BA (global value) | 00597E70 -> 006B3AF0 parameter 0 as pointer:/int @ 00598620 (global value) | 00597E70 -> 006B3AF0 parameter 0 as pointer:/int @ 00598774 (global value) | 00597E70 -> 006B3BB0 parameter 0 as pointer:/int @ 0059819C (global value) | 00597E70 -> 006B3BB0 parameter 0 as pointer:/int @ 00598606 (global value) | 00597E70 -> 006B3BB0 parameter 0 as pointer:/int @ 00598788 (global value) | 00597E70 -> 006B3BB0 parameter 0 as pointer:/int @ 00598BC3 (global value) | 00597E70 -> 006B3BB0 parameter 0 as pointer:/int @ 00598E45 (global value) | 00597E70 -> 006B3BB0 parameter 0 as pointer:/int @ 00598FD3 (global value) | 00597E70 -> 006B3BB0 parameter 0 as pointer:/int @ 0059924C (global value) | 005999C0 -> 006B2410 parameter 0 as pointer:/SubmarineTitans/Recovered/LibraryContexts/DDXContext_008075A8 @ 00599A8C (global value) | 005999C0 -> 006B2800 parameter 0 as pointer:/SubmarineTitans/Recovered/LibraryContexts/DDXContext_008075A8 @ 00599AA9 (global value) | 005999C0 -> 006B3640 parameter 0 as pointer:/int @ 00599AEC (global value) | 005999C0 -> 006B3AF0 parameter 0 as pointer:/int @ 00599AFF (global value) | 00599BE0 -> 006B3430 parameter 0 as pointer:/int @ 00599D8F (global value) | 00599BE0 -> 006B35D0 parameter 0 as pointer:/int @ 00599DA1 (global value) | 00599E90 -> 006B3430 parameter 0 as pointer:/int @ 0059A1BE (global value) | 00599E90 -> 006B35D0 parameter 0 as pointer:/int @ 0059A1D0 (global value) | 0059A320 -> 006B3430 parameter 0 as pointer:/int @ 0059A52E (global value) | 0059A320 -> 006B35D0 parameter 0 as pointer:/int @ 0059A540 (global value) | 0059A640 -> 006B3430 parameter 0 as pointer:/int @ 0059A80C (global value) | 0059A640 -> 006B35D0 parameter 0 as pointer:/int @ 0059A81F (global value) | 0059A910 -> 006B3430 parameter 0 as pointer:/int @ 0059B060 (global value) | 0059A910 -> 006B35D0 parameter 0 as pointer:/int @ 0059B072 (global value) | 0059B2C0 -> 006B5F80 parameter 0 as pointer:/int @ 0059B342 (global value) | 0059F670 -> 006B3430 parameter 0 as pointer:/int @ 0059F7F2 (global value) | 0059F670 -> 006B3430 parameter 0 as pointer:/int @ 0059F942 (global value) | 0059F670 -> 006B3430 parameter 0 as pointer:/int @ 0059FA81 (global value) | 0059F670 -> 006B3430 parameter 0 as pointer:/int @ 0059FBB9 (global value) | 0059F670 -> 006B3430 parameter 0 as pointer:/int @ 0059FD2A (global value) | 0059F670 -> 006B3430 parameter 0 as pointer:/int @ 0059FE8D (global value) | 0059F670 -> 006B3430 parameter 0 as pointer:/int @ 005A000C (global value) | 0059F670 -> 006B3430 parameter 0 as pointer:/int @ 005A0129 (global value) | 0059F670 -> 006B5F80 parameter 0 as pointer:/int @ 0059F81D (global value) | 0059F670 -> 006B5F80 parameter 0 as pointer:/int @ 0059F969 (global value) | 0059F670 -> 006B5F80 parameter 0 as pointer:/int @ 0059FAA6 (global value) | 0059F670 -> 006B5F80 parameter 0 as pointer:/int @ 0059FBDE (global value) | 0059F670 -> 006B5F80 parameter 0 as pointer:/int @ 0059FD4F (global value) | 0059F670 -> 006B5F80 parameter 0 as pointer:/int @ 0059FEB4 (global value) | 0059F670 -> 006B5F80 parameter 0 as pointer:/int @ 005A0034 (global value) | 0059F670 -> 006B5F80 parameter 0 as pointer:/int @ 005A014E (global value) | 005A0DC0 -> 006B35D0 parameter 0 as pointer:/int @ 005A0F1D (global value) | 005A1160 -> 006B35D0 parameter 0 as pointer:/int @ 005A129D (global value) | 005A1430 -> 006B35D0 parameter 0 as pointer:/int @ 005A155A (global value) | 005A1630 -> 006B35D0 parameter 0 as pointer:/int @ 005A17B8 (global value) | 005A1920 -> 006B35D0 parameter 0 as pointer:/int @ 005A1D0B (global value) | 005A2380 -> 006B5F80 parameter 0 as pointer:/int @ 005A2462 (global value) | 005A26C0 -> 006B5F80 parameter 0 as pointer:/int @ 005A27F1 (global value) | 005A2D70 -> 006B5F80 parameter 0 as pointer:/int @ 005A2E27 (global value) | 005A2FF0 -> 006B5F80 parameter 0 as pointer:/int @ 005A3154 (global value) | 005A3540 -> 006B5F80 parameter 0 as pointer:/int @ 005A3710 (global value) | 005A3AB0 -> 006B35D0 parameter 0 as pointer:/int @ 005A3F4B (global value) | 005A4350 -> 006B35D0 parameter 0 as pointer:/int @ 005A4776 (global value) | 005A4350 -> 006B35D0 parameter 0 as pointer:/int @ 005A6DFB (global value) | 005A4350 -> 006B35D0 parameter 0 as pointer:/int @ 005A6F87 (global value) | 005A4350 -> 006B35D0 parameter 0 as pointer:/int @ 005A7CA0 (global value) | 005A4350 -> 006B5F80 parameter 0 as pointer:/int @ 005A7210 (global value) | 005A4350 -> 006B5F80 parameter 0 as pointer:/int @ 005A738B (global value) | 005A4350 -> 006B5F80 parameter 0 as pointer:/int @ 005A74A4 (global value) | 005A4350 -> 006B5F80 parameter 0 as pointer:/int @ 005A7783 (global value) | 005A4350 -> 006B5F80 parameter 0 as pointer:/int @ 005A78FF (global value) | 005A4350 -> 006B5F80 parameter 0 as pointer:/int @ 005A7A1F (global value) | 005A4350 -> 006B5F80 parameter 0 as pointer:/int @ 005A809E (global value) | 005A4350 -> 006B5F80 parameter 0 as pointer:/int @ 005A83AA (global value) | 005A4350 -> 006B5F80 parameter 0 as pointer:/int @ 005A85E1 (global value) | 005AACB0 -> 006B2330 parameter 0 as pointer:/SubmarineTitans/Recovered/LibraryContexts/DDXContext_008075A8 @ 005AADB3 (global value) | 005AACB0 -> 006B2800 parameter 0 as pointer:/SubmarineTitans/Recovered/LibraryContexts/DDXContext_008075A8 @ 005AADE6 (global value) | 005AACB0 -> 006B2800 parameter 0 as pointer:/SubmarineTitans/Recovered/LibraryContexts/DDXContext_008075A8 @ 005AAE05 (global value) | 005AACB0 -> 006B3640 parameter 0 as pointer:/int @ 005AAE1B (global value) | 005AACB0 -> 006B3AF0 parameter 0 as pointer:/int @ 005AAE2A (global value) | 005AAFB0 -> 006B3BB0 parameter 0 as pointer:/int @ 005AAFF0 (global value) | 005AB0A0 -> 006B35D0 parameter 0 as pointer:/int @ 005AB100 (global value) | 005AB0A0 -> 006B35D0 parameter 0 as pointer:/int @ 005AB133 (global value) | 005AB300 -> 006B2330 parameter 0 as pointer:/SubmarineTitans/Recovered/LibraryContexts/DDXContext_008075A8 @ 005AB92F (global value) | 005AB300 -> 006B2330 parameter 0 as pointer:/SubmarineTitans/Recovered/LibraryContexts/DDXContext_008075A8 @ 005AB999 (global value) | 005AB300 -> 006B2330 parameter 0 as pointer:/SubmarineTitans/Recovered/LibraryContexts/DDXContext_008075A8 @ 005ABB2C (global value) | 005AB300 -> 006B2330 parameter 0 as pointer:/SubmarineTitans/Recovered/LibraryContexts/DDXContext_008075A8 @ 005ABD60 (global value) | 005AB300 -> 006B2330 parameter 0 as pointer:/SubmarineTitans/Recovered/LibraryContexts/DDXContext_008075A8 @ 005AC0DD (global value) | 005AB300 -> 006B3430 parameter 0 as pointer:/int @ 005ABD28 (global value) | 005AB300 -> 006B3430 parameter 0 as pointer:/int @ 005AC00C (global value) | 005AB300 -> 006B3430 parameter 0 as pointer:/int @ 005AC024 (global value) | 005AB300 -> 006B3430 parameter 0 as pointer:/int @ 005AC15F (global value) | 005AB300 -> 006B3430 parameter 0 as pointer:/int @ 005AC181 (global value) | 005AB300 -> 006B3430 parameter 0 as pointer:/int @ 005AC1A4 (global value) | 005AB300 -> 006B3640 parameter 0 as pointer:/int @ 005AB946 (global value) | 005AB300 -> 006B3640 parameter 0 as pointer:/int @ 005AB9B4 (global value) | 005AB300 -> 006B3640 parameter 0 as pointer:/int @ 005ABB44 (global value) | 005AB300 -> 006B3640 parameter 0 as pointer:/int @ 005ABD7B (global value) | 005AB300 -> 006B3640 parameter 0 as pointer:/int @ 005AC0F7 (global value) | 005AB300 -> 006B3AF0 parameter 0 as pointer:/int @ 005ABA70 (global value) | 005AB300 -> 006B3AF0 parameter 0 as pointer:/int @ 005ABACF (global value) | 005AB300 -> 006B3AF0 parameter 0 as pointer:/int @ 005ABC00 (global value) | 005AB300 -> 006B3AF0 parameter 0 as pointer:/int @ 005ABC6C (global value) | 005AB300 -> 006B3AF0 parameter 0 as pointer:/int @ 005ABE91 (global value) | 005AB300 -> 006B3AF0 parameter 0 as pointer:/int @ 005ABEE1 (global value) | 005AB300 -> 006B3AF0 parameter 0 as pointer:/int @ 005ABEFA (global value) | 005AB300 -> 006B3AF0 parameter 0 as pointer:/int @ 005ABF7F (global value) | 005AB300 -> 006B3AF0 parameter 0 as pointer:/int @ 005ABF97 (global value) | 005AB300 -> 006B3AF0 parameter 0 as pointer:/int @ 005AC106 (global value) | 005AB300 -> 006B3BB0 parameter 0 as pointer:/int @ 005ABAEE (global value) | 005AB300 -> 006B3BB0 parameter 0 as pointer:/int @ 005ABC84 (global value) | 005AB300 -> 006B3BB0 parameter 0 as pointer:/int @ 005ABF12 (global value) | 005AB300 -> 007158A0 parameter 1 as pointer:/int @ 005AB7D0 (global value) | 005AB300 -> 007158A0 parameter 1 as pointer:/int @ 005AB81C (global value) | 005AB300 -> 007158A0 parameter 1 as pointer:/int @ 005AB868 (global value) | 005ACB30 -> 006B3AF0 parameter 0 as pointer:/int @ 005ACD62 (global value) | 005ACB30 -> 006B3AF0 parameter 0 as pointer:/int @ 005ACE08 (global value) | 005ACB30 -> 006B3AF0 parameter 0 as pointer:/int @ 005ACE24 (global value) | 005ACB30 -> 006B3BB0 parameter 0 as pointer:/int @ 005ACC92 (global value) | 005ACB30 -> 006B3BB0 parameter 0 as pointer:/int @ 005ACCB5 (global value) | 005AD050 -> 006B5F80 parameter 0 as pointer:/int @ 005AD09A (global value) | 005AD390 -> 006B3430 parameter 0 as pointer:/int @ 005AD7B9 (global value) | 005AD390 -> 006B3430 parameter 0 as pointer:/int @ 005AD872 (global value) | 005AD390 -> 006B3430 parameter 0 as pointer:/int @ 005AD917 (global value) | 005AD390 -> 006B3430 parameter 0 as pointer:/int @ 005AD9A3 (global value) | 005AD390 -> 006B3430 parameter 0 as pointer:/int @ 005AD9BB (global value) | 005AD390 -> 006B3AF0 parameter 0 as pointer:/int @ 005AD533 (global value) | 005AD390 -> 006B3AF0 parameter 0 as pointer:/int @ 005AD56F (global value) | 005AD390 -> 006B3AF0 parameter 0 as pointer:/int @ 005AD5AA (global value) | 005ADF10 -> 006B3AF0 parameter 0 as pointer:/int @ 005ADF93 (global value) | 005AE050 -> 006B35D0 parameter 0 as pointer:/int @ 005AE623 (global value) | 005AE050 -> 006B35D0 parameter 0 as pointer:/int @ 005AE63F (global value) | 005AEAB0 -> 006B3430 parameter 0 as pointer:/int @ 005AECBB (global value) | 005AEAB0 -> 006B3430 parameter 0 as pointer:/int @ 005AF099 (global value) | 005AF350 -> 006B3430 parameter 0 as pointer:/int @ 005AF545 (global value) | 005AF350 -> 006B3430 parameter 0 as pointer:/int @ 005AF748 (global value) | 005AF350 -> 006B3430 parameter 0 as pointer:/int @ 005AF960 (global value) | 005AF350 -> 006B3AF0 parameter 0 as pointer:/int @ 005AF3FF (global value) | 005AF350 -> 006B3AF0 parameter 0 as pointer:/int @ 005AF5DF (global value) | 005AF350 -> 006B3AF0 parameter 0 as pointer:/int @ 005AF808 (global value) | 005AF350 -> 006B3AF0 parameter 0 as pointer:/int @ 005AF9CE (global value) | 005AF350 -> 006B3AF0 parameter 0 as pointer:/int @ 005AF9E7 (global value) | 005AF350 -> 006B5F80 parameter 0 as pointer:/int @ 005AF41C (global value) | 005AF350 -> 006B5F80 parameter 0 as pointer:/int @ 005AF770 (global value) | 005AF350 -> 006B5F80 parameter 0 as pointer:/int @ 005AF988 (global value) | 005AFD00 -> 006B3640 parameter 0 as pointer:/int @ 005AFEC1 (global value) | 005B0BA0 -> 006B35D0 parameter 0 as pointer:/int @ 005B0EAE (global value) | 005B0BA0 -> 006B3640 parameter 0 as pointer:/int @ 005B1E6B (global value) | 005B3160 -> 006B5F80 parameter 0 as pointer:/int @ 005B31AB (global value) | 005B3D60 -> 006B5F80 parameter 0 as pointer:/int @ 005B43FD (global value) | 005B48E0 -> 006B5F80 parameter 0 as pointer:/int @ 005B4948 (global value) | 005B48E0 -> 006B5F80 parameter 0 as pointer:/int @ 005B49E3 (global value) | 005B5240 -> 007158A0 parameter 1 as pointer:/int @ 005B52B1 (global value) | 005B5240 -> 007158A0 parameter 1 as pointer:/int @ 005B5349 (global value) | 005B5240 -> 007158A0 parameter 1 as pointer:/int @ 005B53AC (global value) | 005B9B10 -> 006B2330 parameter 0 as pointer:/SubmarineTitans/Recovered/LibraryContexts/DDXContext_008075A8 @ 005B9E4C (global value) | 005B9B10 -> 006B2330 parameter 0 as pointer:/SubmarineTitans/Recovered/LibraryContexts/DDXContext_008075A8 @ 005B9F44 (global value) | 005B9B10 -> 006B2330 parameter 0 as pointer:/SubmarineTitans/Recovered/LibraryContexts/DDXContext_008075A8 @ 005B9F87 (global value) | 005B9B10 -> 006B2330 parameter 0 as pointer:/SubmarineTitans/Recovered/LibraryContexts/DDXContext_008075A8 @ 005BA11C (global value) | 005B9B10 -> 006B3430 parameter 0 as pointer:/int @ 005BA2C9 (global value) | 005B9B10 -> 006B3430 parameter 0 as pointer:/int @ 005BA2EC (global value) | 005B9B10 -> 006B3640 parameter 0 as pointer:/int @ 005B9E60 (global value) | 005B9B10 -> 006B3640 parameter 0 as pointer:/int @ 005B9F5C (global value) | 005B9B10 -> 006B3640 parameter 0 as pointer:/int @ 005B9F9C (global value) | 005B9B10 -> 006B3640 parameter 0 as pointer:/int @ 005BA135 (global value) | 005B9B10 -> 006B3AF0 parameter 0 as pointer:/int @ 005BA057 (global value) | 005B9B10 -> 006B3AF0 parameter 0 as pointer:/int @ 005BA0BB (global value) | 005B9B10 -> 006B3AF0 parameter 0 as pointer:/int @ 005BA1EB (global value) | 005B9B10 -> 006B3AF0 parameter 0 as pointer:/int @ 005BA1FA (global value) | 005B9B10 -> 006B3AF0 parameter 0 as pointer:/int @ 005BA227 (global value) | 005B9B10 -> 006B3BB0 parameter 0 as pointer:/int @ 005BA0DD (global value) | 005B9B10 -> 006B3BB0 parameter 0 as pointer:/int @ 005BA20F (global value) | 005B9B10 -> 007158A0 parameter 1 as pointer:/int @ 005B9CDE (global value) | 005B9B10 -> 007158A0 parameter 1 as pointer:/int @ 005B9D34 (global value) | 005B9B10 -> 007158A0 parameter 1 as pointer:/int @ 005B9D80 (global value) | 005BA560 -> 006B3BB0 parameter 0 as pointer:/int @ 005BA697 (global value) | 005BA560 -> 006B3BB0 parameter 0 as pointer:/int @ 005BA6BA (global value) | 005BA8B0 -> 006B5F80 parameter 0 as pointer:/int @ 005BA8FA (global value) | 005BAE00 -> 006B3430 parameter 0 as pointer:/int @ 005BB071 (global value) | 005BAE00 -> 006B3430 parameter 0 as pointer:/int @ 005BB094 (global value) | 005BAE00 -> 006B3430 parameter 0 as pointer:/int @ 005BB159 (global value) | 005BAE00 -> 006B3AF0 parameter 0 as pointer:/int @ 005BAE99 (global value) | 005BAE00 -> 006B3AF0 parameter 0 as pointer:/int @ 005BAECB (global value) | 005BAE00 -> 006B3AF0 parameter 0 as pointer:/int @ 005BB0F8 (global value) | 005BC050 -> 006B3430 parameter 0 as pointer:/int @ 005BC1D9 (global value) | 005BC050 -> 006B3430 parameter 0 as pointer:/int @ 005BC3CA (global value) | 005BC050 -> 006B3AF0 parameter 0 as pointer:/int @ 005BC26B (global value) | 005BC050 -> 006B3AF0 parameter 0 as pointer:/int @ 005BC410 (global value) | 005BC050 -> 006B5F80 parameter 0 as pointer:/int @ 005BC0F9 (global value) | 005BC050 -> 006B5F80 parameter 0 as pointer:/int @ 005BC2F2 (global value) | 005BC5E0 -> 006B2330 parameter 0 as pointer:/SubmarineTitans/Recovered/LibraryContexts/DDXContext_008075A8 @ 005BCBA6 (global value) | 005BC5E0 -> 006B3430 parameter 0 as pointer:/int @ 005BCB7B (global value) | 005BC5E0 -> 006B3430 parameter 0 as pointer:/int @ 005BCC6E (global value) | 005BC5E0 -> 006B35D0 parameter 0 as pointer:/int @ 005BC8A7 (global value) | 005BC5E0 -> 006B3640 parameter 0 as pointer:/int @ 005BCBBE (global value) | 005BC5E0 -> 006B3640 parameter 0 as pointer:/int @ 005BCF17 (global value) | 005BC5E0 -> 006B3AF0 parameter 0 as pointer:/int @ 005BCC81 (global value) | 005BC5E0 -> 006B3BB0 parameter 0 as pointer:/int @ 005BCC99 (global value) | 005BD7A0 -> 006B2330 parameter 0 as pointer:/SubmarineTitans/Recovered/LibraryContexts/DDXContext_008075A8 @ 005BDDB9 (global value) | 005BD7A0 -> 006B2330 parameter 0 as pointer:/SubmarineTitans/Recovered/LibraryContexts/DDXContext_008075A8 @ 005BDEAB (global value) | 005BD7A0 -> 006B3430 parameter 0 as pointer:/int @ 005BDFC1 (global value) | 005BD7A0 -> 006B3430 parameter 0 as pointer:/int @ 005BDFE4 (global value) | 005BD7A0 -> 006B3640 parameter 0 as pointer:/int @ 005BDDCE (global value) | 005BD7A0 -> 006B3640 parameter 0 as pointer:/int @ 005BDEC0 (global value) | 005BD7A0 -> 006B3AF0 parameter 0 as pointer:/int @ 005BDE76 (global value) | 005BD7A0 -> 006B3AF0 parameter 0 as pointer:/int @ 005BDF65 (global value) | 005BD7A0 -> 006B3BB0 parameter 0 as pointer:/int @ 005BDE89 (global value) | 005BD7A0 -> 006B3BB0 parameter 0 as pointer:/int @ 005BDF7A (global value) | 005BE5B0 -> 006B5F80 parameter 0 as pointer:/int @ 005BE5FE (global value) | 005BF860 -> 006B3AF0 parameter 0 as pointer:/int @ 005BF8E8 (global value) | 005BF860 -> 006B3AF0 parameter 0 as pointer:/int @ 005BF91A (global value) | 005BF860 -> 006B5F80 parameter 0 as pointer:/int @ 005BFA14 (global value) | 005BF860 -> 006B5F80 parameter 0 as pointer:/int @ 005BFB6D (global value) | 005C05F0 -> 006B3430 parameter 0 as pointer:/int @ 005C0785 (global value) | 005C05F0 -> 006B3430 parameter 0 as pointer:/int @ 005C0840 (global value) | 005C05F0 -> 006B5F80 parameter 0 as pointer:/int @ 005C0685 (global value) | 005C0B00 -> 006B5F80 parameter 0 as pointer:/int @ 005C0CAA (global value) | 005C0E00 -> 006B5F80 parameter 0 as pointer:/int @ 005C0E6C (global value) | 005C0E00 -> 006B5F80 parameter 0 as pointer:/int @ 005C0EC8 (global value) | 005C0E00 -> 006B5F80 parameter 0 as pointer:/int @ 005C0F08 (global value) | 005C1610 -> 006B5F80 parameter 0 as pointer:/int @ 005C1686 (global value) | 005C2760 -> 006B5F80 parameter 0 as pointer:/int @ 005C27A7 (global value) | 005C29B0 -> 006B2330 parameter 0 as pointer:/SubmarineTitans/Recovered/LibraryContexts/DDXContext_008075A8 @ 005C2FE7 (global value) | 005C29B0 -> 006B2330 parameter 0 as pointer:/SubmarineTitans/Recovered/LibraryContexts/DDXContext_008075A8 @ 005C34AD (global value) | 005C29B0 -> 006B2330 parameter 0 as pointer:/SubmarineTitans/Recovered/LibraryContexts/DDXContext_008075A8 @ 005C3A73 (global value) | 005C29B0 -> 006B2330 parameter 0 as pointer:/SubmarineTitans/Recovered/LibraryContexts/DDXContext_008075A8 @ 005C3AD2 (global value) | 005C29B0 -> 006B2330 parameter 0 as pointer:/SubmarineTitans/Recovered/LibraryContexts/DDXContext_008075A8 @ 005C3C6F (global value) | 005C29B0 -> 006B2330 parameter 0 as pointer:/SubmarineTitans/Recovered/LibraryContexts/DDXContext_008075A8 @ 005C3DC0 (global value) | 005C29B0 -> 006B2330 parameter 0 as pointer:/SubmarineTitans/Recovered/LibraryContexts/DDXContext_008075A8 @ 005C3FBD (global value) | 005C29B0 -> 006B3430 parameter 0 as pointer:/int @ 005C3BA9 (global value) | 005C29B0 -> 006B3430 parameter 0 as pointer:/int @ 005C3D48 (global value) | 005C29B0 -> 006B3430 parameter 0 as pointer:/int @ 005C3E95 (global value) | 005C29B0 -> 006B3430 parameter 0 as pointer:/int @ 005C4091 (global value) | 005C29B0 -> 006B3640 parameter 0 as pointer:/int @ 005C2FFF (global value) | 005C29B0 -> 006B3640 parameter 0 as pointer:/int @ 005C34C6 (global value) | 005C29B0 -> 006B3640 parameter 0 as pointer:/int @ 005C3A8E (global value) | 005C29B0 -> 006B3640 parameter 0 as pointer:/int @ 005C3AEB (global value) | 005C29B0 -> 006B3640 parameter 0 as pointer:/int @ 005C3C8B (global value) | 005C29B0 -> 006B3640 parameter 0 as pointer:/int @ 005C3DDA (global value) | 005C29B0 -> 006B3640 parameter 0 as pointer:/int @ 005C3FD8 (global value) | 005C29B0 -> 006B3AF0 parameter 0 as pointer:/int @ 005C3C18 (global value) | 005C29B0 -> 006B3AF0 parameter 0 as pointer:/int @ 005C3D57 (global value) | 005C29B0 -> 006B3AF0 parameter 0 as pointer:/int @ 005C3D84 (global value) | 005C29B0 -> 006B3AF0 parameter 0 as pointer:/int @ 005C3EF7 (global value) | 005C29B0 -> 006B3AF0 parameter 0 as pointer:/int @ 005C3F7C (global value) | 005C29B0 -> 006B3AF0 parameter 0 as pointer:/int @ 005C40A4 (global value) | 005C29B0 -> 006B3BB0 parameter 0 as pointer:/int @ 005C3C2D (global value) | 005C29B0 -> 006B3BB0 parameter 0 as pointer:/int @ 005C3D6C (global value) | 005C29B0 -> 006B3BB0 parameter 0 as pointer:/int @ 005C3F11 (global value) | 005C29B0 -> 006B3BB0 parameter 0 as pointer:/int @ 005C40B8 (global value) | 005C29B0 -> 007158A0 parameter 1 as pointer:/int @ 005C3348 (global value) | 005C29B0 -> 007158A0 parameter 1 as pointer:/int @ 005C339D (global value) | 005C29B0 -> 007158A0 parameter 1 as pointer:/int @ 005C33E8 (global value) | 005C4930 -> 006B3AF0 parameter 0 as pointer:/int @ 005C4A9E (global value) | 005C4930 -> 006B3BB0 parameter 0 as pointer:/int @ 005C4C41 (global value) | 005C4930 -> 006B3BB0 parameter 0 as pointer:/int @ 005C4C7A (global value) | 005C4E20 -> 006B5F80 parameter 0 as pointer:/int @ 005C4E6A (global value) | 005C5130 -> 006B3430 parameter 0 as pointer:/int @ 005C5587 (global value) | 005C5130 -> 006B3430 parameter 0 as pointer:/int @ 005C5655 (global value) | 005C5130 -> 006B3430 parameter 0 as pointer:/int @ 005C56A8 (global value) | 005C5130 -> 006B3430 parameter 0 as pointer:/int @ 005C5791 (global value) | 005C5130 -> 006B3430 parameter 0 as pointer:/int @ 005C57B3 (global value) | 005C5130 -> 006B3430 parameter 0 as pointer:/int @ 005C5879 (global value) | 005C5130 -> 006B3430 parameter 0 as pointer:/int @ 005C5891 (global value) | 005C5130 -> 006B3AF0 parameter 0 as pointer:/int @ 005C523A (global value) | 005C5130 -> 006B3AF0 parameter 0 as pointer:/int @ 005C5276 (global value) | 005C5130 -> 006B3AF0 parameter 0 as pointer:/int @ 005C52C3 (global value) | 005C5130 -> 006B3AF0 parameter 0 as pointer:/int @ 005C5311 (global value) | 005C5130 -> 006B3AF0 parameter 0 as pointer:/int @ 005C535F (global value) | 005C5B60 -> 006B3AF0 parameter 0 as pointer:/int @ 005C5BEA (global value) | 005C6030 -> 006B3430 parameter 0 as pointer:/int @ 005C61E1 (global value) | 005C6030 -> 006B3430 parameter 0 as pointer:/int @ 005C6992 (global value) | 005C6D40 -> 006B3430 parameter 0 as pointer:/int @ 005C6EEC (global value) | 005C6D40 -> 006B3430 parameter 0 as pointer:/int @ 005C70BD (global value) | 005C6D40 -> 006B3430 parameter 0 as pointer:/int @ 005C729D (global value) | 005C6D40 -> 006B3430 parameter 0 as pointer:/int @ 005C74AF (global value) | 005C6D40 -> 006B3AF0 parameter 0 as pointer:/int @ 005C6FA1 (global value) | 005C6D40 -> 006B3AF0 parameter 0 as pointer:/int @ 005C712C (global value) | 005C6D40 -> 006B3AF0 parameter 0 as pointer:/int @ 005C735D (global value) | 005C6D40 -> 006B3AF0 parameter 0 as pointer:/int @ 005C7515 (global value) | 005C6D40 -> 006B5F80 parameter 0 as pointer:/int @ 005C6F14 (global value) | 005C6D40 -> 006B5F80 parameter 0 as pointer:/int @ 005C70E8 (global value) | 005C6D40 -> 006B5F80 parameter 0 as pointer:/int @ 005C72C5 (global value) | 005C6D40 -> 006B5F80 parameter 0 as pointer:/int @ 005C74D7 (global value) | 005C7800 -> 006B5F80 parameter 0 as pointer:/int @ 005C78F9 (global value) | 005C87C0 -> 006B35D0 parameter 0 as pointer:/int @ 005C893F (global value) | 005C8A40 -> 006B35D0 parameter 0 as pointer:/int @ 005C8E31 (global value) | 005C8A40 -> 006B35D0 parameter 0 as pointer:/int @ 005C8E73 (global value) | 005C8A40 -> 006B35D0 parameter 0 as pointer:/int @ 005C8EFE (global value) | 005C8A40 -> 006B35D0 parameter 0 as pointer:/int @ 005CA835 (global value) | 005C8A40 -> 006B35D0 parameter 0 as pointer:/int @ 005CAE25 (global value) | 005CBD00 -> 006B2330 parameter 0 as pointer:/SubmarineTitans/Recovered/LibraryContexts/DDXContext_008075A8 @ 005CBE56 (global value) | 005CBD00 -> 006B2330 parameter 0 as pointer:/SubmarineTitans/Recovered/LibraryContexts/DDXContext_008075A8 @ 005CBEDB (global value) | 005CBD00 -> 006B3430 parameter 0 as pointer:/int @ 005CC01A (global value) | 005CBD00 -> 006B3430 parameter 0 as pointer:/int @ 005CC11C (global value) | 005CBD00 -> 006B3430 parameter 0 as pointer:/int @ 005CC134 (global value) | 005CBD00 -> 006B3640 parameter 0 as pointer:/int @ 005CBE71 (global value) | 005CBD00 -> 006B3640 parameter 0 as pointer:/int @ 005CBEF6 (global value) | 005CBD00 -> 006B3AF0 parameter 0 as pointer:/int @ 005CBE80 (global value) | 005CBD00 -> 006B3AF0 parameter 0 as pointer:/int @ 005CC06C (global value) | 005CBD00 -> 006B3AF0 parameter 0 as pointer:/int @ 005CC085 (global value) | 005CBD00 -> 006B3BB0 parameter 0 as pointer:/int @ 005CC09E (global value) | 005CC2D0 -> 006B3BB0 parameter 0 as pointer:/int @ 005CC32B (global value) | 005CC440 -> 006B3430 parameter 0 as pointer:/int @ 005CC553 (global value) | 005CC440 -> 006B3430 parameter 0 as pointer:/int @ 005CC660 (global value) | 005CC440 -> 006B3430 parameter 0 as pointer:/int @ 005CC6D2 (global value) | 005CC840 -> 006B3430 parameter 0 as pointer:/int @ 005CCA36 (global value) | 005CC840 -> 006B3AF0 parameter 0 as pointer:/int @ 005CC8F1 (global value) | 005CC840 -> 006B3AF0 parameter 0 as pointer:/int @ 005CCAA5 (global value) | 005CC840 -> 006B3AF0 parameter 0 as pointer:/int @ 005CCABE (global value) | 005CC840 -> 006B5F80 parameter 0 as pointer:/int @ 005CCA5E (global value) | 005CE0E0 -> 006B3430 parameter 0 as pointer:/int @ 005CE167 (global value) | 005CE0E0 -> 006B3430 parameter 0 as pointer:/int @ 005CE17F (global value) | 005CE0E0 -> 006B3430 parameter 0 as pointer:/int @ 005CE197 (global value) | 005CE0E0 -> 006B35D0 parameter 0 as pointer:/int @ 005CF0D0 (global value) | 005D1400 -> 006B35D0 parameter 0 as pointer:/int @ 005D162C (global value) | 005D1400 -> 006B35D0 parameter 0 as pointer:/int @ 005D3C49 (global value) | 005D5560 -> 006B35D0 parameter 0 as pointer:/int @ 005D6FCC (global value) | 005D7A50 -> 006B2330 parameter 0 as pointer:/SubmarineTitans/Recovered/LibraryContexts/DDXContext_008075A8 @ 005D7C76 (global value) | 005D7A50 -> 006B3640 parameter 0 as pointer:/int @ 005D7C91 (global value) | 005D7A50 -> 006B3AF0 parameter 0 as pointer:/int @ 005D7CA0 (global value) | 005D7A50 -> 007158A0 parameter 1 as pointer:/int @ 005D7A9D (global value) | 005D7A50 -> 007158A0 parameter 1 as pointer:/int @ 005D7CBD (global value) | 005D7A50 -> 007158A0 parameter 1 as pointer:/int @ 005D7D1B (global value) | 005D7A50 -> 007158A0 parameter 1 as pointer:/int @ 005D7D79 (global value) | 005D7F80 -> 006B3BB0 parameter 0 as pointer:/int @ 005D802F (global value) | 005D8450 -> 006B3430 parameter 0 as pointer:/int @ 005D8878 (global value) | 005D8A90 -> 006B3AF0 parameter 0 as pointer:/int @ 005D8AFC (global value) | 005D8BF0 -> 006B35D0 parameter 0 as pointer:/int @ 005D8CBD (global value) | 005D8BF0 -> 006B35D0 parameter 0 as pointer:/int @ 005D909F (global value) | 005D9470 -> 006B35D0 parameter 0 as pointer:/int @ 005D9A5D (global value) | 005D9470 -> 006B35D0 parameter 0 as pointer:/int @ 005D9BC4 (global value) | 005DB2A0 -> 006B3BB0 parameter 0 as pointer:/int @ 005DB343 (global value) | 005DB2A0 -> 006B3BB0 parameter 0 as pointer:/int @ 005DB3AD (global value) | 005DB2A0 -> 006B3BB0 parameter 0 as pointer:/int @ 005DB40B (global value) | 005DB2A0 -> 006B3BB0 parameter 0 as pointer:/int @ 005DB43E (global value) | 005DB4F0 -> 006B2330 parameter 0 as pointer:/SubmarineTitans/Recovered/LibraryContexts/DDXContext_008075A8 @ 005DB762 (global value) | 005DB4F0 -> 006B2330 parameter 0 as pointer:/SubmarineTitans/Recovered/LibraryContexts/DDXContext_008075A8 @ 005DB986 (global value) | 005DB4F0 -> 006B2330 parameter 0 as pointer:/SubmarineTitans/Recovered/LibraryContexts/DDXContext_008075A8 @ 005DBA47 (global value) | 005DB4F0 -> 006B2330 parameter 0 as pointer:/SubmarineTitans/Recovered/LibraryContexts/DDXContext_008075A8 @ 005DBBCA (global value) | 005DB4F0 -> 006B3640 parameter 0 as pointer:/int @ 005DB776 (global value) | 005DB4F0 -> 006B3640 parameter 0 as pointer:/int @ 005DB99E (global value) | 005DB4F0 -> 006B3640 parameter 0 as pointer:/int @ 005DBA62 (global value) | 005DB4F0 -> 006B3640 parameter 0 as pointer:/int @ 005DBBE5 (global value) | 005DB4F0 -> 006B3AF0 parameter 0 as pointer:/int @ 005DB785 (global value) | 005DB4F0 -> 006B3AF0 parameter 0 as pointer:/int @ 005DB9AD (global value) | 005DB4F0 -> 006B3AF0 parameter 0 as pointer:/int @ 005DBA71 (global value) | 005DB4F0 -> 007158A0 parameter 1 as pointer:/int @ 005DB7A0 (global value) | 005DB4F0 -> 007158A0 parameter 1 as pointer:/int @ 005DB7E9 (global value) | 005DB4F0 -> 007158A0 parameter 1 as pointer:/int @ 005DB847 (global value) | 005DB4F0 -> 007158A0 parameter 1 as pointer:/int @ 005DB8A5 (global value) | 005DB4F0 -> 007158A0 parameter 1 as pointer:/int @ 005DBAA8 (global value) | 005DB4F0 -> 007158A0 parameter 1 as pointer:/int @ 005DBAF5 (global value) | 005DD470 -> 006B35D0 parameter 0 as pointer:/int @ 005DD5F7 (global value) | 005DD470 -> 006B35D0 parameter 0 as pointer:/int @ 005DD720 (global value) | 005DDC70 -> 006B3430 parameter 0 as pointer:/int @ 005DDEAF (global value) | 005DE050 -> 006B35D0 parameter 0 as pointer:/int @ 005DE193 (global value) | 005DE270 -> 006B3430 parameter 0 as pointer:/int @ 005DE44E (global value) | 005DFA30 -> 006B2330 parameter 0 as pointer:/SubmarineTitans/Recovered/LibraryContexts/DDXContext_008075A8 @ 005DFD9B (global value) | 005DFA30 -> 006B2330 parameter 0 as pointer:/SubmarineTitans/Recovered/LibraryContexts/DDXContext_008075A8 @ 005DFE01 (global value) | 005DFA30 -> 006B2330 parameter 0 as pointer:/SubmarineTitans/Recovered/LibraryContexts/DDXContext_008075A8 @ 005DFF5B (global value) | 005DFA30 -> 006B2330 parameter 0 as pointer:/SubmarineTitans/Recovered/LibraryContexts/DDXContext_008075A8 @ 005E00A3 (global value) | 005DFA30 -> 006B3640 parameter 0 as pointer:/int @ 005DFDAD (global value) | 005DFA30 -> 006B3640 parameter 0 as pointer:/int @ 005DFE14 (global value) | 005DFA30 -> 006B3640 parameter 0 as pointer:/int @ 005DFF6E (global value) | 005DFA30 -> 006B3640 parameter 0 as pointer:/int @ 005E00B5 (global value) | 005DFA30 -> 006B3AF0 parameter 0 as pointer:/int @ 005DFDBC (global value) | 005DFA30 -> 006B3AF0 parameter 0 as pointer:/int @ 005DFE22 (global value) | 005DFA30 -> 006B3AF0 parameter 0 as pointer:/int @ 005DFF7D (global value) | 005DFA30 -> 006B3AF0 parameter 0 as pointer:/int @ 005E00C4 (global value) | 005DFA30 -> 007158A0 parameter 1 as pointer:/int @ 005DFE52 (global value) | 005DFA30 -> 007158A0 parameter 1 as pointer:/int @ 005DFEA8 (global value) | 005DFA30 -> 007158A0 parameter 1 as pointer:/int @ 005DFEFE (global value) | 005DFA30 -> 007158A0 parameter 1 as pointer:/int @ 005DFF98 (global value) | 005DFA30 -> 007158A0 parameter 1 as pointer:/int @ 005DFFEE (global value) | 005DFA30 -> 007158A0 parameter 1 as pointer:/int @ 005E0044 (global value) | 005E0470 -> 006B3BB0 parameter 0 as pointer:/int @ 005E0515 (global value) | 005E0470 -> 006B3BB0 parameter 0 as pointer:/int @ 005E0586 (global value) | 005E0470 -> 006B3BB0 parameter 0 as pointer:/int @ 005E05CF (global value) | 005E0470 -> 006B3BB0 parameter 0 as pointer:/int @ 005E0615 (global value) | 005E09E0 -> 006B5F80 parameter 0 as pointer:/int @ 005E0A25 (global value) | 005E0AC0 -> 006B35D0 parameter 0 as pointer:/int @ 005E0BCC (global value) | 005E0AC0 -> 006B35D0 parameter 0 as pointer:/int @ 005E0C3C (global value) | 005E0AC0 -> 006B35D0 parameter 0 as pointer:/int @ 005E0CD2 (global value) | 005E10A0 -> 006B3BB0 parameter 0 as pointer:/int @ 005E10E2 (global value) | 005E1330 -> 006B2330 parameter 0 as pointer:/SubmarineTitans/Recovered/LibraryContexts/DDXContext_008075A8 @ 005E2C84 (global value) | 005E1330 -> 006B2330 parameter 0 as pointer:/SubmarineTitans/Recovered/LibraryContexts/DDXContext_008075A8 @ 005E2E5B (global value) | 005E1330 -> 006B2800 parameter 0 as pointer:/SubmarineTitans/Recovered/LibraryContexts/DDXContext_008075A8 @ 005E1E3B (global value) | 005E1330 -> 006B2800 parameter 0 as pointer:/SubmarineTitans/Recovered/LibraryContexts/DDXContext_008075A8 @ 005E21BE (global value) | 005E1330 -> 006B2800 parameter 0 as pointer:/SubmarineTitans/Recovered/LibraryContexts/DDXContext_008075A8 @ 005E281E (global value) | 005E1330 -> 006B3430 parameter 0 as pointer:/int @ 005E1E5C (global value) | 005E1330 -> 006B3430 parameter 0 as pointer:/int @ 005E21E2 (global value) | 005E1330 -> 006B3430 parameter 0 as pointer:/int @ 005E2847 (global value) | 005E1330 -> 006B35D0 parameter 0 as pointer:/int @ 005E2EE7 (global value) | 005E1330 -> 006B3640 parameter 0 as pointer:/int @ 005E1E25 (global value) | 005E1330 -> 006B3640 parameter 0 as pointer:/int @ 005E21A7 (global value) | 005E1330 -> 006B3640 parameter 0 as pointer:/int @ 005E2804 (global value) | 005E1330 -> 006B3640 parameter 0 as pointer:/int @ 005E2E8F (global value) | 005E1330 -> 006B3730 parameter 0 as pointer:/uint @ 005E2A27 (global value) | 005E1330 -> 006B3AF0 parameter 0 as pointer:/int @ 005E1D19 (global value) | 005E1330 -> 006B3AF0 parameter 0 as pointer:/int @ 005E1E91 (global value) | 005E1330 -> 006B3AF0 parameter 0 as pointer:/int @ 005E2230 (global value) | 005E1330 -> 007158A0 parameter 1 as pointer:/int @ 005E3059 (global value) | 005E4570 -> 006B35D0 parameter 0 as pointer:/int @ 005E4B46 (global value) | 005E4570 -> 006B35D0 parameter 0 as pointer:/int @ 005E4B7A (global value) | 005E4570 -> 006B35D0 parameter 0 as pointer:/int @ 005E4BE4 (global value) | 005E4570 -> 006B35D0 parameter 0 as pointer:/int @ 005E4C17 (global value) | 005E4570 -> 006B35D0 parameter 0 as pointer:/int @ 005E4C68 (global value) | 005E4570 -> 006B35D0 parameter 0 as pointer:/int @ 005E4E08 (global value) | 005E4570 -> 006B35D0 parameter 0 as pointer:/int @ 005E4FCD (global value) | 005E4570 -> 006B35D0 parameter 0 as pointer:/int @ 005E51D7 (global value) | 005E4570 -> 006B3AF0 parameter 0 as pointer:/int @ 005E49C0 (global value) | 005E4570 -> 006B3AF0 parameter 0 as pointer:/int @ 005E4A22 (global value) | 005E4570 -> 006B3AF0 parameter 0 as pointer:/int @ 005E4A60 (global value) | 005E5D50 -> 006B5F80 parameter 0 as pointer:/int @ 005E5D95 (global value) | 005E5E30 -> 006B3AF0 parameter 0 as pointer:/int @ 005E5E9C (global value) | 005E5FB0 -> 006B2330 parameter 0 as pointer:/SubmarineTitans/Recovered/LibraryContexts/DDXContext_008075A8 @ 005E6246 (global value) | 005E5FB0 -> 006B3430 parameter 0 as pointer:/int @ 005E6199 (global value) | 005E5FB0 -> 006B3430 parameter 0 as pointer:/int @ 005E6313 (global value) | 005E5FB0 -> 006B3640 parameter 0 as pointer:/int @ 005E6260 (global value) | 005E5FB0 -> 006B3BB0 parameter 0 as pointer:/int @ 005E6327 (global value) | 005E5FB0 -> 006B5F80 parameter 0 as pointer:/int @ 005E610F (global value) | 005E5FB0 -> 006B5F80 parameter 0 as pointer:/int @ 005E61B6 (global value) | 005E6770 -> 006B2330 parameter 0 as pointer:/SubmarineTitans/Recovered/LibraryContexts/DDXContext_008075A8 @ 005E6A1F (global value) | 005E6770 -> 006B2330 parameter 0 as pointer:/SubmarineTitans/Recovered/LibraryContexts/DDXContext_008075A8 @ 005E6A86 (global value) | 005E6770 -> 006B2330 parameter 0 as pointer:/SubmarineTitans/Recovered/LibraryContexts/DDXContext_008075A8 @ 005E6C5D (global value) | 005E6770 -> 006B2330 parameter 0 as pointer:/SubmarineTitans/Recovered/LibraryContexts/DDXContext_008075A8 @ 005E6DEF (global value) | 005E6770 -> 006B3430 parameter 0 as pointer:/int @ 005E6C2B (global value) | 005E6770 -> 006B3430 parameter 0 as pointer:/int @ 005E7020 (global value) | 005E6770 -> 006B3430 parameter 0 as pointer:/int @ 005E7038 (global value) | 005E6770 -> 006B3430 parameter 0 as pointer:/int @ 005E708B (global value) | 005E6770 -> 006B3430 parameter 0 as pointer:/int @ 005E70AE (global value) | 005E6770 -> 006B3430 parameter 0 as pointer:/int @ 005E70D1 (global value) | 005E6770 -> 006B3640 parameter 0 as pointer:/int @ 005E6A36 (global value) | 005E6770 -> 006B3640 parameter 0 as pointer:/int @ 005E6A9F (global value) | 005E6770 -> 006B3640 parameter 0 as pointer:/int @ 005E6C76 (global value) | 005E6770 -> 006B3640 parameter 0 as pointer:/int @ 005E6E0B (global value) | 005E6770 -> 006B3AF0 parameter 0 as pointer:/int @ 005E6A44 (global value) | 005E6770 -> 006B3AF0 parameter 0 as pointer:/int @ 005E6B59 (global value) | 005E6770 -> 006B3AF0 parameter 0 as pointer:/int @ 005E6D2E (global value) | 005E6770 -> 006B3AF0 parameter 0 as pointer:/int @ 005E6D9D (global value) | 005E6770 -> 006B3AF0 parameter 0 as pointer:/int @ 005E6F1E (global value) | 005E6770 -> 006B3AF0 parameter 0 as pointer:/int @ 005E6F70 (global value) | 005E6770 -> 006B3AF0 parameter 0 as pointer:/int @ 005E6F89 (global value) | 005E6770 -> 006B3BB0 parameter 0 as pointer:/int @ 005E6B6D (global value) | 005E6770 -> 006B3BB0 parameter 0 as pointer:/int @ 005E6DB2 (global value) | 005E6770 -> 006B3BB0 parameter 0 as pointer:/int @ 005E6FA2 (global value) | 005E7570 -> 006B3AF0 parameter 0 as pointer:/int @ 005E774C (global value) | 005E7570 -> 006B3AF0 parameter 0 as pointer:/int @ 005E77D1 (global value) | 005E7570 -> 006B3AF0 parameter 0 as pointer:/int @ 005E77ED (global value) | 005E7570 -> 006B3BB0 parameter 0 as pointer:/int @ 005E769C (global value) | 005E79B0 -> 006B5F80 parameter 0 as pointer:/int @ 005E79FA (global value) | 005E7C00 -> 006B35D0 parameter 0 as pointer:/int @ 005E7E8F (global value) | 005E7FE0 -> 006B35D0 parameter 0 as pointer:/int @ 005E834D (global value) | 005E7FE0 -> 006B35D0 parameter 0 as pointer:/int @ 005E8369 (global value) | 005E84D0 -> 006B3430 parameter 0 as pointer:/int @ 005E8859 (global value) | 005E84D0 -> 006B3430 parameter 0 as pointer:/int @ 005E88FC (global value) | 005E84D0 -> 006B3430 parameter 0 as pointer:/int @ 005E89A1 (global value) | 005E84D0 -> 006B3430 parameter 0 as pointer:/int @ 005E8A13 (global value) | 005E84D0 -> 006B3430 parameter 0 as pointer:/int @ 005E8A2B (global value) | 005E84D0 -> 006B3AF0 parameter 0 as pointer:/int @ 005E85EC (global value) | 005E84D0 -> 006B3AF0 parameter 0 as pointer:/int @ 005E862F (global value) | 005E84D0 -> 006B3AF0 parameter 0 as pointer:/int @ 005E8668 (global value) | 005E9830 -> 006B3AF0 parameter 0 as pointer:/int @ 005E98B3 (global value) | 005E9B50 -> 006B3430 parameter 0 as pointer:/int @ 005E9CA5 (global value) | 005E9D70 -> 006B3430 parameter 0 as pointer:/int @ 005E9F21 (global value) | 005E9D70 -> 006B3430 parameter 0 as pointer:/int @ 005EA10D (global value) | 005E9D70 -> 006B3430 parameter 0 as pointer:/int @ 005EA2FA (global value) | 005E9D70 -> 006B3AF0 parameter 0 as pointer:/int @ 005E9F71 (global value) | 005E9D70 -> 006B3AF0 parameter 0 as pointer:/int @ 005EA1CD (global value) | 005E9D70 -> 006B3AF0 parameter 0 as pointer:/int @ 005EA368 (global value) | 005E9D70 -> 006B3AF0 parameter 0 as pointer:/int @ 005EA381 (global value) | 005E9D70 -> 006B5F80 parameter 0 as pointer:/int @ 005E9E0F (global value) | 005E9D70 -> 006B5F80 parameter 0 as pointer:/int @ 005EA135 (global value) | 005E9D70 -> 006B5F80 parameter 0 as pointer:/int @ 005EA322 (global value) | 00639C90 -> 006C83B0 parameter 0 as pointer:/int @ 0063AC41 (global value) | 00639C90 -> 006C83B0 parameter 0 as pointer:/int @ 0063B0E9 (global value)	-
0080760C	g_sT3DSMAPContext_0080760C	pointer:/SubmarineTitans/Recovered/LibraryContexts/ST3DSMAPContext	{pointer:/HoloTy=1}	{}	{}	0		0	00575460 -> 0072E2B0 parameter 0 as pointer:/HoloTy @ 0057547B (global value)	-
00807618	g_hINSTANCE_00807618	/WinDef.h/HINSTANCE	{/WinDef.h/HINSTANCE=134}	{pointer:/WinDef.h/HINSTANCE__=1}	{}	0	pointer:/WinDef.h/HINSTANCE__	0	004F5690 -> 006B0140 parameter 1 as /WinDef.h/HINSTANCE @ 004F5FE3 (global value) | 00505DF0 -> 006B0140 parameter 1 as /WinDef.h/HINSTANCE @ 00505E80 (global value) | 005061C0 -> 006B0140 parameter 1 as /WinDef.h/HINSTANCE @ 00506DD2 (global value) | 005061C0 -> 006B0140 parameter 1 as /WinDef.h/HINSTANCE @ 00507183 (global value) | 0050A340 -> 006B0140 parameter 1 as /WinDef.h/HINSTANCE @ 0050AC6F (global value) | 00510E30 -> 006B0140 parameter 1 as /WinDef.h/HINSTANCE @ 00511054 (global value) | 00510E30 -> 006B0140 parameter 1 as /WinDef.h/HINSTANCE @ 00511066 (global value) | 00515310 -> 006B0140 parameter 1 as /WinDef.h/HINSTANCE @ 00515488 (global value) | 00515C00 -> 006B0140 parameter 1 as /WinDef.h/HINSTANCE @ 00515C9B (global value) | 00515E30 -> 006B0140 parameter 1 as /WinDef.h/HINSTANCE @ 00516005 (global value) | 00517A50 -> 006B0140 parameter 1 as /WinDef.h/HINSTANCE @ 00518315 (global value) | 0051B5A0 -> 006B0140 parameter 1 as /WinDef.h/HINSTANCE @ 0051B886 (global value) | 0051B5A0 -> 006B0140 parameter 1 as /WinDef.h/HINSTANCE @ 0051B8D7 (global value) | 0051B5A0 -> 006B0140 parameter 1 as /WinDef.h/HINSTANCE @ 0051BBEF (global value) | 0051D540 -> 006B0140 parameter 1 as /WinDef.h/HINSTANCE @ 0051D6AF (global value) | 0051DDD0 -> 006B0140 parameter 1 as /WinDef.h/HINSTANCE @ 0051ED7E (global value) | 00521CF0 -> 006B0140 parameter 1 as /WinDef.h/HINSTANCE @ 00521DFA (global value) | 00521CF0 -> 006B0140 parameter 1 as /WinDef.h/HINSTANCE @ 00521E9A (global value) | 00521CF0 -> 006B0140 parameter 1 as /WinDef.h/HINSTANCE @ 00521F42 (global value) | 0052A970 -> 006B0140 parameter 1 as /WinDef.h/HINSTANCE @ 0052AAAE (global value) | 0052FB00 -> 006B0140 parameter 1 as /WinDef.h/HINSTANCE @ 0052FF83 (global value) | 005325B0 -> 006B0140 parameter 1 as /WinDef.h/HINSTANCE @ 0053276D (global value) | 005325B0 -> 006B0140 parameter 1 as /WinDef.h/HINSTANCE @ 00532782 (global value) | 00533D10 -> 006B0140 parameter 1 as /WinDef.h/HINSTANCE @ 005342AD (global value) | 005449B0 -> 006B0140 parameter 1 as /WinDef.h/HINSTANCE @ 005457DB (global value) | 005449B0 -> 006B0140 parameter 1 as /WinDef.h/HINSTANCE @ 00545887 (global value) | 005449B0 -> 006B0140 parameter 1 as /WinDef.h/HINSTANCE @ 005458C5 (global value) | 005449B0 -> 006B0140 parameter 1 as /WinDef.h/HINSTANCE @ 005458DF (global value) | 005449B0 -> 006B0140 parameter 1 as /WinDef.h/HINSTANCE @ 00545921 (global value) | 005449B0 -> 006B0140 parameter 1 as /WinDef.h/HINSTANCE @ 00545975 (global value) | 005449B0 -> 006B0140 parameter 1 as /WinDef.h/HINSTANCE @ 00545A95 (global value) | 005449B0 -> 006B0140 parameter 1 as /WinDef.h/HINSTANCE @ 00545B17 (global value) | 005449B0 -> 006B0140 parameter 1 as /WinDef.h/HINSTANCE @ 00545BA0 (global value) | 0054D640 -> 006B0140 parameter 1 as /WinDef.h/HINSTANCE @ 0054D833 (global value) | 0054D640 -> 006B0140 parameter 1 as /WinDef.h/HINSTANCE @ 0054D8F3 (global value) | 0054E4F0 -> 006B0140 parameter 1 as /WinDef.h/HINSTANCE @ 0054E702 (global value) | 0054F1D0 -> 006B0140 parameter 1 as /WinDef.h/HINSTANCE @ 0054F456 (global value) | 005504F0 -> 006B0140 parameter 1 as /WinDef.h/HINSTANCE @ 0055052D (global value) | 00554800 -> 006B0140 parameter 1 as /WinDef.h/HINSTANCE @ 005548ED (global value) | 00555040 -> 006B0140 parameter 1 as /WinDef.h/HINSTANCE @ 005550A7 (global value) | 00555040 -> 006B0140 parameter 1 as /WinDef.h/HINSTANCE @ 005550DD (global value) | 00555040 -> 006B0140 parameter 1 as /WinDef.h/HINSTANCE @ 0055513C (global value) | 00555040 -> 006B0140 parameter 1 as /WinDef.h/HINSTANCE @ 00555172 (global value) | 00555040 -> 006B0140 parameter 1 as /WinDef.h/HINSTANCE @ 00555298 (global value) | 00555040 -> 006B0140 parameter 1 as /WinDef.h/HINSTANCE @ 005552CE (global value) | 00555040 -> 006B0140 parameter 1 as /WinDef.h/HINSTANCE @ 00555326 (global value) | 00555040 -> 006B0140 parameter 1 as /WinDef.h/HINSTANCE @ 0055535C (global value) | 0055C830 -> 006B0140 parameter 1 as /WinDef.h/HINSTANCE @ 0055C881 (global value) | 0055C830 -> 006B0140 parameter 1 as /WinDef.h/HINSTANCE @ 0055CBF7 (global value) | 0055C830 -> 006B0140 parameter 1 as /WinDef.h/HINSTANCE @ 0055CEBC (global value) | 0055C830 -> 006B0140 parameter 1 as /WinDef.h/HINSTANCE @ 0055CF4F (global value) | 0056DB80 -> 006B0140 parameter 1 as /WinDef.h/HINSTANCE @ 0056E4B8 (global value) | 005A0DC0 -> 006B0140 parameter 1 as /WinDef.h/HINSTANCE @ 005A0ECE (global value) | 005A1430 -> 006B0140 parameter 1 as /WinDef.h/HINSTANCE @ 005A1500 (global value) | 005A4350 -> 006B0140 parameter 1 as /WinDef.h/HINSTANCE @ 005A57F5 (global value) | 005A4350 -> 006B0140 parameter 1 as /WinDef.h/HINSTANCE @ 005A5957 (global value) | 005A4350 -> 006B0140 parameter 1 as /WinDef.h/HINSTANCE @ 005A59A4 (global value) | 005A4350 -> 006B0140 parameter 1 as /WinDef.h/HINSTANCE @ 005A59F1 (global value) | 005A4350 -> 006B0140 parameter 1 as /WinDef.h/HINSTANCE @ 005A5A3E (global value) | 005A4350 -> 006B0140 parameter 1 as /WinDef.h/HINSTANCE @ 005A5A8B (global value) | 005A4350 -> 006B0140 parameter 1 as /WinDef.h/HINSTANCE @ 005A5AD8 (global value) | 005A4350 -> 006B0140 parameter 1 as /WinDef.h/HINSTANCE @ 005A5C91 (global value) | 005A4350 -> 006B0140 parameter 1 as /WinDef.h/HINSTANCE @ 005A5CDE (global value) | 005A4350 -> 006B0140 parameter 1 as /WinDef.h/HINSTANCE @ 005A5E41 (global value) | 005A4350 -> 006B0140 parameter 1 as /WinDef.h/HINSTANCE @ 005A5E8E (global value) | 005A4350 -> 006B0140 parameter 1 as /WinDef.h/HINSTANCE @ 005A5EDB (global value) | 005A4350 -> 006B0140 parameter 1 as /WinDef.h/HINSTANCE @ 005A768E (global value) | 005A4350 -> 006B0140 parameter 1 as /WinDef.h/HINSTANCE @ 005A7823 (global value) | 005A4350 -> 006B0140 parameter 1 as /WinDef.h/HINSTANCE @ 005A81D3 (global value) | 005A4350 -> 006B0140 parameter 1 as /WinDef.h/HINSTANCE @ 005A82F1 (global value) | 005BD4B0 -> 006B0140 parameter 1 as /WinDef.h/HINSTANCE @ 005BD5B2 (global value) | 005BD4B0 -> 006B0140 parameter 1 as /WinDef.h/HINSTANCE @ 005BD636 (global value) | 005BE5B0 -> 006B0140 parameter 1 as /WinDef.h/HINSTANCE @ 005BED6E (global value) | 005BE5B0 -> 006B0140 parameter 1 as /WinDef.h/HINSTANCE @ 005BEF6C (global value) | 005C0B00 -> 006B0140 parameter 1 as /WinDef.h/HINSTANCE @ 005C0C2D (global value) | 005C1A90 -> 006B0140 parameter 1 as /WinDef.h/HINSTANCE @ 005C1ECE (global value) | 005C1A90 -> 006B0140 parameter 1 as /WinDef.h/HINSTANCE @ 005C20EA (global value) | 005C29B0 -> 006B0140 parameter 1 as /WinDef.h/HINSTANCE @ 005C319C (global value) | 005C8A40 -> 006B0140 parameter 1 as /WinDef.h/HINSTANCE @ 005C94A1 (global value) | 005C8A40 -> 006B0140 parameter 1 as /WinDef.h/HINSTANCE @ 005C94EE (global value) | 005C8A40 -> 006B0140 parameter 1 as /WinDef.h/HINSTANCE @ 005C953B (global value) | 005C8A40 -> 006B0140 parameter 1 as /WinDef.h/HINSTANCE @ 005C9751 (global value) | 005C8A40 -> 006B0140 parameter 1 as /WinDef.h/HINSTANCE @ 005C9B60 (global value) | 005C8A40 -> 006B0140 parameter 1 as /WinDef.h/HINSTANCE @ 005C9BAD (global value) | 005C8A40 -> 006B0140 parameter 1 as /WinDef.h/HINSTANCE @ 005C9C0E (global value) | 005C8A40 -> 006B0140 parameter 1 as /WinDef.h/HINSTANCE @ 005C9F71 (global value) | 005C8A40 -> 006B0140 parameter 1 as /WinDef.h/HINSTANCE @ 005CA1C1 (global value) | 005C8A40 -> 006B0140 parameter 1 as /WinDef.h/HINSTANCE @ 005CA20E (global value) | 005C8A40 -> 006B0140 parameter 1 as /WinDef.h/HINSTANCE @ 005CA25B (global value) | 005C8A40 -> 006B0140 parameter 1 as /WinDef.h/HINSTANCE @ 005CA324 (global value) | 005C8A40 -> 006B0140 parameter 1 as /WinDef.h/HINSTANCE @ 005CA371 (global value) | 005C8A40 -> 006B0140 parameter 1 as /WinDef.h/HINSTANCE @ 005CA3BE (global value) | 005C8A40 -> 006B0140 parameter 1 as /WinDef.h/HINSTANCE @ 005CA487 (global value) | 005C8A40 -> 006B0140 parameter 1 as /WinDef.h/HINSTANCE @ 005CA4D4 (global value) | 005C8A40 -> 006B0140 parameter 1 as /WinDef.h/HINSTANCE @ 005CA521 (global value) | 005C8A40 -> 006B0140 parameter 1 as /WinDef.h/HINSTANCE @ 005CA640 (global value) | 005C8A40 -> 006B0140 parameter 1 as /WinDef.h/HINSTANCE @ 005CA70E (global value) | 005C8A40 -> 006B0140 parameter 1 as /WinDef.h/HINSTANCE @ 005CABDF (global value) | 005C8A40 -> 006B0140 parameter 1 as /WinDef.h/HINSTANCE @ 005CAC7B (global value) | 005CBBE0 -> 006B0140 parameter 1 as /WinDef.h/HINSTANCE @ 005CBC3C (global value) | 005CBBE0 -> 006B0140 parameter 1 as /WinDef.h/HINSTANCE @ 005CBC52 (global value) | 005CBBE0 -> 006B0140 parameter 1 as /WinDef.h/HINSTANCE @ 005CBC67 (global value) | 005CBBE0 -> 006B0140 parameter 1 as /WinDef.h/HINSTANCE @ 005CBCA3 (global value) | 005D1400 -> 006B0140 parameter 1 as /WinDef.h/HINSTANCE @ 005D2B78 (global value) | 005D1400 -> 006B0140 parameter 1 as /WinDef.h/HINSTANCE @ 005D2BEC (global value) | 005D1400 -> 006B0140 parameter 1 as /WinDef.h/HINSTANCE @ 005D2C88 (global value) | 005D1400 -> 006B0140 parameter 1 as /WinDef.h/HINSTANCE @ 005D2DD8 (global value) | 005D1400 -> 006B0140 parameter 1 as /WinDef.h/HINSTANCE @ 005D2E50 (global value) | 005D1400 -> 006B0140 parameter 1 as /WinDef.h/HINSTANCE @ 005D2E9D (global value) | 005D1400 -> 006B0140 parameter 1 as /WinDef.h/HINSTANCE @ 005D2FE6 (global value) | 005D1400 -> 006B0140 parameter 1 as /WinDef.h/HINSTANCE @ 005D303C (global value) | 005D1400 -> 006B0140 parameter 1 as /WinDef.h/HINSTANCE @ 005D3089 (global value) | 005D5560 -> 006B0140 parameter 1 as /WinDef.h/HINSTANCE @ 005D61FF (global value) | 005D5560 -> 006B0140 parameter 1 as /WinDef.h/HINSTANCE @ 005D6273 (global value) | 005D5560 -> 006B0140 parameter 1 as /WinDef.h/HINSTANCE @ 005D630F (global value) | 005D5560 -> 006B0140 parameter 1 as /WinDef.h/HINSTANCE @ 005D647C (global value) | 005D5560 -> 006B0140 parameter 1 as /WinDef.h/HINSTANCE @ 005D64FA (global value) | 005DA7A0 -> 006B0140 parameter 1 as /WinDef.h/HINSTANCE @ 005DA82E (global value) | 005DC050 -> 006B0140 parameter 1 as /WinDef.h/HINSTANCE @ 005DC2CD (global value) | 005DC050 -> 006B0140 parameter 1 as /WinDef.h/HINSTANCE @ 005DC3CF (global value) | 005DC730 -> 006B0140 parameter 1 as /WinDef.h/HINSTANCE @ 005DC8C8 (global value) | 005DC730 -> 006B0140 parameter 1 as /WinDef.h/HINSTANCE @ 005DC9A9 (global value) | 005DE5B0 -> 006B0140 parameter 1 as /WinDef.h/HINSTANCE @ 005DE5F2 (global value) | 005E1330 -> 006B0140 parameter 1 as /WinDef.h/HINSTANCE @ 005E2059 (global value) | 005E1330 -> 006B0140 parameter 1 as /WinDef.h/HINSTANCE @ 005E23B1 (global value) | 005E1330 -> 006B0140 parameter 1 as /WinDef.h/HINSTANCE @ 005E2442 (global value) | 005E7FE0 -> 006B0140 parameter 1 as /WinDef.h/HINSTANCE @ 005E80B5 (global value) | 005E7FE0 -> 006B0140 parameter 1 as /WinDef.h/HINSTANCE @ 005E824E (global value) | 006807D0 -> 006B0140 parameter 1 as /WinDef.h/HINSTANCE @ 006807EA (global value) | 006826A0 -> 006B0140 parameter 1 as /WinDef.h/HINSTANCE @ 006826CE (global value) | 006826A0 -> 006B0140 parameter 1 as /WinDef.h/HINSTANCE @ 006826EC (global value) | 00682720 -> 006B0140 parameter 1 as /WinDef.h/HINSTANCE @ 0068274E (global value) | 00682720 -> 006B0140 parameter 1 as /WinDef.h/HINSTANCE @ 0068276C (global value) | 006A0740 -> 006B0140 parameter 1 as /WinDef.h/HINSTANCE @ 006A07AF (global value)	00575A10 stores named pointer from KERNEL32.DLL::GetModuleHandleA return @ 00575A41
00807DDD	CHAR_00h_00807ddd	/char	{/char=7}	{}	{}	18		0	005B9B10 -> 006B5AA0 parameter 1 as /char @ 005B9B8F (address-of global) | 005CD430 -> 005D1100 parameter 4 as /char @ 005CD765 (address-of global) | 005D1100 -> 005D1100 parameter 4 as /char @ 005D1299 (address-of global) | 005D1400 -> 005D0ED0 parameter 5 as /char @ 005D1964 (address-of global) | 005D9470 -> 006B6020 parameter 2 as /char @ 005D9C37 (address-of global) | 005D9470 -> 0072E340 parameter 0 as /char @ 005D976E (address-of global) | 005D9470 -> 0072E340 parameter 0 as /char @ 005D9BF4 (address-of global)	-
00807E1D	CHAR_00h_00807e1d	/char	{/char=8}	{}	{}	8		0	0059C700 -> 006B5AA0 parameter 1 as /char @ 0059C75F (address-of global) | 0059C9F0 -> 006B5AA0 parameter 1 as /char @ 0059CA4F (address-of global) | 0059CEE0 -> 006B5AA0 parameter 1 as /char @ 0059CF3F (address-of global) | 0059E7F0 -> 006B5AA0 parameter 1 as /char @ 0059E84F (address-of global) | 005A4350 -> 0072E340 parameter 0 as /char @ 005A6573 (address-of global) | 005A4350 -> EXTERNAL:000000EF parameter 1 as /char @ 005A6763 (address-of global) | 005A4350 -> EXTERNAL:000000F0 parameter 1 as /char @ 005A67F0 (address-of global) | 005A4350 -> EXTERNAL:000000F6 parameter 1 as /char @ 005A496E (address-of global)	-
00807E5D	CHAR_00h_00807e5d	/char	{/char=2}	{}	{}	2		0	005A4350 -> EXTERNAL:000000EF parameter 2 as /char @ 005A6763 (address-of global) | 005A4350 -> EXTERNAL:000000F0 parameter 2 as /char @ 005A67F0 (address-of global)	-
00808406	CHAR_00h_00808406	/char	{/char=1}	{}	{}	2		0	0055C180 -> EXTERNAL:000000FC parameter 1 as /char @ 0055C1EA (address-of global)	-
008087B6	DAT_008087b6	/undefined4	{/SubmarineTitans/Recovered/PointerShapes/AnonShape_00571A30_8BA8841B=2}	{}	{}	2	/SubmarineTitans/Recovered/PointerShapes/AnonShape_00571A30_8BA8841B	0	005CE0E0 -> 00571A30 parameter 0 as /SubmarineTitans/Recovered/PointerShapes/AnonShape_00571A30_8BA8841B @ 005CEEDC (address-of global) | 005CFE50 -> 00571A30 parameter 0 as /SubmarineTitans/Recovered/PointerShapes/AnonShape_00571A30_8BA8841B @ 005CFE8C (address-of global)	-
00808AB0	CHAR_00h_00808ab0	/char	{/char=3}	{}	{}	3		0	0053AC00 -> 00711110 parameter 1 as /char @ 0053AD7E (address-of global) | 0053AC00 -> 0072E340 parameter 1 as /char @ 0053ADD6 (address-of global) | 005BE5B0 -> 007119C0 parameter 1 as /char @ 005BF0AE (address-of global)	-
00809960	DAT_00809960	/undefined1	{/char=1}	{}	{}	1	/char	0	00648FE0 -> 00648E70 parameter 1 as /char @ 006491C4 (address-of global)	-
0080C3C3	CHAR_00h_0080c3c3	/char	{/char=4}	{}	{}	4		0	005C29B0 -> 0072E340 parameter 1 as /char @ 005C2C80 (address-of global) | 005C7800 -> 0072E340 parameter 1 as /char @ 005C7F11 (address-of global) | 005C8200 -> 0072E340 parameter 1 as /char @ 005C85D2 (address-of global) | 005C8A40 -> 0072E340 parameter 1 as /char @ 005C919F (address-of global)	-
0080C4C7	g_dArray_0080C4C7	pointer:/SubmarineTitans/Recovered/DArrayTy	{pointer:/SubmarineTitans/Recovered/DArrayTy=8}	{pointer:/SubmarineTitans/Recovered/DArrayTy=7, pointer:/uint=5}	{}	0	pointer:/uint	0	005C7800 -> 006B5570 parameter 0 as pointer:/SubmarineTitans/Recovered/DArrayTy @ 005C7D89 (global value) | 005C8200 -> 006B5570 parameter 0 as pointer:/SubmarineTitans/Recovered/DArrayTy @ 005C83AC (global value) | 005DC050 -> 006B5570 parameter 0 as pointer:/SubmarineTitans/Recovered/DArrayTy @ 005DC10A (global value) | 005DC730 -> 006B5570 parameter 0 as pointer:/SubmarineTitans/Recovered/DArrayTy @ 005DC77A (global value) | 005DFA30 -> 006B5570 parameter 0 as pointer:/SubmarineTitans/Recovered/DArrayTy @ 005DFB0C (global value) | 00652810 -> 006B54F0 parameter 0 as pointer:/SubmarineTitans/Recovered/DArrayTy @ 006544A6 (global value) | 00652810 -> 006B5570 parameter 0 as pointer:/SubmarineTitans/Recovered/DArrayTy @ 006545D6 (global value) | 00652810 -> 006C87C0 parameter 0 as pointer:/SubmarineTitans/Recovered/DArrayTy @ 00654557 (global value)	005C7800 stores named pointer from Library::DKW::TBL::SArrayCreate return @ 005C7DB8 | 005C7800 stores named pointer from Library::Ourlib::MFSARR::mfSarLoad return @ 005C7DA5 | 005C8200 stores named pointer from Library::DKW::TBL::SArrayCreate return @ 005C83DC | 005C8200 stores named pointer from Library::Ourlib::MFSARR::mfSarLoad return @ 005C83C9 | 005DC050 stores named pointer from Library::DKW::TBL::SArrayCreate return @ 005DC134 | 005DC050 stores named pointer from Library::Ourlib::MFSARR::mfSarLoad return @ 005DC121 | 005DC730 stores named pointer from Library::DKW::TBL::SArrayCreate return @ 005DC7A3 | 005DC730 stores named pointer from Library::Ourlib::MFSARR::mfSarLoad return @ 005DC790 | 005DFA30 stores named pointer from Library::DKW::TBL::SArrayCreate return @ 005DFB38 | 005DFA30 stores named pointer from Library::Ourlib::MFSARR::mfSarLoad return @ 005DFB27 | 00652810 stores named pointer from Library::DKW::TBL::SArrayCreate return @ 006544AB | 00652810 stores named pointer from Library::DKW::TBL::SArrayCreate return @ 006545E6
0080C4CB	g_dArray_0080C4CB	pointer:/SubmarineTitans/Recovered/DArrayTy	{pointer:/SubmarineTitans/Recovered/DArrayTy=11}	{pointer:/SubmarineTitans/Recovered/DArrayTy=8, pointer:/uint=7}	{}	0	pointer:/uint	0	005AE050 -> 006B5570 parameter 0 as pointer:/SubmarineTitans/Recovered/DArrayTy @ 005AE3B9 (global value) | 005AE050 -> 007126E0 parameter 1 as pointer:/SubmarineTitans/Recovered/DArrayTy @ 005AE4A7 (global value) | 005AFD00 -> 006B5570 parameter 0 as pointer:/SubmarineTitans/Recovered/DArrayTy @ 005B0150 (global value) | 005C7800 -> 006B5570 parameter 0 as pointer:/SubmarineTitans/Recovered/DArrayTy @ 005C7DC7 (global value) | 005C8200 -> 006B5570 parameter 0 as pointer:/SubmarineTitans/Recovered/DArrayTy @ 005C83EB (global value) | 005DC050 -> 006B5570 parameter 0 as pointer:/SubmarineTitans/Recovered/DArrayTy @ 005DC143 (global value) | 005DC730 -> 006B5570 parameter 0 as pointer:/SubmarineTitans/Recovered/DArrayTy @ 005DC7B2 (global value) | 005DFA30 -> 006B5570 parameter 0 as pointer:/SubmarineTitans/Recovered/DArrayTy @ 005DFB47 (global value) | 00652810 -> 006B5570 parameter 0 as pointer:/SubmarineTitans/Recovered/DArrayTy @ 00654413 (global value) | 00652810 -> 006B5AA0 parameter 0 as pointer:/SubmarineTitans/Recovered/DArrayTy @ 006542D8 (global value) | 00652810 -> 006C87C0 parameter 0 as pointer:/SubmarineTitans/Recovered/DArrayTy @ 00654381 (global value)	005AE050 stores named pointer from Library::DKW::TBL::SArrayCreate return @ 005AE4FC | 005AE050 stores named pointer from Library::Ourlib::MFSARR::mfSarLoad return @ 005AE3D0 | 005AFD00 stores named pointer from Library::DKW::TBL::SArrayCreate return @ 005B017A | 005AFD00 stores named pointer from Library::Ourlib::MFSARR::mfSarLoad return @ 005B0167 | 005C7800 stores named pointer from Library::DKW::TBL::SArrayCreate return @ 005C7DF7 | 005C7800 stores named pointer from Library::Ourlib::MFSARR::mfSarLoad return @ 005C7DE4 | 005C8200 stores named pointer from Library::DKW::TBL::SArrayCreate return @ 005C841A | 005C8200 stores named pointer from Library::Ourlib::MFSARR::mfSarLoad return @ 005C8407 | 005DC050 stores named pointer from Library::DKW::TBL::SArrayCreate return @ 005DC16C | 005DC050 stores named pointer from Library::Ourlib::MFSARR::mfSarLoad return @ 005DC159 | 005DC730 stores named pointer from Library::DKW::TBL::SArrayCreate return @ 005DC7E2 | 005DC730 stores named pointer from Library::Ourlib::MFSARR::mfSarLoad return @ 005DC7CF | 005DFA30 stores named pointer from Library::DKW::TBL::SArrayCreate return @ 005DFB73 | 005DFA30 stores named pointer from Library::Ourlib::MFSARR::mfSarLoad return @ 005DFB62 | 00652810 stores named pointer from Library::DKW::TBL::SArrayCreate return @ 00654423
0080C4FA	g_dArray_0080C4FA	pointer:/SubmarineTitans/Recovered/DArrayTy	{pointer:/SubmarineTitans/Recovered/DArrayTy=2}	{pointer:/SubmarineTitans/Recovered/DArrayTy=1}	{}	0		0	005DADF0 -> 006B5570 parameter 0 as pointer:/SubmarineTitans/Recovered/DArrayTy @ 005DAE2A (global value) | 005DD850 -> 006B5AA0 parameter 0 as pointer:/SubmarineTitans/Recovered/DArrayTy @ 005DD989 (global value)	005DADF0 stores named pointer from Library::DKW::TBL::SArrayCreate return @ 005DAE3A
0080C4FE	g_array_0080C4FE	pointer:/SubmarineTitans/Recovered/DArrayTy	{pointer:/SubmarineTitans/Recovered/DArrayTy=4}	{pointer:/SubmarineTitans/Recovered/DArrayTy=1}	{}	0		0	0054D640 -> 006B0C70 parameter 0 as pointer:/SubmarineTitans/Recovered/DArrayTy @ 0054D803 (global value) | 0054D640 -> 006B0C70 parameter 0 as pointer:/SubmarineTitans/Recovered/DArrayTy @ 0054D962 (global value) | 005D1400 -> 006AE110 parameter 0 as pointer:/SubmarineTitans/Recovered/DArrayTy @ 005D21A8 (global value) | 005D1400 -> 006AE1C0 parameter 0 as pointer:/SubmarineTitans/Recovered/DArrayTy @ 005D2235 (global value)	005D1400 stores named pointer from Library::DKW::TBL::DArrayCreate return @ 005D21BA
0080C522	DAT_0080c522	/undefined4	{/byte=1}	{}	{}	1	/byte	0	006767D0 -> 006F13F0 parameter 3 as /byte @ 00676892 (address-of global)	-
0080C632	DAT_0080c632	/undefined1	{/char=1}	{}	{}	1	/char	0	00652810 -> 0072F110 parameter 0 as /char @ 00653FD2 (address-of global)	-
0080E303	DAT_0080e303	/undefined4	{/char=1}	{}	{}	1	/char	0	00652810 -> 0072E340 parameter 0 as /char @ 006540F1 (address-of global)	-
0080ED16	CHAR_00h_0080ed16	/char	{/byte=7}	{}	{}	13		0	005C6030 -> 006F0EC0 parameter 1 as /byte @ 005C64FB (address-of global) | 005DE670 -> 0072E730 parameter 0 as /byte @ 005DE6F5 (address-of global) | 005DEB90 -> 0072E730 parameter 0 as /byte @ 005DECEA (address-of global) | 005DFA30 -> 006F0EC0 parameter 1 as /byte @ 005DFAB9 (address-of global) | 005DFA30 -> 0072E730 parameter 0 as /byte @ 005DFBBF (address-of global) | 005E7FE0 -> 006F0EC0 parameter 1 as /byte @ 005E8192 (address-of global) | 005E7FE0 -> 0072E730 parameter 0 as /byte @ 005E81F9 (address-of global)	-
0080EE1A	DAT_0080ee1a	/undefined4	{/byte=1, /char=4, /uint=3}	{}	{}	9		0	00533D10 -> 006B8280 parameter 0 as /char @ 00534C9A (address-of global) | 00533D10 -> 006B8280 parameter 1 as /char @ 00534C9A (address-of global) | 005449B0 -> 006B8280 parameter 0 as /char @ 0054635E (address-of global) | 005449B0 -> 006B8280 parameter 1 as /char @ 0054635E (address-of global) | 005449B0 -> 006F0EC0 parameter 1 as /byte @ 005463CD (address-of global) | 005C1A90 -> 005C0B00 parameter 5 as /uint @ 005C1E66 (address-of global) | 005C1A90 -> 005C0B00 parameter 5 as /uint @ 005C1E7D (address-of global) | 005C1A90 -> 005C0B00 parameter 5 as /uint @ 005C1E93 (address-of global)	-
0080EF1E	CHAR_00h_0080ef1e	/char	{/byte=2}	{}	{}	3		0	00652810 -> 0072E730 parameter 0 as /byte @ 00653FB6 (address-of global) | 00652810 -> 0072E730 parameter 0 as /byte @ 0065421C (address-of global)	-
0080F022	CHAR_00h_0080f022	/char	{/byte=1, /char=2}	{}	{}	3		0	005335E0 -> 006B8280 parameter 0 as /char @ 00533763 (address-of global) | 005335E0 -> 006B8280 parameter 1 as /char @ 00533763 (address-of global) | 005776D0 -> 006F0EC0 parameter 1 as /byte @ 0057788A (address-of global)	-
0080F22A	CHAR_00h_0080f22a	/char	{/char=4}	{}	{}	4		0	005B0BA0 -> 006B8280 parameter 0 as /char @ 005B1A08 (address-of global) | 005B0BA0 -> 006B8280 parameter 0 as /char @ 005B1A59 (address-of global) | 005B0BA0 -> 006B8280 parameter 1 as /char @ 005B1A08 (address-of global) | 005B0BA0 -> 006B8280 parameter 1 as /char @ 005B1A59 (address-of global)	-
0080F33A	DAT_0080f33a	/undefined4	{/byte=8, /char=126, /uint=36}	{}	{}	172		0	004FE960 -> 00711B70 parameter 1 as /char @ 004FEAF4 (address-of global) | 005044B0 -> 007119C0 parameter 1 as /char @ 005046A2 (address-of global) | 005044B0 -> 00711B70 parameter 1 as /char @ 0050462F (address-of global) | 00505DF0 -> 00711B70 parameter 1 as /char @ 00505EB8 (address-of global) | 005061C0 -> 007119C0 parameter 1 as /char @ 005064F2 (address-of global) | 005061C0 -> 00711B70 parameter 1 as /char @ 00506CB7 (address-of global) | 00507F60 -> 007119C0 parameter 1 as /char @ 00509099 (address-of global) | 00507F60 -> 00711B70 parameter 1 as /char @ 00508AA6 (address-of global) | 0050A340 -> 007119C0 parameter 1 as /char @ 0050A68D (address-of global) | 0050A340 -> 007119C0 parameter 1 as /char @ 0050B28C (address-of global) | 0050A340 -> 007119C0 parameter 1 as /char @ 0050B2CE (address-of global) | 0050A340 -> 007119C0 parameter 1 as /char @ 0050BD93 (address-of global) | 0050A340 -> 00711B70 parameter 1 as /char @ 0050ACA7 (address-of global) | 0050C620 -> 007119C0 parameter 1 as /char @ 0050CD2A (address-of global) | 0050C620 -> 007119C0 parameter 1 as /char @ 0050CF6A (address-of global) | 0050C620 -> 007119C0 parameter 1 as /char @ 0050D258 (address-of global) | 0050C620 -> 007119C0 parameter 1 as /char @ 0050D3FD (address-of global) | 0050C620 -> 007119C0 parameter 1 as /char @ 0050D46F (address-of global) | 0050C620 -> 007119C0 parameter 1 as /char @ 0050D5B7 (address-of global) | 0050C620 -> 007119C0 parameter 1 as /char @ 0050D867 (address-of global) | 0050C620 -> 007119C0 parameter 1 as /char @ 0050D8DB (address-of global) | 0050C620 -> 007119C0 parameter 1 as /char @ 0050DB92 (address-of global) | 0050C620 -> 007119C0 parameter 1 as /char @ 0050DFBB (address-of global) | 00515310 -> 007119C0 parameter 1 as /char @ 005154F6 (address-of global) | 00515310 -> 0072E560 parameter 0 as /uint @ 005154B6 (address-of global) | 00515900 -> 007119C0 parameter 1 as /char @ 00515A3A (address-of global) | 00515C00 -> 007113E0 parameter 1 as /uint @ 00515CF8 (address-of global) | 00515C00 -> 00711B70 parameter 1 as /char @ 00515D53 (address-of global) | 00515C00 -> 00712D30 parameter 1 as /char @ 00515CE8 (address-of global) | 00515C00 -> 00712D30 parameter 2 as /uint @ 00515CE8 (address-of global) | 00515E30 -> 007119C0 parameter 1 as /char @ 00516073 (address-of global) | 00515E30 -> 0072E560 parameter 0 as /uint @ 00516033 (address-of global) | 00516A40 -> 007119C0 parameter 1 as /char @ 005170D8 (address-of global) | 00516A40 -> 007119C0 parameter 1 as /char @ 0051723D (address-of global) | 00516A40 -> 007119C0 parameter 1 as /char @ 0051747A (address-of global) | 00516A40 -> 007119C0 parameter 1 as /char @ 005175D9 (address-of global) | 00516A40 -> 0072E560 parameter 0 as /uint @ 0051743A (address-of global) | 00516A40 -> 0072E560 parameter 0 as /uint @ 0051759B (address-of global) | 00517A50 -> 007113E0 parameter 1 as /uint @ 00518368 (address-of global) | 00517A50 -> 007119C0 parameter 1 as /char @ 00517D52 (address-of global) | 00517A50 -> 007119C0 parameter 1 as /char @ 00517F9C (address-of global) | 00517A50 -> 007119C0 parameter 1 as /char @ 0051814B (address-of global) | 00517A50 -> 007119C0 parameter 1 as /char @ 00518593 (address-of global) | 00517A50 -> 007119C0 parameter 1 as /char @ 0051874C (address-of global) | 00517A50 -> 00711B70 parameter 1 as /char @ 005183CD (address-of global) | 00517A50 -> 00712C10 parameter 1 as /char @ 00518358 (address-of global) | 00517A50 -> 00712C10 parameter 2 as /uint @ 00518358 (address-of global) | 00517A50 -> 0072E560 parameter 0 as /uint @ 00517D12 (address-of global) | 00517A50 -> 0072E560 parameter 0 as /uint @ 00517F5C (address-of global) | 00517A50 -> 0072E560 parameter 0 as /uint @ 0051810B (address-of global) | 00517A50 -> 0072E560 parameter 0 as /uint @ 00518555 (address-of global) | 00517A50 -> 0072E560 parameter 0 as /uint @ 0051870C (address-of global) | 00518C20 -> 007119C0 parameter 1 as /char @ 00519046 (address-of global) | 00518C20 -> 007119C0 parameter 1 as /char @ 00519154 (address-of global) | 00518C20 -> 007119C0 parameter 1 as /char @ 00519243 (address-of global) | 00518C20 -> 007119C0 parameter 1 as /char @ 0051953B (address-of global) | 00518C20 -> 007119C0 parameter 1 as /char @ 00519BB3 (address-of global) | 0051A100 -> 007119C0 parameter 1 as /char @ 0051A520 (address-of global) | 0051A100 -> 007119C0 parameter 1 as /char @ 0051A62C (address-of global) | 0051A100 -> 007119C0 parameter 1 as /char @ 0051A712 (address-of global) | 0051A100 -> 007119C0 parameter 1 as /char @ 0051AA0B (address-of global) | 0051A100 -> 007119C0 parameter 1 as /char @ 0051AF9A (address-of global) | 0051B5A0 -> 007119C0 parameter 1 as /char @ 0051B927 (address-of global) | 0051B5A0 -> 007119C0 parameter 1 as /char @ 0051BB50 (address-of global) | 0051B5A0 -> 007119C0 parameter 1 as /char @ 0051BC15 (address-of global) | 0051B5A0 -> 007119C0 parameter 1 as /char @ 0051BEFA (address-of global) | 0051B5A0 -> 007119C0 parameter 1 as /char @ 0051C0C2 (address-of global) | 0051B5A0 -> 007119C0 parameter 1 as /char @ 0051C262 (address-of global) | 0051B5A0 -> 007119C0 parameter 1 as /char @ 0051C406 (address-of global) | 0051B5A0 -> 0072E560 parameter 0 as /uint @ 0051BEBA (address-of global) | 0051B5A0 -> 0072E560 parameter 0 as /uint @ 0051C082 (address-of global) | 0051B5A0 -> 0072E560 parameter 0 as /uint @ 0051C222 (address-of global) | 0051B5A0 -> 0072E560 parameter 0 as /uint @ 0051C3C8 (address-of global) | 0051C980 -> 007113E0 parameter 1 as /uint @ 0051CD52 (address-of global) | 0051C980 -> 007119C0 parameter 1 as /char @ 0051CC00 (address-of global) | 0051C980 -> 007119C0 parameter 1 as /char @ 0051CEDB (address-of global) | 0051C980 -> 00711B70 parameter 1 as /char @ 0051CDB7 (address-of global) | 0051C980 -> 00712C10 parameter 1 as /char @ 0051CD42 (address-of global) | 0051C980 -> 00712C10 parameter 2 as /uint @ 0051CD42 (address-of global) | 0051C980 -> 0072E560 parameter 0 as /uint @ 0051CBC0 (address-of global) | 0051C980 -> 0072E560 parameter 0 as /uint @ 0051CE9B (address-of global) | 0051D540 -> 007113E0 parameter 1 as /uint @ 0051D70C (address-of global) | 0051D540 -> 00711B70 parameter 1 as /char @ 0051D765 (address-of global) | 0051D540 -> 00712D30 parameter 1 as /char @ 0051D6FC (address-of global) | 0051D540 -> 00712D30 parameter 2 as /uint @ 0051D6FC (address-of global) | 0051DDD0 -> 007119C0 parameter 1 as /char @ 0051EDF4 (address-of global) | 0051DDD0 -> 0072E560 parameter 0 as /uint @ 0051EDAC (address-of global) | 00521CF0 -> 0052D320 parameter 1 as /char @ 00521E46 (address-of global) | 00521CF0 -> 0052D320 parameter 1 as /char @ 00521E5A (address-of global) | 00521CF0 -> 0052D320 parameter 1 as /char @ 00521EEC (address-of global) | 00521CF0 -> 0052D320 parameter 1 as /char @ 00521F94 (address-of global) | 00521CF0 -> 0052D320 parameter 1 as /char @ 00522536 (address-of global) | 00521CF0 -> 0052D320 parameter 1 as /char @ 00522556 (address-of global) | 005325B0 -> 00648A30 parameter 1 as /char @ 0053281C (address-of global) | 005325B0 -> 006F0EC0 parameter 1 as /byte @ 005326BD (address-of global) | 00533D10 -> 00648A30 parameter 1 as /char @ 00534289 (address-of global) | 00533D10 -> 006F0EC0 parameter 1 as /byte @ 0053581D (address-of global) | 0053AC00 -> 00711110 parameter 1 as /char @ 0053ADE9 (address-of global) | 0053AC00 -> 007119C0 parameter 1 as /char @ 0053AE58 (address-of global) | 0053AC00 -> 0072E340 parameter 0 as /char @ 0053ADD6 (address-of global) | 0053AFB0 -> 007119C0 parameter 1 as /char @ 0053BABE (address-of global) | 005449B0 -> 0072E560 parameter 0 as /uint @ 00545AC3 (address-of global) | 005449B0 -> 0072E560 parameter 0 as /uint @ 00545B45 (address-of global) | 0054D640 -> 0052D320 parameter 1 as /char @ 0054D861 (address-of global) | 0054D640 -> 0052D320 parameter 1 as /char @ 0054D91E (address-of global) | 0054E4F0 -> 00555040 parameter 3 as /char @ 0054E734 (address-of global) | 00550830 -> 0052D320 parameter 1 as /char @ 00550879 (address-of global) | 005508F0 -> 0052D320 parameter 1 as /char @ 00550A08 (address-of global) | 0055BDD0 -> 0052D320 parameter 1 as /char @ 0055BE75 (address-of global) | 0055BDD0 -> 0072E340 parameter 0 as /char @ 0055BE55 (address-of global) | 0055BDD0 -> 0072ED50 parameter 0 as /char @ 0055BE34 (address-of global) | 005776D0 -> 0052D320 parameter 1 as /char @ 00577CE8 (address-of global) | 005776D0 -> 006F0EC0 parameter 1 as /byte @ 00577D66 (address-of global) | 005A0DC0 -> 00711B70 parameter 1 as /char @ 005A0F0A (address-of global) | 005A1160 -> 00649FF0 parameter 0 as /uint @ 005A11CE (address-of global) | 005A1430 -> 00711B70 parameter 1 as /char @ 005A1548 (address-of global) | 005A4350 -> 006B6020 parameter 2 as /char @ 005A8C6F (address-of global) | 005A4350 -> 007119C0 parameter 1 as /char @ 005A783E (address-of global) | 005A4350 -> 007119C0 parameter 1 as /char @ 005A8278 (address-of global) | 005A4350 -> 007119C0 parameter 1 as /char @ 005A8320 (address-of global) | 005A4350 -> 007119C0 parameter 1 as /char @ 005A8740 (address-of global) | 005A4350 -> EXTERNAL:000000F4 parameter 1 as /char @ 005A6E4A (address-of global) | 005A4350 -> EXTERNAL:00000107 parameter 1 as /char @ 005A573F (address-of global) | 005BD4B0 -> 007119C0 parameter 1 as /char @ 005BD5EF (address-of global) | 005BD4B0 -> 007119C0 parameter 1 as /char @ 005BD66D (address-of global) | 005BD7A0 -> 006F0EC0 parameter 1 as /byte @ 005BDB70 (address-of global) | 005BD7A0 -> 0070A9F0 parameter 1 as /char @ 005BD89D (address-of global) | 005BE5B0 -> 00711110 parameter 1 as /char @ 005BE7CB (address-of global) | 005BE5B0 -> 00711110 parameter 1 as /char @ 005BE7F8 (address-of global) | 005BE5B0 -> 00711110 parameter 1 as /char @ 005BE8A3 (address-of global) | 005BE5B0 -> 007119C0 parameter 1 as /char @ 005BE91B (address-of global) | 005BE5B0 -> 007119C0 parameter 1 as /char @ 005BEB60 (address-of global) | 005BE5B0 -> 007119C0 parameter 1 as /char @ 005BEBFA (address-of global) | 005BE5B0 -> 007119C0 parameter 1 as /char @ 005BEC5B (address-of global) | 005BE5B0 -> 007119C0 parameter 1 as /char @ 005BECBC (address-of global) | 005BE5B0 -> 007119C0 parameter 1 as /char @ 005BEDEA (address-of global) | 005BE5B0 -> 007119C0 parameter 1 as /char @ 005BF386 (address-of global) | 005BE5B0 -> 0072E340 parameter 0 as /char @ 005BE890 (address-of global) | 005BE5B0 -> 0072E340 parameter 0 as /char @ 005BE8D5 (address-of global) | 005BE5B0 -> 0072E560 parameter 0 as /uint @ 005BED9C (address-of global) | 005BFD30 -> 007119C0 parameter 1 as /char @ 005BFE3B (address-of global) | 005BFF00 -> 007119C0 parameter 1 as /char @ 005BFFA9 (address-of global) | 005BFF00 -> 007119C0 parameter 1 as /char @ 005C0012 (address-of global) | 005C0E00 -> 006F0EC0 parameter 1 as /byte @ 005C0FBD (address-of global) | 005C0E00 -> 006F1CE0 parameter 2 as /char @ 005C1048 (address-of global) | 005C1340 -> 0070A9F0 parameter 1 as /char @ 005C13F4 (address-of global) | 005C1A90 -> 005C0B00 parameter 5 as /uint @ 005C1F2B (address-of global) | 005C1A90 -> 005C0B00 parameter 5 as /uint @ 005C2033 (address-of global) | 005C1A90 -> 007119C0 parameter 1 as /char @ 005C2157 (address-of global) | 005C1A90 -> 007119C0 parameter 1 as /char @ 005C2262 (address-of global) | 005C1A90 -> 0072E560 parameter 0 as /uint @ 005C1EFC (address-of global) | 005C1A90 -> 0072E560 parameter 0 as /uint @ 005C2118 (address-of global) | 005C29B0 -> 006F0EC0 parameter 1 as /byte @ 005C2A8A (address-of global) | 005C7800 -> 006F0EC0 parameter 1 as /byte @ 005C7B83 (address-of global) | 005C8A40 -> 007119C0 parameter 1 as /char @ 005CAAD4 (address-of global) | 005C8A40 -> 007119C0 parameter 1 as /char @ 005CAC5C (address-of global) | 005C8A40 -> 007119C0 parameter 1 as /char @ 005CAD14 (address-of global) | 005D1400 -> 007119C0 parameter 1 as /char @ 005D37B4 (address-of global) | 005D1400 -> 007119C0 parameter 1 as /char @ 005D39F2 (address-of global) | 005D1400 -> 007119C0 parameter 1 as /char @ 005D3BAC (address-of global) | 005D5560 -> 007119C0 parameter 1 as /char @ 005D6C6A (address-of global) | 005D5560 -> 007119C0 parameter 1 as /char @ 005D6EA4 (address-of global) | 005DD850 -> 006B5AA0 parameter 1 as /char @ 005DD910 (address-of global) | 005DD850 -> 006B5AA0 parameter 1 as /char @ 005DD931 (address-of global) | 005DFA30 -> 006F0EC0 parameter 1 as /byte @ 005DFAEA (address-of global) | 005E7FE0 -> 005E7C00 parameter 1 as /uint @ 005E8232 (address-of global) | 005E7FE0 -> 005E7C00 parameter 1 as /uint @ 005E827D (address-of global) | 005E84D0 -> 005E7C00 parameter 1 as /uint @ 005E900F (address-of global) | 005E84D0 -> 005E7C00 parameter 1 as /uint @ 005E90D9 (address-of global) | 00652810 -> 0072F110 parameter 0 as /char @ 00654238 (address-of global)	-
00811638	g_baseSystem_00811638	pointer:/BaseSystemC	{pointer:/HoloTy=1, pointer:/int=1}	{}	{pointer:/BaseSystemC=1}	0		0	00576BB0 -> 006E4650 parameter 1 as pointer:/int @ 00576C42 (global value) | 00576CE0 -> 0072E2B0 parameter 0 as pointer:/HoloTy @ 00576D39 (global value)	-
0081163C	g_parentSystem_0081163C	pointer:/GameSystemC	{/int=4, pointer:/SystemClassTy=2, pointer:/int=1}	{}	{pointer:/GameSystemC=1}	4		0	00542D80 -> 006E4960 parameter 1 as pointer:/SystemClassTy @ 00542DFA (global value) | 0054C740 -> 006E4960 parameter 1 as pointer:/SystemClassTy @ 0054C907 (global value) | 0056C750 -> 005711D0 parameter 1 as /int @ 0056C7C3 (address-of global) | 0056FA60 -> 005711D0 parameter 1 as /int @ 0056FECA (address-of global) | 0056FA60 -> 005711D0 parameter 1 as /int @ 005701F1 (address-of global) | 0056FA60 -> 005711D0 parameter 1 as /int @ 0057043F (address-of global) | 00577280 -> 006E4650 parameter 1 as pointer:/int @ 0057731B (global value)	-
00811644	g_debugSystem_00811644	pointer:/DebugSystemC	{pointer:/DebugSystemC=1, pointer:/HoloTy=1, pointer:/int=1}	{}	{pointer:/DebugSystemC=1}	0		0	005782D0 -> 006E4650 parameter 1 as pointer:/int @ 0057831D (global value) | 00578370 -> 006E4D20 parameter 1 as pointer:/DebugSystemC @ 00578398 (global value) | 00578370 -> 0072E2B0 parameter 0 as pointer:/HoloTy @ 005783AE (global value)	-
0081174C	g_fSGS_0081174C	pointer:/FSGSTy	{}	{pointer:/FSGSTy=2}	{}	0		0		00595E40 exact CFG this store @ 00595E87 | 00595E40 stores named pointer from FSGSTy::InitFSGS this @ 00595E87
00811758	g_tagBITMAPINFO_00811758	pointer:/wingdi.h/tagBITMAPINFO	{pointer:/wingdi.h/BITMAPINFO=1}	{pointer:/wingdi.h/tagBITMAPINFO=1}	{}	0		0	005C7800 -> 006B4640 parameter 3 as pointer:/wingdi.h/BITMAPINFO @ 005C7911 (global value)	005C7800 stores named pointer from Library::DKW::DDX::FUN_006c4880 return @ 005C78D7
0081175C	PTR_0081175c	pointer:/SubmarineTitans/Recovered/PointerShapes/AnonShape_GLOBAL_0081175C_57F682DD	{pointer:/SubmarineTitans/Recovered/PointerShapes/AnonShape_GLOBAL_0081175C_57F682DD=1}	{pointer:/ushort=1}	{}	0	pointer:/ushort	0	005C2760 -> 0070B3A0 parameter 0 as pointer:/SubmarineTitans/Recovered/PointerShapes/AnonShape_GLOBAL_0081175C_57F682DD @ 005C27B7 (global value)	005C29B0 stores named pointer from Library::Ourlib::MFRLOAD::mfRLoad return @ 005C2D56
00811764	g_int_00811764	pointer:/int	{/int=4, pointer:/int=135}	{}	{}	4		0	00521CF0 -> 006B6500 parameter 0 as pointer:/int @ 00521F27 (global value) | 00521CF0 -> 00715360 parameter 0 as pointer:/int @ 00522425 (global value) | 00521CF0 -> 00715360 parameter 0 as pointer:/int @ 005224DC (global value) | 0054D640 -> 006B6500 parameter 0 as pointer:/int @ 0054D6C4 (global value) | 0054D640 -> 006B6500 parameter 0 as pointer:/int @ 0054D6FA (global value) | 0054D640 -> 006B7140 parameter 0 as pointer:/int @ 0054DAF4 (global value) | 0054D640 -> 006B7140 parameter 0 as pointer:/int @ 0054DB4D (global value) | 0054D640 -> 006B7510 parameter 0 as pointer:/int @ 0054D76A (global value) | 0054D640 -> 006B7510 parameter 0 as pointer:/int @ 0054DBBF (global value) | 0054D640 -> 006B7510 parameter 0 as pointer:/int @ 0054DC22 (global value) | 0054D640 -> 006B7510 parameter 0 as pointer:/int @ 0054DC91 (global value) | 0054D640 -> 006B7510 parameter 0 as pointer:/int @ 0054DCFE (global value) | 0054D640 -> 006B7510 parameter 0 as pointer:/int @ 0054DD6C (global value) | 0054D640 -> 006B7510 parameter 0 as pointer:/int @ 0054DDD3 (global value) | 0054D640 -> 006B7510 parameter 0 as pointer:/int @ 0054DE54 (global value) | 0054D640 -> 00715360 parameter 0 as pointer:/int @ 0054D6E4 (global value) | 0054D640 -> 00715360 parameter 0 as pointer:/int @ 0054DABF (global value) | 0054D640 -> 00715360 parameter 0 as pointer:/int @ 0054DEFA (global value) | 0054D640 -> 00715630 parameter 0 as pointer:/int @ 0054D798 (global value) | 0054D640 -> 00715630 parameter 0 as pointer:/int @ 0054DBE6 (global value) | 0054D640 -> 00715630 parameter 0 as pointer:/int @ 0054DC48 (global value) | 0054D640 -> 00715630 parameter 0 as pointer:/int @ 0054DCB8 (global value) | 0054D640 -> 00715630 parameter 0 as pointer:/int @ 0054DD24 (global value) | 0054D640 -> 00715630 parameter 0 as pointer:/int @ 0054DD93 (global value) | 0054D640 -> 00715630 parameter 0 as pointer:/int @ 0054DDFA (global value) | 0054D640 -> 00715630 parameter 0 as pointer:/int @ 0054DE7B (global value) | 0054E4F0 -> 006B6500 parameter 0 as pointer:/int @ 0054E590 (global value) | 0054E4F0 -> 006B6500 parameter 0 as pointer:/int @ 0054E5C2 (global value) | 0054E4F0 -> 006B6500 parameter 0 as pointer:/int @ 0054E7AA (global value) | 0054E4F0 -> 00715360 parameter 0 as pointer:/int @ 0054E5AD (global value) | 0054EBB0 -> 00715360 parameter 0 as pointer:/int @ 0054EBEC (global value) | 0054EC20 -> 00715360 parameter 0 as pointer:/int @ 0054ED22 (global value) | 0054F1D0 -> 006B6500 parameter 0 as pointer:/int @ 0054F7B2 (global value) | 0054F1D0 -> 006B6500 parameter 0 as pointer:/int @ 0054F7DF (global value) | 0054F1D0 -> 006B6500 parameter 0 as pointer:/int @ 0054F837 (global value) | 0054F1D0 -> 006B6500 parameter 0 as pointer:/int @ 0054F870 (global value) | 0054F1D0 -> 006B6500 parameter 0 as pointer:/int @ 0054FA23 (global value) | 0054F1D0 -> 006B6500 parameter 0 as pointer:/int @ 0054FA5F (global value) | 0054F1D0 -> 006B6500 parameter 0 as pointer:/int @ 0054FA75 (global value) | 0054F1D0 -> 006B6500 parameter 0 as pointer:/int @ 0054FAAA (global value) | 0054F1D0 -> 006B7510 parameter 0 as pointer:/int @ 0054F240 (global value) | 0054F1D0 -> 006B7510 parameter 0 as pointer:/int @ 0054F738 (global value) | 0054F1D0 -> 00715360 parameter 0 as pointer:/int @ 0054F7C9 (global value) | 0054F1D0 -> 00715360 parameter 0 as pointer:/int @ 0054F84E (global value) | 0054F1D0 -> 00715360 parameter 0 as pointer:/int @ 0054FA3D (global value) | 0054F1D0 -> 00715360 parameter 0 as pointer:/int @ 0054FA89 (global value) | 0054F1D0 -> 00715630 parameter 0 as pointer:/int @ 0054F26E (global value) | 0054F1D0 -> 00715630 parameter 0 as pointer:/int @ 0054F80A (global value) | 0054F1D0 -> 00715630 parameter 0 as pointer:/int @ 0054FB2C (global value) | 005505D0 -> 00715360 parameter 0 as pointer:/int @ 00550616 (global value) | 005505D0 -> 00715360 parameter 0 as pointer:/int @ 00550794 (global value) | 00550BB0 -> 006B6500 parameter 0 as pointer:/int @ 00550BF1 (global value) | 00550BB0 -> 006B6500 parameter 0 as pointer:/int @ 00550C33 (global value) | 00550BB0 -> 00715360 parameter 0 as pointer:/int @ 00550C0F (global value) | 0056A500 -> 00715360 parameter 0 as pointer:/int @ 0056A55F (global value) | 0056A500 -> 00715360 parameter 0 as pointer:/int @ 0056A582 (global value) | 0056ADC0 -> 006B6D50 parameter 0 as /int @ 0056B398 (address-of global) | 0056DB80 -> 006B6500 parameter 0 as pointer:/int @ 0056DC2A (global value) | 005A4350 -> 006B69B0 parameter 0 as /int @ 005A51BA (address-of global) | 005A4350 -> 006B6A50 parameter 0 as /int @ 005A4FBD (address-of global) | 005ACB30 -> 00715360 parameter 0 as pointer:/int @ 005ACB95 (global value) | 005AD390 -> 006B7510 parameter 0 as pointer:/int @ 005ADA1E (global value) | 005AD390 -> 00715360 parameter 0 as pointer:/int @ 005ADB64 (global value) | 005AD390 -> 00715630 parameter 0 as pointer:/int @ 005ADA67 (global value) | 005B0BA0 -> 00715360 parameter 0 as pointer:/int @ 005B2007 (global value) | 005BAE00 -> 00715360 parameter 0 as pointer:/int @ 005BB1CA (global value) | 005BAE00 -> 00715630 parameter 0 as pointer:/int @ 005BB205 (global value) | 005C7800 -> 00715360 parameter 0 as pointer:/int @ 005C7BE7 (global value) | 005C7800 -> 00715360 parameter 0 as pointer:/int @ 005C7C04 (global value) | 005CBD00 -> 006B6500 parameter 0 as pointer:/int @ 005CC146 (global value) | 005CD9A0 -> 006B6500 parameter 0 as pointer:/int @ 005CDA37 (global value) | 005CD9A0 -> 006B6500 parameter 0 as pointer:/int @ 005CDA6C (global value) | 005CD9A0 -> 00715360 parameter 0 as pointer:/int @ 005CDA56 (global value) | 005CDB20 -> 006B6500 parameter 0 as pointer:/int @ 005CDC7E (global value) | 005CDB20 -> 006B6500 parameter 0 as pointer:/int @ 005CDCB3 (global value) | 005CDB20 -> 006B6500 parameter 0 as pointer:/int @ 005CDDD6 (global value) | 005CDB20 -> 006B6500 parameter 0 as pointer:/int @ 005CDE0B (global value) | 005CDB20 -> 00715360 parameter 0 as pointer:/int @ 005CDC9D (global value) | 005CDB20 -> 00715360 parameter 0 as pointer:/int @ 005CDDF5 (global value) | 005CDF60 -> 00715360 parameter 0 as pointer:/int @ 005CE02D (global value) | 005CE0E0 -> 006B6500 parameter 0 as pointer:/int @ 005CE28D (global value) | 005CE0E0 -> 006B6500 parameter 0 as pointer:/int @ 005CE2BF (global value) | 005CE0E0 -> 006B6500 parameter 0 as pointer:/int @ 005CE4FA (global value) | 005CE0E0 -> 006B6500 parameter 0 as pointer:/int @ 005CE52E (global value) | 005CE0E0 -> 006B6500 parameter 0 as pointer:/int @ 005CEA9D (global value) | 005CE0E0 -> 006B6500 parameter 0 as pointer:/int @ 005CEACA (global value) | 005CE0E0 -> 006B6500 parameter 0 as pointer:/int @ 005CEB0D (global value) | 005CE0E0 -> 006B6500 parameter 0 as pointer:/int @ 005CEB3A (global value) | 005CE0E0 -> 006B6500 parameter 0 as pointer:/int @ 005CEBB0 (global value) | 005CE0E0 -> 006B6500 parameter 0 as pointer:/int @ 005CEBF4 (global value) | 005CE0E0 -> 006B6500 parameter 0 as pointer:/int @ 005CEC2F (global value) | 005CE0E0 -> 006B6500 parameter 0 as pointer:/int @ 005CEC5C (global value) | 005CE0E0 -> 006B6500 parameter 0 as pointer:/int @ 005CEC97 (global value) | 005CE0E0 -> 006B6500 parameter 0 as pointer:/int @ 005CECC4 (global value) | 005CE0E0 -> 006B7510 parameter 0 as pointer:/int @ 005CE206 (global value) | 005CE0E0 -> 00715360 parameter 0 as pointer:/int @ 005CE2AA (global value) | 005CE0E0 -> 00715360 parameter 0 as pointer:/int @ 005CE519 (global value) | 005CE0E0 -> 00715360 parameter 0 as pointer:/int @ 005CE5AA (global value) | 005CE0E0 -> 00715360 parameter 0 as pointer:/int @ 005CEAB5 (global value) | 005CE0E0 -> 00715360 parameter 0 as pointer:/int @ 005CEB25 (global value) | 005CE0E0 -> 00715360 parameter 0 as pointer:/int @ 005CEBC7 (global value) | 005CE0E0 -> 00715360 parameter 0 as pointer:/int @ 005CEBDF (global value) | 005CE0E0 -> 00715360 parameter 0 as pointer:/int @ 005CEC46 (global value) | 005CE0E0 -> 00715360 parameter 0 as pointer:/int @ 005CECAE (global value) | 005CE0E0 -> 00715360 parameter 0 as pointer:/int @ 005CF57F (global value) | 005CE0E0 -> 00715630 parameter 0 as pointer:/int @ 005CE3A6 (global value) | 005CFE50 -> 00715360 parameter 0 as pointer:/int @ 005CFEAD (global value) | 005D1400 -> 006B6500 parameter 0 as pointer:/int @ 005D20AC (global value) | 005D1400 -> 006B6500 parameter 0 as pointer:/int @ 005D2176 (global value) | 005D1400 -> 006B6500 parameter 0 as pointer:/int @ 005D25A2 (global value) | 005D1400 -> 006B6500 parameter 0 as pointer:/int @ 005D25CF (global value) | 005D1400 -> 00715360 parameter 0 as pointer:/int @ 005D1694 (global value) | 005D1400 -> 00715360 parameter 0 as pointer:/int @ 005D2160 (global value) | 005D1400 -> 00715360 parameter 0 as pointer:/int @ 005D25BA (global value) | 005D1400 -> 00715360 parameter 0 as pointer:/int @ 005D2743 (global value) | 005D1400 -> 00715360 parameter 0 as pointer:/int @ 005D28BA (global value) | 005D4850 -> 006B7070 parameter 0 as pointer:/int @ 005D488F (global value) | 005DA980 -> 006B6350 parameter 0 as /int @ 005DA9DF (address-of global) | 005DA980 -> 006B6500 parameter 0 as pointer:/int @ 005DA9F2 (global value) | 005DAA60 -> 006B7740 parameter 0 as pointer:/int @ 005DAA6A (global value) | 005DAA90 -> 006B65F0 parameter 0 as pointer:/int @ 005DAADD (global value) | 005DAB70 -> 006B6750 parameter 0 as pointer:/int @ 005DABC7 (global value) | 005DAB70 -> 006B68E0 parameter 0 as pointer:/int @ 005DABEA (global value) | 005DAB70 -> 006B76D0 parameter 0 as pointer:/int @ 005DABA7 (global value) | 005DAC60 -> 006B76D0 parameter 0 as pointer:/int @ 005DAC6A (global value) | 005DAF20 -> 006B6500 parameter 0 as pointer:/int @ 005DAF2F (global value) | 005DAF20 -> 006B6500 parameter 0 as pointer:/int @ 005DAFA6 (global value) | 005DAF20 -> 00715360 parameter 0 as pointer:/int @ 005DAF6D (global value) | 005DAF20 -> 00715360 parameter 0 as pointer:/int @ 005DAF91 (global value) | 005E84D0 -> 006B6500 parameter 0 as pointer:/int @ 005E8E7D (global value) | 005E84D0 -> 006B6500 parameter 0 as pointer:/int @ 005E8EAC (global value) | 005E84D0 -> 006B6500 parameter 0 as pointer:/int @ 005E934E (global value) | 005E84D0 -> 006B6500 parameter 0 as pointer:/int @ 005E937C (global value) | 005E84D0 -> 006B7510 parameter 0 as pointer:/int @ 005E8AE6 (global value) | 005E84D0 -> 00715360 parameter 0 as pointer:/int @ 005E8AA1 (global value) | 005E84D0 -> 00715360 parameter 0 as pointer:/int @ 005E8E96 (global value) | 005E84D0 -> 00715360 parameter 0 as pointer:/int @ 005E9367 (global value) | 005E84D0 -> 00715630 parameter 0 as pointer:/int @ 005E8B23 (global value) | 005EA680 -> 00715360 parameter 0 as pointer:/int @ 005EAB1B (global value)	-
0081176C	g_startSystem_0081176C	pointer:/StartSystemTy	{/int=1, pointer:/int=4}	{pointer:/StartSystemTy=2}	{}	1		0	0056ADC0 -> 006E4650 parameter 1 as pointer:/int @ 0056B91F (global value) | 0056ADC0 -> 006E4650 parameter 1 as pointer:/int @ 0056BDE2 (global value) | 0056C750 -> 005711D0 parameter 1 as /int @ 0056C7CF (address-of global) | 0056FA60 -> 006E4650 parameter 1 as pointer:/int @ 00570233 (global value) | 0056FA60 -> 006E4650 parameter 1 as pointer:/int @ 00570314 (global value)	005DA610 exact CFG this store @ 005DA676 | 005DA610 stores named pointer from StartSystemTy::StartSystemTy this @ 005DA676
00811778	g_holo_00811778	pointer:/HoloTy	{pointer:/HoloTy=3}	{}	{}	0		0	005E5BA0 -> 0072E2B0 parameter 0 as pointer:/HoloTy @ 005E5C70 (global value) | 005E5FB0 -> 0072E2B0 parameter 0 as pointer:/HoloTy @ 005E608E (global value) | 005E5FB0 -> 0072E2B0 parameter 0 as pointer:/HoloTy @ 005E620F (global value)	-
00811784	g_manBasis_00811784	pointer:/STManBasisC	{}	{pointer:/STManBasisC=1}	{pointer:/STManBasisC=2}	0		0		005F1320 stores named pointer from STManBasisC::STManBasisC return @ 005F1332
00811798	g_sndUnderAttMeneg_00811798	pointer:/SndUnderAttMenegC	{}	{pointer:/SndUnderAttMenegC=1}	{}	0		0		0061FE30 trusted pointer:/SndUnderAttMenegC return aliases exact global on 1/2 non-null/total RET paths
008117A4	g_manRub3_008117A4	pointer:/STManRub3C	{}	{pointer:/STManRub3C=1}	{pointer:/STManRub3C=2}	0		0		0062CEC0 stores named pointer from STManRub3C::STManRub3C return @ 0062CED5
008117B0	g_manRuin_008117B0	pointer:/STManRuinC	{}	{pointer:/STManRuinC=1}	{pointer:/STManRuinC=2}	0		0		00630840 stores named pointer from STManRuinC::STManRuinC return @ 00630852
008117BC	g_aiBossClass_008117BC	pointer:/AiBossClassTy	{}	{pointer:/AiBossClassTy=1}	{}	0		0		00648030 exact CFG this store @ 006480D7
008117C0	DAT_008117c0	/undefined4	{/char=1}	{}	{}	1	/char	0	00649FF0 -> 0072E620 parameter 0 as /char @ 0064A180 (address-of global)	-
008118F8	HANDLE_008118f8	/winnt.h/HANDLE	{/winnt.h/HANDLE=2}	{}	{}	0		0	0064A580 -> EXTERNAL:00000027 parameter 0 as /winnt.h/HANDLE @ 0064A58A (global value) | 0064A5B0 -> EXTERNAL:00000059 parameter 0 as /winnt.h/HANDLE @ 0064A60A (global value)	-
00811908	DAT_00811908	/undefined4	{/int=2}	{}	{}	2		0	00672F00 -> 006B9890 parameter 0 as /int @ 0067307B (address-of global) | 006736F0 -> 006B98C0 parameter 0 as /int @ 006738F8 (address-of global)	-
00811914	DAT_00811914	/undefined4	{/int=2}	{}	{}	2	pointer:/char	0	006748D0 -> 006B9770 parameter 1 as /int @ 00674977 (address-of global) | 006748D0 -> 006C8990 parameter 1 as /int @ 006749A0 (address-of global)	-
00811948	PTR_00811948	pointer:/char	{pointer:/char=2}	{}	{}	0		0	00672B60 -> 006C49B0 parameter 0 as pointer:/char @ 00672C69 (global value) | 006736F0 -> 00672B60 parameter 0 as pointer:/char @ 00673B35 (global value)	-
0081194C	PTR_0081194c	pointer:/SubmarineTitans/Recovered/PointerShapes/AnonShape_GLOBAL_0081194C_4D1525E6	{pointer:/SubmarineTitans/Recovered/PointerShapes/AnonShape_GLOBAL_0081194C_4D1525E6=1}	{}	{}	0	pointer:/undefined4	0	006736F0 -> 00672B60 parameter 1 as pointer:/SubmarineTitans/Recovered/PointerShapes/AnonShape_GLOBAL_0081194C_4D1525E6 @ 00673B35 (global value)	-
00811958	DAT_00811958	/undefined4	{/int=1, pointer:/int=1, pointer:/short=1}	{}	{}	1	pointer:/int	0	00672F00 -> 006A5E90 parameter 0 as pointer:/short @ 00673081 (global value) | 00672F00 -> 006B98C0 parameter 0 as /int @ 00672F2A (address-of global) | 00672F00 -> 006B98C0 parameter 1 as pointer:/int @ 00672F2A (global value)	-
00811970	DAT_00811970	/undefined4	{pointer:/int=1}	{}	{}	0	pointer:/int	0	00674CE0 -> 0072EA90 parameter 0 as pointer:/int @ 00674CF3 (global value)	-
00811978	DAT_00811978	/undefined4	{pointer:/int=1}	{}	{}	0	pointer:/int	0	00674EB0 -> 0072EA90 parameter 0 as pointer:/int @ 00674EC3 (global value)	-
00811990	DAT_00811990	/undefined1	{/byte=4}	{}	{}	4	/byte	0	0067F2B0 -> 0072E730 parameter 4 as /byte @ 0067F2ED (address-of global) | 0068CEC0 -> 0072E730 parameter 4 as /byte @ 0068D135 (address-of global) | 0068CEC0 -> 0072E730 parameter 4 as /byte @ 0068D239 (address-of global) | 0068CEC0 -> 0072E730 parameter 4 as /byte @ 0068D730 (address-of global)	-
00811AA0	DAT_00811aa0	/undefined4	{/byte=2}	{}	{}	2	/byte	0	00683C70 -> 006838B0 parameter 2 as /byte @ 00689E7D (address-of global) | 00683C70 -> 006838B0 parameter 2 as /byte @ 0068A0BD (address-of global)	-
00811AA4	CHAR_00h_00811aa4	/char	{/byte=3, /char=52}	{}	{}	55		0	00683C70 -> 0067F030 parameter 0 as /char @ 00689CDB (address-of global) | 00683C70 -> 0067F0F0 parameter 0 as /char @ 00689C65 (address-of global) | 00683C70 -> 0067F740 parameter 0 as /char @ 00689AB7 (address-of global) | 00683C70 -> 0067F740 parameter 0 as /char @ 00689B17 (address-of global) | 00683C70 -> 0067FAB0 parameter 0 as /byte @ 00689A57 (address-of global) | 00683C70 -> 0067FAB0 parameter 0 as /byte @ 00689BCB (address-of global) | 00683C70 -> 0067FDF0 parameter 1 as /byte @ 00689D7E (address-of global) | 00683C70 -> 006802A0 parameter 1 as /char @ 00684D27 (address-of global) | 00683C70 -> 006802A0 parameter 1 as /char @ 00684D91 (address-of global) | 00683C70 -> 006802A0 parameter 1 as /char @ 00684DBE (address-of global) | 00683C70 -> 006802A0 parameter 1 as /char @ 00684DDC (address-of global) | 00683C70 -> 006802A0 parameter 1 as /char @ 0068502C (address-of global) | 00683C70 -> 006802A0 parameter 1 as /char @ 00685102 (address-of global) | 00683C70 -> 006802A0 parameter 1 as /char @ 0068527C (address-of global) | 00683C70 -> 006802A0 parameter 1 as /char @ 00685326 (address-of global) | 00683C70 -> 006802A0 parameter 1 as /char @ 006853E4 (address-of global) | 00683C70 -> 006802A0 parameter 1 as /char @ 00685489 (address-of global) | 00683C70 -> 006802A0 parameter 1 as /char @ 00685542 (address-of global) | 00683C70 -> 006802A0 parameter 1 as /char @ 006855C6 (address-of global) | 00683C70 -> 006802A0 parameter 1 as /char @ 00685633 (address-of global) | 00683C70 -> 006802A0 parameter 1 as /char @ 006856C5 (address-of global) | 00683C70 -> 006802A0 parameter 1 as /char @ 00685857 (address-of global) | 00683C70 -> 006802A0 parameter 1 as /char @ 0068590E (address-of global) | 00683C70 -> 006802A0 parameter 1 as /char @ 00685A32 (address-of global) | 00683C70 -> 006802A0 parameter 1 as /char @ 00685BC6 (address-of global) | 00683C70 -> 006802A0 parameter 1 as /char @ 00685D88 (address-of global) | 00683C70 -> 006802A0 parameter 1 as /char @ 00685E93 (address-of global) | 00683C70 -> 006802A0 parameter 1 as /char @ 006860F7 (address-of global) | 00683C70 -> 006802A0 parameter 1 as /char @ 0068638F (address-of global) | 00683C70 -> 006802A0 parameter 1 as /char @ 006864B3 (address-of global) | 00683C70 -> 006802A0 parameter 1 as /char @ 00686545 (address-of global) | 00683C70 -> 006802A0 parameter 1 as /char @ 00686745 (address-of global) | 00683C70 -> 006802A0 parameter 1 as /char @ 00686833 (address-of global) | 00683C70 -> 006802A0 parameter 1 as /char @ 00686923 (address-of global) | 00683C70 -> 006802A0 parameter 1 as /char @ 00686A4C (address-of global) | 00683C70 -> 006802A0 parameter 1 as /char @ 00686BEE (address-of global) | 00683C70 -> 006802A0 parameter 1 as /char @ 00686D63 (address-of global) | 00683C70 -> 006802A0 parameter 1 as /char @ 00686EAE (address-of global) | 00683C70 -> 006802A0 parameter 1 as /char @ 00686F8F (address-of global) | 00683C70 -> 006802A0 parameter 1 as /char @ 006870D3 (address-of global) | 00683C70 -> 006802A0 parameter 1 as /char @ 0068721C (address-of global) | 00683C70 -> 006802A0 parameter 1 as /char @ 00687374 (address-of global) | 00683C70 -> 006802A0 parameter 1 as /char @ 00687562 (address-of global) | 00683C70 -> 006802A0 parameter 1 as /char @ 006895FC (address-of global) | 00683C70 -> 006802A0 parameter 1 as /char @ 006896B8 (address-of global) | 00683C70 -> 006802A0 parameter 1 as /char @ 00689957 (address-of global) | 00683C70 -> 006802A0 parameter 1 as /char @ 006899E3 (address-of global) | 00683C70 -> 006802A0 parameter 1 as /char @ 00689B72 (address-of global) | 00683C70 -> 006802A0 parameter 1 as /char @ 00689C26 (address-of global) | 00683C70 -> 006802A0 parameter 1 as /char @ 00689D4E (address-of global) | 00683C70 -> 006802A0 parameter 1 as /char @ 00689DEF (address-of global) | 00683C70 -> 006802A0 parameter 1 as /char @ 00689F01 (address-of global) | 00683C70 -> 006802A0 parameter 1 as /char @ 00689F37 (address-of global) | 00683C70 -> 006802A0 parameter 1 as /char @ 0068A02E (address-of global) | 00683C70 -> 006802A0 parameter 1 as /char @ 0068A114 (address-of global)	-
00811AEC	PTR_00811aec	pointer:/char	{pointer:/byte=4, pointer:/char=12}	{pointer:/char=2}	{}	0		0	006839D0 -> 006838B0 parameter 2 as pointer:/byte @ 00683AE7 (global value) | 00683C70 -> 00648400 parameter 0 as pointer:/char @ 00685C3A (global value) | 00683C70 -> 0065C9E0 parameter 0 as pointer:/char @ 00686290 (global value) | 00683C70 -> 00668180 parameter 0 as pointer:/char @ 00685E05 (global value) | 00683C70 -> 0067CF30 parameter 0 as pointer:/char @ 00685749 (global value) | 00683C70 -> 00680340 parameter 0 as pointer:/char @ 00685582 (global value) | 00683C70 -> 00680590 parameter 0 as pointer:/byte @ 006852BA (global value) | 00683C70 -> 00680650 parameter 0 as pointer:/byte @ 0068542B (global value) | 00683C70 -> 00680710 parameter 0 as pointer:/byte @ 006854D0 (global value) | 00683C70 -> 00690E90 parameter 0 as pointer:/char @ 00685AA7 (global value) | 00683C70 -> 006B5AA0 parameter 1 as pointer:/char @ 0068507E (global value) | 00683C70 -> 0072E340 parameter 1 as pointer:/char @ 006861A6 (global value) | 00683C70 -> 0072E340 parameter 1 as pointer:/char @ 00686234 (global value) | 00683C70 -> 0072E340 parameter 1 as pointer:/char @ 0068645C (global value) | 00683C70 -> 0072E340 parameter 1 as pointer:/char @ 006873DA (global value) | 00683C70 -> 0072E340 parameter 1 as pointer:/char @ 006875C9 (global value)	00680FF0 stores named pointer from FUN_0067eea0 return @ 00681038 | 00681140 stores named pointer from FUN_0067eea0 return @ 00681209
00811AF0	PTR_00811af0	pointer:/char	{pointer:/char=2}	{pointer:/char=1}	{}	0		0	00683C70 -> 0067CF30 parameter 2 as pointer:/char @ 00685749 (global value) | 00683C70 -> 0072E340 parameter 1 as pointer:/char @ 006875FB (global value)	00680D40 stores named pointer from FUN_0067eea0 return @ 00680D97
00811C80	DAT_00811c80	/undefined4	{/byte=2}	{}	{}	2	/byte	0	006839D0 -> 006838B0 parameter 2 as /byte @ 00683A82 (address-of global) | 00683C70 -> 006838B0 parameter 2 as /byte @ 00685F4F (address-of global)	-
008145B8	DAT_008145b8	/undefined4	{/SubmarineTitans/Recovered/DArrayTy=3, /char=4}	{}	{}	7		0	00683C70 -> 006AE290 parameter 0 as /SubmarineTitans/Recovered/DArrayTy @ 006872D9 (address-of global) | 00683C70 -> 006AE290 parameter 0 as /SubmarineTitans/Recovered/DArrayTy @ 006874A9 (address-of global) | 00683C70 -> 006B54F0 parameter 0 as /SubmarineTitans/Recovered/DArrayTy @ 00685662 (address-of global) | 00683C70 -> 0072E340 parameter 0 as /char @ 006843CD (address-of global) | 00683C70 -> 0072E340 parameter 0 as /char @ 00684A31 (address-of global) | 00683C70 -> 0072E340 parameter 0 as /char @ 00684B90 (address-of global) | 00683C70 -> 0072E340 parameter 0 as /char @ 00684C85 (address-of global)	-
00847D0C	CHAR_00h_00847d0c	/char	{/char=4}	{}	{}	4		0	00683C70 -> 0072E340 parameter 0 as /char @ 006840DB (address-of global) | 00683C70 -> 0072E340 parameter 0 as /char @ 0068A801 (address-of global) | 0068CEC0 -> 0072E340 parameter 0 as /char @ 0068D2A8 (address-of global) | 0068CEC0 -> 0072E340 parameter 0 as /char @ 0068D79D (address-of global)	-
008489B4	g_allocationRecord_00648620_008489B4	pointer:/SubmarineTitans/Recovered/AllocationRecords/AllocationRecord_00648620	{/int=3, pointer:/SubmarineTitans/Recovered/AllocationRecords/AllocationRecord_00648620=1}	{pointer:/SubmarineTitans/Recovered/AllocationRecords/AllocationRecord_00648620=1}	{}	3		0	00683C70 -> 006484F0 parameter 0 as /int @ 00685CC8 (address-of global) | 00683C70 -> 006484F0 parameter 0 as /int @ 0068A6AA (address-of global) | 00683C70 -> 006484F0 parameter 0 as /int @ 0068A825 (address-of global) | 00683C70 -> 00648620 parameter 0 as pointer:/SubmarineTitans/Recovered/AllocationRecords/AllocationRecord_00648620 @ 00685CB2 (global value)	00683C70 stores named pointer from FUN_00648400 return @ 00685C3F
008489B8	g_allocationRecord_0067D3B0_008489B8	pointer:/SubmarineTitans/Recovered/AllocationRecords/AllocationRecord_0067D3B0	{/int=3, pointer:/SubmarineTitans/Recovered/AllocationRecords/AllocationRecord_0067D3B0=1}	{pointer:/SubmarineTitans/Recovered/AllocationRecords/AllocationRecord_0067D3B0=1}	{}	3		0	00683C70 -> 0067D160 parameter 0 as /int @ 006857DA (address-of global) | 00683C70 -> 0067D160 parameter 0 as /int @ 0068A6B4 (address-of global) | 00683C70 -> 0067D160 parameter 0 as /int @ 0068A838 (address-of global) | 00683C70 -> 0067D3B0 parameter 0 as pointer:/SubmarineTitans/Recovered/AllocationRecords/AllocationRecord_0067D3B0 @ 006857C4 (global value)	00683C70 stores named pointer from FUN_0067cf30 return @ 0068574E
008489BC	g_allocationRecord_0065CD10_008489BC	pointer:/SubmarineTitans/Recovered/AllocationRecords/AllocationRecord_0065CD10	{/int=3, pointer:/SubmarineTitans/Recovered/AllocationRecords/AllocationRecord_0065CD10=1}	{pointer:/SubmarineTitans/Recovered/AllocationRecords/AllocationRecord_0065CD10=1}	{}	3		0	00683C70 -> 0065CD10 parameter 0 as pointer:/SubmarineTitans/Recovered/AllocationRecords/AllocationRecord_0065CD10 @ 00686328 (global value) | 00683C70 -> 0065D0F0 parameter 0 as /int @ 00686335 (address-of global) | 00683C70 -> 0065D0F0 parameter 0 as /int @ 0068A6BE (address-of global) | 00683C70 -> 0065D0F0 parameter 0 as /int @ 0068A84B (address-of global)	00683C70 stores named pointer from FUN_0065c9e0 return @ 00686295
008489C4	g_allocationRecord_006684E0_008489C4	pointer:/SubmarineTitans/Recovered/AllocationRecords/AllocationRecord_006684E0	{/int=3, pointer:/SubmarineTitans/Recovered/AllocationRecords/AllocationRecord_006684E0=1}	{pointer:/SubmarineTitans/Recovered/AllocationRecords/AllocationRecord_006684E0=1}	{}	3		0	00683C70 -> 006684E0 parameter 0 as pointer:/SubmarineTitans/Recovered/AllocationRecords/AllocationRecord_006684E0 @ 0068608A (global value) | 00683C70 -> 006686C0 parameter 0 as /int @ 00686097 (address-of global) | 00683C70 -> 006686C0 parameter 0 as /int @ 0068A6D2 (address-of global) | 00683C70 -> 006686C0 parameter 0 as /int @ 0068A871 (address-of global)	00683C70 stores named pointer from FUN_00668180 return @ 00685E0A
008489C8	DAT_008489c8	/undefined4	{/int=3}	{}	{}	3	pointer:/undefined4	0	00683C70 -> 00691540 parameter 0 as /int @ 00685B6C (address-of global) | 00683C70 -> 00691540 parameter 0 as /int @ 0068A6C8 (address-of global) | 00683C70 -> 00691540 parameter 0 as /int @ 0068A85E (address-of global)	-
008489CC	PTR_008489cc	pointer:/SubmarineTitans/Recovered/PointerShapes/AnonShape_GLOBAL_008489CC_CDF8C3F4	{/int=2}	{}	{}	2	pointer:/undefined4	0	00683C70 -> 0065D1F0 parameter 0 as /int @ 0068A6DC (address-of global) | 00683C70 -> 0065D1F0 parameter 0 as /int @ 0068A884 (address-of global)	-
008489D4	g_array_008489D4	pointer:/SubmarineTitans/Recovered/DArrayTy	{pointer:/SubmarineTitans/Recovered/DArrayTy=3}	{pointer:/SubmarineTitans/Recovered/DArrayTy=1}	{}	0		0	00683C70 -> 006AE110 parameter 0 as pointer:/SubmarineTitans/Recovered/DArrayTy @ 0068A6EE (global value) | 00683C70 -> 006AE110 parameter 0 as pointer:/SubmarineTitans/Recovered/DArrayTy @ 0068A896 (global value) | 00683C70 -> 006AE1C0 parameter 0 as pointer:/SubmarineTitans/Recovered/DArrayTy @ 0068746C (global value)	00683C70 stores named pointer from Library::DKW::TBL::DArrayCreate return @ 006872DE
008489D8	g_dArray_008489D8	pointer:/SubmarineTitans/Recovered/DArrayTy	{pointer:/SubmarineTitans/Recovered/DArrayTy=1}	{pointer:/SubmarineTitans/Recovered/DArrayTy=1}	{}	0		0	00683C70 -> 006AE1C0 parameter 0 as pointer:/SubmarineTitans/Recovered/DArrayTy @ 00687669 (global value)	00683C70 stores named pointer from Library::DKW::TBL::DArrayCreate return @ 006874AE
008489DC	g_dArray_008489DC	pointer:/SubmarineTitans/Recovered/DArrayTy	{pointer:/SubmarineTitans/Recovered/DArrayTy=4, pointer:/uint=1}	{pointer:/SubmarineTitans/Recovered/DArrayTy=1}	{}	0		0	00683C70 -> 006809F0 parameter 0 as pointer:/uint @ 00685D2B (global value) | 00683C70 -> 006B5570 parameter 0 as pointer:/SubmarineTitans/Recovered/DArrayTy @ 00685D41 (global value) | 00683C70 -> 006B5570 parameter 0 as pointer:/SubmarineTitans/Recovered/DArrayTy @ 0068A703 (global value) | 00683C70 -> 006B5570 parameter 0 as pointer:/SubmarineTitans/Recovered/DArrayTy @ 0068A8AB (global value) | 00683C70 -> 006B5AA0 parameter 0 as pointer:/SubmarineTitans/Recovered/DArrayTy @ 0068507E (global value)	00683C70 stores named pointer from Library::DKW::TBL::SArrayCreate return @ 00685667
008489E0	CHAR_00h_008489e0	/char	{/char=1}	{}	{}	2		0	006803B0 -> 006F2C00 parameter 0 as /char @ 00680450 (address-of global)	-
00848A04	DAT_00848a04	/undefined4	{/int=1}	{}	{}	0	/int	0	006803B0 -> 0072DE60 parameter 0 as /int @ 006803D6 (global value)	-
00848A14	g_anonShape_00683780_11EA4E23_00848A14	pointer:/SubmarineTitans/Recovered/PointerShapes/AnonShape_00683780_11EA4E23	{pointer:/SubmarineTitans/Recovered/PointerShapes/AnonShape_00683780_11EA4E23=10, pointer:/int=1}	{}	{}	0	pointer:/int	0	00682370 -> 0064A830 parameter 0 as pointer:/int @ 00682381 (global value) | 006823E0 -> 0064A910 parameter 0 as pointer:/SubmarineTitans/Recovered/PointerShapes/AnonShape_00683780_11EA4E23 @ 00682410 (global value) | 006823E0 -> 0064A940 parameter 0 as pointer:/SubmarineTitans/Recovered/PointerShapes/AnonShape_00683780_11EA4E23 @ 006824E7 (global value) | 006823E0 -> 0064A940 parameter 0 as pointer:/SubmarineTitans/Recovered/PointerShapes/AnonShape_00683780_11EA4E23 @ 00682550 (global value) | 006823E0 -> 0064A940 parameter 0 as pointer:/SubmarineTitans/Recovered/PointerShapes/AnonShape_00683780_11EA4E23 @ 0068258D (global value) | 00683C70 -> 0064A910 parameter 0 as pointer:/SubmarineTitans/Recovered/PointerShapes/AnonShape_00683780_11EA4E23 @ 00689967 (global value) | 00683C70 -> 0064A910 parameter 0 as pointer:/SubmarineTitans/Recovered/PointerShapes/AnonShape_00683780_11EA4E23 @ 00689E8B (global value) | 00683C70 -> 0064A910 parameter 0 as pointer:/SubmarineTitans/Recovered/PointerShapes/AnonShape_00683780_11EA4E23 @ 0068A0CB (global value) | 00683C70 -> 0064A910 parameter 0 as pointer:/SubmarineTitans/Recovered/PointerShapes/AnonShape_00683780_11EA4E23 @ 0068A2A2 (global value) | 00683C70 -> 0067FD20 parameter 0 as pointer:/SubmarineTitans/Recovered/PointerShapes/AnonShape_00683780_11EA4E23 @ 0068A4D6 (global value) | 00683C70 -> 0067FDF0 parameter 0 as pointer:/SubmarineTitans/Recovered/PointerShapes/AnonShape_00683780_11EA4E23 @ 00689D7E (global value)	-
00848A18	g_dArray_00848A18	pointer:/SubmarineTitans/Recovered/DArrayTy	{pointer:/SubmarineTitans/Recovered/DArrayTy=3}	{pointer:/SubmarineTitans/Recovered/DArrayTy=1}	{}	0		0	0067EF60 -> 006B5AA0 parameter 0 as pointer:/SubmarineTitans/Recovered/DArrayTy @ 0067EFB2 (global value) | 0067F030 -> 006B6020 parameter 0 as pointer:/SubmarineTitans/Recovered/DArrayTy @ 0067F086 (global value) | 0067F260 -> 006B5570 parameter 0 as pointer:/SubmarineTitans/Recovered/DArrayTy @ 0067F283 (global value)	0067F1D0 stores named pointer from Library::DKW::TBL::SArrayCreate return @ 0067F1FF
00848A1C	g_dArray_00848A1C	pointer:/SubmarineTitans/Recovered/DArrayTy	{pointer:/SubmarineTitans/Recovered/DArrayTy=2}	{pointer:/SubmarineTitans/Recovered/DArrayTy=1}	{}	0		0	0067F0F0 -> 006B6020 parameter 0 as pointer:/SubmarineTitans/Recovered/DArrayTy @ 0067F138 (global value) | 0067F260 -> 006B5570 parameter 0 as pointer:/SubmarineTitans/Recovered/DArrayTy @ 0067F26A (global value)	0067F1D0 stores named pointer from Library::DKW::TBL::SArrayCreate return @ 0067F1F5
00848A28	g_array_00848A28	pointer:/SubmarineTitans/Recovered/DArrayTy	{pointer:/SubmarineTitans/Recovered/DArrayTy=2}	{pointer:/SubmarineTitans/Recovered/DArrayTy=1}	{}	0		0	0067F460 -> 006AE110 parameter 0 as pointer:/SubmarineTitans/Recovered/DArrayTy @ 0067F46A (global value) | 0067F5E0 -> 006AE1C0 parameter 0 as pointer:/SubmarineTitans/Recovered/DArrayTy @ 0067F699 (global value)	0067F420 stores named pointer from Library::DKW::TBL::DArrayCreate return @ 0067F433
00848A2C	g_dArray_00848A2C	pointer:/SubmarineTitans/Recovered/DArrayTy	{pointer:/SubmarineTitans/Recovered/DArrayTy=2}	{pointer:/SubmarineTitans/Recovered/DArrayTy=1}	{}	0		0	0067F460 -> 006B5570 parameter 0 as pointer:/SubmarineTitans/Recovered/DArrayTy @ 0067F483 (global value) | 0067F5E0 -> 006B5AA0 parameter 0 as pointer:/SubmarineTitans/Recovered/DArrayTy @ 0067F680 (global value)	0067F420 stores named pointer from Library::DKW::TBL::SArrayCreate return @ 0067F43D
00848A30	g_array_00848A30	pointer:/SubmarineTitans/Recovered/DArrayTy	{pointer:/SubmarineTitans/Recovered/DArrayTy=2}	{pointer:/SubmarineTitans/Recovered/DArrayTy=1}	{}	0		0	0067F7D0 -> 006AE110 parameter 0 as pointer:/SubmarineTitans/Recovered/DArrayTy @ 0067F7DA (global value) | 0067F950 -> 006AE1C0 parameter 0 as pointer:/SubmarineTitans/Recovered/DArrayTy @ 0067FA09 (global value)	0067F790 stores named pointer from Library::DKW::TBL::DArrayCreate return @ 0067F7A3
00848A34	g_dArray_00848A34	pointer:/SubmarineTitans/Recovered/DArrayTy	{pointer:/SubmarineTitans/Recovered/DArrayTy=2}	{pointer:/SubmarineTitans/Recovered/DArrayTy=1}	{}	0		0	0067F7D0 -> 006B5570 parameter 0 as pointer:/SubmarineTitans/Recovered/DArrayTy @ 0067F7F3 (global value) | 0067F950 -> 006B5AA0 parameter 0 as pointer:/SubmarineTitans/Recovered/DArrayTy @ 0067F9F0 (global value)	0067F790 stores named pointer from Library::DKW::TBL::SArrayCreate return @ 0067F7AD
00848A38	g_array_00848A38	pointer:/SubmarineTitans/Recovered/DArrayTy	{pointer:/SubmarineTitans/Recovered/DArrayTy=2}	{pointer:/SubmarineTitans/Recovered/DArrayTy=1}	{}	0		0	0067FB40 -> 006AE110 parameter 0 as pointer:/SubmarineTitans/Recovered/DArrayTy @ 0067FB84 (global value) | 0067FD20 -> 006AE1C0 parameter 0 as pointer:/SubmarineTitans/Recovered/DArrayTy @ 0067FD5B (global value)	0067FB00 stores named pointer from Library::DKW::TBL::DArrayCreate return @ 0067FB13
00848A3C	g_dArray_00848A3C	pointer:/SubmarineTitans/Recovered/DArrayTy	{pointer:/SubmarineTitans/Recovered/DArrayTy=2}	{pointer:/SubmarineTitans/Recovered/DArrayTy=1}	{}	0		0	0067FB40 -> 006B5570 parameter 0 as pointer:/SubmarineTitans/Recovered/DArrayTy @ 0067FB9E (global value) | 0067FD20 -> 006B5AA0 parameter 0 as pointer:/SubmarineTitans/Recovered/DArrayTy @ 0067FD6D (global value)	0067FB00 stores named pointer from Library::DKW::TBL::SArrayCreate return @ 0067FB1D
00853DE0	DAT_00853de0	/undefined4	{/SubmarineTitans/Recovered/PointerShapes/AnonShape_006952B0_7A982E30=1, /char=2}	{}	{}	3		0	005C7800 -> 006952B0 parameter 1 as /SubmarineTitans/Recovered/PointerShapes/AnonShape_006952B0_7A982E30 @ 005C7C1E (address-of global) | 005C7800 -> 00715360 parameter 3 as /char @ 005C7BE7 (address-of global) | 005CE0E0 -> 00715360 parameter 3 as /char @ 005CE5AA (address-of global)	-
00853DE4	CHAR_00h_00853de4	/char	{/byte=4}	{}	{}	6		0	005C7800 -> 006F0EC0 parameter 1 as /byte @ 005C7C57 (address-of global) | 005C7800 -> 0072E730 parameter 0 as /byte @ 005C7E49 (address-of global) | 005C8200 -> 006F0EC0 parameter 1 as /byte @ 005C827E (address-of global) | 005C8200 -> 0072E730 parameter 0 as /byte @ 005C846B (address-of global)	-
00853FF8	PTR_00853ff8	pointer:/cMf32	{pointer:/cMf32=1}	{}	{}	0		0	005C7800 -> 006F1170 parameter 0 as pointer:/cMf32 @ 005C7C34 (global value)	-
00854A9C	g_int_00854A9C	pointer:/int	{pointer:/int=15}	{}	{}	0		0	006ADC30 -> 0072EA90 parameter 0 as pointer:/int @ 006AE0FB (global value) | 006ADC30 -> 00733D60 parameter 0 as pointer:/int @ 006AE0E4 (global value) | 006ADC30 -> 00733F70 parameter 0 as pointer:/int @ 006ADD44 (global value) | 006ADC30 -> 00733F70 parameter 0 as pointer:/int @ 006ADD86 (global value) | 006ADC30 -> 00733F70 parameter 0 as pointer:/int @ 006ADDC9 (global value) | 006ADC30 -> 00733F70 parameter 0 as pointer:/int @ 006ADDDC (global value) | 006ADC30 -> 00733F70 parameter 0 as pointer:/int @ 006ADE80 (global value) | 006ADC30 -> 00733F70 parameter 0 as pointer:/int @ 006ADF16 (global value) | 006ADC30 -> 00733F70 parameter 0 as pointer:/int @ 006ADF73 (global value) | 006ADC30 -> 00733F70 parameter 0 as pointer:/int @ 006ADF86 (global value) | 006ADC30 -> 00733F70 parameter 0 as pointer:/int @ 006AE001 (global value) | 006ADC30 -> 00733F70 parameter 0 as pointer:/int @ 006AE02E (global value) | 006ADC30 -> 00733F70 parameter 0 as pointer:/int @ 006AE042 (global value) | 006ADC30 -> 00733F70 parameter 0 as pointer:/int @ 006AE0A0 (global value) | 006ADC30 -> 00733F70 parameter 0 as pointer:/int @ 006AE0CF (global value)	-
00854EB4	g_int_00854EB4	pointer:/int	{pointer:/int=6}	{}	{}	0		0	006AD190 -> 0072EA90 parameter 0 as pointer:/int @ 006AD1C5 (global value) | 006AD250 -> 0072EA90 parameter 0 as pointer:/int @ 006AD25A (global value) | 006AD4D0 -> 0072EB70 parameter 1 as pointer:/int @ 006AD93E (global value) | 006AD4D0 -> 00733D60 parameter 0 as pointer:/int @ 006AD9C4 (global value) | 006AD4D0 -> 00733F70 parameter 0 as pointer:/int @ 006AD98B (global value) | 006AD4D0 -> 00733F70 parameter 0 as pointer:/int @ 006AD9B6 (global value)	-
00854EB8	g_anonShape_GLOBAL_0080759C_9638EF10_00854EB8	pointer:/SubmarineTitans/Recovered/PointerShapes/AnonShape_GLOBAL_0080759C_9638EF10	{pointer:/SubmarineTitans/Recovered/PointerShapes/AnonShape_GLOBAL_0080759C_9638EF10=6}	{}	{}	0	pointer:/undefined4	0	006AD3A0 -> 006B0A20 parameter 0 as pointer:/SubmarineTitans/Recovered/PointerShapes/AnonShape_GLOBAL_0080759C_9638EF10 @ 006AD431 (global value) | 006AD3A0 -> 006B0A20 parameter 0 as pointer:/SubmarineTitans/Recovered/PointerShapes/AnonShape_GLOBAL_0080759C_9638EF10 @ 006AD448 (global value) | 006AD3A0 -> 006B0A20 parameter 0 as pointer:/SubmarineTitans/Recovered/PointerShapes/AnonShape_GLOBAL_0080759C_9638EF10 @ 006AD45E (global value) | 006AD3A0 -> 006B0A20 parameter 0 as pointer:/SubmarineTitans/Recovered/PointerShapes/AnonShape_GLOBAL_0080759C_9638EF10 @ 006AD478 (global value) | 006AD3A0 -> 006B0A20 parameter 0 as pointer:/SubmarineTitans/Recovered/PointerShapes/AnonShape_GLOBAL_0080759C_9638EF10 @ 006AD4AD (global value) | 006AD4D0 -> 006B08F0 parameter 0 as pointer:/SubmarineTitans/Recovered/PointerShapes/AnonShape_GLOBAL_0080759C_9638EF10 @ 006ADB4D (global value)	-
00854EE8	PTR_00854ee8	pointer:/SubmarineTitans/Recovered/PointerShapes/AnonShape_GLOBAL_00854EE8_A19F58CE	{pointer:/SubmarineTitans/Recovered/PointerShapes/AnonShape_006CEC40_BB23E716=1}	{}	{}	0	pointer:/SubmarineTitans/Recovered/PointerShapes/AnonShape_006CEC40_BB23E716	0	006BD260 -> 006CEC40 parameter 0 as pointer:/SubmarineTitans/Recovered/PointerShapes/AnonShape_006CEC40_BB23E716 @ 006BD383 (global value)	-
00854EF0	DAT_00854ef0	/undefined4	{/int=1}	{}	{}	1	/int	0	006BD4B0 -> 006CFEB0 parameter 0 as /int @ 006BD5F3 (address-of global)	-
00854F00	PTR_00854f00	pointer:/SubmarineTitans/Recovered/PointerShapes/AnonShape_006D86E0_D6D32C07	{pointer:/SubmarineTitans/Recovered/PointerShapes/AnonShape_006D86E0_D6D32C07=2}	{}	{}	0		0	006BD4B0 -> 006CEF60 parameter 1 as pointer:/SubmarineTitans/Recovered/PointerShapes/AnonShape_006D86E0_D6D32C07 @ 006BD5BE (global value) | 006BD4B0 -> 006CEF60 parameter 1 as pointer:/SubmarineTitans/Recovered/PointerShapes/AnonShape_006D86E0_D6D32C07 @ 006BD6D1 (global value)	-
00854F08	DAT_00854f08	/undefined4	{/int=2}	{}	{}	2	/int	0	006BCD10 -> 006CFEB0 parameter 0 as /int @ 006BCDA3 (address-of global) | 006BCD10 -> 006CFEB0 parameter 0 as /int @ 006BCEC8 (address-of global)	-
00854F58	DAT_00854f58	/undefined4	{pointer:/char=2}	{}	{}	0	pointer:/char	0	006BD4B0 -> 006CEF60 parameter 5 as pointer:/char @ 006BD5BE (global value) | 006BD4B0 -> 006CEF60 parameter 5 as pointer:/char @ 006BD6D1 (global value)	-
00854F68	PTR_00854f68	pointer:/SubmarineTitans/Recovered/PointerShapes/AnonShape_006D86E0_768BB816	{pointer:/SubmarineTitans/Recovered/PointerShapes/AnonShape_006D86E0_768BB816=2}	{}	{}	0		0	006BD4B0 -> 006CEF60 parameter 4 as pointer:/SubmarineTitans/Recovered/PointerShapes/AnonShape_006D86E0_768BB816 @ 006BD5BE (global value) | 006BD4B0 -> 006CEF60 parameter 4 as pointer:/SubmarineTitans/Recovered/PointerShapes/AnonShape_006D86E0_768BB816 @ 006BD6D1 (global value)	-
00854F90	PTR_00854f90	pointer:/int	{pointer:/int=1}	{}	{}	0		0	006BD4B0 -> 006CFEB0 parameter 2 as pointer:/int @ 006BD5F3 (global value)	-
00854FD0	PTR_00854fd0	pointer:/uint	{pointer:/uint=1}	{}	{}	0		0	006BC630 -> 006CF950 parameter 0 as pointer:/uint @ 006BC802 (global value)	-
00854FD4	g_int_00854FD4	pointer:/int	{pointer:/int=5}	{}	{}	0		0	006BC8F0 -> 006BC970 parameter 0 as pointer:/int @ 006BC91E (global value) | 006BCD10 -> 006BCB30 parameter 0 as pointer:/int @ 006BCEF6 (global value) | 006BCD10 -> 006BD0C0 parameter 0 as pointer:/int @ 006BCDD4 (global value) | 006BD4B0 -> 006CEF60 parameter 0 as pointer:/int @ 006BD5BE (global value) | 006BD4B0 -> 006CEF60 parameter 0 as pointer:/int @ 006BD6D1 (global value)	-
00854FD8	PTR_00854fd8	pointer:/int	{pointer:/int=1}	{}	{}	0		0	006BD4B0 -> 006CFEB0 parameter 1 as pointer:/int @ 006BD5F3 (global value)	-
00854FDC	PTR_00854fdc	pointer:/int	{pointer:/int=1}	{}	{}	0		0	006BC8F0 -> 006BC970 parameter 2 as pointer:/int @ 006BC91E (global value)	-
00854FE0	PTR_00854fe0	pointer:/SubmarineTitans/Recovered/PointerShapes/RecoveredSourceFamily_dibcopy	{pointer:/SubmarineTitans/Recovered/PointerShapes/RecoveredSourceFamily_dibcopy=2}	{}	{}	0		0	006BD4B0 -> 006CEF60 parameter 2 as pointer:/SubmarineTitans/Recovered/PointerShapes/RecoveredSourceFamily_dibcopy @ 006BD5BE (global value) | 006BD4B0 -> 006CEF60 parameter 2 as pointer:/SubmarineTitans/Recovered/PointerShapes/RecoveredSourceFamily_dibcopy @ 006BD6D1 (global value)	-
00854FF0	g_hWnd_00854FF0	/WinDef.h/HWND	{/WinDef.h/HWND=2}	{}	{}	0		0	006C08E0 -> EXTERNAL:0000009D parameter 0 as /WinDef.h/HWND @ 006C0E8E (global value) | 006C08E0 -> EXTERNAL:0000009D parameter 0 as /WinDef.h/HWND @ 006C0F2C (global value)	-
00854FF4	DAT_00854ff4	/undefined4	{/int=4, pointer:/int=2, pointer:/short=2}	{}	{}	4		0	006C1BA0 -> 006A5E90 parameter 0 as pointer:/short @ 006C1C49 (global value) | 006C1BA0 -> 006B98C0 parameter 0 as /int @ 006C1C43 (address-of global) | 006C1BA0 -> 006B98C0 parameter 1 as pointer:/int @ 006C1C43 (global value) | 006C1E20 -> 006B9890 parameter 0 as /int @ 006C1E62 (address-of global) | 006C1F90 -> 006A5E90 parameter 0 as pointer:/short @ 006C1FE8 (global value) | 006C1F90 -> 006B98C0 parameter 0 as /int @ 006C1FE2 (address-of global) | 006C1F90 -> 006B98C0 parameter 1 as pointer:/int @ 006C1FE2 (global value) | 006C2050 -> 006B9890 parameter 0 as /int @ 006C207A (address-of global)	-
00854FF8	DAT_00854ff8	/undefined1	{/SubmarineTitans/Recovered/PointerShapes/AnonShape_006BFBF0_13F73F95=2, /SubmarineTitans/Recovered/PointerShapes/AnonShape_006BFE70_9EDC24A5=2}	{}	{}	4		0	006C08E0 -> 006BFBF0 parameter 0 as /SubmarineTitans/Recovered/PointerShapes/AnonShape_006BFBF0_13F73F95 @ 006C0937 (address-of global) | 006C08E0 -> 006BFE70 parameter 1 as /SubmarineTitans/Recovered/PointerShapes/AnonShape_006BFE70_9EDC24A5 @ 006C0BFA (address-of global) | 006C08E0 -> 006BFE70 parameter 1 as /SubmarineTitans/Recovered/PointerShapes/AnonShape_006BFE70_9EDC24A5 @ 006C0D8E (address-of global) | 006C2460 -> 006BFBF0 parameter 0 as /SubmarineTitans/Recovered/PointerShapes/AnonShape_006BFBF0_13F73F95 @ 006C24D9 (address-of global)	-
008568B0	g_lpBuffer_008568B0	/WinDef.h/LPVOID	{/WinDef.h/LPVOID=6}	{}	{}	0	pointer:/undefined1	0	006BFE70 -> 006BFB90 parameter 2 as /WinDef.h/LPVOID @ 006BFF61 (global value) | 006BFE70 -> 006BFB90 parameter 2 as /WinDef.h/LPVOID @ 006C003B (global value) | 006BFE70 -> 006BFB90 parameter 2 as /WinDef.h/LPVOID @ 006C01DA (global value) | 006BFE70 -> 006BFB90 parameter 2 as /WinDef.h/LPVOID @ 006C03CB (global value) | 006BFE70 -> 006BFB90 parameter 2 as /WinDef.h/LPVOID @ 006C04D5 (global value) | 006BFE70 -> 006BFB90 parameter 2 as /WinDef.h/LPVOID @ 006C0604 (global value)	-
008568C0	g_hThread_008568C0	/winnt.h/HANDLE	{/winnt.h/HANDLE=3}	{}	{}	0		0	006C08E0 -> EXTERNAL:00000014 parameter 0 as /winnt.h/HANDLE @ 006C0F8F (global value) | 006C1E20 -> EXTERNAL:00000014 parameter 0 as /winnt.h/HANDLE @ 006C1ECC (global value) | 006C2050 -> EXTERNAL:00000010 parameter 0 as /winnt.h/HANDLE @ 006C208A (global value)	-
008568D0	DAT_008568d0	/undefined4	{/int=1}	{}	{}	1	/int	0	006C3AA0 -> 006B98C0 parameter 0 as /int @ 006C3AC0 (address-of global)	-
00856D70	g_hInstance_00856D70	/WinDef.h/HINSTANCE	{/WinDef.h/HINSTANCE=4}	{}	{}	0		0	0056C750 -> EXTERNAL:0000008D parameter 1 as /WinDef.h/HINSTANCE @ 0056CA38 (global value) | 0056CBD0 -> EXTERNAL:00000092 parameter 0 as /WinDef.h/HINSTANCE @ 0056CD7C (global value) | 0056CBD0 -> EXTERNAL:00000092 parameter 0 as /WinDef.h/HINSTANCE @ 0056CDE9 (global value) | 0056CBD0 -> EXTERNAL:00000092 parameter 0 as /WinDef.h/HINSTANCE @ 0056CE2E (global value)	-
00856D78	HWND_00856d78	/WinDef.h/HWND	{/WinDef.h/HWND=7}	{}	{}	0		0	00533D10 -> 00571320 parameter 1 as /WinDef.h/HWND @ 00534053 (global value) | 00533D10 -> 00571320 parameter 1 as /WinDef.h/HWND @ 0053515A (global value) | 0056ADC0 -> 005672A0 parameter 1 as /WinDef.h/HWND @ 0056B359 (global value) | 0056ADC0 -> 006C3800 parameter 2 as /WinDef.h/HWND @ 0056B252 (global value) | 0056D740 -> EXTERNAL:00000095 parameter 0 as /WinDef.h/HWND @ 0056D921 (global value) | 0056FA60 -> 00567180 parameter 1 as /WinDef.h/HWND @ 0057083B (global value) | 005A4350 -> EXTERNAL:000000CA parameter 0 as /WinDef.h/HWND @ 005A6D2A (global value)	-
00856FE4	PTR_00856fe4	pointer:/byte	{pointer:/byte=2}	{}	{}	0		0	006F31D0 -> 006CFE10 parameter 0 as pointer:/byte @ 006F41A4 (global value) | 006F31D0 -> 006CFE10 parameter 0 as pointer:/byte @ 006F4A0F (global value)	-
00857004	DAT_00857004	/undefined4	{pointer:/byte=2}	{}	{}	0	pointer:/byte	0	00708650 -> 007297E0 parameter 1 as pointer:/byte @ 00708888 (global value) | 00708650 -> 0072AC20 parameter 1 as pointer:/byte @ 0070897B (global value)	-
00857028	DAT_00857028	/undefined4	{pointer:/byte=2}	{}	{}	0	pointer:/byte	0	00708650 -> 007297E0 parameter 2 as pointer:/byte @ 00708888 (global value) | 00708650 -> 0072AC20 parameter 2 as pointer:/byte @ 0070897B (global value)	-
00857118	PTR_00857118	pointer:/uint	{pointer:/uint=1}	{}	{}	0		0	0072B0B0 -> 006CF950 parameter 0 as pointer:/uint @ 0072B232 (global value)	-
0085712C	DAT_0085712c	/undefined4	{/WinDef.h/DWORD=1}	{}	{}	0	/WinDef.h/DWORD	0	0072AE80 -> EXTERNAL:0000006D parameter 1 as /WinDef.h/DWORD @ 0072AED7 (global value)	-
00857134	PTR_00857134	pointer:/undefined4	{pointer:/int=1, pointer:/uint=1}	{}	{}	0		0	0072AE80 -> 006B3730 parameter 0 as pointer:/uint @ 0072AF77 (global value) | 0072AFC0 -> 006B3BB0 parameter 0 as pointer:/int @ 0072B048 (global value)	-
0085713C	DAT_0085713c	/undefined4	{/winnt.h/HANDLE=1}	{}	{}	0	/winnt.h/HANDLE	0	0072AFC0 -> EXTERNAL:00000010 parameter 0 as /winnt.h/HANDLE @ 0072B00F (global value)	-
00857500	g_hINSTANCE_00857500	pointer:/WinDef.h/HINSTANCE__	{/WinDef.h/HMODULE=1}	{pointer:/WinDef.h/HINSTANCE__=1}	{}	0		0	0074B777 -> EXTERNAL:00000079 parameter 0 as /WinDef.h/HMODULE @ 0074B790 (global value)	0074B79E stores named pointer from KERNEL32.DLL::LoadLibraryA return @ 0074B7B2
00857528	PTR_00857528	pointer:/char	{pointer:/byte=6, pointer:/char=20}	{}	{}	0		0	00672B60 -> 006C49B0 parameter 0 as pointer:/char @ 00672C5B (global value) | 006736F0 -> 006C49B0 parameter 0 as pointer:/char @ 006738A9 (global value) | 00673D20 -> 006B77E0 parameter 0 as pointer:/char @ 00674277 (global value) | 00673D20 -> 006B77E0 parameter 0 as pointer:/char @ 00674516 (global value) | 006829B0 -> 0067ED20 parameter 0 as pointer:/byte @ 00682A2F (global value) | 006829B0 -> 0067F5B0 parameter 0 as pointer:/byte @ 00682A5A (global value) | 006829B0 -> 0067F5E0 parameter 0 as pointer:/byte @ 006829EE (global value) | 006829B0 -> 0067F920 parameter 0 as pointer:/byte @ 00682A85 (global value) | 006829B0 -> 0067FCE0 parameter 0 as pointer:/byte @ 00682AAC (global value) | 006829B0 -> 0067FF00 parameter 0 as pointer:/char @ 00682B21 (global value) | 006829B0 -> 0067FF50 parameter 0 as pointer:/char @ 00682B5C (global value) | 006829B0 -> 0067FFA0 parameter 0 as pointer:/char @ 00682B95 (global value) | 006829B0 -> 0067FFF0 parameter 0 as pointer:/char @ 00682BCF (global value) | 006829B0 -> 006802A0 parameter 1 as pointer:/char @ 006829DF (global value) | 006829B0 -> 006802A0 parameter 1 as pointer:/char @ 00682A09 (global value) | 006829B0 -> 006802A0 parameter 1 as pointer:/char @ 00682AC3 (global value) | 006829B0 -> 006802A0 parameter 1 as pointer:/char @ 00682C03 (global value) | 00683C70 -> 0067FF00 parameter 0 as pointer:/char @ 0068444E (global value) | 00683C70 -> 0067FF50 parameter 0 as pointer:/char @ 006844B3 (global value) | 00683C70 -> 0067FFA0 parameter 0 as pointer:/char @ 00684516 (global value) | 00683C70 -> 0067FFF0 parameter 0 as pointer:/char @ 0068455A (global value) | 00683C70 -> 006800A0 parameter 0 as pointer:/byte @ 006843D9 (global value) | 00683C70 -> 0072E340 parameter 1 as pointer:/char @ 006843CD (global value) | 00683C70 -> 0072E340 parameter 1 as pointer:/char @ 00684A31 (global value) | 00683C70 -> 0072E340 parameter 1 as pointer:/char @ 00684B90 (global value) | 00683C70 -> 0072E340 parameter 1 as pointer:/char @ 00684C85 (global value)	-
0085753C	DAT_0085753c	/undefined4	{pointer:/byte=4, pointer:/char=1}	{}	{}	0		0	00672B60 -> 006C49B0 parameter 0 as pointer:/char @ 00672C78 (global value) | 00683C70 -> 0072E730 parameter 0 as pointer:/byte @ 00684050 (global value) | 00683C70 -> 0072E730 parameter 0 as pointer:/byte @ 0068A790 (global value) | 0068CEC0 -> 0072E730 parameter 0 as pointer:/byte @ 0068D239 (global value) | 0068CEC0 -> 0072E730 parameter 0 as pointer:/byte @ 0068D730 (global value)	-
0085755C	PTR_0085755c	pointer:/char	{pointer:/byte=2, pointer:/char=7, pointer:/uint=1}	{}	{}	0		0	006734C0 -> 00730590 parameter 0 as pointer:/uint @ 0067353A (global value) | 006748D0 -> 006B9770 parameter 0 as pointer:/byte @ 00674977 (global value) | 006748D0 -> 006C8990 parameter 0 as pointer:/byte @ 006749A0 (global value) | 00683C70 -> 0072E340 parameter 1 as pointer:/char @ 006840DB (global value) | 00683C70 -> 0072E340 parameter 1 as pointer:/char @ 0068A801 (global value) | 0068CEC0 -> 0072E340 parameter 1 as pointer:/char @ 0068D2A8 (global value) | 0068CEC0 -> 0072E340 parameter 1 as pointer:/char @ 0068D416 (global value) | 0068CEC0 -> 0072E340 parameter 1 as pointer:/char @ 0068D5D5 (global value) | 0068CEC0 -> 0072E340 parameter 1 as pointer:/char @ 0068D697 (global value) | 0068CEC0 -> 0072E340 parameter 1 as pointer:/char @ 0068D79D (global value)	-
0085A5C4	DAT_0085a5c4	/undefined4	{/winnt.h/HANDLE=1}	{}	{}	0	/winnt.h/HANDLE	0	006A5620 -> EXTERNAL:0000001C parameter 0 as /winnt.h/HANDLE @ 006A567A (global value)	-
0085E000	DAT_0085e000	/undefined4	{/winnt.h/LONG=3}	{}	{}	3	/winnt.h/LONG	0	0056A5C0 -> EXTERNAL:00000053 parameter 0 as /winnt.h/LONG @ 0056A5C5 (address-of global) | 0056ADC0 -> EXTERNAL:00000051 parameter 0 as /winnt.h/LONG @ 0056AE12 (address-of global) | 0056C750 -> EXTERNAL:00000051 parameter 0 as /winnt.h/LONG @ 0056CA87 (address-of global)	-
