convention_apply	receiver_type_apply	receiver_type_cleanup	receiver_role_apply	receiver_role_cleanup	address	expected_name	expected_name_source	expected_signature	expected_signature_source	expected_calling_convention	proposed_calling_convention	receiver_type_name	receiver_type_path	observed_size	group_members	vtable_slots	calls	ecx_pointer_setup	ecx_scalar_setup	ecx_live_prior	caller_cleanup_calls	expected_stack_bytes	confidence	reason	analysis_version
0	0	0	0	0	0040C080	FUN_0040c080	DEFAULT	undefined4 * __thiscall FUN_0040c080(void * this, uint param_1, DArrayTy * param_2)	ANALYSIS	__thiscall	__thiscall	RecoveredReceiver_0040C080	/SubmarineTitans/Recovered/HiddenThis/RecoveredReceiver_0040C080	4	2		1	1	0	0	0	8	medium	incoming_receiver_captures=1; entry_receiver_register_captures=1; receiver_accesses=0; receiver_bulk_copies=0; incoming_edx_uses=0; calls=1; ecx_pointer_setup=1; ecx_scalar_setup=0; caller_cleanup_calls=0; callee_ret_pop=[8]; expected_stack=8; receiver_family_members=2; same_this_callees=3; adopt_untyped_existing_thiscall	3
0	0	0	0	0	00415B30	sub_00415B30	ANALYSIS	undefined4 __thiscall sub_00415B30(void * this, short param_1, short param_2, short param_3, short param_4, short param_5, short param_6, byte param_7)	ANALYSIS	__thiscall	__thiscall	RecoveredReceiver_00415B30	/SubmarineTitans/Recovered/HiddenThis/RecoveredReceiver_00415B30	130	1		45	45	0	0	0	28	medium	incoming_receiver_captures=0; entry_receiver_register_captures=1; receiver_accesses=34; receiver_bulk_copies=0; incoming_edx_uses=0; calls=45; ecx_pointer_setup=45; ecx_scalar_setup=0; caller_cleanup_calls=0; callee_ret_pop=[28]; expected_stack=28; receiver_family_members=1; same_this_callees=0; single_function_field_only_receiver_kept_neutral; adopt_untyped_existing_thiscall	3
0	0	0	0	0	00416240	sub_00416240	ANALYSIS	void __thiscall sub_00416240(void * this, ushort param_1, short param_2, ushort param_3)	ANALYSIS	__thiscall	__thiscall	RecoveredReceiver_00416240	/SubmarineTitans/Recovered/HiddenThis/RecoveredReceiver_00416240	855	2		27	27	0	0	0	12	medium	incoming_receiver_captures=0; entry_receiver_register_captures=0; receiver_accesses=3; receiver_bulk_copies=0; incoming_edx_uses=0; calls=27; ecx_pointer_setup=27; ecx_scalar_setup=0; caller_cleanup_calls=0; callee_ret_pop=[12]; expected_stack=12; receiver_family_members=2; same_this_callees=0; adopt_untyped_existing_thiscall	3
0	0	0	0	0	00416270	FUN_00416270	DEFAULT	undefined __thiscall FUN_00416270(void * this, uint * param_1, short * param_2, short * param_3)	ANALYSIS	__thiscall	__thiscall	RecoveredReceiver_00416270	/SubmarineTitans/Recovered/HiddenThis/RecoveredReceiver_00416270	746	4		56	53	0	1	0	12	medium	incoming_receiver_captures=0; entry_receiver_register_captures=0; receiver_accesses=3; receiver_bulk_copies=0; incoming_edx_uses=0; calls=56; ecx_pointer_setup=53; ecx_scalar_setup=0; caller_cleanup_calls=0; callee_ret_pop=[12]; expected_stack=12; receiver_family_members=4; same_this_callees=0; adopt_untyped_existing_thiscall	3
0	0	0	0	0	004167A0	sub_004167A0	ANALYSIS	void __thiscall sub_004167A0(void * this)	ANALYSIS	__thiscall	__thiscall	RecoveredReceiver_004167A0	/SubmarineTitans/Recovered/HiddenThis/RecoveredReceiver_004167A0	1032	6	0x10	18	16	0	1	0	0	medium	incoming_receiver_captures=0; entry_receiver_register_captures=1; receiver_accesses=4; receiver_bulk_copies=0; incoming_edx_uses=0; calls=18; ecx_pointer_setup=16; ecx_scalar_setup=0; caller_cleanup_calls=0; callee_ret_pop=[0]; expected_stack=0; receiver_family_members=6; same_this_callees=1; adopt_untyped_existing_thiscall	3
0	0	0	0	0	00416840	FUN_00416840	DEFAULT	void __thiscall FUN_00416840(void * this, undefined2 * param_1, undefined2 * param_2, undefined2 * param_3)	ANALYSIS	__thiscall	__thiscall	RecoveredReceiver_00416840	/SubmarineTitans/Recovered/HiddenThis/RecoveredReceiver_00416840	215	1		4	4	0	0	0	12	medium	incoming_receiver_captures=0; entry_receiver_register_captures=0; receiver_accesses=6; receiver_bulk_copies=0; incoming_edx_uses=0; calls=4; ecx_pointer_setup=4; ecx_scalar_setup=0; caller_cleanup_calls=0; callee_ret_pop=[12]; expected_stack=12; receiver_family_members=1; same_this_callees=0; single_function_field_only_receiver_kept_neutral; adopt_untyped_existing_thiscall	3
0	0	0	0	0	00417740	FUN_00417740	DEFAULT	undefined4 __thiscall FUN_00417740(void * this, short param_1, short param_2)	ANALYSIS	__thiscall	__thiscall	RecoveredReceiver_00417740	/SubmarineTitans/Recovered/HiddenThis/RecoveredReceiver_00417740	244	1		7	7	0	0	0	8	medium	incoming_receiver_captures=0; entry_receiver_register_captures=0; receiver_accesses=7; receiver_bulk_copies=0; incoming_edx_uses=0; calls=7; ecx_pointer_setup=7; ecx_scalar_setup=0; caller_cleanup_calls=0; callee_ret_pop=[8]; expected_stack=8; receiver_family_members=1; same_this_callees=0; single_function_field_only_receiver_kept_neutral; adopt_untyped_existing_thiscall	3
0	0	0	0	0	00417A00	FUN_00417a00	DEFAULT	void __thiscall FUN_00417a00(void * this, byte param_1)	ANALYSIS	__thiscall	__thiscall	RecoveredReceiver_00417A00	/SubmarineTitans/Recovered/HiddenThis/RecoveredReceiver_00417A00	143	1		6	6	0	0	0	4	medium	incoming_receiver_captures=0; entry_receiver_register_captures=0; receiver_accesses=1; receiver_bulk_copies=0; incoming_edx_uses=0; calls=6; ecx_pointer_setup=6; ecx_scalar_setup=0; caller_cleanup_calls=0; callee_ret_pop=[4]; expected_stack=4; receiver_family_members=1; same_this_callees=0; single_function_field_only_receiver_kept_neutral; adopt_untyped_existing_thiscall	3
0	0	0	0	0	00417A20	FUN_00417a20	DEFAULT	undefined4 __thiscall FUN_00417a20(void * this, short param_1, short param_2, short param_3, int param_4)	ANALYSIS	__thiscall	__thiscall	RecoveredReceiver_00417A20	/SubmarineTitans/Recovered/HiddenThis/RecoveredReceiver_00417A20	143	1		16	16	0	0	0	16	medium	incoming_receiver_captures=0; entry_receiver_register_captures=1; receiver_accesses=14; receiver_bulk_copies=0; incoming_edx_uses=0; calls=16; ecx_pointer_setup=16; ecx_scalar_setup=0; caller_cleanup_calls=0; callee_ret_pop=[16]; expected_stack=16; receiver_family_members=1; same_this_callees=0; single_function_field_only_receiver_kept_neutral; adopt_untyped_existing_thiscall	3
0	0	0	0	0	00417E70	FUN_00417e70	DEFAULT	undefined4 __thiscall FUN_00417e70(void * this, short param_1)	ANALYSIS	__thiscall	__thiscall	RecoveredReceiver_00417E70	/SubmarineTitans/Recovered/HiddenThis/RecoveredReceiver_00417E70	735	3	0xD8	8	7	0	1	0	4	medium	incoming_receiver_captures=0; entry_receiver_register_captures=0; receiver_accesses=2; receiver_bulk_copies=0; incoming_edx_uses=0; calls=8; ecx_pointer_setup=7; ecx_scalar_setup=0; caller_cleanup_calls=0; callee_ret_pop=[4]; expected_stack=4; receiver_family_members=3; same_this_callees=0; adopt_untyped_existing_thiscall	3
0	0	0	0	0	00417EE0	FUN_00417ee0	DEFAULT	undefined4 __thiscall FUN_00417ee0(void * this, short param_1)	ANALYSIS	__thiscall	__thiscall	RecoveredReceiver_00417EE0	/SubmarineTitans/Recovered/HiddenThis/RecoveredReceiver_00417EE0	136	1		6	6	0	0	0	4	medium	incoming_receiver_captures=0; entry_receiver_register_captures=0; receiver_accesses=2; receiver_bulk_copies=0; incoming_edx_uses=0; calls=6; ecx_pointer_setup=6; ecx_scalar_setup=0; caller_cleanup_calls=0; callee_ret_pop=[4]; expected_stack=4; receiver_family_members=1; same_this_callees=0; single_function_field_only_receiver_kept_neutral; adopt_untyped_existing_thiscall	3
0	0	0	0	0	00417F30	FUN_00417f30	DEFAULT	bool __thiscall FUN_00417f30(void * this, short param_1, short param_2, short param_3)	ANALYSIS	__thiscall	__thiscall	RecoveredReceiver_00417F30	/SubmarineTitans/Recovered/HiddenThis/RecoveredReceiver_00417F30	143	1		1	0	0	0	0	12	review	incoming_receiver_captures=1; entry_receiver_register_captures=0; receiver_accesses=1; receiver_bulk_copies=0; incoming_edx_uses=0; calls=1; ecx_pointer_setup=0; ecx_scalar_setup=0; caller_cleanup_calls=0; callee_ret_pop=[12]; expected_stack=12; receiver_family_members=1; same_this_callees=0; single_function_field_only_receiver_kept_neutral; adopt_untyped_existing_thiscall	3
0	0	0	0	0	00417FF0	FUN_00417ff0	DEFAULT	void __thiscall FUN_00417ff0(void * this, byte param_1)	ANALYSIS	__thiscall	__thiscall	RecoveredReceiver_004167A0	/SubmarineTitans/Recovered/HiddenThis/RecoveredReceiver_004167A0	1032	6	0x10	13	8	0	1	0	4	medium	incoming_receiver_captures=0; entry_receiver_register_captures=0; receiver_accesses=1; receiver_bulk_copies=0; incoming_edx_uses=0; calls=13; ecx_pointer_setup=8; ecx_scalar_setup=0; caller_cleanup_calls=0; callee_ret_pop=[4]; expected_stack=4; receiver_family_members=6; same_this_callees=0; adopt_untyped_existing_thiscall	3
0	0	0	0	0	00418010	FUN_00418010	DEFAULT	void __thiscall FUN_00418010(void * this, byte param_1)	ANALYSIS	__thiscall	__thiscall	RecoveredReceiver_004167A0	/SubmarineTitans/Recovered/HiddenThis/RecoveredReceiver_004167A0	1032	6	0x10	11	11	0	0	0	4	medium	incoming_receiver_captures=0; entry_receiver_register_captures=0; receiver_accesses=1; receiver_bulk_copies=0; incoming_edx_uses=0; calls=11; ecx_pointer_setup=11; ecx_scalar_setup=0; caller_cleanup_calls=0; callee_ret_pop=[4]; expected_stack=4; receiver_family_members=6; same_this_callees=0; adopt_untyped_existing_thiscall	3
0	0	0	0	0	00418030	SubmarineTitans::Recovered::HiddenThis::RecoveredReceiver_004167A0::FUN_00418030	DEFAULT	undefined4 __thiscall FUN_00418030(RecoveredReceiver_004167A0 * this, short param_1, short param_2, short param_3)	ANALYSIS	__thiscall	__thiscall	RecoveredReceiver_004167A0	/SubmarineTitans/Recovered/HiddenThis/RecoveredReceiver_004167A0	1032	6	0x10	15	15	0	0	0	12	high	incoming_receiver_captures=1; entry_receiver_register_captures=1; receiver_accesses=37; receiver_bulk_copies=0; incoming_edx_uses=0; calls=15; ecx_pointer_setup=15; ecx_scalar_setup=0; caller_cleanup_calls=0; callee_ret_pop=[12]; expected_stack=12; receiver_family_members=6; same_this_callees=1; previously_applied	3
0	0	0	0	0	00419C50	FUN_00419c50	DEFAULT	void __thiscall FUN_00419c50(void * this, ushort param_1)	ANALYSIS	__thiscall	__thiscall	RecoveredReceiver_00419C50	/SubmarineTitans/Recovered/HiddenThis/RecoveredReceiver_00419C50	52	1		6	6	0	0	0	4	medium	incoming_receiver_captures=0; entry_receiver_register_captures=0; receiver_accesses=1; receiver_bulk_copies=0; incoming_edx_uses=0; calls=6; ecx_pointer_setup=6; ecx_scalar_setup=0; caller_cleanup_calls=0; callee_ret_pop=[4]; expected_stack=4; receiver_family_members=1; same_this_callees=0; single_function_field_only_receiver_kept_neutral; adopt_untyped_existing_thiscall	3
0	0	0	0	0	0041AE40	FUN_0041ae40	DEFAULT	undefined __thiscall FUN_0041ae40(void * this, undefined4 * param_1)	ANALYSIS	__thiscall	__thiscall	RecoveredReceiver_0041AE40	/SubmarineTitans/Recovered/HiddenThis/RecoveredReceiver_0041AE40	28	1		1	0	0	0	0	4	review	incoming_receiver_captures=0; entry_receiver_register_captures=1; receiver_accesses=1; receiver_bulk_copies=0; incoming_edx_uses=0; calls=1; ecx_pointer_setup=0; ecx_scalar_setup=0; caller_cleanup_calls=0; callee_ret_pop=[4]; expected_stack=4; receiver_family_members=1; same_this_callees=0; single_function_field_only_receiver_kept_neutral; adopt_untyped_existing_thiscall	3
0	0	0	0	0	0041C380	FUN_0041c380	DEFAULT	undefined __thiscall FUN_0041c380(void * this, SoundPlayMode mode, int soundId)	ANALYSIS	__thiscall	__thiscall	RecoveredReceiver_0041C380	/SubmarineTitans/Recovered/HiddenThis/RecoveredReceiver_0041C380	75	1		1	0	0	0	0	8	review	incoming_receiver_captures=0; entry_receiver_register_captures=0; receiver_accesses=3; receiver_bulk_copies=0; incoming_edx_uses=0; calls=1; ecx_pointer_setup=0; ecx_scalar_setup=0; caller_cleanup_calls=0; callee_ret_pop=[8]; expected_stack=8; receiver_family_members=1; same_this_callees=0; single_function_field_only_receiver_kept_neutral; adopt_untyped_existing_thiscall	3
0	0	0	0	0	0041C5A0	sub_0041C5A0	ANALYSIS	undefined __thiscall sub_0041C5A0(void * this)	ANALYSIS	__thiscall	__thiscall	RecoveredReceiver_0041C5A0	/SubmarineTitans/Recovered/HiddenThis/RecoveredReceiver_0041C5A0	545	3	0x4,0x2C	18	15	0	2	0	0	medium	incoming_receiver_captures=0; entry_receiver_register_captures=1; receiver_accesses=21; receiver_bulk_copies=0; incoming_edx_uses=0; calls=18; ecx_pointer_setup=15; ecx_scalar_setup=0; caller_cleanup_calls=0; callee_ret_pop=[0]; expected_stack=0; receiver_family_members=3; same_this_callees=0; adopt_untyped_existing_thiscall	3
0	0	0	0	0	0041C6E0	FUN_0041c6e0	DEFAULT	undefined __thiscall FUN_0041c6e0(void * this, undefined * param_1)	ANALYSIS	__thiscall	__thiscall	RecoveredReceiver_0041C5A0	/SubmarineTitans/Recovered/HiddenThis/RecoveredReceiver_0041C5A0	545	3	0x4,0x2C	1	1	0	0	0	4	medium	incoming_receiver_captures=0; entry_receiver_register_captures=1; receiver_accesses=0; receiver_bulk_copies=0; incoming_edx_uses=0; calls=1; ecx_pointer_setup=1; ecx_scalar_setup=0; caller_cleanup_calls=0; callee_ret_pop=[4]; expected_stack=4; receiver_family_members=3; same_this_callees=2; adopt_untyped_existing_thiscall	3
0	0	0	0	0	0041CE40	FUN_0041ce40	DEFAULT	void __thiscall FUN_0041ce40(void * this, int param_1)	ANALYSIS	__thiscall	__thiscall	RecoveredReceiver_0041CE40	/SubmarineTitans/Recovered/HiddenThis/RecoveredReceiver_0041CE40	1476	3	0x8,0x2C,0x90	3	3	0	0	0	4	medium	incoming_receiver_captures=0; entry_receiver_register_captures=1; receiver_accesses=13; receiver_bulk_copies=0; incoming_edx_uses=0; calls=3; ecx_pointer_setup=3; ecx_scalar_setup=0; caller_cleanup_calls=0; callee_ret_pop=[4]; expected_stack=4; receiver_family_members=3; same_this_callees=0; adopt_untyped_existing_thiscall	3
0	0	0	0	0	0041CFF0	FUN_0041cff0	DEFAULT	undefined __thiscall FUN_0041cff0(void * this, int param_1)	ANALYSIS	__thiscall	__thiscall	RecoveredReceiver_0041CFF0	/SubmarineTitans/Recovered/HiddenThis/RecoveredReceiver_0041CFF0	269	1	0x8	1	1	0	0	0	4	medium	incoming_receiver_captures=0; entry_receiver_register_captures=1; receiver_accesses=13; receiver_bulk_copies=0; incoming_edx_uses=0; calls=1; ecx_pointer_setup=1; ecx_scalar_setup=0; caller_cleanup_calls=0; callee_ret_pop=[4]; expected_stack=4; receiver_family_members=1; same_this_callees=0; adopt_untyped_existing_thiscall	3
0	0	0	0	0	0041D350	FUN_0041d350	DEFAULT	int __thiscall FUN_0041d350(void * this, uint param_1)	ANALYSIS	__thiscall	__thiscall	RecoveredReceiver_0041D350	/SubmarineTitans/Recovered/HiddenThis/RecoveredReceiver_0041D350	95	1		5	5	0	0	0	4	medium	incoming_receiver_captures=0; entry_receiver_register_captures=0; receiver_accesses=2; receiver_bulk_copies=0; incoming_edx_uses=0; calls=5; ecx_pointer_setup=5; ecx_scalar_setup=0; caller_cleanup_calls=0; callee_ret_pop=[4]; expected_stack=4; receiver_family_members=1; same_this_callees=0; single_function_field_only_receiver_kept_neutral; adopt_untyped_existing_thiscall	3
0	0	0	0	0	0041D3E0	FUN_0041d3e0	DEFAULT	undefined __thiscall FUN_0041d3e0(void * this, int param_1)	ANALYSIS	__thiscall	__thiscall	RecoveredReceiver_0041D3E0	/SubmarineTitans/Recovered/HiddenThis/RecoveredReceiver_0041D3E0	277	1	0x8	1	0	0	0	0	4	review	incoming_receiver_captures=0; entry_receiver_register_captures=1; receiver_accesses=13; receiver_bulk_copies=0; incoming_edx_uses=0; calls=1; ecx_pointer_setup=0; ecx_scalar_setup=0; caller_cleanup_calls=0; callee_ret_pop=[4]; expected_stack=4; receiver_family_members=1; same_this_callees=0; adopt_untyped_existing_thiscall	3
0	0	0	0	0	0041D900	FUN_0041d900	DEFAULT	void __thiscall FUN_0041d900(void * this, short param_1, short param_2, short param_3)	ANALYSIS	__thiscall	__thiscall	RecoveredReceiver_0041D900	/SubmarineTitans/Recovered/HiddenThis/RecoveredReceiver_0041D900	48	1		3	3	0	0	0	12	medium	incoming_receiver_captures=0; entry_receiver_register_captures=0; receiver_accesses=1; receiver_bulk_copies=0; incoming_edx_uses=0; calls=3; ecx_pointer_setup=3; ecx_scalar_setup=0; caller_cleanup_calls=0; callee_ret_pop=[12]; expected_stack=12; receiver_family_members=1; same_this_callees=0; single_function_field_only_receiver_kept_neutral; adopt_untyped_existing_thiscall	3
0	0	0	0	0	0041DD00	FUN_0041dd00	DEFAULT	undefined __thiscall FUN_0041dd00(void * this, int param_1)	ANALYSIS	__thiscall	__thiscall	RecoveredReceiver_0041DD00	/SubmarineTitans/Recovered/HiddenThis/RecoveredReceiver_0041DD00	545	1	0x2C	3	3	0	0	0	4	medium	incoming_receiver_captures=0; entry_receiver_register_captures=1; receiver_accesses=37; receiver_bulk_copies=0; incoming_edx_uses=0; calls=3; ecx_pointer_setup=3; ecx_scalar_setup=0; caller_cleanup_calls=0; callee_ret_pop=[4]; expected_stack=4; receiver_family_members=1; same_this_callees=1; adopt_untyped_existing_thiscall	3
0	0	0	0	0	00422E20	FUN_00422e20	DEFAULT	undefined __thiscall FUN_00422e20(void * this, byte param_1)	ANALYSIS	__thiscall	__thiscall	RecoveredReceiver_0041C5A0	/SubmarineTitans/Recovered/HiddenThis/RecoveredReceiver_0041C5A0	545	3	0x4,0x2C	1	0	0	0	0	4	review	incoming_receiver_captures=0; entry_receiver_register_captures=1; receiver_accesses=22; receiver_bulk_copies=0; incoming_edx_uses=0; calls=1; ecx_pointer_setup=0; ecx_scalar_setup=0; caller_cleanup_calls=0; callee_ret_pop=[4]; expected_stack=4; receiver_family_members=3; same_this_callees=1; adopt_untyped_existing_thiscall	3
0	0	0	0	0	00422FF0	FUN_00422ff0	DEFAULT	undefined __thiscall FUN_00422ff0(void * this, byte param_1)	ANALYSIS	__thiscall	__thiscall	RecoveredReceiver_0041AEE0	/SubmarineTitans/Recovered/HiddenThis/RecoveredReceiver_0041AEE0	545	3	0x4	1	0	0	0	0	4	review	incoming_receiver_captures=0; entry_receiver_register_captures=1; receiver_accesses=16; receiver_bulk_copies=0; incoming_edx_uses=0; calls=1; ecx_pointer_setup=0; ecx_scalar_setup=0; caller_cleanup_calls=0; callee_ret_pop=[4]; expected_stack=4; receiver_family_members=3; same_this_callees=3; adopt_untyped_existing_thiscall	3
0	0	0	0	0	00423220	FUN_00423220	DEFAULT	int __thiscall FUN_00423220(void * this, int * param_1, int param_2)	ANALYSIS	__thiscall	__thiscall	RecoveredReceiver_00423220	/SubmarineTitans/Recovered/HiddenThis/RecoveredReceiver_00423220	4	1		3	2	1	0	0	8	review	incoming_receiver_captures=0; entry_receiver_register_captures=0; receiver_accesses=2; receiver_bulk_copies=0; incoming_edx_uses=0; calls=3; ecx_pointer_setup=2; ecx_scalar_setup=1; caller_cleanup_calls=0; callee_ret_pop=[8]; expected_stack=8; receiver_family_members=1; same_this_callees=0; single_function_field_only_receiver_kept_neutral; adopt_untyped_existing_thiscall	3
0	0	0	0	0	00423320	FUN_00423320	DEFAULT	undefined __thiscall FUN_00423320(void * this, undefined4 param_1)	ANALYSIS	__thiscall	__thiscall	RecoveredReceiver_00423320	/SubmarineTitans/Recovered/HiddenThis/RecoveredReceiver_00423320	32	1		1	1	0	0	0	4	medium	incoming_receiver_captures=0; entry_receiver_register_captures=0; receiver_accesses=1; receiver_bulk_copies=0; incoming_edx_uses=0; calls=1; ecx_pointer_setup=1; ecx_scalar_setup=0; caller_cleanup_calls=0; callee_ret_pop=[4]; expected_stack=4; receiver_family_members=1; same_this_callees=0; single_function_field_only_receiver_kept_neutral; adopt_untyped_existing_thiscall	3
0	0	0	0	0	004237D0	FUN_004237d0	DEFAULT	undefined4 __thiscall FUN_004237d0(void * this, short param_1)	ANALYSIS	__thiscall	__thiscall	RecoveredReceiver_004237D0	/SubmarineTitans/Recovered/HiddenThis/RecoveredReceiver_004237D0	45	1		1	1	0	0	0	4	medium	incoming_receiver_captures=0; entry_receiver_register_captures=1; receiver_accesses=2; receiver_bulk_copies=0; incoming_edx_uses=0; calls=1; ecx_pointer_setup=1; ecx_scalar_setup=0; caller_cleanup_calls=0; callee_ret_pop=[4]; expected_stack=4; receiver_family_members=1; same_this_callees=0; single_function_field_only_receiver_kept_neutral; adopt_untyped_existing_thiscall	3
0	0	0	0	0	00423C70	FUN_00423c70	DEFAULT	undefined4 __thiscall FUN_00423c70(void * this, short param_1)	ANALYSIS	__thiscall	__thiscall	RecoveredReceiver_00423C70	/SubmarineTitans/Recovered/HiddenThis/RecoveredReceiver_00423C70	45	1		1	1	0	0	0	4	medium	incoming_receiver_captures=0; entry_receiver_register_captures=1; receiver_accesses=2; receiver_bulk_copies=0; incoming_edx_uses=0; calls=1; ecx_pointer_setup=1; ecx_scalar_setup=0; caller_cleanup_calls=0; callee_ret_pop=[4]; expected_stack=4; receiver_family_members=1; same_this_callees=0; single_function_field_only_receiver_kept_neutral; adopt_untyped_existing_thiscall	3
0	0	0	0	0	00423D80	FUN_00423d80	DEFAULT	undefined4 __thiscall FUN_00423d80(void * this, DArrayTy * groupContent)	ANALYSIS	__thiscall	__thiscall	RecoveredReceiver_00423D80	/SubmarineTitans/Recovered/HiddenThis/RecoveredReceiver_00423D80	4	1	0x4	2	1	0	0	0	4	medium	incoming_receiver_captures=0; entry_receiver_register_captures=1; receiver_accesses=1; receiver_bulk_copies=0; incoming_edx_uses=0; calls=2; ecx_pointer_setup=1; ecx_scalar_setup=0; caller_cleanup_calls=0; callee_ret_pop=[4]; expected_stack=4; receiver_family_members=1; same_this_callees=0; adopt_untyped_existing_thiscall	3
0	0	0	0	0	00424530	FUN_00424530	DEFAULT	undefined __thiscall FUN_00424530(void * this, uint param_1)	ANALYSIS	__thiscall	__thiscall	RecoveredReceiver_00424530	/SubmarineTitans/Recovered/HiddenThis/RecoveredReceiver_00424530	57	1		1	1	0	0	0	4	medium	incoming_receiver_captures=0; entry_receiver_register_captures=1; receiver_accesses=13; receiver_bulk_copies=0; incoming_edx_uses=0; calls=1; ecx_pointer_setup=1; ecx_scalar_setup=0; caller_cleanup_calls=0; callee_ret_pop=[4]; expected_stack=4; receiver_family_members=1; same_this_callees=0; single_function_field_only_receiver_kept_neutral; adopt_untyped_existing_thiscall	3
0	0	0	0	0	00424620	FUN_00424620	DEFAULT	undefined __thiscall FUN_00424620(void * this, uint param_1)	ANALYSIS	__thiscall	__thiscall	RecoveredReceiver_00424620	/SubmarineTitans/Recovered/HiddenThis/RecoveredReceiver_00424620	57	1		1	1	0	0	0	4	medium	incoming_receiver_captures=0; entry_receiver_register_captures=1; receiver_accesses=13; receiver_bulk_copies=0; incoming_edx_uses=0; calls=1; ecx_pointer_setup=1; ecx_scalar_setup=0; caller_cleanup_calls=0; callee_ret_pop=[4]; expected_stack=4; receiver_family_members=1; same_this_callees=0; single_function_field_only_receiver_kept_neutral; adopt_untyped_existing_thiscall	3
0	0	0	0	0	004248A0	FUN_004248a0	DEFAULT	undefined __thiscall FUN_004248a0(void * this, undefined4 param_1)	ANALYSIS	__thiscall	__thiscall	RecoveredReceiver_004248A0	/SubmarineTitans/Recovered/HiddenThis/RecoveredReceiver_004248A0	45	1		0	0	0	0	0	4	review	incoming_receiver_captures=0; entry_receiver_register_captures=0; receiver_accesses=2; receiver_bulk_copies=0; incoming_edx_uses=0; calls=0; ecx_pointer_setup=0; ecx_scalar_setup=0; caller_cleanup_calls=0; callee_ret_pop=[4]; expected_stack=4; receiver_family_members=1; same_this_callees=0; single_function_field_only_receiver_kept_neutral; adopt_untyped_existing_thiscall	3
0	0	0	0	0	004248D0	sub_004248D0	ANALYSIS	int __thiscall sub_004248D0(void * this, AnonShape_004248D0_EC5B8AAC * param_1, int param_2, int param_3, int param_4, Global_sub_004248D0_param_5Enum param_5, Global_sub_004248D0_param_6Enum param_6)	ANALYSIS	__thiscall	__thiscall	RecoveredReceiver_004248D0	/SubmarineTitans/Recovered/HiddenThis/RecoveredReceiver_004248D0	988	4		53	53	0	0	0	24	medium	incoming_receiver_captures=0; entry_receiver_register_captures=0; receiver_accesses=16; receiver_bulk_copies=0; incoming_edx_uses=0; calls=53; ecx_pointer_setup=53; ecx_scalar_setup=0; caller_cleanup_calls=0; callee_ret_pop=[24]; expected_stack=24; receiver_family_members=4; same_this_callees=0; adopt_untyped_existing_thiscall	3
0	0	0	0	0	00424E10	SubmarineTitans::Recovered::HiddenThis::RecoveredReceiver_004248D0::FUN_00424e10	DEFAULT	int __thiscall FUN_00424e10(RecoveredReceiver_004248D0 * this, int param_1, float param_2, float param_3, float param_4, int param_5, int param_6, int * param_7)	ANALYSIS	__thiscall	__thiscall	RecoveredReceiver_004248D0	/SubmarineTitans/Recovered/HiddenThis/RecoveredReceiver_004248D0	988	4		7	7	0	0	0	28	high	incoming_receiver_captures=1; entry_receiver_register_captures=1; receiver_accesses=36; receiver_bulk_copies=0; incoming_edx_uses=0; calls=7; ecx_pointer_setup=7; ecx_scalar_setup=0; caller_cleanup_calls=0; callee_ret_pop=[28]; expected_stack=28; receiver_family_members=4; same_this_callees=2; previously_applied	3
0	0	0	0	0	00427BB0	SubmarineTitans::Recovered::HiddenThis::RecoveredReceiver_004248D0::FUN_00427bb0	DEFAULT	undefined4 __thiscall FUN_00427bb0(RecoveredReceiver_004248D0 * this, int param_1, int param_2, int param_3)	ANALYSIS	__thiscall	__thiscall	RecoveredReceiver_004248D0	/SubmarineTitans/Recovered/HiddenThis/RecoveredReceiver_004248D0	988	4		5	5	0	0	0	12	high	incoming_receiver_captures=1; entry_receiver_register_captures=0; receiver_accesses=3; receiver_bulk_copies=0; incoming_edx_uses=0; calls=5; ecx_pointer_setup=5; ecx_scalar_setup=0; caller_cleanup_calls=0; callee_ret_pop=[12]; expected_stack=12; receiver_family_members=4; same_this_callees=2; previously_applied	3
0	0	0	0	0	00427F20	FUN_00427f20	DEFAULT	int __thiscall FUN_00427f20(void * this, float param_1, float param_2, float param_3, int param_4, int param_5, int * param_6)	ANALYSIS	__thiscall	__thiscall	RecoveredReceiver_004248D0	/SubmarineTitans/Recovered/HiddenThis/RecoveredReceiver_004248D0	988	4		1	0	0	1	0	24	review	incoming_receiver_captures=1; entry_receiver_register_captures=1; receiver_accesses=14; receiver_bulk_copies=0; incoming_edx_uses=0; calls=1; ecx_pointer_setup=0; ecx_scalar_setup=0; caller_cleanup_calls=0; callee_ret_pop=[24]; expected_stack=24; receiver_family_members=4; same_this_callees=2; adopt_untyped_existing_thiscall	3
0	0	0	0	0	0042D770	FUN_0042d770	DEFAULT	uint __stdcall FUN_0042d770(STAllPlayersC * context, char param_2, int * param_3)	ANALYSIS	__stdcall	__thiscall	RecoveredReceiver_0042B760	/SubmarineTitans/Recovered/HiddenThis/RecoveredReceiver_0042B760	4	3		1	1	0	0	0	12	medium	incoming_receiver_captures=1; entry_receiver_register_captures=0; receiver_accesses=0; receiver_bulk_copies=0; incoming_edx_uses=0; calls=1; ecx_pointer_setup=1; ecx_scalar_setup=0; caller_cleanup_calls=0; callee_ret_pop=[8]; expected_stack=12; receiver_family_members=3; same_this_callees=2; stack_discipline_mismatch	3
0	0	0	0	0	004353B0	FUN_004353b0	DEFAULT	undefined __stdcall FUN_004353b0(uint param_1, uint param_2, uint param_3)	ANALYSIS	__stdcall	__thiscall	RecoveredReceiver_004353B0	/SubmarineTitans/Recovered/HiddenThis/RecoveredReceiver_004353B0	4	2		1	1	0	0	0	12	medium	incoming_receiver_captures=0; entry_receiver_register_captures=1; receiver_accesses=0; receiver_bulk_copies=0; incoming_edx_uses=0; calls=1; ecx_pointer_setup=1; ecx_scalar_setup=0; caller_cleanup_calls=0; callee_ret_pop=[12]; expected_stack=12; receiver_family_members=2; same_this_callees=2	3
0	0	0	0	0	00435B90	FUN_00435b90	DEFAULT	short __stdcall FUN_00435b90(uint param_1, DArrayTy * param_2, Global_sub_00435B90_param_3Enum param_3, int * param_4, undefined4 param_5, int * param_6)	ANALYSIS	__stdcall	__thiscall	RecoveredReceiver_00435B90	/SubmarineTitans/Recovered/HiddenThis/RecoveredReceiver_00435B90	4	1		1	1	0	0	0	24	medium	incoming_receiver_captures=0; entry_receiver_register_captures=1; receiver_accesses=0; receiver_bulk_copies=0; incoming_edx_uses=0; calls=1; ecx_pointer_setup=1; ecx_scalar_setup=0; caller_cleanup_calls=0; callee_ret_pop=[24]; expected_stack=24; receiver_family_members=1; same_this_callees=0; single_function_field_only_receiver_kept_neutral	3
0	0	0	0	0	00440820	FUN_00440820	DEFAULT	undefined __stdcall FUN_00440820(int param_1, undefined4 param_2)	ANALYSIS	__stdcall	__thiscall	RecoveredReceiver_004407A0	/SubmarineTitans/Recovered/HiddenThis/RecoveredReceiver_004407A0	4	2		1	1	0	0	0	8	medium	incoming_receiver_captures=0; entry_receiver_register_captures=1; receiver_accesses=0; receiver_bulk_copies=0; incoming_edx_uses=0; calls=1; ecx_pointer_setup=1; ecx_scalar_setup=0; caller_cleanup_calls=0; callee_ret_pop=[8]; expected_stack=8; receiver_family_members=2; same_this_callees=1	3
0	0	0	0	0	00444E70	FUN_00444e70	DEFAULT	undefined __thiscall FUN_00444e70(void * this, ushort * param_1)	ANALYSIS	__thiscall	__thiscall	RecoveredReceiver_00444E70	/SubmarineTitans/Recovered/HiddenThis/RecoveredReceiver_00444E70	32	1		1	1	0	0	0	4	medium	incoming_receiver_captures=0; entry_receiver_register_captures=0; receiver_accesses=1; receiver_bulk_copies=0; incoming_edx_uses=0; calls=1; ecx_pointer_setup=1; ecx_scalar_setup=0; caller_cleanup_calls=0; callee_ret_pop=[4]; expected_stack=4; receiver_family_members=1; same_this_callees=0; single_function_field_only_receiver_kept_neutral; adopt_untyped_existing_thiscall	3
0	0	0	0	0	00446A70	FUN_00446a70	DEFAULT	undefined __stdcall FUN_00446a70(STAllPlayersC * context)	ANALYSIS	__stdcall	__thiscall	RecoveredReceiver_00446A70	/SubmarineTitans/Recovered/HiddenThis/RecoveredReceiver_00446A70	4	1		1	1	0	0	0	4	medium	incoming_receiver_captures=0; entry_receiver_register_captures=1; receiver_accesses=0; receiver_bulk_copies=0; incoming_edx_uses=0; calls=1; ecx_pointer_setup=1; ecx_scalar_setup=0; caller_cleanup_calls=0; callee_ret_pop=[0]; expected_stack=4; receiver_family_members=1; same_this_callees=1; stack_discipline_mismatch; single_function_field_only_receiver_kept_neutral	3
0	0	0	0	0	0044D320	FUN_0044d320	DEFAULT	byte * __stdcall FUN_0044d320(STAllPlayersC * context, Global_sub_0044D320_param_1Enum param_2)	ANALYSIS	__stdcall	__thiscall	RecoveredReceiver_0044D320	/SubmarineTitans/Recovered/HiddenThis/RecoveredReceiver_0044D320	4	26		1	1	0	0	0	8	medium	incoming_receiver_captures=1; entry_receiver_register_captures=0; receiver_accesses=0; receiver_bulk_copies=0; incoming_edx_uses=0; calls=1; ecx_pointer_setup=1; ecx_scalar_setup=0; caller_cleanup_calls=0; callee_ret_pop=[4]; expected_stack=8; receiver_family_members=26; same_this_callees=2; stack_discipline_mismatch	3
0	0	0	0	0	0044E260	FUN_0044e260	DEFAULT	undefined __stdcall FUN_0044e260(STAllPlayersC * context, uint param_2, uint param_3, uint param_4, int * param_5)	ANALYSIS	__stdcall	__thiscall	RecoveredReceiver_0042B760	/SubmarineTitans/Recovered/HiddenThis/RecoveredReceiver_0042B760	4	3		1	1	0	0	0	20	medium	incoming_receiver_captures=0; entry_receiver_register_captures=1; receiver_accesses=0; receiver_bulk_copies=0; incoming_edx_uses=0; calls=1; ecx_pointer_setup=1; ecx_scalar_setup=0; caller_cleanup_calls=0; callee_ret_pop=[16]; expected_stack=20; receiver_family_members=3; same_this_callees=2; stack_discipline_mismatch	3
0	0	0	0	0	004602E0	FUN_004602e0	DEFAULT	undefined __thiscall FUN_004602e0(void * this, int param_1)	ANALYSIS	__thiscall	__thiscall	RecoveredReceiver_004602E0	/SubmarineTitans/Recovered/HiddenThis/RecoveredReceiver_004602E0	712	1		2	2	0	0	0	4	medium	incoming_receiver_captures=0; entry_receiver_register_captures=1; receiver_accesses=4; receiver_bulk_copies=0; incoming_edx_uses=0; calls=2; ecx_pointer_setup=2; ecx_scalar_setup=0; caller_cleanup_calls=0; callee_ret_pop=[4]; expected_stack=4; receiver_family_members=1; same_this_callees=1; single_function_field_only_receiver_kept_neutral; adopt_untyped_existing_thiscall	3
0	0	0	0	0	004603B0	FUN_004603b0	DEFAULT	int __thiscall FUN_004603b0(void * this, STTorpC * param_1)	ANALYSIS	__thiscall	__thiscall	RecoveredReceiver_004603B0	/SubmarineTitans/Recovered/HiddenThis/RecoveredReceiver_004603B0	2106	1	0x18	0	0	0	0	0	4	review	incoming_receiver_captures=0; entry_receiver_register_captures=1; receiver_accesses=32; receiver_bulk_copies=0; incoming_edx_uses=0; calls=0; ecx_pointer_setup=0; ecx_scalar_setup=0; caller_cleanup_calls=0; callee_ret_pop=[4]; expected_stack=4; receiver_family_members=1; same_this_callees=4; adopt_untyped_existing_thiscall	3
0	0	0	0	0	00462180	FUN_00462180	DEFAULT	int __thiscall FUN_00462180(void * this, int param_1)	ANALYSIS	__thiscall	__thiscall	RecoveredReceiver_00462180	/SubmarineTitans/Recovered/HiddenThis/RecoveredReceiver_00462180	2110	1		2	2	0	0	0	4	medium	incoming_receiver_captures=0; entry_receiver_register_captures=1; receiver_accesses=34; receiver_bulk_copies=0; incoming_edx_uses=0; calls=2; ecx_pointer_setup=2; ecx_scalar_setup=0; caller_cleanup_calls=0; callee_ret_pop=[4]; expected_stack=4; receiver_family_members=1; same_this_callees=1; single_function_field_only_receiver_kept_neutral; adopt_untyped_existing_thiscall	3
0	0	0	0	0	004658D0	FUN_004658d0	DEFAULT	int __thiscall FUN_004658d0(void * this, int param_1)	ANALYSIS	__thiscall	__thiscall	RecoveredReceiver_004658D0	/SubmarineTitans/Recovered/HiddenThis/RecoveredReceiver_004658D0	1179	1		2	2	0	0	0	4	medium	incoming_receiver_captures=0; entry_receiver_register_captures=1; receiver_accesses=1; receiver_bulk_copies=0; incoming_edx_uses=0; calls=2; ecx_pointer_setup=2; ecx_scalar_setup=0; caller_cleanup_calls=0; callee_ret_pop=[4]; expected_stack=4; receiver_family_members=1; same_this_callees=1; single_function_field_only_receiver_kept_neutral; adopt_untyped_existing_thiscall	3
0	0	0	0	0	004805B0	FUN_004805b0	DEFAULT	int __thiscall FUN_004805b0(void * this, int * param_1)	ANALYSIS	__thiscall	__thiscall	RecoveredReceiver_004805B0	/SubmarineTitans/Recovered/HiddenThis/RecoveredReceiver_004805B0	1779	1		23	23	0	0	0	4	medium	incoming_receiver_captures=0; entry_receiver_register_captures=0; receiver_accesses=1; receiver_bulk_copies=0; incoming_edx_uses=0; calls=23; ecx_pointer_setup=23; ecx_scalar_setup=0; caller_cleanup_calls=0; callee_ret_pop=[4]; expected_stack=4; receiver_family_members=1; same_this_callees=1; single_function_field_only_receiver_kept_neutral; adopt_untyped_existing_thiscall	3
0	0	0	0	0	00483830	FUN_00483830	DEFAULT	undefined __thiscall FUN_00483830(void * this, ushort param_1)	ANALYSIS	__thiscall	__thiscall	RecoveredReceiver_00483830	/SubmarineTitans/Recovered/HiddenThis/RecoveredReceiver_00483830	2036	1		0	0	0	0	0	4	review	incoming_receiver_captures=0; entry_receiver_register_captures=0; receiver_accesses=1; receiver_bulk_copies=0; incoming_edx_uses=0; calls=0; ecx_pointer_setup=0; ecx_scalar_setup=0; caller_cleanup_calls=0; callee_ret_pop=[4]; expected_stack=4; receiver_family_members=1; same_this_callees=0; single_function_field_only_receiver_kept_neutral; adopt_untyped_existing_thiscall	3
0	0	0	0	0	00486B60	FUN_00486b60	DEFAULT	undefined __thiscall FUN_00486b60(void * this, undefined1 * param_1)	ANALYSIS	__thiscall	__thiscall	RecoveredReceiver_00486B60	/SubmarineTitans/Recovered/HiddenThis/RecoveredReceiver_00486B60	1998	1	0x8,0x7C,0xC4	1	0	0	0	0	4	review	incoming_receiver_captures=0; entry_receiver_register_captures=1; receiver_accesses=21; receiver_bulk_copies=0; incoming_edx_uses=0; calls=1; ecx_pointer_setup=0; ecx_scalar_setup=0; caller_cleanup_calls=0; callee_ret_pop=[4]; expected_stack=4; receiver_family_members=1; same_this_callees=2; adopt_untyped_existing_thiscall	3
0	0	0	0	0	00486E20	FUN_00486e20	DEFAULT	undefined __thiscall FUN_00486e20(void * this, undefined4 * param_1)	ANALYSIS	__thiscall	__thiscall	RecoveredReceiver_00486E20	/SubmarineTitans/Recovered/HiddenThis/RecoveredReceiver_00486E20	1787	1	0x8	1	0	0	0	0	4	review	incoming_receiver_captures=0; entry_receiver_register_captures=1; receiver_accesses=7; receiver_bulk_copies=0; incoming_edx_uses=0; calls=1; ecx_pointer_setup=0; ecx_scalar_setup=0; caller_cleanup_calls=0; callee_ret_pop=[4]; expected_stack=4; receiver_family_members=1; same_this_callees=1; adopt_untyped_existing_thiscall	3
0	0	0	0	0	0048D650	FUN_0048d650	DEFAULT	int __thiscall FUN_0048d650(void * this, STFishC * param_1)	ANALYSIS	__thiscall	__thiscall	RecoveredReceiver_0048D650	/SubmarineTitans/Recovered/HiddenThis/RecoveredReceiver_0048D650	1227	1		4	4	0	0	0	4	medium	incoming_receiver_captures=0; entry_receiver_register_captures=1; receiver_accesses=6; receiver_bulk_copies=0; incoming_edx_uses=0; calls=4; ecx_pointer_setup=4; ecx_scalar_setup=0; caller_cleanup_calls=0; callee_ret_pop=[4]; expected_stack=4; receiver_family_members=1; same_this_callees=0; single_function_field_only_receiver_kept_neutral; adopt_untyped_existing_thiscall	3
0	0	0	0	0	0048D7C0	FUN_0048d7c0	DEFAULT	int __thiscall FUN_0048d7c0(void * this, STFishC * param_1)	ANALYSIS	__thiscall	__thiscall	RecoveredReceiver_0048D7C0	/SubmarineTitans/Recovered/HiddenThis/RecoveredReceiver_0048D7C0	1346	1		3	3	0	0	0	4	medium	incoming_receiver_captures=0; entry_receiver_register_captures=1; receiver_accesses=6; receiver_bulk_copies=0; incoming_edx_uses=0; calls=3; ecx_pointer_setup=3; ecx_scalar_setup=0; caller_cleanup_calls=0; callee_ret_pop=[4]; expected_stack=4; receiver_family_members=1; same_this_callees=0; single_function_field_only_receiver_kept_neutral; adopt_untyped_existing_thiscall	3
0	0	0	0	0	004907E0	FUN_004907e0	DEFAULT	undefined __thiscall FUN_004907e0(void * this, short * param_1, short * param_2, short * param_3)	ANALYSIS	__thiscall	__thiscall	RecoveredReceiver_0041DC40	/SubmarineTitans/Recovered/HiddenThis/RecoveredReceiver_0041DC40	684	3		0	0	0	0	0	12	review	incoming_receiver_captures=0; entry_receiver_register_captures=1; receiver_accesses=6; receiver_bulk_copies=0; incoming_edx_uses=0; calls=0; ecx_pointer_setup=0; ecx_scalar_setup=0; caller_cleanup_calls=0; callee_ret_pop=[12]; expected_stack=12; receiver_family_members=3; same_this_callees=1; adopt_untyped_existing_thiscall	3
0	0	0	0	0	004908A0	FUN_004908a0	DEFAULT	int __thiscall FUN_004908a0(void * this, STFishC * param_1, int param_2)	ANALYSIS	__thiscall	__thiscall	RecoveredReceiver_004908A0	/SubmarineTitans/Recovered/HiddenThis/RecoveredReceiver_004908A0	1394	1		3	3	0	0	0	8	medium	incoming_receiver_captures=0; entry_receiver_register_captures=1; receiver_accesses=6; receiver_bulk_copies=0; incoming_edx_uses=0; calls=3; ecx_pointer_setup=3; ecx_scalar_setup=0; caller_cleanup_calls=0; callee_ret_pop=[8]; expected_stack=8; receiver_family_members=1; same_this_callees=0; single_function_field_only_receiver_kept_neutral; adopt_untyped_existing_thiscall	3
0	0	0	0	0	00490A00	FUN_00490a00	DEFAULT	undefined __thiscall FUN_00490a00(void * this, short param_1, short param_2, short param_3)	ANALYSIS	__thiscall	__thiscall	RecoveredReceiver_00490A00	/SubmarineTitans/Recovered/HiddenThis/RecoveredReceiver_00490A00	1388	1		1	1	0	0	0	12	medium	incoming_receiver_captures=0; entry_receiver_register_captures=1; receiver_accesses=13; receiver_bulk_copies=0; incoming_edx_uses=0; calls=1; ecx_pointer_setup=1; ecx_scalar_setup=0; caller_cleanup_calls=0; callee_ret_pop=[12]; expected_stack=12; receiver_family_members=1; same_this_callees=0; single_function_field_only_receiver_kept_neutral; adopt_untyped_existing_thiscall	3
0	0	0	0	0	00490E00	FUN_00490e00	DEFAULT	undefined __thiscall FUN_00490e00(void * this, int param_1)	ANALYSIS	__thiscall	__thiscall	RecoveredReceiver_00490E00	/SubmarineTitans/Recovered/HiddenThis/RecoveredReceiver_00490E00	1858	1		0	0	0	0	0	4	review	incoming_receiver_captures=0; entry_receiver_register_captures=0; receiver_accesses=6; receiver_bulk_copies=0; incoming_edx_uses=0; calls=0; ecx_pointer_setup=0; ecx_scalar_setup=0; caller_cleanup_calls=0; callee_ret_pop=[4]; expected_stack=4; receiver_family_members=1; same_this_callees=0; single_function_field_only_receiver_kept_neutral; adopt_untyped_existing_thiscall	3
0	0	0	0	0	00492510	FUN_00492510	DEFAULT	void __thiscall FUN_00492510(void * this, int param_1)	ANALYSIS	__thiscall	__thiscall	RecoveredReceiver_00492510	/SubmarineTitans/Recovered/HiddenThis/RecoveredReceiver_00492510	1998	1		3	3	0	0	0	4	medium	incoming_receiver_captures=0; entry_receiver_register_captures=0; receiver_accesses=3; receiver_bulk_copies=0; incoming_edx_uses=0; calls=3; ecx_pointer_setup=3; ecx_scalar_setup=0; caller_cleanup_calls=0; callee_ret_pop=[4]; expected_stack=4; receiver_family_members=1; same_this_callees=1; single_function_field_only_receiver_kept_neutral; adopt_untyped_existing_thiscall	3
0	0	0	0	0	00492550	FUN_00492550	DEFAULT	int __thiscall FUN_00492550(void * this, short param_1, short param_2, short param_3, undefined2 * param_4, undefined2 * param_5, short * param_6)	ANALYSIS	__thiscall	__thiscall	RecoveredReceiver_00492550	/SubmarineTitans/Recovered/HiddenThis/RecoveredReceiver_00492550	143	1		3	3	0	0	0	24	medium	incoming_receiver_captures=1; entry_receiver_register_captures=0; receiver_accesses=1; receiver_bulk_copies=0; incoming_edx_uses=0; calls=3; ecx_pointer_setup=3; ecx_scalar_setup=0; caller_cleanup_calls=0; callee_ret_pop=[24]; expected_stack=24; receiver_family_members=1; same_this_callees=0; single_function_field_only_receiver_kept_neutral; adopt_untyped_existing_thiscall	3
0	0	0	0	0	00493110	FUN_00493110	DEFAULT	undefined __thiscall FUN_00493110(void * this, RecoveredRecordView_00493110_4613DF4C * param_1)	ANALYSIS	__thiscall	__thiscall	RecoveredReceiver_00493110	/SubmarineTitans/Recovered/HiddenThis/RecoveredReceiver_00493110	1990	1	0xB4	1	0	0	0	0	4	review	incoming_receiver_captures=0; entry_receiver_register_captures=1; receiver_accesses=10; receiver_bulk_copies=0; incoming_edx_uses=0; calls=1; ecx_pointer_setup=0; ecx_scalar_setup=0; caller_cleanup_calls=0; callee_ret_pop=[4]; expected_stack=4; receiver_family_members=1; same_this_callees=0; adopt_untyped_existing_thiscall	3
0	0	0	0	0	004934B0	FUN_004934b0	DEFAULT	undefined4 __thiscall FUN_004934b0(void * this, short * param_1, short * param_2, short * param_3, int * param_4)	ANALYSIS	__thiscall	__thiscall	RecoveredReceiver_004934B0	/SubmarineTitans/Recovered/HiddenThis/RecoveredReceiver_004934B0	77	1		7	7	0	0	0	16	medium	incoming_receiver_captures=0; entry_receiver_register_captures=1; receiver_accesses=4; receiver_bulk_copies=0; incoming_edx_uses=0; calls=7; ecx_pointer_setup=7; ecx_scalar_setup=0; caller_cleanup_calls=0; callee_ret_pop=[16]; expected_stack=16; receiver_family_members=1; same_this_callees=0; single_function_field_only_receiver_kept_neutral; adopt_untyped_existing_thiscall	3
0	0	0	0	0	00493610	SubmarineTitans::Recovered::HiddenThis::RecoveredReceiver_00493610::FUN_00493610	DEFAULT	undefined4 __thiscall FUN_00493610(RecoveredReceiver_00493610 * this, short * param_1, short * param_2, short * param_3)	ANALYSIS	__thiscall	__thiscall	RecoveredReceiver_00493610	/SubmarineTitans/Recovered/HiddenThis/RecoveredReceiver_00493610	1571	1		3	3	0	0	0	12	high	incoming_receiver_captures=1; entry_receiver_register_captures=0; receiver_accesses=9; receiver_bulk_copies=0; incoming_edx_uses=0; calls=3; ecx_pointer_setup=3; ecx_scalar_setup=0; caller_cleanup_calls=0; callee_ret_pop=[12]; expected_stack=12; receiver_family_members=1; same_this_callees=0; single_function_field_only_receiver_kept_neutral; previously_applied	3
0	0	0	0	0	00494160	FUN_00494160	DEFAULT	undefined __thiscall FUN_00494160(void * this, int param_1)	ANALYSIS	__thiscall	__thiscall	RecoveredReceiver_00494160	/SubmarineTitans/Recovered/HiddenThis/RecoveredReceiver_00494160	1787	1		1	1	0	0	0	4	medium	incoming_receiver_captures=0; entry_receiver_register_captures=1; receiver_accesses=1; receiver_bulk_copies=0; incoming_edx_uses=0; calls=1; ecx_pointer_setup=1; ecx_scalar_setup=0; caller_cleanup_calls=0; callee_ret_pop=[4]; expected_stack=4; receiver_family_members=1; same_this_callees=0; single_function_field_only_receiver_kept_neutral; adopt_untyped_existing_thiscall	3
0	0	0	0	0	00495010	FUN_00495010	DEFAULT	void __thiscall FUN_00495010(void * this, undefined4 param_1)	ANALYSIS	__thiscall	__thiscall	RecoveredReceiver_00495010	/SubmarineTitans/Recovered/HiddenThis/RecoveredReceiver_00495010	1854	1		2	2	0	0	0	4	medium	incoming_receiver_captures=0; entry_receiver_register_captures=1; receiver_accesses=3; receiver_bulk_copies=0; incoming_edx_uses=0; calls=2; ecx_pointer_setup=2; ecx_scalar_setup=0; caller_cleanup_calls=0; callee_ret_pop=[4]; expected_stack=4; receiver_family_members=1; same_this_callees=1; single_function_field_only_receiver_kept_neutral; adopt_untyped_existing_thiscall	3
0	0	0	0	0	004950B0	FUN_004950b0	DEFAULT	int __thiscall FUN_004950b0(void * this, short * param_1, short * param_2, short * param_3)	ANALYSIS	__thiscall	__thiscall	RecoveredReceiver_004950B0	/SubmarineTitans/Recovered/HiddenThis/RecoveredReceiver_004950B0	1653	1		3	3	0	0	0	12	medium	incoming_receiver_captures=0; entry_receiver_register_captures=1; receiver_accesses=16; receiver_bulk_copies=0; incoming_edx_uses=0; calls=3; ecx_pointer_setup=3; ecx_scalar_setup=0; caller_cleanup_calls=0; callee_ret_pop=[12]; expected_stack=12; receiver_family_members=1; same_this_callees=0; single_function_field_only_receiver_kept_neutral; adopt_untyped_existing_thiscall	3
0	0	0	0	0	00495420	FUN_00495420	DEFAULT	int __thiscall FUN_00495420(void * this, short * param_1, short * param_2, short * param_3)	ANALYSIS	__thiscall	__thiscall	RecoveredReceiver_00495420	/SubmarineTitans/Recovered/HiddenThis/RecoveredReceiver_00495420	1725	1		3	3	0	0	0	12	medium	incoming_receiver_captures=0; entry_receiver_register_captures=1; receiver_accesses=13; receiver_bulk_copies=0; incoming_edx_uses=0; calls=3; ecx_pointer_setup=3; ecx_scalar_setup=0; caller_cleanup_calls=0; callee_ret_pop=[12]; expected_stack=12; receiver_family_members=1; same_this_callees=0; single_function_field_only_receiver_kept_neutral; adopt_untyped_existing_thiscall	3
0	0	0	0	0	00495750	FUN_00495750	DEFAULT	int __thiscall FUN_00495750(void * this, STMessage * message)	ANALYSIS	__thiscall	__thiscall	RecoveredReceiver_00495750	/SubmarineTitans/Recovered/HiddenThis/RecoveredReceiver_00495750	40	2		1	0	0	0	0	4	review	incoming_receiver_captures=0; entry_receiver_register_captures=1; receiver_accesses=3; receiver_bulk_copies=0; incoming_edx_uses=0; calls=1; ecx_pointer_setup=0; ecx_scalar_setup=0; caller_cleanup_calls=0; callee_ret_pop=[4]; expected_stack=4; receiver_family_members=2; same_this_callees=1; adopt_untyped_existing_thiscall	3
0	0	0	0	0	00496CC0	FUN_00496cc0	DEFAULT	undefined __stdcall FUN_00496cc0(int param_1, int param_2, uint * param_3, undefined4 param_4, uint param_5, void * param_6)	ANALYSIS	__stdcall	__thiscall	RecoveredReceiver_004969F0	/SubmarineTitans/Recovered/HiddenThis/RecoveredReceiver_004969F0	4	4		1	1	0	0	0	24	medium	incoming_receiver_captures=0; entry_receiver_register_captures=1; receiver_accesses=0; receiver_bulk_copies=0; incoming_edx_uses=0; calls=1; ecx_pointer_setup=1; ecx_scalar_setup=0; caller_cleanup_calls=0; callee_ret_pop=[24]; expected_stack=24; receiver_family_members=4; same_this_callees=3	3
0	0	0	0	0	00497370	FUN_00497370	DEFAULT	undefined4 __stdcall FUN_00497370(int param_1, int param_2, uint param_3, uint param_4, void * param_5)	ANALYSIS	__stdcall	__thiscall	RecoveredReceiver_00497110	/SubmarineTitans/Recovered/HiddenThis/RecoveredReceiver_00497110	4	4		1	1	0	0	0	20	medium	incoming_receiver_captures=1; entry_receiver_register_captures=0; receiver_accesses=0; receiver_bulk_copies=0; incoming_edx_uses=0; calls=1; ecx_pointer_setup=1; ecx_scalar_setup=0; caller_cleanup_calls=0; callee_ret_pop=[20]; expected_stack=20; receiver_family_members=4; same_this_callees=3	3
0	0	0	0	0	004A8220	FUN_004a8220	DEFAULT	undefined __thiscall FUN_004a8220(void * this, char param_1, short param_2, ushort param_3)	ANALYSIS	__thiscall	__thiscall	RecoveredReceiver_004A8220	/SubmarineTitans/Recovered/HiddenThis/RecoveredReceiver_004A8220	530	1		1	0	0	0	0	12	review	incoming_receiver_captures=0; entry_receiver_register_captures=1; receiver_accesses=6; receiver_bulk_copies=0; incoming_edx_uses=0; calls=1; ecx_pointer_setup=0; ecx_scalar_setup=0; caller_cleanup_calls=0; callee_ret_pop=[12]; expected_stack=12; receiver_family_members=1; same_this_callees=0; single_function_field_only_receiver_kept_neutral; adopt_untyped_existing_thiscall	3
0	0	0	0	0	004A9D60	FUN_004a9d60	DEFAULT	undefined4 __stdcall FUN_004a9d60(float param_1)	ANALYSIS	__stdcall	__thiscall	RecoveredReceiver_004A9D60	/SubmarineTitans/Recovered/HiddenThis/RecoveredReceiver_004A9D60	4	1		1	1	0	0	0	4	medium	incoming_receiver_captures=0; entry_receiver_register_captures=1; receiver_accesses=0; receiver_bulk_copies=0; incoming_edx_uses=0; calls=1; ecx_pointer_setup=1; ecx_scalar_setup=0; caller_cleanup_calls=0; callee_ret_pop=[4]; expected_stack=4; receiver_family_members=1; same_this_callees=0; single_function_field_only_receiver_kept_neutral	3
0	0	0	0	0	004A9FB0	FUN_004a9fb0	DEFAULT	undefined4 __stdcall FUN_004a9fb0(float param_1)	ANALYSIS	__stdcall	__thiscall	RecoveredReceiver_004A9FB0	/SubmarineTitans/Recovered/HiddenThis/RecoveredReceiver_004A9FB0	4	1		1	1	0	0	0	4	medium	incoming_receiver_captures=0; entry_receiver_register_captures=1; receiver_accesses=0; receiver_bulk_copies=0; incoming_edx_uses=0; calls=1; ecx_pointer_setup=1; ecx_scalar_setup=0; caller_cleanup_calls=0; callee_ret_pop=[4]; expected_stack=4; receiver_family_members=1; same_this_callees=0; single_function_field_only_receiver_kept_neutral	3
0	0	0	0	0	004AA200	FUN_004aa200	DEFAULT	undefined4 __stdcall FUN_004aa200(float param_1)	ANALYSIS	__stdcall	__thiscall	RecoveredReceiver_004AA200	/SubmarineTitans/Recovered/HiddenThis/RecoveredReceiver_004AA200	4	1		1	1	0	0	0	4	medium	incoming_receiver_captures=0; entry_receiver_register_captures=1; receiver_accesses=0; receiver_bulk_copies=0; incoming_edx_uses=0; calls=1; ecx_pointer_setup=1; ecx_scalar_setup=0; caller_cleanup_calls=0; callee_ret_pop=[4]; expected_stack=4; receiver_family_members=1; same_this_callees=0; single_function_field_only_receiver_kept_neutral	3
0	0	0	0	0	004AA450	FUN_004aa450	DEFAULT	undefined4 __stdcall FUN_004aa450(float param_1)	ANALYSIS	__stdcall	__thiscall	RecoveredReceiver_004AA450	/SubmarineTitans/Recovered/HiddenThis/RecoveredReceiver_004AA450	4	1		1	1	0	0	0	4	medium	incoming_receiver_captures=0; entry_receiver_register_captures=1; receiver_accesses=0; receiver_bulk_copies=0; incoming_edx_uses=0; calls=1; ecx_pointer_setup=1; ecx_scalar_setup=0; caller_cleanup_calls=0; callee_ret_pop=[4]; expected_stack=4; receiver_family_members=1; same_this_callees=0; single_function_field_only_receiver_kept_neutral	3
0	0	0	0	0	004AA6A0	FUN_004aa6a0	DEFAULT	undefined4 __stdcall FUN_004aa6a0(float param_1)	ANALYSIS	__stdcall	__thiscall	RecoveredReceiver_004AA6A0	/SubmarineTitans/Recovered/HiddenThis/RecoveredReceiver_004AA6A0	4	1		1	1	0	0	0	4	medium	incoming_receiver_captures=0; entry_receiver_register_captures=1; receiver_accesses=0; receiver_bulk_copies=0; incoming_edx_uses=0; calls=1; ecx_pointer_setup=1; ecx_scalar_setup=0; caller_cleanup_calls=0; callee_ret_pop=[4]; expected_stack=4; receiver_family_members=1; same_this_callees=0; single_function_field_only_receiver_kept_neutral	3
0	0	0	0	0	004AA8D0	FUN_004aa8d0	DEFAULT	undefined4 __stdcall FUN_004aa8d0(float param_1)	ANALYSIS	__stdcall	__thiscall	RecoveredReceiver_004AA8D0	/SubmarineTitans/Recovered/HiddenThis/RecoveredReceiver_004AA8D0	4	1		1	1	0	0	0	4	medium	incoming_receiver_captures=0; entry_receiver_register_captures=1; receiver_accesses=0; receiver_bulk_copies=0; incoming_edx_uses=0; calls=1; ecx_pointer_setup=1; ecx_scalar_setup=0; caller_cleanup_calls=0; callee_ret_pop=[4]; expected_stack=4; receiver_family_members=1; same_this_callees=0; single_function_field_only_receiver_kept_neutral	3
0	0	0	0	0	004AAB00	FUN_004aab00	DEFAULT	undefined4 __stdcall FUN_004aab00(float param_1)	ANALYSIS	__stdcall	__thiscall	RecoveredReceiver_004AAB00	/SubmarineTitans/Recovered/HiddenThis/RecoveredReceiver_004AAB00	4	1		1	1	0	0	0	4	medium	incoming_receiver_captures=0; entry_receiver_register_captures=1; receiver_accesses=0; receiver_bulk_copies=0; incoming_edx_uses=0; calls=1; ecx_pointer_setup=1; ecx_scalar_setup=0; caller_cleanup_calls=0; callee_ret_pop=[4]; expected_stack=4; receiver_family_members=1; same_this_callees=0; single_function_field_only_receiver_kept_neutral	3
0	0	0	0	0	004AAD30	FUN_004aad30	DEFAULT	undefined4 __stdcall FUN_004aad30(float param_1)	ANALYSIS	__stdcall	__thiscall	RecoveredReceiver_004AAD30	/SubmarineTitans/Recovered/HiddenThis/RecoveredReceiver_004AAD30	4	1		1	1	0	0	0	4	medium	incoming_receiver_captures=0; entry_receiver_register_captures=1; receiver_accesses=0; receiver_bulk_copies=0; incoming_edx_uses=0; calls=1; ecx_pointer_setup=1; ecx_scalar_setup=0; caller_cleanup_calls=0; callee_ret_pop=[4]; expected_stack=4; receiver_family_members=1; same_this_callees=0; single_function_field_only_receiver_kept_neutral	3
0	0	0	0	0	004AB650	FUN_004ab650	DEFAULT	undefined __stdcall FUN_004ab650(void)	ANALYSIS	__stdcall	__thiscall	RecoveredReceiver_004A8F20	/SubmarineTitans/Recovered/HiddenThis/RecoveredReceiver_004A8F20	4	6		1	1	0	0	0	0	medium	incoming_receiver_captures=0; entry_receiver_register_captures=1; receiver_accesses=0; receiver_bulk_copies=0; incoming_edx_uses=0; calls=1; ecx_pointer_setup=1; ecx_scalar_setup=0; caller_cleanup_calls=0; callee_ret_pop=[0]; expected_stack=0; receiver_family_members=6; same_this_callees=1	3
0	0	0	0	0	004ABCE0	FUN_004abce0	DEFAULT	undefined4 __thiscall FUN_004abce0(void * this, byte param_1, int param_2, int param_3, char param_4)	ANALYSIS	__thiscall	__thiscall	RecoveredReceiver_004ABCE0	/SubmarineTitans/Recovered/HiddenThis/RecoveredReceiver_004ABCE0	52	1		74	69	2	3	0	16	review	incoming_receiver_captures=0; entry_receiver_register_captures=1; receiver_accesses=11; receiver_bulk_copies=0; incoming_edx_uses=0; calls=74; ecx_pointer_setup=69; ecx_scalar_setup=2; caller_cleanup_calls=0; callee_ret_pop=[16]; expected_stack=16; receiver_family_members=1; same_this_callees=1; single_function_field_only_receiver_kept_neutral; adopt_untyped_existing_thiscall	3
0	0	0	0	0	004AC5A0	FUN_004ac5a0	DEFAULT	undefined4 __thiscall FUN_004ac5a0(void * this, char param_1, undefined4 param_2)	ANALYSIS	__thiscall	__thiscall	RecoveredReceiver_004AC5A0	/SubmarineTitans/Recovered/HiddenThis/RecoveredReceiver_004AC5A0	36	1		0	0	0	0	0	8	review	incoming_receiver_captures=0; entry_receiver_register_captures=0; receiver_accesses=4; receiver_bulk_copies=0; incoming_edx_uses=0; calls=0; ecx_pointer_setup=0; ecx_scalar_setup=0; caller_cleanup_calls=0; callee_ret_pop=[8]; expected_stack=8; receiver_family_members=1; same_this_callees=0; single_function_field_only_receiver_kept_neutral; adopt_untyped_existing_thiscall	3
0	0	0	0	0	004AC610	FUN_004ac610	DEFAULT	undefined4 __thiscall FUN_004ac610(void * this, char param_1)	ANALYSIS	__thiscall	__thiscall	RecoveredReceiver_004AC610	/SubmarineTitans/Recovered/HiddenThis/RecoveredReceiver_004AC610	36	1		29	29	0	0	0	4	medium	incoming_receiver_captures=0; entry_receiver_register_captures=0; receiver_accesses=3; receiver_bulk_copies=0; incoming_edx_uses=0; calls=29; ecx_pointer_setup=29; ecx_scalar_setup=0; caller_cleanup_calls=0; callee_ret_pop=[4]; expected_stack=4; receiver_family_members=1; same_this_callees=0; single_function_field_only_receiver_kept_neutral; adopt_untyped_existing_thiscall	3
0	0	0	0	0	004AC660	FUN_004ac660	DEFAULT	int __thiscall FUN_004ac660(void * this, char param_1)	ANALYSIS	__thiscall	__thiscall	RecoveredReceiver_004AC660	/SubmarineTitans/Recovered/HiddenThis/RecoveredReceiver_004AC660	36	1		9	6	0	0	0	4	medium	incoming_receiver_captures=0; entry_receiver_register_captures=0; receiver_accesses=3; receiver_bulk_copies=0; incoming_edx_uses=0; calls=9; ecx_pointer_setup=6; ecx_scalar_setup=0; caller_cleanup_calls=0; callee_ret_pop=[4]; expected_stack=4; receiver_family_members=1; same_this_callees=0; single_function_field_only_receiver_kept_neutral; adopt_untyped_existing_thiscall	3
0	0	0	0	0	004AC6B0	FUN_004ac6b0	DEFAULT	int __thiscall FUN_004ac6b0(void * this, char param_1)	ANALYSIS	__thiscall	__thiscall	RecoveredReceiver_004AC6B0	/SubmarineTitans/Recovered/HiddenThis/RecoveredReceiver_004AC6B0	36	1		13	13	0	0	0	4	medium	incoming_receiver_captures=0; entry_receiver_register_captures=0; receiver_accesses=3; receiver_bulk_copies=0; incoming_edx_uses=0; calls=13; ecx_pointer_setup=13; ecx_scalar_setup=0; caller_cleanup_calls=0; callee_ret_pop=[4]; expected_stack=4; receiver_family_members=1; same_this_callees=0; single_function_field_only_receiver_kept_neutral; adopt_untyped_existing_thiscall	3
0	0	0	0	0	004AC700	FUN_004ac700	DEFAULT	int __thiscall FUN_004ac700(void * this, char param_1)	ANALYSIS	__thiscall	__thiscall	RecoveredReceiver_004AC700	/SubmarineTitans/Recovered/HiddenThis/RecoveredReceiver_004AC700	36	1		17	16	0	0	0	4	medium	incoming_receiver_captures=0; entry_receiver_register_captures=0; receiver_accesses=3; receiver_bulk_copies=0; incoming_edx_uses=0; calls=17; ecx_pointer_setup=16; ecx_scalar_setup=0; caller_cleanup_calls=0; callee_ret_pop=[4]; expected_stack=4; receiver_family_members=1; same_this_callees=0; single_function_field_only_receiver_kept_neutral; adopt_untyped_existing_thiscall	3
0	0	0	0	0	004AC750	FUN_004ac750	DEFAULT	uint __thiscall FUN_004ac750(void * this, char param_1)	ANALYSIS	__thiscall	__thiscall	RecoveredReceiver_004AC750	/SubmarineTitans/Recovered/HiddenThis/RecoveredReceiver_004AC750	36	1		0	0	0	0	0	4	review	incoming_receiver_captures=0; entry_receiver_register_captures=0; receiver_accesses=3; receiver_bulk_copies=0; incoming_edx_uses=0; calls=0; ecx_pointer_setup=0; ecx_scalar_setup=0; caller_cleanup_calls=0; callee_ret_pop=[4]; expected_stack=4; receiver_family_members=1; same_this_callees=0; single_function_field_only_receiver_kept_neutral; adopt_untyped_existing_thiscall	3
0	0	0	0	0	004AC7C0	FUN_004ac7c0	DEFAULT	uint __thiscall FUN_004ac7c0(void * this, char param_1)	ANALYSIS	__thiscall	__thiscall	RecoveredReceiver_004AC7C0	/SubmarineTitans/Recovered/HiddenThis/RecoveredReceiver_004AC7C0	36	1		0	0	0	0	0	4	review	incoming_receiver_captures=0; entry_receiver_register_captures=0; receiver_accesses=3; receiver_bulk_copies=0; incoming_edx_uses=0; calls=0; ecx_pointer_setup=0; ecx_scalar_setup=0; caller_cleanup_calls=0; callee_ret_pop=[4]; expected_stack=4; receiver_family_members=1; same_this_callees=0; single_function_field_only_receiver_kept_neutral; adopt_untyped_existing_thiscall	3
0	0	0	0	0	004AC830	FUN_004ac830	DEFAULT	uint __thiscall FUN_004ac830(void * this, char param_1)	ANALYSIS	__thiscall	__thiscall	RecoveredReceiver_004AC830	/SubmarineTitans/Recovered/HiddenThis/RecoveredReceiver_004AC830	36	1		0	0	0	0	0	4	review	incoming_receiver_captures=0; entry_receiver_register_captures=0; receiver_accesses=3; receiver_bulk_copies=0; incoming_edx_uses=0; calls=0; ecx_pointer_setup=0; ecx_scalar_setup=0; caller_cleanup_calls=0; callee_ret_pop=[4]; expected_stack=4; receiver_family_members=1; same_this_callees=0; single_function_field_only_receiver_kept_neutral; adopt_untyped_existing_thiscall	3
0	0	0	0	0	004AC8A0	FUN_004ac8a0	DEFAULT	uint __thiscall FUN_004ac8a0(void * this, char param_1)	ANALYSIS	__thiscall	__thiscall	RecoveredReceiver_004AC8A0	/SubmarineTitans/Recovered/HiddenThis/RecoveredReceiver_004AC8A0	36	1		0	0	0	0	0	4	review	incoming_receiver_captures=0; entry_receiver_register_captures=0; receiver_accesses=3; receiver_bulk_copies=0; incoming_edx_uses=0; calls=0; ecx_pointer_setup=0; ecx_scalar_setup=0; caller_cleanup_calls=0; callee_ret_pop=[4]; expected_stack=4; receiver_family_members=1; same_this_callees=0; single_function_field_only_receiver_kept_neutral; adopt_untyped_existing_thiscall	3
0	0	0	0	0	004AC910	FUN_004ac910	DEFAULT	undefined4 __thiscall FUN_004ac910(void * this, char param_1)	ANALYSIS	__thiscall	__thiscall	RecoveredReceiver_004AC910	/SubmarineTitans/Recovered/HiddenThis/RecoveredReceiver_004AC910	36	1		99	93	0	0	0	4	medium	incoming_receiver_captures=0; entry_receiver_register_captures=0; receiver_accesses=3; receiver_bulk_copies=0; incoming_edx_uses=0; calls=99; ecx_pointer_setup=93; ecx_scalar_setup=0; caller_cleanup_calls=0; callee_ret_pop=[4]; expected_stack=4; receiver_family_members=1; same_this_callees=0; single_function_field_only_receiver_kept_neutral; adopt_untyped_existing_thiscall	3
0	0	0	0	0	004AC950	FUN_004ac950	DEFAULT	int __thiscall FUN_004ac950(void * this, int param_1)	ANALYSIS	__thiscall	__thiscall	RecoveredReceiver_004AC950	/SubmarineTitans/Recovered/HiddenThis/RecoveredReceiver_004AC950	64	2		2	2	0	0	0	4	medium	incoming_receiver_captures=0; entry_receiver_register_captures=0; receiver_accesses=1; receiver_bulk_copies=0; incoming_edx_uses=0; calls=2; ecx_pointer_setup=2; ecx_scalar_setup=0; caller_cleanup_calls=0; callee_ret_pop=[4]; expected_stack=4; receiver_family_members=2; same_this_callees=0; adopt_untyped_existing_thiscall	3
0	0	0	0	0	004AC9E0	FUN_004ac9e0	DEFAULT	undefined4 __thiscall FUN_004ac9e0(void * this, int param_1)	ANALYSIS	__thiscall	__thiscall	RecoveredReceiver_004AC950	/SubmarineTitans/Recovered/HiddenThis/RecoveredReceiver_004AC950	64	2		7	7	0	0	0	4	medium	incoming_receiver_captures=0; entry_receiver_register_captures=1; receiver_accesses=20; receiver_bulk_copies=0; incoming_edx_uses=0; calls=7; ecx_pointer_setup=7; ecx_scalar_setup=0; caller_cleanup_calls=0; callee_ret_pop=[4]; expected_stack=4; receiver_family_members=2; same_this_callees=2; adopt_untyped_existing_thiscall	3
0	0	0	0	0	004ACCD0	FUN_004accd0	DEFAULT	undefined4 __thiscall FUN_004accd0(void * this, char param_1)	ANALYSIS	__thiscall	__thiscall	RecoveredReceiver_004ACCD0	/SubmarineTitans/Recovered/HiddenThis/RecoveredReceiver_004ACCD0	36	1		1	1	0	0	0	4	medium	incoming_receiver_captures=0; entry_receiver_register_captures=0; receiver_accesses=2; receiver_bulk_copies=0; incoming_edx_uses=0; calls=1; ecx_pointer_setup=1; ecx_scalar_setup=0; caller_cleanup_calls=0; callee_ret_pop=[4]; expected_stack=4; receiver_family_members=1; same_this_callees=0; single_function_field_only_receiver_kept_neutral; adopt_untyped_existing_thiscall	3
0	0	0	0	0	004ACD60	FUN_004acd60	DEFAULT	void __thiscall FUN_004acd60(void * this, char param_1, undefined4 param_2)	ANALYSIS	__thiscall	__thiscall	RecoveredReceiver_004ACD60	/SubmarineTitans/Recovered/HiddenThis/RecoveredReceiver_004ACD60	36	1		5	5	0	0	0	8	medium	incoming_receiver_captures=0; entry_receiver_register_captures=0; receiver_accesses=1; receiver_bulk_copies=0; incoming_edx_uses=0; calls=5; ecx_pointer_setup=5; ecx_scalar_setup=0; caller_cleanup_calls=0; callee_ret_pop=[8]; expected_stack=8; receiver_family_members=1; same_this_callees=0; single_function_field_only_receiver_kept_neutral; adopt_untyped_existing_thiscall	3
0	0	0	0	0	004ACD90	FUN_004acd90	DEFAULT	undefined __thiscall FUN_004acd90(void * this, char param_1, int param_2)	ANALYSIS	__thiscall	__thiscall	RecoveredReceiver_004ACD90	/SubmarineTitans/Recovered/HiddenThis/RecoveredReceiver_004ACD90	36	1		0	0	0	0	0	8	review	incoming_receiver_captures=0; entry_receiver_register_captures=0; receiver_accesses=1; receiver_bulk_copies=0; incoming_edx_uses=0; calls=0; ecx_pointer_setup=0; ecx_scalar_setup=0; caller_cleanup_calls=0; callee_ret_pop=[8]; expected_stack=8; receiver_family_members=1; same_this_callees=0; single_function_field_only_receiver_kept_neutral; adopt_untyped_existing_thiscall	3
0	0	0	0	0	004ACDD0	FUN_004acdd0	DEFAULT	undefined4 __thiscall FUN_004acdd0(void * this, char param_1, int param_2)	ANALYSIS	__thiscall	__thiscall	RecoveredReceiver_004ACDD0	/SubmarineTitans/Recovered/HiddenThis/RecoveredReceiver_004ACDD0	36	1		5	5	0	0	0	8	medium	incoming_receiver_captures=0; entry_receiver_register_captures=0; receiver_accesses=1; receiver_bulk_copies=0; incoming_edx_uses=0; calls=5; ecx_pointer_setup=5; ecx_scalar_setup=0; caller_cleanup_calls=0; callee_ret_pop=[8]; expected_stack=8; receiver_family_members=1; same_this_callees=0; single_function_field_only_receiver_kept_neutral; adopt_untyped_existing_thiscall	3
0	0	0	0	0	004ACE00	FUN_004ace00	DEFAULT	void __thiscall FUN_004ace00(void * this, char param_1, int param_2, undefined4 param_3)	ANALYSIS	__thiscall	__thiscall	RecoveredReceiver_004ACE00	/SubmarineTitans/Recovered/HiddenThis/RecoveredReceiver_004ACE00	36	1		5	5	0	0	0	12	medium	incoming_receiver_captures=0; entry_receiver_register_captures=0; receiver_accesses=1; receiver_bulk_copies=0; incoming_edx_uses=0; calls=5; ecx_pointer_setup=5; ecx_scalar_setup=0; caller_cleanup_calls=0; callee_ret_pop=[12]; expected_stack=12; receiver_family_members=1; same_this_callees=0; single_function_field_only_receiver_kept_neutral; adopt_untyped_existing_thiscall	3
0	0	0	0	0	004ACEB0	FUN_004aceb0	DEFAULT	int __thiscall FUN_004aceb0(void * this, char param_1)	ANALYSIS	__thiscall	__thiscall	RecoveredReceiver_004ACEB0	/SubmarineTitans/Recovered/HiddenThis/RecoveredReceiver_004ACEB0	64	1		20	19	0	0	0	4	medium	incoming_receiver_captures=0; entry_receiver_register_captures=1; receiver_accesses=3; receiver_bulk_copies=0; incoming_edx_uses=0; calls=20; ecx_pointer_setup=19; ecx_scalar_setup=0; caller_cleanup_calls=0; callee_ret_pop=[4]; expected_stack=4; receiver_family_members=1; same_this_callees=0; single_function_field_only_receiver_kept_neutral; adopt_untyped_existing_thiscall	3
0	0	0	0	0	004AD0E0	FUN_004ad0e0	DEFAULT	void __thiscall FUN_004ad0e0(void * this, byte param_1)	ANALYSIS	__thiscall	__thiscall	RecoveredReceiver_004AD0E0	/SubmarineTitans/Recovered/HiddenThis/RecoveredReceiver_004AD0E0	64	1		10	8	0	0	0	4	medium	incoming_receiver_captures=0; entry_receiver_register_captures=0; receiver_accesses=4; receiver_bulk_copies=0; incoming_edx_uses=0; calls=10; ecx_pointer_setup=8; ecx_scalar_setup=0; caller_cleanup_calls=0; callee_ret_pop=[4]; expected_stack=4; receiver_family_members=1; same_this_callees=0; single_function_field_only_receiver_kept_neutral; adopt_untyped_existing_thiscall	3
0	0	0	0	0	004AD150	FUN_004ad150	DEFAULT	void __thiscall FUN_004ad150(void * this, char param_1)	ANALYSIS	__thiscall	__thiscall	RecoveredReceiver_004AD150	/SubmarineTitans/Recovered/HiddenThis/RecoveredReceiver_004AD150	64	1		3	3	0	0	0	4	medium	incoming_receiver_captures=0; entry_receiver_register_captures=0; receiver_accesses=5; receiver_bulk_copies=0; incoming_edx_uses=0; calls=3; ecx_pointer_setup=3; ecx_scalar_setup=0; caller_cleanup_calls=0; callee_ret_pop=[4]; expected_stack=4; receiver_family_members=1; same_this_callees=0; single_function_field_only_receiver_kept_neutral; adopt_untyped_existing_thiscall	3
0	0	0	0	0	004AD1A0	FUN_004ad1a0	DEFAULT	undefined __thiscall FUN_004ad1a0(void * this, char param_1)	ANALYSIS	__thiscall	__thiscall	RecoveredReceiver_004AD1A0	/SubmarineTitans/Recovered/HiddenThis/RecoveredReceiver_004AD1A0	64	1		0	0	0	0	0	4	review	incoming_receiver_captures=0; entry_receiver_register_captures=0; receiver_accesses=4; receiver_bulk_copies=0; incoming_edx_uses=0; calls=0; ecx_pointer_setup=0; ecx_scalar_setup=0; caller_cleanup_calls=0; callee_ret_pop=[4]; expected_stack=4; receiver_family_members=1; same_this_callees=0; single_function_field_only_receiver_kept_neutral; adopt_untyped_existing_thiscall	3
0	0	0	0	0	004AD360	FUN_004ad360	DEFAULT	undefined __thiscall FUN_004ad360(void * this, undefined4 param_1)	ANALYSIS	__thiscall	__thiscall	RecoveredReceiver_004AD360	/SubmarineTitans/Recovered/HiddenThis/RecoveredReceiver_004AD360	64	1		0	0	0	0	0	4	review	incoming_receiver_captures=0; entry_receiver_register_captures=0; receiver_accesses=1; receiver_bulk_copies=0; incoming_edx_uses=0; calls=0; ecx_pointer_setup=0; ecx_scalar_setup=0; caller_cleanup_calls=0; callee_ret_pop=[4]; expected_stack=4; receiver_family_members=1; same_this_callees=0; single_function_field_only_receiver_kept_neutral; adopt_untyped_existing_thiscall	3
0	0	0	0	0	004AD380	FUN_004ad380	DEFAULT	void __thiscall FUN_004ad380(void * this, uint param_1, uint param_2)	ANALYSIS	__thiscall	__thiscall	RecoveredReceiver_004AD380	/SubmarineTitans/Recovered/HiddenThis/RecoveredReceiver_004AD380	64	1		7	7	0	0	0	8	medium	incoming_receiver_captures=0; entry_receiver_register_captures=0; receiver_accesses=4; receiver_bulk_copies=0; incoming_edx_uses=0; calls=7; ecx_pointer_setup=7; ecx_scalar_setup=0; caller_cleanup_calls=0; callee_ret_pop=[8]; expected_stack=8; receiver_family_members=1; same_this_callees=0; single_function_field_only_receiver_kept_neutral; adopt_untyped_existing_thiscall	3
0	0	0	0	0	004AD400	FUN_004ad400	DEFAULT	undefined __thiscall FUN_004ad400(void * this, undefined4 * param_1, undefined4 * param_2, undefined4 * param_3)	ANALYSIS	__thiscall	__thiscall	RecoveredReceiver_004AD400	/SubmarineTitans/Recovered/HiddenThis/RecoveredReceiver_004AD400	48	1		0	0	0	0	0	12	review	incoming_receiver_captures=0; entry_receiver_register_captures=0; receiver_accesses=3; receiver_bulk_copies=0; incoming_edx_uses=0; calls=0; ecx_pointer_setup=0; ecx_scalar_setup=0; caller_cleanup_calls=0; callee_ret_pop=[12]; expected_stack=12; receiver_family_members=1; same_this_callees=0; single_function_field_only_receiver_kept_neutral; adopt_untyped_existing_thiscall	3
0	0	0	0	0	004AD460	FUN_004ad460	DEFAULT	undefined __thiscall FUN_004ad460(void * this, int param_1)	ANALYSIS	__thiscall	__thiscall	RecoveredReceiver_004AD460	/SubmarineTitans/Recovered/HiddenThis/RecoveredReceiver_004AD460	64	1		41	40	0	0	0	4	medium	incoming_receiver_captures=0; entry_receiver_register_captures=1; receiver_accesses=3; receiver_bulk_copies=0; incoming_edx_uses=0; calls=41; ecx_pointer_setup=40; ecx_scalar_setup=0; caller_cleanup_calls=0; callee_ret_pop=[4]; expected_stack=4; receiver_family_members=1; same_this_callees=0; single_function_field_only_receiver_kept_neutral; adopt_untyped_existing_thiscall	3
0	0	0	0	0	004AD4A0	FUN_004ad4a0	DEFAULT	int __thiscall FUN_004ad4a0(void * this, int * param_1, char * text)	ANALYSIS	__thiscall	__thiscall	RecoveredReceiver_004AD4A0	/SubmarineTitans/Recovered/HiddenThis/RecoveredReceiver_004AD4A0	60	1		1	1	0	0	0	8	medium	incoming_receiver_captures=0; entry_receiver_register_captures=1; receiver_accesses=1; receiver_bulk_copies=0; incoming_edx_uses=0; calls=1; ecx_pointer_setup=1; ecx_scalar_setup=0; caller_cleanup_calls=0; callee_ret_pop=[8]; expected_stack=8; receiver_family_members=1; same_this_callees=0; single_function_field_only_receiver_kept_neutral; adopt_untyped_existing_thiscall	3
0	0	0	0	0	004AD630	FUN_004ad630	DEFAULT	undefined __thiscall FUN_004ad630(void * this, undefined4 param_1)	ANALYSIS	__thiscall	__thiscall	RecoveredReceiver_004AD630	/SubmarineTitans/Recovered/HiddenThis/RecoveredReceiver_004AD630	56	1		0	0	0	0	0	4	review	incoming_receiver_captures=0; entry_receiver_register_captures=0; receiver_accesses=1; receiver_bulk_copies=0; incoming_edx_uses=0; calls=0; ecx_pointer_setup=0; ecx_scalar_setup=0; caller_cleanup_calls=0; callee_ret_pop=[4]; expected_stack=4; receiver_family_members=1; same_this_callees=0; single_function_field_only_receiver_kept_neutral; adopt_untyped_existing_thiscall	3
0	0	0	0	0	004AD670	FUN_004ad670	DEFAULT	int __thiscall FUN_004ad670(void * this, char param_1)	ANALYSIS	__thiscall	__thiscall	RecoveredReceiver_004AD670	/SubmarineTitans/Recovered/HiddenThis/RecoveredReceiver_004AD670	36	1		3	3	0	0	0	4	medium	incoming_receiver_captures=0; entry_receiver_register_captures=0; receiver_accesses=4; receiver_bulk_copies=0; incoming_edx_uses=0; calls=3; ecx_pointer_setup=3; ecx_scalar_setup=0; caller_cleanup_calls=0; callee_ret_pop=[4]; expected_stack=4; receiver_family_members=1; same_this_callees=0; single_function_field_only_receiver_kept_neutral; adopt_untyped_existing_thiscall	3
0	0	0	0	0	004AE080	FUN_004ae080	DEFAULT	undefined __thiscall FUN_004ae080(void * this, int param_1, int param_2, byte param_3)	ANALYSIS	__thiscall	__thiscall	RecoveredReceiver_004AE080	/SubmarineTitans/Recovered/HiddenThis/RecoveredReceiver_004AE080	64	1		0	0	0	0	0	12	review	incoming_receiver_captures=0; entry_receiver_register_captures=0; receiver_accesses=2; receiver_bulk_copies=0; incoming_edx_uses=0; calls=0; ecx_pointer_setup=0; ecx_scalar_setup=0; caller_cleanup_calls=0; callee_ret_pop=[12]; expected_stack=12; receiver_family_members=1; same_this_callees=0; single_function_field_only_receiver_kept_neutral; adopt_untyped_existing_thiscall	3
0	0	0	0	0	004B6E30	FUN_004b6e30	DEFAULT	undefined4 __thiscall FUN_004b6e30(void * this, int param_1, Global_sub_004B6E30_param_2Enum param_2)	ANALYSIS	__thiscall	__thiscall	RecoveredReceiver_004B6E30	/SubmarineTitans/Recovered/HiddenThis/RecoveredReceiver_004B6E30	40	1		1	1	0	0	0	8	medium	incoming_receiver_captures=1; entry_receiver_register_captures=0; receiver_accesses=4; receiver_bulk_copies=0; incoming_edx_uses=0; calls=1; ecx_pointer_setup=1; ecx_scalar_setup=0; caller_cleanup_calls=0; callee_ret_pop=[8]; expected_stack=8; receiver_family_members=1; same_this_callees=0; single_function_field_only_receiver_kept_neutral; adopt_untyped_existing_thiscall	3
0	0	0	0	0	004B7140	FUN_004b7140	DEFAULT	int __stdcall FUN_004b7140(STAllPlayersC * context, undefined4 param_2, int param_3)	ANALYSIS	__stdcall	__thiscall	RecoveredReceiver_004B7140	/SubmarineTitans/Recovered/HiddenThis/RecoveredReceiver_004B7140	4	1		1	1	0	0	0	12	medium	incoming_receiver_captures=0; entry_receiver_register_captures=1; receiver_accesses=0; receiver_bulk_copies=0; incoming_edx_uses=0; calls=1; ecx_pointer_setup=1; ecx_scalar_setup=0; caller_cleanup_calls=0; callee_ret_pop=[8]; expected_stack=12; receiver_family_members=1; same_this_callees=2; stack_discipline_mismatch; single_function_field_only_receiver_kept_neutral	3
0	0	0	0	0	004B7B20	FUN_004b7b20	DEFAULT	undefined __thiscall FUN_004b7b20(void * this, TLOBaseTy_sub_004CAFC0_param_1Enum param_1, int param_2, uint * param_3, uint * param_4)	ANALYSIS	__thiscall	__thiscall	RecoveredReceiver_004B7B20	/SubmarineTitans/Recovered/HiddenThis/RecoveredReceiver_004B7B20	1236	1		1	1	0	0	0	16	medium	incoming_receiver_captures=0; entry_receiver_register_captures=1; receiver_accesses=4; receiver_bulk_copies=0; incoming_edx_uses=0; calls=1; ecx_pointer_setup=1; ecx_scalar_setup=0; caller_cleanup_calls=0; callee_ret_pop=[16]; expected_stack=16; receiver_family_members=1; same_this_callees=0; single_function_field_only_receiver_kept_neutral; adopt_untyped_existing_thiscall	3
0	0	0	0	0	004B7D00	FUN_004b7d00	DEFAULT	undefined4 __thiscall FUN_004b7d00(void * this, STBoatC * param_1)	ANALYSIS	__thiscall	__thiscall	RecoveredReceiver_004B7D00	/SubmarineTitans/Recovered/HiddenThis/RecoveredReceiver_004B7D00	1240	1		4	4	0	0	0	4	medium	incoming_receiver_captures=0; entry_receiver_register_captures=0; receiver_accesses=4; receiver_bulk_copies=0; incoming_edx_uses=0; calls=4; ecx_pointer_setup=4; ecx_scalar_setup=0; caller_cleanup_calls=0; callee_ret_pop=[4]; expected_stack=4; receiver_family_members=1; same_this_callees=0; single_function_field_only_receiver_kept_neutral; adopt_untyped_existing_thiscall	3
0	0	0	0	0	004B7D50	FUN_004b7d50	DEFAULT	bool __thiscall FUN_004b7d50(void * this, STBoatC * param_1)	ANALYSIS	__thiscall	__thiscall	RecoveredReceiver_004B7D50	/SubmarineTitans/Recovered/HiddenThis/RecoveredReceiver_004B7D50	1240	1		10	5	0	0	0	4	medium	incoming_receiver_captures=0; entry_receiver_register_captures=0; receiver_accesses=2; receiver_bulk_copies=0; incoming_edx_uses=0; calls=10; ecx_pointer_setup=5; ecx_scalar_setup=0; caller_cleanup_calls=0; callee_ret_pop=[4]; expected_stack=4; receiver_family_members=1; same_this_callees=0; single_function_field_only_receiver_kept_neutral; adopt_untyped_existing_thiscall	3
0	0	0	0	0	004B7E30	FUN_004b7e30	DEFAULT	undefined4 __thiscall FUN_004b7e30(void * this, STBoatC_field_06F7State param_1, int param_2, int param_3)	ANALYSIS	__thiscall	__thiscall	RecoveredReceiver_004B7E30	/SubmarineTitans/Recovered/HiddenThis/RecoveredReceiver_004B7E30	40	1		2	2	0	0	0	12	medium	incoming_receiver_captures=0; entry_receiver_register_captures=0; receiver_accesses=1; receiver_bulk_copies=0; incoming_edx_uses=0; calls=2; ecx_pointer_setup=2; ecx_scalar_setup=0; caller_cleanup_calls=0; callee_ret_pop=[12]; expected_stack=12; receiver_family_members=1; same_this_callees=0; single_function_field_only_receiver_kept_neutral; adopt_untyped_existing_thiscall	3
0	0	0	0	0	004B9BB0	FUN_004b9bb0	DEFAULT	undefined4 __thiscall FUN_004b9bb0(void * this, int param_1, ushort param_2, undefined2 param_3)	ANALYSIS	__thiscall	__thiscall	RecoveredReceiver_004B9BB0	/SubmarineTitans/Recovered/HiddenThis/RecoveredReceiver_004B9BB0	1507	1		2	2	0	0	0	12	medium	incoming_receiver_captures=0; entry_receiver_register_captures=1; receiver_accesses=11; receiver_bulk_copies=0; incoming_edx_uses=0; calls=2; ecx_pointer_setup=2; ecx_scalar_setup=0; caller_cleanup_calls=0; callee_ret_pop=[12]; expected_stack=12; receiver_family_members=1; same_this_callees=1; single_function_field_only_receiver_kept_neutral; adopt_untyped_existing_thiscall	3
0	0	0	0	0	004B9D20	FUN_004b9d20	DEFAULT	undefined4 __thiscall FUN_004b9d20(void * this, STBoatC * param_1)	ANALYSIS	__thiscall	__thiscall	RecoveredReceiver_004B9D20	/SubmarineTitans/Recovered/HiddenThis/RecoveredReceiver_004B9D20	1208	1		3	0	0	0	0	4	review	incoming_receiver_captures=0; entry_receiver_register_captures=0; receiver_accesses=4; receiver_bulk_copies=0; incoming_edx_uses=0; calls=3; ecx_pointer_setup=0; ecx_scalar_setup=0; caller_cleanup_calls=0; callee_ret_pop=[4]; expected_stack=4; receiver_family_members=1; same_this_callees=0; single_function_field_only_receiver_kept_neutral; adopt_untyped_existing_thiscall	3
0	0	0	0	0	004C21A0	FUN_004c21a0	DEFAULT	undefined4 __thiscall FUN_004c21a0(void * this, Global_sub_004C21A0_param_1Enum param_1, int * param_2, float param_3, int param_4)	ANALYSIS	__thiscall	__thiscall	RecoveredReceiver_004C21A0	/SubmarineTitans/Recovered/HiddenThis/RecoveredReceiver_004C21A0	1240	2		1	0	0	0	0	16	review	incoming_receiver_captures=1; entry_receiver_register_captures=1; receiver_accesses=15; receiver_bulk_copies=0; incoming_edx_uses=0; calls=1; ecx_pointer_setup=0; ecx_scalar_setup=0; caller_cleanup_calls=0; callee_ret_pop=[16]; expected_stack=16; receiver_family_members=2; same_this_callees=2; adopt_untyped_existing_thiscall	3
0	0	0	0	0	004C5980	FUN_004c5980	DEFAULT	int __thiscall FUN_004c5980(void * this, short param_1, short param_2, short param_3)	ANALYSIS	__thiscall	__thiscall	RecoveredReceiver_004C5980	/SubmarineTitans/Recovered/HiddenThis/RecoveredReceiver_004C5980	1535	1	0xF8	1	0	0	0	0	12	review	incoming_receiver_captures=0; entry_receiver_register_captures=1; receiver_accesses=6; receiver_bulk_copies=0; incoming_edx_uses=0; calls=1; ecx_pointer_setup=0; ecx_scalar_setup=0; caller_cleanup_calls=0; callee_ret_pop=[24]; expected_stack=12; receiver_family_members=1; same_this_callees=0; stack_discipline_mismatch; adopt_untyped_existing_thiscall	3
0	0	0	0	0	004C6BB0	FUN_004c6bb0	DEFAULT	undefined4 __thiscall FUN_004c6bb0(void * this, undefined4 param_1, undefined4 param_2, undefined4 param_3)	ANALYSIS	__thiscall	__thiscall	RecoveredReceiver_004167A0	/SubmarineTitans/Recovered/HiddenThis/RecoveredReceiver_004167A0	1032	6	0x10	2	2	0	0	0	12	medium	incoming_receiver_captures=0; entry_receiver_register_captures=1; receiver_accesses=9; receiver_bulk_copies=0; incoming_edx_uses=0; calls=2; ecx_pointer_setup=2; ecx_scalar_setup=0; caller_cleanup_calls=0; callee_ret_pop=[12]; expected_stack=12; receiver_family_members=6; same_this_callees=1; adopt_untyped_existing_thiscall	3
0	0	0	0	0	004C7730	FUN_004c7730	DEFAULT	uint __thiscall FUN_004c7730(void * this, Global_sub_004C7730_param_1Enum param_1, int param_2)	ANALYSIS	__thiscall	__thiscall	RecoveredReceiver_004C7730	/SubmarineTitans/Recovered/HiddenThis/RecoveredReceiver_004C7730	40	1		1	1	0	0	0	8	medium	incoming_receiver_captures=0; entry_receiver_register_captures=0; receiver_accesses=1; receiver_bulk_copies=0; incoming_edx_uses=0; calls=1; ecx_pointer_setup=1; ecx_scalar_setup=0; caller_cleanup_calls=0; callee_ret_pop=[8]; expected_stack=8; receiver_family_members=1; same_this_callees=0; single_function_field_only_receiver_kept_neutral; adopt_untyped_existing_thiscall	3
0	0	0	0	0	004C7C50	FUN_004c7c50	DEFAULT	undefined4 __thiscall FUN_004c7c50(void * this, int param_1)	ANALYSIS	__thiscall	__thiscall	RecoveredReceiver_004C7C50	/SubmarineTitans/Recovered/HiddenThis/RecoveredReceiver_004C7C50	569	1		0	0	0	0	0	4	review	incoming_receiver_captures=0; entry_receiver_register_captures=0; receiver_accesses=1; receiver_bulk_copies=0; incoming_edx_uses=0; calls=0; ecx_pointer_setup=0; ecx_scalar_setup=0; caller_cleanup_calls=0; callee_ret_pop=[4]; expected_stack=4; receiver_family_members=1; same_this_callees=0; single_function_field_only_receiver_kept_neutral; adopt_untyped_existing_thiscall	3
0	0	0	0	0	004C9430	FUN_004c9430	DEFAULT	undefined4 __thiscall FUN_004c9430(void * this, int param_1, int param_2)	ANALYSIS	__thiscall	__thiscall	RecoveredReceiver_004C9430	/SubmarineTitans/Recovered/HiddenThis/RecoveredReceiver_004C9430	1547	1		1	1	0	0	0	8	medium	incoming_receiver_captures=0; entry_receiver_register_captures=0; receiver_accesses=4; receiver_bulk_copies=0; incoming_edx_uses=0; calls=1; ecx_pointer_setup=1; ecx_scalar_setup=0; caller_cleanup_calls=0; callee_ret_pop=[8]; expected_stack=8; receiver_family_members=1; same_this_callees=0; single_function_field_only_receiver_kept_neutral; adopt_untyped_existing_thiscall	3
0	0	0	0	0	004CCA00	FUN_004cca00	DEFAULT	int __thiscall FUN_004cca00(void * this, int param_1)	ANALYSIS	__thiscall	__thiscall	RecoveredReceiver_004CCA00	/SubmarineTitans/Recovered/HiddenThis/RecoveredReceiver_004CCA00	585	1		1	1	0	0	0	4	medium	incoming_receiver_captures=0; entry_receiver_register_captures=1; receiver_accesses=5; receiver_bulk_copies=0; incoming_edx_uses=0; calls=1; ecx_pointer_setup=1; ecx_scalar_setup=0; caller_cleanup_calls=0; callee_ret_pop=[4]; expected_stack=4; receiver_family_members=1; same_this_callees=0; single_function_field_only_receiver_kept_neutral; adopt_untyped_existing_thiscall	3
0	0	0	0	0	004CCC10	FUN_004ccc10	DEFAULT	undefined __thiscall FUN_004ccc10(void * this, int * param_1, int * param_2)	ANALYSIS	__thiscall	__thiscall	RecoveredReceiver_0041CE40	/SubmarineTitans/Recovered/HiddenThis/RecoveredReceiver_0041CE40	1476	3	0x8,0x2C,0x90	1	0	0	0	0	8	review	incoming_receiver_captures=0; entry_receiver_register_captures=1; receiver_accesses=77; receiver_bulk_copies=0; incoming_edx_uses=0; calls=1; ecx_pointer_setup=0; ecx_scalar_setup=0; caller_cleanup_calls=0; callee_ret_pop=[8]; expected_stack=8; receiver_family_members=3; same_this_callees=12; adopt_untyped_existing_thiscall	3
0	0	0	0	0	004CD3E0	FUN_004cd3e0	DEFAULT	undefined4 __thiscall FUN_004cd3e0(void * this, uint param_1, undefined4 param_2)	ANALYSIS	__thiscall	__thiscall	RecoveredReceiver_004CD3E0	/SubmarineTitans/Recovered/HiddenThis/RecoveredReceiver_004CD3E0	1132	1		2	2	0	0	0	8	medium	incoming_receiver_captures=0; entry_receiver_register_captures=0; receiver_accesses=5; receiver_bulk_copies=0; incoming_edx_uses=0; calls=2; ecx_pointer_setup=2; ecx_scalar_setup=0; caller_cleanup_calls=0; callee_ret_pop=[8]; expected_stack=8; receiver_family_members=1; same_this_callees=1; single_function_field_only_receiver_kept_neutral; adopt_untyped_existing_thiscall	3
0	0	0	0	0	004CDEB0	FUN_004cdeb0	DEFAULT	undefined4 __thiscall FUN_004cdeb0(void * this, undefined4 param_1)	ANALYSIS	__thiscall	__thiscall	RecoveredReceiver_004CDEB0	/SubmarineTitans/Recovered/HiddenThis/RecoveredReceiver_004CDEB0	1320	1		1	1	0	0	0	4	medium	incoming_receiver_captures=0; entry_receiver_register_captures=0; receiver_accesses=3; receiver_bulk_copies=0; incoming_edx_uses=0; calls=1; ecx_pointer_setup=1; ecx_scalar_setup=0; caller_cleanup_calls=0; callee_ret_pop=[4]; expected_stack=4; receiver_family_members=1; same_this_callees=0; single_function_field_only_receiver_kept_neutral; adopt_untyped_existing_thiscall	3
0	0	0	0	0	004CDEF0	FUN_004cdef0	DEFAULT	undefined4 __thiscall FUN_004cdef0(void * this, int param_1)	ANALYSIS	__thiscall	__thiscall	RecoveredReceiver_004CDEF0	/SubmarineTitans/Recovered/HiddenThis/RecoveredReceiver_004CDEF0	1320	1		1	1	0	0	0	4	medium	incoming_receiver_captures=0; entry_receiver_register_captures=1; receiver_accesses=2; receiver_bulk_copies=0; incoming_edx_uses=0; calls=1; ecx_pointer_setup=1; ecx_scalar_setup=0; caller_cleanup_calls=0; callee_ret_pop=[4]; expected_stack=4; receiver_family_members=1; same_this_callees=0; single_function_field_only_receiver_kept_neutral; adopt_untyped_existing_thiscall	3
0	0	0	0	0	004CDF80	FUN_004cdf80	DEFAULT	undefined4 __thiscall FUN_004cdf80(void * this, int param_1)	ANALYSIS	__thiscall	__thiscall	RecoveredReceiver_004CDF80	/SubmarineTitans/Recovered/HiddenThis/RecoveredReceiver_004CDF80	1320	1		1	1	0	0	0	4	medium	incoming_receiver_captures=0; entry_receiver_register_captures=0; receiver_accesses=2; receiver_bulk_copies=0; incoming_edx_uses=0; calls=1; ecx_pointer_setup=1; ecx_scalar_setup=0; caller_cleanup_calls=0; callee_ret_pop=[4]; expected_stack=4; receiver_family_members=1; same_this_callees=0; single_function_field_only_receiver_kept_neutral; adopt_untyped_existing_thiscall	3
0	0	0	0	0	004CDFD0	FUN_004cdfd0	DEFAULT	undefined4 __thiscall FUN_004cdfd0(void * this, int param_1, int param_2, int param_3, int param_4)	ANALYSIS	__thiscall	__thiscall	RecoveredReceiver_004CDFD0	/SubmarineTitans/Recovered/HiddenThis/RecoveredReceiver_004CDFD0	1476	1		2	2	0	0	0	16	medium	incoming_receiver_captures=0; entry_receiver_register_captures=1; receiver_accesses=6; receiver_bulk_copies=0; incoming_edx_uses=0; calls=2; ecx_pointer_setup=2; ecx_scalar_setup=0; caller_cleanup_calls=0; callee_ret_pop=[16]; expected_stack=16; receiver_family_members=1; same_this_callees=0; single_function_field_only_receiver_kept_neutral; adopt_untyped_existing_thiscall	3
0	0	0	0	0	004CE060	FUN_004ce060	DEFAULT	int __thiscall FUN_004ce060(void * this, int param_1)	ANALYSIS	__thiscall	__thiscall	RecoveredReceiver_004CE060	/SubmarineTitans/Recovered/HiddenThis/RecoveredReceiver_004CE060	1320	1		0	0	0	0	0	4	review	incoming_receiver_captures=0; entry_receiver_register_captures=1; receiver_accesses=3; receiver_bulk_copies=0; incoming_edx_uses=0; calls=0; ecx_pointer_setup=0; ecx_scalar_setup=0; caller_cleanup_calls=0; callee_ret_pop=[4]; expected_stack=4; receiver_family_members=1; same_this_callees=0; single_function_field_only_receiver_kept_neutral; adopt_untyped_existing_thiscall	3
0	0	0	0	0	004CE250	FUN_004ce250	DEFAULT	undefined4 __thiscall FUN_004ce250(void * this, int param_1)	ANALYSIS	__thiscall	__thiscall	RecoveredReceiver_004CE250	/SubmarineTitans/Recovered/HiddenThis/RecoveredReceiver_004CE250	1495	1		14	12	0	0	0	4	medium	incoming_receiver_captures=0; entry_receiver_register_captures=1; receiver_accesses=19; receiver_bulk_copies=0; incoming_edx_uses=0; calls=14; ecx_pointer_setup=12; ecx_scalar_setup=0; caller_cleanup_calls=0; callee_ret_pop=[4]; expected_stack=4; receiver_family_members=1; same_this_callees=0; single_function_field_only_receiver_kept_neutral; adopt_untyped_existing_thiscall	3
0	0	0	0	0	004CE770	FUN_004ce770	DEFAULT	uint __thiscall FUN_004ce770(void * this, int param_1)	ANALYSIS	__thiscall	__thiscall	RecoveredReceiver_004CE770	/SubmarineTitans/Recovered/HiddenThis/RecoveredReceiver_004CE770	1236	1		1	1	0	0	0	4	medium	incoming_receiver_captures=0; entry_receiver_register_captures=0; receiver_accesses=1; receiver_bulk_copies=0; incoming_edx_uses=0; calls=1; ecx_pointer_setup=1; ecx_scalar_setup=0; caller_cleanup_calls=0; callee_ret_pop=[12]; expected_stack=4; receiver_family_members=1; same_this_callees=1; stack_discipline_mismatch; single_function_field_only_receiver_kept_neutral; adopt_untyped_existing_thiscall	3
0	0	0	0	0	004CE9E0	FUN_004ce9e0	DEFAULT	void __thiscall FUN_004ce9e0(void * this, int * param_1, int * param_2, int * param_3)	ANALYSIS	__thiscall	__thiscall	RecoveredReceiver_004CE9E0	/SubmarineTitans/Recovered/HiddenThis/RecoveredReceiver_004CE9E0	1456	1		2	2	0	0	0	12	medium	incoming_receiver_captures=0; entry_receiver_register_captures=0; receiver_accesses=4; receiver_bulk_copies=0; incoming_edx_uses=0; calls=2; ecx_pointer_setup=2; ecx_scalar_setup=0; caller_cleanup_calls=0; callee_ret_pop=[12]; expected_stack=12; receiver_family_members=1; same_this_callees=0; single_function_field_only_receiver_kept_neutral; adopt_untyped_existing_thiscall	3
0	0	0	0	0	004CF3E0	FUN_004cf3e0	DEFAULT	undefined4 __thiscall FUN_004cf3e0(void * this, int param_1)	ANALYSIS	__thiscall	__thiscall	RecoveredReceiver_004CF3E0	/SubmarineTitans/Recovered/HiddenThis/RecoveredReceiver_004CF3E0	1244	1		3	3	0	0	0	4	medium	incoming_receiver_captures=0; entry_receiver_register_captures=0; receiver_accesses=2; receiver_bulk_copies=0; incoming_edx_uses=0; calls=3; ecx_pointer_setup=3; ecx_scalar_setup=0; caller_cleanup_calls=0; callee_ret_pop=[4]; expected_stack=4; receiver_family_members=1; same_this_callees=0; single_function_field_only_receiver_kept_neutral; adopt_untyped_existing_thiscall	3
0	0	0	0	0	004CF450	FUN_004cf450	DEFAULT	undefined4 __thiscall FUN_004cf450(void * this, int param_1)	ANALYSIS	__thiscall	__thiscall	RecoveredReceiver_004CF450	/SubmarineTitans/Recovered/HiddenThis/RecoveredReceiver_004CF450	1547	1		0	0	0	0	0	4	review	incoming_receiver_captures=0; entry_receiver_register_captures=0; receiver_accesses=6; receiver_bulk_copies=0; incoming_edx_uses=0; calls=0; ecx_pointer_setup=0; ecx_scalar_setup=0; caller_cleanup_calls=0; callee_ret_pop=[4]; expected_stack=4; receiver_family_members=1; same_this_callees=0; single_function_field_only_receiver_kept_neutral; adopt_untyped_existing_thiscall	3
0	0	0	0	0	004CFBE0	FUN_004cfbe0	DEFAULT	undefined __thiscall FUN_004cfbe0(void * this, Global_sub_004CFBE0_param_1Enum param_1, int param_2, uint * param_3, uint * param_4)	ANALYSIS	__thiscall	__thiscall	RecoveredReceiver_004CFBE0	/SubmarineTitans/Recovered/HiddenThis/RecoveredReceiver_004CFBE0	1236	1		1	1	0	0	0	16	medium	incoming_receiver_captures=0; entry_receiver_register_captures=1; receiver_accesses=5; receiver_bulk_copies=0; incoming_edx_uses=0; calls=1; ecx_pointer_setup=1; ecx_scalar_setup=0; caller_cleanup_calls=0; callee_ret_pop=[16]; expected_stack=16; receiver_family_members=1; same_this_callees=0; single_function_field_only_receiver_kept_neutral; adopt_untyped_existing_thiscall	3
0	0	0	0	0	004CFDE0	FUN_004cfde0	DEFAULT	undefined __thiscall FUN_004cfde0(void * this, TLOBaseTy_sub_004CAFC0_param_1Enum param_1, uint param_2, uint * param_3, uint * param_4)	ANALYSIS	__thiscall	__thiscall	RecoveredReceiver_004CFDE0	/SubmarineTitans/Recovered/HiddenThis/RecoveredReceiver_004CFDE0	1236	1		1	1	0	0	0	16	medium	incoming_receiver_captures=0; entry_receiver_register_captures=1; receiver_accesses=5; receiver_bulk_copies=0; incoming_edx_uses=0; calls=1; ecx_pointer_setup=1; ecx_scalar_setup=0; caller_cleanup_calls=0; callee_ret_pop=[16]; expected_stack=16; receiver_family_members=1; same_this_callees=0; single_function_field_only_receiver_kept_neutral; adopt_untyped_existing_thiscall	3
0	0	0	0	0	004CFFF0	FUN_004cfff0	DEFAULT	undefined __thiscall FUN_004cfff0(void * this, TLOBaseTy_sub_004CAFC0_param_1Enum param_1, int param_2, int * param_3, int * param_4)	ANALYSIS	__thiscall	__thiscall	RecoveredReceiver_004CFFF0	/SubmarineTitans/Recovered/HiddenThis/RecoveredReceiver_004CFFF0	1236	1		1	1	0	0	0	16	medium	incoming_receiver_captures=0; entry_receiver_register_captures=1; receiver_accesses=5; receiver_bulk_copies=0; incoming_edx_uses=0; calls=1; ecx_pointer_setup=1; ecx_scalar_setup=0; caller_cleanup_calls=0; callee_ret_pop=[16]; expected_stack=16; receiver_family_members=1; same_this_callees=0; single_function_field_only_receiver_kept_neutral; adopt_untyped_existing_thiscall	3
0	0	0	0	0	004D6360	FUN_004d6360	DEFAULT	int __thiscall FUN_004d6360(void * this, short param_1, short param_2, short param_3)	ANALYSIS	__thiscall	__thiscall	RecoveredReceiver_004D6360	/SubmarineTitans/Recovered/HiddenThis/RecoveredReceiver_004D6360	868	1	0xF8	1	0	0	0	0	12	review	incoming_receiver_captures=0; entry_receiver_register_captures=1; receiver_accesses=6; receiver_bulk_copies=0; incoming_edx_uses=0; calls=1; ecx_pointer_setup=0; ecx_scalar_setup=0; caller_cleanup_calls=0; callee_ret_pop=[24]; expected_stack=12; receiver_family_members=1; same_this_callees=0; stack_discipline_mismatch; adopt_untyped_existing_thiscall	3
0	0	0	0	0	004D6EB0	FUN_004d6eb0	DEFAULT	void __thiscall FUN_004d6eb0(void * this, int param_1)	ANALYSIS	__thiscall	__thiscall	RecoveredReceiver_004D6EB0	/SubmarineTitans/Recovered/HiddenThis/RecoveredReceiver_004D6EB0	4	1	0x2C,0xC4,0xC8	2	2	0	0	0	4	medium	incoming_receiver_captures=0; entry_receiver_register_captures=1; receiver_accesses=8; receiver_bulk_copies=0; incoming_edx_uses=0; calls=2; ecx_pointer_setup=2; ecx_scalar_setup=0; caller_cleanup_calls=0; callee_ret_pop=[4]; expected_stack=4; receiver_family_members=1; same_this_callees=0; adopt_untyped_existing_thiscall	3
0	0	0	0	0	004D7C10	FUN_004d7c10	DEFAULT	undefined4 __stdcall FUN_004d7c10(char param_1, int param_2, int param_3, int param_4)	ANALYSIS	__stdcall	__thiscall	RecoveredReceiver_0044D320	/SubmarineTitans/Recovered/HiddenThis/RecoveredReceiver_0044D320	4	26		4	4	0	0	0	16	medium	incoming_receiver_captures=1; entry_receiver_register_captures=0; receiver_accesses=0; receiver_bulk_copies=0; incoming_edx_uses=0; calls=4; ecx_pointer_setup=4; ecx_scalar_setup=0; caller_cleanup_calls=0; callee_ret_pop=[16]; expected_stack=16; receiver_family_members=26; same_this_callees=2	3
0	0	0	0	0	004D7D30	FUN_004d7d30	DEFAULT	undefined4 __stdcall FUN_004d7d30(char param_1, int param_2, int param_3, int param_4)	ANALYSIS	__stdcall	__thiscall	RecoveredReceiver_0044D320	/SubmarineTitans/Recovered/HiddenThis/RecoveredReceiver_0044D320	4	26		4	4	0	0	0	16	medium	incoming_receiver_captures=1; entry_receiver_register_captures=0; receiver_accesses=0; receiver_bulk_copies=0; incoming_edx_uses=0; calls=4; ecx_pointer_setup=4; ecx_scalar_setup=0; caller_cleanup_calls=0; callee_ret_pop=[16]; expected_stack=16; receiver_family_members=26; same_this_callees=2	3
0	0	0	0	0	004D7E50	FUN_004d7e50	DEFAULT	undefined4 __stdcall FUN_004d7e50(char param_1, int param_2, int param_3, int param_4)	ANALYSIS	__stdcall	__thiscall	RecoveredReceiver_0044D320	/SubmarineTitans/Recovered/HiddenThis/RecoveredReceiver_0044D320	4	26		5	5	0	0	0	16	medium	incoming_receiver_captures=1; entry_receiver_register_captures=0; receiver_accesses=0; receiver_bulk_copies=0; incoming_edx_uses=0; calls=5; ecx_pointer_setup=5; ecx_scalar_setup=0; caller_cleanup_calls=0; callee_ret_pop=[16]; expected_stack=16; receiver_family_members=26; same_this_callees=2	3
0	0	0	0	0	004D7F70	FUN_004d7f70	DEFAULT	undefined4 __stdcall FUN_004d7f70(char param_1, int param_2, int param_3, int param_4)	ANALYSIS	__stdcall	__thiscall	RecoveredReceiver_0044D320	/SubmarineTitans/Recovered/HiddenThis/RecoveredReceiver_0044D320	4	26		2	2	0	0	0	16	medium	incoming_receiver_captures=1; entry_receiver_register_captures=0; receiver_accesses=0; receiver_bulk_copies=0; incoming_edx_uses=0; calls=2; ecx_pointer_setup=2; ecx_scalar_setup=0; caller_cleanup_calls=0; callee_ret_pop=[16]; expected_stack=16; receiver_family_members=26; same_this_callees=2	3
0	0	0	0	0	004D8110	FUN_004d8110	DEFAULT	undefined4 __stdcall FUN_004d8110(undefined4 param_1)	ANALYSIS	__stdcall	__thiscall	RecoveredReceiver_004D8110	/SubmarineTitans/Recovered/HiddenThis/RecoveredReceiver_004D8110	4	8		2	1	0	0	0	4	medium	incoming_receiver_captures=0; entry_receiver_register_captures=1; receiver_accesses=0; receiver_bulk_copies=0; incoming_edx_uses=0; calls=2; ecx_pointer_setup=1; ecx_scalar_setup=0; caller_cleanup_calls=0; callee_ret_pop=[4]; expected_stack=4; receiver_family_members=8; same_this_callees=2	3
0	0	0	0	0	004D8320	FUN_004d8320	DEFAULT	undefined4 __stdcall FUN_004d8320(undefined4 param_1)	ANALYSIS	__stdcall	__thiscall	RecoveredReceiver_004D8110	/SubmarineTitans/Recovered/HiddenThis/RecoveredReceiver_004D8110	4	8		2	2	0	0	0	4	medium	incoming_receiver_captures=0; entry_receiver_register_captures=1; receiver_accesses=0; receiver_bulk_copies=0; incoming_edx_uses=0; calls=2; ecx_pointer_setup=2; ecx_scalar_setup=0; caller_cleanup_calls=0; callee_ret_pop=[4]; expected_stack=4; receiver_family_members=8; same_this_callees=2	3
0	0	0	0	0	004D8E70	FUN_004d8e70	DEFAULT	undefined4 __thiscall FUN_004d8e70(void * this, int param_1, int param_2, undefined4 param_3)	ANALYSIS	__thiscall	__thiscall	RecoveredReceiver_004D8E70	/SubmarineTitans/Recovered/HiddenThis/RecoveredReceiver_004D8E70	1268	1		2	2	0	0	0	12	medium	incoming_receiver_captures=0; entry_receiver_register_captures=1; receiver_accesses=9; receiver_bulk_copies=0; incoming_edx_uses=0; calls=2; ecx_pointer_setup=2; ecx_scalar_setup=0; caller_cleanup_calls=0; callee_ret_pop=[12]; expected_stack=12; receiver_family_members=1; same_this_callees=0; single_function_field_only_receiver_kept_neutral; adopt_untyped_existing_thiscall	3
0	0	0	0	0	004D96B0	FUN_004d96b0	DEFAULT	undefined4 __stdcall FUN_004d96b0(void)	ANALYSIS	__stdcall	__thiscall	RecoveredReceiver_004D96B0	/SubmarineTitans/Recovered/HiddenThis/RecoveredReceiver_004D96B0	4	1		1	1	0	0	0	0	medium	incoming_receiver_captures=1; entry_receiver_register_captures=1; receiver_accesses=0; receiver_bulk_copies=0; incoming_edx_uses=0; calls=1; ecx_pointer_setup=1; ecx_scalar_setup=0; caller_cleanup_calls=0; callee_ret_pop=[0]; expected_stack=0; receiver_family_members=1; same_this_callees=1; single_function_field_only_receiver_kept_neutral	3
0	0	0	0	0	004DBB10	FUN_004dbb10	DEFAULT	int __thiscall FUN_004dbb10(void * this, RecoveredRecord_004DBB10_49DFDDD6 * param_1)	ANALYSIS	__thiscall	__thiscall	RecoveredReceiver_004C21A0	/SubmarineTitans/Recovered/HiddenThis/RecoveredReceiver_004C21A0	1240	2		2	1	0	0	0	4	medium	incoming_receiver_captures=0; entry_receiver_register_captures=0; receiver_accesses=2; receiver_bulk_copies=0; incoming_edx_uses=0; calls=2; ecx_pointer_setup=1; ecx_scalar_setup=0; caller_cleanup_calls=0; callee_ret_pop=[4]; expected_stack=4; receiver_family_members=2; same_this_callees=0; adopt_untyped_existing_thiscall	3
0	0	0	0	0	004DBB60	FUN_004dbb60	DEFAULT	undefined4 __thiscall FUN_004dbb60(void * this, int * param_1, int param_2)	ANALYSIS	__thiscall	__thiscall	RecoveredReceiver_004DBB60	/SubmarineTitans/Recovered/HiddenThis/RecoveredReceiver_004DBB60	1236	1		1	1	0	0	0	8	medium	incoming_receiver_captures=0; entry_receiver_register_captures=1; receiver_accesses=1; receiver_bulk_copies=0; incoming_edx_uses=0; calls=1; ecx_pointer_setup=1; ecx_scalar_setup=0; caller_cleanup_calls=0; callee_ret_pop=[8]; expected_stack=8; receiver_family_members=1; same_this_callees=0; single_function_field_only_receiver_kept_neutral; adopt_untyped_existing_thiscall	3
0	0	0	0	0	004DBCC0	FUN_004dbcc0	DEFAULT	undefined4 __thiscall FUN_004dbcc0(void * this, RecoveredRecordView_004DBCC0_6E09EFD2 * param_1, int param_2)	ANALYSIS	__thiscall	__thiscall	RecoveredReceiver_004DBCC0	/SubmarineTitans/Recovered/HiddenThis/RecoveredReceiver_004DBCC0	28	1		4	4	0	0	0	8	medium	incoming_receiver_captures=0; entry_receiver_register_captures=1; receiver_accesses=2; receiver_bulk_copies=0; incoming_edx_uses=0; calls=4; ecx_pointer_setup=4; ecx_scalar_setup=0; caller_cleanup_calls=0; callee_ret_pop=[8]; expected_stack=8; receiver_family_members=1; same_this_callees=0; single_function_field_only_receiver_kept_neutral; adopt_untyped_existing_thiscall	3
0	0	0	0	0	004DBE00	FUN_004dbe00	DEFAULT	undefined4 __thiscall FUN_004dbe00(void * this, RecoveredRecord_004DBE00_6A369FCE * param_1)	ANALYSIS	__thiscall	__thiscall	RecoveredReceiver_004DBE00	/SubmarineTitans/Recovered/HiddenThis/RecoveredReceiver_004DBE00	1236	1		2	2	0	0	0	4	medium	incoming_receiver_captures=0; entry_receiver_register_captures=1; receiver_accesses=1; receiver_bulk_copies=0; incoming_edx_uses=0; calls=2; ecx_pointer_setup=2; ecx_scalar_setup=0; caller_cleanup_calls=0; callee_ret_pop=[4]; expected_stack=4; receiver_family_members=1; same_this_callees=0; single_function_field_only_receiver_kept_neutral; adopt_untyped_existing_thiscall	3
0	0	0	0	0	004DBF30	FUN_004dbf30	DEFAULT	undefined4 __thiscall FUN_004dbf30(void * this, RecoveredRecordView_004DBF30_6D6AEAAB * param_1)	ANALYSIS	__thiscall	__thiscall	RecoveredReceiver_004DBF30	/SubmarineTitans/Recovered/HiddenThis/RecoveredReceiver_004DBF30	28	1		1	1	0	0	0	4	medium	incoming_receiver_captures=0; entry_receiver_register_captures=1; receiver_accesses=1; receiver_bulk_copies=0; incoming_edx_uses=0; calls=1; ecx_pointer_setup=1; ecx_scalar_setup=0; caller_cleanup_calls=0; callee_ret_pop=[4]; expected_stack=4; receiver_family_members=1; same_this_callees=0; single_function_field_only_receiver_kept_neutral; adopt_untyped_existing_thiscall	3
0	0	0	0	0	004DC4B0	FUN_004dc4b0	DEFAULT	undefined __thiscall FUN_004dc4b0(void * this, TLOBaseTy_sub_004CAFC0_param_1Enum param_1, int param_2, uint * param_3, uint * param_4)	ANALYSIS	__thiscall	__thiscall	RecoveredReceiver_004DC4B0	/SubmarineTitans/Recovered/HiddenThis/RecoveredReceiver_004DC4B0	1236	1		1	1	0	0	0	16	medium	incoming_receiver_captures=0; entry_receiver_register_captures=1; receiver_accesses=4; receiver_bulk_copies=0; incoming_edx_uses=0; calls=1; ecx_pointer_setup=1; ecx_scalar_setup=0; caller_cleanup_calls=0; callee_ret_pop=[16]; expected_stack=16; receiver_family_members=1; same_this_callees=0; single_function_field_only_receiver_kept_neutral; adopt_untyped_existing_thiscall	3
0	0	0	0	0	004DC720	FUN_004dc720	DEFAULT	undefined4 __thiscall FUN_004dc720(void * this, int param_1)	ANALYSIS	__thiscall	__thiscall	RecoveredReceiver_004DC720	/SubmarineTitans/Recovered/HiddenThis/RecoveredReceiver_004DC720	1244	1		1	1	0	0	0	4	medium	incoming_receiver_captures=0; entry_receiver_register_captures=0; receiver_accesses=3; receiver_bulk_copies=0; incoming_edx_uses=0; calls=1; ecx_pointer_setup=1; ecx_scalar_setup=0; caller_cleanup_calls=0; callee_ret_pop=[4]; expected_stack=4; receiver_family_members=1; same_this_callees=0; single_function_field_only_receiver_kept_neutral; adopt_untyped_existing_thiscall	3
0	0	0	0	0	004DCAA0	FUN_004dcaa0	DEFAULT	undefined __thiscall FUN_004dcaa0(void * this, TLOBaseTy_sub_004CAFC0_param_1Enum param_1, int param_2, uint * param_3, uint * param_4)	ANALYSIS	__thiscall	__thiscall	RecoveredReceiver_004DCAA0	/SubmarineTitans/Recovered/HiddenThis/RecoveredReceiver_004DCAA0	1236	1		1	1	0	0	0	16	medium	incoming_receiver_captures=0; entry_receiver_register_captures=1; receiver_accesses=3; receiver_bulk_copies=0; incoming_edx_uses=0; calls=1; ecx_pointer_setup=1; ecx_scalar_setup=0; caller_cleanup_calls=0; callee_ret_pop=[16]; expected_stack=16; receiver_family_members=1; same_this_callees=0; single_function_field_only_receiver_kept_neutral; adopt_untyped_existing_thiscall	3
0	0	0	0	0	004DD6C0	FUN_004dd6c0	DEFAULT	undefined4 __thiscall FUN_004dd6c0(void * this, undefined4 param_1)	ANALYSIS	__thiscall	__thiscall	RecoveredReceiver_004DD6C0	/SubmarineTitans/Recovered/HiddenThis/RecoveredReceiver_004DD6C0	1240	1		1	1	0	0	0	4	medium	incoming_receiver_captures=0; entry_receiver_register_captures=0; receiver_accesses=2; receiver_bulk_copies=0; incoming_edx_uses=0; calls=1; ecx_pointer_setup=1; ecx_scalar_setup=0; caller_cleanup_calls=0; callee_ret_pop=[4]; expected_stack=4; receiver_family_members=1; same_this_callees=0; single_function_field_only_receiver_kept_neutral; adopt_untyped_existing_thiscall	3
0	0	0	0	0	004DD700	FUN_004dd700	DEFAULT	undefined4 __thiscall FUN_004dd700(void * this, int param_1)	ANALYSIS	__thiscall	__thiscall	RecoveredReceiver_004DD700	/SubmarineTitans/Recovered/HiddenThis/RecoveredReceiver_004DD700	1240	1		1	1	0	0	0	4	medium	incoming_receiver_captures=0; entry_receiver_register_captures=0; receiver_accesses=2; receiver_bulk_copies=0; incoming_edx_uses=0; calls=1; ecx_pointer_setup=1; ecx_scalar_setup=0; caller_cleanup_calls=0; callee_ret_pop=[4]; expected_stack=4; receiver_family_members=1; same_this_callees=0; single_function_field_only_receiver_kept_neutral; adopt_untyped_existing_thiscall	3
0	0	0	0	0	004DD770	FUN_004dd770	DEFAULT	uint __thiscall FUN_004dd770(void * this, int param_1)	ANALYSIS	__thiscall	__thiscall	RecoveredReceiver_004DD770	/SubmarineTitans/Recovered/HiddenThis/RecoveredReceiver_004DD770	1240	1	0x90	1	1	0	0	0	4	medium	incoming_receiver_captures=0; entry_receiver_register_captures=1; receiver_accesses=3; receiver_bulk_copies=0; incoming_edx_uses=0; calls=1; ecx_pointer_setup=1; ecx_scalar_setup=0; caller_cleanup_calls=0; callee_ret_pop=[4]; expected_stack=4; receiver_family_members=1; same_this_callees=1; adopt_untyped_existing_thiscall	3
0	0	0	0	0	004DD7C0	FUN_004dd7c0	DEFAULT	undefined4 __thiscall FUN_004dd7c0(void * this, int param_1, int param_2)	ANALYSIS	__thiscall	__thiscall	RecoveredReceiver_004DD7C0	/SubmarineTitans/Recovered/HiddenThis/RecoveredReceiver_004DD7C0	1240	1		1	1	0	0	0	8	medium	incoming_receiver_captures=0; entry_receiver_register_captures=0; receiver_accesses=1; receiver_bulk_copies=0; incoming_edx_uses=0; calls=1; ecx_pointer_setup=1; ecx_scalar_setup=0; caller_cleanup_calls=0; callee_ret_pop=[8]; expected_stack=8; receiver_family_members=1; same_this_callees=0; single_function_field_only_receiver_kept_neutral; adopt_untyped_existing_thiscall	3
0	0	0	0	0	004DD800	FUN_004dd800	DEFAULT	uint __thiscall FUN_004dd800(void * this, int param_1)	ANALYSIS	__thiscall	__thiscall	RecoveredReceiver_004DD800	/SubmarineTitans/Recovered/HiddenThis/RecoveredReceiver_004DD800	1240	1	0x90	1	1	0	0	0	4	medium	incoming_receiver_captures=0; entry_receiver_register_captures=1; receiver_accesses=3; receiver_bulk_copies=0; incoming_edx_uses=0; calls=1; ecx_pointer_setup=1; ecx_scalar_setup=0; caller_cleanup_calls=0; callee_ret_pop=[4]; expected_stack=4; receiver_family_members=1; same_this_callees=1; adopt_untyped_existing_thiscall	3
0	0	0	0	0	004DDB30	FUN_004ddb30	DEFAULT	undefined4 __thiscall FUN_004ddb30(void * this, int param_1)	ANALYSIS	__thiscall	__thiscall	RecoveredReceiver_004DDB30	/SubmarineTitans/Recovered/HiddenThis/RecoveredReceiver_004DDB30	1256	1		1	1	0	0	0	4	medium	incoming_receiver_captures=0; entry_receiver_register_captures=0; receiver_accesses=2; receiver_bulk_copies=0; incoming_edx_uses=0; calls=1; ecx_pointer_setup=1; ecx_scalar_setup=0; caller_cleanup_calls=0; callee_ret_pop=[4]; expected_stack=4; receiver_family_members=1; same_this_callees=0; single_function_field_only_receiver_kept_neutral; adopt_untyped_existing_thiscall	3
0	0	0	0	0	004DDBA0	FUN_004ddba0	DEFAULT	undefined4 __thiscall FUN_004ddba0(void * this, int param_1)	ANALYSIS	__thiscall	__thiscall	RecoveredReceiver_004DDBA0	/SubmarineTitans/Recovered/HiddenThis/RecoveredReceiver_004DDBA0	40	1		1	1	0	0	0	4	medium	incoming_receiver_captures=0; entry_receiver_register_captures=1; receiver_accesses=2; receiver_bulk_copies=0; incoming_edx_uses=0; calls=1; ecx_pointer_setup=1; ecx_scalar_setup=0; caller_cleanup_calls=0; callee_ret_pop=[4]; expected_stack=4; receiver_family_members=1; same_this_callees=0; single_function_field_only_receiver_kept_neutral; adopt_untyped_existing_thiscall	3
0	0	0	0	0	004DDC30	FUN_004ddc30	DEFAULT	undefined4 __thiscall FUN_004ddc30(void * this, int param_1, int param_2)	ANALYSIS	__thiscall	__thiscall	RecoveredReceiver_004DDC30	/SubmarineTitans/Recovered/HiddenThis/RecoveredReceiver_004DDC30	1256	1		2	2	0	0	0	8	medium	incoming_receiver_captures=0; entry_receiver_register_captures=0; receiver_accesses=2; receiver_bulk_copies=0; incoming_edx_uses=0; calls=2; ecx_pointer_setup=2; ecx_scalar_setup=0; caller_cleanup_calls=0; callee_ret_pop=[8]; expected_stack=8; receiver_family_members=1; same_this_callees=1; single_function_field_only_receiver_kept_neutral; adopt_untyped_existing_thiscall	3
0	0	0	0	0	004DE1E0	FUN_004de1e0	DEFAULT	undefined4 __thiscall FUN_004de1e0(void * this, Global_sub_004DE1E0_param_1Enum param_1)	ANALYSIS	__thiscall	__thiscall	RecoveredReceiver_004DE1E0	/SubmarineTitans/Recovered/HiddenThis/RecoveredReceiver_004DE1E0	1256	1		1	1	0	0	0	4	medium	incoming_receiver_captures=0; entry_receiver_register_captures=1; receiver_accesses=6; receiver_bulk_copies=0; incoming_edx_uses=0; calls=1; ecx_pointer_setup=1; ecx_scalar_setup=0; caller_cleanup_calls=0; callee_ret_pop=[4]; expected_stack=4; receiver_family_members=1; same_this_callees=1; single_function_field_only_receiver_kept_neutral; adopt_untyped_existing_thiscall	3
0	0	0	0	0	004DE300	FUN_004de300	DEFAULT	undefined4 __thiscall FUN_004de300(void * this, Global_sub_004DE300_param_1Enum param_1)	ANALYSIS	__thiscall	__thiscall	RecoveredReceiver_004DE300	/SubmarineTitans/Recovered/HiddenThis/RecoveredReceiver_004DE300	1256	1		1	1	0	0	0	4	medium	incoming_receiver_captures=0; entry_receiver_register_captures=1; receiver_accesses=6; receiver_bulk_copies=0; incoming_edx_uses=0; calls=1; ecx_pointer_setup=1; ecx_scalar_setup=0; caller_cleanup_calls=0; callee_ret_pop=[4]; expected_stack=4; receiver_family_members=1; same_this_callees=1; single_function_field_only_receiver_kept_neutral; adopt_untyped_existing_thiscall	3
0	0	0	0	0	004DE4F0	FUN_004de4f0	DEFAULT	int __thiscall FUN_004de4f0(void * this, int param_1)	ANALYSIS	__thiscall	__thiscall	RecoveredReceiver_004DE4F0	/SubmarineTitans/Recovered/HiddenThis/RecoveredReceiver_004DE4F0	4	1		1	1	0	0	0	4	medium	incoming_receiver_captures=1; entry_receiver_register_captures=0; receiver_accesses=0; receiver_bulk_copies=0; incoming_edx_uses=0; calls=1; ecx_pointer_setup=1; ecx_scalar_setup=0; caller_cleanup_calls=0; callee_ret_pop=[4]; expected_stack=4; receiver_family_members=1; same_this_callees=1; single_function_field_only_receiver_kept_neutral; adopt_untyped_existing_thiscall	3
0	0	0	0	0	004DEA90	FUN_004dea90	DEFAULT	undefined __thiscall FUN_004dea90(void * this, TLOBaseTy_sub_004CAFC0_param_1Enum param_1, int param_2, int * param_3, int * param_4)	ANALYSIS	__thiscall	__thiscall	RecoveredReceiver_004DEA90	/SubmarineTitans/Recovered/HiddenThis/RecoveredReceiver_004DEA90	585	1		1	1	0	0	0	16	medium	incoming_receiver_captures=0; entry_receiver_register_captures=1; receiver_accesses=4; receiver_bulk_copies=0; incoming_edx_uses=0; calls=1; ecx_pointer_setup=1; ecx_scalar_setup=0; caller_cleanup_calls=0; callee_ret_pop=[16]; expected_stack=16; receiver_family_members=1; same_this_callees=0; single_function_field_only_receiver_kept_neutral; adopt_untyped_existing_thiscall	3
0	0	0	0	0	004DEBD0	FUN_004debd0	DEFAULT	undefined4 __thiscall FUN_004debd0(void * this, int param_1)	ANALYSIS	__thiscall	__thiscall	RecoveredReceiver_004DEBD0	/SubmarineTitans/Recovered/HiddenThis/RecoveredReceiver_004DEBD0	1240	1		1	1	0	0	0	4	medium	incoming_receiver_captures=0; entry_receiver_register_captures=0; receiver_accesses=3; receiver_bulk_copies=0; incoming_edx_uses=0; calls=1; ecx_pointer_setup=1; ecx_scalar_setup=0; caller_cleanup_calls=0; callee_ret_pop=[4]; expected_stack=4; receiver_family_members=1; same_this_callees=0; single_function_field_only_receiver_kept_neutral; adopt_untyped_existing_thiscall	3
0	0	0	0	0	004DEEB0	FUN_004deeb0	DEFAULT	undefined __thiscall FUN_004deeb0(void * this, TLOBaseTy_sub_004CAFC0_param_1Enum param_1, int param_2, uint * param_3, uint * param_4)	ANALYSIS	__thiscall	__thiscall	RecoveredReceiver_004DEEB0	/SubmarineTitans/Recovered/HiddenThis/RecoveredReceiver_004DEEB0	1236	1		1	1	0	0	0	16	medium	incoming_receiver_captures=0; entry_receiver_register_captures=0; receiver_accesses=1; receiver_bulk_copies=0; incoming_edx_uses=0; calls=1; ecx_pointer_setup=1; ecx_scalar_setup=0; caller_cleanup_calls=0; callee_ret_pop=[16]; expected_stack=16; receiver_family_members=1; same_this_callees=0; single_function_field_only_receiver_kept_neutral; adopt_untyped_existing_thiscall	3
0	0	0	0	0	004DF370	FUN_004df370	DEFAULT	undefined4 __thiscall FUN_004df370(void * this, int param_1)	ANALYSIS	__thiscall	__thiscall	RecoveredReceiver_004DF370	/SubmarineTitans/Recovered/HiddenThis/RecoveredReceiver_004DF370	1244	1		1	1	0	0	0	4	medium	incoming_receiver_captures=0; entry_receiver_register_captures=0; receiver_accesses=3; receiver_bulk_copies=0; incoming_edx_uses=0; calls=1; ecx_pointer_setup=1; ecx_scalar_setup=0; caller_cleanup_calls=0; callee_ret_pop=[4]; expected_stack=4; receiver_family_members=1; same_this_callees=0; single_function_field_only_receiver_kept_neutral; adopt_untyped_existing_thiscall	3
0	0	0	0	0	004DF6F0	FUN_004df6f0	DEFAULT	undefined __thiscall FUN_004df6f0(void * this, TLOBaseTy_sub_004CAFC0_param_1Enum param_1, int param_2, uint * param_3, uint * param_4)	ANALYSIS	__thiscall	__thiscall	RecoveredReceiver_004DF6F0	/SubmarineTitans/Recovered/HiddenThis/RecoveredReceiver_004DF6F0	1236	1		1	1	0	0	0	16	medium	incoming_receiver_captures=0; entry_receiver_register_captures=1; receiver_accesses=3; receiver_bulk_copies=0; incoming_edx_uses=0; calls=1; ecx_pointer_setup=1; ecx_scalar_setup=0; caller_cleanup_calls=0; callee_ret_pop=[16]; expected_stack=16; receiver_family_members=1; same_this_callees=0; single_function_field_only_receiver_kept_neutral; adopt_untyped_existing_thiscall	3
0	0	0	0	0	004DFC70	FUN_004dfc70	DEFAULT	int __thiscall FUN_004dfc70(void * this, int * param_1)	ANALYSIS	__thiscall	__thiscall	RecoveredReceiver_004DFC70	/SubmarineTitans/Recovered/HiddenThis/RecoveredReceiver_004DFC70	4	1		1	1	0	0	0	4	medium	incoming_receiver_captures=1; entry_receiver_register_captures=0; receiver_accesses=0; receiver_bulk_copies=0; incoming_edx_uses=0; calls=1; ecx_pointer_setup=1; ecx_scalar_setup=0; caller_cleanup_calls=0; callee_ret_pop=[4]; expected_stack=4; receiver_family_members=1; same_this_callees=1; single_function_field_only_receiver_kept_neutral; adopt_untyped_existing_thiscall	3
0	0	0	0	0	004E15F0	FUN_004e15f0	DEFAULT	undefined4 __thiscall FUN_004e15f0(void * this, uint param_1)	ANALYSIS	__thiscall	__thiscall	RecoveredReceiver_004E15F0	/SubmarineTitans/Recovered/HiddenThis/RecoveredReceiver_004E15F0	1244	1		6	6	0	0	0	4	medium	incoming_receiver_captures=0; entry_receiver_register_captures=1; receiver_accesses=6; receiver_bulk_copies=0; incoming_edx_uses=0; calls=6; ecx_pointer_setup=6; ecx_scalar_setup=0; caller_cleanup_calls=0; callee_ret_pop=[4]; expected_stack=4; receiver_family_members=1; same_this_callees=0; single_function_field_only_receiver_kept_neutral; adopt_untyped_existing_thiscall	3
0	0	0	0	0	004E1690	FUN_004e1690	DEFAULT	int __thiscall FUN_004e1690(void * this, int param_1)	ANALYSIS	__thiscall	__thiscall	RecoveredReceiver_004E1690	/SubmarineTitans/Recovered/HiddenThis/RecoveredReceiver_004E1690	1244	1		7	6	0	0	0	4	medium	incoming_receiver_captures=0; entry_receiver_register_captures=0; receiver_accesses=2; receiver_bulk_copies=0; incoming_edx_uses=0; calls=7; ecx_pointer_setup=6; ecx_scalar_setup=0; caller_cleanup_calls=0; callee_ret_pop=[4]; expected_stack=4; receiver_family_members=1; same_this_callees=0; single_function_field_only_receiver_kept_neutral; adopt_untyped_existing_thiscall	3
0	0	0	0	0	004E16D0	FUN_004e16d0	DEFAULT	undefined4 __thiscall FUN_004e16d0(void * this, int param_1)	ANALYSIS	__thiscall	__thiscall	RecoveredReceiver_004E16D0	/SubmarineTitans/Recovered/HiddenThis/RecoveredReceiver_004E16D0	1456	1	0x90	7	7	0	0	0	4	medium	incoming_receiver_captures=0; entry_receiver_register_captures=1; receiver_accesses=7; receiver_bulk_copies=0; incoming_edx_uses=0; calls=7; ecx_pointer_setup=7; ecx_scalar_setup=0; caller_cleanup_calls=0; callee_ret_pop=[4]; expected_stack=4; receiver_family_members=1; same_this_callees=2; adopt_untyped_existing_thiscall	3
0	0	0	0	0	004E18E0	FUN_004e18e0	DEFAULT	undefined4 __thiscall FUN_004e18e0(void * this, int param_1)	ANALYSIS	__thiscall	__thiscall	RecoveredReceiver_004E18E0	/SubmarineTitans/Recovered/HiddenThis/RecoveredReceiver_004E18E0	1256	1		5	5	0	0	0	4	medium	incoming_receiver_captures=0; entry_receiver_register_captures=0; receiver_accesses=4; receiver_bulk_copies=0; incoming_edx_uses=0; calls=5; ecx_pointer_setup=5; ecx_scalar_setup=0; caller_cleanup_calls=0; callee_ret_pop=[4]; expected_stack=4; receiver_family_members=1; same_this_callees=0; single_function_field_only_receiver_kept_neutral; adopt_untyped_existing_thiscall	3
0	0	0	0	0	004E1930	FUN_004e1930	DEFAULT	int __thiscall FUN_004e1930(void * this, int * param_1, int param_2)	ANALYSIS	__thiscall	__thiscall	RecoveredReceiver_004E1930	/SubmarineTitans/Recovered/HiddenThis/RecoveredReceiver_004E1930	1468	1	0x90	2	2	0	0	0	8	medium	incoming_receiver_captures=0; entry_receiver_register_captures=1; receiver_accesses=19; receiver_bulk_copies=0; incoming_edx_uses=0; calls=2; ecx_pointer_setup=2; ecx_scalar_setup=0; caller_cleanup_calls=0; callee_ret_pop=[8]; expected_stack=8; receiver_family_members=1; same_this_callees=0; adopt_untyped_existing_thiscall	3
0	0	0	0	0	004E1D70	FUN_004e1d70	DEFAULT	void __thiscall FUN_004e1d70(void * this, int param_1, int param_2)	ANALYSIS	__thiscall	__thiscall	RecoveredReceiver_004E1D70	/SubmarineTitans/Recovered/HiddenThis/RecoveredReceiver_004E1D70	1248	1		6	6	0	0	0	8	medium	incoming_receiver_captures=0; entry_receiver_register_captures=1; receiver_accesses=7; receiver_bulk_copies=0; incoming_edx_uses=0; calls=6; ecx_pointer_setup=6; ecx_scalar_setup=0; caller_cleanup_calls=0; callee_ret_pop=[8]; expected_stack=8; receiver_family_members=1; same_this_callees=0; single_function_field_only_receiver_kept_neutral; adopt_untyped_existing_thiscall	3
0	0	0	0	0	004E1EB0	FUN_004e1eb0	DEFAULT	int __thiscall FUN_004e1eb0(void * this, int param_1, int param_2, int param_3)	ANALYSIS	__thiscall	__thiscall	RecoveredReceiver_004E1EB0	/SubmarineTitans/Recovered/HiddenThis/RecoveredReceiver_004E1EB0	1276	1		3	3	0	0	0	12	medium	incoming_receiver_captures=0; entry_receiver_register_captures=1; receiver_accesses=8; receiver_bulk_copies=0; incoming_edx_uses=0; calls=3; ecx_pointer_setup=3; ecx_scalar_setup=0; caller_cleanup_calls=0; callee_ret_pop=[12]; expected_stack=12; receiver_family_members=1; same_this_callees=0; single_function_field_only_receiver_kept_neutral; adopt_untyped_existing_thiscall	3
0	0	0	0	0	004E1FB0	FUN_004e1fb0	DEFAULT	int __thiscall FUN_004e1fb0(void * this, int param_1, uint param_2)	ANALYSIS	__thiscall	__thiscall	RecoveredReceiver_004E1F70	/SubmarineTitans/Recovered/HiddenThis/RecoveredReceiver_004E1F70	585	3		2	2	0	0	0	8	medium	incoming_receiver_captures=0; entry_receiver_register_captures=1; receiver_accesses=1; receiver_bulk_copies=0; incoming_edx_uses=0; calls=2; ecx_pointer_setup=2; ecx_scalar_setup=0; caller_cleanup_calls=0; callee_ret_pop=[8]; expected_stack=8; receiver_family_members=3; same_this_callees=1; adopt_untyped_existing_thiscall	3
0	0	0	0	0	004E20D0	FUN_004e20d0	DEFAULT	undefined4 __thiscall FUN_004e20d0(void * this, int param_1, int param_2, STBoatC_field_06F7State param_3, undefined4 param_4)	ANALYSIS	__thiscall	__thiscall	RecoveredReceiver_004E20D0	/SubmarineTitans/Recovered/HiddenThis/RecoveredReceiver_004E20D0	1316	2		1	1	0	0	0	16	medium	incoming_receiver_captures=0; entry_receiver_register_captures=1; receiver_accesses=2; receiver_bulk_copies=0; incoming_edx_uses=0; calls=1; ecx_pointer_setup=1; ecx_scalar_setup=0; caller_cleanup_calls=0; callee_ret_pop=[16]; expected_stack=16; receiver_family_members=2; same_this_callees=2; adopt_untyped_existing_thiscall	3
0	0	0	0	0	004E22F0	FUN_004e22f0	DEFAULT	uint __thiscall FUN_004e22f0(void * this, int param_1)	ANALYSIS	__thiscall	__thiscall	RecoveredReceiver_004E1F70	/SubmarineTitans/Recovered/HiddenThis/RecoveredReceiver_004E1F70	585	3		3	3	0	0	0	4	medium	incoming_receiver_captures=0; entry_receiver_register_captures=1; receiver_accesses=0; receiver_bulk_copies=0; incoming_edx_uses=0; calls=3; ecx_pointer_setup=3; ecx_scalar_setup=0; caller_cleanup_calls=0; callee_ret_pop=[4]; expected_stack=4; receiver_family_members=3; same_this_callees=1; adopt_untyped_existing_thiscall	3
0	0	0	0	0	004E2340	FUN_004e2340	DEFAULT	int __thiscall FUN_004e2340(void * this, uint param_1, int param_2, undefined4 * param_3)	ANALYSIS	__thiscall	__thiscall	RecoveredReceiver_004E2340	/SubmarineTitans/Recovered/HiddenThis/RecoveredReceiver_004E2340	1320	1	0x2C,0x90	1	1	0	0	0	12	medium	incoming_receiver_captures=0; entry_receiver_register_captures=1; receiver_accesses=25; receiver_bulk_copies=0; incoming_edx_uses=0; calls=1; ecx_pointer_setup=1; ecx_scalar_setup=0; caller_cleanup_calls=0; callee_ret_pop=[12]; expected_stack=12; receiver_family_members=1; same_this_callees=0; adopt_untyped_existing_thiscall	3
0	0	0	0	0	004E3790	FUN_004e3790	DEFAULT	int __thiscall FUN_004e3790(void * this, uint param_1, int param_2, int param_3)	ANALYSIS	__thiscall	__thiscall	RecoveredReceiver_004E3790	/SubmarineTitans/Recovered/HiddenThis/RecoveredReceiver_004E3790	40	1		1	1	0	0	0	12	medium	incoming_receiver_captures=0; entry_receiver_register_captures=1; receiver_accesses=1; receiver_bulk_copies=0; incoming_edx_uses=0; calls=1; ecx_pointer_setup=1; ecx_scalar_setup=0; caller_cleanup_calls=0; callee_ret_pop=[12]; expected_stack=12; receiver_family_members=1; same_this_callees=1; single_function_field_only_receiver_kept_neutral; adopt_untyped_existing_thiscall	3
0	0	0	0	0	004E3800	FUN_004e3800	DEFAULT	int __thiscall FUN_004e3800(void * this, int param_1, int param_2)	ANALYSIS	__thiscall	__thiscall	RecoveredReceiver_004E3800	/SubmarineTitans/Recovered/HiddenThis/RecoveredReceiver_004E3800	877	1		1	1	0	0	0	8	medium	incoming_receiver_captures=0; entry_receiver_register_captures=1; receiver_accesses=3; receiver_bulk_copies=0; incoming_edx_uses=0; calls=1; ecx_pointer_setup=1; ecx_scalar_setup=0; caller_cleanup_calls=0; callee_ret_pop=[8]; expected_stack=8; receiver_family_members=1; same_this_callees=1; single_function_field_only_receiver_kept_neutral; adopt_untyped_existing_thiscall	3
0	0	0	0	0	004E42E0	FUN_004e42e0	DEFAULT	uint __stdcall FUN_004e42e0(int param_1)	ANALYSIS	__stdcall	__thiscall	RecoveredReceiver_0044D320	/SubmarineTitans/Recovered/HiddenThis/RecoveredReceiver_0044D320	4	26		1	1	0	0	0	4	medium	incoming_receiver_captures=0; entry_receiver_register_captures=1; receiver_accesses=0; receiver_bulk_copies=0; incoming_edx_uses=0; calls=1; ecx_pointer_setup=1; ecx_scalar_setup=0; caller_cleanup_calls=0; callee_ret_pop=[4]; expected_stack=4; receiver_family_members=26; same_this_callees=3	3
0	0	0	0	0	004E4E90	FUN_004e4e90	DEFAULT	undefined4 __thiscall FUN_004e4e90(void * this, int param_1, int param_2)	ANALYSIS	__thiscall	__thiscall	RecoveredReceiver_004E4E90	/SubmarineTitans/Recovered/HiddenThis/RecoveredReceiver_004E4E90	1244	1		1	1	0	0	0	8	medium	incoming_receiver_captures=0; entry_receiver_register_captures=1; receiver_accesses=5; receiver_bulk_copies=0; incoming_edx_uses=0; calls=1; ecx_pointer_setup=1; ecx_scalar_setup=0; caller_cleanup_calls=0; callee_ret_pop=[12]; expected_stack=8; receiver_family_members=1; same_this_callees=0; stack_discipline_mismatch; single_function_field_only_receiver_kept_neutral; adopt_untyped_existing_thiscall	3
0	0	0	0	0	004E5990	FUN_004e5990	DEFAULT	int __stdcall FUN_004e5990(int param_1, uint param_2, int param_3)	ANALYSIS	__stdcall	__thiscall	RecoveredReceiver_004E5910	/SubmarineTitans/Recovered/HiddenThis/RecoveredReceiver_004E5910	4	26		1	1	0	0	0	12	medium	incoming_receiver_captures=1; entry_receiver_register_captures=0; receiver_accesses=0; receiver_bulk_copies=0; incoming_edx_uses=0; calls=1; ecx_pointer_setup=1; ecx_scalar_setup=0; caller_cleanup_calls=0; callee_ret_pop=[12]; expected_stack=12; receiver_family_members=26; same_this_callees=2	3
0	0	0	0	0	004E5AF0	FUN_004e5af0	DEFAULT	undefined __stdcall FUN_004e5af0(int param_1, uint param_2, int param_3)	ANALYSIS	__stdcall	__thiscall	RecoveredReceiver_004E5910	/SubmarineTitans/Recovered/HiddenThis/RecoveredReceiver_004E5910	4	26		1	1	0	0	0	12	medium	incoming_receiver_captures=0; entry_receiver_register_captures=1; receiver_accesses=0; receiver_bulk_copies=0; incoming_edx_uses=0; calls=1; ecx_pointer_setup=1; ecx_scalar_setup=0; caller_cleanup_calls=0; callee_ret_pop=[12]; expected_stack=12; receiver_family_members=26; same_this_callees=3	3
0	0	0	0	0	004E5B80	FUN_004e5b80	DEFAULT	undefined __stdcall FUN_004e5b80(int param_1, uint param_2, int param_3)	ANALYSIS	__stdcall	__thiscall	RecoveredReceiver_004E5910	/SubmarineTitans/Recovered/HiddenThis/RecoveredReceiver_004E5910	4	26		1	1	0	0	0	12	medium	incoming_receiver_captures=0; entry_receiver_register_captures=1; receiver_accesses=0; receiver_bulk_copies=0; incoming_edx_uses=0; calls=1; ecx_pointer_setup=1; ecx_scalar_setup=0; caller_cleanup_calls=0; callee_ret_pop=[12]; expected_stack=12; receiver_family_members=26; same_this_callees=1	3
0	0	0	0	0	004E6680	FUN_004e6680	DEFAULT	undefined __stdcall FUN_004e6680(int param_1)	ANALYSIS	__stdcall	__thiscall	RecoveredReceiver_004E5910	/SubmarineTitans/Recovered/HiddenThis/RecoveredReceiver_004E5910	4	26		1	1	0	0	0	4	medium	incoming_receiver_captures=1; entry_receiver_register_captures=0; receiver_accesses=0; receiver_bulk_copies=0; incoming_edx_uses=0; calls=1; ecx_pointer_setup=1; ecx_scalar_setup=0; caller_cleanup_calls=0; callee_ret_pop=[4]; expected_stack=4; receiver_family_members=26; same_this_callees=1	3
0	0	0	0	0	004E68A0	FUN_004e68a0	DEFAULT	void __stdcall FUN_004e68a0(byte * param_1, undefined1 * param_2, uint param_3, undefined4 * param_4)	ANALYSIS	__stdcall	__thiscall	RecoveredReceiver_004E5910	/SubmarineTitans/Recovered/HiddenThis/RecoveredReceiver_004E5910	4	26		2	2	0	0	0	16	medium	incoming_receiver_captures=1; entry_receiver_register_captures=1; receiver_accesses=0; receiver_bulk_copies=0; incoming_edx_uses=0; calls=2; ecx_pointer_setup=2; ecx_scalar_setup=0; caller_cleanup_calls=0; callee_ret_pop=[16]; expected_stack=16; receiver_family_members=26; same_this_callees=3	3
0	0	0	0	0	004E6A80	FUN_004e6a80	DEFAULT	int __stdcall FUN_004e6a80(byte * param_1, int param_2)	ANALYSIS	__stdcall	__thiscall	RecoveredReceiver_004E5910	/SubmarineTitans/Recovered/HiddenThis/RecoveredReceiver_004E5910	4	26		9	4	0	0	0	8	medium	incoming_receiver_captures=1; entry_receiver_register_captures=0; receiver_accesses=0; receiver_bulk_copies=0; incoming_edx_uses=0; calls=9; ecx_pointer_setup=4; ecx_scalar_setup=0; caller_cleanup_calls=0; callee_ret_pop=[8]; expected_stack=8; receiver_family_members=26; same_this_callees=1	3
0	0	0	0	0	004E6B40	FUN_004e6b40	DEFAULT	undefined __stdcall FUN_004e6b40(byte * param_1, void * param_2, uint * param_3)	ANALYSIS	__stdcall	__thiscall	RecoveredReceiver_004E5910	/SubmarineTitans/Recovered/HiddenThis/RecoveredReceiver_004E5910	4	26		1	1	0	0	0	12	medium	incoming_receiver_captures=1; entry_receiver_register_captures=0; receiver_accesses=0; receiver_bulk_copies=0; incoming_edx_uses=0; calls=1; ecx_pointer_setup=1; ecx_scalar_setup=0; caller_cleanup_calls=0; callee_ret_pop=[12]; expected_stack=12; receiver_family_members=26; same_this_callees=4	3
0	0	0	0	0	004E6D00	FUN_004e6d00	DEFAULT	undefined __stdcall FUN_004e6d00(STAllPlayersC * context, byte * param_2, void * param_3, uint * param_4)	ANALYSIS	__stdcall	__thiscall	RecoveredReceiver_004E5910	/SubmarineTitans/Recovered/HiddenThis/RecoveredReceiver_004E5910	4	26		1	1	0	0	0	16	medium	incoming_receiver_captures=0; entry_receiver_register_captures=1; receiver_accesses=0; receiver_bulk_copies=0; incoming_edx_uses=0; calls=1; ecx_pointer_setup=1; ecx_scalar_setup=0; caller_cleanup_calls=0; callee_ret_pop=[12]; expected_stack=16; receiver_family_members=26; same_this_callees=4; stack_discipline_mismatch	3
0	0	0	0	0	004E6F00	FUN_004e6f00	DEFAULT	int __stdcall FUN_004e6f00(int param_1)	ANALYSIS	__stdcall	__thiscall	RecoveredReceiver_004E5910	/SubmarineTitans/Recovered/HiddenThis/RecoveredReceiver_004E5910	4	26		1	1	0	0	0	4	medium	incoming_receiver_captures=1; entry_receiver_register_captures=0; receiver_accesses=0; receiver_bulk_copies=0; incoming_edx_uses=0; calls=1; ecx_pointer_setup=1; ecx_scalar_setup=0; caller_cleanup_calls=0; callee_ret_pop=[4]; expected_stack=4; receiver_family_members=26; same_this_callees=2	3
0	0	0	0	0	004E7230	FUN_004e7230	DEFAULT	undefined __stdcall FUN_004e7230(int param_1, int param_2, undefined4 * param_3, undefined4 * param_4)	ANALYSIS	__stdcall	__thiscall	RecoveredReceiver_004E5910	/SubmarineTitans/Recovered/HiddenThis/RecoveredReceiver_004E5910	4	26		1	1	0	0	0	16	medium	incoming_receiver_captures=1; entry_receiver_register_captures=0; receiver_accesses=0; receiver_bulk_copies=0; incoming_edx_uses=0; calls=1; ecx_pointer_setup=1; ecx_scalar_setup=0; caller_cleanup_calls=0; callee_ret_pop=[16]; expected_stack=16; receiver_family_members=26; same_this_callees=4	3
0	0	0	0	0	004E7390	FUN_004e7390	DEFAULT	undefined __stdcall FUN_004e7390(STAllPlayersC * context, byte * param_2, uint param_3, uint param_4, int param_5)	ANALYSIS	__stdcall	__thiscall	RecoveredReceiver_004E7390	/SubmarineTitans/Recovered/HiddenThis/RecoveredReceiver_004E7390	4	1		1	1	0	0	0	20	medium	incoming_receiver_captures=1; entry_receiver_register_captures=0; receiver_accesses=0; receiver_bulk_copies=0; incoming_edx_uses=0; calls=1; ecx_pointer_setup=1; ecx_scalar_setup=0; caller_cleanup_calls=0; callee_ret_pop=[16]; expected_stack=20; receiver_family_members=1; same_this_callees=2; stack_discipline_mismatch; single_function_field_only_receiver_kept_neutral	3
0	0	0	0	0	004E76E0	FUN_004e76e0	DEFAULT	undefined4 __stdcall FUN_004e76e0(int param_1, uint * param_2, byte param_3)	ANALYSIS	__stdcall	__thiscall	RecoveredReceiver_004E5910	/SubmarineTitans/Recovered/HiddenThis/RecoveredReceiver_004E5910	4	26		2	2	0	0	0	12	medium	incoming_receiver_captures=1; entry_receiver_register_captures=0; receiver_accesses=0; receiver_bulk_copies=0; incoming_edx_uses=0; calls=2; ecx_pointer_setup=2; ecx_scalar_setup=0; caller_cleanup_calls=0; callee_ret_pop=[12]; expected_stack=12; receiver_family_members=26; same_this_callees=2	3
0	0	0	0	0	004E7980	FUN_004e7980	DEFAULT	undefined4 __stdcall FUN_004e7980(uint * param_1, int param_2, byte param_3)	ANALYSIS	__stdcall	__thiscall	RecoveredReceiver_004E5910	/SubmarineTitans/Recovered/HiddenThis/RecoveredReceiver_004E5910	4	26		2	2	0	0	0	12	medium	incoming_receiver_captures=1; entry_receiver_register_captures=0; receiver_accesses=0; receiver_bulk_copies=0; incoming_edx_uses=0; calls=2; ecx_pointer_setup=2; ecx_scalar_setup=0; caller_cleanup_calls=0; callee_ret_pop=[12]; expected_stack=12; receiver_family_members=26; same_this_callees=4	3
0	0	0	0	0	004E7D70	FUN_004e7d70	DEFAULT	undefined4 __stdcall FUN_004e7d70(int param_1)	ANALYSIS	__stdcall	__thiscall	RecoveredReceiver_004E5910	/SubmarineTitans/Recovered/HiddenThis/RecoveredReceiver_004E5910	4	26		2	1	0	0	0	4	medium	incoming_receiver_captures=1; entry_receiver_register_captures=0; receiver_accesses=0; receiver_bulk_copies=0; incoming_edx_uses=0; calls=2; ecx_pointer_setup=1; ecx_scalar_setup=0; caller_cleanup_calls=0; callee_ret_pop=[4]; expected_stack=4; receiver_family_members=26; same_this_callees=2	3
0	0	0	0	0	004E7E10	FUN_004e7e10	DEFAULT	undefined4 __stdcall FUN_004e7e10(uint * param_1)	ANALYSIS	__stdcall	__thiscall	RecoveredReceiver_004E5910	/SubmarineTitans/Recovered/HiddenThis/RecoveredReceiver_004E5910	4	26		1	1	0	0	0	4	medium	incoming_receiver_captures=1; entry_receiver_register_captures=1; receiver_accesses=0; receiver_bulk_copies=0; incoming_edx_uses=0; calls=1; ecx_pointer_setup=1; ecx_scalar_setup=0; caller_cleanup_calls=0; callee_ret_pop=[4]; expected_stack=4; receiver_family_members=26; same_this_callees=3	3
0	0	0	0	0	004E8B10	FUN_004e8b10	DEFAULT	undefined4 __thiscall FUN_004e8b10(void * this, uint param_1)	ANALYSIS	__thiscall	__thiscall	RecoveredReceiver_004E8B10	/SubmarineTitans/Recovered/HiddenThis/RecoveredReceiver_004E8B10	40	1	0x2C	5	5	0	0	0	4	medium	incoming_receiver_captures=0; entry_receiver_register_captures=1; receiver_accesses=2; receiver_bulk_copies=0; incoming_edx_uses=0; calls=5; ecx_pointer_setup=5; ecx_scalar_setup=0; caller_cleanup_calls=0; callee_ret_pop=[8]; expected_stack=4; receiver_family_members=1; same_this_callees=0; stack_discipline_mismatch; adopt_untyped_existing_thiscall	3
0	0	0	0	0	004E8E50	FUN_004e8e50	DEFAULT	undefined __thiscall FUN_004e8e50(void * this, TLOBaseTy_sub_004CAFC0_param_1Enum param_1, int param_2, uint * param_3, uint * param_4)	ANALYSIS	__thiscall	__thiscall	RecoveredReceiver_004E8E50	/SubmarineTitans/Recovered/HiddenThis/RecoveredReceiver_004E8E50	585	1		1	1	0	0	0	16	medium	incoming_receiver_captures=0; entry_receiver_register_captures=1; receiver_accesses=4; receiver_bulk_copies=0; incoming_edx_uses=0; calls=1; ecx_pointer_setup=1; ecx_scalar_setup=0; caller_cleanup_calls=0; callee_ret_pop=[16]; expected_stack=16; receiver_family_members=1; same_this_callees=0; single_function_field_only_receiver_kept_neutral; adopt_untyped_existing_thiscall	3
0	0	0	0	0	004E91E0	FUN_004e91e0	DEFAULT	int __thiscall FUN_004e91e0(void * this, STBoatC * param_1)	ANALYSIS	__thiscall	__thiscall	RecoveredReceiver_004E91E0	/SubmarineTitans/Recovered/HiddenThis/RecoveredReceiver_004E91E0	1567	1		3	3	0	0	0	4	medium	incoming_receiver_captures=0; entry_receiver_register_captures=1; receiver_accesses=29; receiver_bulk_copies=0; incoming_edx_uses=0; calls=3; ecx_pointer_setup=3; ecx_scalar_setup=0; caller_cleanup_calls=0; callee_ret_pop=[4]; expected_stack=4; receiver_family_members=1; same_this_callees=1; single_function_field_only_receiver_kept_neutral; adopt_untyped_existing_thiscall	3
0	0	0	0	0	004E95C0	FUN_004e95c0	DEFAULT	undefined4 __thiscall FUN_004e95c0(void * this, STBoatC * param_1)	ANALYSIS	__thiscall	__thiscall	RecoveredReceiver_004E95C0	/SubmarineTitans/Recovered/HiddenThis/RecoveredReceiver_004E95C0	1264	1		7	7	0	0	0	4	medium	incoming_receiver_captures=0; entry_receiver_register_captures=1; receiver_accesses=7; receiver_bulk_copies=0; incoming_edx_uses=0; calls=7; ecx_pointer_setup=7; ecx_scalar_setup=0; caller_cleanup_calls=0; callee_ret_pop=[4]; expected_stack=4; receiver_family_members=1; same_this_callees=0; single_function_field_only_receiver_kept_neutral; adopt_untyped_existing_thiscall	3
0	0	0	0	0	004E9650	FUN_004e9650	DEFAULT	undefined4 __thiscall FUN_004e9650(void * this, undefined4 * param_1, undefined4 * param_2, undefined4 * param_3)	ANALYSIS	__thiscall	__thiscall	RecoveredReceiver_004E9650	/SubmarineTitans/Recovered/HiddenThis/RecoveredReceiver_004E9650	1264	1		2	1	0	0	0	12	medium	incoming_receiver_captures=0; entry_receiver_register_captures=0; receiver_accesses=4; receiver_bulk_copies=0; incoming_edx_uses=0; calls=2; ecx_pointer_setup=1; ecx_scalar_setup=0; caller_cleanup_calls=0; callee_ret_pop=[12]; expected_stack=12; receiver_family_members=1; same_this_callees=0; single_function_field_only_receiver_kept_neutral; adopt_untyped_existing_thiscall	3
0	0	0	0	0	004E96C0	FUN_004e96c0	DEFAULT	undefined4 __thiscall FUN_004e96c0(void * this, int * param_1)	ANALYSIS	__thiscall	__thiscall	RecoveredReceiver_004E96C0	/SubmarineTitans/Recovered/HiddenThis/RecoveredReceiver_004E96C0	1464	1	0x90	2	2	0	0	0	4	medium	incoming_receiver_captures=0; entry_receiver_register_captures=1; receiver_accesses=26; receiver_bulk_copies=0; incoming_edx_uses=0; calls=2; ecx_pointer_setup=2; ecx_scalar_setup=0; caller_cleanup_calls=0; callee_ret_pop=[4]; expected_stack=4; receiver_family_members=1; same_this_callees=0; adopt_untyped_existing_thiscall	3
0	0	0	0	0	004E9960	FUN_004e9960	DEFAULT	undefined4 __thiscall FUN_004e9960(void * this, undefined4 * param_1, undefined4 * param_2, undefined4 * param_3)	ANALYSIS	__thiscall	__thiscall	RecoveredReceiver_004E9960	/SubmarineTitans/Recovered/HiddenThis/RecoveredReceiver_004E9960	1567	1		2	2	0	0	0	12	medium	incoming_receiver_captures=0; entry_receiver_register_captures=0; receiver_accesses=5; receiver_bulk_copies=0; incoming_edx_uses=0; calls=2; ecx_pointer_setup=2; ecx_scalar_setup=0; caller_cleanup_calls=0; callee_ret_pop=[12]; expected_stack=12; receiver_family_members=1; same_this_callees=0; single_function_field_only_receiver_kept_neutral; adopt_untyped_existing_thiscall	3
0	0	0	0	0	004E99E0	FUN_004e99e0	DEFAULT	undefined4 __thiscall FUN_004e99e0(void * this, undefined4 param_1, undefined4 param_2, undefined4 param_3)	ANALYSIS	__thiscall	__thiscall	RecoveredReceiver_004E99E0	/SubmarineTitans/Recovered/HiddenThis/RecoveredReceiver_004E99E0	1567	1		1	1	0	0	0	12	medium	incoming_receiver_captures=0; entry_receiver_register_captures=1; receiver_accesses=8; receiver_bulk_copies=0; incoming_edx_uses=0; calls=1; ecx_pointer_setup=1; ecx_scalar_setup=0; caller_cleanup_calls=0; callee_ret_pop=[12]; expected_stack=12; receiver_family_members=1; same_this_callees=0; single_function_field_only_receiver_kept_neutral; adopt_untyped_existing_thiscall	3
0	0	0	0	0	004E9B10	FUN_004e9b10	DEFAULT	undefined4 __thiscall FUN_004e9b10(void * this, RecoveredRecord_004E9B10_29E30AA9 * param_1)	ANALYSIS	__thiscall	__thiscall	RecoveredReceiver_004E9B10	/SubmarineTitans/Recovered/HiddenThis/RecoveredReceiver_004E9B10	1567	1		1	1	0	0	0	4	medium	incoming_receiver_captures=0; entry_receiver_register_captures=0; receiver_accesses=9; receiver_bulk_copies=0; incoming_edx_uses=0; calls=1; ecx_pointer_setup=1; ecx_scalar_setup=0; caller_cleanup_calls=0; callee_ret_pop=[4]; expected_stack=4; receiver_family_members=1; same_this_callees=0; single_function_field_only_receiver_kept_neutral; adopt_untyped_existing_thiscall	3
0	0	0	0	0	004E9BB0	FUN_004e9bb0	DEFAULT	undefined4 __thiscall FUN_004e9bb0(void * this, RecoveredRecord_004E9BB0_CD9D470B * param_1)	ANALYSIS	__thiscall	__thiscall	RecoveredReceiver_004E9BB0	/SubmarineTitans/Recovered/HiddenThis/RecoveredReceiver_004E9BB0	1567	1		1	0	0	0	0	4	review	incoming_receiver_captures=0; entry_receiver_register_captures=0; receiver_accesses=5; receiver_bulk_copies=0; incoming_edx_uses=0; calls=1; ecx_pointer_setup=0; ecx_scalar_setup=0; caller_cleanup_calls=0; callee_ret_pop=[4]; expected_stack=4; receiver_family_members=1; same_this_callees=0; single_function_field_only_receiver_kept_neutral; adopt_untyped_existing_thiscall	3
0	0	0	0	0	004EA460	FUN_004ea460	DEFAULT	undefined4 __thiscall FUN_004ea460(void * this, int param_1, RecoveredRecordView_004EA460_01FB090B * param_2)	ANALYSIS	__thiscall	__thiscall	RecoveredReceiver_004EA460	/SubmarineTitans/Recovered/HiddenThis/RecoveredReceiver_004EA460	1176	2		1	1	0	0	0	8	medium	incoming_receiver_captures=0; entry_receiver_register_captures=1; receiver_accesses=9; receiver_bulk_copies=0; incoming_edx_uses=0; calls=1; ecx_pointer_setup=1; ecx_scalar_setup=0; caller_cleanup_calls=0; callee_ret_pop=[8]; expected_stack=8; receiver_family_members=2; same_this_callees=1; adopt_untyped_existing_thiscall; single_call_corroborated_by_receiver_family	3
0	0	0	0	0	004EA530	FUN_004ea530	DEFAULT	undefined4 __thiscall FUN_004ea530(void * this, short param_1, short param_2, short param_3)	ANALYSIS	__thiscall	__thiscall	RecoveredReceiver_004EA460	/SubmarineTitans/Recovered/HiddenThis/RecoveredReceiver_004EA460	1176	2		1	1	0	0	0	12	medium	incoming_receiver_captures=0; entry_receiver_register_captures=1; receiver_accesses=2; receiver_bulk_copies=0; incoming_edx_uses=0; calls=1; ecx_pointer_setup=1; ecx_scalar_setup=0; caller_cleanup_calls=0; callee_ret_pop=[12]; expected_stack=12; receiver_family_members=2; same_this_callees=1; adopt_untyped_existing_thiscall	3
0	0	0	0	0	004EA6E0	FUN_004ea6e0	DEFAULT	void __stdcall FUN_004ea6e0(uint param_1, int param_2, int param_3, undefined4 param_4)	ANALYSIS	__stdcall	__thiscall	RecoveredReceiver_004E5910	/SubmarineTitans/Recovered/HiddenThis/RecoveredReceiver_004E5910	4	26		2	2	0	0	0	16	medium	incoming_receiver_captures=0; entry_receiver_register_captures=1; receiver_accesses=0; receiver_bulk_copies=0; incoming_edx_uses=0; calls=2; ecx_pointer_setup=2; ecx_scalar_setup=0; caller_cleanup_calls=0; callee_ret_pop=[20]; expected_stack=16; receiver_family_members=26; same_this_callees=2; stack_discipline_mismatch	3
0	0	0	0	0	004EB150	FUN_004eb150	DEFAULT	undefined4 __thiscall FUN_004eb150(void * this, int param_1)	ANALYSIS	__thiscall	__thiscall	RecoveredReceiver_004EB150	/SubmarineTitans/Recovered/HiddenThis/RecoveredReceiver_004EB150	32	1		1	1	0	0	0	4	medium	incoming_receiver_captures=1; entry_receiver_register_captures=0; receiver_accesses=4; receiver_bulk_copies=0; incoming_edx_uses=0; calls=1; ecx_pointer_setup=1; ecx_scalar_setup=0; caller_cleanup_calls=0; callee_ret_pop=[4]; expected_stack=4; receiver_family_members=1; same_this_callees=1; single_function_field_only_receiver_kept_neutral; adopt_untyped_existing_thiscall	3
0	0	0	0	0	004EB300	FUN_004eb300	DEFAULT	undefined4 __stdcall FUN_004eb300(STAllPlayersC * context, uint param_2, int param_3, int param_4, int param_5)	ANALYSIS	__stdcall	__thiscall	RecoveredReceiver_0044D320	/SubmarineTitans/Recovered/HiddenThis/RecoveredReceiver_0044D320	4	26		7	7	0	0	0	20	medium	incoming_receiver_captures=0; entry_receiver_register_captures=1; receiver_accesses=0; receiver_bulk_copies=0; incoming_edx_uses=0; calls=7; ecx_pointer_setup=7; ecx_scalar_setup=0; caller_cleanup_calls=0; callee_ret_pop=[16]; expected_stack=20; receiver_family_members=26; same_this_callees=17; stack_discipline_mismatch	3
0	0	0	0	0	004EB6D0	FUN_004eb6d0	DEFAULT	undefined4 __thiscall FUN_004eb6d0(void * this, int param_1, int param_2, int param_3, int param_4)	ANALYSIS	__thiscall	__thiscall	RecoveredReceiver_004EB6D0	/SubmarineTitans/Recovered/HiddenThis/RecoveredReceiver_004EB6D0	40	1	0x90	1	1	0	0	0	16	medium	incoming_receiver_captures=0; entry_receiver_register_captures=1; receiver_accesses=28; receiver_bulk_copies=0; incoming_edx_uses=0; calls=1; ecx_pointer_setup=1; ecx_scalar_setup=0; caller_cleanup_calls=0; callee_ret_pop=[16]; expected_stack=16; receiver_family_members=1; same_this_callees=0; adopt_untyped_existing_thiscall	3
0	0	0	0	0	004EBAB0	FUN_004ebab0	DEFAULT	undefined4 __thiscall FUN_004ebab0(void * this, int param_1, int param_2)	ANALYSIS	__thiscall	__thiscall	RecoveredReceiver_004EBAB0	/SubmarineTitans/Recovered/HiddenThis/RecoveredReceiver_004EBAB0	1468	1		2	2	0	0	0	8	medium	incoming_receiver_captures=0; entry_receiver_register_captures=1; receiver_accesses=19; receiver_bulk_copies=0; incoming_edx_uses=0; calls=2; ecx_pointer_setup=2; ecx_scalar_setup=0; caller_cleanup_calls=0; callee_ret_pop=[8]; expected_stack=8; receiver_family_members=1; same_this_callees=2; single_function_field_only_receiver_kept_neutral; adopt_untyped_existing_thiscall	3
0	0	0	0	0	004EBCB0	FUN_004ebcb0	DEFAULT	undefined __thiscall FUN_004ebcb0(void * this, int param_1, int param_2)	ANALYSIS	__thiscall	__thiscall	RecoveredReceiver_004EBCB0	/SubmarineTitans/Recovered/HiddenThis/RecoveredReceiver_004EBCB0	1468	1	0x90	1	1	0	0	0	8	medium	incoming_receiver_captures=0; entry_receiver_register_captures=1; receiver_accesses=10; receiver_bulk_copies=0; incoming_edx_uses=0; calls=1; ecx_pointer_setup=1; ecx_scalar_setup=0; caller_cleanup_calls=0; callee_ret_pop=[8]; expected_stack=8; receiver_family_members=1; same_this_callees=2; adopt_untyped_existing_thiscall	3
0	0	0	0	0	004EBDA0	FUN_004ebda0	DEFAULT	undefined __thiscall FUN_004ebda0(void * this, int param_1, int param_2, int param_3, undefined4 param_4, undefined4 param_5, undefined4 param_6)	ANALYSIS	__thiscall	__thiscall	RecoveredReceiver_004EBDA0	/SubmarineTitans/Recovered/HiddenThis/RecoveredReceiver_004EBDA0	1304	1		1	1	0	0	0	24	medium	incoming_receiver_captures=0; entry_receiver_register_captures=1; receiver_accesses=15; receiver_bulk_copies=0; incoming_edx_uses=0; calls=1; ecx_pointer_setup=1; ecx_scalar_setup=0; caller_cleanup_calls=0; callee_ret_pop=[24]; expected_stack=24; receiver_family_members=1; same_this_callees=2; single_function_field_only_receiver_kept_neutral; adopt_untyped_existing_thiscall	3
0	0	0	0	0	004EBF10	FUN_004ebf10	DEFAULT	undefined __thiscall FUN_004ebf10(void * this, int param_1)	ANALYSIS	__thiscall	__thiscall	RecoveredReceiver_004EBF10	/SubmarineTitans/Recovered/HiddenThis/RecoveredReceiver_004EBF10	1456	1	0x90	0	0	0	0	0	4	review	incoming_receiver_captures=0; entry_receiver_register_captures=1; receiver_accesses=5; receiver_bulk_copies=0; incoming_edx_uses=0; calls=0; ecx_pointer_setup=0; ecx_scalar_setup=0; caller_cleanup_calls=0; callee_ret_pop=[4]; expected_stack=4; receiver_family_members=1; same_this_callees=2; adopt_untyped_existing_thiscall	3
0	0	0	0	0	004EBFD0	FUN_004ebfd0	DEFAULT	undefined __thiscall FUN_004ebfd0(void * this, int * param_1, int * param_2, int * param_3, undefined4 * param_4)	ANALYSIS	__thiscall	__thiscall	RecoveredReceiver_004EBFD0	/SubmarineTitans/Recovered/HiddenThis/RecoveredReceiver_004EBFD0	1468	1		1	1	0	0	0	16	medium	incoming_receiver_captures=0; entry_receiver_register_captures=0; receiver_accesses=3; receiver_bulk_copies=0; incoming_edx_uses=0; calls=1; ecx_pointer_setup=1; ecx_scalar_setup=0; caller_cleanup_calls=0; callee_ret_pop=[16]; expected_stack=16; receiver_family_members=1; same_this_callees=0; single_function_field_only_receiver_kept_neutral; adopt_untyped_existing_thiscall	3
0	0	0	0	0	004EC700	FUN_004ec700	DEFAULT	undefined __thiscall FUN_004ec700(void * this, Global_sub_004EC700_param_1Enum param_1, int param_2, uint * param_3, uint * param_4)	ANALYSIS	__thiscall	__thiscall	RecoveredReceiver_004EC700	/SubmarineTitans/Recovered/HiddenThis/RecoveredReceiver_004EC700	1236	1		1	1	0	0	0	16	medium	incoming_receiver_captures=0; entry_receiver_register_captures=1; receiver_accesses=6; receiver_bulk_copies=0; incoming_edx_uses=0; calls=1; ecx_pointer_setup=1; ecx_scalar_setup=0; caller_cleanup_calls=0; callee_ret_pop=[16]; expected_stack=16; receiver_family_members=1; same_this_callees=0; single_function_field_only_receiver_kept_neutral; adopt_untyped_existing_thiscall	3
0	0	0	0	0	004EC900	FUN_004ec900	DEFAULT	undefined __thiscall FUN_004ec900(void * this, Global_sub_004EC900_param_1Enum param_1, int param_2, uint * param_3, uint * param_4)	ANALYSIS	__thiscall	__thiscall	RecoveredReceiver_004EC900	/SubmarineTitans/Recovered/HiddenThis/RecoveredReceiver_004EC900	1236	1		1	1	0	0	0	16	medium	incoming_receiver_captures=0; entry_receiver_register_captures=1; receiver_accesses=5; receiver_bulk_copies=0; incoming_edx_uses=0; calls=1; ecx_pointer_setup=1; ecx_scalar_setup=0; caller_cleanup_calls=0; callee_ret_pop=[16]; expected_stack=16; receiver_family_members=1; same_this_callees=0; single_function_field_only_receiver_kept_neutral; adopt_untyped_existing_thiscall	3
0	0	0	0	0	004F91A0	FUN_004f91a0	DEFAULT	undefined __thiscall FUN_004f91a0(void * this, byte param_1, undefined1 * param_2, int * param_3)	ANALYSIS	__thiscall	__thiscall	RecoveredReceiver_004F91A0	/SubmarineTitans/Recovered/HiddenThis/RecoveredReceiver_004F91A0	2468	1		1	0	0	0	0	12	review	incoming_receiver_captures=0; entry_receiver_register_captures=0; receiver_accesses=1; receiver_bulk_copies=0; incoming_edx_uses=0; calls=1; ecx_pointer_setup=0; ecx_scalar_setup=0; caller_cleanup_calls=0; callee_ret_pop=[12]; expected_stack=12; receiver_family_members=1; same_this_callees=0; single_function_field_only_receiver_kept_neutral; adopt_untyped_existing_thiscall	3
0	0	0	0	0	00505070	FUN_00505070	DEFAULT	uint __thiscall FUN_00505070(void * this, CPanelTy_sub_005050B0_param_1Enum param_1)	ANALYSIS	__thiscall	__thiscall	RecoveredReceiver_00505070	/SubmarineTitans/Recovered/HiddenThis/RecoveredReceiver_00505070	4	1		1	1	0	0	0	4	medium	incoming_receiver_captures=0; entry_receiver_register_captures=1; receiver_accesses=0; receiver_bulk_copies=0; incoming_edx_uses=0; calls=1; ecx_pointer_setup=1; ecx_scalar_setup=0; caller_cleanup_calls=0; callee_ret_pop=[4]; expected_stack=4; receiver_family_members=1; same_this_callees=1; single_function_field_only_receiver_kept_neutral; adopt_untyped_existing_thiscall	3
0	0	0	0	0	005121F0	FUN_005121f0	DEFAULT	undefined4 __thiscall FUN_005121f0(void * this, Global_sub_005121F0_param_1Enum param_1, int param_2)	ANALYSIS	__thiscall	__thiscall	RecoveredReceiver_005121F0	/SubmarineTitans/Recovered/HiddenThis/RecoveredReceiver_005121F0	459	1		1	1	0	0	0	8	medium	incoming_receiver_captures=0; entry_receiver_register_captures=0; receiver_accesses=1; receiver_bulk_copies=0; incoming_edx_uses=0; calls=1; ecx_pointer_setup=1; ecx_scalar_setup=0; caller_cleanup_calls=0; callee_ret_pop=[8]; expected_stack=8; receiver_family_members=1; same_this_callees=0; single_function_field_only_receiver_kept_neutral; adopt_untyped_existing_thiscall	3
0	0	0	0	0	005335E0	FUN_005335e0	DEFAULT	undefined __stdcall FUN_005335e0(void)	ANALYSIS	__stdcall	__thiscall	RecoveredReceiver_005335E0	/SubmarineTitans/Recovered/HiddenThis/RecoveredReceiver_005335E0	56	1	0x0	1	1	0	0	0	0	medium	incoming_receiver_captures=1; entry_receiver_register_captures=0; receiver_accesses=3; receiver_bulk_copies=0; incoming_edx_uses=0; calls=1; ecx_pointer_setup=1; ecx_scalar_setup=0; caller_cleanup_calls=0; callee_ret_pop=[0]; expected_stack=0; receiver_family_members=1; same_this_callees=0	3
0	0	0	0	0	0053F510	FUN_0053f510	DEFAULT	void __thiscall FUN_0053f510(void * this, uint param_1, uint param_2)	ANALYSIS	__thiscall	__thiscall	RecoveredReceiver_0053F510	/SubmarineTitans/Recovered/HiddenThis/RecoveredReceiver_0053F510	8485	5	0x0,0x24,0x28	4	4	0	0	0	8	medium	incoming_receiver_captures=0; entry_receiver_register_captures=1; receiver_accesses=6; receiver_bulk_copies=0; incoming_edx_uses=0; calls=4; ecx_pointer_setup=4; ecx_scalar_setup=0; caller_cleanup_calls=0; callee_ret_pop=[8]; expected_stack=8; receiver_family_members=5; same_this_callees=1; adopt_untyped_existing_thiscall	3
0	0	0	0	0	0054A9B0	SubmarineTitans::Recovered::HiddenThis::RecoveredReceiver_0054A9B0::FUN_0054a9b0	DEFAULT	void __thiscall FUN_0054a9b0(RecoveredReceiver_0054A9B0 * this, float param_1, float param_2, float param_3)	ANALYSIS	__thiscall	__thiscall	RecoveredReceiver_0054A9B0	/SubmarineTitans/Recovered/HiddenThis/RecoveredReceiver_0054A9B0	1275	1		16	16	0	0	0	12	high	incoming_receiver_captures=1; entry_receiver_register_captures=0; receiver_accesses=18; receiver_bulk_copies=0; incoming_edx_uses=0; calls=16; ecx_pointer_setup=16; ecx_scalar_setup=0; caller_cleanup_calls=0; callee_ret_pop=[12]; expected_stack=12; receiver_family_members=1; same_this_callees=0; single_function_field_only_receiver_kept_neutral; previously_applied	3
0	0	0	0	0	0054B9A0	FUN_0054b9a0	DEFAULT	undefined4 __thiscall FUN_0054b9a0(void * this, int param_1, int param_2, int param_3, int param_4, int param_5, int param_6, int param_7)	ANALYSIS	__thiscall	__thiscall	RecoveredReceiver_0054B9A0	/SubmarineTitans/Recovered/HiddenThis/RecoveredReceiver_0054B9A0	1178	1		6	6	0	0	0	28	medium	incoming_receiver_captures=0; entry_receiver_register_captures=1; receiver_accesses=5; receiver_bulk_copies=0; incoming_edx_uses=0; calls=6; ecx_pointer_setup=6; ecx_scalar_setup=0; caller_cleanup_calls=0; callee_ret_pop=[28]; expected_stack=28; receiver_family_members=1; same_this_callees=2; single_function_field_only_receiver_kept_neutral; adopt_untyped_existing_thiscall	3
0	0	0	0	0	0054CDD0	FUN_0054cdd0	DEFAULT	int __stdcall FUN_0054cdd0(undefined4 * param_1, int param_2, undefined4 * param_3, int * param_4, int * param_5, undefined4 param_6)	ANALYSIS	__stdcall	__thiscall	RecoveredReceiver_0054CBB0	/SubmarineTitans/Recovered/HiddenThis/RecoveredReceiver_0054CBB0	4	3		1	1	0	0	0	24	medium	incoming_receiver_captures=1; entry_receiver_register_captures=0; receiver_accesses=0; receiver_bulk_copies=0; incoming_edx_uses=0; calls=1; ecx_pointer_setup=1; ecx_scalar_setup=0; caller_cleanup_calls=0; callee_ret_pop=[24]; expected_stack=24; receiver_family_members=3; same_this_callees=3	3
0	0	0	0	0	0054EAB0	FUN_0054eab0	DEFAULT	undefined4 * __thiscall FUN_0054eab0(void * this, int param_1, undefined4 * param_2)	ANALYSIS	__thiscall	__thiscall	RecoveredReceiver_0054EAB0	/SubmarineTitans/Recovered/HiddenThis/RecoveredReceiver_0054EAB0	105	1		1	1	0	0	0	8	medium	incoming_receiver_captures=0; entry_receiver_register_captures=0; receiver_accesses=1; receiver_bulk_copies=0; incoming_edx_uses=0; calls=1; ecx_pointer_setup=1; ecx_scalar_setup=0; caller_cleanup_calls=0; callee_ret_pop=[8]; expected_stack=8; receiver_family_members=1; same_this_callees=0; single_function_field_only_receiver_kept_neutral; adopt_untyped_existing_thiscall	3
0	0	0	0	0	0054EB20	FUN_0054eb20	DEFAULT	undefined4 __thiscall FUN_0054eb20(void * this, uint * param_1)	ANALYSIS	__thiscall	__thiscall	RecoveredReceiver_0054EB20	/SubmarineTitans/Recovered/HiddenThis/RecoveredReceiver_0054EB20	109	1		1	1	0	0	0	4	medium	incoming_receiver_captures=0; entry_receiver_register_captures=1; receiver_accesses=3; receiver_bulk_copies=0; incoming_edx_uses=0; calls=1; ecx_pointer_setup=1; ecx_scalar_setup=0; caller_cleanup_calls=0; callee_ret_pop=[4]; expected_stack=4; receiver_family_members=1; same_this_callees=0; single_function_field_only_receiver_kept_neutral; adopt_untyped_existing_thiscall	3
0	0	0	0	0	005503C0	FUN_005503c0	DEFAULT	undefined __thiscall FUN_005503c0(void * this, int param_1)	ANALYSIS	__thiscall	__thiscall	RecoveredReceiver_005503C0	/SubmarineTitans/Recovered/HiddenThis/RecoveredReceiver_005503C0	248	1		1	1	0	0	0	4	medium	incoming_receiver_captures=0; entry_receiver_register_captures=0; receiver_accesses=1; receiver_bulk_copies=0; incoming_edx_uses=0; calls=1; ecx_pointer_setup=1; ecx_scalar_setup=0; caller_cleanup_calls=0; callee_ret_pop=[4]; expected_stack=4; receiver_family_members=1; same_this_callees=0; single_function_field_only_receiver_kept_neutral; adopt_untyped_existing_thiscall	3
0	0	0	0	0	0055AFB0	FUN_0055afb0	DEFAULT	undefined4 __thiscall FUN_0055afb0(void * this, int param_1, int param_2, undefined4 param_3, uint param_4)	ANALYSIS	__thiscall	__thiscall	RecoveredReceiver_0055AFB0	/SubmarineTitans/Recovered/HiddenThis/RecoveredReceiver_0055AFB0	280	1		0	0	0	0	0	16	review	incoming_receiver_captures=3; entry_receiver_register_captures=0; receiver_accesses=4; receiver_bulk_copies=0; incoming_edx_uses=0; calls=0; ecx_pointer_setup=0; ecx_scalar_setup=0; caller_cleanup_calls=0; callee_ret_pop=[16]; expected_stack=16; receiver_family_members=1; same_this_callees=0; single_function_field_only_receiver_kept_neutral; adopt_untyped_existing_thiscall	3
0	0	0	0	0	0055B3D0	FUN_0055b3d0	DEFAULT	undefined4 __thiscall FUN_0055b3d0(void * this, int param_1, int param_2, undefined4 param_3, uint param_4)	ANALYSIS	__thiscall	__thiscall	RecoveredReceiver_0055B3D0	/SubmarineTitans/Recovered/HiddenThis/RecoveredReceiver_0055B3D0	280	1		0	0	0	0	0	16	review	incoming_receiver_captures=3; entry_receiver_register_captures=0; receiver_accesses=4; receiver_bulk_copies=0; incoming_edx_uses=0; calls=0; ecx_pointer_setup=0; ecx_scalar_setup=0; caller_cleanup_calls=0; callee_ret_pop=[16]; expected_stack=16; receiver_family_members=1; same_this_callees=0; single_function_field_only_receiver_kept_neutral; adopt_untyped_existing_thiscall	3
0	0	0	0	0	0055B5E0	FUN_0055b5e0	DEFAULT	undefined4 __thiscall FUN_0055b5e0(void * this, int param_1, int param_2, undefined4 param_3, uint param_4)	ANALYSIS	__thiscall	__thiscall	RecoveredReceiver_0055B5E0	/SubmarineTitans/Recovered/HiddenThis/RecoveredReceiver_0055B5E0	280	1		0	0	0	0	0	16	review	incoming_receiver_captures=3; entry_receiver_register_captures=0; receiver_accesses=4; receiver_bulk_copies=0; incoming_edx_uses=0; calls=0; ecx_pointer_setup=0; ecx_scalar_setup=0; caller_cleanup_calls=0; callee_ret_pop=[16]; expected_stack=16; receiver_family_members=1; same_this_callees=0; single_function_field_only_receiver_kept_neutral; adopt_untyped_existing_thiscall	3
0	0	0	0	0	0055B9F0	FUN_0055b9f0	DEFAULT	uint __thiscall FUN_0055b9f0(void * this, RecoveredRecord_VisibleClassTy_0055B9F0 * param_1)	ANALYSIS	__thiscall	__thiscall	RecoveredReceiver_0055B9F0	/SubmarineTitans/Recovered/HiddenThis/RecoveredReceiver_0055B9F0	276	1		1	1	0	0	0	4	medium	incoming_receiver_captures=0; entry_receiver_register_captures=0; receiver_accesses=1; receiver_bulk_copies=0; incoming_edx_uses=0; calls=1; ecx_pointer_setup=1; ecx_scalar_setup=0; caller_cleanup_calls=0; callee_ret_pop=[4]; expected_stack=4; receiver_family_members=1; same_this_callees=0; single_function_field_only_receiver_kept_neutral; adopt_untyped_existing_thiscall	3
0	0	0	0	0	0055BA90	FUN_0055ba90	DEFAULT	char * __thiscall FUN_0055ba90(void * this, char param_1, int param_2)	ANALYSIS	__thiscall	__thiscall	RecoveredReceiver_0055BA90	/SubmarineTitans/Recovered/HiddenThis/RecoveredReceiver_0055BA90	276	1		0	0	0	0	0	8	review	incoming_receiver_captures=0; entry_receiver_register_captures=0; receiver_accesses=1; receiver_bulk_copies=0; incoming_edx_uses=0; calls=0; ecx_pointer_setup=0; ecx_scalar_setup=0; caller_cleanup_calls=0; callee_ret_pop=[8]; expected_stack=8; receiver_family_members=1; same_this_callees=0; single_function_field_only_receiver_kept_neutral; adopt_untyped_existing_thiscall	3
0	0	0	0	0	0055BD40	FUN_0055bd40	DEFAULT	CFsgsConnection * __thiscall FUN_0055bd40(void * this, byte param_1)	ANALYSIS	__thiscall	__thiscall	RecoveredReceiver_0055BD40	/SubmarineTitans/Recovered/HiddenThis/RecoveredReceiver_0055BD40	4	1		1	0	0	0	0	4	review	incoming_receiver_captures=0; entry_receiver_register_captures=1; receiver_accesses=1; receiver_bulk_copies=0; incoming_edx_uses=0; calls=1; ecx_pointer_setup=0; ecx_scalar_setup=0; caller_cleanup_calls=0; callee_ret_pop=[4]; expected_stack=4; receiver_family_members=1; same_this_callees=1; single_function_field_only_receiver_kept_neutral; adopt_untyped_existing_thiscall	3
0	0	0	0	0	0055BEB0	FUN_0055beb0	DEFAULT	undefined __thiscall FUN_0055beb0(void * this, DWORD lastError)	ANALYSIS	__thiscall	__thiscall	RecoveredReceiver_0055BEB0	/SubmarineTitans/Recovered/HiddenThis/RecoveredReceiver_0055BEB0	35	2		4	3	0	1	0	4	medium	incoming_receiver_captures=0; entry_receiver_register_captures=1; receiver_accesses=4; receiver_bulk_copies=0; incoming_edx_uses=0; calls=4; ecx_pointer_setup=3; ecx_scalar_setup=0; caller_cleanup_calls=0; callee_ret_pop=[4]; expected_stack=4; receiver_family_members=2; same_this_callees=1; adopt_untyped_existing_thiscall	3
0	0	0	0	0	0055BF20	FUN_0055bf20	DEFAULT	void __thiscall FUN_0055bf20(void * this, undefined4 param_1)	ANALYSIS	__thiscall	__thiscall	RecoveredReceiver_0055BF20	/SubmarineTitans/Recovered/HiddenThis/RecoveredReceiver_0055BF20	68	2		2	1	0	0	0	4	medium	incoming_receiver_captures=1; entry_receiver_register_captures=0; receiver_accesses=4; receiver_bulk_copies=0; incoming_edx_uses=0; calls=2; ecx_pointer_setup=1; ecx_scalar_setup=0; caller_cleanup_calls=0; callee_ret_pop=[4]; expected_stack=4; receiver_family_members=2; same_this_callees=1; adopt_untyped_existing_thiscall	3
0	0	0	0	0	0055C050	FUN_0055c050	DEFAULT	byte * __thiscall FUN_0055c050(void * this, RecoveredRecord_0055C050_16147770 * param_1)	ANALYSIS	__thiscall	__thiscall	RecoveredReceiver_0055BF20	/SubmarineTitans/Recovered/HiddenThis/RecoveredReceiver_0055BF20	68	2		1	1	0	0	0	4	medium	incoming_receiver_captures=0; entry_receiver_register_captures=1; receiver_accesses=4; receiver_bulk_copies=0; incoming_edx_uses=0; calls=1; ecx_pointer_setup=1; ecx_scalar_setup=0; caller_cleanup_calls=0; callee_ret_pop=[4]; expected_stack=4; receiver_family_members=2; same_this_callees=2; adopt_untyped_existing_thiscall	3
0	0	0	0	0	0055C0E0	FUN_0055c0e0	DEFAULT	undefined __thiscall FUN_0055c0e0(void * this, char * param_1, undefined4 param_2, int param_3, uint param_4, undefined4 * param_5)	ANALYSIS	__thiscall	__thiscall	RecoveredReceiver_0055C0E0	/SubmarineTitans/Recovered/HiddenThis/RecoveredReceiver_0055C0E0	10	1		1	0	0	0	0	20	review	incoming_receiver_captures=0; entry_receiver_register_captures=0; receiver_accesses=1; receiver_bulk_copies=0; incoming_edx_uses=0; calls=1; ecx_pointer_setup=0; ecx_scalar_setup=0; caller_cleanup_calls=0; callee_ret_pop=[20]; expected_stack=20; receiver_family_members=1; same_this_callees=0; single_function_field_only_receiver_kept_neutral; adopt_untyped_existing_thiscall	3
0	0	0	0	0	0055C260	FUN_0055c260	DEFAULT	undefined __thiscall FUN_0055c260(void * this, DWORD param_1)	ANALYSIS	__thiscall	__thiscall	RecoveredReceiver_0055BEB0	/SubmarineTitans/Recovered/HiddenThis/RecoveredReceiver_0055BEB0	35	2		1	0	0	0	0	4	review	incoming_receiver_captures=0; entry_receiver_register_captures=0; receiver_accesses=2; receiver_bulk_copies=0; incoming_edx_uses=0; calls=1; ecx_pointer_setup=0; ecx_scalar_setup=0; caller_cleanup_calls=0; callee_ret_pop=[4]; expected_stack=4; receiver_family_members=2; same_this_callees=1; adopt_untyped_existing_thiscall	3
0	0	0	0	0	0055C290	FUN_0055c290	DEFAULT	undefined __thiscall FUN_0055c290(void * this, char * param_1)	ANALYSIS	__thiscall	__thiscall	RecoveredReceiver_0055C290	/SubmarineTitans/Recovered/HiddenThis/RecoveredReceiver_0055C290	9	1		1	0	0	0	0	4	review	incoming_receiver_captures=0; entry_receiver_register_captures=1; receiver_accesses=1; receiver_bulk_copies=0; incoming_edx_uses=0; calls=1; ecx_pointer_setup=0; ecx_scalar_setup=0; caller_cleanup_calls=0; callee_ret_pop=[4]; expected_stack=4; receiver_family_members=1; same_this_callees=1; single_function_field_only_receiver_kept_neutral; adopt_untyped_existing_thiscall	3
0	0	0	0	0	0055C2E0	FUN_0055c2e0	DEFAULT	undefined __thiscall FUN_0055c2e0(void * this, int param_1, int param_2)	ANALYSIS	__thiscall	__thiscall	RecoveredReceiver_0055C2E0	/SubmarineTitans/Recovered/HiddenThis/RecoveredReceiver_0055C2E0	10	1		1	0	0	0	0	8	review	incoming_receiver_captures=0; entry_receiver_register_captures=0; receiver_accesses=1; receiver_bulk_copies=0; incoming_edx_uses=0; calls=1; ecx_pointer_setup=0; ecx_scalar_setup=0; caller_cleanup_calls=0; callee_ret_pop=[16]; expected_stack=8; receiver_family_members=1; same_this_callees=0; stack_discipline_mismatch; single_function_field_only_receiver_kept_neutral; adopt_untyped_existing_thiscall	3
0	0	0	0	0	0055C320	SubmarineTitans::Recovered::HiddenThis::RecoveredReceiver_0055C320::FUN_0055c320	DEFAULT	void __thiscall FUN_0055c320(RecoveredReceiver_0055C320 * this, byte * param_1, char * param_2, char * param_3, RecoveredRecordView_0055C320_5477F99A * param_4)	ANALYSIS	__thiscall	__thiscall	RecoveredReceiver_0055C320	/SubmarineTitans/Recovered/HiddenThis/RecoveredReceiver_0055C320	1608	1		2	2	0	0	0	16	high	incoming_receiver_captures=1; entry_receiver_register_captures=0; receiver_accesses=5; receiver_bulk_copies=0; incoming_edx_uses=0; calls=2; ecx_pointer_setup=2; ecx_scalar_setup=0; caller_cleanup_calls=0; callee_ret_pop=[16]; expected_stack=16; receiver_family_members=1; same_this_callees=0; single_function_field_only_receiver_kept_neutral; previously_applied	3
0	0	0	0	0	0055C500	FUN_0055c500	DEFAULT	undefined __thiscall FUN_0055c500(void * this, int param_1)	ANALYSIS	__thiscall	__thiscall	RecoveredReceiver_0055C500	/SubmarineTitans/Recovered/HiddenThis/RecoveredReceiver_0055C500	35	1		1	0	0	0	0	4	review	incoming_receiver_captures=0; entry_receiver_register_captures=0; receiver_accesses=4; receiver_bulk_copies=0; incoming_edx_uses=0; calls=1; ecx_pointer_setup=0; ecx_scalar_setup=0; caller_cleanup_calls=0; callee_ret_pop=[8]; expected_stack=4; receiver_family_members=1; same_this_callees=0; stack_discipline_mismatch; single_function_field_only_receiver_kept_neutral; adopt_untyped_existing_thiscall	3
0	0	0	0	0	0055C6C0	FUN_0055c6c0	DEFAULT	undefined __thiscall FUN_0055c6c0(void * this, int param_1)	ANALYSIS	__thiscall	__thiscall	RecoveredReceiver_0055C6C0	/SubmarineTitans/Recovered/HiddenThis/RecoveredReceiver_0055C6C0	35	1		1	0	0	0	0	4	review	incoming_receiver_captures=0; entry_receiver_register_captures=0; receiver_accesses=4; receiver_bulk_copies=0; incoming_edx_uses=0; calls=1; ecx_pointer_setup=0; ecx_scalar_setup=0; caller_cleanup_calls=0; callee_ret_pop=[4]; expected_stack=4; receiver_family_members=1; same_this_callees=0; single_function_field_only_receiver_kept_neutral; adopt_untyped_existing_thiscall	3
0	0	0	0	0	0055C740	FUN_0055c740	DEFAULT	undefined __thiscall FUN_0055c740(void * this, int param_1)	ANALYSIS	__thiscall	__thiscall	RecoveredReceiver_0055C740	/SubmarineTitans/Recovered/HiddenThis/RecoveredReceiver_0055C740	31	1		1	0	0	0	0	4	review	incoming_receiver_captures=0; entry_receiver_register_captures=0; receiver_accesses=3; receiver_bulk_copies=0; incoming_edx_uses=0; calls=1; ecx_pointer_setup=0; ecx_scalar_setup=0; caller_cleanup_calls=0; callee_ret_pop=[4]; expected_stack=4; receiver_family_members=1; same_this_callees=0; single_function_field_only_receiver_kept_neutral; adopt_untyped_existing_thiscall	3
0	0	0	0	0	0055C790	FUN_0055c790	DEFAULT	undefined __thiscall FUN_0055c790(void * this, undefined4 param_1)	ANALYSIS	__thiscall	__thiscall	RecoveredReceiver_0055C790	/SubmarineTitans/Recovered/HiddenThis/RecoveredReceiver_0055C790	35	1		1	0	0	0	0	4	review	incoming_receiver_captures=0; entry_receiver_register_captures=0; receiver_accesses=4; receiver_bulk_copies=0; incoming_edx_uses=0; calls=1; ecx_pointer_setup=0; ecx_scalar_setup=0; caller_cleanup_calls=0; callee_ret_pop=[4]; expected_stack=4; receiver_family_members=1; same_this_callees=0; single_function_field_only_receiver_kept_neutral; adopt_untyped_existing_thiscall	3
0	0	0	0	0	0055C7E0	FUN_0055c7e0	DEFAULT	undefined __thiscall FUN_0055c7e0(void * this, undefined4 param_1)	ANALYSIS	__thiscall	__thiscall	RecoveredReceiver_0055C7E0	/SubmarineTitans/Recovered/HiddenThis/RecoveredReceiver_0055C7E0	35	1		1	0	0	0	0	4	review	incoming_receiver_captures=0; entry_receiver_register_captures=0; receiver_accesses=4; receiver_bulk_copies=0; incoming_edx_uses=0; calls=1; ecx_pointer_setup=0; ecx_scalar_setup=0; caller_cleanup_calls=0; callee_ret_pop=[4]; expected_stack=4; receiver_family_members=1; same_this_callees=0; single_function_field_only_receiver_kept_neutral; adopt_untyped_existing_thiscall	3
0	0	0	0	0	0055C830	FUN_0055c830	DEFAULT	undefined __thiscall FUN_0055c830(void * this, Global_sub_0055C830_param_1Enum param_1, byte * param_2, undefined4 param_3, byte * param_4, char * param_5)	ANALYSIS	__thiscall	__thiscall	RecoveredReceiver_0055BDD0	/SubmarineTitans/Recovered/HiddenThis/RecoveredReceiver_0055BDD0	10	2		1	0	0	0	0	20	review	incoming_receiver_captures=0; entry_receiver_register_captures=1; receiver_accesses=2; receiver_bulk_copies=0; incoming_edx_uses=0; calls=1; ecx_pointer_setup=0; ecx_scalar_setup=0; caller_cleanup_calls=0; callee_ret_pop=[20]; expected_stack=20; receiver_family_members=2; same_this_callees=1; adopt_untyped_existing_thiscall	3
0	0	0	0	0	0055D390	FUN_0055d390	DEFAULT	void __thiscall FUN_0055d390(void * this, char * resourceString, char * param_2, ulong param_3)	ANALYSIS	__thiscall	__thiscall	RecoveredReceiver_0055D390	/SubmarineTitans/Recovered/HiddenThis/RecoveredReceiver_0055D390	1708	1		6	6	0	0	0	12	medium	incoming_receiver_captures=0; entry_receiver_register_captures=1; receiver_accesses=3; receiver_bulk_copies=0; incoming_edx_uses=0; calls=6; ecx_pointer_setup=6; ecx_scalar_setup=0; caller_cleanup_calls=0; callee_ret_pop=[12]; expected_stack=12; receiver_family_members=1; same_this_callees=1; single_function_field_only_receiver_kept_neutral; adopt_untyped_existing_thiscall	3
0	0	0	0	0	0055D440	FUN_0055d440	DEFAULT	undefined __thiscall FUN_0055d440(void * this, int param_1, undefined4 * param_2)	ANALYSIS	__thiscall	__thiscall	RecoveredReceiver_0055D440	/SubmarineTitans/Recovered/HiddenThis/RecoveredReceiver_0055D440	10	1		1	0	0	0	0	8	review	incoming_receiver_captures=0; entry_receiver_register_captures=0; receiver_accesses=2; receiver_bulk_copies=0; incoming_edx_uses=0; calls=1; ecx_pointer_setup=0; ecx_scalar_setup=0; caller_cleanup_calls=0; callee_ret_pop=[8]; expected_stack=8; receiver_family_members=1; same_this_callees=0; single_function_field_only_receiver_kept_neutral; adopt_untyped_existing_thiscall	3
0	0	0	0	0	0055D480	FUN_0055d480	DEFAULT	undefined __thiscall FUN_0055d480(void * this, int param_1)	ANALYSIS	__thiscall	__thiscall	RecoveredReceiver_0055D480	/SubmarineTitans/Recovered/HiddenThis/RecoveredReceiver_0055D480	10	1		1	0	0	0	0	4	review	incoming_receiver_captures=0; entry_receiver_register_captures=0; receiver_accesses=2; receiver_bulk_copies=0; incoming_edx_uses=0; calls=1; ecx_pointer_setup=0; ecx_scalar_setup=0; caller_cleanup_calls=0; callee_ret_pop=[4]; expected_stack=4; receiver_family_members=1; same_this_callees=0; single_function_field_only_receiver_kept_neutral; adopt_untyped_existing_thiscall	3
0	0	0	0	0	0055D4C0	FUN_0055d4c0	DEFAULT	undefined __thiscall FUN_0055d4c0(void * this, int param_1, int * param_2)	ANALYSIS	__thiscall	__thiscall	RecoveredReceiver_0055D4C0	/SubmarineTitans/Recovered/HiddenThis/RecoveredReceiver_0055D4C0	10	1		1	0	0	0	0	8	review	incoming_receiver_captures=0; entry_receiver_register_captures=0; receiver_accesses=2; receiver_bulk_copies=0; incoming_edx_uses=0; calls=1; ecx_pointer_setup=0; ecx_scalar_setup=0; caller_cleanup_calls=0; callee_ret_pop=[8]; expected_stack=8; receiver_family_members=1; same_this_callees=0; single_function_field_only_receiver_kept_neutral; adopt_untyped_existing_thiscall	3
0	0	0	0	0	0055D500	FUN_0055d500	DEFAULT	undefined __thiscall FUN_0055d500(void * this, undefined4 param_1, undefined4 param_2, int param_3, undefined4 * param_4)	ANALYSIS	__thiscall	__thiscall	RecoveredReceiver_0055D500	/SubmarineTitans/Recovered/HiddenThis/RecoveredReceiver_0055D500	1724	1		1	0	0	0	0	16	review	incoming_receiver_captures=0; entry_receiver_register_captures=0; receiver_accesses=3; receiver_bulk_copies=0; incoming_edx_uses=0; calls=1; ecx_pointer_setup=0; ecx_scalar_setup=0; caller_cleanup_calls=0; callee_ret_pop=[16]; expected_stack=16; receiver_family_members=1; same_this_callees=0; single_function_field_only_receiver_kept_neutral; adopt_untyped_existing_thiscall	3
0	0	0	0	0	0055D550	FUN_0055d550	DEFAULT	undefined __thiscall FUN_0055d550(void * this, byte * param_1, uint param_2, byte * param_3)	ANALYSIS	__thiscall	__thiscall	RecoveredReceiver_0055D550	/SubmarineTitans/Recovered/HiddenThis/RecoveredReceiver_0055D550	10	1		1	0	0	0	0	12	review	incoming_receiver_captures=0; entry_receiver_register_captures=0; receiver_accesses=2; receiver_bulk_copies=0; incoming_edx_uses=0; calls=1; ecx_pointer_setup=0; ecx_scalar_setup=0; caller_cleanup_calls=0; callee_ret_pop=[12]; expected_stack=12; receiver_family_members=1; same_this_callees=0; single_function_field_only_receiver_kept_neutral; adopt_untyped_existing_thiscall	3
0	0	0	0	0	0055D630	FUN_0055d630	DEFAULT	undefined __thiscall FUN_0055d630(void * this, undefined4 param_1, int param_2, undefined4 param_3)	ANALYSIS	__thiscall	__thiscall	RecoveredReceiver_0055D630	/SubmarineTitans/Recovered/HiddenThis/RecoveredReceiver_0055D630	10	1		1	0	0	0	0	12	review	incoming_receiver_captures=0; entry_receiver_register_captures=0; receiver_accesses=1; receiver_bulk_copies=0; incoming_edx_uses=0; calls=1; ecx_pointer_setup=0; ecx_scalar_setup=0; caller_cleanup_calls=0; callee_ret_pop=[12]; expected_stack=12; receiver_family_members=1; same_this_callees=0; single_function_field_only_receiver_kept_neutral; adopt_untyped_existing_thiscall	3
0	0	0	0	0	0055D670	FUN_0055d670	DEFAULT	undefined __thiscall FUN_0055d670(void * this, undefined4 param_1, undefined4 param_2)	ANALYSIS	__thiscall	__thiscall	RecoveredReceiver_0055D670	/SubmarineTitans/Recovered/HiddenThis/RecoveredReceiver_0055D670	10	1		1	0	0	0	0	8	review	incoming_receiver_captures=0; entry_receiver_register_captures=0; receiver_accesses=1; receiver_bulk_copies=0; incoming_edx_uses=0; calls=1; ecx_pointer_setup=0; ecx_scalar_setup=0; caller_cleanup_calls=0; callee_ret_pop=[8]; expected_stack=8; receiver_family_members=1; same_this_callees=0; single_function_field_only_receiver_kept_neutral; adopt_untyped_existing_thiscall	3
0	0	0	0	0	0055D6B0	FUN_0055d6b0	DEFAULT	undefined __thiscall FUN_0055d6b0(void * this, int param_1)	ANALYSIS	__thiscall	__thiscall	RecoveredReceiver_0055D6B0	/SubmarineTitans/Recovered/HiddenThis/RecoveredReceiver_0055D6B0	10	1		1	0	0	0	0	4	review	incoming_receiver_captures=0; entry_receiver_register_captures=0; receiver_accesses=1; receiver_bulk_copies=0; incoming_edx_uses=0; calls=1; ecx_pointer_setup=0; ecx_scalar_setup=0; caller_cleanup_calls=0; callee_ret_pop=[4]; expected_stack=4; receiver_family_members=1; same_this_callees=0; single_function_field_only_receiver_kept_neutral; adopt_untyped_existing_thiscall	3
0	0	0	0	0	00566E70	FUN_00566e70	DEFAULT	undefined __thiscall FUN_00566e70(void * this, undefined4 param_1)	ANALYSIS	__thiscall	__thiscall	RecoveredReceiver_00566E70	/SubmarineTitans/Recovered/HiddenThis/RecoveredReceiver_00566E70	3987	3		1	1	0	0	0	4	medium	incoming_receiver_captures=0; entry_receiver_register_captures=1; receiver_accesses=2; receiver_bulk_copies=0; incoming_edx_uses=0; calls=1; ecx_pointer_setup=1; ecx_scalar_setup=0; caller_cleanup_calls=0; callee_ret_pop=[4]; expected_stack=4; receiver_family_members=3; same_this_callees=1; adopt_untyped_existing_thiscall	3
0	0	0	0	0	00566F30	FUN_00566f30	DEFAULT	void __thiscall FUN_00566f30(void * this, HWND param_1)	ANALYSIS	__thiscall	__thiscall	RecoveredReceiver_00566E70	/SubmarineTitans/Recovered/HiddenThis/RecoveredReceiver_00566E70	3987	3		2	2	0	0	0	4	medium	incoming_receiver_captures=0; entry_receiver_register_captures=1; receiver_accesses=2; receiver_bulk_copies=0; incoming_edx_uses=0; calls=2; ecx_pointer_setup=2; ecx_scalar_setup=0; caller_cleanup_calls=0; callee_ret_pop=[4]; expected_stack=4; receiver_family_members=3; same_this_callees=1; adopt_untyped_existing_thiscall	3
0	0	0	0	0	00567180	FUN_00567180	DEFAULT	void __thiscall FUN_00567180(void * this, HWND param_1)	ANALYSIS	__thiscall	__thiscall	RecoveredReceiver_00567180	/SubmarineTitans/Recovered/HiddenThis/RecoveredReceiver_00567180	3983	2		3	1	1	1	0	4	review	incoming_receiver_captures=1; entry_receiver_register_captures=0; receiver_accesses=2; receiver_bulk_copies=0; incoming_edx_uses=0; calls=3; ecx_pointer_setup=1; ecx_scalar_setup=1; caller_cleanup_calls=0; callee_ret_pop=[4]; expected_stack=4; receiver_family_members=2; same_this_callees=0; adopt_untyped_existing_thiscall	3
0	0	0	0	0	005672A0	FUN_005672a0	DEFAULT	undefined __thiscall FUN_005672a0(void * this, HWND param_1)	ANALYSIS	__thiscall	__thiscall	RecoveredReceiver_00567180	/SubmarineTitans/Recovered/HiddenThis/RecoveredReceiver_00567180	3983	2		1	0	1	0	0	4	review	incoming_receiver_captures=0; entry_receiver_register_captures=1; receiver_accesses=1; receiver_bulk_copies=0; incoming_edx_uses=0; calls=1; ecx_pointer_setup=0; ecx_scalar_setup=1; caller_cleanup_calls=0; callee_ret_pop=[4]; expected_stack=4; receiver_family_members=2; same_this_callees=2; adopt_untyped_existing_thiscall	3
0	0	0	0	0	00567510	SubmarineTitans::Recovered::HiddenThis::RecoveredReceiver_00567510::FUN_00567510	DEFAULT	undefined __thiscall FUN_00567510(RecoveredReceiver_00567510 * this, int param_1, int param_2, int param_3, int param_4)	ANALYSIS	__thiscall	__thiscall	RecoveredReceiver_00567510	/SubmarineTitans/Recovered/HiddenThis/RecoveredReceiver_00567510	4341	1		16	16	0	0	0	16	high	incoming_receiver_captures=3; entry_receiver_register_captures=0; receiver_accesses=34; receiver_bulk_copies=0; incoming_edx_uses=0; calls=16; ecx_pointer_setup=16; ecx_scalar_setup=0; caller_cleanup_calls=0; callee_ret_pop=[16]; expected_stack=16; receiver_family_members=1; same_this_callees=0; single_function_field_only_receiver_kept_neutral; previously_applied	3
0	0	0	0	0	00567C10	FUN_00567c10	DEFAULT	undefined __thiscall FUN_00567c10(void * this, int * param_1)	ANALYSIS	__thiscall	__thiscall	RecoveredReceiver_00567C10	/SubmarineTitans/Recovered/HiddenThis/RecoveredReceiver_00567C10	4341	1		0	0	0	0	0	4	review	incoming_receiver_captures=3; entry_receiver_register_captures=0; receiver_accesses=19; receiver_bulk_copies=0; incoming_edx_uses=0; calls=0; ecx_pointer_setup=0; ecx_scalar_setup=0; caller_cleanup_calls=0; callee_ret_pop=[4]; expected_stack=4; receiver_family_members=1; same_this_callees=0; single_function_field_only_receiver_kept_neutral; adopt_untyped_existing_thiscall	3
0	0	0	0	0	00568010	SubmarineTitans::Recovered::HiddenThis::RecoveredReceiver_00568010::FUN_00568010	DEFAULT	void __thiscall FUN_00568010(RecoveredReceiver_00568010 * this, SubmarineTitans_Recovered_HiddenThis_RecoveredReceiver_00568010_sub_00568010_param_1Enum param_1)	ANALYSIS	__thiscall	__thiscall	RecoveredReceiver_00568010	/SubmarineTitans/Recovered/HiddenThis/RecoveredReceiver_00568010	3983	2		4	4	0	0	0	4	high	incoming_receiver_captures=1; entry_receiver_register_captures=0; receiver_accesses=10; receiver_bulk_copies=0; incoming_edx_uses=0; calls=4; ecx_pointer_setup=4; ecx_scalar_setup=0; caller_cleanup_calls=0; callee_ret_pop=[4]; expected_stack=4; receiver_family_members=2; same_this_callees=2; previously_applied	3
0	0	0	0	0	005682C0	FUN_005682c0	DEFAULT	undefined __thiscall FUN_005682c0(void * this, int param_1)	ANALYSIS	__thiscall	__thiscall	RecoveredReceiver_005682C0	/SubmarineTitans/Recovered/HiddenThis/RecoveredReceiver_005682C0	4341	1		1	1	0	0	0	4	medium	incoming_receiver_captures=3; entry_receiver_register_captures=0; receiver_accesses=16; receiver_bulk_copies=0; incoming_edx_uses=0; calls=1; ecx_pointer_setup=1; ecx_scalar_setup=0; caller_cleanup_calls=0; callee_ret_pop=[4]; expected_stack=4; receiver_family_members=1; same_this_callees=0; single_function_field_only_receiver_kept_neutral; adopt_untyped_existing_thiscall	3
0	0	0	0	0	005686C0	FUN_005686c0	DEFAULT	undefined __thiscall FUN_005686c0(void * this, undefined4 param_1)	ANALYSIS	__thiscall	__thiscall	RecoveredReceiver_005686C0	/SubmarineTitans/Recovered/HiddenThis/RecoveredReceiver_005686C0	3983	1		1	1	0	0	0	4	medium	incoming_receiver_captures=0; entry_receiver_register_captures=0; receiver_accesses=1; receiver_bulk_copies=0; incoming_edx_uses=0; calls=1; ecx_pointer_setup=1; ecx_scalar_setup=0; caller_cleanup_calls=0; callee_ret_pop=[4]; expected_stack=4; receiver_family_members=1; same_this_callees=0; single_function_field_only_receiver_kept_neutral; adopt_untyped_existing_thiscall	3
0	0	0	0	0	00568780	FUN_00568780	DEFAULT	undefined4 __thiscall FUN_00568780(void * this, int param_1, int param_2)	ANALYSIS	__thiscall	__thiscall	RecoveredReceiver_00568780	/SubmarineTitans/Recovered/HiddenThis/RecoveredReceiver_00568780	3983	1		1	1	0	0	0	8	medium	incoming_receiver_captures=0; entry_receiver_register_captures=0; receiver_accesses=1; receiver_bulk_copies=0; incoming_edx_uses=0; calls=1; ecx_pointer_setup=1; ecx_scalar_setup=0; caller_cleanup_calls=0; callee_ret_pop=[8]; expected_stack=8; receiver_family_members=1; same_this_callees=0; single_function_field_only_receiver_kept_neutral; adopt_untyped_existing_thiscall	3
0	0	0	0	0	00568850	FUN_00568850	DEFAULT	undefined __thiscall FUN_00568850(void * this, RecoveredRecord_00568850_A20B8306 * param_1)	ANALYSIS	__thiscall	__thiscall	RecoveredReceiver_00568850	/SubmarineTitans/Recovered/HiddenThis/RecoveredReceiver_00568850	3983	1		0	0	0	0	0	4	review	incoming_receiver_captures=1; entry_receiver_register_captures=0; receiver_accesses=2; receiver_bulk_copies=0; incoming_edx_uses=0; calls=0; ecx_pointer_setup=0; ecx_scalar_setup=0; caller_cleanup_calls=0; callee_ret_pop=[4]; expected_stack=4; receiver_family_members=1; same_this_callees=0; single_function_field_only_receiver_kept_neutral; adopt_untyped_existing_thiscall	3
0	0	0	0	0	00568940	SubmarineTitans::Recovered::HiddenThis::RecoveredReceiver_00568940::FUN_00568940	DEFAULT	undefined __thiscall FUN_00568940(RecoveredReceiver_00568940 * this, SubmarineTitans_Recovered_HiddenThis_RecoveredReceiver_00568940_sub_00568940_param_1Enum param_1)	ANALYSIS	__thiscall	__thiscall	RecoveredReceiver_00568940	/SubmarineTitans/Recovered/HiddenThis/RecoveredReceiver_00568940	3983	2		2	2	0	0	0	4	high	incoming_receiver_captures=1; entry_receiver_register_captures=0; receiver_accesses=3; receiver_bulk_copies=0; incoming_edx_uses=0; calls=2; ecx_pointer_setup=2; ecx_scalar_setup=0; caller_cleanup_calls=0; callee_ret_pop=[4]; expected_stack=4; receiver_family_members=2; same_this_callees=1; previously_applied	3
0	0	0	0	0	00568BC0	FUN_00568bc0	DEFAULT	undefined __thiscall FUN_00568bc0(void * this, int param_1)	ANALYSIS	__thiscall	__thiscall	RecoveredReceiver_00568940	/SubmarineTitans/Recovered/HiddenThis/RecoveredReceiver_00568940	3983	2		23	23	0	0	0	4	medium	incoming_receiver_captures=0; entry_receiver_register_captures=0; receiver_accesses=1; receiver_bulk_copies=0; incoming_edx_uses=0; calls=23; ecx_pointer_setup=23; ecx_scalar_setup=0; caller_cleanup_calls=0; callee_ret_pop=[4]; expected_stack=4; receiver_family_members=2; same_this_callees=0; adopt_untyped_existing_thiscall	3
0	0	0	0	0	0056A130	SubmarineTitans::Recovered::HiddenThis::RecoveredReceiver_0056A130::FUN_0056a130	DEFAULT	undefined __thiscall FUN_0056a130(RecoveredReceiver_0056A130 * this, uint param_1, char param_2, int param_3, uint * param_4)	ANALYSIS	__thiscall	__thiscall	RecoveredReceiver_0056A130	/SubmarineTitans/Recovered/HiddenThis/RecoveredReceiver_0056A130	3983	1		10	10	0	0	0	16	high	incoming_receiver_captures=1; entry_receiver_register_captures=0; receiver_accesses=2; receiver_bulk_copies=0; incoming_edx_uses=0; calls=10; ecx_pointer_setup=10; ecx_scalar_setup=0; caller_cleanup_calls=0; callee_ret_pop=[16]; expected_stack=16; receiver_family_members=1; same_this_callees=0; single_function_field_only_receiver_kept_neutral; previously_applied	3
0	0	0	0	0	0056A2A0	FUN_0056a2a0	DEFAULT	undefined4 __thiscall FUN_0056a2a0(void * this, cMf32 * param_1, char * param_2, int param_3, undefined4 * param_4)	ANALYSIS	__thiscall	__thiscall	RecoveredReceiver_0056A2A0	/SubmarineTitans/Recovered/HiddenThis/RecoveredReceiver_0056A2A0	3983	1		1	1	0	0	0	16	medium	incoming_receiver_captures=1; entry_receiver_register_captures=0; receiver_accesses=9; receiver_bulk_copies=0; incoming_edx_uses=0; calls=1; ecx_pointer_setup=1; ecx_scalar_setup=0; caller_cleanup_calls=0; callee_ret_pop=[16]; expected_stack=16; receiver_family_members=1; same_this_callees=0; single_function_field_only_receiver_kept_neutral; adopt_untyped_existing_thiscall	3
0	0	0	0	0	0056A840	FUN_0056a840	DEFAULT	void __thiscall FUN_0056a840(void * this, byte param_1)	ANALYSIS	__thiscall	__thiscall	RecoveredReceiver_0056A840	/SubmarineTitans/Recovered/HiddenThis/RecoveredReceiver_0056A840	4398	1		5	5	0	0	0	4	medium	incoming_receiver_captures=1; entry_receiver_register_captures=0; receiver_accesses=1; receiver_bulk_copies=0; incoming_edx_uses=0; calls=5; ecx_pointer_setup=5; ecx_scalar_setup=0; caller_cleanup_calls=0; callee_ret_pop=[4]; expected_stack=4; receiver_family_members=1; same_this_callees=0; single_function_field_only_receiver_kept_neutral; adopt_untyped_existing_thiscall	3
0	0	0	0	0	0056A8D0	FUN_0056a8d0	DEFAULT	void __thiscall FUN_0056a8d0(void * this, byte param_1, byte param_2, char param_3)	ANALYSIS	__thiscall	__thiscall	RecoveredReceiver_0056A8D0	/SubmarineTitans/Recovered/HiddenThis/RecoveredReceiver_0056A8D0	4398	1		10	10	0	0	0	12	medium	incoming_receiver_captures=0; entry_receiver_register_captures=0; receiver_accesses=1; receiver_bulk_copies=0; incoming_edx_uses=0; calls=10; ecx_pointer_setup=10; ecx_scalar_setup=0; caller_cleanup_calls=0; callee_ret_pop=[12]; expected_stack=12; receiver_family_members=1; same_this_callees=0; single_function_field_only_receiver_kept_neutral; adopt_untyped_existing_thiscall	3
0	0	0	0	0	0056A960	FUN_0056a960	DEFAULT	void __thiscall FUN_0056a960(void * this, byte param_1, byte param_2)	ANALYSIS	__thiscall	__thiscall	RecoveredReceiver_0056A960	/SubmarineTitans/Recovered/HiddenThis/RecoveredReceiver_0056A960	4398	1		3	3	0	0	0	8	medium	incoming_receiver_captures=0; entry_receiver_register_captures=1; receiver_accesses=1; receiver_bulk_copies=0; incoming_edx_uses=0; calls=3; ecx_pointer_setup=3; ecx_scalar_setup=0; caller_cleanup_calls=0; callee_ret_pop=[8]; expected_stack=8; receiver_family_members=1; same_this_callees=0; single_function_field_only_receiver_kept_neutral; adopt_untyped_existing_thiscall	3
0	0	0	0	0	0056AA00	FUN_0056aa00	DEFAULT	undefined __thiscall FUN_0056aa00(void * this, byte param_1, char param_2)	ANALYSIS	__thiscall	__thiscall	RecoveredReceiver_0056AA00	/SubmarineTitans/Recovered/HiddenThis/RecoveredReceiver_0056AA00	5237	1		1	1	0	0	0	8	medium	incoming_receiver_captures=0; entry_receiver_register_captures=1; receiver_accesses=8; receiver_bulk_copies=0; incoming_edx_uses=0; calls=1; ecx_pointer_setup=1; ecx_scalar_setup=0; caller_cleanup_calls=0; callee_ret_pop=[8]; expected_stack=8; receiver_family_members=1; same_this_callees=0; single_function_field_only_receiver_kept_neutral; adopt_untyped_existing_thiscall	3
0	0	0	0	0	0056ABC0	FUN_0056abc0	DEFAULT	undefined __thiscall FUN_0056abc0(void * this, char * param_1)	ANALYSIS	__thiscall	__thiscall	RecoveredReceiver_0056ABC0	/SubmarineTitans/Recovered/HiddenThis/RecoveredReceiver_0056ABC0	5237	1		1	1	0	0	0	4	medium	incoming_receiver_captures=3; entry_receiver_register_captures=0; receiver_accesses=7; receiver_bulk_copies=0; incoming_edx_uses=0; calls=1; ecx_pointer_setup=1; ecx_scalar_setup=0; caller_cleanup_calls=0; callee_ret_pop=[4]; expected_stack=4; receiver_family_members=1; same_this_callees=0; single_function_field_only_receiver_kept_neutral; adopt_untyped_existing_thiscall	3
0	0	0	0	0	0056F250	FUN_0056f250	DEFAULT	undefined __thiscall FUN_0056f250(void * this, char param_1, byte param_2, char * param_3)	ANALYSIS	__thiscall	__thiscall	RecoveredReceiver_0056F250	/SubmarineTitans/Recovered/HiddenThis/RecoveredReceiver_0056F250	32026	1		1	1	0	0	0	12	medium	incoming_receiver_captures=1; entry_receiver_register_captures=1; receiver_accesses=12; receiver_bulk_copies=0; incoming_edx_uses=0; calls=1; ecx_pointer_setup=1; ecx_scalar_setup=0; caller_cleanup_calls=0; callee_ret_pop=[12]; expected_stack=12; receiver_family_members=1; same_this_callees=0; receiver_size_requires_review(limit=0x4000); single_function_field_only_receiver_kept_neutral; adopt_untyped_existing_thiscall	3
0	0	0	0	0	00571320	FUN_00571320	DEFAULT	void __thiscall FUN_00571320(void * this, HWND param_1)	ANALYSIS	__thiscall	__thiscall	RecoveredReceiver_00571320	/SubmarineTitans/Recovered/HiddenThis/RecoveredReceiver_00571320	4399	1		3	3	0	0	0	4	medium	incoming_receiver_captures=0; entry_receiver_register_captures=0; receiver_accesses=1; receiver_bulk_copies=0; incoming_edx_uses=0; calls=3; ecx_pointer_setup=3; ecx_scalar_setup=0; caller_cleanup_calls=0; callee_ret_pop=[4]; expected_stack=4; receiver_family_members=1; same_this_callees=0; single_function_field_only_receiver_kept_neutral; adopt_untyped_existing_thiscall	3
0	0	0	0	0	00571E40	FUN_00571e40	DEFAULT	undefined4 __thiscall FUN_00571e40(void * this, LPDWORD lpcbData)	ANALYSIS	__thiscall	__thiscall	RecoveredReceiver_00571E40	/SubmarineTitans/Recovered/HiddenThis/RecoveredReceiver_00571E40	4	1		1	0	1	0	0	4	review	incoming_receiver_captures=0; entry_receiver_register_captures=1; receiver_accesses=0; receiver_bulk_copies=0; incoming_edx_uses=0; calls=1; ecx_pointer_setup=0; ecx_scalar_setup=1; caller_cleanup_calls=0; callee_ret_pop=[4]; expected_stack=4; receiver_family_members=1; same_this_callees=1; single_function_field_only_receiver_kept_neutral; adopt_untyped_existing_thiscall	3
0	0	0	0	0	00572920	FUN_00572920	DEFAULT	undefined4 __thiscall FUN_00572920(void * this, byte param_1)	ANALYSIS	__thiscall	__thiscall	RecoveredReceiver_00572920	/SubmarineTitans/Recovered/HiddenThis/RecoveredReceiver_00572920	4	1		2	2	0	0	0	4	medium	incoming_receiver_captures=1; entry_receiver_register_captures=1; receiver_accesses=0; receiver_bulk_copies=0; incoming_edx_uses=0; calls=2; ecx_pointer_setup=2; ecx_scalar_setup=0; caller_cleanup_calls=0; callee_ret_pop=[4]; expected_stack=4; receiver_family_members=1; same_this_callees=1; single_function_field_only_receiver_kept_neutral; adopt_untyped_existing_thiscall	3
0	0	0	0	0	00572D30	FUN_00572d30	DEFAULT	undefined4 __thiscall FUN_00572d30(void * this, BYTE * param_1, BYTE * param_2)	ANALYSIS	__thiscall	__thiscall	RecoveredReceiver_00571DC0	/SubmarineTitans/Recovered/HiddenThis/RecoveredReceiver_00571DC0	4	2		0	0	0	0	0	8	review	incoming_receiver_captures=0; entry_receiver_register_captures=1; receiver_accesses=0; receiver_bulk_copies=0; incoming_edx_uses=0; calls=0; ecx_pointer_setup=0; ecx_scalar_setup=0; caller_cleanup_calls=0; callee_ret_pop=[8]; expected_stack=8; receiver_family_members=2; same_this_callees=2; adopt_untyped_existing_thiscall	3
0	0	0	0	0	00573260	SubmarineTitans::Recovered::HiddenThis::RecoveredReceiver_00573260::FUN_00573260	DEFAULT	void __thiscall FUN_00573260(RecoveredReceiver_00573260 * this)	ANALYSIS	__thiscall	__thiscall	RecoveredReceiver_00573260	/SubmarineTitans/Recovered/HiddenThis/RecoveredReceiver_00573260	1921	2		3	3	0	0	0	0	high	incoming_receiver_captures=1; entry_receiver_register_captures=0; receiver_accesses=12; receiver_bulk_copies=0; incoming_edx_uses=0; calls=3; ecx_pointer_setup=3; ecx_scalar_setup=0; caller_cleanup_calls=0; callee_ret_pop=[0]; expected_stack=0; receiver_family_members=2; same_this_callees=1; previously_applied	3
0	0	0	0	0	005734C0	FUN_005734c0	DEFAULT	void __thiscall FUN_005734c0(void * this, LPDWORD lpcbData, PHKEY phkResult)	ANALYSIS	__thiscall	__thiscall	RecoveredReceiver_00573260	/SubmarineTitans/Recovered/HiddenThis/RecoveredReceiver_00573260	1921	2		2	1	0	1	0	8	medium	incoming_receiver_captures=0; entry_receiver_register_captures=1; receiver_accesses=2; receiver_bulk_copies=0; incoming_edx_uses=0; calls=2; ecx_pointer_setup=1; ecx_scalar_setup=0; caller_cleanup_calls=0; callee_ret_pop=[8]; expected_stack=8; receiver_family_members=2; same_this_callees=2; adopt_untyped_existing_thiscall	3
0	0	0	0	0	005792E0	FUN_005792e0	DEFAULT	int __thiscall FUN_005792e0(void * this, undefined4 param_1, int param_2)	ANALYSIS	__thiscall	__thiscall	RecoveredReceiver_005792E0	/SubmarineTitans/Recovered/HiddenThis/RecoveredReceiver_005792E0	32	1		0	0	0	0	0	8	review	incoming_receiver_captures=0; entry_receiver_register_captures=0; receiver_accesses=2; receiver_bulk_copies=0; incoming_edx_uses=0; calls=0; ecx_pointer_setup=0; ecx_scalar_setup=0; caller_cleanup_calls=0; callee_ret_pop=[8]; expected_stack=8; receiver_family_members=1; same_this_callees=0; single_function_field_only_receiver_kept_neutral; adopt_untyped_existing_thiscall	3
0	0	0	0	0	005797B0	FUN_005797b0	DEFAULT	int __thiscall FUN_005797b0(void * this, short * param_1, short * param_2, undefined2 * param_3)	ANALYSIS	__thiscall	__thiscall	RecoveredReceiver_005797B0	/SubmarineTitans/Recovered/HiddenThis/RecoveredReceiver_005797B0	601	1	0x10	2	2	0	0	0	12	medium	incoming_receiver_captures=0; entry_receiver_register_captures=1; receiver_accesses=79; receiver_bulk_copies=0; incoming_edx_uses=0; calls=2; ecx_pointer_setup=2; ecx_scalar_setup=0; caller_cleanup_calls=0; callee_ret_pop=[12]; expected_stack=12; receiver_family_members=1; same_this_callees=0; adopt_untyped_existing_thiscall	3
0	0	0	0	0	0057CB80	FUN_0057cb80	DEFAULT	int __thiscall FUN_0057cb80(void * this, undefined4 param_1, int param_2)	ANALYSIS	__thiscall	__thiscall	RecoveredReceiver_0057CB80	/SubmarineTitans/Recovered/HiddenThis/RecoveredReceiver_0057CB80	619	1		0	0	0	0	0	8	review	incoming_receiver_captures=0; entry_receiver_register_captures=0; receiver_accesses=3; receiver_bulk_copies=0; incoming_edx_uses=0; calls=0; ecx_pointer_setup=0; ecx_scalar_setup=0; caller_cleanup_calls=0; callee_ret_pop=[8]; expected_stack=8; receiver_family_members=1; same_this_callees=0; single_function_field_only_receiver_kept_neutral; adopt_untyped_existing_thiscall	3
0	0	0	0	0	0057F530	FUN_0057f530	DEFAULT	char * __thiscall FUN_0057f530(void * this, int param_1)	ANALYSIS	__thiscall	__thiscall	RecoveredReceiver_0057F240	/SubmarineTitans/Recovered/HiddenThis/RecoveredReceiver_0057F240	605	2		1	0	0	1	0	4	review	incoming_receiver_captures=0; entry_receiver_register_captures=0; receiver_accesses=1; receiver_bulk_copies=0; incoming_edx_uses=0; calls=1; ecx_pointer_setup=0; ecx_scalar_setup=0; caller_cleanup_calls=0; callee_ret_pop=[8]; expected_stack=4; receiver_family_members=2; same_this_callees=1; stack_discipline_mismatch; adopt_untyped_existing_thiscall	3
0	0	0	0	0	005800E0	FUN_005800e0	DEFAULT	undefined __thiscall FUN_005800e0(void * this, int param_1)	ANALYSIS	__thiscall	__thiscall	RecoveredReceiver_005800E0	/SubmarineTitans/Recovered/HiddenThis/RecoveredReceiver_005800E0	621	1		1	1	0	0	0	4	medium	incoming_receiver_captures=0; entry_receiver_register_captures=1; receiver_accesses=6; receiver_bulk_copies=0; incoming_edx_uses=0; calls=1; ecx_pointer_setup=1; ecx_scalar_setup=0; caller_cleanup_calls=0; callee_ret_pop=[4]; expected_stack=4; receiver_family_members=1; same_this_callees=1; single_function_field_only_receiver_kept_neutral; adopt_untyped_existing_thiscall	3
0	0	0	0	0	005801C0	FUN_005801c0	DEFAULT	undefined __thiscall FUN_005801c0(void * this, int param_1)	ANALYSIS	__thiscall	__thiscall	RecoveredReceiver_005801C0	/SubmarineTitans/Recovered/HiddenThis/RecoveredReceiver_005801C0	621	1		1	1	0	0	0	4	medium	incoming_receiver_captures=0; entry_receiver_register_captures=1; receiver_accesses=6; receiver_bulk_copies=0; incoming_edx_uses=0; calls=1; ecx_pointer_setup=1; ecx_scalar_setup=0; caller_cleanup_calls=0; callee_ret_pop=[4]; expected_stack=4; receiver_family_members=1; same_this_callees=1; single_function_field_only_receiver_kept_neutral; adopt_untyped_existing_thiscall	3
0	0	0	0	0	005804F0	FUN_005804f0	DEFAULT	void __thiscall FUN_005804f0(void * this, undefined4 param_1, ushort param_2, ushort param_3)	ANALYSIS	__thiscall	__thiscall	RecoveredReceiver_005803C0	/SubmarineTitans/Recovered/HiddenThis/RecoveredReceiver_005803C0	621	3		2	2	0	0	0	12	medium	incoming_receiver_captures=0; entry_receiver_register_captures=1; receiver_accesses=3; receiver_bulk_copies=0; incoming_edx_uses=0; calls=2; ecx_pointer_setup=2; ecx_scalar_setup=0; caller_cleanup_calls=0; callee_ret_pop=[12]; expected_stack=12; receiver_family_members=3; same_this_callees=2; adopt_untyped_existing_thiscall	3
0	0	0	0	0	00580F50	FUN_00580f50	DEFAULT	undefined __stdcall FUN_00580f50(void)	ANALYSIS	__stdcall	__thiscall	RecoveredReceiver_00580F50	/SubmarineTitans/Recovered/HiddenThis/RecoveredReceiver_00580F50	4	1		1	1	0	0	0	0	medium	incoming_receiver_captures=1; entry_receiver_register_captures=1; receiver_accesses=0; receiver_bulk_copies=0; incoming_edx_uses=0; calls=1; ecx_pointer_setup=1; ecx_scalar_setup=0; caller_cleanup_calls=0; callee_ret_pop=[0]; expected_stack=0; receiver_family_members=1; same_this_callees=0; single_function_field_only_receiver_kept_neutral	3
0	0	0	0	0	00580FA0	FUN_00580fa0	DEFAULT	undefined __stdcall FUN_00580fa0(void)	ANALYSIS	__stdcall	__thiscall	RecoveredReceiver_00580FA0	/SubmarineTitans/Recovered/HiddenThis/RecoveredReceiver_00580FA0	4	1		1	1	0	0	0	0	medium	incoming_receiver_captures=1; entry_receiver_register_captures=1; receiver_accesses=0; receiver_bulk_copies=0; incoming_edx_uses=0; calls=1; ecx_pointer_setup=1; ecx_scalar_setup=0; caller_cleanup_calls=0; callee_ret_pop=[0]; expected_stack=0; receiver_family_members=1; same_this_callees=0; single_function_field_only_receiver_kept_neutral	3
0	0	0	0	0	00580FF0	FUN_00580ff0	DEFAULT	undefined __stdcall FUN_00580ff0(ushort param_1, undefined2 param_2)	ANALYSIS	__stdcall	__thiscall	RecoveredReceiver_005803C0	/SubmarineTitans/Recovered/HiddenThis/RecoveredReceiver_005803C0	621	3		1	1	0	0	0	8	medium	incoming_receiver_captures=1; entry_receiver_register_captures=1; receiver_accesses=0; receiver_bulk_copies=0; incoming_edx_uses=0; calls=1; ecx_pointer_setup=1; ecx_scalar_setup=0; caller_cleanup_calls=0; callee_ret_pop=[8]; expected_stack=8; receiver_family_members=3; same_this_callees=0	3
0	0	0	0	0	00581060	FUN_00581060	DEFAULT	undefined __stdcall FUN_00581060(void)	ANALYSIS	__stdcall	__thiscall	RecoveredReceiver_00581060	/SubmarineTitans/Recovered/HiddenThis/RecoveredReceiver_00581060	4	1		1	1	0	0	0	0	medium	incoming_receiver_captures=1; entry_receiver_register_captures=1; receiver_accesses=0; receiver_bulk_copies=0; incoming_edx_uses=0; calls=1; ecx_pointer_setup=1; ecx_scalar_setup=0; caller_cleanup_calls=0; callee_ret_pop=[0]; expected_stack=0; receiver_family_members=1; same_this_callees=0; single_function_field_only_receiver_kept_neutral	3
0	0	0	0	0	005822B0	FUN_005822b0	DEFAULT	undefined __thiscall FUN_005822b0(void * this, undefined4 param_1, ushort param_2)	ANALYSIS	__thiscall	__thiscall	RecoveredReceiver_005822B0	/SubmarineTitans/Recovered/HiddenThis/RecoveredReceiver_005822B0	519	1		1	1	0	0	0	8	medium	incoming_receiver_captures=0; entry_receiver_register_captures=0; receiver_accesses=2; receiver_bulk_copies=0; incoming_edx_uses=0; calls=1; ecx_pointer_setup=1; ecx_scalar_setup=0; caller_cleanup_calls=0; callee_ret_pop=[8]; expected_stack=8; receiver_family_members=1; same_this_callees=0; single_function_field_only_receiver_kept_neutral; adopt_untyped_existing_thiscall	3
0	0	0	0	0	005844B0	FUN_005844b0	DEFAULT	undefined __thiscall FUN_005844b0(void * this, undefined4 param_1, ushort param_2)	ANALYSIS	__thiscall	__thiscall	RecoveredReceiver_005844B0	/SubmarineTitans/Recovered/HiddenThis/RecoveredReceiver_005844B0	660	1		0	0	0	0	0	8	review	incoming_receiver_captures=0; entry_receiver_register_captures=0; receiver_accesses=2; receiver_bulk_copies=0; incoming_edx_uses=0; calls=0; ecx_pointer_setup=0; ecx_scalar_setup=0; caller_cleanup_calls=0; callee_ret_pop=[8]; expected_stack=8; receiver_family_members=1; same_this_callees=0; single_function_field_only_receiver_kept_neutral; adopt_untyped_existing_thiscall	3
0	0	0	0	0	00584C50	FUN_00584c50	DEFAULT	void __thiscall FUN_00584c50(void * this, undefined4 * param_1)	ANALYSIS	__thiscall	__thiscall	RecoveredReceiver_00584C50	/SubmarineTitans/Recovered/HiddenThis/RecoveredReceiver_00584C50	646	1		2	2	0	0	0	4	medium	incoming_receiver_captures=0; entry_receiver_register_captures=0; receiver_accesses=3; receiver_bulk_copies=0; incoming_edx_uses=0; calls=2; ecx_pointer_setup=2; ecx_scalar_setup=0; caller_cleanup_calls=0; callee_ret_pop=[4]; expected_stack=4; receiver_family_members=1; same_this_callees=0; single_function_field_only_receiver_kept_neutral; adopt_untyped_existing_thiscall	3
0	0	0	0	0	00585890	FUN_00585890	DEFAULT	undefined __thiscall FUN_00585890(void * this, int param_1, int param_2, uint param_3)	ANALYSIS	__thiscall	__thiscall	RecoveredReceiver_00585890	/SubmarineTitans/Recovered/HiddenThis/RecoveredReceiver_00585890	28	1		1	1	0	0	0	12	medium	incoming_receiver_captures=0; entry_receiver_register_captures=0; receiver_accesses=1; receiver_bulk_copies=0; incoming_edx_uses=0; calls=1; ecx_pointer_setup=1; ecx_scalar_setup=0; caller_cleanup_calls=0; callee_ret_pop=[12]; expected_stack=12; receiver_family_members=1; same_this_callees=0; single_function_field_only_receiver_kept_neutral; adopt_untyped_existing_thiscall	3
0	0	0	0	0	005860D0	FUN_005860d0	DEFAULT	void __thiscall FUN_005860d0(void * this, int param_1, int param_2, int soundId)	ANALYSIS	__thiscall	__thiscall	RecoveredReceiver_005860D0	/SubmarineTitans/Recovered/HiddenThis/RecoveredReceiver_005860D0	28	1		2	2	0	0	0	12	medium	incoming_receiver_captures=0; entry_receiver_register_captures=0; receiver_accesses=1; receiver_bulk_copies=0; incoming_edx_uses=0; calls=2; ecx_pointer_setup=2; ecx_scalar_setup=0; caller_cleanup_calls=0; callee_ret_pop=[12]; expected_stack=12; receiver_family_members=1; same_this_callees=0; single_function_field_only_receiver_kept_neutral; adopt_untyped_existing_thiscall	3
0	0	0	0	0	00589870	FUN_00589870	DEFAULT	void __thiscall FUN_00589870(void * this, int param_1, int param_2, int soundId)	ANALYSIS	__thiscall	__thiscall	RecoveredReceiver_00589870	/SubmarineTitans/Recovered/HiddenThis/RecoveredReceiver_00589870	28	1		2	2	0	0	0	12	medium	incoming_receiver_captures=0; entry_receiver_register_captures=0; receiver_accesses=1; receiver_bulk_copies=0; incoming_edx_uses=0; calls=2; ecx_pointer_setup=2; ecx_scalar_setup=0; caller_cleanup_calls=0; callee_ret_pop=[12]; expected_stack=12; receiver_family_members=1; same_this_callees=0; single_function_field_only_receiver_kept_neutral; adopt_untyped_existing_thiscall	3
0	0	0	0	0	0058A970	FUN_0058a970	DEFAULT	int __thiscall FUN_0058a970(void * this, undefined4 param_1, int param_2)	ANALYSIS	__thiscall	__thiscall	RecoveredReceiver_0058A970	/SubmarineTitans/Recovered/HiddenThis/RecoveredReceiver_0058A970	32	1		0	0	0	0	0	8	review	incoming_receiver_captures=0; entry_receiver_register_captures=0; receiver_accesses=2; receiver_bulk_copies=0; incoming_edx_uses=0; calls=0; ecx_pointer_setup=0; ecx_scalar_setup=0; caller_cleanup_calls=0; callee_ret_pop=[8]; expected_stack=8; receiver_family_members=1; same_this_callees=0; single_function_field_only_receiver_kept_neutral; adopt_untyped_existing_thiscall	3
0	0	0	0	0	0058C560	FUN_0058c560	DEFAULT	void __thiscall FUN_0058c560(void * this, int param_1, int param_2)	ANALYSIS	__thiscall	__thiscall	RecoveredReceiver_0058C560	/SubmarineTitans/Recovered/HiddenThis/RecoveredReceiver_0058C560	593	1		3	3	0	0	0	8	medium	incoming_receiver_captures=0; entry_receiver_register_captures=1; receiver_accesses=4; receiver_bulk_copies=0; incoming_edx_uses=0; calls=3; ecx_pointer_setup=3; ecx_scalar_setup=0; caller_cleanup_calls=0; callee_ret_pop=[8]; expected_stack=8; receiver_family_members=1; same_this_callees=0; single_function_field_only_receiver_kept_neutral; adopt_untyped_existing_thiscall	3
0	0	0	0	0	0058CF90	FUN_0058cf90	DEFAULT	undefined __thiscall FUN_0058cf90(void * this, undefined4 param_1, undefined2 param_2)	ANALYSIS	__thiscall	__thiscall	RecoveredReceiver_0058CF90	/SubmarineTitans/Recovered/HiddenThis/RecoveredReceiver_0058CF90	667	1		1	1	0	0	0	8	medium	incoming_receiver_captures=0; entry_receiver_register_captures=0; receiver_accesses=3; receiver_bulk_copies=0; incoming_edx_uses=0; calls=1; ecx_pointer_setup=1; ecx_scalar_setup=0; caller_cleanup_calls=0; callee_ret_pop=[8]; expected_stack=8; receiver_family_members=1; same_this_callees=0; single_function_field_only_receiver_kept_neutral; adopt_untyped_existing_thiscall	3
0	0	0	0	0	0058F1E0	FUN_0058f1e0	DEFAULT	STSharkC_field_0257State __thiscall FUN_0058f1e0(void * this, int param_1)	ANALYSIS	__thiscall	__thiscall	RecoveredReceiver_0058F1E0	/SubmarineTitans/Recovered/HiddenThis/RecoveredReceiver_0058F1E0	655	2		3	3	0	0	0	4	medium	incoming_receiver_captures=0; entry_receiver_register_captures=1; receiver_accesses=26; receiver_bulk_copies=0; incoming_edx_uses=0; calls=3; ecx_pointer_setup=3; ecx_scalar_setup=0; caller_cleanup_calls=0; callee_ret_pop=[4]; expected_stack=4; receiver_family_members=2; same_this_callees=2; adopt_untyped_existing_thiscall	3
0	0	0	0	0	0058F680	FUN_0058f680	DEFAULT	int __thiscall FUN_0058f680(void * this, undefined2 * param_1, undefined2 * param_2, undefined2 * param_3, short * param_4)	ANALYSIS	__thiscall	__thiscall	RecoveredReceiver_0058F1E0	/SubmarineTitans/Recovered/HiddenThis/RecoveredReceiver_0058F1E0	655	2		1	1	0	0	0	16	medium	incoming_receiver_captures=0; entry_receiver_register_captures=1; receiver_accesses=11; receiver_bulk_copies=0; incoming_edx_uses=0; calls=1; ecx_pointer_setup=1; ecx_scalar_setup=0; caller_cleanup_calls=0; callee_ret_pop=[16]; expected_stack=16; receiver_family_members=2; same_this_callees=1; adopt_untyped_existing_thiscall; single_call_corroborated_by_receiver_family	3
0	0	0	0	0	00590130	FUN_00590130	DEFAULT	undefined __thiscall FUN_00590130(void * this, undefined4 param_1)	ANALYSIS	__thiscall	__thiscall	RecoveredReceiver_00590130	/SubmarineTitans/Recovered/HiddenThis/RecoveredReceiver_00590130	611	1		1	1	0	0	0	4	medium	incoming_receiver_captures=0; entry_receiver_register_captures=0; receiver_accesses=1; receiver_bulk_copies=0; incoming_edx_uses=0; calls=1; ecx_pointer_setup=1; ecx_scalar_setup=0; caller_cleanup_calls=0; callee_ret_pop=[8]; expected_stack=4; receiver_family_members=1; same_this_callees=0; stack_discipline_mismatch; single_function_field_only_receiver_kept_neutral; adopt_untyped_existing_thiscall	3
0	0	0	0	0	005B6350	FUN_005b6350	DEFAULT	void __thiscall FUN_005b6350(void * this, undefined4 param_1, uint param_2, uint param_3)	ANALYSIS	__thiscall	__thiscall	RecoveredReceiver_005B6350	/SubmarineTitans/Recovered/HiddenThis/RecoveredReceiver_005B6350	6747	1		32	32	0	0	0	12	medium	incoming_receiver_captures=0; entry_receiver_register_captures=0; receiver_accesses=7; receiver_bulk_copies=0; incoming_edx_uses=0; calls=32; ecx_pointer_setup=32; ecx_scalar_setup=0; caller_cleanup_calls=0; callee_ret_pop=[12]; expected_stack=12; receiver_family_members=1; same_this_callees=0; single_function_field_only_receiver_kept_neutral; adopt_untyped_existing_thiscall	3
0	0	0	0	0	005B6450	FUN_005b6450	DEFAULT	void __thiscall FUN_005b6450(void * this, STMessage * param_1)	ANALYSIS	__thiscall	__thiscall	RecoveredReceiver_005B6450	/SubmarineTitans/Recovered/HiddenThis/RecoveredReceiver_005B6450	6751	1		9	9	0	0	0	4	medium	incoming_receiver_captures=0; entry_receiver_register_captures=0; receiver_accesses=1; receiver_bulk_copies=0; incoming_edx_uses=0; calls=9; ecx_pointer_setup=9; ecx_scalar_setup=0; caller_cleanup_calls=0; callee_ret_pop=[4]; expected_stack=4; receiver_family_members=1; same_this_callees=0; single_function_field_only_receiver_kept_neutral; adopt_untyped_existing_thiscall	3
0	0	0	0	0	005B6730	FUN_005b6730	DEFAULT	undefined __thiscall FUN_005b6730(void * this, uint param_1, char param_2, int param_3)	ANALYSIS	__thiscall	__thiscall	RecoveredReceiver_005B6730	/SubmarineTitans/Recovered/HiddenThis/RecoveredReceiver_005B6730	28	1		53	53	0	0	0	12	medium	incoming_receiver_captures=0; entry_receiver_register_captures=0; receiver_accesses=3; receiver_bulk_copies=0; incoming_edx_uses=0; calls=53; ecx_pointer_setup=53; ecx_scalar_setup=0; caller_cleanup_calls=0; callee_ret_pop=[12]; expected_stack=12; receiver_family_members=1; same_this_callees=0; single_function_field_only_receiver_kept_neutral; adopt_untyped_existing_thiscall	3
0	0	0	0	0	005B8F90	FUN_005b8f90	DEFAULT	undefined __thiscall FUN_005b8f90(void * this, uint param_1)	ANALYSIS	__thiscall	__thiscall	RecoveredReceiver_005B8F90	/SubmarineTitans/Recovered/HiddenThis/RecoveredReceiver_005B8F90	155	1		0	0	0	0	0	4	review	incoming_receiver_captures=0; entry_receiver_register_captures=0; receiver_accesses=2; receiver_bulk_copies=0; incoming_edx_uses=0; calls=0; ecx_pointer_setup=0; ecx_scalar_setup=0; caller_cleanup_calls=0; callee_ret_pop=[4]; expected_stack=4; receiver_family_members=1; same_this_callees=0; single_function_field_only_receiver_kept_neutral; adopt_untyped_existing_thiscall	3
0	0	0	0	0	005C7800	SubmarineTitans::Recovered::HiddenThis::RecoveredReceiver_0053F510::FUN_005c7800	DEFAULT	undefined __thiscall FUN_005c7800(RecoveredReceiver_0053F510 * this)	ANALYSIS	__thiscall	__thiscall	RecoveredReceiver_0053F510	/SubmarineTitans/Recovered/HiddenThis/RecoveredReceiver_0053F510	8485	5	0x0,0x24,0x28	3	2	0	1	0	0	high	incoming_receiver_captures=1; entry_receiver_register_captures=0; receiver_accesses=34; receiver_bulk_copies=0; incoming_edx_uses=0; calls=3; ecx_pointer_setup=2; ecx_scalar_setup=0; caller_cleanup_calls=0; callee_ret_pop=[0]; expected_stack=0; receiver_family_members=5; same_this_callees=2; previously_applied	3
0	0	0	0	0	005C8200	SubmarineTitans::Recovered::HiddenThis::RecoveredReceiver_0053F510::FUN_005c8200	DEFAULT	undefined __thiscall FUN_005c8200(RecoveredReceiver_0053F510 * this)	ANALYSIS	__thiscall	__thiscall	RecoveredReceiver_0053F510	/SubmarineTitans/Recovered/HiddenThis/RecoveredReceiver_0053F510	8485	5	0x0,0x24,0x28	1	1	0	0	0	0	high	incoming_receiver_captures=2; entry_receiver_register_captures=0; receiver_accesses=22; receiver_bulk_copies=0; incoming_edx_uses=0; calls=1; ecx_pointer_setup=1; ecx_scalar_setup=0; caller_cleanup_calls=0; callee_ret_pop=[0]; expected_stack=0; receiver_family_members=5; same_this_callees=3; previously_applied; single_call_corroborated_by_receiver_family	3
0	0	0	0	0	005CBBE0	FUN_005cbbe0	DEFAULT	int __thiscall FUN_005cbbe0(void * this, AnonShape_005CBBE0_2D1CAA09 * param_1)	ANALYSIS	__thiscall	__thiscall	RecoveredReceiver_005CBBE0	/SubmarineTitans/Recovered/HiddenThis/RecoveredReceiver_005CBBE0	7719	1		2	2	0	0	0	4	medium	incoming_receiver_captures=0; entry_receiver_register_captures=1; receiver_accesses=1; receiver_bulk_copies=0; incoming_edx_uses=0; calls=2; ecx_pointer_setup=2; ecx_scalar_setup=0; caller_cleanup_calls=0; callee_ret_pop=[4]; expected_stack=4; receiver_family_members=1; same_this_callees=1; single_function_field_only_receiver_kept_neutral; adopt_untyped_existing_thiscall	3
0	0	0	0	0	005DA7A0	FUN_005da7a0	DEFAULT	undefined4 __stdcall FUN_005da7a0(void)	ANALYSIS	__stdcall	__thiscall	RecoveredReceiver_005DA7A0	/SubmarineTitans/Recovered/HiddenThis/RecoveredReceiver_005DA7A0	1678	1		1	1	0	0	0	0	medium	incoming_receiver_captures=1; entry_receiver_register_captures=0; receiver_accesses=7; receiver_bulk_copies=0; incoming_edx_uses=0; calls=1; ecx_pointer_setup=1; ecx_scalar_setup=0; caller_cleanup_calls=0; callee_ret_pop=[0]; expected_stack=0; receiver_family_members=1; same_this_callees=1; single_function_field_only_receiver_kept_neutral	3
0	0	0	0	0	005DA980	FUN_005da980	DEFAULT	int __stdcall FUN_005da980(int param_1)	ANALYSIS	__stdcall	__thiscall	RecoveredReceiver_005DA980	/SubmarineTitans/Recovered/HiddenThis/RecoveredReceiver_005DA980	1678	5		2	2	0	0	0	4	medium	incoming_receiver_captures=1; entry_receiver_register_captures=0; receiver_accesses=1; receiver_bulk_copies=0; incoming_edx_uses=0; calls=2; ecx_pointer_setup=2; ecx_scalar_setup=0; caller_cleanup_calls=0; callee_ret_pop=[4]; expected_stack=4; receiver_family_members=5; same_this_callees=1	3
0	0	0	0	0	005DAB70	FUN_005dab70	DEFAULT	int __stdcall FUN_005dab70(StartSystemTy * context, int param_2, undefined4 param_3)	ANALYSIS	__stdcall	__thiscall	RecoveredReceiver_005DAB70	/SubmarineTitans/Recovered/HiddenThis/RecoveredReceiver_005DAB70	1682	1		2	2	0	0	0	12	medium	incoming_receiver_captures=1; entry_receiver_register_captures=0; receiver_accesses=1; receiver_bulk_copies=0; incoming_edx_uses=0; calls=2; ecx_pointer_setup=2; ecx_scalar_setup=0; caller_cleanup_calls=0; callee_ret_pop=[8]; expected_stack=12; receiver_family_members=1; same_this_callees=1; stack_discipline_mismatch; single_function_field_only_receiver_kept_neutral	3
0	0	0	0	0	005EC9F0	FUN_005ec9f0	DEFAULT	undefined4 __stdcall FUN_005ec9f0(int param_1)	ANALYSIS	__stdcall	__thiscall	RecoveredReceiver_00417E70	/SubmarineTitans/Recovered/HiddenThis/RecoveredReceiver_00417E70	735	3	0xD8	8	7	0	0	0	4	medium	incoming_receiver_captures=1; entry_receiver_register_captures=0; receiver_accesses=9; receiver_bulk_copies=0; incoming_edx_uses=0; calls=8; ecx_pointer_setup=7; ecx_scalar_setup=0; caller_cleanup_calls=0; callee_ret_pop=[8]; expected_stack=4; receiver_family_members=3; same_this_callees=1; stack_discipline_mismatch	3
0	0	0	0	0	005ECD70	FUN_005ecd70	DEFAULT	undefined4 __thiscall FUN_005ecd70(void * this, int param_1, int param_2, int param_3, int param_4, char param_5, undefined4 param_6)	ANALYSIS	__thiscall	__thiscall	RecoveredReceiver_005ECD70	/SubmarineTitans/Recovered/HiddenThis/RecoveredReceiver_005ECD70	800	5		13	11	0	2	0	24	medium	incoming_receiver_captures=0; entry_receiver_register_captures=1; receiver_accesses=41; receiver_bulk_copies=0; incoming_edx_uses=0; calls=13; ecx_pointer_setup=11; ecx_scalar_setup=0; caller_cleanup_calls=0; callee_ret_pop=[24]; expected_stack=24; receiver_family_members=5; same_this_callees=2; adopt_untyped_existing_thiscall	3
0	0	0	0	0	005ECFE0	FUN_005ecfe0	DEFAULT	undefined4 __thiscall FUN_005ecfe0(void * this, int param_1, int param_2, int param_3, int param_4, int param_5)	ANALYSIS	__thiscall	__thiscall	RecoveredReceiver_005ECFE0	/SubmarineTitans/Recovered/HiddenThis/RecoveredReceiver_005ECFE0	702	3		2	1	0	0	0	20	medium	incoming_receiver_captures=0; entry_receiver_register_captures=1; receiver_accesses=2; receiver_bulk_copies=0; incoming_edx_uses=0; calls=2; ecx_pointer_setup=1; ecx_scalar_setup=0; caller_cleanup_calls=0; callee_ret_pop=[20]; expected_stack=20; receiver_family_members=3; same_this_callees=0; adopt_untyped_existing_thiscall	3
0	0	0	0	0	005ED1C0	FUN_005ed1c0	DEFAULT	undefined4 __thiscall FUN_005ed1c0(void * this, int * param_1, int * param_2, int * param_3, int * param_4)	ANALYSIS	__thiscall	__thiscall	RecoveredReceiver_005ED1C0	/SubmarineTitans/Recovered/HiddenThis/RecoveredReceiver_005ED1C0	714	1		2	2	0	0	0	16	medium	incoming_receiver_captures=0; entry_receiver_register_captures=1; receiver_accesses=21; receiver_bulk_copies=0; incoming_edx_uses=0; calls=2; ecx_pointer_setup=2; ecx_scalar_setup=0; caller_cleanup_calls=0; callee_ret_pop=[16]; expected_stack=16; receiver_family_members=1; same_this_callees=0; single_function_field_only_receiver_kept_neutral; adopt_untyped_existing_thiscall	3
0	0	0	0	0	005EDE30	FUN_005ede30	DEFAULT	undefined4 __thiscall FUN_005ede30(void * this, undefined4 * param_1, undefined4 * param_2, int * param_3)	ANALYSIS	__thiscall	__thiscall	RecoveredReceiver_005ECD70	/SubmarineTitans/Recovered/HiddenThis/RecoveredReceiver_005ECD70	800	5		1	1	0	0	0	12	medium	incoming_receiver_captures=0; entry_receiver_register_captures=0; receiver_accesses=12; receiver_bulk_copies=0; incoming_edx_uses=0; calls=1; ecx_pointer_setup=1; ecx_scalar_setup=0; caller_cleanup_calls=0; callee_ret_pop=[12]; expected_stack=12; receiver_family_members=5; same_this_callees=1; adopt_untyped_existing_thiscall; single_call_corroborated_by_receiver_family	3
0	0	0	0	0	005EE010	FUN_005ee010	DEFAULT	undefined4 __thiscall FUN_005ee010(void * this, undefined4 param_1, undefined4 param_2, undefined4 param_3, uint param_4)	ANALYSIS	__thiscall	__thiscall	RecoveredReceiver_005EE010	/SubmarineTitans/Recovered/HiddenThis/RecoveredReceiver_005EE010	643	1		0	0	0	0	0	16	review	incoming_receiver_captures=0; entry_receiver_register_captures=1; receiver_accesses=6; receiver_bulk_copies=0; incoming_edx_uses=0; calls=0; ecx_pointer_setup=0; ecx_scalar_setup=0; caller_cleanup_calls=0; callee_ret_pop=[16]; expected_stack=16; receiver_family_members=1; same_this_callees=1; single_function_field_only_receiver_kept_neutral; adopt_untyped_existing_thiscall	3
0	0	0	0	0	005EE080	FUN_005ee080	DEFAULT	int __thiscall FUN_005ee080(void * this, short param_1, short param_2, short param_3, short param_4, short param_5, short param_6)	ANALYSIS	__thiscall	__thiscall	RecoveredReceiver_005EE080	/SubmarineTitans/Recovered/HiddenThis/RecoveredReceiver_005EE080	714	1		1	0	0	0	0	24	review	incoming_receiver_captures=1; entry_receiver_register_captures=0; receiver_accesses=5; receiver_bulk_copies=0; incoming_edx_uses=0; calls=1; ecx_pointer_setup=0; ecx_scalar_setup=0; caller_cleanup_calls=0; callee_ret_pop=[24]; expected_stack=24; receiver_family_members=1; same_this_callees=0; single_function_field_only_receiver_kept_neutral; adopt_untyped_existing_thiscall	3
0	0	0	0	0	005EE3F0	FUN_005ee3f0	DEFAULT	undefined4 __thiscall FUN_005ee3f0(void * this, float param_1, short * param_2, short * param_3, short * param_4, undefined4 * param_5)	ANALYSIS	__thiscall	__thiscall	RecoveredReceiver_005EE3F0	/SubmarineTitans/Recovered/HiddenThis/RecoveredReceiver_005EE3F0	643	1		1	0	0	0	0	20	review	incoming_receiver_captures=0; entry_receiver_register_captures=1; receiver_accesses=4; receiver_bulk_copies=0; incoming_edx_uses=0; calls=1; ecx_pointer_setup=0; ecx_scalar_setup=0; caller_cleanup_calls=0; callee_ret_pop=[20]; expected_stack=20; receiver_family_members=1; same_this_callees=0; single_function_field_only_receiver_kept_neutral; adopt_untyped_existing_thiscall	3
0	0	0	0	0	005EEFF0	FUN_005eeff0	DEFAULT	void __thiscall FUN_005eeff0(void * this, int param_1)	ANALYSIS	__thiscall	__thiscall	RecoveredReceiver_00417E70	/SubmarineTitans/Recovered/HiddenThis/RecoveredReceiver_00417E70	735	3	0xD8	7	7	0	0	0	4	medium	incoming_receiver_captures=0; entry_receiver_register_captures=1; receiver_accesses=12; receiver_bulk_copies=0; incoming_edx_uses=0; calls=7; ecx_pointer_setup=7; ecx_scalar_setup=0; caller_cleanup_calls=0; callee_ret_pop=[4]; expected_stack=4; receiver_family_members=3; same_this_callees=2; adopt_untyped_existing_thiscall	3
0	0	0	0	0	005EF4B0	FUN_005ef4b0	DEFAULT	int __thiscall FUN_005ef4b0(void * this, int param_1)	ANALYSIS	__thiscall	__thiscall	RecoveredReceiver_005ECD70	/SubmarineTitans/Recovered/HiddenThis/RecoveredReceiver_005ECD70	800	5		4	4	0	0	0	4	medium	incoming_receiver_captures=0; entry_receiver_register_captures=1; receiver_accesses=12; receiver_bulk_copies=0; incoming_edx_uses=0; calls=4; ecx_pointer_setup=4; ecx_scalar_setup=0; caller_cleanup_calls=0; callee_ret_pop=[4]; expected_stack=4; receiver_family_members=5; same_this_callees=1; adopt_untyped_existing_thiscall	3
0	0	0	0	0	005EF6C0	FUN_005ef6c0	DEFAULT	undefined __thiscall FUN_005ef6c0(void * this, int param_1)	ANALYSIS	__thiscall	__thiscall	RecoveredReceiver_005ECFE0	/SubmarineTitans/Recovered/HiddenThis/RecoveredReceiver_005ECFE0	702	3		2	2	0	0	0	4	medium	incoming_receiver_captures=0; entry_receiver_register_captures=1; receiver_accesses=5; receiver_bulk_copies=0; incoming_edx_uses=0; calls=2; ecx_pointer_setup=2; ecx_scalar_setup=0; caller_cleanup_calls=0; callee_ret_pop=[4]; expected_stack=4; receiver_family_members=3; same_this_callees=0; adopt_untyped_existing_thiscall	3
0	0	0	0	0	005EF7A0	FUN_005ef7a0	DEFAULT	bool __thiscall FUN_005ef7a0(void * this, short param_1, short param_2, short param_3)	ANALYSIS	__thiscall	__thiscall	RecoveredReceiver_005ECD70	/SubmarineTitans/Recovered/HiddenThis/RecoveredReceiver_005ECD70	800	5		0	0	0	0	0	12	review	incoming_receiver_captures=0; entry_receiver_register_captures=1; receiver_accesses=8; receiver_bulk_copies=0; incoming_edx_uses=0; calls=0; ecx_pointer_setup=0; ecx_scalar_setup=0; caller_cleanup_calls=0; callee_ret_pop=[12]; expected_stack=12; receiver_family_members=5; same_this_callees=1; adopt_untyped_existing_thiscall	3
0	0	0	0	0	005EFA90	FUN_005efa90	DEFAULT	undefined __thiscall FUN_005efa90(void * this, undefined4 param_1)	ANALYSIS	__thiscall	__thiscall	RecoveredReceiver_005EFA90	/SubmarineTitans/Recovered/HiddenThis/RecoveredReceiver_005EFA90	745	1	0xAC	1	0	0	0	0	4	review	incoming_receiver_captures=0; entry_receiver_register_captures=0; receiver_accesses=3; receiver_bulk_copies=0; incoming_edx_uses=0; calls=1; ecx_pointer_setup=0; ecx_scalar_setup=0; caller_cleanup_calls=0; callee_ret_pop=[4]; expected_stack=4; receiver_family_members=1; same_this_callees=0; adopt_untyped_existing_thiscall	3
0	0	0	0	0	005EFAE0	FUN_005efae0	DEFAULT	undefined4 __thiscall FUN_005efae0(void * this, RecoveredRecordView_005EFAE0_855D930D * param_1)	ANALYSIS	__thiscall	__thiscall	RecoveredReceiver_005EFAE0	/SubmarineTitans/Recovered/HiddenThis/RecoveredReceiver_005EFAE0	801	1		1	0	0	0	0	4	review	incoming_receiver_captures=0; entry_receiver_register_captures=1; receiver_accesses=7; receiver_bulk_copies=0; incoming_edx_uses=0; calls=1; ecx_pointer_setup=0; ecx_scalar_setup=0; caller_cleanup_calls=0; callee_ret_pop=[4]; expected_stack=4; receiver_family_members=1; same_this_callees=0; single_function_field_only_receiver_kept_neutral; adopt_untyped_existing_thiscall	3
0	0	0	0	0	005EFB80	FUN_005efb80	DEFAULT	undefined4 __thiscall FUN_005efb80(void * this, int param_1)	ANALYSIS	__thiscall	__thiscall	RecoveredReceiver_005EFB80	/SubmarineTitans/Recovered/HiddenThis/RecoveredReceiver_005EFB80	685	1		1	0	0	0	0	4	review	incoming_receiver_captures=0; entry_receiver_register_captures=0; receiver_accesses=5; receiver_bulk_copies=0; incoming_edx_uses=0; calls=1; ecx_pointer_setup=0; ecx_scalar_setup=0; caller_cleanup_calls=0; callee_ret_pop=[4]; expected_stack=4; receiver_family_members=1; same_this_callees=0; single_function_field_only_receiver_kept_neutral; adopt_untyped_existing_thiscall	3
0	0	0	0	0	005EFBD0	FUN_005efbd0	DEFAULT	undefined __thiscall FUN_005efbd0(void * this, int param_1, short param_2, short param_3, short param_4, short param_5)	ANALYSIS	__thiscall	__thiscall	RecoveredReceiver_005ECFE0	/SubmarineTitans/Recovered/HiddenThis/RecoveredReceiver_005ECFE0	702	3		1	0	0	0	0	20	review	incoming_receiver_captures=0; entry_receiver_register_captures=1; receiver_accesses=1; receiver_bulk_copies=0; incoming_edx_uses=0; calls=1; ecx_pointer_setup=0; ecx_scalar_setup=0; caller_cleanup_calls=0; callee_ret_pop=[20]; expected_stack=20; receiver_family_members=3; same_this_callees=2; adopt_untyped_existing_thiscall	3
0	0	0	0	0	005F00B0	FUN_005f00b0	DEFAULT	undefined __thiscall FUN_005f00b0(void * this, RecoveredRecord_005F00B0_88BE3B54 * param_1)	ANALYSIS	__thiscall	__thiscall	RecoveredReceiver_005F00B0	/SubmarineTitans/Recovered/HiddenThis/RecoveredReceiver_005F00B0	574	1	0xC,0x2C,0x74,0x7C	1	0	0	0	0	4	review	incoming_receiver_captures=0; entry_receiver_register_captures=1; receiver_accesses=7; receiver_bulk_copies=0; incoming_edx_uses=0; calls=1; ecx_pointer_setup=0; ecx_scalar_setup=0; caller_cleanup_calls=0; callee_ret_pop=[4]; expected_stack=4; receiver_family_members=1; same_this_callees=0; adopt_untyped_existing_thiscall	3
0	0	0	0	0	005F0150	FUN_005f0150	DEFAULT	undefined __thiscall FUN_005f0150(void * this, RecoveredRecordView_005F0150_C2558006 * param_1)	ANALYSIS	__thiscall	__thiscall	RecoveredReceiver_005F0150	/SubmarineTitans/Recovered/HiddenThis/RecoveredReceiver_005F0150	693	1	0xC,0x2C,0x134,0x13C	1	0	0	0	0	4	review	incoming_receiver_captures=0; entry_receiver_register_captures=1; receiver_accesses=6; receiver_bulk_copies=0; incoming_edx_uses=0; calls=1; ecx_pointer_setup=0; ecx_scalar_setup=0; caller_cleanup_calls=0; callee_ret_pop=[4]; expected_stack=4; receiver_family_members=1; same_this_callees=0; adopt_untyped_existing_thiscall	3
0	0	0	0	0	005F0240	FUN_005f0240	DEFAULT	undefined __thiscall FUN_005f0240(void * this, RecoveredRecord_005F0240_1A9CFE11 * param_1)	ANALYSIS	__thiscall	__thiscall	RecoveredReceiver_005F0240	/SubmarineTitans/Recovered/HiddenThis/RecoveredReceiver_005F0240	28	1	0xC,0x2C	1	0	0	0	0	4	review	incoming_receiver_captures=0; entry_receiver_register_captures=1; receiver_accesses=3; receiver_bulk_copies=0; incoming_edx_uses=0; calls=1; ecx_pointer_setup=0; ecx_scalar_setup=0; caller_cleanup_calls=0; callee_ret_pop=[4]; expected_stack=4; receiver_family_members=1; same_this_callees=0; adopt_untyped_existing_thiscall	3
0	0	0	0	0	005F0280	FUN_005f0280	DEFAULT	undefined __thiscall FUN_005f0280(void * this, RecoveredRecord_005F0280_83C341D9 * param_1)	ANALYSIS	__thiscall	__thiscall	RecoveredReceiver_005F0280	/SubmarineTitans/Recovered/HiddenThis/RecoveredReceiver_005F0280	28	1	0xC,0x2C	1	0	0	0	0	4	review	incoming_receiver_captures=0; entry_receiver_register_captures=1; receiver_accesses=3; receiver_bulk_copies=0; incoming_edx_uses=0; calls=1; ecx_pointer_setup=0; ecx_scalar_setup=0; caller_cleanup_calls=0; callee_ret_pop=[4]; expected_stack=4; receiver_family_members=1; same_this_callees=0; adopt_untyped_existing_thiscall	3
0	0	0	0	0	005F02C0	FUN_005f02c0	DEFAULT	undefined __thiscall FUN_005f02c0(void * this, int param_1, undefined1 * param_2)	ANALYSIS	__thiscall	__thiscall	RecoveredReceiver_005F02C0	/SubmarineTitans/Recovered/HiddenThis/RecoveredReceiver_005F02C0	806	1		0	0	0	0	0	8	review	incoming_receiver_captures=0; entry_receiver_register_captures=0; receiver_accesses=4; receiver_bulk_copies=0; incoming_edx_uses=0; calls=0; ecx_pointer_setup=0; ecx_scalar_setup=0; caller_cleanup_calls=0; callee_ret_pop=[8]; expected_stack=8; receiver_family_members=1; same_this_callees=0; single_function_field_only_receiver_kept_neutral; adopt_untyped_existing_thiscall	3
0	0	0	0	0	005F0470	FUN_005f0470	DEFAULT	undefined4 __thiscall FUN_005f0470(void * this, int param_1)	ANALYSIS	__thiscall	__thiscall	RecoveredReceiver_005F0470	/SubmarineTitans/Recovered/HiddenThis/RecoveredReceiver_005F0470	574	1		1	0	0	0	0	4	review	incoming_receiver_captures=0; entry_receiver_register_captures=0; receiver_accesses=1; receiver_bulk_copies=0; incoming_edx_uses=0; calls=1; ecx_pointer_setup=0; ecx_scalar_setup=0; caller_cleanup_calls=0; callee_ret_pop=[4]; expected_stack=4; receiver_family_members=1; same_this_callees=0; single_function_field_only_receiver_kept_neutral; adopt_untyped_existing_thiscall	3
0	0	0	0	0	005F04B0	FUN_005f04b0	DEFAULT	undefined __thiscall FUN_005f04b0(void * this, int * param_1)	ANALYSIS	__thiscall	__thiscall	RecoveredReceiver_005F04B0	/SubmarineTitans/Recovered/HiddenThis/RecoveredReceiver_005F04B0	685	1		1	0	0	0	0	4	review	incoming_receiver_captures=0; entry_receiver_register_captures=1; receiver_accesses=12; receiver_bulk_copies=0; incoming_edx_uses=0; calls=1; ecx_pointer_setup=0; ecx_scalar_setup=0; caller_cleanup_calls=0; callee_ret_pop=[4]; expected_stack=4; receiver_family_members=1; same_this_callees=0; single_function_field_only_receiver_kept_neutral; adopt_untyped_existing_thiscall	3
0	0	0	0	0	005F05A0	FUN_005f05a0	DEFAULT	undefined __thiscall FUN_005f05a0(void * this, ushort param_1, undefined2 param_2)	ANALYSIS	__thiscall	__thiscall	RecoveredReceiver_005F05A0	/SubmarineTitans/Recovered/HiddenThis/RecoveredReceiver_005F05A0	4	1	0x144	1	1	0	0	0	8	medium	incoming_receiver_captures=0; entry_receiver_register_captures=0; receiver_accesses=1; receiver_bulk_copies=0; incoming_edx_uses=0; calls=1; ecx_pointer_setup=1; ecx_scalar_setup=0; caller_cleanup_calls=0; callee_ret_pop=[8]; expected_stack=8; receiver_family_members=1; same_this_callees=0; adopt_untyped_existing_thiscall	3
0	0	0	0	0	005F09B0	FUN_005f09b0	DEFAULT	undefined4 __thiscall FUN_005f09b0(void * this, RecoveredRecordView_005EFAE0_855D930D * param_1)	ANALYSIS	__thiscall	__thiscall	RecoveredReceiver_005F09B0	/SubmarineTitans/Recovered/HiddenThis/RecoveredReceiver_005F09B0	801	1		1	1	0	0	0	4	medium	incoming_receiver_captures=0; entry_receiver_register_captures=0; receiver_accesses=7; receiver_bulk_copies=0; incoming_edx_uses=0; calls=1; ecx_pointer_setup=1; ecx_scalar_setup=0; caller_cleanup_calls=0; callee_ret_pop=[4]; expected_stack=4; receiver_family_members=1; same_this_callees=0; single_function_field_only_receiver_kept_neutral; adopt_untyped_existing_thiscall	3
0	0	0	0	0	005F13C0	FUN_005f13c0	DEFAULT	undefined4 __thiscall FUN_005f13c0(void * this, int param_1, int param_2, int param_3, char param_4)	ANALYSIS	__thiscall	__thiscall	RecoveredReceiver_005F13C0	/SubmarineTitans/Recovered/HiddenThis/RecoveredReceiver_005F13C0	64	1		1	1	0	0	0	16	medium	incoming_receiver_captures=1; entry_receiver_register_captures=0; receiver_accesses=2; receiver_bulk_copies=0; incoming_edx_uses=0; calls=1; ecx_pointer_setup=1; ecx_scalar_setup=0; caller_cleanup_calls=0; callee_ret_pop=[16]; expected_stack=16; receiver_family_members=1; same_this_callees=0; single_function_field_only_receiver_kept_neutral; adopt_untyped_existing_thiscall	3
0	0	0	0	0	005F15F0	FUN_005f15f0	DEFAULT	int __thiscall FUN_005f15f0(void * this, ushort param_1, short param_2, undefined2 param_3, undefined1 param_4, undefined2 param_5, char param_6)	ANALYSIS	__thiscall	__thiscall	RecoveredReceiver_005F15F0	/SubmarineTitans/Recovered/HiddenThis/RecoveredReceiver_005F15F0	64	1		1	1	0	0	0	24	medium	incoming_receiver_captures=0; entry_receiver_register_captures=1; receiver_accesses=3; receiver_bulk_copies=0; incoming_edx_uses=0; calls=1; ecx_pointer_setup=1; ecx_scalar_setup=0; caller_cleanup_calls=0; callee_ret_pop=[24]; expected_stack=24; receiver_family_members=1; same_this_callees=1; single_function_field_only_receiver_kept_neutral; adopt_untyped_existing_thiscall	3
0	0	0	0	0	005F1700	FUN_005f1700	DEFAULT	ushort * __stdcall FUN_005f1700(int param_1, int param_2, int param_3, int param_4, int param_5, int param_6, uint param_7)	ANALYSIS	__stdcall	__thiscall	RecoveredReceiver_005F1700	/SubmarineTitans/Recovered/HiddenThis/RecoveredReceiver_005F1700	64	2		2	1	0	0	0	28	medium	incoming_receiver_captures=1; entry_receiver_register_captures=0; receiver_accesses=1; receiver_bulk_copies=0; incoming_edx_uses=0; calls=2; ecx_pointer_setup=1; ecx_scalar_setup=0; caller_cleanup_calls=0; callee_ret_pop=[28]; expected_stack=28; receiver_family_members=2; same_this_callees=0	3
0	0	0	0	0	005F8810	FUN_005f8810	DEFAULT	undefined __thiscall FUN_005f8810(void * this, int param_1)	ANALYSIS	__thiscall	__thiscall	RecoveredReceiver_005F8810	/SubmarineTitans/Recovered/HiddenThis/RecoveredReceiver_005F8810	647	1		1	1	0	0	0	4	medium	incoming_receiver_captures=0; entry_receiver_register_captures=0; receiver_accesses=3; receiver_bulk_copies=0; incoming_edx_uses=0; calls=1; ecx_pointer_setup=1; ecx_scalar_setup=0; caller_cleanup_calls=0; callee_ret_pop=[4]; expected_stack=4; receiver_family_members=1; same_this_callees=0; single_function_field_only_receiver_kept_neutral; adopt_untyped_existing_thiscall	3
0	0	0	0	0	005F88D0	FUN_005f88d0	DEFAULT	undefined4 __thiscall FUN_005f88d0(void * this, int param_1, int param_2, int * param_3, undefined4 * param_4, undefined4 * param_5)	ANALYSIS	__thiscall	__thiscall	RecoveredReceiver_005F88D0	/SubmarineTitans/Recovered/HiddenThis/RecoveredReceiver_005F88D0	647	1		3	3	0	0	0	20	medium	incoming_receiver_captures=0; entry_receiver_register_captures=0; receiver_accesses=3; receiver_bulk_copies=0; incoming_edx_uses=0; calls=3; ecx_pointer_setup=3; ecx_scalar_setup=0; caller_cleanup_calls=0; callee_ret_pop=[20]; expected_stack=20; receiver_family_members=1; same_this_callees=0; single_function_field_only_receiver_kept_neutral; adopt_untyped_existing_thiscall	3
0	0	0	0	0	005F89F0	FUN_005f89f0	DEFAULT	int __thiscall FUN_005f89f0(void * this, int param_1)	ANALYSIS	__thiscall	__thiscall	RecoveredReceiver_005F89F0	/SubmarineTitans/Recovered/HiddenThis/RecoveredReceiver_005F89F0	669	1		7	5	0	0	0	4	medium	incoming_receiver_captures=0; entry_receiver_register_captures=1; receiver_accesses=11; receiver_bulk_copies=0; incoming_edx_uses=0; calls=7; ecx_pointer_setup=5; ecx_scalar_setup=0; caller_cleanup_calls=0; callee_ret_pop=[4]; expected_stack=4; receiver_family_members=1; same_this_callees=0; single_function_field_only_receiver_kept_neutral; adopt_untyped_existing_thiscall	3
0	0	0	0	0	005F8BA0	FUN_005f8ba0	DEFAULT	undefined4 __thiscall FUN_005f8ba0(void * this, undefined4 * param_1, undefined4 * param_2, int * param_3)	ANALYSIS	__thiscall	__thiscall	RecoveredReceiver_005F8BA0	/SubmarineTitans/Recovered/HiddenThis/RecoveredReceiver_005F8BA0	649	1		1	1	0	0	0	12	medium	incoming_receiver_captures=0; entry_receiver_register_captures=1; receiver_accesses=7; receiver_bulk_copies=0; incoming_edx_uses=0; calls=1; ecx_pointer_setup=1; ecx_scalar_setup=0; caller_cleanup_calls=0; callee_ret_pop=[12]; expected_stack=12; receiver_family_members=1; same_this_callees=0; single_function_field_only_receiver_kept_neutral; adopt_untyped_existing_thiscall	3
0	0	0	0	0	005F9050	FUN_005f9050	DEFAULT	undefined4 __thiscall FUN_005f9050(void * this, int * param_1, undefined4 * param_2)	ANALYSIS	__thiscall	__thiscall	RecoveredReceiver_005F9050	/SubmarineTitans/Recovered/HiddenThis/RecoveredReceiver_005F9050	601	1		1	1	0	0	0	8	medium	incoming_receiver_captures=0; entry_receiver_register_captures=1; receiver_accesses=3; receiver_bulk_copies=0; incoming_edx_uses=0; calls=1; ecx_pointer_setup=1; ecx_scalar_setup=0; caller_cleanup_calls=0; callee_ret_pop=[8]; expected_stack=8; receiver_family_members=1; same_this_callees=1; single_function_field_only_receiver_kept_neutral; adopt_untyped_existing_thiscall	3
0	0	0	0	0	005F91E0	FUN_005f91e0	DEFAULT	undefined __thiscall FUN_005f91e0(void * this, int param_1, int param_2)	ANALYSIS	__thiscall	__thiscall	RecoveredReceiver_005F91E0	/SubmarineTitans/Recovered/HiddenThis/RecoveredReceiver_005F91E0	601	1		1	1	0	0	0	8	medium	incoming_receiver_captures=0; entry_receiver_register_captures=1; receiver_accesses=4; receiver_bulk_copies=0; incoming_edx_uses=0; calls=1; ecx_pointer_setup=1; ecx_scalar_setup=0; caller_cleanup_calls=0; callee_ret_pop=[8]; expected_stack=8; receiver_family_members=1; same_this_callees=1; single_function_field_only_receiver_kept_neutral; adopt_untyped_existing_thiscall	3
0	0	0	0	0	005F9310	FUN_005f9310	DEFAULT	undefined1 __thiscall FUN_005f9310(void * this, int param_1)	ANALYSIS	__thiscall	__thiscall	RecoveredReceiver_005F9310	/SubmarineTitans/Recovered/HiddenThis/RecoveredReceiver_005F9310	717	1		4	3	0	0	0	4	medium	incoming_receiver_captures=0; entry_receiver_register_captures=1; receiver_accesses=6; receiver_bulk_copies=0; incoming_edx_uses=2; calls=4; ecx_pointer_setup=3; ecx_scalar_setup=0; caller_cleanup_calls=0; callee_ret_pop=[4]; expected_stack=4; receiver_family_members=1; same_this_callees=0; single_function_field_only_receiver_kept_neutral; adopt_untyped_existing_thiscall	3
0	0	0	0	0	005F9CB0	FUN_005f9cb0	DEFAULT	undefined4 __thiscall FUN_005f9cb0(void * this, int param_1, int * param_2, int * param_3, int * param_4)	ANALYSIS	__thiscall	__thiscall	RecoveredReceiver_005F9CB0	/SubmarineTitans/Recovered/HiddenThis/RecoveredReceiver_005F9CB0	746	1		1	1	0	0	0	16	medium	incoming_receiver_captures=1; entry_receiver_register_captures=0; receiver_accesses=5; receiver_bulk_copies=0; incoming_edx_uses=0; calls=1; ecx_pointer_setup=1; ecx_scalar_setup=0; caller_cleanup_calls=0; callee_ret_pop=[16]; expected_stack=16; receiver_family_members=1; same_this_callees=0; single_function_field_only_receiver_kept_neutral; adopt_untyped_existing_thiscall	3
0	0	0	0	0	005FA360	FUN_005fa360	DEFAULT	int __thiscall FUN_005fa360(void * this, undefined4 * param_1, int param_2, int param_3, int param_4, int * param_5, int * param_6, int * param_7)	ANALYSIS	__thiscall	__thiscall	RecoveredReceiver_005FA360	/SubmarineTitans/Recovered/HiddenThis/RecoveredReceiver_005FA360	649	1		5	5	0	0	0	28	medium	incoming_receiver_captures=0; entry_receiver_register_captures=1; receiver_accesses=5; receiver_bulk_copies=0; incoming_edx_uses=0; calls=5; ecx_pointer_setup=5; ecx_scalar_setup=0; caller_cleanup_calls=0; callee_ret_pop=[28]; expected_stack=28; receiver_family_members=1; same_this_callees=0; single_function_field_only_receiver_kept_neutral; adopt_untyped_existing_thiscall	3
0	0	0	0	0	005FA7F0	FUN_005fa7f0	DEFAULT	undefined4 __thiscall FUN_005fa7f0(void * this, undefined4 param_1, undefined4 param_2, undefined4 param_3)	ANALYSIS	__thiscall	__thiscall	RecoveredReceiver_004167A0	/SubmarineTitans/Recovered/HiddenThis/RecoveredReceiver_004167A0	1032	6	0x10	7	7	0	0	0	12	medium	incoming_receiver_captures=0; entry_receiver_register_captures=1; receiver_accesses=0; receiver_bulk_copies=0; incoming_edx_uses=0; calls=7; ecx_pointer_setup=7; ecx_scalar_setup=0; caller_cleanup_calls=0; callee_ret_pop=[12]; expected_stack=12; receiver_family_members=6; same_this_callees=3; adopt_untyped_existing_thiscall	3
0	0	0	0	0	005FAA10	SubmarineTitans::Recovered::HiddenThis::RecoveredReceiver_00416270::FUN_005faa10	DEFAULT	undefined4 __thiscall FUN_005faa10(RecoveredReceiver_00416270 * this, int param_1)	ANALYSIS	__thiscall	__thiscall	RecoveredReceiver_00416270	/SubmarineTitans/Recovered/HiddenThis/RecoveredReceiver_00416270	746	4		1	1	0	0	0	4	high	incoming_receiver_captures=1; entry_receiver_register_captures=0; receiver_accesses=9; receiver_bulk_copies=0; incoming_edx_uses=0; calls=1; ecx_pointer_setup=1; ecx_scalar_setup=0; caller_cleanup_calls=0; callee_ret_pop=[4]; expected_stack=4; receiver_family_members=4; same_this_callees=0; previously_applied; single_call_corroborated_by_receiver_family	3
0	0	0	0	0	005FAC40	FUN_005fac40	DEFAULT	undefined __thiscall FUN_005fac40(void * this, short param_1, int param_2, int param_3, short param_4, short param_5, int param_6)	ANALYSIS	__thiscall	__thiscall	RecoveredReceiver_00416270	/SubmarineTitans/Recovered/HiddenThis/RecoveredReceiver_00416270	746	4		2	2	0	0	0	24	medium	incoming_receiver_captures=0; entry_receiver_register_captures=1; receiver_accesses=13; receiver_bulk_copies=0; incoming_edx_uses=0; calls=2; ecx_pointer_setup=2; ecx_scalar_setup=0; caller_cleanup_calls=0; callee_ret_pop=[24]; expected_stack=24; receiver_family_members=4; same_this_callees=1; adopt_untyped_existing_thiscall	3
0	0	0	0	0	005FADA0	FUN_005fada0	DEFAULT	undefined4 __thiscall FUN_005fada0(void * this, int param_1, uint param_2, int param_3)	ANALYSIS	__thiscall	__thiscall	RecoveredReceiver_00416270	/SubmarineTitans/Recovered/HiddenThis/RecoveredReceiver_00416270	746	4		4	4	0	0	0	12	medium	incoming_receiver_captures=0; entry_receiver_register_captures=1; receiver_accesses=8; receiver_bulk_copies=0; incoming_edx_uses=0; calls=4; ecx_pointer_setup=4; ecx_scalar_setup=0; caller_cleanup_calls=0; callee_ret_pop=[12]; expected_stack=12; receiver_family_members=4; same_this_callees=4; adopt_untyped_existing_thiscall	3
0	0	0	0	0	005FAF70	FUN_005faf70	DEFAULT	int __thiscall FUN_005faf70(void * this, int param_1, undefined4 param_2, int param_3, int param_4, int param_5, int param_6)	ANALYSIS	__thiscall	__thiscall	RecoveredReceiver_005FAF70	/SubmarineTitans/Recovered/HiddenThis/RecoveredReceiver_005FAF70	4	1	0x10	1	1	0	0	0	24	medium	incoming_receiver_captures=0; entry_receiver_register_captures=0; receiver_accesses=1; receiver_bulk_copies=0; incoming_edx_uses=0; calls=1; ecx_pointer_setup=1; ecx_scalar_setup=0; caller_cleanup_calls=0; callee_ret_pop=[24]; expected_stack=24; receiver_family_members=1; same_this_callees=0; adopt_untyped_existing_thiscall	3
0	0	0	0	0	005FAFB0	FUN_005fafb0	DEFAULT	undefined __thiscall FUN_005fafb0(void * this, int param_1)	ANALYSIS	__thiscall	__thiscall	RecoveredReceiver_005FAFB0	/SubmarineTitans/Recovered/HiddenThis/RecoveredReceiver_005FAFB0	741	1		0	0	0	0	0	4	review	incoming_receiver_captures=0; entry_receiver_register_captures=0; receiver_accesses=2; receiver_bulk_copies=0; incoming_edx_uses=0; calls=0; ecx_pointer_setup=0; ecx_scalar_setup=0; caller_cleanup_calls=0; callee_ret_pop=[4]; expected_stack=4; receiver_family_members=1; same_this_callees=0; single_function_field_only_receiver_kept_neutral; adopt_untyped_existing_thiscall	3
0	0	0	0	0	005FAFF0	FUN_005faff0	DEFAULT	undefined __thiscall FUN_005faff0(void * this, int param_1)	ANALYSIS	__thiscall	__thiscall	RecoveredReceiver_005FAFF0	/SubmarineTitans/Recovered/HiddenThis/RecoveredReceiver_005FAFF0	742	1		1	1	0	0	0	4	medium	incoming_receiver_captures=0; entry_receiver_register_captures=0; receiver_accesses=2; receiver_bulk_copies=0; incoming_edx_uses=0; calls=1; ecx_pointer_setup=1; ecx_scalar_setup=0; caller_cleanup_calls=0; callee_ret_pop=[4]; expected_stack=4; receiver_family_members=1; same_this_callees=0; single_function_field_only_receiver_kept_neutral; adopt_untyped_existing_thiscall	3
0	0	0	0	0	005FD3A0	FUN_005fd3a0	DEFAULT	int __thiscall FUN_005fd3a0(void * this, STMessage * message)	ANALYSIS	__thiscall	__thiscall	RecoveredReceiver_005FD3A0	/SubmarineTitans/Recovered/HiddenThis/RecoveredReceiver_005FD3A0	4	1		1	0	0	0	0	4	review	incoming_receiver_captures=0; entry_receiver_register_captures=1; receiver_accesses=0; receiver_bulk_copies=0; incoming_edx_uses=0; calls=1; ecx_pointer_setup=0; ecx_scalar_setup=0; caller_cleanup_calls=0; callee_ret_pop=[4]; expected_stack=4; receiver_family_members=1; same_this_callees=1; single_function_field_only_receiver_kept_neutral; adopt_untyped_existing_thiscall	3
0	0	0	0	0	005FD940	FUN_005fd940	DEFAULT	int __thiscall FUN_005fd940(void * this, int param_1)	ANALYSIS	__thiscall	__thiscall	RecoveredReceiver_005FD940	/SubmarineTitans/Recovered/HiddenThis/RecoveredReceiver_005FD940	567	1		4	4	0	0	0	4	medium	incoming_receiver_captures=0; entry_receiver_register_captures=1; receiver_accesses=9; receiver_bulk_copies=0; incoming_edx_uses=0; calls=4; ecx_pointer_setup=4; ecx_scalar_setup=0; caller_cleanup_calls=0; callee_ret_pop=[4]; expected_stack=4; receiver_family_members=1; same_this_callees=0; single_function_field_only_receiver_kept_neutral; adopt_untyped_existing_thiscall	3
0	0	0	0	0	005FDB50	SubmarineTitans::Recovered::HiddenThis::RecoveredReceiver_005FDB50::FUN_005fdb50	DEFAULT	undefined4 __thiscall FUN_005fdb50(RecoveredReceiver_005FDB50 * this, int param_1, int param_2)	ANALYSIS	__thiscall	__thiscall	RecoveredReceiver_005FDB50	/SubmarineTitans/Recovered/HiddenThis/RecoveredReceiver_005FDB50	567	1		3	3	0	0	0	8	high	incoming_receiver_captures=1; entry_receiver_register_captures=1; receiver_accesses=9; receiver_bulk_copies=0; incoming_edx_uses=0; calls=3; ecx_pointer_setup=3; ecx_scalar_setup=0; caller_cleanup_calls=0; callee_ret_pop=[8]; expected_stack=8; receiver_family_members=1; same_this_callees=0; single_function_field_only_receiver_kept_neutral; previously_applied	3
0	0	0	0	0	005FE5D0	FUN_005fe5d0	DEFAULT	int __thiscall FUN_005fe5d0(void * this, int param_1, undefined2 * param_2, RecoveredRecord_005FE5D0_FE3006E4 * param_3)	ANALYSIS	__thiscall	__thiscall	RecoveredReceiver_005FE360	/SubmarineTitans/Recovered/HiddenThis/RecoveredReceiver_005FE360	579	5		1	1	0	0	0	12	medium	incoming_receiver_captures=1; entry_receiver_register_captures=1; receiver_accesses=2; receiver_bulk_copies=0; incoming_edx_uses=0; calls=1; ecx_pointer_setup=1; ecx_scalar_setup=0; caller_cleanup_calls=0; callee_ret_pop=[16]; expected_stack=12; receiver_family_members=5; same_this_callees=1; stack_discipline_mismatch; adopt_untyped_existing_thiscall	3
0	0	0	0	0	005FEB60	FUN_005feb60	DEFAULT	int __thiscall FUN_005feb60(void * this, int param_1, int param_2, int param_3)	ANALYSIS	__thiscall	__thiscall	RecoveredReceiver_005FE990	/SubmarineTitans/Recovered/HiddenThis/RecoveredReceiver_005FE990	579	3		1	1	0	0	0	12	medium	incoming_receiver_captures=1; entry_receiver_register_captures=1; receiver_accesses=11; receiver_bulk_copies=0; incoming_edx_uses=2; calls=1; ecx_pointer_setup=1; ecx_scalar_setup=0; caller_cleanup_calls=0; callee_ret_pop=[12]; expected_stack=12; receiver_family_members=3; same_this_callees=2; adopt_untyped_existing_thiscall; single_call_corroborated_by_receiver_family	3
0	0	0	0	0	005FF1F0	FUN_005ff1f0	DEFAULT	int __thiscall FUN_005ff1f0(void * this, undefined4 param_1, int param_2, int param_3)	ANALYSIS	__thiscall	__thiscall	RecoveredReceiver_005FF1F0	/SubmarineTitans/Recovered/HiddenThis/RecoveredReceiver_005FF1F0	32	1		1	1	0	0	0	12	medium	incoming_receiver_captures=1; entry_receiver_register_captures=1; receiver_accesses=2; receiver_bulk_copies=0; incoming_edx_uses=0; calls=1; ecx_pointer_setup=1; ecx_scalar_setup=0; caller_cleanup_calls=0; callee_ret_pop=[12]; expected_stack=12; receiver_family_members=1; same_this_callees=0; single_function_field_only_receiver_kept_neutral; adopt_untyped_existing_thiscall	3
0	0	0	0	0	005FF3A0	FUN_005ff3a0	DEFAULT	undefined4 __thiscall FUN_005ff3a0(void * this, uint * param_1, short * param_2, short * param_3)	ANALYSIS	__thiscall	__thiscall	RecoveredReceiver_005FE360	/SubmarineTitans/Recovered/HiddenThis/RecoveredReceiver_005FE360	579	5		2	2	0	0	0	12	medium	incoming_receiver_captures=0; entry_receiver_register_captures=0; receiver_accesses=2; receiver_bulk_copies=0; incoming_edx_uses=0; calls=2; ecx_pointer_setup=2; ecx_scalar_setup=0; caller_cleanup_calls=0; callee_ret_pop=[12]; expected_stack=12; receiver_family_members=5; same_this_callees=0; adopt_untyped_existing_thiscall	3
0	0	0	0	0	005FF430	FUN_005ff430	DEFAULT	undefined4 __thiscall FUN_005ff430(void * this, Global_sub_005FF430_param_1Enum param_1, int param_2, uint param_3, uint param_4, undefined4 param_5, short * param_6, short * param_7, undefined2 * param_8)	ANALYSIS	__thiscall	__thiscall	RecoveredReceiver_005FE360	/SubmarineTitans/Recovered/HiddenThis/RecoveredReceiver_005FE360	579	5		1	1	0	0	0	32	medium	incoming_receiver_captures=0; entry_receiver_register_captures=1; receiver_accesses=8; receiver_bulk_copies=0; incoming_edx_uses=0; calls=1; ecx_pointer_setup=1; ecx_scalar_setup=0; caller_cleanup_calls=0; callee_ret_pop=[32]; expected_stack=32; receiver_family_members=5; same_this_callees=0; adopt_untyped_existing_thiscall; single_call_corroborated_by_receiver_family	3
0	0	0	0	0	005FFF60	FUN_005fff60	DEFAULT	undefined4 __thiscall FUN_005fff60(void * this, int param_1, int param_2)	ANALYSIS	__thiscall	__thiscall	RecoveredReceiver_005FE360	/SubmarineTitans/Recovered/HiddenThis/RecoveredReceiver_005FE360	579	5		1	1	0	0	0	8	medium	incoming_receiver_captures=0; entry_receiver_register_captures=1; receiver_accesses=3; receiver_bulk_copies=0; incoming_edx_uses=0; calls=1; ecx_pointer_setup=1; ecx_scalar_setup=0; caller_cleanup_calls=0; callee_ret_pop=[8]; expected_stack=8; receiver_family_members=5; same_this_callees=4; adopt_untyped_existing_thiscall	3
0	0	0	0	0	00600110	FUN_00600110	DEFAULT	void __thiscall FUN_00600110(void * this, int param_1, int param_2, int soundId)	ANALYSIS	__thiscall	__thiscall	RecoveredReceiver_00600110	/SubmarineTitans/Recovered/HiddenThis/RecoveredReceiver_00600110	28	1		2	2	0	0	0	12	medium	incoming_receiver_captures=0; entry_receiver_register_captures=0; receiver_accesses=1; receiver_bulk_copies=0; incoming_edx_uses=0; calls=2; ecx_pointer_setup=2; ecx_scalar_setup=0; caller_cleanup_calls=0; callee_ret_pop=[12]; expected_stack=12; receiver_family_members=1; same_this_callees=0; single_function_field_only_receiver_kept_neutral; adopt_untyped_existing_thiscall	3
0	0	0	0	0	006001E0	FUN_006001e0	DEFAULT	uint __thiscall FUN_006001e0(void * this, int param_1)	ANALYSIS	__thiscall	__thiscall	RecoveredReceiver_005FD5C0	/SubmarineTitans/Recovered/HiddenThis/RecoveredReceiver_005FD5C0	567	3		1	1	0	0	0	4	medium	incoming_receiver_captures=0; entry_receiver_register_captures=1; receiver_accesses=23; receiver_bulk_copies=0; incoming_edx_uses=0; calls=1; ecx_pointer_setup=1; ecx_scalar_setup=0; caller_cleanup_calls=0; callee_ret_pop=[4]; expected_stack=4; receiver_family_members=3; same_this_callees=1; adopt_untyped_existing_thiscall; single_call_corroborated_by_receiver_family	3
0	0	0	0	0	006010A0	FUN_006010a0	DEFAULT	int __thiscall FUN_006010a0(void * this, undefined4 * param_1)	ANALYSIS	__thiscall	__thiscall	RecoveredReceiver_006010A0	/SubmarineTitans/Recovered/HiddenThis/RecoveredReceiver_006010A0	579	1		1	1	0	0	0	4	medium	incoming_receiver_captures=0; entry_receiver_register_captures=1; receiver_accesses=16; receiver_bulk_copies=0; incoming_edx_uses=0; calls=1; ecx_pointer_setup=1; ecx_scalar_setup=0; caller_cleanup_calls=0; callee_ret_pop=[4]; expected_stack=4; receiver_family_members=1; same_this_callees=1; single_function_field_only_receiver_kept_neutral; adopt_untyped_existing_thiscall	3
0	0	0	0	0	006012D0	FUN_006012d0	DEFAULT	undefined4 * __thiscall FUN_006012d0(void * this, int * param_1)	ANALYSIS	__thiscall	__thiscall	RecoveredReceiver_006012D0	/SubmarineTitans/Recovered/HiddenThis/RecoveredReceiver_006012D0	579	1		1	1	0	0	0	4	medium	incoming_receiver_captures=0; entry_receiver_register_captures=1; receiver_accesses=15; receiver_bulk_copies=0; incoming_edx_uses=0; calls=1; ecx_pointer_setup=1; ecx_scalar_setup=0; caller_cleanup_calls=0; callee_ret_pop=[4]; expected_stack=4; receiver_family_members=1; same_this_callees=1; single_function_field_only_receiver_kept_neutral; adopt_untyped_existing_thiscall	3
0	0	0	0	0	00601500	SubmarineTitans::Recovered::HiddenThis::RecoveredReceiver_00601500::FUN_00601500	DEFAULT	uint __thiscall FUN_00601500(RecoveredReceiver_00601500 * this, int param_1, int param_2, int param_3, int param_4, int param_5, int param_6, int param_7, int param_8, int param_9, ushort param_10, int param_11, int param_12, int param_13)	ANALYSIS	__thiscall	__thiscall	RecoveredReceiver_00601500	/SubmarineTitans/Recovered/HiddenThis/RecoveredReceiver_00601500	45	2		17	16	0	1	0	52	high	incoming_receiver_captures=1; entry_receiver_register_captures=0; receiver_accesses=19; receiver_bulk_copies=0; incoming_edx_uses=0; calls=17; ecx_pointer_setup=16; ecx_scalar_setup=0; caller_cleanup_calls=0; callee_ret_pop=[52]; expected_stack=52; receiver_family_members=2; same_this_callees=1; previously_applied	3
0	0	0	0	0	006027F0	FUN_006027f0	DEFAULT	undefined __thiscall FUN_006027f0(void * this, char * param_1)	ANALYSIS	__thiscall	__thiscall	RecoveredReceiver_006027F0	/SubmarineTitans/Recovered/HiddenThis/RecoveredReceiver_006027F0	4	1		1	1	0	0	0	4	medium	incoming_receiver_captures=0; entry_receiver_register_captures=1; receiver_accesses=0; receiver_bulk_copies=0; incoming_edx_uses=0; calls=1; ecx_pointer_setup=1; ecx_scalar_setup=0; caller_cleanup_calls=0; callee_ret_pop=[4]; expected_stack=4; receiver_family_members=1; same_this_callees=0; single_function_field_only_receiver_kept_neutral; adopt_untyped_existing_thiscall	3
0	0	0	0	0	006028A0	FUN_006028a0	DEFAULT	int __thiscall FUN_006028a0(void * this, int param_1, int param_2, int param_3)	ANALYSIS	__thiscall	__thiscall	RecoveredReceiver_006028A0	/SubmarineTitans/Recovered/HiddenThis/RecoveredReceiver_006028A0	533	1		0	0	0	0	0	12	review	incoming_receiver_captures=0; entry_receiver_register_captures=0; receiver_accesses=1; receiver_bulk_copies=0; incoming_edx_uses=0; calls=0; ecx_pointer_setup=0; ecx_scalar_setup=0; caller_cleanup_calls=0; callee_ret_pop=[12]; expected_stack=12; receiver_family_members=1; same_this_callees=0; single_function_field_only_receiver_kept_neutral; adopt_untyped_existing_thiscall	3
0	0	0	0	0	006029C0	FUN_006029c0	DEFAULT	undefined4 __stdcall FUN_006029c0(void)	ANALYSIS	__stdcall	__thiscall	RecoveredReceiver_006029C0	/SubmarineTitans/Recovered/HiddenThis/RecoveredReceiver_006029C0	928	1		2	1	0	0	0	0	medium	incoming_receiver_captures=1; entry_receiver_register_captures=0; receiver_accesses=14; receiver_bulk_copies=0; incoming_edx_uses=0; calls=2; ecx_pointer_setup=1; ecx_scalar_setup=0; caller_cleanup_calls=0; callee_ret_pop=[0]; expected_stack=0; receiver_family_members=1; same_this_callees=0; single_function_field_only_receiver_kept_neutral	3
0	0	0	0	0	00603090	FUN_00603090	DEFAULT	undefined __thiscall FUN_00603090(void * this, int param_1)	ANALYSIS	__thiscall	__thiscall	RecoveredReceiver_00603090	/SubmarineTitans/Recovered/HiddenThis/RecoveredReceiver_00603090	928	1		0	0	0	0	0	4	review	incoming_receiver_captures=0; entry_receiver_register_captures=0; receiver_accesses=8; receiver_bulk_copies=0; incoming_edx_uses=0; calls=0; ecx_pointer_setup=0; ecx_scalar_setup=0; caller_cleanup_calls=0; callee_ret_pop=[4]; expected_stack=4; receiver_family_members=1; same_this_callees=0; single_function_field_only_receiver_kept_neutral; adopt_untyped_existing_thiscall	3
0	0	0	0	0	006042D0	FUN_006042d0	DEFAULT	undefined4 __thiscall FUN_006042d0(void * this, undefined4 param_1)	ANALYSIS	__thiscall	__thiscall	RecoveredReceiver_006042D0	/SubmarineTitans/Recovered/HiddenThis/RecoveredReceiver_006042D0	621	1		3	3	0	0	0	4	medium	incoming_receiver_captures=0; entry_receiver_register_captures=1; receiver_accesses=3; receiver_bulk_copies=0; incoming_edx_uses=0; calls=3; ecx_pointer_setup=3; ecx_scalar_setup=0; caller_cleanup_calls=0; callee_ret_pop=[4]; expected_stack=4; receiver_family_members=1; same_this_callees=0; single_function_field_only_receiver_kept_neutral; adopt_untyped_existing_thiscall	3
0	0	0	0	0	00604870	FUN_00604870	DEFAULT	uint __thiscall FUN_00604870(void * this, undefined4 * param_1)	ANALYSIS	__thiscall	__thiscall	RecoveredReceiver_00604870	/SubmarineTitans/Recovered/HiddenThis/RecoveredReceiver_00604870	537	1		1	1	0	0	0	4	medium	incoming_receiver_captures=0; entry_receiver_register_captures=1; receiver_accesses=3; receiver_bulk_copies=0; incoming_edx_uses=0; calls=1; ecx_pointer_setup=1; ecx_scalar_setup=0; caller_cleanup_calls=0; callee_ret_pop=[4]; expected_stack=4; receiver_family_members=1; same_this_callees=1; single_function_field_only_receiver_kept_neutral; adopt_untyped_existing_thiscall	3
0	0	0	0	0	00604A00	FUN_00604a00	DEFAULT	undefined4 __thiscall FUN_00604a00(void * this, int param_1)	ANALYSIS	__thiscall	__thiscall	RecoveredReceiver_00604A00	/SubmarineTitans/Recovered/HiddenThis/RecoveredReceiver_00604A00	621	1		2	2	0	0	0	4	medium	incoming_receiver_captures=0; entry_receiver_register_captures=1; receiver_accesses=1; receiver_bulk_copies=0; incoming_edx_uses=0; calls=2; ecx_pointer_setup=2; ecx_scalar_setup=0; caller_cleanup_calls=0; callee_ret_pop=[4]; expected_stack=4; receiver_family_members=1; same_this_callees=0; single_function_field_only_receiver_kept_neutral; adopt_untyped_existing_thiscall	3
0	0	0	0	0	00604EE0	FUN_00604ee0	DEFAULT	int __thiscall FUN_00604ee0(void * this, int * param_1)	ANALYSIS	__thiscall	__thiscall	RecoveredReceiver_00604EE0	/SubmarineTitans/Recovered/HiddenThis/RecoveredReceiver_00604EE0	621	1		1	1	0	0	0	4	medium	incoming_receiver_captures=1; entry_receiver_register_captures=1; receiver_accesses=6; receiver_bulk_copies=0; incoming_edx_uses=0; calls=1; ecx_pointer_setup=1; ecx_scalar_setup=0; caller_cleanup_calls=0; callee_ret_pop=[4]; expected_stack=4; receiver_family_members=1; same_this_callees=0; single_function_field_only_receiver_kept_neutral; adopt_untyped_existing_thiscall	3
0	0	0	0	0	00604FC0	FUN_00604fc0	DEFAULT	undefined4 __thiscall FUN_00604fc0(void * this, RecoveredRecordView_00604A90_D1F27465 * param_1)	ANALYSIS	__thiscall	__thiscall	RecoveredReceiver_00604FC0	/SubmarineTitans/Recovered/HiddenThis/RecoveredReceiver_00604FC0	703	1		1	1	0	0	0	4	medium	incoming_receiver_captures=0; entry_receiver_register_captures=1; receiver_accesses=15; receiver_bulk_copies=0; incoming_edx_uses=0; calls=1; ecx_pointer_setup=1; ecx_scalar_setup=0; caller_cleanup_calls=0; callee_ret_pop=[4]; expected_stack=4; receiver_family_members=1; same_this_callees=0; single_function_field_only_receiver_kept_neutral; adopt_untyped_existing_thiscall	3
0	0	0	0	0	00605B60	FUN_00605b60	DEFAULT	int __thiscall FUN_00605b60(void * this, uint param_1, uint param_2, int * param_3, int param_4)	ANALYSIS	__thiscall	__thiscall	RecoveredReceiver_00605B60	/SubmarineTitans/Recovered/HiddenThis/RecoveredReceiver_00605B60	621	2		1	1	0	0	0	16	medium	incoming_receiver_captures=0; entry_receiver_register_captures=1; receiver_accesses=3; receiver_bulk_copies=0; incoming_edx_uses=0; calls=1; ecx_pointer_setup=1; ecx_scalar_setup=0; caller_cleanup_calls=0; callee_ret_pop=[36]; expected_stack=16; receiver_family_members=2; same_this_callees=2; stack_discipline_mismatch; adopt_untyped_existing_thiscall	3
0	0	0	0	0	00607200	FUN_00607200	DEFAULT	int __thiscall FUN_00607200(void * this, int param_1, int param_2, int param_3, undefined4 param_4)	ANALYSIS	__thiscall	__thiscall	RecoveredReceiver_00606CD0	/SubmarineTitans/Recovered/HiddenThis/RecoveredReceiver_00606CD0	621	2		1	1	0	0	0	16	medium	incoming_receiver_captures=0; entry_receiver_register_captures=1; receiver_accesses=3; receiver_bulk_copies=0; incoming_edx_uses=0; calls=1; ecx_pointer_setup=1; ecx_scalar_setup=0; caller_cleanup_calls=0; callee_ret_pop=[36]; expected_stack=16; receiver_family_members=2; same_this_callees=2; stack_discipline_mismatch; adopt_untyped_existing_thiscall	3
0	0	0	0	0	00607A60	FUN_00607a60	DEFAULT	int __thiscall FUN_00607a60(void * this, int param_1, int param_2, int param_3)	ANALYSIS	__thiscall	__thiscall	RecoveredReceiver_00607A60	/SubmarineTitans/Recovered/HiddenThis/RecoveredReceiver_00607A60	621	1		1	1	0	0	0	12	medium	incoming_receiver_captures=0; entry_receiver_register_captures=1; receiver_accesses=3; receiver_bulk_copies=0; incoming_edx_uses=0; calls=1; ecx_pointer_setup=1; ecx_scalar_setup=0; caller_cleanup_calls=0; callee_ret_pop=[36]; expected_stack=12; receiver_family_members=1; same_this_callees=1; stack_discipline_mismatch; single_function_field_only_receiver_kept_neutral; adopt_untyped_existing_thiscall	3
0	0	0	0	0	00608B50	FUN_00608b50	DEFAULT	int __thiscall FUN_00608b50(void * this, uint param_1, uint * param_2, uint param_3, undefined4 param_4, undefined4 param_5, int param_6, undefined4 param_7, undefined4 param_8, undefined1 param_9)	ANALYSIS	__thiscall	__thiscall	RecoveredReceiver_00608B50	/SubmarineTitans/Recovered/HiddenThis/RecoveredReceiver_00608B50	513	1		1	1	0	0	0	36	medium	incoming_receiver_captures=0; entry_receiver_register_captures=1; receiver_accesses=3; receiver_bulk_copies=0; incoming_edx_uses=0; calls=1; ecx_pointer_setup=1; ecx_scalar_setup=0; caller_cleanup_calls=0; callee_ret_pop=[36]; expected_stack=36; receiver_family_members=1; same_this_callees=1; single_function_field_only_receiver_kept_neutral; adopt_untyped_existing_thiscall	3
0	0	0	0	0	00608E90	FUN_00608e90	DEFAULT	int __thiscall FUN_00608e90(void * this, STMessage * message)	ANALYSIS	__thiscall	__thiscall	RecoveredReceiver_00608E90	/SubmarineTitans/Recovered/HiddenThis/RecoveredReceiver_00608E90	4	1		1	0	0	0	0	4	review	incoming_receiver_captures=0; entry_receiver_register_captures=1; receiver_accesses=0; receiver_bulk_copies=0; incoming_edx_uses=0; calls=1; ecx_pointer_setup=0; ecx_scalar_setup=0; caller_cleanup_calls=0; callee_ret_pop=[4]; expected_stack=4; receiver_family_members=1; same_this_callees=1; single_function_field_only_receiver_kept_neutral; adopt_untyped_existing_thiscall	3
0	0	0	0	0	0060A430	FUN_0060a430	DEFAULT	void __thiscall FUN_0060a430(void * this, int param_1)	ANALYSIS	__thiscall	__thiscall	RecoveredReceiver_0060A430	/SubmarineTitans/Recovered/HiddenThis/RecoveredReceiver_0060A430	559	1		2	2	0	0	0	4	medium	incoming_receiver_captures=0; entry_receiver_register_captures=1; receiver_accesses=2; receiver_bulk_copies=0; incoming_edx_uses=0; calls=2; ecx_pointer_setup=2; ecx_scalar_setup=0; caller_cleanup_calls=0; callee_ret_pop=[4]; expected_stack=4; receiver_family_members=1; same_this_callees=2; single_function_field_only_receiver_kept_neutral; adopt_untyped_existing_thiscall	3
0	0	0	0	0	0060A800	FUN_0060a800	DEFAULT	int __thiscall FUN_0060a800(void * this, int param_1)	ANALYSIS	__thiscall	__thiscall	RecoveredReceiver_0060A800	/SubmarineTitans/Recovered/HiddenThis/RecoveredReceiver_0060A800	568	1		1	0	0	0	0	4	review	incoming_receiver_captures=1; entry_receiver_register_captures=1; receiver_accesses=3; receiver_bulk_copies=0; incoming_edx_uses=0; calls=1; ecx_pointer_setup=0; ecx_scalar_setup=0; caller_cleanup_calls=0; callee_ret_pop=[4]; expected_stack=4; receiver_family_members=1; same_this_callees=0; single_function_field_only_receiver_kept_neutral; adopt_untyped_existing_thiscall	3
0	0	0	0	0	0060BC80	FUN_0060bc80	DEFAULT	undefined __thiscall FUN_0060bc80(void * this, undefined4 param_1, ushort param_2)	ANALYSIS	__thiscall	__thiscall	RecoveredReceiver_0060BC80	/SubmarineTitans/Recovered/HiddenThis/RecoveredReceiver_0060BC80	521	1		1	0	0	0	0	8	review	incoming_receiver_captures=0; entry_receiver_register_captures=0; receiver_accesses=2; receiver_bulk_copies=0; incoming_edx_uses=0; calls=1; ecx_pointer_setup=0; ecx_scalar_setup=0; caller_cleanup_calls=0; callee_ret_pop=[8]; expected_stack=8; receiver_family_members=1; same_this_callees=0; single_function_field_only_receiver_kept_neutral; adopt_untyped_existing_thiscall	3
0	0	0	0	0	0060BCB0	FUN_0060bcb0	DEFAULT	void __thiscall FUN_0060bcb0(void * this, int param_1)	ANALYSIS	__thiscall	__thiscall	RecoveredReceiver_0060BCB0	/SubmarineTitans/Recovered/HiddenThis/RecoveredReceiver_0060BCB0	549	2		3	1	0	2	0	4	medium	incoming_receiver_captures=0; entry_receiver_register_captures=0; receiver_accesses=2; receiver_bulk_copies=0; incoming_edx_uses=0; calls=3; ecx_pointer_setup=1; ecx_scalar_setup=0; caller_cleanup_calls=0; callee_ret_pop=[4]; expected_stack=4; receiver_family_members=2; same_this_callees=0; adopt_untyped_existing_thiscall	3
0	0	0	0	0	0060BD30	FUN_0060bd30	DEFAULT	void __thiscall FUN_0060bd30(void * this, undefined4 * param_1, undefined4 param_2)	ANALYSIS	__thiscall	__thiscall	RecoveredReceiver_0060BD30	/SubmarineTitans/Recovered/HiddenThis/RecoveredReceiver_0060BD30	519	1		2	2	0	0	0	8	medium	incoming_receiver_captures=0; entry_receiver_register_captures=0; receiver_accesses=4; receiver_bulk_copies=0; incoming_edx_uses=0; calls=2; ecx_pointer_setup=2; ecx_scalar_setup=0; caller_cleanup_calls=0; callee_ret_pop=[8]; expected_stack=8; receiver_family_members=1; same_this_callees=0; single_function_field_only_receiver_kept_neutral; adopt_untyped_existing_thiscall	3
0	0	0	0	0	0060BDD0	FUN_0060bdd0	DEFAULT	undefined4 __thiscall FUN_0060bdd0(void * this, undefined4 * param_1)	ANALYSIS	__thiscall	__thiscall	RecoveredReceiver_0060BDD0	/SubmarineTitans/Recovered/HiddenThis/RecoveredReceiver_0060BDD0	519	1		4	4	0	0	0	4	medium	incoming_receiver_captures=0; entry_receiver_register_captures=1; receiver_accesses=9; receiver_bulk_copies=0; incoming_edx_uses=0; calls=4; ecx_pointer_setup=4; ecx_scalar_setup=0; caller_cleanup_calls=0; callee_ret_pop=[4]; expected_stack=4; receiver_family_members=1; same_this_callees=0; single_function_field_only_receiver_kept_neutral; adopt_untyped_existing_thiscall	3
0	0	0	0	0	0060C020	FUN_0060c020	DEFAULT	int __thiscall FUN_0060c020(void * this, uint * param_1)	ANALYSIS	__thiscall	__thiscall	RecoveredReceiver_0060C020	/SubmarineTitans/Recovered/HiddenThis/RecoveredReceiver_0060C020	584	3		1	1	0	0	0	4	medium	incoming_receiver_captures=1; entry_receiver_register_captures=1; receiver_accesses=4; receiver_bulk_copies=0; incoming_edx_uses=0; calls=1; ecx_pointer_setup=1; ecx_scalar_setup=0; caller_cleanup_calls=0; callee_ret_pop=[4]; expected_stack=4; receiver_family_members=3; same_this_callees=2; adopt_untyped_existing_thiscall	3
0	0	0	0	0	0060CA40	FUN_0060ca40	DEFAULT	void __thiscall FUN_0060ca40(void * this, int param_1)	ANALYSIS	__thiscall	__thiscall	RecoveredReceiver_0060BCB0	/SubmarineTitans/Recovered/HiddenThis/RecoveredReceiver_0060BCB0	549	2		4	4	0	0	0	4	medium	incoming_receiver_captures=0; entry_receiver_register_captures=1; receiver_accesses=8; receiver_bulk_copies=0; incoming_edx_uses=0; calls=4; ecx_pointer_setup=4; ecx_scalar_setup=0; caller_cleanup_calls=0; callee_ret_pop=[4]; expected_stack=4; receiver_family_members=2; same_this_callees=1; adopt_untyped_existing_thiscall	3
0	0	0	0	0	0060CB60	FUN_0060cb60	DEFAULT	undefined4 __thiscall FUN_0060cb60(void * this, int param_1)	ANALYSIS	__thiscall	__thiscall	RecoveredReceiver_0060CB60	/SubmarineTitans/Recovered/HiddenThis/RecoveredReceiver_0060CB60	584	1		2	2	0	0	0	4	medium	incoming_receiver_captures=0; entry_receiver_register_captures=1; receiver_accesses=4; receiver_bulk_copies=0; incoming_edx_uses=0; calls=2; ecx_pointer_setup=2; ecx_scalar_setup=0; caller_cleanup_calls=0; callee_ret_pop=[4]; expected_stack=4; receiver_family_members=1; same_this_callees=1; single_function_field_only_receiver_kept_neutral; adopt_untyped_existing_thiscall	3
0	0	0	0	0	0060CCF0	FUN_0060ccf0	DEFAULT	int __thiscall FUN_0060ccf0(void * this, int param_1, int param_2, int param_3, int param_4, int param_5, int param_6, int param_7)	ANALYSIS	__thiscall	__thiscall	RecoveredReceiver_0060CBE0	/SubmarineTitans/Recovered/HiddenThis/RecoveredReceiver_0060CBE0	584	2		1	1	0	0	0	28	medium	incoming_receiver_captures=0; entry_receiver_register_captures=1; receiver_accesses=18; receiver_bulk_copies=0; incoming_edx_uses=0; calls=1; ecx_pointer_setup=1; ecx_scalar_setup=0; caller_cleanup_calls=0; callee_ret_pop=[28]; expected_stack=28; receiver_family_members=2; same_this_callees=1; adopt_untyped_existing_thiscall; single_call_corroborated_by_receiver_family	3
0	0	0	0	0	0060D390	FUN_0060d390	DEFAULT	undefined __thiscall FUN_0060d390(void * this, uint * param_1)	ANALYSIS	__thiscall	__thiscall	RecoveredReceiver_0060C020	/SubmarineTitans/Recovered/HiddenThis/RecoveredReceiver_0060C020	584	3		1	0	0	0	0	4	review	incoming_receiver_captures=0; entry_receiver_register_captures=1; receiver_accesses=14; receiver_bulk_copies=0; incoming_edx_uses=0; calls=1; ecx_pointer_setup=0; ecx_scalar_setup=0; caller_cleanup_calls=0; callee_ret_pop=[4]; expected_stack=4; receiver_family_members=3; same_this_callees=2; adopt_untyped_existing_thiscall	3
0	0	0	0	0	0060D810	FUN_0060d810	DEFAULT	undefined __thiscall FUN_0060d810(void * this, undefined4 param_1, undefined4 param_2)	ANALYSIS	__thiscall	__thiscall	RecoveredReceiver_0060D810	/SubmarineTitans/Recovered/HiddenThis/RecoveredReceiver_0060D810	584	1		1	1	0	0	0	8	medium	incoming_receiver_captures=0; entry_receiver_register_captures=1; receiver_accesses=16; receiver_bulk_copies=0; incoming_edx_uses=0; calls=1; ecx_pointer_setup=1; ecx_scalar_setup=0; caller_cleanup_calls=0; callee_ret_pop=[8]; expected_stack=8; receiver_family_members=1; same_this_callees=0; single_function_field_only_receiver_kept_neutral; adopt_untyped_existing_thiscall	3
0	0	0	0	0	0060EA30	FUN_0060ea30	DEFAULT	undefined4 __thiscall FUN_0060ea30(void * this, RecoveredRecordView_0060EA30_C6688588 * param_1)	ANALYSIS	__thiscall	__thiscall	RecoveredReceiver_0060EA30	/SubmarineTitans/Recovered/HiddenThis/RecoveredReceiver_0060EA30	746	3		1	0	0	0	0	4	review	incoming_receiver_captures=0; entry_receiver_register_captures=1; receiver_accesses=7; receiver_bulk_copies=0; incoming_edx_uses=0; calls=1; ecx_pointer_setup=0; ecx_scalar_setup=0; caller_cleanup_calls=0; callee_ret_pop=[4]; expected_stack=4; receiver_family_members=3; same_this_callees=3; adopt_untyped_existing_thiscall	3
0	0	0	0	0	0060ECE0	FUN_0060ece0	DEFAULT	void __thiscall FUN_0060ece0(void * this, int param_1, int param_2, int param_3, int param_4, int param_5, int param_6, int param_7, int param_8)	ANALYSIS	__thiscall	__thiscall	RecoveredReceiver_0060ECE0	/SubmarineTitans/Recovered/HiddenThis/RecoveredReceiver_0060ECE0	737	1		2	2	0	0	0	32	medium	incoming_receiver_captures=0; entry_receiver_register_captures=1; receiver_accesses=27; receiver_bulk_copies=0; incoming_edx_uses=0; calls=2; ecx_pointer_setup=2; ecx_scalar_setup=0; caller_cleanup_calls=0; callee_ret_pop=[32]; expected_stack=32; receiver_family_members=1; same_this_callees=0; single_function_field_only_receiver_kept_neutral; adopt_untyped_existing_thiscall	3
0	0	0	0	0	0060EF40	SubmarineTitans::Recovered::HiddenThis::RecoveredReceiver_0060EF40::FUN_0060ef40	DEFAULT	int __thiscall FUN_0060ef40(RecoveredReceiver_0060EF40 * this, int param_1)	ANALYSIS	__thiscall	__thiscall	RecoveredReceiver_0060EF40	/SubmarineTitans/Recovered/HiddenThis/RecoveredReceiver_0060EF40	747	8		1	1	0	0	0	4	high	incoming_receiver_captures=1; entry_receiver_register_captures=1; receiver_accesses=47; receiver_bulk_copies=0; incoming_edx_uses=0; calls=1; ecx_pointer_setup=1; ecx_scalar_setup=0; caller_cleanup_calls=0; callee_ret_pop=[4]; expected_stack=4; receiver_family_members=8; same_this_callees=4; previously_applied; single_call_corroborated_by_receiver_family	3
0	0	0	0	0	00613140	FUN_00613140	DEFAULT	undefined4 __thiscall FUN_00613140(void * this, int param_1, int param_2, int param_3, int param_4, int param_5, int param_6)	ANALYSIS	__thiscall	__thiscall	RecoveredReceiver_00613140	/SubmarineTitans/Recovered/HiddenThis/RecoveredReceiver_00613140	4	1	0x14	1	1	0	0	0	24	medium	incoming_receiver_captures=0; entry_receiver_register_captures=1; receiver_accesses=1; receiver_bulk_copies=0; incoming_edx_uses=0; calls=1; ecx_pointer_setup=1; ecx_scalar_setup=0; caller_cleanup_calls=0; callee_ret_pop=[24]; expected_stack=24; receiver_family_members=1; same_this_callees=0; adopt_untyped_existing_thiscall	3
0	0	0	0	0	00613280	FUN_00613280	DEFAULT	undefined __thiscall FUN_00613280(void * this, int param_1, int param_2, int param_3, undefined4 param_4)	ANALYSIS	__thiscall	__thiscall	RecoveredReceiver_00613280	/SubmarineTitans/Recovered/HiddenThis/RecoveredReceiver_00613280	588	1		1	1	0	0	0	16	medium	incoming_receiver_captures=0; entry_receiver_register_captures=0; receiver_accesses=8; receiver_bulk_copies=0; incoming_edx_uses=0; calls=1; ecx_pointer_setup=1; ecx_scalar_setup=0; caller_cleanup_calls=0; callee_ret_pop=[16]; expected_stack=16; receiver_family_members=1; same_this_callees=0; single_function_field_only_receiver_kept_neutral; adopt_untyped_existing_thiscall	3
0	0	0	0	0	006139A0	FUN_006139a0	DEFAULT	int __thiscall FUN_006139a0(void * this, int * param_1, int * param_2, int * param_3)	ANALYSIS	__thiscall	__thiscall	RecoveredReceiver_006139A0	/SubmarineTitans/Recovered/HiddenThis/RecoveredReceiver_006139A0	668	1		1	1	0	0	0	12	medium	incoming_receiver_captures=0; entry_receiver_register_captures=1; receiver_accesses=12; receiver_bulk_copies=0; incoming_edx_uses=0; calls=1; ecx_pointer_setup=1; ecx_scalar_setup=0; caller_cleanup_calls=0; callee_ret_pop=[12]; expected_stack=12; receiver_family_members=1; same_this_callees=0; single_function_field_only_receiver_kept_neutral; adopt_untyped_existing_thiscall	3
0	0	0	0	0	00614400	FUN_00614400	DEFAULT	undefined __thiscall FUN_00614400(void * this, RecoveredRecordView_00614400_14E15A9C * param_1)	ANALYSIS	__thiscall	__thiscall	RecoveredReceiver_0060EA30	/SubmarineTitans/Recovered/HiddenThis/RecoveredReceiver_0060EA30	746	3		1	1	0	0	0	4	medium	incoming_receiver_captures=0; entry_receiver_register_captures=1; receiver_accesses=35; receiver_bulk_copies=0; incoming_edx_uses=0; calls=1; ecx_pointer_setup=1; ecx_scalar_setup=0; caller_cleanup_calls=0; callee_ret_pop=[4]; expected_stack=4; receiver_family_members=3; same_this_callees=0; adopt_untyped_existing_thiscall; single_call_corroborated_by_receiver_family	3
0	0	0	0	0	00614950	FUN_00614950	DEFAULT	undefined4 * __thiscall FUN_00614950(void * this, int * param_1)	ANALYSIS	__thiscall	__thiscall	RecoveredReceiver_00614950	/SubmarineTitans/Recovered/HiddenThis/RecoveredReceiver_00614950	745	1		1	1	0	0	0	4	medium	incoming_receiver_captures=0; entry_receiver_register_captures=1; receiver_accesses=9; receiver_bulk_copies=0; incoming_edx_uses=0; calls=1; ecx_pointer_setup=1; ecx_scalar_setup=0; caller_cleanup_calls=0; callee_ret_pop=[4]; expected_stack=4; receiver_family_members=1; same_this_callees=0; single_function_field_only_receiver_kept_neutral; adopt_untyped_existing_thiscall	3
0	0	0	0	0	00614A90	FUN_00614a90	DEFAULT	int __thiscall FUN_00614a90(void * this, undefined4 * param_1)	ANALYSIS	__thiscall	__thiscall	RecoveredReceiver_00614A90	/SubmarineTitans/Recovered/HiddenThis/RecoveredReceiver_00614A90	745	1		1	1	0	0	0	4	medium	incoming_receiver_captures=0; entry_receiver_register_captures=1; receiver_accesses=12; receiver_bulk_copies=0; incoming_edx_uses=0; calls=1; ecx_pointer_setup=1; ecx_scalar_setup=0; caller_cleanup_calls=0; callee_ret_pop=[4]; expected_stack=4; receiver_family_members=1; same_this_callees=0; single_function_field_only_receiver_kept_neutral; adopt_untyped_existing_thiscall	3
0	0	0	0	0	00614C80	FUN_00614c80	DEFAULT	uint __thiscall FUN_00614c80(void * this, int param_1, int param_2, int param_3, int param_4, int param_5, int param_6, int param_7, uint param_8, uint param_9, int param_10)	ANALYSIS	__thiscall	__thiscall	RecoveredReceiver_0060EF40	/SubmarineTitans/Recovered/HiddenThis/RecoveredReceiver_0060EF40	747	8		1	1	0	0	0	40	medium	incoming_receiver_captures=0; entry_receiver_register_captures=1; receiver_accesses=8; receiver_bulk_copies=0; incoming_edx_uses=0; calls=1; ecx_pointer_setup=1; ecx_scalar_setup=0; caller_cleanup_calls=0; callee_ret_pop=[40]; expected_stack=40; receiver_family_members=8; same_this_callees=1; adopt_untyped_existing_thiscall; single_call_corroborated_by_receiver_family	3
0	0	0	0	0	00614EE0	FUN_00614ee0	DEFAULT	int __thiscall FUN_00614ee0(void * this, int param_1, int param_2, int param_3, int param_4)	ANALYSIS	__thiscall	__thiscall	RecoveredReceiver_0060EF40	/SubmarineTitans/Recovered/HiddenThis/RecoveredReceiver_0060EF40	747	8		1	1	0	0	0	16	medium	incoming_receiver_captures=0; entry_receiver_register_captures=1; receiver_accesses=20; receiver_bulk_copies=0; incoming_edx_uses=0; calls=1; ecx_pointer_setup=1; ecx_scalar_setup=0; caller_cleanup_calls=0; callee_ret_pop=[16]; expected_stack=16; receiver_family_members=8; same_this_callees=0; adopt_untyped_existing_thiscall; single_call_corroborated_by_receiver_family	3
0	0	0	0	0	006151E0	FUN_006151e0	DEFAULT	int __thiscall FUN_006151e0(void * this, undefined4 * param_1, int param_2, int param_3, int param_4)	ANALYSIS	__thiscall	__thiscall	RecoveredReceiver_0060EF40	/SubmarineTitans/Recovered/HiddenThis/RecoveredReceiver_0060EF40	747	8		1	1	0	0	0	16	medium	incoming_receiver_captures=0; entry_receiver_register_captures=1; receiver_accesses=19; receiver_bulk_copies=0; incoming_edx_uses=0; calls=1; ecx_pointer_setup=1; ecx_scalar_setup=0; caller_cleanup_calls=0; callee_ret_pop=[16]; expected_stack=16; receiver_family_members=8; same_this_callees=2; adopt_untyped_existing_thiscall; single_call_corroborated_by_receiver_family	3
0	0	0	0	0	00615430	FUN_00615430	DEFAULT	undefined4 __thiscall FUN_00615430(void * this, int param_1, int param_2, int param_3, int param_4, int param_5, int param_6, int param_7, int param_8, int param_9, undefined4 * param_10)	ANALYSIS	__thiscall	__thiscall	RecoveredReceiver_00615430	/SubmarineTitans/Recovered/HiddenThis/RecoveredReceiver_00615430	4	1		1	1	0	0	0	40	medium	incoming_receiver_captures=0; entry_receiver_register_captures=1; receiver_accesses=0; receiver_bulk_copies=0; incoming_edx_uses=0; calls=1; ecx_pointer_setup=1; ecx_scalar_setup=0; caller_cleanup_calls=0; callee_ret_pop=[40]; expected_stack=40; receiver_family_members=1; same_this_callees=0; single_function_field_only_receiver_kept_neutral; adopt_untyped_existing_thiscall	3
0	0	0	0	0	00615E70	FUN_00615e70	DEFAULT	undefined __thiscall FUN_00615e70(void * this, int param_1, int param_2, int param_3, int param_4, int param_5, int param_6, int param_7, int param_8, int param_9)	ANALYSIS	__thiscall	__thiscall	RecoveredReceiver_0060EF40	/SubmarineTitans/Recovered/HiddenThis/RecoveredReceiver_0060EF40	747	8		1	1	0	0	0	36	medium	incoming_receiver_captures=0; entry_receiver_register_captures=1; receiver_accesses=4; receiver_bulk_copies=0; incoming_edx_uses=0; calls=1; ecx_pointer_setup=1; ecx_scalar_setup=0; caller_cleanup_calls=0; callee_ret_pop=[36]; expected_stack=36; receiver_family_members=8; same_this_callees=0; adopt_untyped_existing_thiscall	3
0	0	0	0	0	00615FD0	FUN_00615fd0	DEFAULT	undefined4 __thiscall FUN_00615fd0(void * this, int param_1, undefined4 param_2)	ANALYSIS	__thiscall	__thiscall	RecoveredReceiver_00615FD0	/SubmarineTitans/Recovered/HiddenThis/RecoveredReceiver_00615FD0	791	2		4	4	0	0	0	8	medium	incoming_receiver_captures=0; entry_receiver_register_captures=1; receiver_accesses=24; receiver_bulk_copies=0; incoming_edx_uses=0; calls=4; ecx_pointer_setup=4; ecx_scalar_setup=0; caller_cleanup_calls=0; callee_ret_pop=[8]; expected_stack=8; receiver_family_members=2; same_this_callees=2; adopt_untyped_existing_thiscall	3
0	0	0	0	0	00616280	FUN_00616280	DEFAULT	undefined4 __thiscall FUN_00616280(void * this, int * param_1, int * param_2, int * param_3)	ANALYSIS	__thiscall	__thiscall	RecoveredReceiver_00616280	/SubmarineTitans/Recovered/HiddenThis/RecoveredReceiver_00616280	725	3		3	3	0	0	0	12	medium	incoming_receiver_captures=0; entry_receiver_register_captures=1; receiver_accesses=8; receiver_bulk_copies=0; incoming_edx_uses=0; calls=3; ecx_pointer_setup=3; ecx_scalar_setup=0; caller_cleanup_calls=0; callee_ret_pop=[12]; expected_stack=12; receiver_family_members=3; same_this_callees=0; adopt_untyped_existing_thiscall	3
0	0	0	0	0	006164E0	FUN_006164e0	DEFAULT	undefined4 __thiscall FUN_006164e0(void * this, int * param_1, int * param_2, int * param_3)	ANALYSIS	__thiscall	__thiscall	RecoveredReceiver_00616280	/SubmarineTitans/Recovered/HiddenThis/RecoveredReceiver_00616280	725	3		1	1	0	0	0	12	medium	incoming_receiver_captures=0; entry_receiver_register_captures=1; receiver_accesses=55; receiver_bulk_copies=0; incoming_edx_uses=0; calls=1; ecx_pointer_setup=1; ecx_scalar_setup=0; caller_cleanup_calls=0; callee_ret_pop=[12]; expected_stack=12; receiver_family_members=3; same_this_callees=4; adopt_untyped_existing_thiscall; single_call_corroborated_by_receiver_family	3
0	0	0	0	0	00616A80	FUN_00616a80	DEFAULT	int __thiscall FUN_00616a80(void * this, int param_1, int param_2, int param_3, int * param_4, int * param_5, int * param_6)	ANALYSIS	__thiscall	__thiscall	RecoveredReceiver_00616A80	/SubmarineTitans/Recovered/HiddenThis/RecoveredReceiver_00616A80	709	1		1	1	0	0	0	24	medium	incoming_receiver_captures=0; entry_receiver_register_captures=1; receiver_accesses=18; receiver_bulk_copies=0; incoming_edx_uses=0; calls=1; ecx_pointer_setup=1; ecx_scalar_setup=0; caller_cleanup_calls=0; callee_ret_pop=[24]; expected_stack=24; receiver_family_members=1; same_this_callees=1; single_function_field_only_receiver_kept_neutral; adopt_untyped_existing_thiscall	3
0	0	0	0	0	00616F60	FUN_00616f60	DEFAULT	int __thiscall FUN_00616f60(void * this, int * param_1, int * param_2, int * param_3)	ANALYSIS	__thiscall	__thiscall	RecoveredReceiver_00616F60	/SubmarineTitans/Recovered/HiddenThis/RecoveredReceiver_00616F60	709	1		1	1	0	0	0	12	medium	incoming_receiver_captures=0; entry_receiver_register_captures=1; receiver_accesses=1; receiver_bulk_copies=0; incoming_edx_uses=0; calls=1; ecx_pointer_setup=1; ecx_scalar_setup=0; caller_cleanup_calls=0; callee_ret_pop=[12]; expected_stack=12; receiver_family_members=1; same_this_callees=0; single_function_field_only_receiver_kept_neutral; adopt_untyped_existing_thiscall	3
0	0	0	0	0	006173A0	FUN_006173a0	DEFAULT	undefined4 __thiscall FUN_006173a0(void * this, int param_1, int * param_2, int * param_3, int * param_4)	ANALYSIS	__thiscall	__thiscall	RecoveredReceiver_00616280	/SubmarineTitans/Recovered/HiddenThis/RecoveredReceiver_00616280	725	3		8	8	0	0	0	16	medium	incoming_receiver_captures=0; entry_receiver_register_captures=1; receiver_accesses=15; receiver_bulk_copies=0; incoming_edx_uses=0; calls=8; ecx_pointer_setup=8; ecx_scalar_setup=0; caller_cleanup_calls=0; callee_ret_pop=[16]; expected_stack=16; receiver_family_members=3; same_this_callees=0; adopt_untyped_existing_thiscall	3
0	0	0	0	0	00617560	FUN_00617560	DEFAULT	void __thiscall FUN_00617560(void * this, int soundId)	ANALYSIS	__thiscall	__thiscall	RecoveredReceiver_00615FD0	/SubmarineTitans/Recovered/HiddenThis/RecoveredReceiver_00615FD0	791	2		5	5	0	0	0	4	medium	incoming_receiver_captures=0; entry_receiver_register_captures=0; receiver_accesses=3; receiver_bulk_copies=0; incoming_edx_uses=0; calls=5; ecx_pointer_setup=5; ecx_scalar_setup=0; caller_cleanup_calls=0; callee_ret_pop=[4]; expected_stack=4; receiver_family_members=2; same_this_callees=0; adopt_untyped_existing_thiscall	3
0	0	0	0	0	00617A20	FUN_00617a20	DEFAULT	undefined4 __thiscall FUN_00617a20(void * this, int param_1, undefined4 param_2, undefined4 param_3)	ANALYSIS	__thiscall	__thiscall	RecoveredReceiver_00617A20	/SubmarineTitans/Recovered/HiddenThis/RecoveredReceiver_00617A20	98	1		2	0	0	0	0	12	review	incoming_receiver_captures=0; entry_receiver_register_captures=0; receiver_accesses=2; receiver_bulk_copies=0; incoming_edx_uses=0; calls=2; ecx_pointer_setup=0; ecx_scalar_setup=0; caller_cleanup_calls=0; callee_ret_pop=[12]; expected_stack=12; receiver_family_members=1; same_this_callees=0; single_function_field_only_receiver_kept_neutral; adopt_untyped_existing_thiscall	3
0	0	0	0	0	00617AA0	FUN_00617aa0	DEFAULT	undefined __thiscall FUN_00617aa0(void * this, int param_1)	ANALYSIS	__thiscall	__thiscall	RecoveredReceiver_00617AA0	/SubmarineTitans/Recovered/HiddenThis/RecoveredReceiver_00617AA0	98	1		1	1	0	0	0	4	medium	incoming_receiver_captures=0; entry_receiver_register_captures=1; receiver_accesses=2; receiver_bulk_copies=0; incoming_edx_uses=0; calls=1; ecx_pointer_setup=1; ecx_scalar_setup=0; caller_cleanup_calls=0; callee_ret_pop=[4]; expected_stack=4; receiver_family_members=1; same_this_callees=0; single_function_field_only_receiver_kept_neutral; adopt_untyped_existing_thiscall	3
0	0	0	0	0	00617B10	FUN_00617b10	DEFAULT	uint __thiscall FUN_00617b10(void * this, undefined4 param_1, undefined4 param_2, undefined4 param_3, undefined4 param_4, undefined4 param_5, undefined4 param_6)	ANALYSIS	__thiscall	__thiscall	RecoveredReceiver_00617B10	/SubmarineTitans/Recovered/HiddenThis/RecoveredReceiver_00617B10	98	1		1	1	0	0	0	24	medium	incoming_receiver_captures=0; entry_receiver_register_captures=1; receiver_accesses=12; receiver_bulk_copies=0; incoming_edx_uses=0; calls=1; ecx_pointer_setup=1; ecx_scalar_setup=0; caller_cleanup_calls=0; callee_ret_pop=[24]; expected_stack=24; receiver_family_members=1; same_this_callees=1; single_function_field_only_receiver_kept_neutral; adopt_untyped_existing_thiscall	3
0	0	0	0	0	00617C30	FUN_00617c30	DEFAULT	undefined4 __thiscall FUN_00617c30(void * this, int param_1, int param_2)	ANALYSIS	__thiscall	__thiscall	RecoveredReceiver_00617C30	/SubmarineTitans/Recovered/HiddenThis/RecoveredReceiver_00617C30	98	1		1	1	0	0	0	8	medium	incoming_receiver_captures=0; entry_receiver_register_captures=0; receiver_accesses=1; receiver_bulk_copies=0; incoming_edx_uses=0; calls=1; ecx_pointer_setup=1; ecx_scalar_setup=0; caller_cleanup_calls=0; callee_ret_pop=[8]; expected_stack=8; receiver_family_members=1; same_this_callees=0; single_function_field_only_receiver_kept_neutral; adopt_untyped_existing_thiscall	3
0	0	0	0	0	00617CA0	FUN_00617ca0	DEFAULT	int __thiscall FUN_00617ca0(void * this, int * param_1, int * param_2, undefined4 * param_3, int * param_4, int * param_5, int * param_6, uint param_7)	ANALYSIS	__thiscall	__thiscall	RecoveredReceiver_00617CA0	/SubmarineTitans/Recovered/HiddenThis/RecoveredReceiver_00617CA0	52	1		1	1	0	0	0	28	medium	incoming_receiver_captures=0; entry_receiver_register_captures=1; receiver_accesses=1; receiver_bulk_copies=0; incoming_edx_uses=0; calls=1; ecx_pointer_setup=1; ecx_scalar_setup=0; caller_cleanup_calls=0; callee_ret_pop=[28]; expected_stack=28; receiver_family_members=1; same_this_callees=0; single_function_field_only_receiver_kept_neutral; adopt_untyped_existing_thiscall	3
0	0	0	0	0	00617ED0	FUN_00617ed0	DEFAULT	undefined __thiscall FUN_00617ed0(void * this, int param_1, int * param_2)	ANALYSIS	__thiscall	__thiscall	RecoveredReceiver_00617ED0	/SubmarineTitans/Recovered/HiddenThis/RecoveredReceiver_00617ED0	106	1		0	0	0	0	0	8	review	incoming_receiver_captures=0; entry_receiver_register_captures=1; receiver_accesses=4; receiver_bulk_copies=0; incoming_edx_uses=0; calls=0; ecx_pointer_setup=0; ecx_scalar_setup=0; caller_cleanup_calls=0; callee_ret_pop=[8]; expected_stack=8; receiver_family_members=1; same_this_callees=1; single_function_field_only_receiver_kept_neutral; adopt_untyped_existing_thiscall	3
0	0	0	0	0	00618240	FUN_00618240	DEFAULT	undefined4 __thiscall FUN_00618240(void * this, int param_1, int param_2, int param_3, undefined4 * param_4)	ANALYSIS	__thiscall	__thiscall	RecoveredReceiver_00618240	/SubmarineTitans/Recovered/HiddenThis/RecoveredReceiver_00618240	102	3		1	0	0	0	0	16	review	incoming_receiver_captures=1; entry_receiver_register_captures=0; receiver_accesses=4; receiver_bulk_copies=0; incoming_edx_uses=2; calls=1; ecx_pointer_setup=0; ecx_scalar_setup=0; caller_cleanup_calls=0; callee_ret_pop=[16]; expected_stack=16; receiver_family_members=3; same_this_callees=2; adopt_untyped_existing_thiscall	3
0	0	0	0	0	00618900	FUN_00618900	DEFAULT	undefined4 __thiscall FUN_00618900(void * this, int param_1, int param_2)	ANALYSIS	__thiscall	__thiscall	RecoveredReceiver_00618900	/SubmarineTitans/Recovered/HiddenThis/RecoveredReceiver_00618900	102	1		5	2	0	0	0	8	medium	incoming_receiver_captures=0; entry_receiver_register_captures=0; receiver_accesses=1; receiver_bulk_copies=0; incoming_edx_uses=0; calls=5; ecx_pointer_setup=2; ecx_scalar_setup=0; caller_cleanup_calls=0; callee_ret_pop=[8]; expected_stack=8; receiver_family_members=1; same_this_callees=0; single_function_field_only_receiver_kept_neutral; adopt_untyped_existing_thiscall	3
0	0	0	0	0	00618A50	FUN_00618a50	DEFAULT	uint __thiscall FUN_00618a50(void * this, int param_1, int * param_2)	ANALYSIS	__thiscall	__thiscall	RecoveredReceiver_00618240	/SubmarineTitans/Recovered/HiddenThis/RecoveredReceiver_00618240	102	3		1	1	0	0	0	8	medium	incoming_receiver_captures=0; entry_receiver_register_captures=0; receiver_accesses=1; receiver_bulk_copies=0; incoming_edx_uses=0; calls=1; ecx_pointer_setup=1; ecx_scalar_setup=0; caller_cleanup_calls=0; callee_ret_pop=[8]; expected_stack=8; receiver_family_members=3; same_this_callees=0; adopt_untyped_existing_thiscall	3
0	0	0	0	0	00618B40	FUN_00618b40	DEFAULT	undefined __thiscall FUN_00618b40(void * this, undefined4 param_1, undefined2 param_2)	ANALYSIS	__thiscall	__thiscall	RecoveredReceiver_00618B40	/SubmarineTitans/Recovered/HiddenThis/RecoveredReceiver_00618B40	98	1		1	1	0	0	0	8	medium	incoming_receiver_captures=0; entry_receiver_register_captures=1; receiver_accesses=4; receiver_bulk_copies=0; incoming_edx_uses=0; calls=1; ecx_pointer_setup=1; ecx_scalar_setup=0; caller_cleanup_calls=0; callee_ret_pop=[8]; expected_stack=8; receiver_family_members=1; same_this_callees=0; single_function_field_only_receiver_kept_neutral; adopt_untyped_existing_thiscall	3
0	0	0	0	0	006193A0	FUN_006193a0	DEFAULT	undefined4 __thiscall FUN_006193a0(void * this, undefined4 * param_1)	ANALYSIS	__thiscall	__thiscall	RecoveredReceiver_006193A0	/SubmarineTitans/Recovered/HiddenThis/RecoveredReceiver_006193A0	155	1		1	1	0	0	0	4	medium	incoming_receiver_captures=0; entry_receiver_register_captures=0; receiver_accesses=1; receiver_bulk_copies=0; incoming_edx_uses=0; calls=1; ecx_pointer_setup=1; ecx_scalar_setup=0; caller_cleanup_calls=0; callee_ret_pop=[4]; expected_stack=4; receiver_family_members=1; same_this_callees=0; single_function_field_only_receiver_kept_neutral; adopt_untyped_existing_thiscall	3
0	0	0	0	0	0061C5F0	FUN_0061c5f0	DEFAULT	undefined4 __thiscall FUN_0061c5f0(void * this, undefined4 * param_1)	ANALYSIS	__thiscall	__thiscall	RecoveredReceiver_0061C5F0	/SubmarineTitans/Recovered/HiddenThis/RecoveredReceiver_0061C5F0	332	1		2	2	0	0	0	4	medium	incoming_receiver_captures=0; entry_receiver_register_captures=1; receiver_accesses=30; receiver_bulk_copies=0; incoming_edx_uses=0; calls=2; ecx_pointer_setup=2; ecx_scalar_setup=0; caller_cleanup_calls=0; callee_ret_pop=[4]; expected_stack=4; receiver_family_members=1; same_this_callees=0; single_function_field_only_receiver_kept_neutral; adopt_untyped_existing_thiscall	3
0	0	0	0	0	0061CA90	FUN_0061ca90	DEFAULT	undefined4 __thiscall FUN_0061ca90(void * this, int param_1, int param_2, int param_3, int * param_4)	ANALYSIS	__thiscall	__thiscall	RecoveredReceiver_0061CA90	/SubmarineTitans/Recovered/HiddenThis/RecoveredReceiver_0061CA90	82	1		1	1	0	0	0	16	medium	incoming_receiver_captures=1; entry_receiver_register_captures=0; receiver_accesses=1; receiver_bulk_copies=0; incoming_edx_uses=2; calls=1; ecx_pointer_setup=1; ecx_scalar_setup=0; caller_cleanup_calls=0; callee_ret_pop=[16]; expected_stack=16; receiver_family_members=1; same_this_callees=0; single_function_field_only_receiver_kept_neutral; adopt_untyped_existing_thiscall	3
0	0	0	0	0	0061CFB0	FUN_0061cfb0	DEFAULT	void __thiscall FUN_0061cfb0(void * this, int param_1, int param_2, int soundId)	ANALYSIS	__thiscall	__thiscall	RecoveredReceiver_0061CFB0	/SubmarineTitans/Recovered/HiddenThis/RecoveredReceiver_0061CFB0	28	1		3	3	0	0	0	12	medium	incoming_receiver_captures=0; entry_receiver_register_captures=0; receiver_accesses=1; receiver_bulk_copies=0; incoming_edx_uses=0; calls=3; ecx_pointer_setup=3; ecx_scalar_setup=0; caller_cleanup_calls=0; callee_ret_pop=[12]; expected_stack=12; receiver_family_members=1; same_this_callees=0; single_function_field_only_receiver_kept_neutral; adopt_untyped_existing_thiscall	3
0	0	0	0	0	0061D080	FUN_0061d080	DEFAULT	undefined __thiscall FUN_0061d080(void * this, undefined4 param_1, ushort param_2)	ANALYSIS	__thiscall	__thiscall	RecoveredReceiver_0061D080	/SubmarineTitans/Recovered/HiddenThis/RecoveredReceiver_0061D080	151	1		1	1	0	0	0	8	medium	incoming_receiver_captures=0; entry_receiver_register_captures=0; receiver_accesses=3; receiver_bulk_copies=0; incoming_edx_uses=0; calls=1; ecx_pointer_setup=1; ecx_scalar_setup=0; caller_cleanup_calls=0; callee_ret_pop=[8]; expected_stack=8; receiver_family_members=1; same_this_callees=0; single_function_field_only_receiver_kept_neutral; adopt_untyped_existing_thiscall	3
0	0	0	0	0	0061FC00	FUN_0061fc00	DEFAULT	undefined4 __thiscall FUN_0061fc00(void * this, undefined4 * param_1, undefined4 * param_2)	ANALYSIS	__thiscall	__thiscall	RecoveredReceiver_0061FC00	/SubmarineTitans/Recovered/HiddenThis/RecoveredReceiver_0061FC00	189	1		0	0	0	0	0	8	review	incoming_receiver_captures=0; entry_receiver_register_captures=0; receiver_accesses=1; receiver_bulk_copies=0; incoming_edx_uses=0; calls=0; ecx_pointer_setup=0; ecx_scalar_setup=0; caller_cleanup_calls=0; callee_ret_pop=[8]; expected_stack=8; receiver_family_members=1; same_this_callees=0; single_function_field_only_receiver_kept_neutral; adopt_untyped_existing_thiscall	3
0	0	0	0	0	0061FDB0	FUN_0061fdb0	DEFAULT	undefined FUN_0061fdb0(void)	DEFAULT	unknown	__thiscall	RecoveredReceiver_0061FDB0	/SubmarineTitans/Recovered/HiddenThis/RecoveredReceiver_0061FDB0	237	1		2	1	0	0	0	0	medium	incoming_receiver_captures=0; entry_receiver_register_captures=0; receiver_accesses=15; receiver_bulk_copies=0; incoming_edx_uses=0; calls=2; ecx_pointer_setup=1; ecx_scalar_setup=0; caller_cleanup_calls=0; callee_ret_pop=[0]; expected_stack=0; receiver_family_members=1; same_this_callees=0; single_function_field_only_receiver_kept_neutral	3
0	0	0	0	0	006201F0	FUN_006201f0	DEFAULT	undefined4 __thiscall FUN_006201f0(void * this, undefined4 * param_1, undefined4 * param_2)	ANALYSIS	__thiscall	__thiscall	RecoveredReceiver_006201F0	/SubmarineTitans/Recovered/HiddenThis/RecoveredReceiver_006201F0	201	1		0	0	0	0	0	8	review	incoming_receiver_captures=0; entry_receiver_register_captures=0; receiver_accesses=1; receiver_bulk_copies=0; incoming_edx_uses=0; calls=0; ecx_pointer_setup=0; ecx_scalar_setup=0; caller_cleanup_calls=0; callee_ret_pop=[8]; expected_stack=8; receiver_family_members=1; same_this_callees=0; single_function_field_only_receiver_kept_neutral; adopt_untyped_existing_thiscall	3
0	0	0	0	0	006205B0	FUN_006205b0	DEFAULT	undefined4 __thiscall FUN_006205b0(void * this, undefined4 * param_1, undefined4 * param_2)	ANALYSIS	__thiscall	__thiscall	RecoveredReceiver_006205B0	/SubmarineTitans/Recovered/HiddenThis/RecoveredReceiver_006205B0	213	1		0	0	0	0	0	8	review	incoming_receiver_captures=0; entry_receiver_register_captures=0; receiver_accesses=1; receiver_bulk_copies=0; incoming_edx_uses=0; calls=0; ecx_pointer_setup=0; ecx_scalar_setup=0; caller_cleanup_calls=0; callee_ret_pop=[8]; expected_stack=8; receiver_family_members=1; same_this_callees=0; single_function_field_only_receiver_kept_neutral; adopt_untyped_existing_thiscall	3
0	0	0	0	0	00620940	FUN_00620940	DEFAULT	undefined4 __thiscall FUN_00620940(void * this, undefined4 * param_1, undefined4 * param_2)	ANALYSIS	__thiscall	__thiscall	RecoveredReceiver_00620940	/SubmarineTitans/Recovered/HiddenThis/RecoveredReceiver_00620940	225	1		0	0	0	0	0	8	review	incoming_receiver_captures=0; entry_receiver_register_captures=0; receiver_accesses=1; receiver_bulk_copies=0; incoming_edx_uses=0; calls=0; ecx_pointer_setup=0; ecx_scalar_setup=0; caller_cleanup_calls=0; callee_ret_pop=[8]; expected_stack=8; receiver_family_members=1; same_this_callees=0; single_function_field_only_receiver_kept_neutral; adopt_untyped_existing_thiscall	3
0	0	0	0	0	00620CE0	FUN_00620ce0	DEFAULT	undefined4 __thiscall FUN_00620ce0(void * this, undefined4 * param_1, undefined4 * param_2)	ANALYSIS	__thiscall	__thiscall	RecoveredReceiver_00620CE0	/SubmarineTitans/Recovered/HiddenThis/RecoveredReceiver_00620CE0	237	1		0	0	0	0	0	8	review	incoming_receiver_captures=0; entry_receiver_register_captures=0; receiver_accesses=1; receiver_bulk_copies=0; incoming_edx_uses=0; calls=0; ecx_pointer_setup=0; ecx_scalar_setup=0; caller_cleanup_calls=0; callee_ret_pop=[8]; expected_stack=8; receiver_family_members=1; same_this_callees=0; single_function_field_only_receiver_kept_neutral; adopt_untyped_existing_thiscall	3
0	0	0	0	0	00621120	FUN_00621120	DEFAULT	undefined4 __thiscall FUN_00621120(void * this, undefined4 * param_1, undefined4 * param_2)	ANALYSIS	__thiscall	__thiscall	RecoveredReceiver_00621120	/SubmarineTitans/Recovered/HiddenThis/RecoveredReceiver_00621120	249	1		0	0	0	0	0	8	review	incoming_receiver_captures=0; entry_receiver_register_captures=0; receiver_accesses=1; receiver_bulk_copies=0; incoming_edx_uses=0; calls=0; ecx_pointer_setup=0; ecx_scalar_setup=0; caller_cleanup_calls=0; callee_ret_pop=[8]; expected_stack=8; receiver_family_members=1; same_this_callees=0; single_function_field_only_receiver_kept_neutral; adopt_untyped_existing_thiscall	3
0	0	0	0	0	006214C0	FUN_006214c0	DEFAULT	undefined4 __thiscall FUN_006214c0(void * this, undefined4 * param_1, undefined4 * param_2)	ANALYSIS	__thiscall	__thiscall	RecoveredReceiver_006214C0	/SubmarineTitans/Recovered/HiddenThis/RecoveredReceiver_006214C0	261	1		0	0	0	0	0	8	review	incoming_receiver_captures=0; entry_receiver_register_captures=0; receiver_accesses=1; receiver_bulk_copies=0; incoming_edx_uses=0; calls=0; ecx_pointer_setup=0; ecx_scalar_setup=0; caller_cleanup_calls=0; callee_ret_pop=[8]; expected_stack=8; receiver_family_members=1; same_this_callees=0; single_function_field_only_receiver_kept_neutral; adopt_untyped_existing_thiscall	3
0	0	0	0	0	00621640	FUN_00621640	DEFAULT	uint __thiscall FUN_00621640(void * this, int param_1, undefined4 * param_2)	ANALYSIS	__thiscall	__thiscall	RecoveredReceiver_00621640	/SubmarineTitans/Recovered/HiddenThis/RecoveredReceiver_00621640	270	1		1	1	0	0	0	8	medium	incoming_receiver_captures=0; entry_receiver_register_captures=0; receiver_accesses=1; receiver_bulk_copies=0; incoming_edx_uses=0; calls=1; ecx_pointer_setup=1; ecx_scalar_setup=0; caller_cleanup_calls=0; callee_ret_pop=[8]; expected_stack=8; receiver_family_members=1; same_this_callees=0; single_function_field_only_receiver_kept_neutral; adopt_untyped_existing_thiscall	3
0	0	0	0	0	00624140	FUN_00624140	DEFAULT	undefined4 __thiscall FUN_00624140(void * this, int param_1, int param_2, Global_sub_0061BDB0_param_1Enum * param_3, int param_4, int param_5, int param_6, int * param_7, int param_8)	ANALYSIS	__thiscall	__thiscall	RecoveredReceiver_00624140	/SubmarineTitans/Recovered/HiddenThis/RecoveredReceiver_00624140	533	1		1	1	0	0	0	32	medium	incoming_receiver_captures=1; entry_receiver_register_captures=0; receiver_accesses=7; receiver_bulk_copies=0; incoming_edx_uses=0; calls=1; ecx_pointer_setup=1; ecx_scalar_setup=0; caller_cleanup_calls=0; callee_ret_pop=[32]; expected_stack=32; receiver_family_members=1; same_this_callees=0; single_function_field_only_receiver_kept_neutral; adopt_untyped_existing_thiscall	3
0	0	0	0	0	006255B0	FUN_006255b0	DEFAULT	undefined4 __thiscall FUN_006255b0(void * this, int param_1, undefined4 param_2, int param_3, int param_4, Global_sub_0061BDB0_param_1Enum * param_5, int param_6, int param_7, int param_8)	ANALYSIS	__thiscall	__thiscall	RecoveredReceiver_006255B0	/SubmarineTitans/Recovered/HiddenThis/RecoveredReceiver_006255B0	718	1		0	0	0	0	0	32	review	incoming_receiver_captures=0; entry_receiver_register_captures=1; receiver_accesses=9; receiver_bulk_copies=0; incoming_edx_uses=0; calls=0; ecx_pointer_setup=0; ecx_scalar_setup=0; caller_cleanup_calls=0; callee_ret_pop=[32]; expected_stack=32; receiver_family_members=1; same_this_callees=2; single_function_field_only_receiver_kept_neutral; adopt_untyped_existing_thiscall	3
0	0	0	0	0	006264D0	FUN_006264d0	DEFAULT	undefined4 __thiscall FUN_006264d0(void * this, int * param_1, int param_2)	ANALYSIS	__thiscall	__thiscall	RecoveredReceiver_006264D0	/SubmarineTitans/Recovered/HiddenThis/RecoveredReceiver_006264D0	716	1	0x10	1	1	0	0	0	8	medium	incoming_receiver_captures=1; entry_receiver_register_captures=0; receiver_accesses=8; receiver_bulk_copies=0; incoming_edx_uses=0; calls=1; ecx_pointer_setup=1; ecx_scalar_setup=0; caller_cleanup_calls=0; callee_ret_pop=[8]; expected_stack=8; receiver_family_members=1; same_this_callees=0; adopt_untyped_existing_thiscall	3
0	0	0	0	0	006270E0	FUN_006270e0	DEFAULT	void __thiscall FUN_006270e0(void * this, int param_1, RecoveredRecord_006270E0_AA70B55C * param_2)	ANALYSIS	__thiscall	__thiscall	RecoveredReceiver_006270E0	/SubmarineTitans/Recovered/HiddenThis/RecoveredReceiver_006270E0	863	1		2	2	0	0	0	8	medium	incoming_receiver_captures=0; entry_receiver_register_captures=0; receiver_accesses=6; receiver_bulk_copies=0; incoming_edx_uses=0; calls=2; ecx_pointer_setup=2; ecx_scalar_setup=0; caller_cleanup_calls=0; callee_ret_pop=[8]; expected_stack=8; receiver_family_members=1; same_this_callees=0; single_function_field_only_receiver_kept_neutral; adopt_untyped_existing_thiscall	3
0	0	0	0	0	00627650	FUN_00627650	DEFAULT	undefined __thiscall FUN_00627650(void * this, undefined4 param_1)	ANALYSIS	__thiscall	__thiscall	RecoveredReceiver_00627650	/SubmarineTitans/Recovered/HiddenThis/RecoveredReceiver_00627650	838	1		1	1	0	0	0	4	medium	incoming_receiver_captures=0; entry_receiver_register_captures=0; receiver_accesses=1; receiver_bulk_copies=0; incoming_edx_uses=0; calls=1; ecx_pointer_setup=1; ecx_scalar_setup=0; caller_cleanup_calls=0; callee_ret_pop=[4]; expected_stack=4; receiver_family_members=1; same_this_callees=0; single_function_field_only_receiver_kept_neutral; adopt_untyped_existing_thiscall	3
0	0	0	0	0	00627DB0	FUN_00627db0	DEFAULT	undefined __thiscall FUN_00627db0(void * this, int param_1, int param_2, int soundId)	ANALYSIS	__thiscall	__thiscall	RecoveredReceiver_00627DB0	/SubmarineTitans/Recovered/HiddenThis/RecoveredReceiver_00627DB0	28	1		1	1	0	0	0	12	medium	incoming_receiver_captures=0; entry_receiver_register_captures=0; receiver_accesses=1; receiver_bulk_copies=0; incoming_edx_uses=0; calls=1; ecx_pointer_setup=1; ecx_scalar_setup=0; caller_cleanup_calls=0; callee_ret_pop=[12]; expected_stack=12; receiver_family_members=1; same_this_callees=0; single_function_field_only_receiver_kept_neutral; adopt_untyped_existing_thiscall	3
0	0	0	0	0	0062AB10	FUN_0062ab10	DEFAULT	undefined4 __thiscall FUN_0062ab10(void * this, int param_1, int param_2, int param_3, int param_4, int param_5, int param_6)	ANALYSIS	__thiscall	__thiscall	RecoveredReceiver_0062AB10	/SubmarineTitans/Recovered/HiddenThis/RecoveredReceiver_0062AB10	4	1		1	1	0	0	0	24	medium	incoming_receiver_captures=0; entry_receiver_register_captures=1; receiver_accesses=0; receiver_bulk_copies=0; incoming_edx_uses=0; calls=1; ecx_pointer_setup=1; ecx_scalar_setup=0; caller_cleanup_calls=0; callee_ret_pop=[24]; expected_stack=24; receiver_family_members=1; same_this_callees=0; single_function_field_only_receiver_kept_neutral; adopt_untyped_existing_thiscall	3
0	0	0	0	0	0062AF40	FUN_0062af40	DEFAULT	undefined4 __thiscall FUN_0062af40(void * this, undefined4 * param_1)	ANALYSIS	__thiscall	__thiscall	RecoveredReceiver_0062AF40	/SubmarineTitans/Recovered/HiddenThis/RecoveredReceiver_0062AF40	212	1		2	1	0	0	0	4	medium	incoming_receiver_captures=0; entry_receiver_register_captures=1; receiver_accesses=1; receiver_bulk_copies=1; incoming_edx_uses=0; calls=2; ecx_pointer_setup=1; ecx_scalar_setup=0; caller_cleanup_calls=0; callee_ret_pop=[4]; expected_stack=4; receiver_family_members=1; same_this_callees=1; single_function_field_only_receiver_kept_neutral; adopt_untyped_existing_thiscall	3
0	0	0	0	0	0062AF90	FUN_0062af90	DEFAULT	undefined __thiscall FUN_0062af90(void * this, int param_1, int param_2, int param_3)	ANALYSIS	__thiscall	__thiscall	RecoveredReceiver_0062AF90	/SubmarineTitans/Recovered/HiddenThis/RecoveredReceiver_0062AF90	32	1		1	1	0	0	0	12	medium	incoming_receiver_captures=1; entry_receiver_register_captures=0; receiver_accesses=5; receiver_bulk_copies=0; incoming_edx_uses=2; calls=1; ecx_pointer_setup=1; ecx_scalar_setup=0; caller_cleanup_calls=0; callee_ret_pop=[12]; expected_stack=12; receiver_family_members=1; same_this_callees=0; single_function_field_only_receiver_kept_neutral; adopt_untyped_existing_thiscall	3
0	0	0	0	0	0062D2D0	FUN_0062d2d0	DEFAULT	undefined4 __thiscall FUN_0062d2d0(void * this, int param_1, int param_2, int param_3, undefined4 param_4, int * param_5, int param_6)	ANALYSIS	__thiscall	__thiscall	RecoveredReceiver_0062D120	/SubmarineTitans/Recovered/HiddenThis/RecoveredReceiver_0062D120	4	2		1	0	0	0	0	24	review	incoming_receiver_captures=1; entry_receiver_register_captures=1; receiver_accesses=0; receiver_bulk_copies=0; incoming_edx_uses=0; calls=1; ecx_pointer_setup=0; ecx_scalar_setup=0; caller_cleanup_calls=0; callee_ret_pop=[24]; expected_stack=24; receiver_family_members=2; same_this_callees=2; adopt_untyped_existing_thiscall	3
0	0	0	0	0	0062DBD0	FUN_0062dbd0	DEFAULT	uint __thiscall FUN_0062dbd0(void * this, int param_1, int param_2)	ANALYSIS	__thiscall	__thiscall	RecoveredReceiver_0062DBD0	/SubmarineTitans/Recovered/HiddenThis/RecoveredReceiver_0062DBD0	4	2		1	0	0	0	0	8	review	incoming_receiver_captures=0; entry_receiver_register_captures=1; receiver_accesses=0; receiver_bulk_copies=0; incoming_edx_uses=0; calls=1; ecx_pointer_setup=0; ecx_scalar_setup=0; caller_cleanup_calls=0; callee_ret_pop=[8]; expected_stack=8; receiver_family_members=2; same_this_callees=0; adopt_untyped_existing_thiscall	3
0	0	0	0	0	0062DD00	FUN_0062dd00	DEFAULT	undefined __thiscall FUN_0062dd00(void * this, int param_1)	ANALYSIS	__thiscall	__thiscall	RecoveredReceiver_0062DD00	/SubmarineTitans/Recovered/HiddenThis/RecoveredReceiver_0062DD00	4	1		0	0	0	0	0	4	review	incoming_receiver_captures=0; entry_receiver_register_captures=1; receiver_accesses=0; receiver_bulk_copies=0; incoming_edx_uses=0; calls=0; ecx_pointer_setup=0; ecx_scalar_setup=0; caller_cleanup_calls=0; callee_ret_pop=[4]; expected_stack=4; receiver_family_members=1; same_this_callees=1; single_function_field_only_receiver_kept_neutral; adopt_untyped_existing_thiscall	3
0	0	0	0	0	0062DFD0	FUN_0062dfd0	DEFAULT	uint __thiscall FUN_0062dfd0(void * this, int param_1, int param_2, int * param_3)	ANALYSIS	__thiscall	__thiscall	RecoveredReceiver_0062DFD0	/SubmarineTitans/Recovered/HiddenThis/RecoveredReceiver_0062DFD0	4	2		1	0	0	0	0	12	review	incoming_receiver_captures=0; entry_receiver_register_captures=1; receiver_accesses=0; receiver_bulk_copies=0; incoming_edx_uses=0; calls=1; ecx_pointer_setup=0; ecx_scalar_setup=0; caller_cleanup_calls=0; callee_ret_pop=[12]; expected_stack=12; receiver_family_members=2; same_this_callees=0; adopt_untyped_existing_thiscall	3
0	0	0	0	0	0062E0F0	FUN_0062e0f0	DEFAULT	undefined __thiscall FUN_0062e0f0(void * this, int param_1)	ANALYSIS	__thiscall	__thiscall	RecoveredReceiver_0062E0F0	/SubmarineTitans/Recovered/HiddenThis/RecoveredReceiver_0062E0F0	4	1		0	0	0	0	0	4	review	incoming_receiver_captures=0; entry_receiver_register_captures=1; receiver_accesses=0; receiver_bulk_copies=0; incoming_edx_uses=0; calls=0; ecx_pointer_setup=0; ecx_scalar_setup=0; caller_cleanup_calls=0; callee_ret_pop=[4]; expected_stack=4; receiver_family_members=1; same_this_callees=1; single_function_field_only_receiver_kept_neutral; adopt_untyped_existing_thiscall	3
0	0	0	0	0	0062E240	FUN_0062e240	DEFAULT	undefined __thiscall FUN_0062e240(void * this, undefined4 param_1, int param_2, int param_3, int param_4, int param_5, uint param_6)	ANALYSIS	__thiscall	__thiscall	RecoveredReceiver_0062DB50	/SubmarineTitans/Recovered/HiddenThis/RecoveredReceiver_0062DB50	184	7		1	1	0	0	0	24	medium	incoming_receiver_captures=0; entry_receiver_register_captures=1; receiver_accesses=2; receiver_bulk_copies=0; incoming_edx_uses=0; calls=1; ecx_pointer_setup=1; ecx_scalar_setup=0; caller_cleanup_calls=0; callee_ret_pop=[24]; expected_stack=24; receiver_family_members=7; same_this_callees=1; adopt_untyped_existing_thiscall	3
0	0	0	0	0	0062E490	FUN_0062e490	DEFAULT	undefined4 __thiscall FUN_0062e490(void * this, int * param_1)	ANALYSIS	__thiscall	__thiscall	RecoveredReceiver_0062DB50	/SubmarineTitans/Recovered/HiddenThis/RecoveredReceiver_0062DB50	184	7		0	0	0	0	0	4	review	incoming_receiver_captures=0; entry_receiver_register_captures=1; receiver_accesses=0; receiver_bulk_copies=0; incoming_edx_uses=0; calls=0; ecx_pointer_setup=0; ecx_scalar_setup=0; caller_cleanup_calls=0; callee_ret_pop=[24]; expected_stack=4; receiver_family_members=7; same_this_callees=1; stack_discipline_mismatch; adopt_untyped_existing_thiscall	3
0	0	0	0	0	0062E550	FUN_0062e550	DEFAULT	uint __thiscall FUN_0062e550(void * this, int param_1, int param_2, int param_3)	ANALYSIS	__thiscall	__thiscall	RecoveredReceiver_0062DB50	/SubmarineTitans/Recovered/HiddenThis/RecoveredReceiver_0062DB50	184	7		1	0	0	0	0	12	review	incoming_receiver_captures=0; entry_receiver_register_captures=1; receiver_accesses=0; receiver_bulk_copies=0; incoming_edx_uses=0; calls=1; ecx_pointer_setup=0; ecx_scalar_setup=0; caller_cleanup_calls=0; callee_ret_pop=[12]; expected_stack=12; receiver_family_members=7; same_this_callees=2; adopt_untyped_existing_thiscall	3
0	0	0	0	0	0062E640	FUN_0062e640	DEFAULT	undefined4 __thiscall FUN_0062e640(void * this, int param_1, int param_2)	ANALYSIS	__thiscall	__thiscall	RecoveredReceiver_0062DB50	/SubmarineTitans/Recovered/HiddenThis/RecoveredReceiver_0062DB50	184	7		1	0	0	0	0	8	review	incoming_receiver_captures=0; entry_receiver_register_captures=1; receiver_accesses=0; receiver_bulk_copies=0; incoming_edx_uses=0; calls=1; ecx_pointer_setup=0; ecx_scalar_setup=0; caller_cleanup_calls=0; callee_ret_pop=[8]; expected_stack=8; receiver_family_members=7; same_this_callees=1; adopt_untyped_existing_thiscall	3
0	0	0	0	0	0062E6B0	FUN_0062e6b0	DEFAULT	undefined4 __thiscall FUN_0062e6b0(void * this, int param_1, int param_2)	ANALYSIS	__thiscall	__thiscall	RecoveredReceiver_0062DB50	/SubmarineTitans/Recovered/HiddenThis/RecoveredReceiver_0062DB50	184	7		1	1	0	0	0	8	medium	incoming_receiver_captures=0; entry_receiver_register_captures=1; receiver_accesses=0; receiver_bulk_copies=0; incoming_edx_uses=0; calls=1; ecx_pointer_setup=1; ecx_scalar_setup=0; caller_cleanup_calls=0; callee_ret_pop=[8]; expected_stack=8; receiver_family_members=7; same_this_callees=2; adopt_untyped_existing_thiscall	3
0	0	0	0	0	0062F0D0	FUN_0062f0d0	DEFAULT	void __thiscall FUN_0062f0d0(void * this, int param_1)	ANALYSIS	__thiscall	__thiscall	RecoveredReceiver_0062F0D0	/SubmarineTitans/Recovered/HiddenThis/RecoveredReceiver_0062F0D0	4	1		2	2	0	0	0	4	medium	incoming_receiver_captures=0; entry_receiver_register_captures=1; receiver_accesses=0; receiver_bulk_copies=0; incoming_edx_uses=0; calls=2; ecx_pointer_setup=2; ecx_scalar_setup=0; caller_cleanup_calls=0; callee_ret_pop=[4]; expected_stack=4; receiver_family_members=1; same_this_callees=0; single_function_field_only_receiver_kept_neutral; adopt_untyped_existing_thiscall	3
0	0	0	0	0	0062F6C0	FUN_0062f6c0	DEFAULT	undefined4 __thiscall FUN_0062f6c0(void * this, int param_1)	ANALYSIS	__thiscall	__thiscall	RecoveredReceiver_0062F6C0	/SubmarineTitans/Recovered/HiddenThis/RecoveredReceiver_0062F6C0	510	1		5	4	0	0	0	4	medium	incoming_receiver_captures=0; entry_receiver_register_captures=1; receiver_accesses=4; receiver_bulk_copies=0; incoming_edx_uses=0; calls=5; ecx_pointer_setup=4; ecx_scalar_setup=0; caller_cleanup_calls=0; callee_ret_pop=[4]; expected_stack=4; receiver_family_members=1; same_this_callees=1; single_function_field_only_receiver_kept_neutral; adopt_untyped_existing_thiscall	3
0	0	0	0	0	0062F830	FUN_0062f830	DEFAULT	undefined4 __thiscall FUN_0062f830(void * this, int param_1, int param_2, int param_3, int param_4)	ANALYSIS	__thiscall	__thiscall	RecoveredReceiver_0062F830	/SubmarineTitans/Recovered/HiddenThis/RecoveredReceiver_0062F830	510	1		0	0	0	0	0	16	review	incoming_receiver_captures=0; entry_receiver_register_captures=0; receiver_accesses=1; receiver_bulk_copies=0; incoming_edx_uses=0; calls=0; ecx_pointer_setup=0; ecx_scalar_setup=0; caller_cleanup_calls=0; callee_ret_pop=[16]; expected_stack=16; receiver_family_members=1; same_this_callees=0; single_function_field_only_receiver_kept_neutral; adopt_untyped_existing_thiscall	3
0	0	0	0	0	0062F940	FUN_0062f940	DEFAULT	byte * __thiscall FUN_0062f940(void * this, uint * param_1)	ANALYSIS	__thiscall	__thiscall	RecoveredReceiver_0062F940	/SubmarineTitans/Recovered/HiddenThis/RecoveredReceiver_0062F940	510	1		1	1	0	0	0	4	medium	incoming_receiver_captures=1; entry_receiver_register_captures=1; receiver_accesses=9; receiver_bulk_copies=0; incoming_edx_uses=0; calls=1; ecx_pointer_setup=1; ecx_scalar_setup=0; caller_cleanup_calls=0; callee_ret_pop=[4]; expected_stack=4; receiver_family_members=1; same_this_callees=1; single_function_field_only_receiver_kept_neutral; adopt_untyped_existing_thiscall	3
0	0	0	0	0	0062FA80	FUN_0062fa80	DEFAULT	int __thiscall FUN_0062fa80(void * this, RecoveredRecordView_0062FA80_9D6D3E8C * param_1)	ANALYSIS	__thiscall	__thiscall	RecoveredReceiver_0062FA80	/SubmarineTitans/Recovered/HiddenThis/RecoveredReceiver_0062FA80	510	1		1	1	0	0	0	4	medium	incoming_receiver_captures=0; entry_receiver_register_captures=1; receiver_accesses=16; receiver_bulk_copies=0; incoming_edx_uses=0; calls=1; ecx_pointer_setup=1; ecx_scalar_setup=0; caller_cleanup_calls=0; callee_ret_pop=[4]; expected_stack=4; receiver_family_members=1; same_this_callees=1; single_function_field_only_receiver_kept_neutral; adopt_untyped_existing_thiscall	3
0	0	0	0	0	00630000	FUN_00630000	DEFAULT	undefined __thiscall FUN_00630000(void * this, int param_1)	ANALYSIS	__thiscall	__thiscall	RecoveredReceiver_0062FFD0	/SubmarineTitans/Recovered/HiddenThis/RecoveredReceiver_0062FFD0	489	2		1	1	0	0	0	4	medium	incoming_receiver_captures=0; entry_receiver_register_captures=1; receiver_accesses=4; receiver_bulk_copies=0; incoming_edx_uses=0; calls=1; ecx_pointer_setup=1; ecx_scalar_setup=0; caller_cleanup_calls=0; callee_ret_pop=[4]; expected_stack=4; receiver_family_members=2; same_this_callees=1; adopt_untyped_existing_thiscall	3
0	0	0	0	0	00630110	FUN_00630110	DEFAULT	int __thiscall FUN_00630110(void * this, char param_1)	ANALYSIS	__thiscall	__thiscall	RecoveredReceiver_00630110	/SubmarineTitans/Recovered/HiddenThis/RecoveredReceiver_00630110	510	1		1	0	0	0	0	4	review	incoming_receiver_captures=0; entry_receiver_register_captures=1; receiver_accesses=2; receiver_bulk_copies=0; incoming_edx_uses=0; calls=1; ecx_pointer_setup=0; ecx_scalar_setup=0; caller_cleanup_calls=0; callee_ret_pop=[4]; expected_stack=4; receiver_family_members=1; same_this_callees=1; single_function_field_only_receiver_kept_neutral; adopt_untyped_existing_thiscall	3
0	0	0	0	0	006301D0	FUN_006301d0	DEFAULT	int __thiscall FUN_006301d0(void * this, int * param_1)	ANALYSIS	__thiscall	__thiscall	RecoveredReceiver_006301D0	/SubmarineTitans/Recovered/HiddenThis/RecoveredReceiver_006301D0	489	1		0	0	0	0	0	4	review	incoming_receiver_captures=0; entry_receiver_register_captures=0; receiver_accesses=1; receiver_bulk_copies=0; incoming_edx_uses=0; calls=0; ecx_pointer_setup=0; ecx_scalar_setup=0; caller_cleanup_calls=0; callee_ret_pop=[4]; expected_stack=4; receiver_family_members=1; same_this_callees=0; single_function_field_only_receiver_kept_neutral; adopt_untyped_existing_thiscall	3
0	0	0	0	0	006315D0	FUN_006315d0	DEFAULT	undefined __thiscall FUN_006315d0(void * this, int param_1, int param_2, int param_3, int param_4)	ANALYSIS	__thiscall	__thiscall	RecoveredReceiver_006315D0	/SubmarineTitans/Recovered/HiddenThis/RecoveredReceiver_006315D0	101	1		0	0	0	0	0	16	review	incoming_receiver_captures=1; entry_receiver_register_captures=0; receiver_accesses=11; receiver_bulk_copies=0; incoming_edx_uses=0; calls=0; ecx_pointer_setup=0; ecx_scalar_setup=0; caller_cleanup_calls=0; callee_ret_pop=[16]; expected_stack=16; receiver_family_members=1; same_this_callees=4; single_function_field_only_receiver_kept_neutral; adopt_untyped_existing_thiscall	3
0	0	0	0	0	00631910	FUN_00631910	DEFAULT	int __thiscall FUN_00631910(void * this, undefined4 param_1, undefined4 param_2, undefined4 param_3, undefined4 param_4, int param_5, int param_6, undefined4 param_7, undefined4 param_8)	ANALYSIS	__thiscall	__thiscall	RecoveredReceiver_00631910	/SubmarineTitans/Recovered/HiddenThis/RecoveredReceiver_00631910	113	2		0	0	0	0	0	32	review	incoming_receiver_captures=0; entry_receiver_register_captures=1; receiver_accesses=3; receiver_bulk_copies=0; incoming_edx_uses=0; calls=0; ecx_pointer_setup=0; ecx_scalar_setup=0; caller_cleanup_calls=0; callee_ret_pop=[32]; expected_stack=32; receiver_family_members=2; same_this_callees=1; adopt_untyped_existing_thiscall	3
0	0	0	0	0	006319E0	FUN_006319e0	DEFAULT	undefined4 __thiscall FUN_006319e0(void * this, uint param_1, int param_2)	ANALYSIS	__thiscall	__thiscall	RecoveredReceiver_006319E0	/SubmarineTitans/Recovered/HiddenThis/RecoveredReceiver_006319E0	109	1		0	0	0	0	0	8	review	incoming_receiver_captures=0; entry_receiver_register_captures=1; receiver_accesses=1; receiver_bulk_copies=0; incoming_edx_uses=0; calls=0; ecx_pointer_setup=0; ecx_scalar_setup=0; caller_cleanup_calls=0; callee_ret_pop=[8]; expected_stack=8; receiver_family_members=1; same_this_callees=0; single_function_field_only_receiver_kept_neutral; adopt_untyped_existing_thiscall	3
0	0	0	0	0	00631AA0	FUN_00631aa0	DEFAULT	int __thiscall FUN_00631aa0(void * this, undefined4 param_1, undefined4 param_2, undefined4 param_3, undefined4 param_4, undefined4 param_5, undefined4 param_6, undefined4 param_7, undefined4 param_8)	ANALYSIS	__thiscall	__thiscall	RecoveredReceiver_00631AA0	/SubmarineTitans/Recovered/HiddenThis/RecoveredReceiver_00631AA0	113	1		0	0	0	0	0	32	review	incoming_receiver_captures=0; entry_receiver_register_captures=1; receiver_accesses=3; receiver_bulk_copies=0; incoming_edx_uses=0; calls=0; ecx_pointer_setup=0; ecx_scalar_setup=0; caller_cleanup_calls=0; callee_ret_pop=[32]; expected_stack=32; receiver_family_members=1; same_this_callees=0; single_function_field_only_receiver_kept_neutral; adopt_untyped_existing_thiscall	3
0	0	0	0	0	00631B60	FUN_00631b60	DEFAULT	undefined4 __thiscall FUN_00631b60(void * this, uint param_1, int param_2)	ANALYSIS	__thiscall	__thiscall	RecoveredReceiver_00631B60	/SubmarineTitans/Recovered/HiddenThis/RecoveredReceiver_00631B60	113	1		0	0	0	0	0	8	review	incoming_receiver_captures=0; entry_receiver_register_captures=1; receiver_accesses=1; receiver_bulk_copies=0; incoming_edx_uses=0; calls=0; ecx_pointer_setup=0; ecx_scalar_setup=0; caller_cleanup_calls=0; callee_ret_pop=[8]; expected_stack=8; receiver_family_members=1; same_this_callees=0; single_function_field_only_receiver_kept_neutral; adopt_untyped_existing_thiscall	3
0	0	0	0	0	00631C20	FUN_00631c20	DEFAULT	undefined __thiscall FUN_00631c20(void * this, int param_1, int param_2, byte param_3, undefined4 param_4, undefined4 param_5, undefined4 param_6)	ANALYSIS	__thiscall	__thiscall	RecoveredReceiver_00631910	/SubmarineTitans/Recovered/HiddenThis/RecoveredReceiver_00631910	113	2		1	1	0	0	0	24	medium	incoming_receiver_captures=1; entry_receiver_register_captures=0; receiver_accesses=2; receiver_bulk_copies=0; incoming_edx_uses=0; calls=1; ecx_pointer_setup=1; ecx_scalar_setup=0; caller_cleanup_calls=0; callee_ret_pop=[24]; expected_stack=24; receiver_family_members=2; same_this_callees=0; adopt_untyped_existing_thiscall	3
0	0	0	0	0	00631E00	FUN_00631e00	DEFAULT	undefined4 __thiscall FUN_00631e00(void * this, uint param_1, int param_2, undefined4 * param_3, undefined4 * param_4, undefined4 * param_5, undefined4 * param_6, int * param_7)	ANALYSIS	__thiscall	__thiscall	RecoveredReceiver_00631E00	/SubmarineTitans/Recovered/HiddenThis/RecoveredReceiver_00631E00	109	1		0	0	0	0	0	28	review	incoming_receiver_captures=1; entry_receiver_register_captures=0; receiver_accesses=2; receiver_bulk_copies=0; incoming_edx_uses=0; calls=0; ecx_pointer_setup=0; ecx_scalar_setup=0; caller_cleanup_calls=0; callee_ret_pop=[28]; expected_stack=28; receiver_family_members=1; same_this_callees=0; single_function_field_only_receiver_kept_neutral; adopt_untyped_existing_thiscall	3
0	0	0	0	0	006324C0	FUN_006324c0	DEFAULT	void __thiscall FUN_006324c0(void * this, Global_sub_006324C0_param_1Enum param_1, undefined4 param_2)	ANALYSIS	__thiscall	__thiscall	RecoveredReceiver_00632030	/SubmarineTitans/Recovered/HiddenThis/RecoveredReceiver_00632030	177	3		2	2	0	0	0	8	medium	incoming_receiver_captures=0; entry_receiver_register_captures=1; receiver_accesses=0; receiver_bulk_copies=0; incoming_edx_uses=0; calls=2; ecx_pointer_setup=2; ecx_scalar_setup=0; caller_cleanup_calls=0; callee_ret_pop=[8]; expected_stack=8; receiver_family_members=3; same_this_callees=2; adopt_untyped_existing_thiscall	3
0	0	0	0	0	00632650	FUN_00632650	DEFAULT	undefined4 __thiscall FUN_00632650(void * this, uint param_1, int param_2, undefined4 param_3, Global_sub_00632650_param_4Enum param_4, void * param_5)	ANALYSIS	__thiscall	__thiscall	RecoveredReceiver_00632030	/SubmarineTitans/Recovered/HiddenThis/RecoveredReceiver_00632030	177	3		5	5	0	0	0	20	medium	incoming_receiver_captures=0; entry_receiver_register_captures=1; receiver_accesses=57; receiver_bulk_copies=0; incoming_edx_uses=0; calls=5; ecx_pointer_setup=5; ecx_scalar_setup=0; caller_cleanup_calls=0; callee_ret_pop=[20]; expected_stack=20; receiver_family_members=3; same_this_callees=3; adopt_untyped_existing_thiscall	3
0	0	0	0	0	00633770	FUN_00633770	DEFAULT	undefined __thiscall FUN_00633770(void * this, int param_1, int param_2)	ANALYSIS	__thiscall	__thiscall	RecoveredReceiver_00633770	/SubmarineTitans/Recovered/HiddenThis/RecoveredReceiver_00633770	177	4		1	1	0	0	0	8	medium	incoming_receiver_captures=0; entry_receiver_register_captures=1; receiver_accesses=22; receiver_bulk_copies=0; incoming_edx_uses=0; calls=1; ecx_pointer_setup=1; ecx_scalar_setup=0; caller_cleanup_calls=0; callee_ret_pop=[8]; expected_stack=8; receiver_family_members=4; same_this_callees=0; adopt_untyped_existing_thiscall; single_call_corroborated_by_receiver_family	3
0	0	0	0	0	00635A40	FUN_00635a40	DEFAULT	undefined __thiscall FUN_00635a40(void * this, int param_1)	ANALYSIS	__thiscall	__thiscall	RecoveredReceiver_00633770	/SubmarineTitans/Recovered/HiddenThis/RecoveredReceiver_00633770	177	4		1	1	0	0	0	4	medium	incoming_receiver_captures=1; entry_receiver_register_captures=0; receiver_accesses=2; receiver_bulk_copies=0; incoming_edx_uses=0; calls=1; ecx_pointer_setup=1; ecx_scalar_setup=0; caller_cleanup_calls=0; callee_ret_pop=[4]; expected_stack=4; receiver_family_members=4; same_this_callees=0; adopt_untyped_existing_thiscall	3
0	0	0	0	0	00636060	FUN_00636060	DEFAULT	void __thiscall FUN_00636060(void * this, int param_1, int param_2, int param_3, int param_4, int param_5)	ANALYSIS	__thiscall	__thiscall	RecoveredReceiver_00633770	/SubmarineTitans/Recovered/HiddenThis/RecoveredReceiver_00633770	177	4		3	0	0	0	0	20	review	incoming_receiver_captures=0; entry_receiver_register_captures=1; receiver_accesses=10; receiver_bulk_copies=0; incoming_edx_uses=0; calls=3; ecx_pointer_setup=0; ecx_scalar_setup=0; caller_cleanup_calls=0; callee_ret_pop=[20]; expected_stack=20; receiver_family_members=4; same_this_callees=3; adopt_untyped_existing_thiscall	3
0	0	0	0	0	00636260	SubmarineTitans::Recovered::HiddenThis::RecoveredReceiver_00636260::FUN_00636260	DEFAULT	undefined4 __thiscall FUN_00636260(RecoveredReceiver_00636260 * this, uint param_1, int param_2, int param_3, int param_4, int param_5, int param_6, int param_7)	ANALYSIS	__thiscall	__thiscall	RecoveredReceiver_00636260	/SubmarineTitans/Recovered/HiddenThis/RecoveredReceiver_00636260	52	2		2	2	0	0	0	28	high	incoming_receiver_captures=1; entry_receiver_register_captures=1; receiver_accesses=16; receiver_bulk_copies=0; incoming_edx_uses=0; calls=2; ecx_pointer_setup=2; ecx_scalar_setup=0; caller_cleanup_calls=0; callee_ret_pop=[28]; expected_stack=28; receiver_family_members=2; same_this_callees=2; previously_applied	3
0	0	0	0	0	00638CA0	FUN_00638ca0	DEFAULT	int __thiscall FUN_00638ca0(void * this, STMessage * message)	ANALYSIS	__thiscall	__thiscall	RecoveredReceiver_00638CA0	/SubmarineTitans/Recovered/HiddenThis/RecoveredReceiver_00638CA0	4	1		1	0	0	0	0	4	review	incoming_receiver_captures=0; entry_receiver_register_captures=1; receiver_accesses=0; receiver_bulk_copies=0; incoming_edx_uses=0; calls=1; ecx_pointer_setup=0; ecx_scalar_setup=0; caller_cleanup_calls=0; callee_ret_pop=[4]; expected_stack=4; receiver_family_members=1; same_this_callees=1; single_function_field_only_receiver_kept_neutral; adopt_untyped_existing_thiscall	3
0	0	0	0	0	00639500	FUN_00639500	DEFAULT	undefined __thiscall FUN_00639500(void * this, undefined4 param_1)	ANALYSIS	__thiscall	__thiscall	RecoveredReceiver_00639500	/SubmarineTitans/Recovered/HiddenThis/RecoveredReceiver_00639500	679	1		1	1	0	0	0	4	medium	incoming_receiver_captures=0; entry_receiver_register_captures=1; receiver_accesses=18; receiver_bulk_copies=0; incoming_edx_uses=0; calls=1; ecx_pointer_setup=1; ecx_scalar_setup=0; caller_cleanup_calls=0; callee_ret_pop=[4]; expected_stack=4; receiver_family_members=1; same_this_callees=0; single_function_field_only_receiver_kept_neutral; adopt_untyped_existing_thiscall	3
0	0	0	0	0	00639670	FUN_00639670	DEFAULT	uint __thiscall FUN_00639670(void * this, int param_1)	ANALYSIS	__thiscall	__thiscall	RecoveredReceiver_00639670	/SubmarineTitans/Recovered/HiddenThis/RecoveredReceiver_00639670	679	1		1	1	0	0	0	4	medium	incoming_receiver_captures=0; entry_receiver_register_captures=1; receiver_accesses=1; receiver_bulk_copies=0; incoming_edx_uses=1; calls=1; ecx_pointer_setup=1; ecx_scalar_setup=0; caller_cleanup_calls=0; callee_ret_pop=[4]; expected_stack=4; receiver_family_members=1; same_this_callees=0; single_function_field_only_receiver_kept_neutral; adopt_untyped_existing_thiscall	3
0	0	0	0	0	00639BF0	FUN_00639bf0	DEFAULT	void __thiscall FUN_00639bf0(void * this, undefined4 * param_1)	ANALYSIS	__thiscall	__thiscall	RecoveredReceiver_00639BF0	/SubmarineTitans/Recovered/HiddenThis/RecoveredReceiver_00639BF0	577	1		1	1	0	0	0	4	medium	incoming_receiver_captures=0; entry_receiver_register_captures=0; receiver_accesses=1; receiver_bulk_copies=0; incoming_edx_uses=0; calls=1; ecx_pointer_setup=1; ecx_scalar_setup=0; caller_cleanup_calls=0; callee_ret_pop=[4]; expected_stack=4; receiver_family_members=1; same_this_callees=0; single_function_field_only_receiver_kept_neutral; adopt_untyped_existing_thiscall	3
0	0	0	0	0	00639C90	FUN_00639c90	DEFAULT	int __thiscall FUN_00639c90(void * this, STMessage * message)	ANALYSIS	__thiscall	__thiscall	RecoveredReceiver_00639C90	/SubmarineTitans/Recovered/HiddenThis/RecoveredReceiver_00639C90	4	1		1	0	0	0	0	4	review	incoming_receiver_captures=0; entry_receiver_register_captures=1; receiver_accesses=0; receiver_bulk_copies=0; incoming_edx_uses=0; calls=1; ecx_pointer_setup=0; ecx_scalar_setup=0; caller_cleanup_calls=0; callee_ret_pop=[4]; expected_stack=4; receiver_family_members=1; same_this_callees=1; single_function_field_only_receiver_kept_neutral; adopt_untyped_existing_thiscall	3
0	0	0	0	0	0063C030	FUN_0063c030	DEFAULT	undefined __thiscall FUN_0063c030(void * this, undefined4 param_1)	ANALYSIS	__thiscall	__thiscall	RecoveredReceiver_0063C030	/SubmarineTitans/Recovered/HiddenThis/RecoveredReceiver_0063C030	671	1		1	1	0	0	0	4	medium	incoming_receiver_captures=0; entry_receiver_register_captures=0; receiver_accesses=21; receiver_bulk_copies=0; incoming_edx_uses=0; calls=1; ecx_pointer_setup=1; ecx_scalar_setup=0; caller_cleanup_calls=0; callee_ret_pop=[4]; expected_stack=4; receiver_family_members=1; same_this_callees=0; single_function_field_only_receiver_kept_neutral; adopt_untyped_existing_thiscall	3
0	0	0	0	0	0063C170	FUN_0063c170	DEFAULT	uint __thiscall FUN_0063c170(void * this, int param_1)	ANALYSIS	__thiscall	__thiscall	RecoveredReceiver_0063C170	/SubmarineTitans/Recovered/HiddenThis/RecoveredReceiver_0063C170	658	1		1	1	0	0	0	4	medium	incoming_receiver_captures=0; entry_receiver_register_captures=1; receiver_accesses=5; receiver_bulk_copies=0; incoming_edx_uses=0; calls=1; ecx_pointer_setup=1; ecx_scalar_setup=0; caller_cleanup_calls=0; callee_ret_pop=[4]; expected_stack=4; receiver_family_members=1; same_this_callees=0; single_function_field_only_receiver_kept_neutral; adopt_untyped_existing_thiscall	3
0	0	0	0	0	0063C380	FUN_0063c380	DEFAULT	uint __thiscall FUN_0063c380(void * this, int param_1)	ANALYSIS	__thiscall	__thiscall	RecoveredReceiver_0063C380	/SubmarineTitans/Recovered/HiddenThis/RecoveredReceiver_0063C380	666	1		1	1	0	0	0	4	medium	incoming_receiver_captures=0; entry_receiver_register_captures=0; receiver_accesses=9; receiver_bulk_copies=0; incoming_edx_uses=0; calls=1; ecx_pointer_setup=1; ecx_scalar_setup=0; caller_cleanup_calls=0; callee_ret_pop=[4]; expected_stack=4; receiver_family_members=1; same_this_callees=0; single_function_field_only_receiver_kept_neutral; adopt_untyped_existing_thiscall	3
0	0	0	0	0	0063C4A0	FUN_0063c4a0	DEFAULT	int __thiscall FUN_0063c4a0(void * this, int param_1)	ANALYSIS	__thiscall	__thiscall	RecoveredReceiver_0063C4A0	/SubmarineTitans/Recovered/HiddenThis/RecoveredReceiver_0063C4A0	662	1		1	1	0	0	0	4	medium	incoming_receiver_captures=0; entry_receiver_register_captures=0; receiver_accesses=6; receiver_bulk_copies=0; incoming_edx_uses=0; calls=1; ecx_pointer_setup=1; ecx_scalar_setup=0; caller_cleanup_calls=0; callee_ret_pop=[4]; expected_stack=4; receiver_family_members=1; same_this_callees=0; single_function_field_only_receiver_kept_neutral; adopt_untyped_existing_thiscall	3
0	0	0	0	0	0063C510	FUN_0063c510	DEFAULT	int __thiscall FUN_0063c510(void * this, int param_1)	ANALYSIS	__thiscall	__thiscall	RecoveredReceiver_0063C510	/SubmarineTitans/Recovered/HiddenThis/RecoveredReceiver_0063C510	671	1		2	2	0	0	0	4	medium	incoming_receiver_captures=0; entry_receiver_register_captures=1; receiver_accesses=22; receiver_bulk_copies=0; incoming_edx_uses=1; calls=2; ecx_pointer_setup=2; ecx_scalar_setup=0; caller_cleanup_calls=0; callee_ret_pop=[4]; expected_stack=4; receiver_family_members=1; same_this_callees=1; single_function_field_only_receiver_kept_neutral; adopt_untyped_existing_thiscall	3
0	0	0	0	0	0063C8F0	FUN_0063c8f0	DEFAULT	int __thiscall FUN_0063c8f0(void * this, int param_1)	ANALYSIS	__thiscall	__thiscall	RecoveredReceiver_0063C8F0	/SubmarineTitans/Recovered/HiddenThis/RecoveredReceiver_0063C8F0	671	1		0	0	0	0	0	4	review	incoming_receiver_captures=0; entry_receiver_register_captures=1; receiver_accesses=23; receiver_bulk_copies=0; incoming_edx_uses=0; calls=0; ecx_pointer_setup=0; ecx_scalar_setup=0; caller_cleanup_calls=0; callee_ret_pop=[4]; expected_stack=4; receiver_family_members=1; same_this_callees=1; single_function_field_only_receiver_kept_neutral; adopt_untyped_existing_thiscall	3
0	0	0	0	0	0063CA50	FUN_0063ca50	DEFAULT	undefined4 __thiscall FUN_0063ca50(void * this, undefined4 param_1)	ANALYSIS	__thiscall	__thiscall	RecoveredReceiver_0063CA50	/SubmarineTitans/Recovered/HiddenThis/RecoveredReceiver_0063CA50	670	1		0	0	0	0	0	4	review	incoming_receiver_captures=0; entry_receiver_register_captures=0; receiver_accesses=17; receiver_bulk_copies=0; incoming_edx_uses=0; calls=0; ecx_pointer_setup=0; ecx_scalar_setup=0; caller_cleanup_calls=0; callee_ret_pop=[4]; expected_stack=4; receiver_family_members=1; same_this_callees=0; single_function_field_only_receiver_kept_neutral; adopt_untyped_existing_thiscall	3
0	0	0	0	0	0063CC50	FUN_0063cc50	DEFAULT	undefined4 __thiscall FUN_0063cc50(void * this, int param_1)	ANALYSIS	__thiscall	__thiscall	RecoveredReceiver_0063CC50	/SubmarineTitans/Recovered/HiddenThis/RecoveredReceiver_0063CC50	624	1		1	1	0	0	0	4	medium	incoming_receiver_captures=0; entry_receiver_register_captures=1; receiver_accesses=4; receiver_bulk_copies=0; incoming_edx_uses=0; calls=1; ecx_pointer_setup=1; ecx_scalar_setup=0; caller_cleanup_calls=0; callee_ret_pop=[4]; expected_stack=4; receiver_family_members=1; same_this_callees=0; single_function_field_only_receiver_kept_neutral; adopt_untyped_existing_thiscall	3
0	0	0	0	0	0063CFF0	FUN_0063cff0	DEFAULT	undefined4 * __thiscall FUN_0063cff0(void * this, int * param_1)	ANALYSIS	__thiscall	__thiscall	RecoveredReceiver_0063CFF0	/SubmarineTitans/Recovered/HiddenThis/RecoveredReceiver_0063CFF0	826	1		1	1	0	0	0	4	medium	incoming_receiver_captures=0; entry_receiver_register_captures=1; receiver_accesses=4; receiver_bulk_copies=0; incoming_edx_uses=0; calls=1; ecx_pointer_setup=1; ecx_scalar_setup=0; caller_cleanup_calls=0; callee_ret_pop=[4]; expected_stack=4; receiver_family_members=1; same_this_callees=0; single_function_field_only_receiver_kept_neutral; adopt_untyped_existing_thiscall	3
0	0	0	0	0	0063D100	FUN_0063d100	DEFAULT	undefined __thiscall FUN_0063d100(void * this, undefined4 * param_1)	ANALYSIS	__thiscall	__thiscall	RecoveredReceiver_00416240	/SubmarineTitans/Recovered/HiddenThis/RecoveredReceiver_00416240	855	2		1	1	0	0	0	4	medium	incoming_receiver_captures=0; entry_receiver_register_captures=1; receiver_accesses=12; receiver_bulk_copies=0; incoming_edx_uses=0; calls=1; ecx_pointer_setup=1; ecx_scalar_setup=0; caller_cleanup_calls=0; callee_ret_pop=[4]; expected_stack=4; receiver_family_members=2; same_this_callees=4; adopt_untyped_existing_thiscall; single_call_corroborated_by_receiver_family	3
0	0	0	0	0	0063D460	FUN_0063d460	DEFAULT	void __thiscall FUN_0063d460(void * this, undefined4 param_1, undefined4 param_2, int param_3, int param_4)	ANALYSIS	__thiscall	__thiscall	RecoveredReceiver_0063D460	/SubmarineTitans/Recovered/HiddenThis/RecoveredReceiver_0063D460	818	1		3	3	0	0	0	16	medium	incoming_receiver_captures=0; entry_receiver_register_captures=1; receiver_accesses=12; receiver_bulk_copies=0; incoming_edx_uses=0; calls=3; ecx_pointer_setup=3; ecx_scalar_setup=0; caller_cleanup_calls=0; callee_ret_pop=[16]; expected_stack=16; receiver_family_members=1; same_this_callees=0; single_function_field_only_receiver_kept_neutral; adopt_untyped_existing_thiscall	3
0	0	0	0	0	0063D660	FUN_0063d660	DEFAULT	undefined4 __thiscall FUN_0063d660(void * this, char param_1)	ANALYSIS	__thiscall	__thiscall	RecoveredReceiver_0063D660	/SubmarineTitans/Recovered/HiddenThis/RecoveredReceiver_0063D660	826	1		3	3	0	0	0	4	medium	incoming_receiver_captures=0; entry_receiver_register_captures=1; receiver_accesses=16; receiver_bulk_copies=0; incoming_edx_uses=0; calls=3; ecx_pointer_setup=3; ecx_scalar_setup=0; caller_cleanup_calls=0; callee_ret_pop=[4]; expected_stack=4; receiver_family_members=1; same_this_callees=0; single_function_field_only_receiver_kept_neutral; adopt_untyped_existing_thiscall	3
0	0	0	0	0	0063DE20	FUN_0063de20	DEFAULT	void __thiscall FUN_0063de20(void * this, int soundId)	ANALYSIS	__thiscall	__thiscall	RecoveredReceiver_0063DE20	/SubmarineTitans/Recovered/HiddenThis/RecoveredReceiver_0063DE20	622	1		3	3	0	0	0	4	medium	incoming_receiver_captures=0; entry_receiver_register_captures=0; receiver_accesses=3; receiver_bulk_copies=0; incoming_edx_uses=0; calls=3; ecx_pointer_setup=3; ecx_scalar_setup=0; caller_cleanup_calls=0; callee_ret_pop=[4]; expected_stack=4; receiver_family_members=1; same_this_callees=0; single_function_field_only_receiver_kept_neutral; adopt_untyped_existing_thiscall	3
0	0	0	0	0	0063E700	FUN_0063e700	DEFAULT	int __thiscall FUN_0063e700(void * this, int param_1, int param_2, int param_3)	ANALYSIS	__thiscall	__thiscall	RecoveredReceiver_0063E700	/SubmarineTitans/Recovered/HiddenThis/RecoveredReceiver_0063E700	611	1		1	1	0	0	0	12	medium	incoming_receiver_captures=0; entry_receiver_register_captures=1; receiver_accesses=6; receiver_bulk_copies=0; incoming_edx_uses=0; calls=1; ecx_pointer_setup=1; ecx_scalar_setup=0; caller_cleanup_calls=0; callee_ret_pop=[16]; expected_stack=12; receiver_family_members=1; same_this_callees=0; stack_discipline_mismatch; single_function_field_only_receiver_kept_neutral; adopt_untyped_existing_thiscall	3
0	0	0	0	0	0063E9C0	FUN_0063e9c0	DEFAULT	void __thiscall FUN_0063e9c0(void * this, int param_1)	ANALYSIS	__thiscall	__thiscall	RecoveredReceiver_0063E9C0	/SubmarineTitans/Recovered/HiddenThis/RecoveredReceiver_0063E9C0	826	1		2	2	0	0	0	4	medium	incoming_receiver_captures=0; entry_receiver_register_captures=1; receiver_accesses=43; receiver_bulk_copies=0; incoming_edx_uses=1; calls=2; ecx_pointer_setup=2; ecx_scalar_setup=0; caller_cleanup_calls=0; callee_ret_pop=[4]; expected_stack=4; receiver_family_members=1; same_this_callees=0; single_function_field_only_receiver_kept_neutral; adopt_untyped_existing_thiscall	3
0	0	0	0	0	0063FE70	FUN_0063fe70	DEFAULT	undefined __thiscall FUN_0063fe70(void * this, char param_1)	ANALYSIS	__thiscall	__thiscall	RecoveredReceiver_0063FE70	/SubmarineTitans/Recovered/HiddenThis/RecoveredReceiver_0063FE70	899	1		1	1	0	0	0	4	medium	incoming_receiver_captures=0; entry_receiver_register_captures=1; receiver_accesses=11; receiver_bulk_copies=0; incoming_edx_uses=0; calls=1; ecx_pointer_setup=1; ecx_scalar_setup=0; caller_cleanup_calls=0; callee_ret_pop=[4]; expected_stack=4; receiver_family_members=1; same_this_callees=0; single_function_field_only_receiver_kept_neutral; adopt_untyped_existing_thiscall	3
0	0	0	0	0	00640170	FUN_00640170	DEFAULT	undefined4 __thiscall FUN_00640170(void * this, int param_1, int param_2, undefined4 param_3)	ANALYSIS	__thiscall	__thiscall	RecoveredReceiver_00640170	/SubmarineTitans/Recovered/HiddenThis/RecoveredReceiver_00640170	899	1		1	1	0	0	0	12	medium	incoming_receiver_captures=0; entry_receiver_register_captures=0; receiver_accesses=8; receiver_bulk_copies=0; incoming_edx_uses=0; calls=1; ecx_pointer_setup=1; ecx_scalar_setup=0; caller_cleanup_calls=0; callee_ret_pop=[12]; expected_stack=12; receiver_family_members=1; same_this_callees=0; single_function_field_only_receiver_kept_neutral; adopt_untyped_existing_thiscall	3
0	0	0	0	0	00640390	FUN_00640390	DEFAULT	void __thiscall FUN_00640390(void * this, int param_1)	ANALYSIS	__thiscall	__thiscall	RecoveredReceiver_00640390	/SubmarineTitans/Recovered/HiddenThis/RecoveredReceiver_00640390	838	1		5	5	0	0	0	4	medium	incoming_receiver_captures=0; entry_receiver_register_captures=1; receiver_accesses=14; receiver_bulk_copies=0; incoming_edx_uses=0; calls=5; ecx_pointer_setup=5; ecx_scalar_setup=0; caller_cleanup_calls=0; callee_ret_pop=[4]; expected_stack=4; receiver_family_members=1; same_this_callees=0; single_function_field_only_receiver_kept_neutral; adopt_untyped_existing_thiscall	3
0	0	0	0	0	006404B0	FUN_006404b0	DEFAULT	undefined __thiscall FUN_006404b0(void * this, int param_1, int param_2, uint param_3)	ANALYSIS	__thiscall	__thiscall	RecoveredReceiver_006404B0	/SubmarineTitans/Recovered/HiddenThis/RecoveredReceiver_006404B0	585	1		1	1	0	0	0	12	medium	incoming_receiver_captures=0; entry_receiver_register_captures=0; receiver_accesses=2; receiver_bulk_copies=0; incoming_edx_uses=0; calls=1; ecx_pointer_setup=1; ecx_scalar_setup=0; caller_cleanup_calls=0; callee_ret_pop=[12]; expected_stack=12; receiver_family_members=1; same_this_callees=0; single_function_field_only_receiver_kept_neutral; adopt_untyped_existing_thiscall	3
0	0	0	0	0	006443C0	FUN_006443c0	DEFAULT	undefined __thiscall FUN_006443c0(void * this, short * param_1, short * param_2, short * param_3)	ANALYSIS	__thiscall	__thiscall	RecoveredReceiver_006443C0	/SubmarineTitans/Recovered/HiddenThis/RecoveredReceiver_006443C0	64	1		1	1	0	0	0	12	medium	incoming_receiver_captures=0; entry_receiver_register_captures=0; receiver_accesses=6; receiver_bulk_copies=0; incoming_edx_uses=0; calls=1; ecx_pointer_setup=1; ecx_scalar_setup=0; caller_cleanup_calls=0; callee_ret_pop=[12]; expected_stack=12; receiver_family_members=1; same_this_callees=0; single_function_field_only_receiver_kept_neutral; adopt_untyped_existing_thiscall	3
0	0	0	0	0	00644410	SubmarineTitans::Recovered::HiddenThis::RecoveredReceiver_00644410::FUN_00644410	DEFAULT	undefined __thiscall FUN_00644410(RecoveredReceiver_00644410 * this, undefined4 * param_1, int * param_2, int * param_3, int * param_4)	ANALYSIS	__thiscall	__thiscall	RecoveredReceiver_00644410	/SubmarineTitans/Recovered/HiddenThis/RecoveredReceiver_00644410	648	1		1	1	0	0	0	16	high	incoming_receiver_captures=1; entry_receiver_register_captures=1; receiver_accesses=28; receiver_bulk_copies=0; incoming_edx_uses=0; calls=1; ecx_pointer_setup=1; ecx_scalar_setup=0; caller_cleanup_calls=0; callee_ret_pop=[16]; expected_stack=16; receiver_family_members=1; same_this_callees=1; single_function_field_only_receiver_kept_neutral; previously_applied	3
0	0	0	0	0	006473E0	FUN_006473e0	DEFAULT	void __thiscall FUN_006473e0(void * this, undefined4 param_1)	ANALYSIS	__thiscall	__thiscall	RecoveredReceiver_006473E0	/SubmarineTitans/Recovered/HiddenThis/RecoveredReceiver_006473E0	84	2		2	2	0	0	0	4	medium	incoming_receiver_captures=0; entry_receiver_register_captures=1; receiver_accesses=6; receiver_bulk_copies=0; incoming_edx_uses=0; calls=2; ecx_pointer_setup=2; ecx_scalar_setup=0; caller_cleanup_calls=0; callee_ret_pop=[4]; expected_stack=4; receiver_family_members=2; same_this_callees=1; adopt_untyped_existing_thiscall	3
0	0	0	0	0	00647A60	FUN_00647a60	DEFAULT	void __thiscall FUN_00647a60(void * this, int soundId)	ANALYSIS	__thiscall	__thiscall	RecoveredReceiver_006473E0	/SubmarineTitans/Recovered/HiddenThis/RecoveredReceiver_006473E0	84	2		3	3	0	0	0	4	medium	incoming_receiver_captures=0; entry_receiver_register_captures=0; receiver_accesses=3; receiver_bulk_copies=0; incoming_edx_uses=0; calls=3; ecx_pointer_setup=3; ecx_scalar_setup=0; caller_cleanup_calls=0; callee_ret_pop=[4]; expected_stack=4; receiver_family_members=2; same_this_callees=0; adopt_untyped_existing_thiscall	3
0	0	0	0	0	00647BA0	FUN_00647ba0	DEFAULT	undefined4 __thiscall FUN_00647ba0(void * this, RecoveredRecord_00647BA0_F0CA3D39 * param_1)	ANALYSIS	__thiscall	__thiscall	RecoveredReceiver_00647BA0	/SubmarineTitans/Recovered/HiddenThis/RecoveredReceiver_00647BA0	1254	1		1	0	0	0	0	4	review	incoming_receiver_captures=0; entry_receiver_register_captures=0; receiver_accesses=1; receiver_bulk_copies=0; incoming_edx_uses=0; calls=1; ecx_pointer_setup=0; ecx_scalar_setup=0; caller_cleanup_calls=0; callee_ret_pop=[4]; expected_stack=4; receiver_family_members=1; same_this_callees=0; single_function_field_only_receiver_kept_neutral; adopt_untyped_existing_thiscall	3
0	0	0	0	0	00647BE0	FUN_00647be0	DEFAULT	int __thiscall FUN_00647be0(void * this, char * param_1)	ANALYSIS	__thiscall	__thiscall	RecoveredReceiver_00647BE0	/SubmarineTitans/Recovered/HiddenThis/RecoveredReceiver_00647BE0	1254	1		1	0	0	0	0	4	review	incoming_receiver_captures=0; entry_receiver_register_captures=0; receiver_accesses=1; receiver_bulk_copies=0; incoming_edx_uses=0; calls=1; ecx_pointer_setup=0; ecx_scalar_setup=0; caller_cleanup_calls=0; callee_ret_pop=[4]; expected_stack=4; receiver_family_members=1; same_this_callees=0; single_function_field_only_receiver_kept_neutral; adopt_untyped_existing_thiscall	3
0	0	0	0	0	00647C10	FUN_00647c10	DEFAULT	int __thiscall FUN_00647c10(void * this, int param_1, int param_2)	ANALYSIS	__thiscall	__thiscall	RecoveredReceiver_00647C10	/SubmarineTitans/Recovered/HiddenThis/RecoveredReceiver_00647C10	140	1		1	0	0	0	0	8	review	incoming_receiver_captures=0; entry_receiver_register_captures=0; receiver_accesses=3; receiver_bulk_copies=0; incoming_edx_uses=0; calls=1; ecx_pointer_setup=0; ecx_scalar_setup=0; caller_cleanup_calls=0; callee_ret_pop=[8]; expected_stack=8; receiver_family_members=1; same_this_callees=0; single_function_field_only_receiver_kept_neutral; adopt_untyped_existing_thiscall	3
0	0	0	0	0	00647D50	FUN_00647d50	DEFAULT	undefined4 __thiscall FUN_00647d50(void * this, int param_1)	ANALYSIS	__thiscall	__thiscall	RecoveredReceiver_00647D50	/SubmarineTitans/Recovered/HiddenThis/RecoveredReceiver_00647D50	1463	1		1	0	0	0	0	4	review	incoming_receiver_captures=0; entry_receiver_register_captures=0; receiver_accesses=1; receiver_bulk_copies=0; incoming_edx_uses=0; calls=1; ecx_pointer_setup=0; ecx_scalar_setup=0; caller_cleanup_calls=0; callee_ret_pop=[4]; expected_stack=4; receiver_family_members=1; same_this_callees=0; single_function_field_only_receiver_kept_neutral; adopt_untyped_existing_thiscall	3
0	0	0	0	0	0064A970	SubmarineTitans::Recovered::HiddenThis::RecoveredReceiver_0064A970::FUN_0064a970	DEFAULT	float * __thiscall FUN_0064a970(RecoveredReceiver_0064A970 * this, char * param_1, int param_2, int * param_3)	ANALYSIS	__thiscall	__thiscall	RecoveredReceiver_0064A970	/SubmarineTitans/Recovered/HiddenThis/RecoveredReceiver_0064A970	136	4	0x0,0x4,0x8,0xC,0x10,0x14,0x18,0x1C,0x24,0x28,0x2C	2	2	0	0	0	12	high	incoming_receiver_captures=1; entry_receiver_register_captures=0; receiver_accesses=3; receiver_bulk_copies=0; incoming_edx_uses=0; calls=2; ecx_pointer_setup=2; ecx_scalar_setup=0; caller_cleanup_calls=0; callee_ret_pop=[12]; expected_stack=12; receiver_family_members=4; same_this_callees=0; previously_applied	3
0	0	0	0	0	0064D0E0	FUN_0064d0e0	DEFAULT	void __thiscall FUN_0064d0e0(void * this, int param_1, char * param_2, undefined4 param_3, int param_4)	ANALYSIS	__thiscall	__thiscall	RecoveredReceiver_0064D0E0	/SubmarineTitans/Recovered/HiddenThis/RecoveredReceiver_0064D0E0	4	1		79	79	0	0	0	16	medium	incoming_receiver_captures=0; entry_receiver_register_captures=1; receiver_accesses=0; receiver_bulk_copies=0; incoming_edx_uses=0; calls=79; ecx_pointer_setup=79; ecx_scalar_setup=0; caller_cleanup_calls=0; callee_ret_pop=[16]; expected_stack=16; receiver_family_members=1; same_this_callees=0; single_function_field_only_receiver_kept_neutral; adopt_untyped_existing_thiscall	3
0	0	0	0	0	0064E510	FUN_0064e510	DEFAULT	int __thiscall FUN_0064e510(void * this, int param_1)	ANALYSIS	__thiscall	__thiscall	RecoveredReceiver_0064E510	/SubmarineTitans/Recovered/HiddenThis/RecoveredReceiver_0064E510	1266	2		5	3	1	0	0	4	review	incoming_receiver_captures=0; entry_receiver_register_captures=0; receiver_accesses=1; receiver_bulk_copies=0; incoming_edx_uses=0; calls=5; ecx_pointer_setup=3; ecx_scalar_setup=1; caller_cleanup_calls=0; callee_ret_pop=[4]; expected_stack=4; receiver_family_members=2; same_this_callees=0; adopt_untyped_existing_thiscall	3
0	0	0	0	0	0065BD20	FUN_0065bd20	DEFAULT	undefined __thiscall FUN_0065bd20(void * this, byte param_1, ushort param_2, ushort param_3, ushort param_4, undefined4 param_5)	ANALYSIS	__thiscall	__thiscall	RecoveredReceiver_0065BD20	/SubmarineTitans/Recovered/HiddenThis/RecoveredReceiver_0065BD20	1665	1		1	1	0	0	0	20	medium	incoming_receiver_captures=0; entry_receiver_register_captures=0; receiver_accesses=5; receiver_bulk_copies=0; incoming_edx_uses=0; calls=1; ecx_pointer_setup=1; ecx_scalar_setup=0; caller_cleanup_calls=0; callee_ret_pop=[20]; expected_stack=20; receiver_family_members=1; same_this_callees=0; single_function_field_only_receiver_kept_neutral; adopt_untyped_existing_thiscall	3
0	0	0	0	0	0065D940	FUN_0065d940	DEFAULT	void __thiscall FUN_0065d940(void * this, DArrayTy * param_1, int param_2)	ANALYSIS	__thiscall	__thiscall	RecoveredReceiver_0065D940	/SubmarineTitans/Recovered/HiddenThis/RecoveredReceiver_0065D940	37	1		4	4	0	0	0	8	medium	incoming_receiver_captures=0; entry_receiver_register_captures=1; receiver_accesses=1; receiver_bulk_copies=0; incoming_edx_uses=0; calls=4; ecx_pointer_setup=4; ecx_scalar_setup=0; caller_cleanup_calls=0; callee_ret_pop=[8]; expected_stack=8; receiver_family_members=1; same_this_callees=1; single_function_field_only_receiver_kept_neutral; adopt_untyped_existing_thiscall	3
0	0	0	0	0	0065DA50	SubmarineTitans::Recovered::HiddenThis::RecoveredReceiver_0065DA50::FUN_0065da50	DEFAULT	uint __thiscall FUN_0065da50(RecoveredReceiver_0065DA50 * this, int param_1, char param_2)	ANALYSIS	__thiscall	__thiscall	RecoveredReceiver_0065DA50	/SubmarineTitans/Recovered/HiddenThis/RecoveredReceiver_0065DA50	130	1		3	3	0	0	0	8	high	incoming_receiver_captures=1; entry_receiver_register_captures=1; receiver_accesses=5; receiver_bulk_copies=0; incoming_edx_uses=0; calls=3; ecx_pointer_setup=3; ecx_scalar_setup=0; caller_cleanup_calls=0; callee_ret_pop=[8]; expected_stack=8; receiver_family_members=1; same_this_callees=0; single_function_field_only_receiver_kept_neutral; previously_applied	3
0	0	0	0	0	0065E9A0	FUN_0065e9a0	DEFAULT	undefined4 __thiscall FUN_0065e9a0(void * this, short * param_1, short * param_2, uint param_3, uint param_4, byte * param_5, undefined4 param_6, int param_7)	ANALYSIS	__thiscall	__thiscall	RecoveredReceiver_0065E9A0	/SubmarineTitans/Recovered/HiddenThis/RecoveredReceiver_0065E9A0	155	1		2	2	0	0	0	28	medium	incoming_receiver_captures=1; entry_receiver_register_captures=0; receiver_accesses=1; receiver_bulk_copies=0; incoming_edx_uses=0; calls=2; ecx_pointer_setup=2; ecx_scalar_setup=0; caller_cleanup_calls=0; callee_ret_pop=[28]; expected_stack=28; receiver_family_members=1; same_this_callees=0; single_function_field_only_receiver_kept_neutral; adopt_untyped_existing_thiscall	3
0	0	0	0	0	0065EB70	FUN_0065eb70	DEFAULT	int __thiscall FUN_0065eb70(void * this, uint param_1, int param_2, uint * param_3, uint param_4, uint param_5, byte * param_6, undefined4 param_7)	ANALYSIS	__thiscall	__thiscall	RecoveredReceiver_0065EB70	/SubmarineTitans/Recovered/HiddenThis/RecoveredReceiver_0065EB70	155	1		1	1	0	0	0	28	medium	incoming_receiver_captures=1; entry_receiver_register_captures=0; receiver_accesses=1; receiver_bulk_copies=0; incoming_edx_uses=0; calls=1; ecx_pointer_setup=1; ecx_scalar_setup=0; caller_cleanup_calls=0; callee_ret_pop=[28]; expected_stack=28; receiver_family_members=1; same_this_callees=0; single_function_field_only_receiver_kept_neutral; adopt_untyped_existing_thiscall	3
0	0	0	0	0	0065ED90	SubmarineTitans::Recovered::HiddenThis::RecoveredReceiver_0065ED90::FUN_0065ed90	DEFAULT	int __thiscall FUN_0065ed90(RecoveredReceiver_0065ED90 * this, short * param_1, short * param_2, int param_3)	ANALYSIS	__thiscall	__thiscall	RecoveredReceiver_0065ED90	/SubmarineTitans/Recovered/HiddenThis/RecoveredReceiver_0065ED90	32	1		7	7	0	0	0	12	high	incoming_receiver_captures=1; entry_receiver_register_captures=0; receiver_accesses=4; receiver_bulk_copies=0; incoming_edx_uses=0; calls=7; ecx_pointer_setup=7; ecx_scalar_setup=0; caller_cleanup_calls=0; callee_ret_pop=[12]; expected_stack=12; receiver_family_members=1; same_this_callees=1; single_function_field_only_receiver_kept_neutral; previously_applied	3
0	0	0	0	0	0065FD50	FUN_0065fd50	DEFAULT	undefined4 __thiscall FUN_0065fd50(void * this, int param_1, int param_2, short param_3, undefined4 param_4)	ANALYSIS	__thiscall	__thiscall	RecoveredReceiver_0065FD50	/SubmarineTitans/Recovered/HiddenThis/RecoveredReceiver_0065FD50	171	1		4	4	0	0	0	16	medium	incoming_receiver_captures=0; entry_receiver_register_captures=1; receiver_accesses=3; receiver_bulk_copies=0; incoming_edx_uses=0; calls=4; ecx_pointer_setup=4; ecx_scalar_setup=0; caller_cleanup_calls=0; callee_ret_pop=[16]; expected_stack=16; receiver_family_members=1; same_this_callees=0; single_function_field_only_receiver_kept_neutral; adopt_untyped_existing_thiscall	3
0	0	0	0	0	00660180	SubmarineTitans::Recovered::HiddenThis::RecoveredReceiver_00660180::FUN_00660180	DEFAULT	undefined4 __thiscall FUN_00660180(RecoveredReceiver_00660180 * this, short * param_1, char param_2)	ANALYSIS	__thiscall	__thiscall	RecoveredReceiver_00660180	/SubmarineTitans/Recovered/HiddenThis/RecoveredReceiver_00660180	171	1		14	14	0	0	0	8	high	incoming_receiver_captures=1; entry_receiver_register_captures=0; receiver_accesses=5; receiver_bulk_copies=0; incoming_edx_uses=0; calls=14; ecx_pointer_setup=14; ecx_scalar_setup=0; caller_cleanup_calls=0; callee_ret_pop=[8]; expected_stack=8; receiver_family_members=1; same_this_callees=0; single_function_field_only_receiver_kept_neutral; previously_applied	3
0	0	0	0	0	00660420	FUN_00660420	DEFAULT	undefined4 __thiscall FUN_00660420(void * this, undefined4 param_1)	ANALYSIS	__thiscall	__thiscall	RecoveredReceiver_00660420	/SubmarineTitans/Recovered/HiddenThis/RecoveredReceiver_00660420	171	1		1	1	0	0	0	4	medium	incoming_receiver_captures=0; entry_receiver_register_captures=0; receiver_accesses=3; receiver_bulk_copies=0; incoming_edx_uses=0; calls=1; ecx_pointer_setup=1; ecx_scalar_setup=0; caller_cleanup_calls=0; callee_ret_pop=[4]; expected_stack=4; receiver_family_members=1; same_this_callees=0; single_function_field_only_receiver_kept_neutral; adopt_untyped_existing_thiscall	3
0	0	0	0	0	00660540	FUN_00660540	DEFAULT	undefined4 __thiscall FUN_00660540(void * this, undefined4 param_1, short param_2, short param_3, short param_4, undefined2 param_5, char param_6, char * param_7)	ANALYSIS	__thiscall	__thiscall	RecoveredReceiver_00660540	/SubmarineTitans/Recovered/HiddenThis/RecoveredReceiver_00660540	171	1		1	1	0	0	0	28	medium	incoming_receiver_captures=0; entry_receiver_register_captures=1; receiver_accesses=3; receiver_bulk_copies=0; incoming_edx_uses=0; calls=1; ecx_pointer_setup=1; ecx_scalar_setup=0; caller_cleanup_calls=0; callee_ret_pop=[28]; expected_stack=28; receiver_family_members=1; same_this_callees=0; single_function_field_only_receiver_kept_neutral; adopt_untyped_existing_thiscall	3
0	0	0	0	0	00660700	FUN_00660700	DEFAULT	undefined4 __thiscall FUN_00660700(void * this, short param_1, short param_2, short param_3, int param_4, int param_5, int param_6)	ANALYSIS	__thiscall	__thiscall	RecoveredReceiver_00660700	/SubmarineTitans/Recovered/HiddenThis/RecoveredReceiver_00660700	171	1		1	1	0	0	0	24	medium	incoming_receiver_captures=0; entry_receiver_register_captures=1; receiver_accesses=3; receiver_bulk_copies=0; incoming_edx_uses=0; calls=1; ecx_pointer_setup=1; ecx_scalar_setup=0; caller_cleanup_calls=0; callee_ret_pop=[28]; expected_stack=24; receiver_family_members=1; same_this_callees=0; stack_discipline_mismatch; single_function_field_only_receiver_kept_neutral; adopt_untyped_existing_thiscall	3
0	0	0	0	0	00660910	FUN_00660910	DEFAULT	undefined4 __thiscall FUN_00660910(void * this, short param_1, short param_2, short param_3)	ANALYSIS	__thiscall	__thiscall	RecoveredReceiver_00660910	/SubmarineTitans/Recovered/HiddenThis/RecoveredReceiver_00660910	171	1		1	1	0	0	0	12	medium	incoming_receiver_captures=0; entry_receiver_register_captures=1; receiver_accesses=3; receiver_bulk_copies=0; incoming_edx_uses=0; calls=1; ecx_pointer_setup=1; ecx_scalar_setup=0; caller_cleanup_calls=0; callee_ret_pop=[16]; expected_stack=12; receiver_family_members=1; same_this_callees=0; stack_discipline_mismatch; single_function_field_only_receiver_kept_neutral; adopt_untyped_existing_thiscall	3
0	0	0	0	0	00660A40	FUN_00660a40	DEFAULT	undefined4 __thiscall FUN_00660a40(void * this, short param_1, short param_2, short param_3)	ANALYSIS	__thiscall	__thiscall	RecoveredReceiver_00660A40	/SubmarineTitans/Recovered/HiddenThis/RecoveredReceiver_00660A40	171	1		1	1	0	0	0	12	medium	incoming_receiver_captures=0; entry_receiver_register_captures=1; receiver_accesses=3; receiver_bulk_copies=0; incoming_edx_uses=0; calls=1; ecx_pointer_setup=1; ecx_scalar_setup=0; caller_cleanup_calls=0; callee_ret_pop=[16]; expected_stack=12; receiver_family_members=1; same_this_callees=0; stack_discipline_mismatch; single_function_field_only_receiver_kept_neutral; adopt_untyped_existing_thiscall	3
0	0	0	0	0	006616B0	FUN_006616b0	DEFAULT	undefined __thiscall FUN_006616b0(void * this, uint param_1, uint param_2)	ANALYSIS	__thiscall	__thiscall	RecoveredReceiver_006616B0	/SubmarineTitans/Recovered/HiddenThis/RecoveredReceiver_006616B0	527	1		1	1	0	0	0	8	medium	incoming_receiver_captures=1; entry_receiver_register_captures=1; receiver_accesses=2; receiver_bulk_copies=0; incoming_edx_uses=0; calls=1; ecx_pointer_setup=1; ecx_scalar_setup=0; caller_cleanup_calls=0; callee_ret_pop=[8]; expected_stack=8; receiver_family_members=1; same_this_callees=0; single_function_field_only_receiver_kept_neutral; adopt_untyped_existing_thiscall	3
0	0	0	0	0	00661790	FUN_00661790	DEFAULT	undefined __thiscall FUN_00661790(void * this, undefined4 param_1, int param_2)	ANALYSIS	__thiscall	__thiscall	RecoveredReceiver_00661790	/SubmarineTitans/Recovered/HiddenThis/RecoveredReceiver_00661790	527	1		1	1	0	0	0	8	medium	incoming_receiver_captures=0; entry_receiver_register_captures=0; receiver_accesses=1; receiver_bulk_copies=0; incoming_edx_uses=0; calls=1; ecx_pointer_setup=1; ecx_scalar_setup=0; caller_cleanup_calls=0; callee_ret_pop=[8]; expected_stack=8; receiver_family_members=1; same_this_callees=0; single_function_field_only_receiver_kept_neutral; adopt_untyped_existing_thiscall	3
0	0	0	0	0	00664540	SubmarineTitans::Recovered::HiddenThis::RecoveredReceiver_00664540::FUN_00664540	DEFAULT	undefined4 __thiscall FUN_00664540(RecoveredReceiver_00664540 * this, undefined4 * param_1, uint * param_2)	ANALYSIS	__thiscall	__thiscall	RecoveredReceiver_00664540	/SubmarineTitans/Recovered/HiddenThis/RecoveredReceiver_00664540	539	1		2	2	0	0	0	8	high	incoming_receiver_captures=1; entry_receiver_register_captures=0; receiver_accesses=4; receiver_bulk_copies=0; incoming_edx_uses=0; calls=2; ecx_pointer_setup=2; ecx_scalar_setup=0; caller_cleanup_calls=0; callee_ret_pop=[8]; expected_stack=8; receiver_family_members=1; same_this_callees=0; single_function_field_only_receiver_kept_neutral; previously_applied	3
0	0	0	0	0	00664600	FUN_00664600	DEFAULT	undefined4 __thiscall FUN_00664600(void * this, uint param_1)	ANALYSIS	__thiscall	__thiscall	RecoveredReceiver_00664600	/SubmarineTitans/Recovered/HiddenThis/RecoveredReceiver_00664600	539	1		0	0	0	0	0	4	review	incoming_receiver_captures=0; entry_receiver_register_captures=1; receiver_accesses=2; receiver_bulk_copies=0; incoming_edx_uses=0; calls=0; ecx_pointer_setup=0; ecx_scalar_setup=0; caller_cleanup_calls=0; callee_ret_pop=[4]; expected_stack=4; receiver_family_members=1; same_this_callees=0; single_function_field_only_receiver_kept_neutral; adopt_untyped_existing_thiscall	3
0	0	0	0	0	00664650	FUN_00664650	DEFAULT	undefined4 __thiscall FUN_00664650(void * this, int param_1)	ANALYSIS	__thiscall	__thiscall	RecoveredReceiver_00664650	/SubmarineTitans/Recovered/HiddenThis/RecoveredReceiver_00664650	539	1		2	2	0	0	0	4	medium	incoming_receiver_captures=0; entry_receiver_register_captures=1; receiver_accesses=1; receiver_bulk_copies=0; incoming_edx_uses=0; calls=2; ecx_pointer_setup=2; ecx_scalar_setup=0; caller_cleanup_calls=0; callee_ret_pop=[4]; expected_stack=4; receiver_family_members=1; same_this_callees=0; single_function_field_only_receiver_kept_neutral; adopt_untyped_existing_thiscall	3
0	0	0	0	0	0066ACC0	SubmarineTitans::Recovered::HiddenThis::RecoveredReceiver_0064A970::FUN_0066acc0	DEFAULT	uint * __thiscall FUN_0066acc0(RecoveredReceiver_0064A970 * this, char * param_1, int param_2, int * param_3)	ANALYSIS	__thiscall	__thiscall	RecoveredReceiver_0064A970	/SubmarineTitans/Recovered/HiddenThis/RecoveredReceiver_0064A970	136	4	0x0,0x4,0x8,0xC,0x10,0x14,0x18,0x1C,0x24,0x28,0x2C	1	1	0	0	0	12	high	incoming_receiver_captures=1; entry_receiver_register_captures=0; receiver_accesses=37; receiver_bulk_copies=0; incoming_edx_uses=0; calls=1; ecx_pointer_setup=1; ecx_scalar_setup=0; caller_cleanup_calls=0; callee_ret_pop=[12]; expected_stack=12; receiver_family_members=4; same_this_callees=1; previously_applied; single_call_corroborated_by_receiver_family	3
0	0	0	0	0	00671F10	FUN_00671f10	DEFAULT	float * __stdcall FUN_00671f10(void * param_1, int * param_2, int * param_3)	ANALYSIS	__stdcall	__thiscall	RecoveredReceiver_0064A970	/SubmarineTitans/Recovered/HiddenThis/RecoveredReceiver_0064A970	136	4	0x0,0x4,0x8,0xC,0x10,0x14,0x18,0x1C,0x24,0x28,0x2C	1	1	0	0	0	12	medium	incoming_receiver_captures=1; entry_receiver_register_captures=0; receiver_accesses=5; receiver_bulk_copies=0; incoming_edx_uses=0; calls=1; ecx_pointer_setup=1; ecx_scalar_setup=0; caller_cleanup_calls=0; callee_ret_pop=[12]; expected_stack=12; receiver_family_members=4; same_this_callees=2	3
0	0	0	0	0	00672440	SubmarineTitans::Recovered::HiddenThis::RecoveredReceiver_0064A970::FUN_00672440	DEFAULT	int __thiscall FUN_00672440(RecoveredReceiver_0064A970 * this, RecoveredGlobalRecordView_00848A14 * param_1, int param_2, short * param_3)	ANALYSIS	__thiscall	__thiscall	RecoveredReceiver_0064A970	/SubmarineTitans/Recovered/HiddenThis/RecoveredReceiver_0064A970	136	4	0x0,0x4,0x8,0xC,0x10,0x14,0x18,0x1C,0x24,0x28,0x2C	2	2	0	0	0	12	high	incoming_receiver_captures=1; entry_receiver_register_captures=0; receiver_accesses=14; receiver_bulk_copies=0; incoming_edx_uses=0; calls=2; ecx_pointer_setup=2; ecx_scalar_setup=0; caller_cleanup_calls=0; callee_ret_pop=[12]; expected_stack=12; receiver_family_members=4; same_this_callees=1; previously_applied	3
0	0	0	0	0	00678D20	FUN_00678d20	DEFAULT	uint __thiscall FUN_00678d20(void * this, int param_1)	ANALYSIS	__thiscall	__thiscall	RecoveredReceiver_00678D20	/SubmarineTitans/Recovered/HiddenThis/RecoveredReceiver_00678D20	1689	1		0	0	0	0	0	4	review	incoming_receiver_captures=0; entry_receiver_register_captures=0; receiver_accesses=1; receiver_bulk_copies=0; incoming_edx_uses=0; calls=0; ecx_pointer_setup=0; ecx_scalar_setup=0; caller_cleanup_calls=0; callee_ret_pop=[4]; expected_stack=4; receiver_family_members=1; same_this_callees=0; single_function_field_only_receiver_kept_neutral; adopt_untyped_existing_thiscall	3
0	0	0	0	0	00678D90	FUN_00678d90	DEFAULT	undefined4 __thiscall FUN_00678d90(void * this, int param_1)	ANALYSIS	__thiscall	__thiscall	RecoveredReceiver_00678D90	/SubmarineTitans/Recovered/HiddenThis/RecoveredReceiver_00678D90	1689	3		2	0	0	0	0	4	review	incoming_receiver_captures=0; entry_receiver_register_captures=0; receiver_accesses=1; receiver_bulk_copies=0; incoming_edx_uses=0; calls=2; ecx_pointer_setup=0; ecx_scalar_setup=0; caller_cleanup_calls=0; callee_ret_pop=[4]; expected_stack=4; receiver_family_members=3; same_this_callees=0; adopt_untyped_existing_thiscall	3
0	0	0	0	0	00678E00	FUN_00678e00	DEFAULT	uint __thiscall FUN_00678e00(void * this, byte * param_1)	ANALYSIS	__thiscall	__thiscall	RecoveredReceiver_00678E00	/SubmarineTitans/Recovered/HiddenThis/RecoveredReceiver_00678E00	1689	6		4	2	0	2	0	4	medium	incoming_receiver_captures=0; entry_receiver_register_captures=0; receiver_accesses=1; receiver_bulk_copies=0; incoming_edx_uses=0; calls=4; ecx_pointer_setup=2; ecx_scalar_setup=0; caller_cleanup_calls=0; callee_ret_pop=[4]; expected_stack=4; receiver_family_members=6; same_this_callees=0; adopt_untyped_existing_thiscall	3
0	0	0	0	0	00678EF0	FUN_00678ef0	DEFAULT	int __thiscall FUN_00678ef0(void * this, byte * param_1)	ANALYSIS	__thiscall	__thiscall	RecoveredReceiver_00678EF0	/SubmarineTitans/Recovered/HiddenThis/RecoveredReceiver_00678EF0	1689	1		1	1	0	0	0	4	medium	incoming_receiver_captures=0; entry_receiver_register_captures=0; receiver_accesses=1; receiver_bulk_copies=0; incoming_edx_uses=0; calls=1; ecx_pointer_setup=1; ecx_scalar_setup=0; caller_cleanup_calls=0; callee_ret_pop=[4]; expected_stack=4; receiver_family_members=1; same_this_callees=0; single_function_field_only_receiver_kept_neutral; adopt_untyped_existing_thiscall	3
0	0	0	0	0	00679120	SubmarineTitans::Recovered::HiddenThis::RecoveredReceiver_00678E00::FUN_00679120	DEFAULT	uint __thiscall FUN_00679120(RecoveredReceiver_00678E00 * this, byte * param_1, int param_2, int param_3, int param_4)	ANALYSIS	__thiscall	__thiscall	RecoveredReceiver_00678E00	/SubmarineTitans/Recovered/HiddenThis/RecoveredReceiver_00678E00	1689	6		1	1	0	0	0	16	high	incoming_receiver_captures=1; entry_receiver_register_captures=0; receiver_accesses=7; receiver_bulk_copies=0; incoming_edx_uses=0; calls=1; ecx_pointer_setup=1; ecx_scalar_setup=0; caller_cleanup_calls=0; callee_ret_pop=[16]; expected_stack=16; receiver_family_members=6; same_this_callees=1; previously_applied; single_call_corroborated_by_receiver_family	3
0	0	0	0	0	006799B0	FUN_006799b0	DEFAULT	undefined __thiscall FUN_006799b0(void * this, uint param_1)	ANALYSIS	__thiscall	__thiscall	RecoveredReceiver_006799B0	/SubmarineTitans/Recovered/HiddenThis/RecoveredReceiver_006799B0	1794	1		1	1	0	0	0	4	medium	incoming_receiver_captures=0; entry_receiver_register_captures=1; receiver_accesses=22; receiver_bulk_copies=0; incoming_edx_uses=0; calls=1; ecx_pointer_setup=1; ecx_scalar_setup=0; caller_cleanup_calls=0; callee_ret_pop=[4]; expected_stack=4; receiver_family_members=1; same_this_callees=1; single_function_field_only_receiver_kept_neutral; adopt_untyped_existing_thiscall	3
0	0	0	0	0	00679C50	FUN_00679c50	DEFAULT	uint __thiscall FUN_00679c50(void * this, byte * param_1, byte * param_2)	ANALYSIS	__thiscall	__thiscall	RecoveredReceiver_00679C50	/SubmarineTitans/Recovered/HiddenThis/RecoveredReceiver_00679C50	1689	1		0	0	0	0	0	8	review	incoming_receiver_captures=1; entry_receiver_register_captures=1; receiver_accesses=2; receiver_bulk_copies=0; incoming_edx_uses=0; calls=0; ecx_pointer_setup=0; ecx_scalar_setup=0; caller_cleanup_calls=0; callee_ret_pop=[8]; expected_stack=8; receiver_family_members=1; same_this_callees=0; single_function_field_only_receiver_kept_neutral; adopt_untyped_existing_thiscall	3
0	0	0	0	0	00679D60	FUN_00679d60	DEFAULT	int __thiscall FUN_00679d60(void * this, byte * param_1, byte * param_2)	ANALYSIS	__thiscall	__thiscall	RecoveredReceiver_00679D60	/SubmarineTitans/Recovered/HiddenThis/RecoveredReceiver_00679D60	1689	1		1	1	0	0	0	8	medium	incoming_receiver_captures=1; entry_receiver_register_captures=1; receiver_accesses=2; receiver_bulk_copies=0; incoming_edx_uses=0; calls=1; ecx_pointer_setup=1; ecx_scalar_setup=0; caller_cleanup_calls=0; callee_ret_pop=[8]; expected_stack=8; receiver_family_members=1; same_this_callees=0; single_function_field_only_receiver_kept_neutral; adopt_untyped_existing_thiscall	3
0	0	0	0	0	00679E70	FUN_00679e70	DEFAULT	int __thiscall FUN_00679e70(void * this, short param_1)	ANALYSIS	__thiscall	__thiscall	RecoveredReceiver_00679E70	/SubmarineTitans/Recovered/HiddenThis/RecoveredReceiver_00679E70	1689	1		1	1	0	0	0	4	medium	incoming_receiver_captures=0; entry_receiver_register_captures=1; receiver_accesses=2; receiver_bulk_copies=0; incoming_edx_uses=0; calls=1; ecx_pointer_setup=1; ecx_scalar_setup=0; caller_cleanup_calls=0; callee_ret_pop=[4]; expected_stack=4; receiver_family_members=1; same_this_callees=0; single_function_field_only_receiver_kept_neutral; adopt_untyped_existing_thiscall	3
0	0	0	0	0	00679F00	FUN_00679f00	DEFAULT	int __thiscall FUN_00679f00(void * this, uint param_1, RecoveredRecordView_0068FD00_630BE91E * param_2, int param_3)	ANALYSIS	__thiscall	__thiscall	RecoveredReceiver_00678E00	/SubmarineTitans/Recovered/HiddenThis/RecoveredReceiver_00678E00	1689	6		1	1	0	0	0	12	medium	incoming_receiver_captures=0; entry_receiver_register_captures=0; receiver_accesses=1; receiver_bulk_copies=0; incoming_edx_uses=0; calls=1; ecx_pointer_setup=1; ecx_scalar_setup=0; caller_cleanup_calls=0; callee_ret_pop=[12]; expected_stack=12; receiver_family_members=6; same_this_callees=0; adopt_untyped_existing_thiscall	3
0	0	0	0	0	00679FE0	FUN_00679fe0	DEFAULT	undefined __thiscall FUN_00679fe0(void * this, byte * param_1, uint * param_2, int param_3)	ANALYSIS	__thiscall	__thiscall	RecoveredReceiver_00678E00	/SubmarineTitans/Recovered/HiddenThis/RecoveredReceiver_00678E00	1689	6		0	0	0	0	0	12	review	incoming_receiver_captures=0; entry_receiver_register_captures=1; receiver_accesses=0; receiver_bulk_copies=0; incoming_edx_uses=0; calls=0; ecx_pointer_setup=0; ecx_scalar_setup=0; caller_cleanup_calls=0; callee_ret_pop=[12]; expected_stack=12; receiver_family_members=6; same_this_callees=2; adopt_untyped_existing_thiscall	3
0	0	0	0	0	0067A0C0	FUN_0067a0c0	DEFAULT	undefined4 __thiscall FUN_0067a0c0(void * this, uint param_1, int param_2)	ANALYSIS	__thiscall	__thiscall	RecoveredReceiver_00678E00	/SubmarineTitans/Recovered/HiddenThis/RecoveredReceiver_00678E00	1689	6		1	1	0	0	0	8	medium	incoming_receiver_captures=0; entry_receiver_register_captures=0; receiver_accesses=1; receiver_bulk_copies=0; incoming_edx_uses=0; calls=1; ecx_pointer_setup=1; ecx_scalar_setup=0; caller_cleanup_calls=0; callee_ret_pop=[8]; expected_stack=8; receiver_family_members=6; same_this_callees=0; adopt_untyped_existing_thiscall	3
0	0	0	0	0	0067A180	FUN_0067a180	DEFAULT	undefined __thiscall FUN_0067a180(void * this, byte * param_1, int param_2)	ANALYSIS	__thiscall	__thiscall	RecoveredReceiver_00678E00	/SubmarineTitans/Recovered/HiddenThis/RecoveredReceiver_00678E00	1689	6		0	0	0	0	0	8	review	incoming_receiver_captures=0; entry_receiver_register_captures=1; receiver_accesses=0; receiver_bulk_copies=0; incoming_edx_uses=0; calls=0; ecx_pointer_setup=0; ecx_scalar_setup=0; caller_cleanup_calls=0; callee_ret_pop=[8]; expected_stack=8; receiver_family_members=6; same_this_callees=2; adopt_untyped_existing_thiscall	3
0	0	0	0	0	0067A1B0	FUN_0067a1b0	DEFAULT	undefined __thiscall FUN_0067a1b0(void * this, int param_1)	ANALYSIS	__thiscall	__thiscall	RecoveredReceiver_0067A1B0	/SubmarineTitans/Recovered/HiddenThis/RecoveredReceiver_0067A1B0	1689	1		1	1	0	0	0	4	medium	incoming_receiver_captures=0; entry_receiver_register_captures=1; receiver_accesses=2; receiver_bulk_copies=0; incoming_edx_uses=0; calls=1; ecx_pointer_setup=1; ecx_scalar_setup=0; caller_cleanup_calls=0; callee_ret_pop=[4]; expected_stack=4; receiver_family_members=1; same_this_callees=0; single_function_field_only_receiver_kept_neutral; adopt_untyped_existing_thiscall	3
0	0	0	0	0	0067B150	FUN_0067b150	DEFAULT	int __thiscall FUN_0067b150(void * this, int param_1)	ANALYSIS	__thiscall	__thiscall	RecoveredReceiver_0067B150	/SubmarineTitans/Recovered/HiddenThis/RecoveredReceiver_0067B150	1701	1		0	0	0	0	0	4	review	incoming_receiver_captures=0; entry_receiver_register_captures=0; receiver_accesses=1; receiver_bulk_copies=0; incoming_edx_uses=0; calls=0; ecx_pointer_setup=0; ecx_scalar_setup=0; caller_cleanup_calls=0; callee_ret_pop=[4]; expected_stack=4; receiver_family_members=1; same_this_callees=0; single_function_field_only_receiver_kept_neutral; adopt_untyped_existing_thiscall	3
0	0	0	0	0	0067B1A0	FUN_0067b1a0	DEFAULT	int __thiscall FUN_0067b1a0(void * this, int param_1)	ANALYSIS	__thiscall	__thiscall	RecoveredReceiver_0067B1A0	/SubmarineTitans/Recovered/HiddenThis/RecoveredReceiver_0067B1A0	1701	1		1	1	0	0	0	4	medium	incoming_receiver_captures=0; entry_receiver_register_captures=0; receiver_accesses=1; receiver_bulk_copies=0; incoming_edx_uses=0; calls=1; ecx_pointer_setup=1; ecx_scalar_setup=0; caller_cleanup_calls=0; callee_ret_pop=[4]; expected_stack=4; receiver_family_members=1; same_this_callees=0; single_function_field_only_receiver_kept_neutral; adopt_untyped_existing_thiscall	3
0	0	0	0	0	0067B210	FUN_0067b210	DEFAULT	undefined __thiscall FUN_0067b210(void * this, int param_1, int param_2)	ANALYSIS	__thiscall	__thiscall	RecoveredReceiver_0067B210	/SubmarineTitans/Recovered/HiddenThis/RecoveredReceiver_0067B210	1637	1		1	1	0	0	0	8	medium	incoming_receiver_captures=0; entry_receiver_register_captures=1; receiver_accesses=3; receiver_bulk_copies=0; incoming_edx_uses=0; calls=1; ecx_pointer_setup=1; ecx_scalar_setup=0; caller_cleanup_calls=0; callee_ret_pop=[8]; expected_stack=8; receiver_family_members=1; same_this_callees=1; single_function_field_only_receiver_kept_neutral; adopt_untyped_existing_thiscall	3
0	0	0	0	0	0067B2E0	FUN_0067b2e0	DEFAULT	int __thiscall FUN_0067b2e0(void * this, int param_1, int param_2)	ANALYSIS	__thiscall	__thiscall	RecoveredReceiver_0067B2E0	/SubmarineTitans/Recovered/HiddenThis/RecoveredReceiver_0067B2E0	1701	1		1	0	0	1	0	8	review	incoming_receiver_captures=0; entry_receiver_register_captures=0; receiver_accesses=1; receiver_bulk_copies=0; incoming_edx_uses=0; calls=1; ecx_pointer_setup=0; ecx_scalar_setup=0; caller_cleanup_calls=0; callee_ret_pop=[8]; expected_stack=8; receiver_family_members=1; same_this_callees=0; single_function_field_only_receiver_kept_neutral; adopt_untyped_existing_thiscall	3
0	0	0	0	0	0068E140	FUN_0068e140	DEFAULT	uint __thiscall FUN_0068e140(void * this, int param_1)	ANALYSIS	__thiscall	__thiscall	RecoveredReceiver_0068E140	/SubmarineTitans/Recovered/HiddenThis/RecoveredReceiver_0068E140	169	1		1	1	0	0	0	4	medium	incoming_receiver_captures=0; entry_receiver_register_captures=0; receiver_accesses=1; receiver_bulk_copies=0; incoming_edx_uses=0; calls=1; ecx_pointer_setup=1; ecx_scalar_setup=0; caller_cleanup_calls=0; callee_ret_pop=[4]; expected_stack=4; receiver_family_members=1; same_this_callees=0; single_function_field_only_receiver_kept_neutral; adopt_untyped_existing_thiscall	3
0	0	0	0	0	0068E190	FUN_0068e190	DEFAULT	undefined4 __thiscall FUN_0068e190(void * this, int param_1)	ANALYSIS	__thiscall	__thiscall	RecoveredReceiver_0068E190	/SubmarineTitans/Recovered/HiddenThis/RecoveredReceiver_0068E190	169	3		2	0	0	0	0	4	review	incoming_receiver_captures=0; entry_receiver_register_captures=0; receiver_accesses=1; receiver_bulk_copies=0; incoming_edx_uses=0; calls=2; ecx_pointer_setup=0; ecx_scalar_setup=0; caller_cleanup_calls=0; callee_ret_pop=[4]; expected_stack=4; receiver_family_members=3; same_this_callees=0; adopt_untyped_existing_thiscall	3
0	0	0	0	0	0068E220	FUN_0068e220	DEFAULT	uint __thiscall FUN_0068e220(void * this, short param_1)	ANALYSIS	__thiscall	__thiscall	RecoveredReceiver_0068E220	/SubmarineTitans/Recovered/HiddenThis/RecoveredReceiver_0068E220	169	1		1	1	0	0	0	4	medium	incoming_receiver_captures=0; entry_receiver_register_captures=0; receiver_accesses=1; receiver_bulk_copies=0; incoming_edx_uses=0; calls=1; ecx_pointer_setup=1; ecx_scalar_setup=0; caller_cleanup_calls=0; callee_ret_pop=[4]; expected_stack=4; receiver_family_members=1; same_this_callees=0; single_function_field_only_receiver_kept_neutral; adopt_untyped_existing_thiscall	3
0	0	0	0	0	0068E300	FUN_0068e300	DEFAULT	uint __thiscall FUN_0068e300(void * this, byte * param_1)	ANALYSIS	__thiscall	__thiscall	RecoveredReceiver_0068E300	/SubmarineTitans/Recovered/HiddenThis/RecoveredReceiver_0068E300	169	1		1	1	0	0	0	4	medium	incoming_receiver_captures=0; entry_receiver_register_captures=0; receiver_accesses=1; receiver_bulk_copies=0; incoming_edx_uses=0; calls=1; ecx_pointer_setup=1; ecx_scalar_setup=0; caller_cleanup_calls=0; callee_ret_pop=[4]; expected_stack=4; receiver_family_members=1; same_this_callees=0; single_function_field_only_receiver_kept_neutral; adopt_untyped_existing_thiscall	3
0	0	0	0	0	0068E3C0	FUN_0068e3c0	DEFAULT	int __thiscall FUN_0068e3c0(void * this, byte * param_1)	ANALYSIS	__thiscall	__thiscall	RecoveredReceiver_0068E3C0	/SubmarineTitans/Recovered/HiddenThis/RecoveredReceiver_0068E3C0	169	1		1	1	0	0	0	4	medium	incoming_receiver_captures=0; entry_receiver_register_captures=0; receiver_accesses=1; receiver_bulk_copies=0; incoming_edx_uses=0; calls=1; ecx_pointer_setup=1; ecx_scalar_setup=0; caller_cleanup_calls=0; callee_ret_pop=[4]; expected_stack=4; receiver_family_members=1; same_this_callees=0; single_function_field_only_receiver_kept_neutral; adopt_untyped_existing_thiscall	3
0	0	0	0	0	0068E4F0	FUN_0068e4f0	DEFAULT	uint * __thiscall FUN_0068e4f0(void * this, int param_1)	ANALYSIS	__thiscall	__thiscall	RecoveredReceiver_0068E4F0	/SubmarineTitans/Recovered/HiddenThis/RecoveredReceiver_0068E4F0	169	1		2	0	0	0	0	4	review	incoming_receiver_captures=1; entry_receiver_register_captures=1; receiver_accesses=2; receiver_bulk_copies=0; incoming_edx_uses=0; calls=2; ecx_pointer_setup=0; ecx_scalar_setup=0; caller_cleanup_calls=0; callee_ret_pop=[4]; expected_stack=4; receiver_family_members=1; same_this_callees=1; single_function_field_only_receiver_kept_neutral; adopt_untyped_existing_thiscall	3
0	0	0	0	0	0068E690	FUN_0068e690	DEFAULT	undefined4 __thiscall FUN_0068e690(void * this, RecoveredRecordView_0068E690_5404D20D * param_1)	ANALYSIS	__thiscall	__thiscall	RecoveredReceiver_0068E690	/SubmarineTitans/Recovered/HiddenThis/RecoveredReceiver_0068E690	4	1		1	1	0	0	0	4	medium	incoming_receiver_captures=0; entry_receiver_register_captures=1; receiver_accesses=0; receiver_bulk_copies=0; incoming_edx_uses=0; calls=1; ecx_pointer_setup=1; ecx_scalar_setup=0; caller_cleanup_calls=0; callee_ret_pop=[4]; expected_stack=4; receiver_family_members=1; same_this_callees=0; single_function_field_only_receiver_kept_neutral; adopt_untyped_existing_thiscall	3
0	0	0	0	0	0068E800	FUN_0068e800	DEFAULT	int __thiscall FUN_0068e800(void * this, short param_1)	ANALYSIS	__thiscall	__thiscall	RecoveredReceiver_0068E800	/SubmarineTitans/Recovered/HiddenThis/RecoveredReceiver_0068E800	193	1		1	0	0	0	0	4	review	incoming_receiver_captures=0; entry_receiver_register_captures=0; receiver_accesses=1; receiver_bulk_copies=0; incoming_edx_uses=0; calls=1; ecx_pointer_setup=0; ecx_scalar_setup=0; caller_cleanup_calls=0; callee_ret_pop=[4]; expected_stack=4; receiver_family_members=1; same_this_callees=0; single_function_field_only_receiver_kept_neutral; adopt_untyped_existing_thiscall	3
0	0	0	0	0	0068E850	FUN_0068e850	DEFAULT	int __thiscall FUN_0068e850(void * this, int param_1)	ANALYSIS	__thiscall	__thiscall	RecoveredReceiver_0068E850	/SubmarineTitans/Recovered/HiddenThis/RecoveredReceiver_0068E850	193	1		1	1	0	0	0	4	medium	incoming_receiver_captures=0; entry_receiver_register_captures=0; receiver_accesses=1; receiver_bulk_copies=0; incoming_edx_uses=0; calls=1; ecx_pointer_setup=1; ecx_scalar_setup=0; caller_cleanup_calls=0; callee_ret_pop=[4]; expected_stack=4; receiver_family_members=1; same_this_callees=0; single_function_field_only_receiver_kept_neutral; adopt_untyped_existing_thiscall	3
0	0	0	0	0	0068E8C0	FUN_0068e8c0	DEFAULT	uint __thiscall FUN_0068e8c0(void * this, int param_1)	ANALYSIS	__thiscall	__thiscall	RecoveredReceiver_0068E8C0	/SubmarineTitans/Recovered/HiddenThis/RecoveredReceiver_0068E8C0	193	1		2	2	0	0	0	4	medium	incoming_receiver_captures=0; entry_receiver_register_captures=0; receiver_accesses=1; receiver_bulk_copies=0; incoming_edx_uses=0; calls=2; ecx_pointer_setup=2; ecx_scalar_setup=0; caller_cleanup_calls=0; callee_ret_pop=[4]; expected_stack=4; receiver_family_members=1; same_this_callees=0; single_function_field_only_receiver_kept_neutral; adopt_untyped_existing_thiscall	3
0	0	0	0	0	0068F8F0	FUN_0068f8f0	DEFAULT	undefined4 __thiscall FUN_0068f8f0(void * this, short param_1)	ANALYSIS	__thiscall	__thiscall	RecoveredReceiver_0068F8F0	/SubmarineTitans/Recovered/HiddenThis/RecoveredReceiver_0068F8F0	59	1		1	1	0	0	0	4	medium	incoming_receiver_captures=0; entry_receiver_register_captures=1; receiver_accesses=2; receiver_bulk_copies=0; incoming_edx_uses=0; calls=1; ecx_pointer_setup=1; ecx_scalar_setup=0; caller_cleanup_calls=0; callee_ret_pop=[4]; expected_stack=4; receiver_family_members=1; same_this_callees=0; single_function_field_only_receiver_kept_neutral; adopt_untyped_existing_thiscall	3
0	0	0	0	0	0068FA00	FUN_0068fa00	DEFAULT	undefined __thiscall FUN_0068fa00(void * this, uint * param_1)	ANALYSIS	__thiscall	__thiscall	RecoveredReceiver_0068FA00	/SubmarineTitans/Recovered/HiddenThis/RecoveredReceiver_0068FA00	304	1		1	1	0	0	0	4	medium	incoming_receiver_captures=0; entry_receiver_register_captures=1; receiver_accesses=3; receiver_bulk_copies=0; incoming_edx_uses=0; calls=1; ecx_pointer_setup=1; ecx_scalar_setup=0; caller_cleanup_calls=0; callee_ret_pop=[4]; expected_stack=4; receiver_family_members=1; same_this_callees=0; single_function_field_only_receiver_kept_neutral; adopt_untyped_existing_thiscall	3
0	0	0	0	0	0068FAC0	FUN_0068fac0	DEFAULT	int __thiscall FUN_0068fac0(void * this, ushort param_1, undefined4 param_2)	ANALYSIS	__thiscall	__thiscall	RecoveredReceiver_0068FAC0	/SubmarineTitans/Recovered/HiddenThis/RecoveredReceiver_0068FAC0	304	1		0	0	0	0	0	8	review	incoming_receiver_captures=0; entry_receiver_register_captures=0; receiver_accesses=1; receiver_bulk_copies=0; incoming_edx_uses=0; calls=0; ecx_pointer_setup=0; ecx_scalar_setup=0; caller_cleanup_calls=0; callee_ret_pop=[8]; expected_stack=8; receiver_family_members=1; same_this_callees=1; single_function_field_only_receiver_kept_neutral; adopt_untyped_existing_thiscall	3
0	0	0	0	0	0068FC70	FUN_0068fc70	DEFAULT	int __thiscall FUN_0068fc70(void * this, RecoveredRecordView_0068FD00_630BE91E * aiMess, short param_2)	ANALYSIS	__thiscall	__thiscall	RecoveredReceiver_0068FC70	/SubmarineTitans/Recovered/HiddenThis/RecoveredReceiver_0068FC70	169	1		3	0	0	0	0	8	review	incoming_receiver_captures=0; entry_receiver_register_captures=1; receiver_accesses=2; receiver_bulk_copies=0; incoming_edx_uses=0; calls=3; ecx_pointer_setup=0; ecx_scalar_setup=0; caller_cleanup_calls=0; callee_ret_pop=[8]; expected_stack=8; receiver_family_members=1; same_this_callees=0; single_function_field_only_receiver_kept_neutral; adopt_untyped_existing_thiscall	3
0	0	0	0	0	00690180	FUN_00690180	DEFAULT	int __thiscall FUN_00690180(void * this, uint param_1, uint * param_2)	ANALYSIS	__thiscall	__thiscall	RecoveredReceiver_00690180	/SubmarineTitans/Recovered/HiddenThis/RecoveredReceiver_00690180	169	1		0	0	0	0	0	8	review	incoming_receiver_captures=0; entry_receiver_register_captures=0; receiver_accesses=1; receiver_bulk_copies=0; incoming_edx_uses=0; calls=0; ecx_pointer_setup=0; ecx_scalar_setup=0; caller_cleanup_calls=0; callee_ret_pop=[8]; expected_stack=8; receiver_family_members=1; same_this_callees=0; single_function_field_only_receiver_kept_neutral; adopt_untyped_existing_thiscall	3
0	0	0	0	0	00690330	FUN_00690330	DEFAULT	undefined4 __thiscall FUN_00690330(void * this, uint param_1, undefined4 param_2)	ANALYSIS	__thiscall	__thiscall	RecoveredReceiver_00690330	/SubmarineTitans/Recovered/HiddenThis/RecoveredReceiver_00690330	169	1		0	0	0	0	0	8	review	incoming_receiver_captures=0; entry_receiver_register_captures=0; receiver_accesses=1; receiver_bulk_copies=0; incoming_edx_uses=0; calls=0; ecx_pointer_setup=0; ecx_scalar_setup=0; caller_cleanup_calls=0; callee_ret_pop=[8]; expected_stack=8; receiver_family_members=1; same_this_callees=0; single_function_field_only_receiver_kept_neutral; adopt_untyped_existing_thiscall	3
0	0	0	0	0	006903E0	FUN_006903e0	DEFAULT	undefined __thiscall FUN_006903e0(void * this, undefined4 param_1)	ANALYSIS	__thiscall	__thiscall	RecoveredReceiver_006903E0	/SubmarineTitans/Recovered/HiddenThis/RecoveredReceiver_006903E0	169	1		0	0	0	0	0	4	review	incoming_receiver_captures=0; entry_receiver_register_captures=1; receiver_accesses=2; receiver_bulk_copies=0; incoming_edx_uses=0; calls=0; ecx_pointer_setup=0; ecx_scalar_setup=0; caller_cleanup_calls=0; callee_ret_pop=[4]; expected_stack=4; receiver_family_members=1; same_this_callees=0; single_function_field_only_receiver_kept_neutral; adopt_untyped_existing_thiscall	3
0	0	0	0	0	00690450	FUN_00690450	DEFAULT	undefined __thiscall FUN_00690450(void * this, short param_1, undefined4 param_2)	ANALYSIS	__thiscall	__thiscall	RecoveredReceiver_00690450	/SubmarineTitans/Recovered/HiddenThis/RecoveredReceiver_00690450	169	1		0	0	0	0	0	8	review	incoming_receiver_captures=0; entry_receiver_register_captures=1; receiver_accesses=2; receiver_bulk_copies=0; incoming_edx_uses=0; calls=0; ecx_pointer_setup=0; ecx_scalar_setup=0; caller_cleanup_calls=0; callee_ret_pop=[8]; expected_stack=8; receiver_family_members=1; same_this_callees=0; single_function_field_only_receiver_kept_neutral; adopt_untyped_existing_thiscall	3
0	0	0	0	0	006904D0	FUN_006904d0	DEFAULT	int __thiscall FUN_006904d0(void * this, undefined * param_1, undefined4 param_2)	ANALYSIS	__thiscall	__thiscall	RecoveredReceiver_006904D0	/SubmarineTitans/Recovered/HiddenThis/RecoveredReceiver_006904D0	169	1		1	1	0	0	0	8	medium	incoming_receiver_captures=0; entry_receiver_register_captures=1; receiver_accesses=2; receiver_bulk_copies=0; incoming_edx_uses=0; calls=1; ecx_pointer_setup=1; ecx_scalar_setup=0; caller_cleanup_calls=0; callee_ret_pop=[8]; expected_stack=8; receiver_family_members=1; same_this_callees=0; single_function_field_only_receiver_kept_neutral; adopt_untyped_existing_thiscall	3
0	0	0	0	0	00690550	FUN_00690550	DEFAULT	uint __thiscall FUN_00690550(void * this, short param_1, short param_2)	ANALYSIS	__thiscall	__thiscall	RecoveredReceiver_00690550	/SubmarineTitans/Recovered/HiddenThis/RecoveredReceiver_00690550	205	1		1	1	0	0	0	8	medium	incoming_receiver_captures=0; entry_receiver_register_captures=0; receiver_accesses=1; receiver_bulk_copies=0; incoming_edx_uses=0; calls=1; ecx_pointer_setup=1; ecx_scalar_setup=0; caller_cleanup_calls=0; callee_ret_pop=[8]; expected_stack=8; receiver_family_members=1; same_this_callees=0; single_function_field_only_receiver_kept_neutral; adopt_untyped_existing_thiscall	3
0	0	0	0	0	006905C0	FUN_006905c0	DEFAULT	uint __thiscall FUN_006905c0(void * this, short param_1)	ANALYSIS	__thiscall	__thiscall	RecoveredReceiver_006905C0	/SubmarineTitans/Recovered/HiddenThis/RecoveredReceiver_006905C0	205	2		1	0	0	1	0	4	review	incoming_receiver_captures=0; entry_receiver_register_captures=0; receiver_accesses=1; receiver_bulk_copies=0; incoming_edx_uses=0; calls=1; ecx_pointer_setup=0; ecx_scalar_setup=0; caller_cleanup_calls=0; callee_ret_pop=[4]; expected_stack=4; receiver_family_members=2; same_this_callees=0; adopt_untyped_existing_thiscall	3
0	0	0	0	0	00690610	FUN_00690610	DEFAULT	void __thiscall FUN_00690610(void * this, short param_1)	ANALYSIS	__thiscall	__thiscall	RecoveredReceiver_006905C0	/SubmarineTitans/Recovered/HiddenThis/RecoveredReceiver_006905C0	205	2		2	0	0	0	0	4	review	incoming_receiver_captures=0; entry_receiver_register_captures=1; receiver_accesses=1; receiver_bulk_copies=0; incoming_edx_uses=0; calls=2; ecx_pointer_setup=0; ecx_scalar_setup=0; caller_cleanup_calls=0; callee_ret_pop=[4]; expected_stack=4; receiver_family_members=2; same_this_callees=1; adopt_untyped_existing_thiscall	3
0	0	0	0	0	00691690	FUN_00691690	DEFAULT	undefined __thiscall FUN_00691690(void * this, cMf32 * param_1, cMf32 * param_2, int param_3, undefined * param_4)	ANALYSIS	__thiscall	__thiscall	RecoveredReceiver_00691650	/SubmarineTitans/Recovered/HiddenThis/RecoveredReceiver_00691650	4	5		1	1	0	0	0	16	medium	incoming_receiver_captures=1; entry_receiver_register_captures=1; receiver_accesses=0; receiver_bulk_copies=0; incoming_edx_uses=0; calls=1; ecx_pointer_setup=1; ecx_scalar_setup=0; caller_cleanup_calls=0; callee_ret_pop=[16]; expected_stack=16; receiver_family_members=5; same_this_callees=5; adopt_untyped_existing_thiscall	3
0	0	0	0	0	00692920	FUN_00692920	DEFAULT	RecoveredRecordView_006B4B20_F20E56A6 * __stdcall FUN_00692920(cMf32 * param_1, undefined4 * param_2, undefined4 * param_3, void * param_4, int param_5)	ANALYSIS	__stdcall	__thiscall	RecoveredReceiver_00691650	/SubmarineTitans/Recovered/HiddenThis/RecoveredReceiver_00691650	4	5		3	3	0	0	0	20	medium	incoming_receiver_captures=1; entry_receiver_register_captures=0; receiver_accesses=0; receiver_bulk_copies=0; incoming_edx_uses=0; calls=3; ecx_pointer_setup=3; ecx_scalar_setup=0; caller_cleanup_calls=0; callee_ret_pop=[20]; expected_stack=20; receiver_family_members=5; same_this_callees=0	3
0	0	0	0	0	00693AD0	FUN_00693ad0	DEFAULT	undefined __thiscall FUN_00693ad0(void * this, undefined2 * param_1)	ANALYSIS	__thiscall	__thiscall	RecoveredReceiver_00693AD0	/SubmarineTitans/Recovered/HiddenThis/RecoveredReceiver_00693AD0	736	1		1	1	0	0	0	4	medium	incoming_receiver_captures=0; entry_receiver_register_captures=0; receiver_accesses=5; receiver_bulk_copies=0; incoming_edx_uses=0; calls=1; ecx_pointer_setup=1; ecx_scalar_setup=0; caller_cleanup_calls=0; callee_ret_pop=[4]; expected_stack=4; receiver_family_members=1; same_this_callees=0; single_function_field_only_receiver_kept_neutral; adopt_untyped_existing_thiscall	3
0	0	0	0	0	00693B20	FUN_00693b20	DEFAULT	undefined FUN_00693b20(void)	DEFAULT	unknown	__thiscall	RecoveredReceiver_00693B20	/SubmarineTitans/Recovered/HiddenThis/RecoveredReceiver_00693B20	6561	13		1	1	0	0	0	0	medium	incoming_receiver_captures=1; entry_receiver_register_captures=1; receiver_accesses=1; receiver_bulk_copies=0; incoming_edx_uses=0; calls=1; ecx_pointer_setup=1; ecx_scalar_setup=0; caller_cleanup_calls=0; callee_ret_pop=[28]; expected_stack=0; receiver_family_members=13; same_this_callees=2; stack_discipline_mismatch	3
0	0	0	0	0	00693C10	FUN_00693c10	DEFAULT	int __thiscall FUN_00693c10(void * this, RecoveredRecord_00693C10_160B536B * param_1)	ANALYSIS	__thiscall	__thiscall	RecoveredReceiver_00693B20	/SubmarineTitans/Recovered/HiddenThis/RecoveredReceiver_00693B20	6561	13		0	0	0	0	0	4	review	incoming_receiver_captures=0; entry_receiver_register_captures=1; receiver_accesses=2; receiver_bulk_copies=0; incoming_edx_uses=0; calls=0; ecx_pointer_setup=0; ecx_scalar_setup=0; caller_cleanup_calls=0; callee_ret_pop=[4]; expected_stack=4; receiver_family_members=13; same_this_callees=2; adopt_untyped_existing_thiscall	3
0	0	0	0	0	00693D00	SubmarineTitans::Recovered::HiddenThis::RecoveredReceiver_00693B20::FUN_00693d00	DEFAULT	undefined4 __thiscall FUN_00693d00(RecoveredReceiver_00693B20 * this, cMf32 * param_1, undefined4 param_2)	ANALYSIS	__thiscall	__thiscall	RecoveredReceiver_00693B20	/SubmarineTitans/Recovered/HiddenThis/RecoveredReceiver_00693B20	6561	13		2	2	0	0	0	8	high	incoming_receiver_captures=1; entry_receiver_register_captures=0; receiver_accesses=4; receiver_bulk_copies=0; incoming_edx_uses=0; calls=2; ecx_pointer_setup=2; ecx_scalar_setup=0; caller_cleanup_calls=0; callee_ret_pop=[8]; expected_stack=8; receiver_family_members=13; same_this_callees=0; previously_applied	3
0	0	0	0	0	00693DC0	SubmarineTitans::Recovered::HiddenThis::RecoveredReceiver_00693B20::FUN_00693dc0	DEFAULT	undefined4 __thiscall FUN_00693dc0(RecoveredReceiver_00693B20 * this, cMf32 * param_1, undefined4 param_2)	ANALYSIS	__thiscall	__thiscall	RecoveredReceiver_00693B20	/SubmarineTitans/Recovered/HiddenThis/RecoveredReceiver_00693B20	6561	13		0	0	0	0	0	8	high	incoming_receiver_captures=0; entry_receiver_register_captures=1; receiver_accesses=1; receiver_bulk_copies=1; incoming_edx_uses=0; calls=0; ecx_pointer_setup=0; ecx_scalar_setup=0; caller_cleanup_calls=0; callee_ret_pop=[8]; expected_stack=8; receiver_family_members=13; same_this_callees=3; closed_callee_receiver_chain; previously_applied	3
0	0	0	0	0	00693E60	FUN_00693e60	DEFAULT	int __thiscall FUN_00693e60(void * this, int param_1)	ANALYSIS	__thiscall	__thiscall	RecoveredReceiver_00693B20	/SubmarineTitans/Recovered/HiddenThis/RecoveredReceiver_00693B20	6561	13		13	6	0	4	0	4	medium	incoming_receiver_captures=0; entry_receiver_register_captures=0; receiver_accesses=1; receiver_bulk_copies=0; incoming_edx_uses=0; calls=13; ecx_pointer_setup=6; ecx_scalar_setup=0; caller_cleanup_calls=0; callee_ret_pop=[4]; expected_stack=4; receiver_family_members=13; same_this_callees=0; adopt_untyped_existing_thiscall	3
0	0	0	0	0	00693EB0	SubmarineTitans::Recovered::HiddenThis::RecoveredReceiver_00693B20::FUN_00693eb0	DEFAULT	undefined4 __thiscall FUN_00693eb0(RecoveredReceiver_00693B20 * this, int param_1, int param_2)	ANALYSIS	__thiscall	__thiscall	RecoveredReceiver_00693B20	/SubmarineTitans/Recovered/HiddenThis/RecoveredReceiver_00693B20	6561	13		0	0	0	0	0	8	high	incoming_receiver_captures=0; entry_receiver_register_captures=1; receiver_accesses=1; receiver_bulk_copies=1; incoming_edx_uses=0; calls=0; ecx_pointer_setup=0; ecx_scalar_setup=0; caller_cleanup_calls=0; callee_ret_pop=[8]; expected_stack=8; receiver_family_members=13; same_this_callees=2; closed_callee_receiver_chain; previously_applied	3
0	0	0	0	0	006940B0	FUN_006940b0	DEFAULT	undefined __thiscall FUN_006940b0(void * this, int param_1)	ANALYSIS	__thiscall	__thiscall	RecoveredReceiver_00693B20	/SubmarineTitans/Recovered/HiddenThis/RecoveredReceiver_00693B20	6561	13		1	1	0	0	0	4	medium	incoming_receiver_captures=0; entry_receiver_register_captures=1; receiver_accesses=2; receiver_bulk_copies=0; incoming_edx_uses=0; calls=1; ecx_pointer_setup=1; ecx_scalar_setup=0; caller_cleanup_calls=0; callee_ret_pop=[4]; expected_stack=4; receiver_family_members=13; same_this_callees=3; adopt_untyped_existing_thiscall	3
0	0	0	0	0	00694200	FUN_00694200	DEFAULT	int __thiscall FUN_00694200(void * this, uint param_1)	ANALYSIS	__thiscall	__thiscall	RecoveredReceiver_00693B20	/SubmarineTitans/Recovered/HiddenThis/RecoveredReceiver_00693B20	6561	13		2	2	0	0	0	4	medium	incoming_receiver_captures=0; entry_receiver_register_captures=1; receiver_accesses=6; receiver_bulk_copies=0; incoming_edx_uses=0; calls=2; ecx_pointer_setup=2; ecx_scalar_setup=0; caller_cleanup_calls=0; callee_ret_pop=[4]; expected_stack=4; receiver_family_members=13; same_this_callees=1; adopt_untyped_existing_thiscall	3
0	0	0	0	0	00694450	FUN_00694450	DEFAULT	undefined __thiscall FUN_00694450(void * this, int param_1, byte * param_2)	ANALYSIS	__thiscall	__thiscall	RecoveredReceiver_00693B20	/SubmarineTitans/Recovered/HiddenThis/RecoveredReceiver_00693B20	6561	13		0	0	0	0	0	8	review	incoming_receiver_captures=0; entry_receiver_register_captures=1; receiver_accesses=2; receiver_bulk_copies=0; incoming_edx_uses=0; calls=0; ecx_pointer_setup=0; ecx_scalar_setup=0; caller_cleanup_calls=0; callee_ret_pop=[8]; expected_stack=8; receiver_family_members=13; same_this_callees=1; adopt_untyped_existing_thiscall	3
0	0	0	0	0	006945C0	FUN_006945c0	DEFAULT	undefined __thiscall FUN_006945c0(void * this, int * param_1)	ANALYSIS	__thiscall	__thiscall	RecoveredReceiver_00428E50	/SubmarineTitans/Recovered/HiddenThis/RecoveredReceiver_00428E50	20	32		1	1	0	0	0	4	medium	incoming_receiver_captures=0; entry_receiver_register_captures=1; receiver_accesses=8; receiver_bulk_copies=0; incoming_edx_uses=0; calls=1; ecx_pointer_setup=1; ecx_scalar_setup=0; caller_cleanup_calls=0; callee_ret_pop=[4]; expected_stack=4; receiver_family_members=32; same_this_callees=1; adopt_untyped_existing_thiscall; single_call_corroborated_by_receiver_family	3
0	0	0	0	0	00694640	FUN_00694640	DEFAULT	undefined4 __thiscall FUN_00694640(void * this, uint param_1, uint param_2, uint param_3, int param_4)	ANALYSIS	__thiscall	__thiscall	RecoveredReceiver_00694640	/SubmarineTitans/Recovered/HiddenThis/RecoveredReceiver_00694640	20	1		0	0	0	0	0	16	review	incoming_receiver_captures=0; entry_receiver_register_captures=0; receiver_accesses=4; receiver_bulk_copies=0; incoming_edx_uses=0; calls=0; ecx_pointer_setup=0; ecx_scalar_setup=0; caller_cleanup_calls=0; callee_ret_pop=[16]; expected_stack=16; receiver_family_members=1; same_this_callees=0; single_function_field_only_receiver_kept_neutral; adopt_untyped_existing_thiscall	3
0	0	0	0	0	006946C0	FUN_006946c0	DEFAULT	undefined4 __thiscall FUN_006946c0(void * this, uint param_1, uint param_2, uint param_3)	ANALYSIS	__thiscall	__thiscall	RecoveredReceiver_006946C0	/SubmarineTitans/Recovered/HiddenThis/RecoveredReceiver_006946C0	20	1		0	0	0	0	0	12	review	incoming_receiver_captures=0; entry_receiver_register_captures=0; receiver_accesses=4; receiver_bulk_copies=0; incoming_edx_uses=0; calls=0; ecx_pointer_setup=0; ecx_scalar_setup=0; caller_cleanup_calls=0; callee_ret_pop=[12]; expected_stack=12; receiver_family_members=1; same_this_callees=0; single_function_field_only_receiver_kept_neutral; adopt_untyped_existing_thiscall	3
0	0	0	0	0	00694780	FUN_00694780	DEFAULT	undefined4 __thiscall FUN_00694780(void * this, int param_1, uint param_2, uint param_3, int param_4, undefined4 param_5, uint param_6)	ANALYSIS	__thiscall	__thiscall	RecoveredReceiver_00694780	/SubmarineTitans/Recovered/HiddenThis/RecoveredReceiver_00694780	20	1		0	0	0	0	0	24	review	incoming_receiver_captures=0; entry_receiver_register_captures=0; receiver_accesses=5; receiver_bulk_copies=0; incoming_edx_uses=0; calls=0; ecx_pointer_setup=0; ecx_scalar_setup=0; caller_cleanup_calls=0; callee_ret_pop=[24]; expected_stack=24; receiver_family_members=1; same_this_callees=0; single_function_field_only_receiver_kept_neutral; adopt_untyped_existing_thiscall	3
0	0	0	0	0	00695010	FUN_00695010	DEFAULT	undefined4 __thiscall FUN_00695010(void * this, int param_1, int param_2, RecoveredRecord_00695010_96BA53C4 * param_3)	ANALYSIS	__thiscall	__thiscall	RecoveredReceiver_006937E0	/SubmarineTitans/Recovered/HiddenThis/RecoveredReceiver_006937E0	22587	14		1	1	0	0	0	12	medium	incoming_receiver_captures=0; entry_receiver_register_captures=1; receiver_accesses=2; receiver_bulk_copies=0; incoming_edx_uses=0; calls=1; ecx_pointer_setup=1; ecx_scalar_setup=0; caller_cleanup_calls=0; callee_ret_pop=[12]; expected_stack=12; receiver_family_members=14; same_this_callees=0; receiver_size_requires_review(limit=0x4000); adopt_untyped_existing_thiscall	3
0	0	0	0	0	00695CD0	FUN_00695cd0	DEFAULT	undefined __thiscall FUN_00695cd0(void * this, uint param_1, int param_2, int param_3)	ANALYSIS	__thiscall	__thiscall	RecoveredReceiver_00695CD0	/SubmarineTitans/Recovered/HiddenThis/RecoveredReceiver_00695CD0	22615	5		2	2	0	0	0	12	high	incoming_receiver_captures=1; entry_receiver_register_captures=1; receiver_accesses=6; receiver_bulk_copies=0; incoming_edx_uses=0; calls=2; ecx_pointer_setup=2; ecx_scalar_setup=0; caller_cleanup_calls=0; callee_ret_pop=[12]; expected_stack=12; receiver_family_members=5; same_this_callees=1; receiver_size_requires_review(limit=0x4000); adopt_untyped_existing_thiscall	3
0	0	0	0	0	00696050	FUN_00696050	DEFAULT	undefined __thiscall FUN_00696050(void * this, uint param_1)	ANALYSIS	__thiscall	__thiscall	RecoveredReceiver_00696050	/SubmarineTitans/Recovered/HiddenThis/RecoveredReceiver_00696050	22615	1		1	1	0	0	0	4	medium	incoming_receiver_captures=0; entry_receiver_register_captures=0; receiver_accesses=1; receiver_bulk_copies=0; incoming_edx_uses=0; calls=1; ecx_pointer_setup=1; ecx_scalar_setup=0; caller_cleanup_calls=0; callee_ret_pop=[4]; expected_stack=4; receiver_family_members=1; same_this_callees=0; receiver_size_requires_review(limit=0x4000); single_function_field_only_receiver_kept_neutral; adopt_untyped_existing_thiscall	3
0	0	0	0	0	006960D0	FUN_006960d0	DEFAULT	uint __thiscall FUN_006960d0(void * this, uint param_1, int param_2)	ANALYSIS	__thiscall	__thiscall	RecoveredReceiver_00695CD0	/SubmarineTitans/Recovered/HiddenThis/RecoveredReceiver_00695CD0	22615	5		3	3	0	0	0	8	medium	incoming_receiver_captures=0; entry_receiver_register_captures=0; receiver_accesses=1; receiver_bulk_copies=0; incoming_edx_uses=0; calls=3; ecx_pointer_setup=3; ecx_scalar_setup=0; caller_cleanup_calls=0; callee_ret_pop=[8]; expected_stack=8; receiver_family_members=5; same_this_callees=0; receiver_size_requires_review(limit=0x4000); adopt_untyped_existing_thiscall	3
0	0	0	0	0	006961B0	FUN_006961b0	DEFAULT	int __thiscall FUN_006961b0(void * this, uint param_1, uint param_2, int param_3, int param_4)	ANALYSIS	__thiscall	__thiscall	RecoveredReceiver_00695CD0	/SubmarineTitans/Recovered/HiddenThis/RecoveredReceiver_00695CD0	22615	5		2	2	0	0	0	16	medium	incoming_receiver_captures=1; entry_receiver_register_captures=0; receiver_accesses=1; receiver_bulk_copies=0; incoming_edx_uses=0; calls=2; ecx_pointer_setup=2; ecx_scalar_setup=0; caller_cleanup_calls=0; callee_ret_pop=[16]; expected_stack=16; receiver_family_members=5; same_this_callees=3; receiver_size_requires_review(limit=0x4000); adopt_untyped_existing_thiscall	3
0	0	0	0	0	00696310	FUN_00696310	DEFAULT	undefined4 __thiscall FUN_00696310(void * this, int param_1, int param_2, int * param_3, int * param_4)	ANALYSIS	__thiscall	__thiscall	RecoveredReceiver_006937E0	/SubmarineTitans/Recovered/HiddenThis/RecoveredReceiver_006937E0	22587	14		8	7	0	1	0	16	medium	incoming_receiver_captures=0; entry_receiver_register_captures=0; receiver_accesses=4; receiver_bulk_copies=0; incoming_edx_uses=1; calls=8; ecx_pointer_setup=7; ecx_scalar_setup=0; caller_cleanup_calls=0; callee_ret_pop=[16]; expected_stack=16; receiver_family_members=14; same_this_callees=0; receiver_size_requires_review(limit=0x4000); adopt_untyped_existing_thiscall	3
0	0	0	0	0	00696C40	FUN_00696c40	DEFAULT	int __thiscall FUN_00696c40(void * this, uint param_1, int param_2, uint param_3)	ANALYSIS	__thiscall	__thiscall	RecoveredReceiver_00695CD0	/SubmarineTitans/Recovered/HiddenThis/RecoveredReceiver_00695CD0	22615	5		1	1	0	0	0	12	medium	incoming_receiver_captures=0; entry_receiver_register_captures=0; receiver_accesses=1; receiver_bulk_copies=0; incoming_edx_uses=0; calls=1; ecx_pointer_setup=1; ecx_scalar_setup=0; caller_cleanup_calls=0; callee_ret_pop=[12]; expected_stack=12; receiver_family_members=5; same_this_callees=0; receiver_size_requires_review(limit=0x4000); adopt_untyped_existing_thiscall	3
0	0	0	0	0	00696D00	FUN_00696d00	DEFAULT	int __thiscall FUN_00696d00(void * this, AnonShape_00696D00_CB3CB395 * param_1, uint param_2)	ANALYSIS	__thiscall	__thiscall	RecoveredReceiver_00695CD0	/SubmarineTitans/Recovered/HiddenThis/RecoveredReceiver_00695CD0	22615	5		1	1	0	0	0	8	medium	incoming_receiver_captures=1; entry_receiver_register_captures=0; receiver_accesses=0; receiver_bulk_copies=0; incoming_edx_uses=0; calls=1; ecx_pointer_setup=1; ecx_scalar_setup=0; caller_cleanup_calls=0; callee_ret_pop=[8]; expected_stack=8; receiver_family_members=5; same_this_callees=2; receiver_size_requires_review(limit=0x4000); adopt_untyped_existing_thiscall	3
0	0	0	0	0	00696EB0	FUN_00696eb0	DEFAULT	undefined4 __stdcall FUN_00696eb0(int * param_1, int param_2, int param_3, int param_4, int param_5, int param_6, int param_7)	ANALYSIS	__stdcall	__thiscall	RecoveredReceiver_00696EB0	/SubmarineTitans/Recovered/HiddenThis/RecoveredReceiver_00696EB0	22607	1		1	1	0	0	0	28	medium	incoming_receiver_captures=1; entry_receiver_register_captures=0; receiver_accesses=4; receiver_bulk_copies=0; incoming_edx_uses=0; calls=1; ecx_pointer_setup=1; ecx_scalar_setup=0; caller_cleanup_calls=0; callee_ret_pop=[28]; expected_stack=28; receiver_family_members=1; same_this_callees=0; receiver_size_requires_review(limit=0x4000); single_function_field_only_receiver_kept_neutral	3
0	0	0	0	0	00697160	FUN_00697160	DEFAULT	undefined4 __thiscall FUN_00697160(void * this, int param_1, int param_2, int param_3)	ANALYSIS	__thiscall	__thiscall	RecoveredReceiver_00697160	/SubmarineTitans/Recovered/HiddenThis/RecoveredReceiver_00697160	12	2		0	0	0	0	0	12	review	incoming_receiver_captures=0; entry_receiver_register_captures=0; receiver_accesses=1; receiver_bulk_copies=0; incoming_edx_uses=0; calls=0; ecx_pointer_setup=0; ecx_scalar_setup=0; caller_cleanup_calls=0; callee_ret_pop=[12]; expected_stack=12; receiver_family_members=2; same_this_callees=1; adopt_untyped_existing_thiscall	3
0	0	0	0	0	00697AF0	FUN_00697af0	DEFAULT	undefined4 __thiscall FUN_00697af0(void * this, AnonShape_00697AF0_A94F4D28 * param_1, int * param_2, int * param_3, int * param_4, int * param_5)	ANALYSIS	__thiscall	__thiscall	RecoveredReceiver_00697AF0	/SubmarineTitans/Recovered/HiddenThis/RecoveredReceiver_00697AF0	22583	1		1	1	0	0	0	20	medium	incoming_receiver_captures=5; entry_receiver_register_captures=0; receiver_accesses=1; receiver_bulk_copies=0; incoming_edx_uses=0; calls=1; ecx_pointer_setup=1; ecx_scalar_setup=0; caller_cleanup_calls=0; callee_ret_pop=[20]; expected_stack=20; receiver_family_members=1; same_this_callees=0; receiver_size_requires_review(limit=0x4000); single_function_field_only_receiver_kept_neutral; adopt_untyped_existing_thiscall	3
0	0	0	0	0	00697CF0	FUN_00697cf0	DEFAULT	undefined __thiscall FUN_00697cf0(void * this, int param_1, int param_2)	ANALYSIS	__thiscall	__thiscall	RecoveredReceiver_00697CF0	/SubmarineTitans/Recovered/HiddenThis/RecoveredReceiver_00697CF0	22615	4		1	1	0	0	0	8	high	incoming_receiver_captures=7; entry_receiver_register_captures=1; receiver_accesses=12; receiver_bulk_copies=0; incoming_edx_uses=0; calls=1; ecx_pointer_setup=1; ecx_scalar_setup=0; caller_cleanup_calls=0; callee_ret_pop=[8]; expected_stack=8; receiver_family_members=4; same_this_callees=3; receiver_size_requires_review(limit=0x4000); adopt_untyped_existing_thiscall; single_call_corroborated_by_receiver_family	3
0	0	0	0	0	0069ACC0	FUN_0069acc0	DEFAULT	undefined4 __thiscall FUN_0069acc0(void * this, int param_1, int param_2, int param_3)	ANALYSIS	__thiscall	__thiscall	RecoveredReceiver_0069ACC0	/SubmarineTitans/Recovered/HiddenThis/RecoveredReceiver_0069ACC0	12	1		0	0	0	0	0	12	review	incoming_receiver_captures=0; entry_receiver_register_captures=1; receiver_accesses=3; receiver_bulk_copies=0; incoming_edx_uses=2; calls=0; ecx_pointer_setup=0; ecx_scalar_setup=0; caller_cleanup_calls=0; callee_ret_pop=[12]; expected_stack=12; receiver_family_members=1; same_this_callees=0; single_function_field_only_receiver_kept_neutral; adopt_untyped_existing_thiscall	3
0	0	0	0	0	0069B530	FUN_0069b530	DEFAULT	int __thiscall FUN_0069b530(void * this, undefined4 param_1, int param_2, int param_3, int param_4, int param_5, int * param_6, int * param_7)	ANALYSIS	__thiscall	__thiscall	RecoveredReceiver_0069B530	/SubmarineTitans/Recovered/HiddenThis/RecoveredReceiver_0069B530	22611	1		0	0	0	0	0	28	review	incoming_receiver_captures=1; entry_receiver_register_captures=0; receiver_accesses=8; receiver_bulk_copies=0; incoming_edx_uses=0; calls=0; ecx_pointer_setup=0; ecx_scalar_setup=0; caller_cleanup_calls=0; callee_ret_pop=[28]; expected_stack=28; receiver_family_members=1; same_this_callees=1; receiver_size_requires_review(limit=0x4000); single_function_field_only_receiver_kept_neutral; adopt_untyped_existing_thiscall	3
0	0	0	0	0	0069BC10	FUN_0069bc10	DEFAULT	int __thiscall FUN_0069bc10(void * this, int param_1, int * param_2, int param_3, int param_4, int * param_5, int * param_6)	ANALYSIS	__thiscall	__thiscall	RecoveredReceiver_0069BC10	/SubmarineTitans/Recovered/HiddenThis/RecoveredReceiver_0069BC10	12	1		1	1	0	0	0	24	medium	incoming_receiver_captures=1; entry_receiver_register_captures=0; receiver_accesses=1; receiver_bulk_copies=0; incoming_edx_uses=0; calls=1; ecx_pointer_setup=1; ecx_scalar_setup=0; caller_cleanup_calls=0; callee_ret_pop=[24]; expected_stack=24; receiver_family_members=1; same_this_callees=0; single_function_field_only_receiver_kept_neutral; adopt_untyped_existing_thiscall	3
0	0	0	0	0	0069C360	FUN_0069c360	DEFAULT	undefined4 __thiscall FUN_0069c360(void * this, int param_1, int * param_2, int param_3)	ANALYSIS	__thiscall	__thiscall	RecoveredReceiver_006937E0	/SubmarineTitans/Recovered/HiddenThis/RecoveredReceiver_006937E0	22587	14		1	1	0	0	0	12	medium	incoming_receiver_captures=1; entry_receiver_register_captures=0; receiver_accesses=2; receiver_bulk_copies=0; incoming_edx_uses=0; calls=1; ecx_pointer_setup=1; ecx_scalar_setup=0; caller_cleanup_calls=0; callee_ret_pop=[12]; expected_stack=12; receiver_family_members=14; same_this_callees=1; receiver_size_requires_review(limit=0x4000); adopt_untyped_existing_thiscall	3
0	0	0	0	0	0069C790	FUN_0069c790	DEFAULT	int __stdcall FUN_0069c790(uint * param_1, int param_2, uint param_3, uint param_4)	ANALYSIS	__stdcall	__thiscall	RecoveredReceiver_006937E0	/SubmarineTitans/Recovered/HiddenThis/RecoveredReceiver_006937E0	22587	14		1	1	0	0	0	16	medium	incoming_receiver_captures=1; entry_receiver_register_captures=0; receiver_accesses=0; receiver_bulk_copies=0; incoming_edx_uses=0; calls=1; ecx_pointer_setup=1; ecx_scalar_setup=0; caller_cleanup_calls=0; callee_ret_pop=[16]; expected_stack=16; receiver_family_members=14; same_this_callees=2; receiver_size_requires_review(limit=0x4000)	3
0	0	0	0	0	0069C8B0	FUN_0069c8b0	DEFAULT	uint * __stdcall FUN_0069c8b0(int param_1, int param_2, int param_3)	ANALYSIS	__stdcall	__thiscall	RecoveredReceiver_006937E0	/SubmarineTitans/Recovered/HiddenThis/RecoveredReceiver_006937E0	22587	14		1	1	0	0	0	12	medium	incoming_receiver_captures=1; entry_receiver_register_captures=0; receiver_accesses=0; receiver_bulk_copies=0; incoming_edx_uses=0; calls=1; ecx_pointer_setup=1; ecx_scalar_setup=0; caller_cleanup_calls=0; callee_ret_pop=[12]; expected_stack=12; receiver_family_members=14; same_this_callees=4; receiver_size_requires_review(limit=0x4000)	3
0	0	0	0	0	0069E4D0	FUN_0069e4d0	DEFAULT	undefined __thiscall FUN_0069e4d0(void * this, AnonShape_0069E4D0_CD38140A * param_1, int param_2, int param_3, int param_4, int param_5)	ANALYSIS	__thiscall	__thiscall	RecoveredReceiver_006937E0	/SubmarineTitans/Recovered/HiddenThis/RecoveredReceiver_006937E0	22587	14		1	1	0	0	0	20	medium	incoming_receiver_captures=1; entry_receiver_register_captures=0; receiver_accesses=0; receiver_bulk_copies=0; incoming_edx_uses=0; calls=1; ecx_pointer_setup=1; ecx_scalar_setup=0; caller_cleanup_calls=0; callee_ret_pop=[20]; expected_stack=20; receiver_family_members=14; same_this_callees=2; receiver_size_requires_review(limit=0x4000); adopt_untyped_existing_thiscall	3
0	0	0	0	0	0069ECE0	FUN_0069ece0	DEFAULT	undefined __thiscall FUN_0069ece0(void * this, int param_1, int param_2)	ANALYSIS	__thiscall	__thiscall	RecoveredReceiver_006937E0	/SubmarineTitans/Recovered/HiddenThis/RecoveredReceiver_006937E0	22587	14		0	0	0	0	0	8	review	incoming_receiver_captures=0; entry_receiver_register_captures=1; receiver_accesses=2; receiver_bulk_copies=0; incoming_edx_uses=0; calls=0; ecx_pointer_setup=0; ecx_scalar_setup=0; caller_cleanup_calls=0; callee_ret_pop=[8]; expected_stack=8; receiver_family_members=14; same_this_callees=5; receiver_size_requires_review(limit=0x4000); adopt_untyped_existing_thiscall	3
0	0	0	0	0	0069F160	FUN_0069f160	DEFAULT	int __thiscall FUN_0069f160(void * this, int param_1, int param_2, int param_3, int param_4)	ANALYSIS	__thiscall	__thiscall	RecoveredReceiver_0069F160	/SubmarineTitans/Recovered/HiddenThis/RecoveredReceiver_0069F160	12	2		1	1	0	0	0	16	medium	incoming_receiver_captures=1; entry_receiver_register_captures=0; receiver_accesses=2; receiver_bulk_copies=0; incoming_edx_uses=0; calls=1; ecx_pointer_setup=1; ecx_scalar_setup=0; caller_cleanup_calls=0; callee_ret_pop=[16]; expected_stack=16; receiver_family_members=2; same_this_callees=4; adopt_untyped_existing_thiscall	3
0	0	0	0	0	0069F5C0	FUN_0069f5c0	DEFAULT	undefined __thiscall FUN_0069f5c0(void * this, uint param_1, uint param_2, uint param_3)	ANALYSIS	__thiscall	__thiscall	RecoveredReceiver_0069F160	/SubmarineTitans/Recovered/HiddenThis/RecoveredReceiver_0069F160	12	2		1	1	0	0	0	12	medium	incoming_receiver_captures=0; entry_receiver_register_captures=1; receiver_accesses=0; receiver_bulk_copies=0; incoming_edx_uses=0; calls=1; ecx_pointer_setup=1; ecx_scalar_setup=0; caller_cleanup_calls=0; callee_ret_pop=[12]; expected_stack=12; receiver_family_members=2; same_this_callees=2; adopt_untyped_existing_thiscall	3
0	0	0	0	0	006A06D0	FUN_006a06d0	DEFAULT	uint __thiscall FUN_006a06d0(void * this, int param_1, int param_2)	ANALYSIS	__thiscall	__thiscall	RecoveredReceiver_006937E0	/SubmarineTitans/Recovered/HiddenThis/RecoveredReceiver_006937E0	22587	14		1	1	0	0	0	8	medium	incoming_receiver_captures=0; entry_receiver_register_captures=0; receiver_accesses=2; receiver_bulk_copies=0; incoming_edx_uses=0; calls=1; ecx_pointer_setup=1; ecx_scalar_setup=0; caller_cleanup_calls=0; callee_ret_pop=[8]; expected_stack=8; receiver_family_members=14; same_this_callees=0; receiver_size_requires_review(limit=0x4000); adopt_untyped_existing_thiscall	3
0	0	0	0	0	006A0AE0	FUN_006a0ae0	DEFAULT	void __thiscall FUN_006a0ae0(void * this, int param_1, int param_2, undefined4 param_3, int param_4, uint param_5)	ANALYSIS	__thiscall	__thiscall	RecoveredReceiver_006937E0	/SubmarineTitans/Recovered/HiddenThis/RecoveredReceiver_006937E0	22587	14		12	12	0	0	0	20	medium	incoming_receiver_captures=0; entry_receiver_register_captures=1; receiver_accesses=5; receiver_bulk_copies=0; incoming_edx_uses=0; calls=12; ecx_pointer_setup=12; ecx_scalar_setup=0; caller_cleanup_calls=0; callee_ret_pop=[20]; expected_stack=20; receiver_family_members=14; same_this_callees=1; receiver_size_requires_review(limit=0x4000); adopt_untyped_existing_thiscall	3
0	0	0	0	0	006A0C90	FUN_006a0c90	DEFAULT	void __stdcall FUN_006a0c90(uint param_1, int param_2, int param_3, uint param_4, int param_5, int param_6, uint param_7)	ANALYSIS	__stdcall	__thiscall	RecoveredReceiver_00697CF0	/SubmarineTitans/Recovered/HiddenThis/RecoveredReceiver_00697CF0	22615	4		6	6	0	0	0	28	medium	incoming_receiver_captures=1; entry_receiver_register_captures=0; receiver_accesses=1; receiver_bulk_copies=0; incoming_edx_uses=0; calls=6; ecx_pointer_setup=6; ecx_scalar_setup=0; caller_cleanup_calls=0; callee_ret_pop=[28]; expected_stack=28; receiver_family_members=4; same_this_callees=0; receiver_size_requires_review(limit=0x4000)	3
0	0	0	0	0	006A0DA0	FUN_006a0da0	DEFAULT	void __thiscall FUN_006a0da0(void * this, uint param_1, int param_2, uint param_3, int param_4, int param_5, int param_6)	ANALYSIS	__thiscall	__thiscall	RecoveredReceiver_00697CF0	/SubmarineTitans/Recovered/HiddenThis/RecoveredReceiver_00697CF0	22615	4		2	2	0	0	0	24	medium	incoming_receiver_captures=0; entry_receiver_register_captures=1; receiver_accesses=1; receiver_bulk_copies=0; incoming_edx_uses=0; calls=2; ecx_pointer_setup=2; ecx_scalar_setup=0; caller_cleanup_calls=0; callee_ret_pop=[24]; expected_stack=24; receiver_family_members=4; same_this_callees=1; receiver_size_requires_review(limit=0x4000); adopt_untyped_existing_thiscall	3
0	0	0	0	0	006D4FF0	FUN_006d4ff0	DEFAULT	undefined4 * __thiscall FUN_006d4ff0(void * this, undefined4 param_1, int param_2, undefined4 * param_3, RecoveredRecord_006D4FF0_C0FB69E1 * param_4)	ANALYSIS	__thiscall	__thiscall	RecoveredReceiver_006D4FF0	/SubmarineTitans/Recovered/HiddenThis/RecoveredReceiver_006D4FF0	788	1		1	1	0	0	0	16	medium	incoming_receiver_captures=0; entry_receiver_register_captures=1; receiver_accesses=11; receiver_bulk_copies=0; incoming_edx_uses=0; calls=1; ecx_pointer_setup=1; ecx_scalar_setup=0; caller_cleanup_calls=0; callee_ret_pop=[16]; expected_stack=16; receiver_family_members=1; same_this_callees=1; single_function_field_only_receiver_kept_neutral; adopt_untyped_existing_thiscall	3
0	0	0	0	0	006D5170	FUN_006d5170	DEFAULT	int * __thiscall FUN_006d5170(void * this, byte param_1)	ANALYSIS	__thiscall	__thiscall	RecoveredReceiver_006D5170	/SubmarineTitans/Recovered/HiddenThis/RecoveredReceiver_006D5170	4	1		0	0	0	0	0	4	review	incoming_receiver_captures=0; entry_receiver_register_captures=1; receiver_accesses=0; receiver_bulk_copies=0; incoming_edx_uses=0; calls=0; ecx_pointer_setup=0; ecx_scalar_setup=0; caller_cleanup_calls=0; callee_ret_pop=[4]; expected_stack=4; receiver_family_members=1; same_this_callees=1; single_function_field_only_receiver_kept_neutral; adopt_untyped_existing_thiscall	3
0	0	0	0	0	006D5200	FUN_006d5200	DEFAULT	uint __thiscall FUN_006d5200(void * this, int * param_1)	ANALYSIS	__thiscall	__thiscall	RecoveredReceiver_006D5200	/SubmarineTitans/Recovered/HiddenThis/RecoveredReceiver_006D5200	652	1		0	0	0	0	0	4	review	incoming_receiver_captures=0; entry_receiver_register_captures=0; receiver_accesses=1; receiver_bulk_copies=0; incoming_edx_uses=0; calls=0; ecx_pointer_setup=0; ecx_scalar_setup=0; caller_cleanup_calls=0; callee_ret_pop=[4]; expected_stack=4; receiver_family_members=1; same_this_callees=0; single_function_field_only_receiver_kept_neutral; adopt_untyped_existing_thiscall	3
0	0	0	0	0	006D5230	FUN_006d5230	DEFAULT	undefined4 __thiscall FUN_006d5230(void * this, int param_1)	ANALYSIS	__thiscall	__thiscall	RecoveredReceiver_006D5230	/SubmarineTitans/Recovered/HiddenThis/RecoveredReceiver_006D5230	124	1		0	0	0	0	0	4	review	incoming_receiver_captures=0; entry_receiver_register_captures=0; receiver_accesses=3; receiver_bulk_copies=0; incoming_edx_uses=0; calls=0; ecx_pointer_setup=0; ecx_scalar_setup=0; caller_cleanup_calls=0; callee_ret_pop=[4]; expected_stack=4; receiver_family_members=1; same_this_callees=0; single_function_field_only_receiver_kept_neutral; adopt_untyped_existing_thiscall	3
0	0	0	0	0	006D5260	FUN_006d5260	DEFAULT	undefined4 __thiscall FUN_006d5260(void * this, undefined4 * param_1)	ANALYSIS	__thiscall	__thiscall	RecoveredReceiver_006D5260	/SubmarineTitans/Recovered/HiddenThis/RecoveredReceiver_006D5260	652	1		0	0	0	0	0	4	review	incoming_receiver_captures=2; entry_receiver_register_captures=1; receiver_accesses=3; receiver_bulk_copies=0; incoming_edx_uses=0; calls=0; ecx_pointer_setup=0; ecx_scalar_setup=0; caller_cleanup_calls=0; callee_ret_pop=[4]; expected_stack=4; receiver_family_members=1; same_this_callees=2; single_function_field_only_receiver_kept_neutral; adopt_untyped_existing_thiscall	3
0	0	0	0	0	006D5720	FUN_006d5720	DEFAULT	undefined4 * __thiscall FUN_006d5720(void * this, undefined4 param_1, int param_2, undefined4 param_3, undefined4 param_4, char * text)	ANALYSIS	__thiscall	__thiscall	RecoveredReceiver_006D5720	/SubmarineTitans/Recovered/HiddenThis/RecoveredReceiver_006D5720	236	1		1	1	0	0	0	20	medium	incoming_receiver_captures=0; entry_receiver_register_captures=1; receiver_accesses=7; receiver_bulk_copies=0; incoming_edx_uses=0; calls=1; ecx_pointer_setup=1; ecx_scalar_setup=0; caller_cleanup_calls=0; callee_ret_pop=[20]; expected_stack=20; receiver_family_members=1; same_this_callees=1; single_function_field_only_receiver_kept_neutral; adopt_untyped_existing_thiscall	3
0	0	0	0	0	006D57F0	FUN_006d57f0	DEFAULT	undefined4 * __thiscall FUN_006d57f0(void * this, byte param_1)	ANALYSIS	__thiscall	__thiscall	RecoveredReceiver_006D57F0	/SubmarineTitans/Recovered/HiddenThis/RecoveredReceiver_006D57F0	4	1		0	0	0	0	0	4	review	incoming_receiver_captures=0; entry_receiver_register_captures=1; receiver_accesses=0; receiver_bulk_copies=0; incoming_edx_uses=0; calls=0; ecx_pointer_setup=0; ecx_scalar_setup=0; caller_cleanup_calls=0; callee_ret_pop=[4]; expected_stack=4; receiver_family_members=1; same_this_callees=1; single_function_field_only_receiver_kept_neutral; adopt_untyped_existing_thiscall	3
0	0	0	0	0	006D58C0	FUN_006d58c0	DEFAULT	undefined4 __thiscall FUN_006d58c0(void * this, int param_1, undefined4 * param_2)	ANALYSIS	__thiscall	__thiscall	RecoveredReceiver_006D58C0	/SubmarineTitans/Recovered/HiddenThis/RecoveredReceiver_006D58C0	232	1		0	0	0	0	0	8	review	incoming_receiver_captures=1; entry_receiver_register_captures=1; receiver_accesses=4; receiver_bulk_copies=0; incoming_edx_uses=0; calls=0; ecx_pointer_setup=0; ecx_scalar_setup=0; caller_cleanup_calls=0; callee_ret_pop=[8]; expected_stack=8; receiver_family_members=1; same_this_callees=0; single_function_field_only_receiver_kept_neutral; adopt_untyped_existing_thiscall	3
0	0	0	0	0	006D5CD0	FUN_006d5cd0	DEFAULT	undefined4 * __thiscall FUN_006d5cd0(void * this, undefined4 param_1, undefined4 param_2, undefined4 * param_3)	ANALYSIS	__thiscall	__thiscall	RecoveredReceiver_006D5CD0	/SubmarineTitans/Recovered/HiddenThis/RecoveredReceiver_006D5CD0	116	1		1	1	0	0	0	12	medium	incoming_receiver_captures=0; entry_receiver_register_captures=1; receiver_accesses=9; receiver_bulk_copies=0; incoming_edx_uses=0; calls=1; ecx_pointer_setup=1; ecx_scalar_setup=0; caller_cleanup_calls=0; callee_ret_pop=[12]; expected_stack=12; receiver_family_members=1; same_this_callees=1; single_function_field_only_receiver_kept_neutral; adopt_untyped_existing_thiscall	3
0	0	0	0	0	006D5D80	FUN_006d5d80	DEFAULT	undefined4 * __thiscall FUN_006d5d80(void * this, byte param_1)	ANALYSIS	__thiscall	__thiscall	RecoveredReceiver_006D5D80	/SubmarineTitans/Recovered/HiddenThis/RecoveredReceiver_006D5D80	4	1		0	0	0	0	0	4	review	incoming_receiver_captures=0; entry_receiver_register_captures=1; receiver_accesses=0; receiver_bulk_copies=0; incoming_edx_uses=0; calls=0; ecx_pointer_setup=0; ecx_scalar_setup=0; caller_cleanup_calls=0; callee_ret_pop=[4]; expected_stack=4; receiver_family_members=1; same_this_callees=1; single_function_field_only_receiver_kept_neutral; adopt_untyped_existing_thiscall	3
0	0	0	0	0	006D6110	FUN_006d6110	DEFAULT	undefined __thiscall FUN_006d6110(void * this, undefined4 param_1)	ANALYSIS	__thiscall	__thiscall	RecoveredReceiver_006D6110	/SubmarineTitans/Recovered/HiddenThis/RecoveredReceiver_006D6110	92	1		1	1	0	0	0	4	medium	incoming_receiver_captures=0; entry_receiver_register_captures=0; receiver_accesses=1; receiver_bulk_copies=0; incoming_edx_uses=0; calls=1; ecx_pointer_setup=1; ecx_scalar_setup=0; caller_cleanup_calls=0; callee_ret_pop=[4]; expected_stack=4; receiver_family_members=1; same_this_callees=0; single_function_field_only_receiver_kept_neutral; adopt_untyped_existing_thiscall	3
0	0	0	0	0	006D6160	FUN_006d6160	DEFAULT	undefined4 * __thiscall FUN_006d6160(void * this, undefined4 param_1, undefined4 param_2, undefined4 param_3, undefined4 param_4, undefined4 param_5)	ANALYSIS	__thiscall	__thiscall	RecoveredReceiver_006D6160	/SubmarineTitans/Recovered/HiddenThis/RecoveredReceiver_006D6160	4	1		1	1	0	0	0	20	medium	incoming_receiver_captures=0; entry_receiver_register_captures=1; receiver_accesses=1; receiver_bulk_copies=0; incoming_edx_uses=0; calls=1; ecx_pointer_setup=1; ecx_scalar_setup=0; caller_cleanup_calls=0; callee_ret_pop=[20]; expected_stack=20; receiver_family_members=1; same_this_callees=1; single_function_field_only_receiver_kept_neutral; adopt_untyped_existing_thiscall	3
0	0	0	0	0	006D6190	FUN_006d6190	DEFAULT	undefined4 * __thiscall FUN_006d6190(void * this, byte param_1)	ANALYSIS	__thiscall	__thiscall	RecoveredReceiver_006D6190	/SubmarineTitans/Recovered/HiddenThis/RecoveredReceiver_006D6190	4	1		0	0	0	0	0	4	review	incoming_receiver_captures=0; entry_receiver_register_captures=1; receiver_accesses=0; receiver_bulk_copies=0; incoming_edx_uses=0; calls=0; ecx_pointer_setup=0; ecx_scalar_setup=0; caller_cleanup_calls=0; callee_ret_pop=[4]; expected_stack=4; receiver_family_members=1; same_this_callees=1; single_function_field_only_receiver_kept_neutral; adopt_untyped_existing_thiscall	3
0	0	0	0	0	006D63E0	SubmarineTitans::Recovered::HiddenThis::RecoveredReceiver_006CEC40::FUN_006d63e0	DEFAULT	int __thiscall FUN_006d63e0(RecoveredReceiver_006CEC40 * this, int * param_1)	ANALYSIS	__thiscall	__thiscall	RecoveredReceiver_006CEC40	/SubmarineTitans/Recovered/HiddenThis/RecoveredReceiver_006CEC40	788	3		1	1	0	0	0	4	high	incoming_receiver_captures=1; entry_receiver_register_captures=1; receiver_accesses=17; receiver_bulk_copies=0; incoming_edx_uses=0; calls=1; ecx_pointer_setup=1; ecx_scalar_setup=0; caller_cleanup_calls=0; callee_ret_pop=[4]; expected_stack=4; receiver_family_members=3; same_this_callees=1; previously_applied; single_call_corroborated_by_receiver_family	3
0	0	0	0	0	006D6A10	FUN_006d6a10	DEFAULT	int __thiscall FUN_006d6a10(void * this, int * param_1)	ANALYSIS	__thiscall	__thiscall	RecoveredReceiver_006CEC40	/SubmarineTitans/Recovered/HiddenThis/RecoveredReceiver_006CEC40	788	3		0	0	0	0	0	4	review	incoming_receiver_captures=1; entry_receiver_register_captures=1; receiver_accesses=35; receiver_bulk_copies=0; incoming_edx_uses=0; calls=0; ecx_pointer_setup=0; ecx_scalar_setup=0; caller_cleanup_calls=0; callee_ret_pop=[4]; expected_stack=4; receiver_family_members=3; same_this_callees=2; adopt_untyped_existing_thiscall	3
0	0	0	0	0	006D7000	FUN_006d7000	DEFAULT	undefined4 __thiscall FUN_006d7000(void * this, int * param_1)	ANALYSIS	__thiscall	__thiscall	RecoveredReceiver_006D7000	/SubmarineTitans/Recovered/HiddenThis/RecoveredReceiver_006D7000	228	1		0	0	0	0	0	4	review	incoming_receiver_captures=0; entry_receiver_register_captures=0; receiver_accesses=1; receiver_bulk_copies=0; incoming_edx_uses=0; calls=0; ecx_pointer_setup=0; ecx_scalar_setup=0; caller_cleanup_calls=0; callee_ret_pop=[4]; expected_stack=4; receiver_family_members=1; same_this_callees=0; single_function_field_only_receiver_kept_neutral; adopt_untyped_existing_thiscall	3
0	0	0	0	0	006D7060	FUN_006d7060	DEFAULT	undefined __thiscall FUN_006d7060(void * this, undefined4 param_1)	ANALYSIS	__thiscall	__thiscall	RecoveredReceiver_006D7060	/SubmarineTitans/Recovered/HiddenThis/RecoveredReceiver_006D7060	228	1		0	0	0	0	0	4	review	incoming_receiver_captures=0; entry_receiver_register_captures=0; receiver_accesses=2; receiver_bulk_copies=0; incoming_edx_uses=0; calls=0; ecx_pointer_setup=0; ecx_scalar_setup=0; caller_cleanup_calls=0; callee_ret_pop=[4]; expected_stack=4; receiver_family_members=1; same_this_callees=1; single_function_field_only_receiver_kept_neutral; adopt_untyped_existing_thiscall	3
0	0	0	0	0	006D70B0	FUN_006d70b0	DEFAULT	undefined4 * __thiscall FUN_006d70b0(void * this, undefined4 param_1, int param_2, undefined4 param_3, undefined4 param_4)	ANALYSIS	__thiscall	__thiscall	RecoveredReceiver_006D70B0	/SubmarineTitans/Recovered/HiddenThis/RecoveredReceiver_006D70B0	164	1		1	1	0	0	0	16	medium	incoming_receiver_captures=0; entry_receiver_register_captures=1; receiver_accesses=4; receiver_bulk_copies=0; incoming_edx_uses=0; calls=1; ecx_pointer_setup=1; ecx_scalar_setup=0; caller_cleanup_calls=0; callee_ret_pop=[16]; expected_stack=16; receiver_family_members=1; same_this_callees=1; single_function_field_only_receiver_kept_neutral; adopt_untyped_existing_thiscall	3
0	0	0	0	0	006D71A0	FUN_006d71a0	DEFAULT	undefined4 * __thiscall FUN_006d71a0(void * this, byte param_1)	ANALYSIS	__thiscall	__thiscall	RecoveredReceiver_006D71A0	/SubmarineTitans/Recovered/HiddenThis/RecoveredReceiver_006D71A0	4	1		0	0	0	0	0	4	review	incoming_receiver_captures=0; entry_receiver_register_captures=1; receiver_accesses=0; receiver_bulk_copies=0; incoming_edx_uses=0; calls=0; ecx_pointer_setup=0; ecx_scalar_setup=0; caller_cleanup_calls=0; callee_ret_pop=[4]; expected_stack=4; receiver_family_members=1; same_this_callees=1; single_function_field_only_receiver_kept_neutral; adopt_untyped_existing_thiscall	3
0	0	0	0	0	006D71D0	FUN_006d71d0	DEFAULT	undefined4 __thiscall FUN_006d71d0(void * this, int param_1)	ANALYSIS	__thiscall	__thiscall	RecoveredReceiver_006D71D0	/SubmarineTitans/Recovered/HiddenThis/RecoveredReceiver_006D71D0	148	1		0	0	0	0	0	4	review	incoming_receiver_captures=0; entry_receiver_register_captures=1; receiver_accesses=5; receiver_bulk_copies=0; incoming_edx_uses=0; calls=0; ecx_pointer_setup=0; ecx_scalar_setup=0; caller_cleanup_calls=0; callee_ret_pop=[4]; expected_stack=4; receiver_family_members=1; same_this_callees=1; single_function_field_only_receiver_kept_neutral; adopt_untyped_existing_thiscall	3
0	0	0	0	0	006D7350	FUN_006d7350	DEFAULT	undefined4 * __thiscall FUN_006d7350(void * this, byte param_1)	ANALYSIS	__thiscall	__thiscall	RecoveredReceiver_006D7350	/SubmarineTitans/Recovered/HiddenThis/RecoveredReceiver_006D7350	4	1		2	0	0	2	0	4	review	incoming_receiver_captures=0; entry_receiver_register_captures=1; receiver_accesses=0; receiver_bulk_copies=0; incoming_edx_uses=0; calls=2; ecx_pointer_setup=0; ecx_scalar_setup=0; caller_cleanup_calls=0; callee_ret_pop=[4]; expected_stack=4; receiver_family_members=1; same_this_callees=1; single_function_field_only_receiver_kept_neutral; adopt_untyped_existing_thiscall	3
0	0	0	0	0	006D7380	FUN_006d7380	DEFAULT	undefined4 __thiscall FUN_006d7380(void * this, int param_1)	ANALYSIS	__thiscall	__thiscall	RecoveredReceiver_006D7380	/SubmarineTitans/Recovered/HiddenThis/RecoveredReceiver_006D7380	68	1		0	0	0	0	0	4	review	incoming_receiver_captures=0; entry_receiver_register_captures=1; receiver_accesses=1; receiver_bulk_copies=0; incoming_edx_uses=0; calls=0; ecx_pointer_setup=0; ecx_scalar_setup=0; caller_cleanup_calls=0; callee_ret_pop=[8]; expected_stack=4; receiver_family_members=1; same_this_callees=0; stack_discipline_mismatch; single_function_field_only_receiver_kept_neutral; adopt_untyped_existing_thiscall	3
0	0	0	0	0	006E2B60	FUN_006e2b60	DEFAULT	undefined __thiscall FUN_006e2b60(void * this, AnonShape_006E2B60_E36B924C * param_1, int param_2, int param_3, int * param_4)	ANALYSIS	__thiscall	__thiscall	RecoveredReceiver_006E2B60	/SubmarineTitans/Recovered/HiddenThis/RecoveredReceiver_006E2B60	173	1		1	0	0	0	0	16	review	incoming_receiver_captures=0; entry_receiver_register_captures=1; receiver_accesses=1; receiver_bulk_copies=0; incoming_edx_uses=0; calls=1; ecx_pointer_setup=0; ecx_scalar_setup=0; caller_cleanup_calls=0; callee_ret_pop=[16]; expected_stack=16; receiver_family_members=1; same_this_callees=1; single_function_field_only_receiver_kept_neutral; adopt_untyped_existing_thiscall	3
0	0	0	0	0	006E3680	FUN_006e3680	DEFAULT	void __stdcall FUN_006e3680(DArrayTy * param_1)	ANALYSIS	__stdcall	__thiscall	RecoveredReceiver_006E3680	/SubmarineTitans/Recovered/HiddenThis/RecoveredReceiver_006E3680	4	1		3	3	0	0	0	4	medium	incoming_receiver_captures=0; entry_receiver_register_captures=1; receiver_accesses=0; receiver_bulk_copies=0; incoming_edx_uses=0; calls=3; ecx_pointer_setup=3; ecx_scalar_setup=0; caller_cleanup_calls=0; callee_ret_pop=[4]; expected_stack=4; receiver_family_members=1; same_this_callees=1; single_function_field_only_receiver_kept_neutral	3
0	0	0	0	0	006E3A90	FUN_006e3a90	DEFAULT	int __thiscall FUN_006e3a90(void * this, int param_1, undefined4 * param_2)	ANALYSIS	__thiscall	__thiscall	RecoveredReceiver_006E3450	/SubmarineTitans/Recovered/HiddenThis/RecoveredReceiver_006E3450	20	3		1	1	0	0	0	8	medium	incoming_receiver_captures=0; entry_receiver_register_captures=0; receiver_accesses=1; receiver_bulk_copies=0; incoming_edx_uses=0; calls=1; ecx_pointer_setup=1; ecx_scalar_setup=0; caller_cleanup_calls=0; callee_ret_pop=[8]; expected_stack=8; receiver_family_members=3; same_this_callees=1; adopt_untyped_existing_thiscall	3
0	0	0	0	0	006E45A0	FUN_006e45a0	DEFAULT	int __thiscall FUN_006e45a0(void * this, int param_1)	ANALYSIS	__thiscall	__thiscall	RecoveredReceiver_006E45A0	/SubmarineTitans/Recovered/HiddenThis/RecoveredReceiver_006E45A0	20	5		10	9	0	0	0	4	medium	incoming_receiver_captures=0; entry_receiver_register_captures=0; receiver_accesses=1; receiver_bulk_copies=0; incoming_edx_uses=0; calls=10; ecx_pointer_setup=9; ecx_scalar_setup=0; caller_cleanup_calls=0; callee_ret_pop=[4]; expected_stack=4; receiver_family_members=5; same_this_callees=1; adopt_untyped_existing_thiscall	3
0	0	0	0	0	006E4620	FUN_006e4620	DEFAULT	undefined4 __thiscall FUN_006e4620(void * this, RecoveredRecord_006E4620_6462A208 * param_1)	ANALYSIS	__thiscall	__thiscall	RecoveredReceiver_006E45A0	/SubmarineTitans/Recovered/HiddenThis/RecoveredReceiver_006E45A0	20	5		0	0	0	0	0	4	review	incoming_receiver_captures=0; entry_receiver_register_captures=1; receiver_accesses=0; receiver_bulk_copies=0; incoming_edx_uses=0; calls=0; ecx_pointer_setup=0; ecx_scalar_setup=0; caller_cleanup_calls=0; callee_ret_pop=[4]; expected_stack=4; receiver_family_members=5; same_this_callees=2; adopt_untyped_existing_thiscall	3
0	0	0	0	0	006E4B80	FUN_006e4b80	DEFAULT	void __thiscall FUN_006e4b80(void * this, RecoveredRecord_006E4B80_A7B295CE * param_1)	ANALYSIS	__thiscall	__thiscall	RecoveredReceiver_006E45A0	/SubmarineTitans/Recovered/HiddenThis/RecoveredReceiver_006E45A0	20	5		6	6	0	0	0	4	medium	incoming_receiver_captures=0; entry_receiver_register_captures=1; receiver_accesses=0; receiver_bulk_copies=0; incoming_edx_uses=0; calls=6; ecx_pointer_setup=6; ecx_scalar_setup=0; caller_cleanup_calls=0; callee_ret_pop=[4]; expected_stack=4; receiver_family_members=5; same_this_callees=2; adopt_untyped_existing_thiscall	3
0	0	0	0	0	006E4C30	FUN_006e4c30	DEFAULT	undefined __thiscall FUN_006e4c30(void * this, RecoveredRecord_006E4C30_151FBAE9 * param_1)	ANALYSIS	__thiscall	__thiscall	RecoveredReceiver_006E45A0	/SubmarineTitans/Recovered/HiddenThis/RecoveredReceiver_006E45A0	20	5		1	0	0	0	0	4	review	incoming_receiver_captures=0; entry_receiver_register_captures=1; receiver_accesses=0; receiver_bulk_copies=0; incoming_edx_uses=0; calls=1; ecx_pointer_setup=0; ecx_scalar_setup=0; caller_cleanup_calls=0; callee_ret_pop=[4]; expected_stack=4; receiver_family_members=5; same_this_callees=2; adopt_untyped_existing_thiscall	3
0	0	0	0	0	006E4D20	FUN_006e4d20	DEFAULT	void __thiscall FUN_006e4d20(void * this, DebugSystemC * param_1)	ANALYSIS	__thiscall	__thiscall	RecoveredReceiver_006E4D20	/SubmarineTitans/Recovered/HiddenThis/RecoveredReceiver_006E4D20	20	1		2	2	0	0	0	4	medium	incoming_receiver_captures=0; entry_receiver_register_captures=0; receiver_accesses=1; receiver_bulk_copies=0; incoming_edx_uses=0; calls=2; ecx_pointer_setup=2; ecx_scalar_setup=0; caller_cleanup_calls=0; callee_ret_pop=[4]; expected_stack=4; receiver_family_members=1; same_this_callees=1; single_function_field_only_receiver_kept_neutral; adopt_untyped_existing_thiscall	3
0	0	0	0	0	006E5380	FUN_006e5380	DEFAULT	int __thiscall FUN_006e5380(void * this, int param_1, undefined4 * param_2)	ANALYSIS	__thiscall	__thiscall	RecoveredReceiver_006E3450	/SubmarineTitans/Recovered/HiddenThis/RecoveredReceiver_006E3450	20	3		1	1	0	0	0	8	medium	incoming_receiver_captures=0; entry_receiver_register_captures=0; receiver_accesses=1; receiver_bulk_copies=0; incoming_edx_uses=0; calls=1; ecx_pointer_setup=1; ecx_scalar_setup=0; caller_cleanup_calls=0; callee_ret_pop=[8]; expected_stack=8; receiver_family_members=3; same_this_callees=1; adopt_untyped_existing_thiscall	3
0	0	0	0	0	006E5670	FUN_006e5670	DEFAULT	undefined __thiscall FUN_006e5670(void * this, undefined4 param_1, undefined4 param_2, undefined4 param_3, undefined4 param_4)	ANALYSIS	__thiscall	__thiscall	RecoveredReceiver_006E5670	/SubmarineTitans/Recovered/HiddenThis/RecoveredReceiver_006E5670	4	1	0x8	0	0	0	0	0	16	review	incoming_receiver_captures=0; entry_receiver_register_captures=0; receiver_accesses=1; receiver_bulk_copies=0; incoming_edx_uses=0; calls=0; ecx_pointer_setup=0; ecx_scalar_setup=0; caller_cleanup_calls=0; callee_ret_pop=[16]; expected_stack=16; receiver_family_members=1; same_this_callees=0; adopt_untyped_existing_thiscall	3
0	0	0	0	0	006E5690	FUN_006e5690	DEFAULT	undefined __thiscall FUN_006e5690(void * this, undefined4 param_1, undefined4 param_2)	ANALYSIS	__thiscall	__thiscall	RecoveredReceiver_006E5690	/SubmarineTitans/Recovered/HiddenThis/RecoveredReceiver_006E5690	4	1	0x8	0	0	0	0	0	8	review	incoming_receiver_captures=0; entry_receiver_register_captures=0; receiver_accesses=1; receiver_bulk_copies=0; incoming_edx_uses=0; calls=0; ecx_pointer_setup=0; ecx_scalar_setup=0; caller_cleanup_calls=0; callee_ret_pop=[8]; expected_stack=8; receiver_family_members=1; same_this_callees=0; adopt_untyped_existing_thiscall	3
0	0	0	0	0	006E5FB0	sub_006E5FB0	ANALYSIS	void * __thiscall sub_006E5FB0(void * this)	ANALYSIS	__thiscall	__thiscall	RecoveredReceiver_006E5FB0	/SubmarineTitans/Recovered/HiddenThis/RecoveredReceiver_006E5FB0	28	2		45	35	0	10	0	0	medium	incoming_receiver_captures=0; entry_receiver_register_captures=0; receiver_accesses=6; receiver_bulk_copies=0; incoming_edx_uses=0; calls=45; ecx_pointer_setup=35; ecx_scalar_setup=0; caller_cleanup_calls=0; callee_ret_pop=[0]; expected_stack=0; receiver_family_members=2; same_this_callees=0; adopt_untyped_existing_thiscall	3
0	0	0	0	0	006E5FE0	FUN_006e5fe0	DEFAULT	int __thiscall FUN_006e5fe0(void * this, undefined4 * param_1)	ANALYSIS	__thiscall	__thiscall	RecoveredReceiver_006E5FE0	/SubmarineTitans/Recovered/HiddenThis/RecoveredReceiver_006E5FE0	522	6		83	75	0	7	0	4	medium	incoming_receiver_captures=0; entry_receiver_register_captures=0; receiver_accesses=2; receiver_bulk_copies=0; incoming_edx_uses=0; calls=83; ecx_pointer_setup=75; ecx_scalar_setup=0; caller_cleanup_calls=0; callee_ret_pop=[4]; expected_stack=4; receiver_family_members=6; same_this_callees=0; adopt_untyped_existing_thiscall	3
0	0	0	0	0	006E6020	FUN_006e6020	DEFAULT	int __thiscall FUN_006e6020(void * this, undefined4 * param_1)	ANALYSIS	__thiscall	__thiscall	RecoveredReceiver_006E6020	/SubmarineTitans/Recovered/HiddenThis/RecoveredReceiver_006E6020	20	1		31	28	0	1	0	4	medium	incoming_receiver_captures=0; entry_receiver_register_captures=0; receiver_accesses=2; receiver_bulk_copies=0; incoming_edx_uses=0; calls=31; ecx_pointer_setup=28; ecx_scalar_setup=0; caller_cleanup_calls=0; callee_ret_pop=[4]; expected_stack=4; receiver_family_members=1; same_this_callees=0; single_function_field_only_receiver_kept_neutral; adopt_untyped_existing_thiscall	3
0	0	0	0	0	006E6040	FUN_006e6040	DEFAULT	int __thiscall FUN_006e6040(void * this, undefined4 * param_1)	ANALYSIS	__thiscall	__thiscall	RecoveredReceiver_006E6040	/SubmarineTitans/Recovered/HiddenThis/RecoveredReceiver_006E6040	20	1		0	0	0	0	0	4	review	incoming_receiver_captures=0; entry_receiver_register_captures=0; receiver_accesses=2; receiver_bulk_copies=0; incoming_edx_uses=0; calls=0; ecx_pointer_setup=0; ecx_scalar_setup=0; caller_cleanup_calls=0; callee_ret_pop=[4]; expected_stack=4; receiver_family_members=1; same_this_callees=0; single_function_field_only_receiver_kept_neutral; adopt_untyped_existing_thiscall	3
0	0	0	0	0	006E6060	FUN_006e6060	DEFAULT	undefined __thiscall FUN_006e6060(void * this, undefined4 * param_1)	ANALYSIS	__thiscall	__thiscall	RecoveredReceiver_0053F510	/SubmarineTitans/Recovered/HiddenThis/RecoveredReceiver_0053F510	8485	5	0x0,0x24,0x28	43	40	0	0	0	4	medium	incoming_receiver_captures=0; entry_receiver_register_captures=0; receiver_accesses=2; receiver_bulk_copies=0; incoming_edx_uses=0; calls=43; ecx_pointer_setup=40; ecx_scalar_setup=0; caller_cleanup_calls=0; callee_ret_pop=[4]; expected_stack=4; receiver_family_members=5; same_this_callees=0; adopt_untyped_existing_thiscall	3
0	0	0	0	0	006E60A0	sub_006E60A0	ANALYSIS	int __thiscall sub_006E60A0(void * this, undefined4 * param_1)	ANALYSIS	__thiscall	__thiscall	RecoveredReceiver_006E60A0	/SubmarineTitans/Recovered/HiddenThis/RecoveredReceiver_006E60A0	16	1		40	15	0	25	0	4	medium	incoming_receiver_captures=0; entry_receiver_register_captures=0; receiver_accesses=2; receiver_bulk_copies=0; incoming_edx_uses=0; calls=40; ecx_pointer_setup=15; ecx_scalar_setup=0; caller_cleanup_calls=0; callee_ret_pop=[4]; expected_stack=4; receiver_family_members=1; same_this_callees=0; single_function_field_only_receiver_kept_neutral; adopt_untyped_existing_thiscall	3
0	0	0	0	0	006E60C0	FUN_006e60c0	DEFAULT	int __thiscall FUN_006e60c0(void * this, undefined4 * param_1)	ANALYSIS	__thiscall	__thiscall	RecoveredReceiver_006E60C0	/SubmarineTitans/Recovered/HiddenThis/RecoveredReceiver_006E60C0	16	1		0	0	0	0	0	4	review	incoming_receiver_captures=0; entry_receiver_register_captures=0; receiver_accesses=2; receiver_bulk_copies=0; incoming_edx_uses=0; calls=0; ecx_pointer_setup=0; ecx_scalar_setup=0; caller_cleanup_calls=0; callee_ret_pop=[4]; expected_stack=4; receiver_family_members=1; same_this_callees=0; single_function_field_only_receiver_kept_neutral; adopt_untyped_existing_thiscall	3
0	0	0	0	0	006E60E0	sub_006E60E0	ANALYSIS	STGroupBoatC * __thiscall sub_006E60E0(void * this)	ANALYSIS	__thiscall	__thiscall	RecoveredReceiver_006E5FB0	/SubmarineTitans/Recovered/HiddenThis/RecoveredReceiver_006E5FB0	28	2		20	2	0	18	0	0	medium	incoming_receiver_captures=0; entry_receiver_register_captures=1; receiver_accesses=2; receiver_bulk_copies=0; incoming_edx_uses=0; calls=20; ecx_pointer_setup=2; ecx_scalar_setup=0; caller_cleanup_calls=0; callee_ret_pop=[0]; expected_stack=0; receiver_family_members=2; same_this_callees=1; adopt_untyped_existing_thiscall	3
0	0	0	0	0	006E6130	FUN_006e6130	DEFAULT	undefined __thiscall FUN_006e6130(void * this, undefined4 param_1, undefined4 param_2)	ANALYSIS	__thiscall	__thiscall	RecoveredReceiver_006E6130	/SubmarineTitans/Recovered/HiddenThis/RecoveredReceiver_006E6130	4	1	0xC	0	0	0	0	0	8	review	incoming_receiver_captures=0; entry_receiver_register_captures=0; receiver_accesses=1; receiver_bulk_copies=0; incoming_edx_uses=0; calls=0; ecx_pointer_setup=0; ecx_scalar_setup=0; caller_cleanup_calls=0; callee_ret_pop=[8]; expected_stack=8; receiver_family_members=1; same_this_callees=0; adopt_untyped_existing_thiscall	3
0	0	0	0	0	006E6150	FUN_006e6150	DEFAULT	undefined __thiscall FUN_006e6150(void * this, undefined4 param_1, undefined4 param_2, undefined4 param_3, undefined4 param_4)	ANALYSIS	__thiscall	__thiscall	RecoveredReceiver_006E6150	/SubmarineTitans/Recovered/HiddenThis/RecoveredReceiver_006E6150	4	1	0x8	0	0	0	0	0	16	review	incoming_receiver_captures=0; entry_receiver_register_captures=0; receiver_accesses=1; receiver_bulk_copies=0; incoming_edx_uses=0; calls=0; ecx_pointer_setup=0; ecx_scalar_setup=0; caller_cleanup_calls=0; callee_ret_pop=[16]; expected_stack=16; receiver_family_members=1; same_this_callees=0; adopt_untyped_existing_thiscall	3
0	0	0	0	0	006E6460	FUN_006e6460	DEFAULT	undefined4 * __thiscall FUN_006e6460(void * this, undefined4 param_1, int param_2, undefined2 param_3, undefined2 param_4, byte param_5, int param_6)	ANALYSIS	__thiscall	__thiscall	RecoveredReceiver_006E6460	/SubmarineTitans/Recovered/HiddenThis/RecoveredReceiver_006E6460	4	1		2	1	0	0	0	24	medium	incoming_receiver_captures=0; entry_receiver_register_captures=1; receiver_accesses=0; receiver_bulk_copies=0; incoming_edx_uses=0; calls=2; ecx_pointer_setup=1; ecx_scalar_setup=0; caller_cleanup_calls=0; callee_ret_pop=[24]; expected_stack=24; receiver_family_members=1; same_this_callees=1; single_function_field_only_receiver_kept_neutral; adopt_untyped_existing_thiscall	3
0	0	0	0	0	006E66F0	FUN_006e66f0	DEFAULT	undefined __thiscall FUN_006e66f0(void * this, int param_1)	ANALYSIS	__thiscall	__thiscall	RecoveredReceiver_006E66F0	/SubmarineTitans/Recovered/HiddenThis/RecoveredReceiver_006E66F0	1060	1		1	0	0	0	0	4	review	incoming_receiver_captures=0; entry_receiver_register_captures=0; receiver_accesses=2; receiver_bulk_copies=0; incoming_edx_uses=0; calls=1; ecx_pointer_setup=0; ecx_scalar_setup=0; caller_cleanup_calls=0; callee_ret_pop=[4]; expected_stack=4; receiver_family_members=1; same_this_callees=0; single_function_field_only_receiver_kept_neutral; adopt_untyped_existing_thiscall	3
0	0	0	0	0	006E67C0	FUN_006e67c0	DEFAULT	undefined __thiscall FUN_006e67c0(void * this, undefined4 param_1, undefined4 param_2, undefined4 param_3, undefined4 param_4, undefined4 param_5, int param_6)	ANALYSIS	__thiscall	__thiscall	RecoveredReceiver_006E67C0	/SubmarineTitans/Recovered/HiddenThis/RecoveredReceiver_006E67C0	1110	1		0	0	0	0	0	24	review	incoming_receiver_captures=0; entry_receiver_register_captures=0; receiver_accesses=1; receiver_bulk_copies=0; incoming_edx_uses=0; calls=0; ecx_pointer_setup=0; ecx_scalar_setup=0; caller_cleanup_calls=0; callee_ret_pop=[24]; expected_stack=24; receiver_family_members=1; same_this_callees=1; single_function_field_only_receiver_kept_neutral; adopt_untyped_existing_thiscall	3
0	0	0	0	0	006E6830	FUN_006e6830	DEFAULT	undefined __thiscall FUN_006e6830(void * this, int param_1)	ANALYSIS	__thiscall	__thiscall	RecoveredReceiver_006E6830	/SubmarineTitans/Recovered/HiddenThis/RecoveredReceiver_006E6830	1110	1		0	0	0	0	0	4	review	incoming_receiver_captures=0; entry_receiver_register_captures=0; receiver_accesses=1; receiver_bulk_copies=0; incoming_edx_uses=0; calls=0; ecx_pointer_setup=0; ecx_scalar_setup=0; caller_cleanup_calls=0; callee_ret_pop=[4]; expected_stack=4; receiver_family_members=1; same_this_callees=0; single_function_field_only_receiver_kept_neutral; adopt_untyped_existing_thiscall	3
0	0	0	0	0	006E6870	FUN_006e6870	DEFAULT	byte __thiscall FUN_006e6870(void * this, int param_1, int param_2)	ANALYSIS	__thiscall	__thiscall	RecoveredReceiver_006E6870	/SubmarineTitans/Recovered/HiddenThis/RecoveredReceiver_006E6870	1060	1		14	14	0	0	0	8	medium	incoming_receiver_captures=0; entry_receiver_register_captures=0; receiver_accesses=2; receiver_bulk_copies=0; incoming_edx_uses=0; calls=14; ecx_pointer_setup=14; ecx_scalar_setup=0; caller_cleanup_calls=0; callee_ret_pop=[8]; expected_stack=8; receiver_family_members=1; same_this_callees=0; single_function_field_only_receiver_kept_neutral; adopt_untyped_existing_thiscall	3
0	0	0	0	0	006E89B0	FUN_006e89b0	DEFAULT	int __thiscall FUN_006e89b0(void * this, int * param_1, undefined4 param_2, int param_3, undefined4 param_4, undefined1 param_5, undefined4 param_6, undefined4 param_7, undefined4 param_8, int param_9, undefined4 param_10, undefined4 param_11)	ANALYSIS	__thiscall	__thiscall	RecoveredReceiver_006E89B0	/SubmarineTitans/Recovered/HiddenThis/RecoveredReceiver_006E89B0	800	1		1	1	0	0	0	44	medium	incoming_receiver_captures=0; entry_receiver_register_captures=1; receiver_accesses=1; receiver_bulk_copies=0; incoming_edx_uses=0; calls=1; ecx_pointer_setup=1; ecx_scalar_setup=0; caller_cleanup_calls=0; callee_ret_pop=[44]; expected_stack=44; receiver_family_members=1; same_this_callees=1; single_function_field_only_receiver_kept_neutral; adopt_untyped_existing_thiscall	3
0	0	0	0	0	006E8AA0	FUN_006e8aa0	DEFAULT	int __thiscall FUN_006e8aa0(void * this, uint * param_1, uint param_2)	ANALYSIS	__thiscall	__thiscall	RecoveredReceiver_006E8AA0	/SubmarineTitans/Recovered/HiddenThis/RecoveredReceiver_006E8AA0	800	1		0	0	0	0	0	8	review	incoming_receiver_captures=0; entry_receiver_register_captures=1; receiver_accesses=1; receiver_bulk_copies=0; incoming_edx_uses=0; calls=0; ecx_pointer_setup=0; ecx_scalar_setup=0; caller_cleanup_calls=0; callee_ret_pop=[8]; expected_stack=8; receiver_family_members=1; same_this_callees=2; single_function_field_only_receiver_kept_neutral; adopt_untyped_existing_thiscall	3
0	0	0	0	0	006E9080	FUN_006e9080	DEFAULT	undefined4 * __thiscall FUN_006e9080(void * this, uint param_1, uint param_2, uint param_3)	ANALYSIS	__thiscall	__thiscall	RecoveredReceiver_006E9080	/SubmarineTitans/Recovered/HiddenThis/RecoveredReceiver_006E9080	800	1		0	0	0	0	0	12	review	incoming_receiver_captures=0; entry_receiver_register_captures=1; receiver_accesses=2; receiver_bulk_copies=0; incoming_edx_uses=0; calls=0; ecx_pointer_setup=0; ecx_scalar_setup=0; caller_cleanup_calls=0; callee_ret_pop=[12]; expected_stack=12; receiver_family_members=1; same_this_callees=2; single_function_field_only_receiver_kept_neutral; adopt_untyped_existing_thiscall	3
0	0	0	0	0	006E93C0	FUN_006e93c0	DEFAULT	undefined __thiscall FUN_006e93c0(void * this, uint param_1, int param_2, uint param_3)	ANALYSIS	__thiscall	__thiscall	RecoveredReceiver_006E93C0	/SubmarineTitans/Recovered/HiddenThis/RecoveredReceiver_006E93C0	800	1		3	3	0	0	0	12	medium	incoming_receiver_captures=0; entry_receiver_register_captures=0; receiver_accesses=2; receiver_bulk_copies=0; incoming_edx_uses=0; calls=3; ecx_pointer_setup=3; ecx_scalar_setup=0; caller_cleanup_calls=0; callee_ret_pop=[12]; expected_stack=12; receiver_family_members=1; same_this_callees=0; single_function_field_only_receiver_kept_neutral; adopt_untyped_existing_thiscall	3
0	0	0	0	0	006E9490	FUN_006e9490	DEFAULT	void __thiscall FUN_006e9490(void * this, uint * param_1, int param_2, int param_3)	ANALYSIS	__thiscall	__thiscall	RecoveredReceiver_006E9490	/SubmarineTitans/Recovered/HiddenThis/RecoveredReceiver_006E9490	800	1		2	2	0	0	0	12	medium	incoming_receiver_captures=0; entry_receiver_register_captures=0; receiver_accesses=2; receiver_bulk_copies=0; incoming_edx_uses=0; calls=2; ecx_pointer_setup=2; ecx_scalar_setup=0; caller_cleanup_calls=0; callee_ret_pop=[12]; expected_stack=12; receiver_family_members=1; same_this_callees=0; single_function_field_only_receiver_kept_neutral; adopt_untyped_existing_thiscall	3
0	0	0	0	0	006E9DD0	FUN_006e9dd0	DEFAULT	void __thiscall FUN_006e9dd0(void * this, uint * param_1, uint param_2)	ANALYSIS	__thiscall	__thiscall	RecoveredReceiver_006E9DD0	/SubmarineTitans/Recovered/HiddenThis/RecoveredReceiver_006E9DD0	800	1		1	1	0	0	0	8	medium	incoming_receiver_captures=0; entry_receiver_register_captures=0; receiver_accesses=2; receiver_bulk_copies=0; incoming_edx_uses=0; calls=1; ecx_pointer_setup=1; ecx_scalar_setup=0; caller_cleanup_calls=0; callee_ret_pop=[8]; expected_stack=8; receiver_family_members=1; same_this_callees=0; single_function_field_only_receiver_kept_neutral; adopt_untyped_existing_thiscall	3
0	0	0	0	0	006E9E60	FUN_006e9e60	DEFAULT	void __thiscall FUN_006e9e60(void * this, uint * param_1, uint param_2)	ANALYSIS	__thiscall	__thiscall	RecoveredReceiver_006E9E60	/SubmarineTitans/Recovered/HiddenThis/RecoveredReceiver_006E9E60	800	1		1	1	0	0	0	8	medium	incoming_receiver_captures=0; entry_receiver_register_captures=0; receiver_accesses=2; receiver_bulk_copies=0; incoming_edx_uses=0; calls=1; ecx_pointer_setup=1; ecx_scalar_setup=0; caller_cleanup_calls=0; callee_ret_pop=[8]; expected_stack=8; receiver_family_members=1; same_this_callees=0; single_function_field_only_receiver_kept_neutral; adopt_untyped_existing_thiscall	3
0	0	0	0	0	006EA190	FUN_006ea190	DEFAULT	uint __thiscall FUN_006ea190(void * this, uint param_1, uint param_2, int param_3)	ANALYSIS	__thiscall	__thiscall	RecoveredReceiver_006EA190	/SubmarineTitans/Recovered/HiddenThis/RecoveredReceiver_006EA190	800	1		2	2	0	0	0	12	medium	incoming_receiver_captures=0; entry_receiver_register_captures=0; receiver_accesses=2; receiver_bulk_copies=0; incoming_edx_uses=0; calls=2; ecx_pointer_setup=2; ecx_scalar_setup=0; caller_cleanup_calls=0; callee_ret_pop=[12]; expected_stack=12; receiver_family_members=1; same_this_callees=0; single_function_field_only_receiver_kept_neutral; adopt_untyped_existing_thiscall	3
0	0	0	0	0	006EA340	FUN_006ea340	DEFAULT	void __thiscall FUN_006ea340(void * this, uint param_1, int param_2, uint param_3)	ANALYSIS	__thiscall	__thiscall	RecoveredReceiver_006EA340	/SubmarineTitans/Recovered/HiddenThis/RecoveredReceiver_006EA340	800	1		16	16	0	0	0	12	medium	incoming_receiver_captures=0; entry_receiver_register_captures=0; receiver_accesses=2; receiver_bulk_copies=0; incoming_edx_uses=0; calls=16; ecx_pointer_setup=16; ecx_scalar_setup=0; caller_cleanup_calls=0; callee_ret_pop=[12]; expected_stack=12; receiver_family_members=1; same_this_callees=0; single_function_field_only_receiver_kept_neutral; adopt_untyped_existing_thiscall	3
0	0	0	0	0	006EAD40	FUN_006ead40	DEFAULT	void __thiscall FUN_006ead40(void * this, undefined4 param_1, undefined4 param_2, undefined4 param_3, undefined4 param_4, undefined4 param_5, undefined4 param_6, undefined4 param_7)	ANALYSIS	__thiscall	__thiscall	RecoveredReceiver_006EAD40	/SubmarineTitans/Recovered/HiddenThis/RecoveredReceiver_006EAD40	848	1		5	5	0	0	0	28	medium	incoming_receiver_captures=0; entry_receiver_register_captures=0; receiver_accesses=7; receiver_bulk_copies=0; incoming_edx_uses=0; calls=5; ecx_pointer_setup=5; ecx_scalar_setup=0; caller_cleanup_calls=0; callee_ret_pop=[28]; expected_stack=28; receiver_family_members=1; same_this_callees=0; single_function_field_only_receiver_kept_neutral; adopt_untyped_existing_thiscall	3
0	0	0	0	0	006F1CB0	FUN_006f1cb0	DEFAULT	int __thiscall FUN_006f1cb0(void * this, int param_1)	ANALYSIS	__thiscall	__thiscall	RecoveredReceiver_006F1CB0	/SubmarineTitans/Recovered/HiddenThis/RecoveredReceiver_006F1CB0	4	1		3	3	0	0	0	4	medium	incoming_receiver_captures=0; entry_receiver_register_captures=0; receiver_accesses=1; receiver_bulk_copies=0; incoming_edx_uses=0; calls=3; ecx_pointer_setup=3; ecx_scalar_setup=0; caller_cleanup_calls=0; callee_ret_pop=[4]; expected_stack=4; receiver_family_members=1; same_this_callees=0; single_function_field_only_receiver_kept_neutral; adopt_untyped_existing_thiscall	3
0	0	0	0	0	006F21A0	FUN_006f21a0	DEFAULT	undefined __thiscall FUN_006f21a0(void * this, uint param_1)	ANALYSIS	__thiscall	__thiscall	RecoveredReceiver_006F21A0	/SubmarineTitans/Recovered/HiddenThis/RecoveredReceiver_006F21A0	4	1		0	0	0	0	0	4	review	incoming_receiver_captures=0; entry_receiver_register_captures=0; receiver_accesses=1; receiver_bulk_copies=0; incoming_edx_uses=0; calls=0; ecx_pointer_setup=0; ecx_scalar_setup=0; caller_cleanup_calls=0; callee_ret_pop=[4]; expected_stack=4; receiver_family_members=1; same_this_callees=0; single_function_field_only_receiver_kept_neutral; adopt_untyped_existing_thiscall	3
0	0	0	0	0	006F31D0	SubmarineTitans::Recovered::HiddenThis::RecoveredReceiver_006F31D0::sub_006F31D0	ANALYSIS	undefined __thiscall sub_006F31D0(RecoveredReceiver_006F31D0 * this, uint param_1, int param_2, uint param_3, uint param_4)	ANALYSIS	__thiscall	__thiscall	RecoveredReceiver_006F31D0	/SubmarineTitans/Recovered/HiddenThis/RecoveredReceiver_006F31D0	820	1		7	7	0	0	0	16	high	incoming_receiver_captures=1; entry_receiver_register_captures=1; receiver_accesses=72; receiver_bulk_copies=0; incoming_edx_uses=0; calls=7; ecx_pointer_setup=7; ecx_scalar_setup=0; caller_cleanup_calls=0; callee_ret_pop=[16]; expected_stack=16; receiver_family_members=1; same_this_callees=1; single_function_field_only_receiver_kept_neutral; previously_applied	3
0	0	0	0	0	00708D10	SubmarineTitans::Recovered::HiddenThis::RecoveredReceiver_00702510::FUN_00708d10	DEFAULT	void __thiscall FUN_00708d10(RecoveredReceiver_00702510 * this, int param_1, int param_2, AnonShape_00708D10_69880022 * param_3, int param_4, int param_5, uint param_6, int param_7, int param_8)	ANALYSIS	__thiscall	__thiscall	RecoveredReceiver_00702510	/SubmarineTitans/Recovered/HiddenThis/RecoveredReceiver_00702510	756	3		5	5	0	0	0	32	high	incoming_receiver_captures=1; entry_receiver_register_captures=1; receiver_accesses=27; receiver_bulk_copies=0; incoming_edx_uses=0; calls=5; ecx_pointer_setup=5; ecx_scalar_setup=0; caller_cleanup_calls=0; callee_ret_pop=[32]; expected_stack=32; receiver_family_members=3; same_this_callees=2; previously_applied	3
0	0	0	0	0	00709670	FUN_00709670	DEFAULT	undefined __thiscall FUN_00709670(void * this, uint param_1, int param_2, int param_3, byte param_4)	ANALYSIS	__thiscall	__thiscall	RecoveredReceiver_00709670	/SubmarineTitans/Recovered/HiddenThis/RecoveredReceiver_00709670	800	1		1	1	0	0	0	16	medium	incoming_receiver_captures=1; entry_receiver_register_captures=1; receiver_accesses=2; receiver_bulk_copies=0; incoming_edx_uses=0; calls=1; ecx_pointer_setup=1; ecx_scalar_setup=0; caller_cleanup_calls=0; callee_ret_pop=[16]; expected_stack=16; receiver_family_members=1; same_this_callees=1; single_function_field_only_receiver_kept_neutral; adopt_untyped_existing_thiscall	3
0	0	0	0	0	007109F0	FUN_007109f0	DEFAULT	void __thiscall FUN_007109f0(void * this, AnonShape_007109F0_BD33A2FF * param_1)	ANALYSIS	__thiscall	__thiscall	RecoveredReceiver_007109F0	/SubmarineTitans/Recovered/HiddenThis/RecoveredReceiver_007109F0	160	1		12	11	0	0	0	4	medium	incoming_receiver_captures=0; entry_receiver_register_captures=0; receiver_accesses=19; receiver_bulk_copies=0; incoming_edx_uses=0; calls=12; ecx_pointer_setup=11; ecx_scalar_setup=0; caller_cleanup_calls=0; callee_ret_pop=[4]; expected_stack=4; receiver_family_members=1; same_this_callees=0; single_function_field_only_receiver_kept_neutral; adopt_untyped_existing_thiscall	3
0	0	0	0	0	00710FB0	FUN_00710fb0	DEFAULT	ushort __thiscall FUN_00710fb0(void * this, byte * param_1)	ANALYSIS	__thiscall	__thiscall	RecoveredReceiver_00710FB0	/SubmarineTitans/Recovered/HiddenThis/RecoveredReceiver_00710FB0	176	1		11	9	0	0	0	4	medium	incoming_receiver_captures=0; entry_receiver_register_captures=1; receiver_accesses=8; receiver_bulk_copies=0; incoming_edx_uses=0; calls=11; ecx_pointer_setup=9; ecx_scalar_setup=0; caller_cleanup_calls=0; callee_ret_pop=[4]; expected_stack=4; receiver_family_members=1; same_this_callees=0; single_function_field_only_receiver_kept_neutral; adopt_untyped_existing_thiscall	3
0	0	0	0	0	00711110	FUN_00711110	DEFAULT	int __thiscall FUN_00711110(void * this, char * resourceString)	ANALYSIS	__thiscall	__thiscall	RecoveredReceiver_0070CDC0	/SubmarineTitans/Recovered/HiddenThis/RecoveredReceiver_0070CDC0	96	9		39	39	0	0	0	4	medium	incoming_receiver_captures=0; entry_receiver_register_captures=1; receiver_accesses=0; receiver_bulk_copies=0; incoming_edx_uses=0; calls=39; ecx_pointer_setup=39; ecx_scalar_setup=0; caller_cleanup_calls=0; callee_ret_pop=[4]; expected_stack=4; receiver_family_members=9; same_this_callees=1; adopt_untyped_existing_thiscall	3
0	0	0	0	0	007111C0	FUN_007111c0	DEFAULT	int __thiscall FUN_007111c0(void * this, RecoveredRecord_007111C0_C04D120D * resourceString)	ANALYSIS	__thiscall	__thiscall	RecoveredReceiver_0070CDC0	/SubmarineTitans/Recovered/HiddenThis/RecoveredReceiver_0070CDC0	96	9		15	15	0	0	0	4	medium	incoming_receiver_captures=0; entry_receiver_register_captures=1; receiver_accesses=0; receiver_bulk_copies=0; incoming_edx_uses=0; calls=15; ecx_pointer_setup=15; ecx_scalar_setup=0; caller_cleanup_calls=0; callee_ret_pop=[4]; expected_stack=4; receiver_family_members=9; same_this_callees=1; adopt_untyped_existing_thiscall	3
0	0	0	0	0	00711370	FUN_00711370	DEFAULT	int __thiscall FUN_00711370(void * this, uint * param_1)	ANALYSIS	__thiscall	__thiscall	RecoveredReceiver_0070CDC0	/SubmarineTitans/Recovered/HiddenThis/RecoveredReceiver_0070CDC0	96	9		7	5	0	0	0	4	medium	incoming_receiver_captures=1; entry_receiver_register_captures=0; receiver_accesses=0; receiver_bulk_copies=0; incoming_edx_uses=0; calls=7; ecx_pointer_setup=5; ecx_scalar_setup=0; caller_cleanup_calls=0; callee_ret_pop=[4]; expected_stack=4; receiver_family_members=9; same_this_callees=2; adopt_untyped_existing_thiscall	3
0	0	0	0	0	007113E0	FUN_007113e0	DEFAULT	int __thiscall FUN_007113e0(void * this, uint * param_1)	ANALYSIS	__thiscall	__thiscall	RecoveredReceiver_0070CDC0	/SubmarineTitans/Recovered/HiddenThis/RecoveredReceiver_0070CDC0	96	9		11	11	0	0	0	4	medium	incoming_receiver_captures=1; entry_receiver_register_captures=0; receiver_accesses=1; receiver_bulk_copies=0; incoming_edx_uses=0; calls=11; ecx_pointer_setup=11; ecx_scalar_setup=0; caller_cleanup_calls=0; callee_ret_pop=[4]; expected_stack=4; receiver_family_members=9; same_this_callees=2; adopt_untyped_existing_thiscall	3
0	0	0	0	0	007115E0	FUN_007115e0	DEFAULT	int __thiscall FUN_007115e0(void * this, AnonShape_007115E0_FC3147FF * param_1, int param_2, int param_3)	ANALYSIS	__thiscall	__thiscall	RecoveredReceiver_0070CDC0	/SubmarineTitans/Recovered/HiddenThis/RecoveredReceiver_0070CDC0	96	9		2	2	0	0	0	12	medium	incoming_receiver_captures=1; entry_receiver_register_captures=0; receiver_accesses=1; receiver_bulk_copies=0; incoming_edx_uses=0; calls=2; ecx_pointer_setup=2; ecx_scalar_setup=0; caller_cleanup_calls=0; callee_ret_pop=[12]; expected_stack=12; receiver_family_members=9; same_this_callees=1; adopt_untyped_existing_thiscall	3
0	0	0	0	0	00711670	FUN_00711670	DEFAULT	int __thiscall FUN_00711670(void * this, AnonShape_00711670_5F8DCCF2 * param_1, int param_2, int param_3)	ANALYSIS	__thiscall	__thiscall	RecoveredReceiver_0070CDC0	/SubmarineTitans/Recovered/HiddenThis/RecoveredReceiver_0070CDC0	96	9		2	2	0	0	0	12	medium	incoming_receiver_captures=1; entry_receiver_register_captures=0; receiver_accesses=0; receiver_bulk_copies=0; incoming_edx_uses=0; calls=2; ecx_pointer_setup=2; ecx_scalar_setup=0; caller_cleanup_calls=0; callee_ret_pop=[12]; expected_stack=12; receiver_family_members=9; same_this_callees=1; adopt_untyped_existing_thiscall	3
0	0	0	0	0	007140E0	FUN_007140e0	DEFAULT	int __thiscall FUN_007140e0(void * this, int param_1, char param_2)	ANALYSIS	__thiscall	__thiscall	RecoveredReceiver_007140E0	/SubmarineTitans/Recovered/HiddenThis/RecoveredReceiver_007140E0	180	2		6	6	0	0	0	8	medium	incoming_receiver_captures=0; entry_receiver_register_captures=1; receiver_accesses=219; receiver_bulk_copies=0; incoming_edx_uses=0; calls=6; ecx_pointer_setup=6; ecx_scalar_setup=0; caller_cleanup_calls=0; callee_ret_pop=[8]; expected_stack=8; receiver_family_members=2; same_this_callees=0; adopt_untyped_existing_thiscall	3
0	0	0	0	0	00714B30	FUN_00714b30	DEFAULT	undefined4 __thiscall FUN_00714b30(void * this, int param_1)	ANALYSIS	__thiscall	__thiscall	RecoveredReceiver_007140E0	/SubmarineTitans/Recovered/HiddenThis/RecoveredReceiver_007140E0	180	2		1	1	0	0	0	4	medium	incoming_receiver_captures=0; entry_receiver_register_captures=1; receiver_accesses=20; receiver_bulk_copies=0; incoming_edx_uses=0; calls=1; ecx_pointer_setup=1; ecx_scalar_setup=0; caller_cleanup_calls=0; callee_ret_pop=[4]; expected_stack=4; receiver_family_members=2; same_this_callees=1; adopt_untyped_existing_thiscall; single_call_corroborated_by_receiver_family	3
0	0	0	0	0	00714CE0	SubmarineTitans::Recovered::HiddenThis::RecoveredReceiver_00714CE0::FUN_00714ce0	DEFAULT	int __thiscall FUN_00714ce0(RecoveredReceiver_00714CE0 * this, uint param_1)	ANALYSIS	__thiscall	__thiscall	RecoveredReceiver_00714CE0	/SubmarineTitans/Recovered/HiddenThis/RecoveredReceiver_00714CE0	8	1		5	4	0	0	0	4	high	incoming_receiver_captures=1; entry_receiver_register_captures=0; receiver_accesses=5; receiver_bulk_copies=0; incoming_edx_uses=0; calls=5; ecx_pointer_setup=4; ecx_scalar_setup=0; caller_cleanup_calls=0; callee_ret_pop=[4]; expected_stack=4; receiver_family_members=1; same_this_callees=0; single_function_field_only_receiver_kept_neutral; previously_applied	3
0	0	0	0	0	00714DC0	FUN_00714dc0	DEFAULT	int __thiscall FUN_00714dc0(void * this, char * param_1)	ANALYSIS	__thiscall	__thiscall	RecoveredReceiver_0070CDC0	/SubmarineTitans/Recovered/HiddenThis/RecoveredReceiver_0070CDC0	96	9		3	3	0	0	0	4	medium	incoming_receiver_captures=0; entry_receiver_register_captures=1; receiver_accesses=0; receiver_bulk_copies=0; incoming_edx_uses=0; calls=3; ecx_pointer_setup=3; ecx_scalar_setup=0; caller_cleanup_calls=0; callee_ret_pop=[4]; expected_stack=4; receiver_family_members=9; same_this_callees=0; adopt_untyped_existing_thiscall	3
0	0	0	0	0	00714E20	FUN_00714e20	DEFAULT	int __thiscall FUN_00714e20(void * this, char * param_1, size_t param_2)	ANALYSIS	__thiscall	__thiscall	RecoveredReceiver_00714E20	/SubmarineTitans/Recovered/HiddenThis/RecoveredReceiver_00714E20	4	1		0	0	0	0	0	8	review	incoming_receiver_captures=0; entry_receiver_register_captures=1; receiver_accesses=0; receiver_bulk_copies=0; incoming_edx_uses=0; calls=0; ecx_pointer_setup=0; ecx_scalar_setup=0; caller_cleanup_calls=0; callee_ret_pop=[8]; expected_stack=8; receiver_family_members=1; same_this_callees=0; single_function_field_only_receiver_kept_neutral; adopt_untyped_existing_thiscall	3
0	0	0	0	0	00714E80	FUN_00714e80	DEFAULT	int __thiscall FUN_00714e80(void * this, char * param_1)	ANALYSIS	__thiscall	__thiscall	RecoveredReceiver_00714E80	/SubmarineTitans/Recovered/HiddenThis/RecoveredReceiver_00714E80	4	2		2	1	0	0	0	4	medium	incoming_receiver_captures=0; entry_receiver_register_captures=1; receiver_accesses=0; receiver_bulk_copies=0; incoming_edx_uses=0; calls=2; ecx_pointer_setup=1; ecx_scalar_setup=0; caller_cleanup_calls=0; callee_ret_pop=[4]; expected_stack=4; receiver_family_members=2; same_this_callees=0; adopt_untyped_existing_thiscall	3
0	0	0	0	0	00714F00	FUN_00714f00	DEFAULT	int __thiscall FUN_00714f00(void * this, char * source, size_t param_2)	ANALYSIS	__thiscall	__thiscall	RecoveredReceiver_00714F00	/SubmarineTitans/Recovered/HiddenThis/RecoveredReceiver_00714F00	4	1		0	0	0	0	0	8	review	incoming_receiver_captures=0; entry_receiver_register_captures=1; receiver_accesses=0; receiver_bulk_copies=0; incoming_edx_uses=0; calls=0; ecx_pointer_setup=0; ecx_scalar_setup=0; caller_cleanup_calls=0; callee_ret_pop=[8]; expected_stack=8; receiver_family_members=1; same_this_callees=0; single_function_field_only_receiver_kept_neutral; adopt_untyped_existing_thiscall	3
0	0	0	0	0	00714FB0	FUN_00714fb0	DEFAULT	undefined4 __thiscall FUN_00714fb0(void * this, int param_1, uint * param_2, char * param_3)	ANALYSIS	__thiscall	__thiscall	RecoveredReceiver_0070CDC0	/SubmarineTitans/Recovered/HiddenThis/RecoveredReceiver_0070CDC0	96	9		2	2	0	0	0	12	medium	incoming_receiver_captures=0; entry_receiver_register_captures=1; receiver_accesses=6; receiver_bulk_copies=0; incoming_edx_uses=0; calls=2; ecx_pointer_setup=2; ecx_scalar_setup=0; caller_cleanup_calls=0; callee_ret_pop=[12]; expected_stack=12; receiver_family_members=9; same_this_callees=2; adopt_untyped_existing_thiscall	3
0	0	0	0	0	00717910	FUN_00717910	DEFAULT	undefined __thiscall FUN_00717910(void * this, byte * param_1, int param_2, int param_3, byte * param_4, int param_5, uint param_6, uint param_7, uint param_8)	ANALYSIS	__thiscall	__thiscall	RecoveredReceiver_00717910	/SubmarineTitans/Recovered/HiddenThis/RecoveredReceiver_00717910	44	1		0	0	0	0	0	32	review	incoming_receiver_captures=0; entry_receiver_register_captures=1; receiver_accesses=4; receiver_bulk_copies=0; incoming_edx_uses=0; calls=0; ecx_pointer_setup=0; ecx_scalar_setup=0; caller_cleanup_calls=0; callee_ret_pop=[32]; expected_stack=32; receiver_family_members=1; same_this_callees=0; single_function_field_only_receiver_kept_neutral; adopt_untyped_existing_thiscall	3
0	0	0	0	0	007209D0	FUN_007209d0	DEFAULT	int __thiscall FUN_007209d0(void * this, undefined4 param_1)	ANALYSIS	__thiscall	__thiscall	RecoveredReceiver_006E5FE0	/SubmarineTitans/Recovered/HiddenThis/RecoveredReceiver_006E5FE0	522	6		0	0	0	0	0	4	review	incoming_receiver_captures=0; entry_receiver_register_captures=0; receiver_accesses=10; receiver_bulk_copies=0; incoming_edx_uses=0; calls=0; ecx_pointer_setup=0; ecx_scalar_setup=0; caller_cleanup_calls=0; callee_ret_pop=[4]; expected_stack=4; receiver_family_members=6; same_this_callees=1; adopt_untyped_existing_thiscall	3
0	0	0	0	0	007233D0	FUN_007233d0	DEFAULT	int __thiscall FUN_007233d0(void * this, undefined4 param_1)	ANALYSIS	__thiscall	__thiscall	RecoveredReceiver_006E5FE0	/SubmarineTitans/Recovered/HiddenThis/RecoveredReceiver_006E5FE0	522	6		0	0	0	0	0	4	review	incoming_receiver_captures=0; entry_receiver_register_captures=0; receiver_accesses=1; receiver_bulk_copies=0; incoming_edx_uses=0; calls=0; ecx_pointer_setup=0; ecx_scalar_setup=0; caller_cleanup_calls=0; callee_ret_pop=[4]; expected_stack=4; receiver_family_members=6; same_this_callees=1; adopt_untyped_existing_thiscall	3
0	0	0	0	0	00724330	FUN_00724330	DEFAULT	int __thiscall FUN_00724330(void * this, int param_1)	ANALYSIS	__thiscall	__thiscall	RecoveredReceiver_00724330	/SubmarineTitans/Recovered/HiddenThis/RecoveredReceiver_00724330	100	1		2	2	0	0	0	4	medium	incoming_receiver_captures=0; entry_receiver_register_captures=0; receiver_accesses=3; receiver_bulk_copies=0; incoming_edx_uses=0; calls=2; ecx_pointer_setup=2; ecx_scalar_setup=0; caller_cleanup_calls=0; callee_ret_pop=[4]; expected_stack=4; receiver_family_members=1; same_this_callees=0; single_function_field_only_receiver_kept_neutral; adopt_untyped_existing_thiscall	3
0	0	0	0	0	00724E20	FUN_00724e20	DEFAULT	undefined __thiscall FUN_00724e20(void * this, int param_1, int param_2)	ANALYSIS	__thiscall	__thiscall	RecoveredReceiver_00724E20	/SubmarineTitans/Recovered/HiddenThis/RecoveredReceiver_00724E20	404	1		1	1	0	0	0	8	medium	incoming_receiver_captures=0; entry_receiver_register_captures=1; receiver_accesses=4; receiver_bulk_copies=0; incoming_edx_uses=1; calls=1; ecx_pointer_setup=1; ecx_scalar_setup=0; caller_cleanup_calls=0; callee_ret_pop=[8]; expected_stack=8; receiver_family_members=1; same_this_callees=0; single_function_field_only_receiver_kept_neutral; adopt_untyped_existing_thiscall	3
0	0	0	0	0	00724F00	FUN_00724f00	DEFAULT	bool __thiscall FUN_00724f00(void * this, int param_1, int param_2)	ANALYSIS	__thiscall	__thiscall	RecoveredReceiver_00724F00	/SubmarineTitans/Recovered/HiddenThis/RecoveredReceiver_00724F00	412	1		1	1	0	0	0	8	medium	incoming_receiver_captures=0; entry_receiver_register_captures=0; receiver_accesses=13; receiver_bulk_copies=0; incoming_edx_uses=0; calls=1; ecx_pointer_setup=1; ecx_scalar_setup=0; caller_cleanup_calls=0; callee_ret_pop=[8]; expected_stack=8; receiver_family_members=1; same_this_callees=0; single_function_field_only_receiver_kept_neutral; adopt_untyped_existing_thiscall	3
0	0	0	0	0	00724FA0	FUN_00724fa0	DEFAULT	int __thiscall FUN_00724fa0(void * this, int param_1, int param_2)	ANALYSIS	__thiscall	__thiscall	RecoveredReceiver_00724FA0	/SubmarineTitans/Recovered/HiddenThis/RecoveredReceiver_00724FA0	393	1		2	2	0	0	0	8	medium	incoming_receiver_captures=0; entry_receiver_register_captures=0; receiver_accesses=8; receiver_bulk_copies=0; incoming_edx_uses=0; calls=2; ecx_pointer_setup=2; ecx_scalar_setup=0; caller_cleanup_calls=0; callee_ret_pop=[8]; expected_stack=8; receiver_family_members=1; same_this_callees=0; single_function_field_only_receiver_kept_neutral; adopt_untyped_existing_thiscall	3
0	0	0	0	0	00726CE0	FUN_00726ce0	DEFAULT	void __thiscall FUN_00726ce0(void * this, RecoveredRecord_00726CE0_B9FB2C5D * param_1)	ANALYSIS	__thiscall	__thiscall	RecoveredReceiver_00726CE0	/SubmarineTitans/Recovered/HiddenThis/RecoveredReceiver_00726CE0	864	1		3	3	0	0	0	4	medium	incoming_receiver_captures=0; entry_receiver_register_captures=0; receiver_accesses=9; receiver_bulk_copies=0; incoming_edx_uses=0; calls=3; ecx_pointer_setup=3; ecx_scalar_setup=0; caller_cleanup_calls=0; callee_ret_pop=[4]; expected_stack=4; receiver_family_members=1; same_this_callees=0; single_function_field_only_receiver_kept_neutral; adopt_untyped_existing_thiscall	3
0	0	0	0	0	007279B0	FUN_007279b0	DEFAULT	undefined __thiscall FUN_007279b0(void * this, RecoveredRecord_007279B0_99D820F0 * param_1, int param_2, int param_3)	ANALYSIS	__thiscall	__thiscall	RecoveredReceiver_007279B0	/SubmarineTitans/Recovered/HiddenThis/RecoveredReceiver_007279B0	64	1		1	1	0	0	0	12	medium	incoming_receiver_captures=1; entry_receiver_register_captures=0; receiver_accesses=4; receiver_bulk_copies=0; incoming_edx_uses=0; calls=1; ecx_pointer_setup=1; ecx_scalar_setup=0; caller_cleanup_calls=0; callee_ret_pop=[12]; expected_stack=12; receiver_family_members=1; same_this_callees=0; single_function_field_only_receiver_kept_neutral; adopt_untyped_existing_thiscall	3
0	0	0	0	0	00727DA0	SubmarineTitans::Recovered::HiddenThis::RecoveredReceiver_00727C80::FUN_00727da0	DEFAULT	undefined __thiscall FUN_00727da0(RecoveredReceiver_00727C80 * this, AnonShape_00727DA0_C4265AA0 * param_1, uint param_2, int param_3)	ANALYSIS	__thiscall	__thiscall	RecoveredReceiver_00727C80	/SubmarineTitans/Recovered/HiddenThis/RecoveredReceiver_00727C80	744	4		1	1	0	0	0	12	high	incoming_receiver_captures=1; entry_receiver_register_captures=1; receiver_accesses=11; receiver_bulk_copies=0; incoming_edx_uses=0; calls=1; ecx_pointer_setup=1; ecx_scalar_setup=0; caller_cleanup_calls=0; callee_ret_pop=[12]; expected_stack=12; receiver_family_members=4; same_this_callees=1; previously_applied; single_call_corroborated_by_receiver_family	3
0	0	0	0	0	007282B0	SubmarineTitans::Recovered::HiddenThis::RecoveredReceiver_00727C80::FUN_007282b0	DEFAULT	undefined __thiscall FUN_007282b0(RecoveredReceiver_00727C80 * this, AnonShape_007282B0_AFD740A9 * param_1, uint param_2, int param_3)	ANALYSIS	__thiscall	__thiscall	RecoveredReceiver_00727C80	/SubmarineTitans/Recovered/HiddenThis/RecoveredReceiver_00727C80	744	4		1	1	0	0	0	12	high	incoming_receiver_captures=1; entry_receiver_register_captures=0; receiver_accesses=7; receiver_bulk_copies=0; incoming_edx_uses=0; calls=1; ecx_pointer_setup=1; ecx_scalar_setup=0; caller_cleanup_calls=0; callee_ret_pop=[12]; expected_stack=12; receiver_family_members=4; same_this_callees=1; previously_applied; single_call_corroborated_by_receiver_family	3
0	0	0	0	0	00728640	FUN_00728640	DEFAULT	undefined __thiscall FUN_00728640(void * this, int param_1, int param_2, void * param_3)	ANALYSIS	__thiscall	__thiscall	RecoveredReceiver_00728640	/SubmarineTitans/Recovered/HiddenThis/RecoveredReceiver_00728640	64	3		1	0	0	0	0	12	review	incoming_receiver_captures=0; entry_receiver_register_captures=0; receiver_accesses=2; receiver_bulk_copies=0; incoming_edx_uses=0; calls=1; ecx_pointer_setup=0; ecx_scalar_setup=0; caller_cleanup_calls=0; callee_ret_pop=[12]; expected_stack=12; receiver_family_members=3; same_this_callees=0; adopt_untyped_existing_thiscall	3
0	0	0	0	0	007288A0	FUN_007288a0	DEFAULT	undefined __thiscall FUN_007288a0(void * this, int param_1, int param_2, void * param_3)	ANALYSIS	__thiscall	__thiscall	RecoveredReceiver_007288A0	/SubmarineTitans/Recovered/HiddenThis/RecoveredReceiver_007288A0	64	1		1	0	0	0	0	12	review	incoming_receiver_captures=1; entry_receiver_register_captures=1; receiver_accesses=9; receiver_bulk_copies=0; incoming_edx_uses=0; calls=1; ecx_pointer_setup=0; ecx_scalar_setup=0; caller_cleanup_calls=0; callee_ret_pop=[12]; expected_stack=12; receiver_family_members=1; same_this_callees=0; single_function_field_only_receiver_kept_neutral; adopt_untyped_existing_thiscall	3
0	0	0	0	0	00728A80	SubmarineTitans::Recovered::HiddenThis::RecoveredReceiver_00728640::FUN_00728a80	DEFAULT	undefined __thiscall FUN_00728a80(RecoveredReceiver_00728640 * this, int param_1, int param_2, void * param_3)	ANALYSIS	__thiscall	__thiscall	RecoveredReceiver_00728640	/SubmarineTitans/Recovered/HiddenThis/RecoveredReceiver_00728640	64	3		1	1	0	0	0	12	high	incoming_receiver_captures=1; entry_receiver_register_captures=1; receiver_accesses=11; receiver_bulk_copies=0; incoming_edx_uses=0; calls=1; ecx_pointer_setup=1; ecx_scalar_setup=0; caller_cleanup_calls=0; callee_ret_pop=[12]; expected_stack=12; receiver_family_members=3; same_this_callees=0; previously_applied; single_call_corroborated_by_receiver_family	3
0	0	0	0	0	00728DA0	FUN_00728da0	DEFAULT	undefined4 __thiscall FUN_00728da0(void * this, int param_1, int param_2, short * param_3, uint param_4, int param_5, int param_6)	ANALYSIS	__thiscall	__thiscall	RecoveredReceiver_00728640	/SubmarineTitans/Recovered/HiddenThis/RecoveredReceiver_00728640	64	3		1	1	0	0	0	24	medium	incoming_receiver_captures=1; entry_receiver_register_captures=0; receiver_accesses=4; receiver_bulk_copies=0; incoming_edx_uses=0; calls=1; ecx_pointer_setup=1; ecx_scalar_setup=0; caller_cleanup_calls=0; callee_ret_pop=[]; expected_stack=24; receiver_family_members=3; same_this_callees=3; stack_discipline_mismatch; adopt_untyped_existing_thiscall	3
0	0	0	0	0	007297E0	FUN_007297e0	DEFAULT	undefined4 __thiscall FUN_007297e0(void * this, byte * param_1, byte * param_2, uint * param_3, uint * param_4, int * param_5, int param_6, byte param_7, int param_8, int param_9, uint param_10)	ANALYSIS	__thiscall	__thiscall	RecoveredReceiver_007297E0	/SubmarineTitans/Recovered/HiddenThis/RecoveredReceiver_007297E0	44	2		2	2	0	0	0	40	medium	incoming_receiver_captures=0; entry_receiver_register_captures=1; receiver_accesses=14; receiver_bulk_copies=0; incoming_edx_uses=0; calls=2; ecx_pointer_setup=2; ecx_scalar_setup=0; caller_cleanup_calls=0; callee_ret_pop=[40]; expected_stack=40; receiver_family_members=2; same_this_callees=0; adopt_untyped_existing_thiscall	3
0	0	0	0	0	0072AC20	FUN_0072ac20	DEFAULT	int __thiscall FUN_0072ac20(void * this, byte * param_1, byte * param_2, uint * param_3, int param_4, int * param_5, int param_6, byte param_7, int param_8, int param_9, uint param_10)	ANALYSIS	__thiscall	__thiscall	RecoveredReceiver_007297E0	/SubmarineTitans/Recovered/HiddenThis/RecoveredReceiver_007297E0	44	2		1	1	0	0	0	40	medium	incoming_receiver_captures=1; entry_receiver_register_captures=0; receiver_accesses=0; receiver_bulk_copies=0; incoming_edx_uses=0; calls=1; ecx_pointer_setup=1; ecx_scalar_setup=0; caller_cleanup_calls=0; callee_ret_pop=[40]; expected_stack=40; receiver_family_members=2; same_this_callees=1; adopt_untyped_existing_thiscall	3
