function_address	function	parameter_ordinal	parameter_name	current_type	direct_call_sites	byte_reads	byte_writes	bulk_transports	wide_dereferences	escapes	complete	apply	status	evidence
00413170	FUN_00413170	4	param_5	pointer:/undefined4	1	0	0	0	2	0	1	0	mixed_or_wide_pointee	complete mutable byte-buffer machine proof: direct_calls=1, byte_reads=0, byte_writes=0, rep_movs_transports=0, wide_dereferences=2, escapes=0; byte_read_sites=-; byte_write_sites=-; wide_sites=0041317C MOV EBX,dword ptr [EAX] operand=DWORD PTR [EAX] width=4 | 00413627 MOV dword ptr [EDX],EBX operand=DWORD PTR [EDX] width=4
00413AF0	FUN_00413af0	0	param_1	pointer:/void	0	1	0	0	44	0	1	0	mixed_or_wide_pointee	complete mutable byte-buffer machine proof: direct_calls=0, byte_reads=1, byte_writes=0, rep_movs_transports=0, wide_dereferences=44, escapes=0; byte_read_sites=004143D4 TEST byte ptr [EBX + 0x49],0x1; byte_write_sites=-; wide_sites=00413B73 MOV AX,word ptr [EBX + 0x27] operand=WORD PTR [EBX + 0X27] width=2 | 00413C2E MOV CX,word ptr [EBX + 0x27] operand=WORD PTR [EBX + 0X27] width=2 | 00413C3E MOV EDX,dword ptr [EBX + 0x29] operand=DWORD PTR [EBX + 0X29] width=4 | 00413C56 MOV ECX,dword ptr [EBX + 0x29] operand=DWORD PTR [EBX + 0X29] width=4 | 00413D7C MOV AX,word ptr [EBX + 0x27] operand=WORD PTR [EBX + 0X27] width=2 | 00413DB1 MOV EAX,dword ptr [EBX + 0x4d] operand=DWORD PTR [EBX + 0X4D] width=4 | 00413DCB CMP word ptr [EBX + 0x27],SI operand=WORD PTR [EBX + 0X27] width=2 | 00413F98 MOV CX,word ptr [EBX + 0x27] operand=WORD PTR [EBX + 0X27] width=2 | ... +36
00415ED0	STJellyGunC::sub_00415ED0	1	param_1	pointer:/undefined4	0	0	0	0	3	0	1	0	mixed_or_wide_pointee	complete mutable byte-buffer machine proof: direct_calls=0, byte_reads=0, byte_writes=0, rep_movs_transports=0, wide_dereferences=3, escapes=0; byte_read_sites=-; byte_write_sites=-; wide_sites=00415F47 MOV dword ptr [ECX],0x1 operand=DWORD PTR [ECX] width=4 | 004160DD MOV dword ptr [EDX],0x1 operand=DWORD PTR [EDX] width=4 | 004160E8 MOV dword ptr [EAX],0x0 operand=DWORD PTR [EAX] width=4
00416840	FUN_00416840	1	param_1	pointer:/undefined2	0	0	0	0	1	0	1	0	mixed_or_wide_pointee	complete mutable byte-buffer machine proof: direct_calls=0, byte_reads=0, byte_writes=0, rep_movs_transports=0, wide_dereferences=1, escapes=0; byte_read_sites=-; byte_write_sites=-; wide_sites=00416856 MOV word ptr [EDX],AX operand=WORD PTR [EDX] width=2
00416840	FUN_00416840	2	param_2	pointer:/undefined2	0	0	0	0	1	0	1	0	mixed_or_wide_pointee	complete mutable byte-buffer machine proof: direct_calls=0, byte_reads=0, byte_writes=0, rep_movs_transports=0, wide_dereferences=1, escapes=0; byte_read_sites=-; byte_write_sites=-; wide_sites=0041686D MOV word ptr [EDX],AX operand=WORD PTR [EDX] width=2
00416840	FUN_00416840	3	param_3	pointer:/undefined2	0	0	0	0	1	0	1	0	mixed_or_wide_pointee	complete mutable byte-buffer machine proof: direct_calls=0, byte_reads=0, byte_writes=0, rep_movs_transports=0, wide_dereferences=1, escapes=0; byte_read_sites=-; byte_write_sites=-; wide_sites=00416884 MOV word ptr [EAX],DX operand=WORD PTR [EAX] width=2
0041AB60	FUN_0041ab60	0	param_1	pointer:/undefined4	0	0	0	0	2	0	1	0	mixed_or_wide_pointee	complete mutable byte-buffer machine proof: direct_calls=0, byte_reads=0, byte_writes=0, rep_movs_transports=0, wide_dereferences=2, escapes=0; byte_read_sites=-; byte_write_sites=-; wide_sites=0041AB6E STOSD.REP ES:EDI string_width=4 | 0041AB70 STOSW ES:EDI string_width=2
0041AB90	FUN_0041ab90	0	param_1	pointer:/undefined4	0	0	0	0	1	0	1	0	mixed_or_wide_pointee	complete mutable byte-buffer machine proof: direct_calls=0, byte_reads=0, byte_writes=0, rep_movs_transports=0, wide_dereferences=1, escapes=0; byte_read_sites=-; byte_write_sites=-; wide_sites=0041AB9E STOSD.REP ES:EDI string_width=4
0041AC90	FUN_0041ac90	0	param_1	pointer:/undefined4	0	0	1	0	1	0	1	0	mixed_or_wide_pointee	complete mutable byte-buffer machine proof: direct_calls=0, byte_reads=0, byte_writes=1, rep_movs_transports=0, wide_dereferences=1, escapes=0; byte_read_sites=-; byte_write_sites=0041ACA0 STOSB ES:EDI; wide_sites=0041AC9E STOSD.REP ES:EDI string_width=4
0041ACC0	FUN_0041acc0	0	param_1	pointer:/undefined4	0	0	0	0	4	0	1	0	mixed_or_wide_pointee	complete mutable byte-buffer machine proof: direct_calls=0, byte_reads=0, byte_writes=0, rep_movs_transports=0, wide_dereferences=4, escapes=0; byte_read_sites=-; byte_write_sites=-; wide_sites=0041ACC8 MOV dword ptr [ECX],EAX operand=DWORD PTR [ECX] width=4 | 0041ACCA MOV dword ptr [ECX + 0x4],EAX operand=DWORD PTR [ECX + 0X4] width=4 | 0041ACCD MOV dword ptr [ECX + 0x8],EAX operand=DWORD PTR [ECX + 0X8] width=4 | 0041ACD0 MOV dword ptr [ECX + 0xc],EAX operand=DWORD PTR [ECX + 0XC] width=4
0041ACF0	FUN_0041acf0	0	param_1	pointer:/undefined4	0	0	1	0	5	0	1	0	mixed_or_wide_pointee	complete mutable byte-buffer machine proof: direct_calls=0, byte_reads=0, byte_writes=1, rep_movs_transports=0, wide_dereferences=5, escapes=0; byte_read_sites=-; byte_write_sites=0041AD07 MOV byte ptr [ECX + 0x12],AL; wide_sites=0041ACF8 MOV dword ptr [ECX],EAX operand=DWORD PTR [ECX] width=4 | 0041ACFA MOV dword ptr [ECX + 0x4],EAX operand=DWORD PTR [ECX + 0X4] width=4 | 0041ACFD MOV dword ptr [ECX + 0x8],EAX operand=DWORD PTR [ECX + 0X8] width=4 | 0041AD00 MOV dword ptr [ECX + 0xc],EAX operand=DWORD PTR [ECX + 0XC] width=4 | 0041AD03 MOV word ptr [ECX + 0x10],AX operand=WORD PTR [ECX + 0X10] width=2
0041AD50	FUN_0041ad50	0	param_1	pointer:/undefined4	0	0	0	0	3	0	1	0	mixed_or_wide_pointee	complete mutable byte-buffer machine proof: direct_calls=0, byte_reads=0, byte_writes=0, rep_movs_transports=0, wide_dereferences=3, escapes=0; byte_read_sites=-; byte_write_sites=-; wide_sites=0041AD58 MOV dword ptr [ECX],EAX operand=DWORD PTR [ECX] width=4 | 0041AD5A MOV dword ptr [ECX + 0x4],EAX operand=DWORD PTR [ECX + 0X4] width=4 | 0041AD5D MOV dword ptr [ECX + 0x8],EAX operand=DWORD PTR [ECX + 0X8] width=4
0041AD80	FUN_0041ad80	0	param_1	pointer:/undefined4	0	0	1	0	3	0	1	0	mixed_or_wide_pointee	complete mutable byte-buffer machine proof: direct_calls=0, byte_reads=0, byte_writes=1, rep_movs_transports=0, wide_dereferences=3, escapes=0; byte_read_sites=-; byte_write_sites=0041AD91 MOV byte ptr [ECX + 0xa],AL; wide_sites=0041AD88 MOV dword ptr [ECX],EAX operand=DWORD PTR [ECX] width=4 | 0041AD8A MOV dword ptr [ECX + 0x4],EAX operand=DWORD PTR [ECX + 0X4] width=4 | 0041AD8D MOV word ptr [ECX + 0x8],AX operand=WORD PTR [ECX + 0X8] width=2
0041ADB0	FUN_0041adb0	0	param_1	pointer:/undefined4	0	0	1	0	3	0	1	0	mixed_or_wide_pointee	complete mutable byte-buffer machine proof: direct_calls=0, byte_reads=0, byte_writes=1, rep_movs_transports=0, wide_dereferences=3, escapes=0; byte_read_sites=-; byte_write_sites=0041ADC1 MOV byte ptr [ECX + 0xa],AL; wide_sites=0041ADB8 MOV dword ptr [ECX],EAX operand=DWORD PTR [ECX] width=4 | 0041ADBA MOV dword ptr [ECX + 0x4],EAX operand=DWORD PTR [ECX + 0X4] width=4 | 0041ADBD MOV word ptr [ECX + 0x8],AX operand=WORD PTR [ECX + 0X8] width=2
0041ADE0	FUN_0041ade0	0	param_1	pointer:/undefined4	0	0	0	0	1	0	1	0	mixed_or_wide_pointee	complete mutable byte-buffer machine proof: direct_calls=0, byte_reads=0, byte_writes=0, rep_movs_transports=0, wide_dereferences=1, escapes=0; byte_read_sites=-; byte_write_sites=-; wide_sites=0041ADEE STOSD.REP ES:EDI string_width=4
0041AE10	FUN_0041ae10	0	param_1	pointer:/undefined4	0	0	0	0	2	0	1	0	mixed_or_wide_pointee	complete mutable byte-buffer machine proof: direct_calls=0, byte_reads=0, byte_writes=0, rep_movs_transports=0, wide_dereferences=2, escapes=0; byte_read_sites=-; byte_write_sites=-; wide_sites=0041AE18 MOV dword ptr [ECX],EAX operand=DWORD PTR [ECX] width=4 | 0041AE1A MOV word ptr [ECX + 0x4],AX operand=WORD PTR [ECX + 0X4] width=2
0041AE40	FUN_0041ae40	1	param_1	pointer:/undefined4	0	0	1	0	2	0	1	0	mixed_or_wide_pointee	complete mutable byte-buffer machine proof: direct_calls=0, byte_reads=0, byte_writes=1, rep_movs_transports=0, wide_dereferences=2, escapes=0; byte_read_sites=-; byte_write_sites=0041AE5B MOV byte ptr [EDX + 0x8],0x0; wide_sites=0041AE53 STOSD.REP ES:EDI string_width=4 | 0041AE59 MOV dword ptr [EDX],EAX operand=DWORD PTR [EDX] width=4
0041AEA0	FUN_0041aea0	0	param_1	pointer:/undefined1	0	0	1	0	0	0	1	0	no_byte_read	complete mutable byte-buffer machine proof: direct_calls=0, byte_reads=0, byte_writes=1, rep_movs_transports=0, wide_dereferences=0, escapes=0; byte_read_sites=-; byte_write_sites=0041AEA6 MOV byte ptr [EAX],0x0
0041C3F0	TLOEmbryoTy::sub_0041C3F0	1	param_1	pointer:/undefined	0	0	0	0	0	2	1	0	escaped_local_proof	complete mutable byte-buffer machine proof: direct_calls=0, byte_reads=0, byte_writes=0, rep_movs_transports=0, wide_dereferences=0, escapes=2; byte_read_sites=-; byte_write_sites=-; escape_sites=0041C401 MOV dword ptr [ESI + 0x101],EAX alias stored outside a local spill | 0041C428 PUSH EAX alias passed on stack
0041C6E0	FUN_0041c6e0	1	param_1	pointer:/undefined	0	0	0	0	0	1	1	0	escaped_local_proof	complete mutable byte-buffer machine proof: direct_calls=0, byte_reads=0, byte_writes=0, rep_movs_transports=0, wide_dereferences=0, escapes=1; byte_read_sites=-; byte_write_sites=-; escape_sites=0041C6F0 PUSH EAX alias passed on stack
0041DBE0	FUN_0041dbe0	1	param_2	pointer:/undefined2	0	0	0	0	1	0	1	0	mixed_or_wide_pointee	complete mutable byte-buffer machine proof: direct_calls=0, byte_reads=0, byte_writes=0, rep_movs_transports=0, wide_dereferences=1, escapes=0; byte_read_sites=-; byte_write_sites=-; wide_sites=0041DBEC MOV word ptr [EAX],0x0 operand=WORD PTR [EAX] width=2
0041DBE0	FUN_0041dbe0	2	param_3	pointer:/undefined2	0	0	0	0	1	0	1	0	mixed_or_wide_pointee	complete mutable byte-buffer machine proof: direct_calls=0, byte_reads=0, byte_writes=0, rep_movs_transports=0, wide_dereferences=1, escapes=0; byte_read_sites=-; byte_write_sites=-; wide_sites=0041DBF4 MOV word ptr [ECX],0x0 operand=WORD PTR [ECX] width=2
0041DBE0	FUN_0041dbe0	3	param_4	pointer:/undefined2	0	0	0	0	1	0	1	0	mixed_or_wide_pointee	complete mutable byte-buffer machine proof: direct_calls=0, byte_reads=0, byte_writes=0, rep_movs_transports=0, wide_dereferences=1, escapes=0; byte_read_sites=-; byte_write_sites=-; wide_sites=0041DBF9 MOV word ptr [EDX],0x0 operand=WORD PTR [EDX] width=2
0041DBE0	FUN_0041dbe0	4	param_5	pointer:/undefined4	0	0	0	0	1	0	1	0	mixed_or_wide_pointee	complete mutable byte-buffer machine proof: direct_calls=0, byte_reads=0, byte_writes=0, rep_movs_transports=0, wide_dereferences=1, escapes=0; byte_read_sites=-; byte_write_sites=-; wide_sites=0041DBFE MOV dword ptr [EAX],0x0 operand=DWORD PTR [EAX] width=4
0041DC40	FUN_0041dc40	0	param_1	pointer:/undefined4	0	0	0	0	2	0	1	0	mixed_or_wide_pointee	complete mutable byte-buffer machine proof: direct_calls=0, byte_reads=0, byte_writes=0, rep_movs_transports=0, wide_dereferences=2, escapes=0; byte_read_sites=-; byte_write_sites=-; wide_sites=0041DCB3 MOV dword ptr [EDX],ESI operand=DWORD PTR [EDX] width=4 | 0041DCB7 MOV word ptr [EDX + 0x4],CX operand=WORD PTR [EDX + 0X4] width=2
00422210	STAllPlayersC::RestoreGObjData	1	param_1	pointer:/undefined4	0	0	0	1	4	0	0	0	incomplete_cfg_at_00422B86	complete mutable byte-buffer machine proof: direct_calls=0, byte_reads=0, byte_writes=0, rep_movs_transports=1, wide_dereferences=4, escapes=0, failure=incomplete_cfg_at_00422B86; byte_read_sites=-; byte_write_sites=-; wide_sites=00422252 MOV ECX,dword ptr [EBX] operand=DWORD PTR [EBX] width=4 | 0042225A MOV DX,word ptr [EBX + 0x4] operand=WORD PTR [EBX + 0X4] width=2 | 00422262 MOV CX,word ptr [EBX + 0x6] operand=WORD PTR [EBX + 0X6] width=2 | 00422274 MOVSW ES:EDI,ESI string_width=2
0042B7D0	STAllPlayersC::AddObjsToGroup	4	param_4	pointer:/undefined2	0	0	0	0	0	0	0	0	incomplete_cfg_at_0042BA57	complete mutable byte-buffer machine proof: direct_calls=0, byte_reads=0, byte_writes=0, rep_movs_transports=0, wide_dereferences=0, escapes=0, failure=incomplete_cfg_at_0042BA57; byte_read_sites=-; byte_write_sites=-
0042D980	STAllPlayersC::GetActiveCenter	2	param_2	pointer:/undefined2	0	0	0	0	1	0	0	0	incomplete_cfg_at_0042D9D7	complete mutable byte-buffer machine proof: direct_calls=0, byte_reads=0, byte_writes=0, rep_movs_transports=0, wide_dereferences=1, escapes=0, failure=incomplete_cfg_at_0042D9D7; byte_read_sites=-; byte_write_sites=-; wide_sites=0042DE68 MOV word ptr [EAX],0xffff operand=WORD PTR [EAX] width=2
0042D980	STAllPlayersC::GetActiveCenter	3	param_3	pointer:/undefined2	0	0	0	0	0	0	0	0	incomplete_cfg_at_0042D9D7	complete mutable byte-buffer machine proof: direct_calls=0, byte_reads=0, byte_writes=0, rep_movs_transports=0, wide_dereferences=0, escapes=0, failure=incomplete_cfg_at_0042D9D7; byte_read_sites=-; byte_write_sites=-
0042DFE0	STAllPlayersC::PrepareToCmd	1	param_1	pointer:/undefined4	0	0	0	0	1	0	0	0	incomplete_cfg_at_0042E06E	complete mutable byte-buffer machine proof: direct_calls=0, byte_reads=0, byte_writes=0, rep_movs_transports=0, wide_dereferences=1, escapes=0, failure=incomplete_cfg_at_0042E06E; byte_read_sites=-; byte_write_sites=-; wide_sites=0042E007 MOV dword ptr [EAX],0x0 operand=DWORD PTR [EAX] width=4
0043E420	FUN_0043e420	0	param_1	pointer:/undefined4	0	0	0	1	0	0	1	0	no_byte_read	complete mutable byte-buffer machine proof: direct_calls=0, byte_reads=0, byte_writes=0, rep_movs_transports=1, wide_dereferences=0, escapes=0; byte_read_sites=-; byte_write_sites=-
00442B40	STAllPlayersC::_SubMDObject	0	param_1	pointer:/undefined4	0	0	0	0	0	1	0	0	incomplete_cfg_at_00442BB2	complete mutable byte-buffer machine proof: direct_calls=0, byte_reads=0, byte_writes=0, rep_movs_transports=0, wide_dereferences=0, escapes=1, failure=incomplete_cfg_at_00442BB2; byte_read_sites=-; byte_write_sites=-; escape_sites=00442B52 PUSH EBX alias passed on stack
004455C0	STAllPlayersC::CreateBoat	1	param_1	pointer:/undefined4	0	0	0	0	4	0	0	0	incomplete_cfg_at_0044580A	complete mutable byte-buffer machine proof: direct_calls=0, byte_reads=0, byte_writes=0, rep_movs_transports=0, wide_dereferences=4, escapes=0, failure=incomplete_cfg_at_0044580A; byte_read_sites=-; byte_write_sites=-; wide_sites=004455FD CMP dword ptr [ESI + 0x4],0x7 operand=DWORD PTR [ESI + 0X4] width=4 | 00445642 MOV EAX,dword ptr [ESI + 0x14] operand=DWORD PTR [ESI + 0X14] width=4 | 0044568E MOV AX,word ptr [ESI + 0x1c] operand=WORD PTR [ESI + 0X1C] width=2 | 004456A0 MOV AX,word ptr [ESI + 0x1e] operand=WORD PTR [ESI + 0X1E] width=2
004458D0	STAllPlayersC::GetBoatWeaponInfo	1	param_2	pointer:/undefined4	0	0	0	0	1	0	0	0	incomplete_cfg_at_0044591F	complete mutable byte-buffer machine proof: direct_calls=0, byte_reads=0, byte_writes=0, rep_movs_transports=0, wide_dereferences=1, escapes=0, failure=incomplete_cfg_at_0044591F; byte_read_sites=-; byte_write_sites=-; wide_sites=0044592A MOV dword ptr [ECX],EAX operand=DWORD PTR [ECX] width=4
004458D0	STAllPlayersC::GetBoatWeaponInfo	2	param_3	pointer:/undefined4	0	0	0	0	1	0	0	0	incomplete_cfg_at_0044591F	complete mutable byte-buffer machine proof: direct_calls=0, byte_reads=0, byte_writes=0, rep_movs_transports=0, wide_dereferences=1, escapes=0, failure=incomplete_cfg_at_0044591F; byte_read_sites=-; byte_write_sites=-; wide_sites=00445936 MOV dword ptr [EAX],EDX operand=DWORD PTR [EAX] width=4
004458D0	STAllPlayersC::GetBoatWeaponInfo	3	param_4	pointer:/undefined4	0	0	0	0	0	0	0	0	incomplete_cfg_at_0044591F	complete mutable byte-buffer machine proof: direct_calls=0, byte_reads=0, byte_writes=0, rep_movs_transports=0, wide_dereferences=0, escapes=0, failure=incomplete_cfg_at_0044591F; byte_read_sites=-; byte_write_sites=-
00449CE0	STAllPlayersC::RegisterArtefact	2	param_2	pointer:/void	0	0	0	0	0	0	0	0	incomplete_cfg_at_00449DE6	complete mutable byte-buffer machine proof: direct_calls=0, byte_reads=0, byte_writes=0, rep_movs_transports=0, wide_dereferences=0, escapes=0, failure=incomplete_cfg_at_00449DE6; byte_read_sites=-; byte_write_sites=-
00449FD0	STAllPlayersC::RegisterMine	2	param_2	pointer:/void	0	0	0	0	0	0	0	0	incomplete_cfg_at_0044A0D6	complete mutable byte-buffer machine proof: direct_calls=0, byte_reads=0, byte_writes=0, rep_movs_transports=0, wide_dereferences=0, escapes=0, failure=incomplete_cfg_at_0044A0D6; byte_read_sites=-; byte_write_sites=-
0044A2C0	STAllPlayersC::RegisterDeposit	2	param_2	pointer:/void	0	0	0	0	0	0	0	0	incomplete_cfg_at_0044A3C6	complete mutable byte-buffer machine proof: direct_calls=0, byte_reads=0, byte_writes=0, rep_movs_transports=0, wide_dereferences=0, escapes=0, failure=incomplete_cfg_at_0044A3C6; byte_read_sites=-; byte_write_sites=-
0044A5B0	STAllPlayersC::RegisterContainer	2	param_2	pointer:/void	0	0	0	0	0	0	0	0	incomplete_cfg_at_0044A6B6	complete mutable byte-buffer machine proof: direct_calls=0, byte_reads=0, byte_writes=0, rep_movs_transports=0, wide_dereferences=0, escapes=0, failure=incomplete_cfg_at_0044A6B6; byte_read_sites=-; byte_write_sites=-
0044A8A0	STAllPlayersC::RegisterBlot	2	param_2	pointer:/void	0	0	0	0	0	0	0	0	incomplete_cfg_at_0044A9A6	complete mutable byte-buffer machine proof: direct_calls=0, byte_reads=0, byte_writes=0, rep_movs_transports=0, wide_dereferences=0, escapes=0, failure=incomplete_cfg_at_0044A9A6; byte_read_sites=-; byte_write_sites=-
0044E980	STBoatC::GetVisualInfo	3	param_4	pointer:/undefined4	0	0	0	0	3	0	0	0	incomplete_cfg_at_0044EC36	complete mutable byte-buffer machine proof: direct_calls=0, byte_reads=0, byte_writes=0, rep_movs_transports=0, wide_dereferences=3, escapes=0, failure=incomplete_cfg_at_0044EC36; byte_read_sites=-; byte_write_sites=-; wide_sites=0044E993 MOV dword ptr [EAX],ECX operand=DWORD PTR [EAX] width=4 | 0044E9D4 MOV dword ptr [EAX],0x0 operand=DWORD PTR [EAX] width=4 | 0044EC24 MOV dword ptr [EAX],0x0 operand=DWORD PTR [EAX] width=4
0044E980	STBoatC::GetVisualInfo	5	param_6	pointer:/undefined1	0	0	1	0	0	0	0	0	incomplete_cfg_at_0044EC36	complete mutable byte-buffer machine proof: direct_calls=0, byte_reads=0, byte_writes=1, rep_movs_transports=0, wide_dereferences=0, escapes=0, failure=incomplete_cfg_at_0044EC36; byte_read_sites=-; byte_write_sites=0044E99F MOV byte ptr [ECX],0x1d
0047D080	STBoatC::Annih	1	param_1	pointer:/undefined4	0	0	0	0	0	0	0	0	incomplete_cfg_at_0047D824	complete mutable byte-buffer machine proof: direct_calls=0, byte_reads=0, byte_writes=0, rep_movs_transports=0, wide_dereferences=0, escapes=0, failure=incomplete_cfg_at_0047D824; byte_read_sites=-; byte_write_sites=-
00486B60	FUN_00486b60	1	param_1	pointer:/undefined1	0	0	18	0	18	0	1	0	mixed_or_wide_pointee	complete mutable byte-buffer machine proof: direct_calls=0, byte_reads=0, byte_writes=18, rep_movs_transports=0, wide_dereferences=18, escapes=0; byte_read_sites=-; byte_write_sites=00486B6E MOV byte ptr [ESI],0x1 | 00486B7D MOV byte ptr [ESI + 0x1],AL | 00486B82 MOV byte ptr [ESI + 0x1],BL | 00486B87 MOV byte ptr [ESI + 0x2],0x1 | 00486B94 MOV byte ptr [ESI + 0x1d],BL | 00486B99 MOV byte ptr [ESI + 0x1d],0x1 | 00486BA4 MOV byte ptr [ESI + 0x1b],AL | 00486BB1 MOV byte ptr [ESI + 0x1c],AL | ... +10; wide_sites=00486BBA MOV dword ptr [ESI + 0x3],ECX operand=DWORD PTR [ESI + 0X3] width=4 | 00486BDB MOV dword ptr [ESI + 0x8],EAX operand=DWORD PTR [ESI + 0X8] width=4 | 00486BE3 MOV dword ptr [EDX],EAX operand=DWORD PTR [EDX] width=4 | 00486BE8 MOV dword ptr [EDX + 0x4],EAX operand=DWORD PTR [EDX + 0X4] width=4 | 00486BEE MOV dword ptr [EDX + 0x8],EAX operand=DWORD PTR [EDX + 0X8] width=4 | 00486BF5 MOV word ptr [EDX + 0xc],AX operand=WORD PTR [EDX + 0XC] width=2 | 00486C50 MOV dword ptr [ESI + 0x1e],EAX operand=DWORD PTR [ESI + 0X1E] width=4 | 00486CB1 MOV dword ptr [ESI + 0x1e],EBX operand=DWORD PTR [ESI + 0X1E] width=4 | ... +10
00486E20	FUN_00486e20	1	param_1	pointer:/undefined4	0	1	339	0	2	0	1	0	mixed_or_wide_pointee	complete mutable byte-buffer machine proof: direct_calls=0, byte_reads=1, byte_writes=339, rep_movs_transports=0, wide_dereferences=2, escapes=0; byte_read_sites=00486E99 MOV AL,byte ptr [ESI + 0x4]; byte_write_sites=00486E53 MOV byte ptr [ESI + 0x4],AL | 00486E56 MOV byte ptr [ESI + 0x6],0x1 | 00486E63 MOV byte ptr [ESI + 0x7],0x0 | 00486E69 MOV byte ptr [ESI + 0x7],0x1 | 00486E7D MOV byte ptr [ESI + 0x8],0x1 | 00486E83 MOV byte ptr [ESI + 0x8],0x0 | 00486ED3 MOV byte ptr [ESI + 0x5],0x3 | 00486EF8 MOV byte ptr [ESI + 0x5],0x1 | ... +331; wide_sites=00486E35 STOSD.REP ES:EDI string_width=4 | 00486E3D MOV dword ptr [ESI],EAX operand=DWORD PTR [ESI] width=4
00488D10	FUN_00488d10	1	param_1	pointer:/undefined4	0	0	31	0	6	0	1	0	mixed_or_wide_pointee	complete mutable byte-buffer machine proof: direct_calls=0, byte_reads=0, byte_writes=31, rep_movs_transports=0, wide_dereferences=6, escapes=0; byte_read_sites=-; byte_write_sites=00488D2B MOV byte ptr [ESI + 0x12],DL | 00488D36 MOV byte ptr [EAX + 0x4],0x2b | 00488D3A MOV byte ptr [EAX + 0x5],0x2c | 00488D3E MOV byte ptr [EAX + 0x6],0x5 | 00488D42 MOV byte ptr [EAX + 0x7],0x6 | 00488D46 MOV byte ptr [EAX + 0x8],0x4d | 00488D4A MOV byte ptr [EAX + 0x9],0x2d | 00488D5A MOV byte ptr [EAX + 0x10],0x3 | ... +23; wide_sites=00488D1C MOV dword ptr [ESI],EDX operand=DWORD PTR [ESI] width=4 | 00488D1E MOV dword ptr [ESI + 0x4],EDX operand=DWORD PTR [ESI + 0X4] width=4 | 00488D21 MOV dword ptr [ESI + 0x8],EDX operand=DWORD PTR [ESI + 0X8] width=4 | 00488D24 MOV dword ptr [ESI + 0xc],EDX operand=DWORD PTR [ESI + 0XC] width=4 | 00488D27 MOV word ptr [ESI + 0x10],DX operand=WORD PTR [ESI + 0X10] width=2 | 00488D34 MOV dword ptr [EAX],EDX operand=DWORD PTR [EAX] width=4
00488EE0	FUN_00488ee0	1	param_1	pointer:/undefined1	0	0	3	0	2	0	1	0	mixed_or_wide_pointee	complete mutable byte-buffer machine proof: direct_calls=0, byte_reads=0, byte_writes=3, rep_movs_transports=0, wide_dereferences=2, escapes=0; byte_read_sites=-; byte_write_sites=00488EEA MOV byte ptr [ESI],0x1 | 00488EED MOV byte ptr [ESI + 0x1],0x1 | 00488F0C MOV byte ptr [ESI + 0x6],AL; wide_sites=00488EF7 MOV dword ptr [ESI + 0x2],EAX operand=DWORD PTR [ESI + 0X2] width=4 | 00488F12 MOV dword ptr [ESI + 0x7],EDX operand=DWORD PTR [ESI + 0X7] width=4
0048DC90	FUN_0048dc90	1	param_1	pointer:/undefined4	0	0	0	1	1	0	1	0	mixed_or_wide_pointee	complete mutable byte-buffer machine proof: direct_calls=0, byte_reads=0, byte_writes=0, rep_movs_transports=1, wide_dereferences=1, escapes=0; byte_read_sites=-; byte_write_sites=-; wide_sites=0048DCA7 MOVSW ES:EDI,ESI string_width=2
0048DCC0	FUN_0048dcc0	1	param_1	pointer:/undefined4	0	0	0	1	0	0	1	0	no_byte_read	complete mutable byte-buffer machine proof: direct_calls=0, byte_reads=0, byte_writes=0, rep_movs_transports=1, wide_dereferences=0, escapes=0; byte_read_sites=-; byte_write_sites=-
004919C0	STBoatC::GetCellForLoading	7	param_7	pointer:/undefined2	0	0	0	0	0	0	0	0	incomplete_cfg_at_00491E53	complete mutable byte-buffer machine proof: direct_calls=0, byte_reads=0, byte_writes=0, rep_movs_transports=0, wide_dereferences=0, escapes=0, failure=incomplete_cfg_at_00491E53; byte_read_sites=-; byte_write_sites=-
004919C0	STBoatC::GetCellForLoading	8	param_8	pointer:/undefined2	0	0	0	0	0	0	0	0	incomplete_cfg_at_00491E53	complete mutable byte-buffer machine proof: direct_calls=0, byte_reads=0, byte_writes=0, rep_movs_transports=0, wide_dereferences=0, escapes=0, failure=incomplete_cfg_at_00491E53; byte_read_sites=-; byte_write_sites=-
004919C0	STBoatC::GetCellForLoading	9	param_9	pointer:/undefined2	0	0	0	0	0	0	0	0	incomplete_cfg_at_00491E53	complete mutable byte-buffer machine proof: direct_calls=0, byte_reads=0, byte_writes=0, rep_movs_transports=0, wide_dereferences=0, escapes=0, failure=incomplete_cfg_at_00491E53; byte_read_sites=-; byte_write_sites=-
004919C0	STBoatC::GetCellForLoading	12	param_12	pointer:/undefined2	0	0	0	0	0	0	0	0	incomplete_cfg_at_00491E53	complete mutable byte-buffer machine proof: direct_calls=0, byte_reads=0, byte_writes=0, rep_movs_transports=0, wide_dereferences=0, escapes=0, failure=incomplete_cfg_at_00491E53; byte_read_sites=-; byte_write_sites=-
00492550	FUN_00492550	4	param_4	pointer:/undefined2	0	0	0	0	1	0	1	0	mixed_or_wide_pointee	complete mutable byte-buffer machine proof: direct_calls=0, byte_reads=0, byte_writes=0, rep_movs_transports=0, wide_dereferences=1, escapes=0; byte_read_sites=-; byte_write_sites=-; wide_sites=00492644 MOV word ptr [ECX],SI operand=WORD PTR [ECX] width=2
00492550	FUN_00492550	5	param_5	pointer:/undefined2	0	0	0	0	1	0	1	0	mixed_or_wide_pointee	complete mutable byte-buffer machine proof: direct_calls=0, byte_reads=0, byte_writes=0, rep_movs_transports=0, wide_dereferences=1, escapes=0; byte_read_sites=-; byte_write_sites=-; wide_sites=0049264A MOV word ptr [EAX],DX operand=WORD PTR [EAX] width=2
00496A90	FUN_00496a90	5	param_6	pointer:/undefined4	0	0	0	0	2	0	1	0	mixed_or_wide_pointee	complete mutable byte-buffer machine proof: direct_calls=0, byte_reads=0, byte_writes=0, rep_movs_transports=0, wide_dereferences=2, escapes=0; byte_read_sites=-; byte_write_sites=-; wide_sites=00496A9B MOV dword ptr [ECX],0x0 operand=DWORD PTR [ECX] width=4 | 00496AE9 MOV dword ptr [ECX],0x1 operand=DWORD PTR [ECX] width=4
00496CC0	FUN_00496cc0	5	param_6	pointer:/void	0	0	0	0	0	3	1	0	escaped_local_proof	complete mutable byte-buffer machine proof: direct_calls=0, byte_reads=0, byte_writes=0, rep_movs_transports=0, wide_dereferences=0, escapes=3; byte_read_sites=-; byte_write_sites=-; escape_sites=00496D2A PUSH EAX alias passed on stack | 00496D5B PUSH EDI alias passed on stack | 00496D76 PUSH EDI alias passed on stack
00497370	FUN_00497370	4	param_5	pointer:/void	0	0	0	0	0	1	1	0	escaped_local_proof	complete mutable byte-buffer machine proof: direct_calls=0, byte_reads=0, byte_writes=0, rep_movs_transports=0, wide_dereferences=0, escapes=1; byte_read_sites=-; byte_write_sites=-; escape_sites=0049766F PUSH EAX alias passed on stack
0049A500	STGroupBoatC::sub_0049A500	1	param_1	pointer:/undefined2	0	0	0	0	1	0	1	0	mixed_or_wide_pointee	complete mutable byte-buffer machine proof: direct_calls=0, byte_reads=0, byte_writes=0, rep_movs_transports=0, wide_dereferences=1, escapes=0; byte_read_sites=-; byte_write_sites=-; wide_sites=0049A5A6 MOV word ptr [ECX],AX operand=WORD PTR [ECX] width=2
0049A500	STGroupBoatC::sub_0049A500	2	param_2	pointer:/undefined2	0	0	0	0	1	0	1	0	mixed_or_wide_pointee	complete mutable byte-buffer machine proof: direct_calls=0, byte_reads=0, byte_writes=0, rep_movs_transports=0, wide_dereferences=1, escapes=0; byte_read_sites=-; byte_write_sites=-; wide_sites=0049A5BC MOV word ptr [ECX],AX operand=WORD PTR [ECX] width=2
0049A500	STGroupBoatC::sub_0049A500	3	param_3	pointer:/undefined2	0	0	0	0	1	0	1	0	mixed_or_wide_pointee	complete mutable byte-buffer machine proof: direct_calls=0, byte_reads=0, byte_writes=0, rep_movs_transports=0, wide_dereferences=1, escapes=0; byte_read_sites=-; byte_write_sites=-; wide_sites=0049A5D4 MOV word ptr [ECX],AX operand=WORD PTR [ECX] width=2
004A67A0	STGroupBoatC::RestoreGrpBData	1	param_1	pointer:/undefined4	0	0	0	0	5	0	0	0	incomplete_cfg_at_004A71CF	complete mutable byte-buffer machine proof: direct_calls=0, byte_reads=0, byte_writes=0, rep_movs_transports=0, wide_dereferences=5, escapes=0, failure=incomplete_cfg_at_004A71CF; byte_read_sites=-; byte_write_sites=-; wide_sites=004A67E2 MOV ECX,dword ptr [EBX] operand=DWORD PTR [EBX] width=4 | 004A67EA MOV EDX,dword ptr [EBX + 0x4] operand=DWORD PTR [EBX + 0X4] width=4 | 004A67F0 MOV ECX,dword ptr [EBX + 0x8] operand=DWORD PTR [EBX + 0X8] width=4 | 004A67F6 MOV EDX,dword ptr [EBX + 0xc] operand=DWORD PTR [EBX + 0XC] width=4 | 004A67FC MOV ECX,dword ptr [EBX + 0x10] operand=DWORD PTR [EBX + 0X10] width=4
004A8340	STGroupBoatC::GetDepotForAttack	2	param_2	pointer:/undefined1	0	0	0	0	0	0	0	0	incomplete_cfg_at_004A8509	complete mutable byte-buffer machine proof: direct_calls=0, byte_reads=0, byte_writes=0, rep_movs_transports=0, wide_dereferences=0, escapes=0, failure=incomplete_cfg_at_004A8509; byte_read_sites=-; byte_write_sites=-
004AD400	FUN_004ad400	1	param_1	pointer:/undefined4	0	0	0	0	1	0	1	0	mixed_or_wide_pointee	complete mutable byte-buffer machine proof: direct_calls=0, byte_reads=0, byte_writes=0, rep_movs_transports=0, wide_dereferences=1, escapes=0; byte_read_sites=-; byte_write_sites=-; wide_sites=004AD409 MOV dword ptr [EDX],EAX operand=DWORD PTR [EDX] width=4
004AD400	FUN_004ad400	2	param_2	pointer:/undefined4	0	0	0	0	1	0	1	0	mixed_or_wide_pointee	complete mutable byte-buffer machine proof: direct_calls=0, byte_reads=0, byte_writes=0, rep_movs_transports=0, wide_dereferences=1, escapes=0; byte_read_sites=-; byte_write_sites=-; wide_sites=004AD411 MOV dword ptr [EDX],EAX operand=DWORD PTR [EDX] width=4
004AD400	FUN_004ad400	3	param_3	pointer:/undefined4	0	0	0	0	1	0	1	0	mixed_or_wide_pointee	complete mutable byte-buffer machine proof: direct_calls=0, byte_reads=0, byte_writes=0, rep_movs_transports=0, wide_dereferences=1, escapes=0; byte_read_sites=-; byte_write_sites=-; wide_sites=004AD419 MOV dword ptr [ECX],EAX operand=DWORD PTR [ECX] width=4
004AE0B0	FUN_004ae0b0	5	param_6	pointer:/undefined4	0	0	0	0	1	0	1	0	mixed_or_wide_pointee	complete mutable byte-buffer machine proof: direct_calls=0, byte_reads=0, byte_writes=0, rep_movs_transports=0, wide_dereferences=1, escapes=0; byte_read_sites=-; byte_write_sites=-; wide_sites=004AECBF MOV dword ptr [EAX],ECX operand=DWORD PTR [EAX] width=4
004B2520	FUN_004b2520	5	param_6	pointer:/undefined4	0	0	0	0	2	0	1	0	mixed_or_wide_pointee	complete mutable byte-buffer machine proof: direct_calls=0, byte_reads=0, byte_writes=0, rep_movs_transports=0, wide_dereferences=2, escapes=0; byte_read_sites=-; byte_write_sites=-; wide_sites=004B2566 MOV dword ptr [EDX],0xffffffff operand=DWORD PTR [EDX] width=4 | 004B2B44 MOV dword ptr [ECX],EDX operand=DWORD PTR [ECX] width=4
004B2520	FUN_004b2520	6	param_7	pointer:/undefined4	0	0	0	0	2	0	1	0	mixed_or_wide_pointee	complete mutable byte-buffer machine proof: direct_calls=0, byte_reads=0, byte_writes=0, rep_movs_transports=0, wide_dereferences=2, escapes=0; byte_read_sites=-; byte_write_sites=-; wide_sites=004B255D MOV dword ptr [ECX],0xffffffff operand=DWORD PTR [ECX] width=4 | 004B2B4C MOV dword ptr [ECX],EDX operand=DWORD PTR [ECX] width=4
004B2520	FUN_004b2520	7	param_8	pointer:/undefined4	0	0	0	0	2	0	1	0	mixed_or_wide_pointee	complete mutable byte-buffer machine proof: direct_calls=0, byte_reads=0, byte_writes=0, rep_movs_transports=0, wide_dereferences=2, escapes=0; byte_read_sites=-; byte_write_sites=-; wide_sites=004B2554 MOV dword ptr [EAX],0xffffffff operand=DWORD PTR [EAX] width=4 | 004B2B54 MOV dword ptr [EAX],EDX operand=DWORD PTR [EAX] width=4
004BE320	FUN_004be320	1	param_1	pointer:/undefined4	0	0	0	0	1	0	1	0	mixed_or_wide_pointee	complete mutable byte-buffer machine proof: direct_calls=0, byte_reads=0, byte_writes=0, rep_movs_transports=0, wide_dereferences=1, escapes=0; byte_read_sites=-; byte_write_sites=-; wide_sites=004BE330 MOV dword ptr [EAX],EDX operand=DWORD PTR [EAX] width=4
004BE6C0	FUN_004be6c0	1	param_1	pointer:/undefined4	0	0	10	0	26	1	1	0	mixed_or_wide_pointee	complete mutable byte-buffer machine proof: direct_calls=0, byte_reads=0, byte_writes=10, rep_movs_transports=0, wide_dereferences=26, escapes=1; byte_read_sites=-; byte_write_sites=004BE6D8 MOV byte ptr [ESI],0x1 | 004BE6E1 MOV byte ptr [ESI + 0x1],AL | 004BE6F6 MOV byte ptr [ESI + 0x7],AL | 004BE716 MOV byte ptr [ESI + 0x1d],AL | 004BE72B MOV byte ptr [ESI + 0x2],0x0 | 004BE731 MOV byte ptr [ESI + 0x2],0x1 | 004BE73C MOV byte ptr [ESI + 0x1b],AL | 004BE749 MOV byte ptr [ESI + 0x1c],AL | ... +2; wide_sites=004BE6D4 STOSD.REP ES:EDI string_width=4 | 004BE6D6 STOSW ES:EDI string_width=2 | 004BE752 MOV dword ptr [ESI + 0x3],ECX operand=DWORD PTR [ESI + 0X3] width=4 | 004BE765 MOV dword ptr [ESI + 0x8],EDX operand=DWORD PTR [ESI + 0X8] width=4 | 004BE794 MOV word ptr [ESI + 0x1e],AX operand=WORD PTR [ESI + 0X1E] width=2 | 004BE79A MOV word ptr [ESI + 0x1e],0x9f operand=WORD PTR [ESI + 0X1E] width=2 | 004BE806 MOV word ptr [ESI + 0x22],AX operand=WORD PTR [ESI + 0X22] width=2 | 004BE827 MOV word ptr [ESI + 0x26],AX operand=WORD PTR [ESI + 0X26] width=2 | ... +18; escape_sites=004BE764 PUSH ECX alias passed on stack
004C2840	FUN_004c2840	1	param_1	pointer:/undefined4	0	0	1	0	2	1	1	0	mixed_or_wide_pointee	complete mutable byte-buffer machine proof: direct_calls=0, byte_reads=0, byte_writes=1, rep_movs_transports=0, wide_dereferences=2, escapes=1; byte_read_sites=-; byte_write_sites=004C286A MOV byte ptr [EDI + 0x8],AL; wide_sites=004C284D MOV dword ptr [EDI],EAX operand=DWORD PTR [EDI] width=4 | 004C2855 MOV dword ptr [EDI + 0x4],ECX operand=DWORD PTR [EDI + 0X4] width=4; escape_sites=004C2879 PUSH EDI alias passed on stack
004C28B0	FUN_004c28b0	1	param_1	pointer:/undefined4	0	0	5	0	5	0	1	0	mixed_or_wide_pointee	complete mutable byte-buffer machine proof: direct_calls=0, byte_reads=0, byte_writes=5, rep_movs_transports=0, wide_dereferences=5, escapes=0; byte_read_sites=-; byte_write_sites=004C28C7 MOV byte ptr [ECX + 0xa],AL | 004C28CA MOV byte ptr [ESI],0x1 | 004C28DF MOV byte ptr [ESI + 0x6],AL | 004C28F4 MOV byte ptr [ESI + 0x1],0x0 | 004C28FA MOV byte ptr [ESI + 0x1],0x1; wide_sites=004C28BE MOV dword ptr [ECX],EAX operand=DWORD PTR [ECX] width=4 | 004C28C0 MOV dword ptr [ECX + 0x4],EAX operand=DWORD PTR [ECX + 0X4] width=4 | 004C28C3 MOV word ptr [ECX + 0x8],AX operand=WORD PTR [ECX + 0X8] width=2 | 004C2904 MOV dword ptr [ESI + 0x2],EAX operand=DWORD PTR [ESI + 0X2] width=4 | 004C290A MOV dword ptr [ESI + 0x7],ECX operand=DWORD PTR [ESI + 0X7] width=4
004C2950	FUN_004c2950	3	param_4	pointer:/undefined4	0	0	0	0	6	0	1	0	mixed_or_wide_pointee	complete mutable byte-buffer machine proof: direct_calls=0, byte_reads=0, byte_writes=0, rep_movs_transports=0, wide_dereferences=6, escapes=0; byte_read_sites=-; byte_write_sites=-; wide_sites=004C2967 MOV dword ptr [EBX],0x0 operand=DWORD PTR [EBX] width=4 | 004C29C5 MOV dword ptr [EBX],ECX operand=DWORD PTR [EBX] width=4 | 004C2A17 MOV dword ptr [EBX],EDX operand=DWORD PTR [EBX] width=4 | 004C2A7D MOV dword ptr [EBX],ECX operand=DWORD PTR [EBX] width=4 | 004C2AD8 MOV dword ptr [EBX],EDX operand=DWORD PTR [EBX] width=4 | 004C2B3C MOV dword ptr [EBX],EDX operand=DWORD PTR [EBX] width=4
004C2950	FUN_004c2950	5	param_6	pointer:/undefined1	0	0	5	0	0	0	1	0	no_byte_read	complete mutable byte-buffer machine proof: direct_calls=0, byte_reads=0, byte_writes=5, rep_movs_transports=0, wide_dereferences=0, escapes=0; byte_read_sites=-; byte_write_sites=004C29C7 MOV byte ptr [EAX],0x1d | 004C2A1C MOV byte ptr [EAX],0x1d | 004C2A7F MOV byte ptr [EAX],0x1d | 004C2ADD MOV byte ptr [EAX],0x1d | 004C2B41 MOV byte ptr [EAX],0x1d
004C56B0	TLOBaseTy::sub_004C56B0	1	param_1	pointer:/void	0	0	0	0	1	2	1	0	mixed_or_wide_pointee	complete mutable byte-buffer machine proof: direct_calls=0, byte_reads=0, byte_writes=0, rep_movs_transports=0, wide_dereferences=1, escapes=2; byte_read_sites=-; byte_write_sites=-; wide_sites=004C5711 CMP dword ptr [ECX*0x4 + 0x792ca0],0xb3 operand=DWORD PTR [ECX*0X4 + 0X792CA0] width=4; escape_sites=004C56EC SHL ECX,0x7 unsupported affine alias transform | 004C57D9 SHL ECX,0x1 unsupported affine alias transform
004C5BD0	FUN_004c5bd0	5	param_5	pointer:/undefined4	0	0	0	0	3	0	1	0	mixed_or_wide_pointee	complete mutable byte-buffer machine proof: direct_calls=0, byte_reads=0, byte_writes=0, rep_movs_transports=0, wide_dereferences=3, escapes=0; byte_read_sites=-; byte_write_sites=-; wide_sites=004C5C6E MOV dword ptr [EDX],0x0 operand=DWORD PTR [EDX] width=4 | 004C5D4A MOV dword ptr [EAX],0x0 operand=DWORD PTR [EAX] width=4 | 004C5D5D MOV dword ptr [ECX],0x1 operand=DWORD PTR [ECX] width=4
004C7260	FUN_004c7260	3	param_3	pointer:/undefined4	0	0	0	0	4	0	1	0	mixed_or_wide_pointee	complete mutable byte-buffer machine proof: direct_calls=0, byte_reads=0, byte_writes=0, rep_movs_transports=0, wide_dereferences=4, escapes=0; byte_read_sites=-; byte_write_sites=-; wide_sites=004C72A7 MOV dword ptr [EDI],0x0 operand=DWORD PTR [EDI] width=4 | 004C72C4 MOV dword ptr [EDI],EDX operand=DWORD PTR [EDI] width=4 | 004C730C MOV dword ptr [EDI],EDX operand=DWORD PTR [EDI] width=4 | 004C7337 MOV dword ptr [EDI],0x0 operand=DWORD PTR [EDI] width=4
004C7260	FUN_004c7260	4	param_4	pointer:/undefined4	0	0	0	0	6	0	1	0	mixed_or_wide_pointee	complete mutable byte-buffer machine proof: direct_calls=0, byte_reads=0, byte_writes=0, rep_movs_transports=0, wide_dereferences=6, escapes=0; byte_read_sites=-; byte_write_sites=-; wide_sites=004C72A1 MOV dword ptr [EAX],0x0 operand=DWORD PTR [EAX] width=4 | 004C72CD MOV dword ptr [EAX],EDX operand=DWORD PTR [EAX] width=4 | 004C731C MOV dword ptr [EAX],ECX operand=DWORD PTR [EAX] width=4 | 004C732D MOV dword ptr [EAX],EDX operand=DWORD PTR [EAX] width=4 | 004C733D MOV dword ptr [EAX],0x0 operand=DWORD PTR [EAX] width=4 | 004C73B7 MOV dword ptr [EAX],ECX operand=DWORD PTR [EAX] width=4
004C7260	FUN_004c7260	6	param_6	pointer:/undefined4	0	0	0	0	2	0	1	0	mixed_or_wide_pointee	complete mutable byte-buffer machine proof: direct_calls=0, byte_reads=0, byte_writes=0, rep_movs_transports=0, wide_dereferences=2, escapes=0; byte_read_sites=-; byte_write_sites=-; wide_sites=004C7289 MOV dword ptr [ECX],0x0 operand=DWORD PTR [ECX] width=4 | 004C72E4 MOV dword ptr [EDX],ECX operand=DWORD PTR [EDX] width=4
004D6590	FUN_004d6590	5	param_5	pointer:/undefined4	0	0	0	0	3	0	1	0	mixed_or_wide_pointee	complete mutable byte-buffer machine proof: direct_calls=0, byte_reads=0, byte_writes=0, rep_movs_transports=0, wide_dereferences=3, escapes=0; byte_read_sites=-; byte_write_sites=-; wide_sites=004D6639 MOV dword ptr [EDX],0x0 operand=DWORD PTR [EDX] width=4 | 004D6715 MOV dword ptr [EAX],0x0 operand=DWORD PTR [EAX] width=4 | 004D6728 MOV dword ptr [ECX],0x1 operand=DWORD PTR [ECX] width=4
004D6D50	FUN_004d6d50	1	param_1	pointer:/undefined4	0	0	1	0	2	1	1	0	mixed_or_wide_pointee	complete mutable byte-buffer machine proof: direct_calls=0, byte_reads=0, byte_writes=1, rep_movs_transports=0, wide_dereferences=2, escapes=1; byte_read_sites=-; byte_write_sites=004D6D77 MOV byte ptr [EDI + 0x8],AL; wide_sites=004D6D5D MOV dword ptr [EDI],EAX operand=DWORD PTR [EDI] width=4 | 004D6D65 MOV dword ptr [EDI + 0x4],ECX operand=DWORD PTR [EDI + 0X4] width=4; escape_sites=004D6D86 PUSH EDI alias passed on stack
004DE410	FUN_004de410	0	param_1	pointer:/void	0	0	0	0	2	1	1	0	mixed_or_wide_pointee	complete mutable byte-buffer machine proof: direct_calls=0, byte_reads=0, byte_writes=0, rep_movs_transports=0, wide_dereferences=2, escapes=1; byte_read_sites=-; byte_write_sites=-; wide_sites=004DE439 MOV ECX,dword ptr [EAX] operand=DWORD PTR [EAX] width=4 | 004DE484 MOV ECX,dword ptr [EAX] operand=DWORD PTR [EAX] width=4; escape_sites=004DE42A SHL ECX,0x4 unsupported affine alias transform
004E2340	FUN_004e2340	3	param_3	pointer:/undefined4	0	0	0	0	2	0	1	0	mixed_or_wide_pointee	complete mutable byte-buffer machine proof: direct_calls=0, byte_reads=0, byte_writes=0, rep_movs_transports=0, wide_dereferences=2, escapes=0; byte_read_sites=-; byte_write_sites=-; wide_sites=004E262B MOV dword ptr [EAX],0x0 operand=DWORD PTR [EAX] width=4 | 004E263F MOV dword ptr [EAX],0x1 operand=DWORD PTR [EAX] width=4
004E68A0	FUN_004e68a0	1	param_2	pointer:/undefined1	0	0	2	0	1	1	1	0	mixed_or_wide_pointee	complete mutable byte-buffer machine proof: direct_calls=0, byte_reads=0, byte_writes=2, rep_movs_transports=0, wide_dereferences=1, escapes=1; byte_read_sites=-; byte_write_sites=004E699E MOV byte ptr [ECX + -0x1],AL | 004E69EF MOV byte ptr [ECX],AL; wide_sites=004E698D MOV dword ptr [EDX + -0x5],ECX operand=DWORD PTR [EDX + -0X5] width=4; escape_sites=004E68D4 PUSH EAX alias passed on stack
004E68A0	FUN_004e68a0	3	param_4	pointer:/undefined4	0	0	2	0	3	0	1	0	mixed_or_wide_pointee	complete mutable byte-buffer machine proof: direct_calls=0, byte_reads=0, byte_writes=2, rep_movs_transports=0, wide_dereferences=3, escapes=0; byte_read_sites=-; byte_write_sites=004E699E MOV byte ptr [ECX + -0x1],AL | 004E69EF MOV byte ptr [ECX],AL; wide_sites=004E68B8 STOSD.REP ES:EDI string_width=4 | 004E68BA STOSW ES:EDI string_width=2 | 004E698D MOV dword ptr [EDX + -0x5],ECX operand=DWORD PTR [EDX + -0X5] width=4
004E6E10	FUN_004e6e10	2	param_3	pointer:/undefined4	0	0	0	0	2	0	1	0	mixed_or_wide_pointee	complete mutable byte-buffer machine proof: direct_calls=0, byte_reads=0, byte_writes=0, rep_movs_transports=0, wide_dereferences=2, escapes=0; byte_read_sites=-; byte_write_sites=-; wide_sites=004E6E1D MOV dword ptr [EAX],0x0 operand=DWORD PTR [EAX] width=4 | 004E6E68 MOV dword ptr [ESI],EBX operand=DWORD PTR [ESI] width=4
004E6E10	FUN_004e6e10	3	param_4	pointer:/undefined4	0	0	0	0	2	0	1	0	mixed_or_wide_pointee	complete mutable byte-buffer machine proof: direct_calls=0, byte_reads=0, byte_writes=0, rep_movs_transports=0, wide_dereferences=2, escapes=0; byte_read_sites=-; byte_write_sites=-; wide_sites=004E6E23 MOV dword ptr [ECX],0x0 operand=DWORD PTR [ECX] width=4 | 004E6EB3 MOV dword ptr [EDI],EBX operand=DWORD PTR [EDI] width=4
004E7230	FUN_004e7230	2	param_3	pointer:/undefined4	0	0	0	0	2	0	1	0	mixed_or_wide_pointee	complete mutable byte-buffer machine proof: direct_calls=0, byte_reads=0, byte_writes=0, rep_movs_transports=0, wide_dereferences=2, escapes=0; byte_read_sites=-; byte_write_sites=-; wide_sites=004E724C STOSD.REP ES:EDI string_width=4 | 004E7303 MOV dword ptr [EDX + EDI*0x1],ECX operand=DWORD PTR [EDX + EDI*0X1] width=4
004E7230	FUN_004e7230	3	param_4	pointer:/undefined4	0	0	0	0	3	0	1	0	mixed_or_wide_pointee	complete mutable byte-buffer machine proof: direct_calls=0, byte_reads=0, byte_writes=0, rep_movs_transports=0, wide_dereferences=3, escapes=0; byte_read_sites=-; byte_write_sites=-; wide_sites=004E7257 STOSD.REP ES:EDI string_width=4 | 004E7303 MOV dword ptr [EDX + EDI*0x1],ECX operand=DWORD PTR [EDX + EDI*0X1] width=4 | 004E7309 MOV dword ptr [EDI],EAX operand=DWORD PTR [EDI] width=4
004E9650	FUN_004e9650	1	param_1	pointer:/undefined4	0	0	0	0	2	0	1	0	mixed_or_wide_pointee	complete mutable byte-buffer machine proof: direct_calls=0, byte_reads=0, byte_writes=0, rep_movs_transports=0, wide_dereferences=2, escapes=0; byte_read_sites=-; byte_write_sites=-; wide_sites=004E966A MOV dword ptr [ESI],0xffffffff operand=DWORD PTR [ESI] width=4 | 004E9682 MOV dword ptr [ESI],EDI operand=DWORD PTR [ESI] width=4
004E9650	FUN_004e9650	2	param_2	pointer:/undefined4	0	0	0	0	2	0	1	0	mixed_or_wide_pointee	complete mutable byte-buffer machine proof: direct_calls=0, byte_reads=0, byte_writes=0, rep_movs_transports=0, wide_dereferences=2, escapes=0; byte_read_sites=-; byte_write_sites=-; wide_sites=004E9663 MOV dword ptr [EDX],0xffffffff operand=DWORD PTR [EDX] width=4 | 004E968A MOV dword ptr [EDX],ESI operand=DWORD PTR [EDX] width=4
004E9650	FUN_004e9650	3	param_3	pointer:/undefined4	0	0	0	0	2	0	1	0	mixed_or_wide_pointee	complete mutable byte-buffer machine proof: direct_calls=0, byte_reads=0, byte_writes=0, rep_movs_transports=0, wide_dereferences=2, escapes=0; byte_read_sites=-; byte_write_sites=-; wide_sites=004E965D MOV dword ptr [EAX],0xffffffff operand=DWORD PTR [EAX] width=4 | 004E9692 MOV dword ptr [EAX],ECX operand=DWORD PTR [EAX] width=4
004E9960	FUN_004e9960	1	param_1	pointer:/undefined4	0	0	0	0	1	0	1	0	mixed_or_wide_pointee	complete mutable byte-buffer machine proof: direct_calls=0, byte_reads=0, byte_writes=0, rep_movs_transports=0, wide_dereferences=1, escapes=0; byte_read_sites=-; byte_write_sites=-; wide_sites=004E998A MOV dword ptr [EDX],EAX operand=DWORD PTR [EDX] width=4
004E9960	FUN_004e9960	2	param_2	pointer:/undefined4	0	0	0	0	1	0	1	0	mixed_or_wide_pointee	complete mutable byte-buffer machine proof: direct_calls=0, byte_reads=0, byte_writes=0, rep_movs_transports=0, wide_dereferences=1, escapes=0; byte_read_sites=-; byte_write_sites=-; wide_sites=004E999B MOV dword ptr [EAX],EDX operand=DWORD PTR [EAX] width=4
004E9960	FUN_004e9960	3	param_3	pointer:/undefined4	0	0	0	0	1	0	1	0	mixed_or_wide_pointee	complete mutable byte-buffer machine proof: direct_calls=0, byte_reads=0, byte_writes=0, rep_movs_transports=0, wide_dereferences=1, escapes=0; byte_read_sites=-; byte_write_sites=-; wide_sites=004E99AC MOV dword ptr [EAX],EDX operand=DWORD PTR [EAX] width=4
004EBFD0	FUN_004ebfd0	4	param_4	pointer:/undefined4	0	0	0	0	1	0	1	0	mixed_or_wide_pointee	complete mutable byte-buffer machine proof: direct_calls=0, byte_reads=0, byte_writes=0, rep_movs_transports=0, wide_dereferences=1, escapes=0; byte_read_sites=-; byte_write_sites=-; wide_sites=004EC018 MOV dword ptr [EAX],0x5a operand=DWORD PTR [EAX] width=4
004F19D0	FUN_004f19d0	2	param_3	pointer:/undefined4	0	0	0	0	14	0	1	0	mixed_or_wide_pointee	complete mutable byte-buffer machine proof: direct_calls=0, byte_reads=0, byte_writes=0, rep_movs_transports=0, wide_dereferences=14, escapes=0; byte_read_sites=-; byte_write_sites=-; wide_sites=004F1A1F MOV dword ptr [ECX],0x3 operand=DWORD PTR [ECX] width=4 | 004F1A35 MOV dword ptr [EAX],0x52 operand=DWORD PTR [EAX] width=4 | 004F1A50 MOV dword ptr [EDX],0x52 operand=DWORD PTR [EDX] width=4 | 004F1A70 MOV dword ptr [ECX],0xa1 operand=DWORD PTR [ECX] width=4 | 004F1A86 MOV dword ptr [EAX],0xa1 operand=DWORD PTR [EAX] width=4 | 004F1AA1 MOV dword ptr [EDX],0x3 operand=DWORD PTR [EDX] width=4 | 004F1AD8 MOV dword ptr [EDX],0xa2 operand=DWORD PTR [EDX] width=4 | 004F1AF8 MOV dword ptr [ECX],0x53 operand=DWORD PTR [ECX] width=4 | ... +6
004F19D0	FUN_004f19d0	3	param_4	pointer:/undefined4	0	0	0	0	14	0	1	0	mixed_or_wide_pointee	complete mutable byte-buffer machine proof: direct_calls=0, byte_reads=0, byte_writes=0, rep_movs_transports=0, wide_dereferences=14, escapes=0; byte_read_sites=-; byte_write_sites=-; wide_sites=004F1A25 MOV dword ptr [EDX],0x5a operand=DWORD PTR [EDX] width=4 | 004F1A3B MOV dword ptr [ECX],0x9 operand=DWORD PTR [ECX] width=4 | 004F1A56 MOV dword ptr [EAX],0x5a operand=DWORD PTR [EAX] width=4 | 004F1A76 MOV dword ptr [EDX],0x9 operand=DWORD PTR [EDX] width=4 | 004F1A8C MOV dword ptr [ECX],0x5a operand=DWORD PTR [ECX] width=4 | 004F1AA7 MOV dword ptr [EAX],0x9 operand=DWORD PTR [EAX] width=4 | 004F1ADE MOV dword ptr [EAX],0x5a operand=DWORD PTR [EAX] width=4 | 004F1AFE MOV dword ptr [EDX],0x9 operand=DWORD PTR [EDX] width=4 | ... +6
004F1D20	FUN_004f1d20	0	param_1	pointer:/undefined1	0	3	0	0	2	0	1	0	mixed_or_wide_pointee	complete mutable byte-buffer machine proof: direct_calls=0, byte_reads=3, byte_writes=0, rep_movs_transports=0, wide_dereferences=2, escapes=0; byte_read_sites=004F1D3E MOV CL,byte ptr [EAX] | 004F1D40 MOV DL,byte ptr [EAX + 0x1] | 004F1D4C MOV DL,byte ptr [EAX + 0x6]; byte_write_sites=-; wide_sites=004F1D46 MOV ECX,dword ptr [EAX + 0x2] operand=DWORD PTR [EAX + 0X2] width=4 | 004F1D4F MOV EAX,dword ptr [EAX + 0x7] operand=DWORD PTR [EAX + 0X7] width=4
004F3A30	CPanelTy::PaintTxtBut	6	param_6	pointer:/undefined	0	0	0	0	0	0	0	0	incomplete_cfg_at_004F3C21	complete mutable byte-buffer machine proof: direct_calls=0, byte_reads=0, byte_writes=0, rep_movs_transports=0, wide_dereferences=0, escapes=0, failure=incomplete_cfg_at_004F3C21; byte_read_sites=-; byte_write_sites=-
004F3FE0	CPanelTy::PaintLBut	6	param_6	pointer:/undefined	0	0	0	0	0	0	0	0	incomplete_cfg_at_004F41D8	complete mutable byte-buffer machine proof: direct_calls=0, byte_reads=0, byte_writes=0, rep_movs_transports=0, wide_dereferences=0, escapes=0, failure=incomplete_cfg_at_004F41D8; byte_read_sites=-; byte_write_sites=-
004F4640	FUN_004f4640	1	param_2	pointer:/undefined	0	0	0	0	0	1	1	0	escaped_local_proof	complete mutable byte-buffer machine proof: direct_calls=0, byte_reads=0, byte_writes=0, rep_movs_transports=0, wide_dereferences=0, escapes=1; byte_read_sites=-; byte_write_sites=-; escape_sites=004F4778 PUSH ECX alias passed on stack
004F4950	FUN_004f4950	1	param_2	pointer:/undefined	0	0	0	0	0	1	1	0	escaped_local_proof	complete mutable byte-buffer machine proof: direct_calls=0, byte_reads=0, byte_writes=0, rep_movs_transports=0, wide_dereferences=0, escapes=1; byte_read_sites=-; byte_write_sites=-; escape_sites=004F4A9A PUSH ECX alias passed on stack
004F4C70	FUN_004f4c70	1	param_2	pointer:/undefined	0	0	0	0	0	1	1	0	escaped_local_proof	complete mutable byte-buffer machine proof: direct_calls=0, byte_reads=0, byte_writes=0, rep_movs_transports=0, wide_dereferences=0, escapes=1; byte_read_sites=-; byte_write_sites=-; escape_sites=004F4DC1 PUSH ECX alias passed on stack
004F91A0	FUN_004f91a0	2	param_2	pointer:/undefined1	0	0	1	0	0	0	1	0	no_byte_read	complete mutable byte-buffer machine proof: direct_calls=0, byte_reads=0, byte_writes=1, rep_movs_transports=0, wide_dereferences=0, escapes=0; byte_read_sites=-; byte_write_sites=004F91C4 MOV byte ptr [ESI],AL
0051D540	HelpPanelTy::TipProc	1	param_1	pointer:/void	0	0	0	0	0	1	0	0	incomplete_cfg_at_0051D942	complete mutable byte-buffer machine proof: direct_calls=0, byte_reads=0, byte_writes=0, rep_movs_transports=0, wide_dereferences=0, escapes=1, failure=incomplete_cfg_at_0051D942; byte_read_sites=-; byte_write_sites=-; escape_sites=0051D553 PUSH ECX alias passed on stack
00526100	FUN_00526100	0	param_1	pointer:/undefined1	0	29	0	0	1	0	1	0	mixed_or_wide_pointee	complete mutable byte-buffer machine proof: direct_calls=0, byte_reads=29, byte_writes=0, rep_movs_transports=0, wide_dereferences=1, escapes=0; byte_read_sites=00526129 MOV DL,byte ptr [ECX] | 0052613C MOV DL,byte ptr [ECX + 0x1] | 00526149 MOV DL,byte ptr [ECX + 0x7] | 00526173 MOV DL,byte ptr [ECX + 0x1] | 00526251 MOV DL,byte ptr [ECX + 0x7] | 0052629D MOV AL,byte ptr [ECX + 0x7] | 005262BE CMP byte ptr [ECX + 0x7],0x1 | 005262D4 CMP byte ptr [ECX + 0x7],0x1 | ... +21; byte_write_sites=-; wide_sites=0052617E MOV EDX,dword ptr [ECX + 0x3] operand=DWORD PTR [ECX + 0X3] width=4
0052CCE0	FUN_0052cce0	1	param_2	pointer:/undefined	0	0	0	0	0	1	1	0	escaped_local_proof	complete mutable byte-buffer machine proof: direct_calls=0, byte_reads=0, byte_writes=0, rep_movs_transports=0, wide_dereferences=0, escapes=1; byte_read_sites=-; byte_write_sites=-; escape_sites=0052CE39 PUSH EAX alias passed on stack
0052EFB0	OptPanelTy::PaintDblBut	4	param_4	pointer:/undefined	0	0	0	0	0	0	0	0	incomplete_cfg_at_0052F1ED	complete mutable byte-buffer machine proof: direct_calls=0, byte_reads=0, byte_writes=0, rep_movs_transports=0, wide_dereferences=0, escapes=0, failure=incomplete_cfg_at_0052F1ED; byte_read_sites=-; byte_write_sites=-
0052EFB0	OptPanelTy::PaintDblBut	5	param_5	pointer:/undefined	0	0	0	0	0	0	0	0	incomplete_cfg_at_0052F1ED	complete mutable byte-buffer machine proof: direct_calls=0, byte_reads=0, byte_writes=0, rep_movs_transports=0, wide_dereferences=0, escapes=0, failure=incomplete_cfg_at_0052F1ED; byte_read_sites=-; byte_write_sites=-
005389E0	PanelTy::PaintBut	4	param_4	pointer:/undefined	0	0	0	0	0	0	0	0	incomplete_cfg_at_00538B26	complete mutable byte-buffer machine proof: direct_calls=0, byte_reads=0, byte_writes=0, rep_movs_transports=0, wide_dereferences=0, escapes=0, failure=incomplete_cfg_at_00538B26; byte_read_sites=-; byte_write_sites=-
00538BA0	PanelTy::PaintTxtBut	6	param_6	pointer:/undefined	0	0	0	0	0	0	0	0	incomplete_cfg_at_00538D22	complete mutable byte-buffer machine proof: direct_calls=0, byte_reads=0, byte_writes=0, rep_movs_transports=0, wide_dereferences=0, escapes=0, failure=incomplete_cfg_at_00538D22; byte_read_sites=-; byte_write_sites=-
00538FC0	PanelTy::PaintLBut	5	param_5	pointer:/undefined	0	0	0	0	0	0	0	0	incomplete_cfg_at_0053914F	complete mutable byte-buffer machine proof: direct_calls=0, byte_reads=0, byte_writes=0, rep_movs_transports=0, wide_dereferences=0, escapes=0, failure=incomplete_cfg_at_0053914F; byte_read_sites=-; byte_write_sites=-
0053D7A0	UPanelTy::PaintBut	4	param_4	pointer:/undefined	0	0	0	0	0	0	0	0	incomplete_cfg_at_0053D8B6	complete mutable byte-buffer machine proof: direct_calls=0, byte_reads=0, byte_writes=0, rep_movs_transports=0, wide_dereferences=0, escapes=0, failure=incomplete_cfg_at_0053D8B6; byte_read_sites=-; byte_write_sites=-
0053D920	UPanelTy::PaintTxtBut	6	param_6	pointer:/undefined	0	0	0	0	0	0	0	0	incomplete_cfg_at_0053DA72	complete mutable byte-buffer machine proof: direct_calls=0, byte_reads=0, byte_writes=0, rep_movs_transports=0, wide_dereferences=0, escapes=0, failure=incomplete_cfg_at_0053DA72; byte_read_sites=-; byte_write_sites=-
0053DCC0	UPanelTy::PaintLBut	5	param_5	pointer:/undefined	0	0	0	0	0	0	0	0	incomplete_cfg_at_0053DE1F	complete mutable byte-buffer machine proof: direct_calls=0, byte_reads=0, byte_writes=0, rep_movs_transports=0, wide_dereferences=0, escapes=0, failure=incomplete_cfg_at_0053DE1F; byte_read_sites=-; byte_write_sites=-
0053FCD0	ProdPanelTy::PaintTab	2	param_2	pointer:/undefined	0	0	0	0	0	0	0	0	incomplete_cfg_at_0053FE52	complete mutable byte-buffer machine proof: direct_calls=0, byte_reads=0, byte_writes=0, rep_movs_transports=0, wide_dereferences=0, escapes=0, failure=incomplete_cfg_at_0053FE52; byte_read_sites=-; byte_write_sites=-
0053FEE0	ProdPanelTy::PaintTab	2	param_2	pointer:/undefined	0	0	0	0	0	0	0	0	incomplete_cfg_at_00540062	complete mutable byte-buffer machine proof: direct_calls=0, byte_reads=0, byte_writes=0, rep_movs_transports=0, wide_dereferences=0, escapes=0, failure=incomplete_cfg_at_00540062; byte_read_sites=-; byte_write_sites=-
00540C40	FUN_00540c40	0	param_1	pointer:/void	0	0	0	0	2	0	1	0	mixed_or_wide_pointee	complete mutable byte-buffer machine proof: direct_calls=0, byte_reads=0, byte_writes=0, rep_movs_transports=0, wide_dereferences=2, escapes=0; byte_read_sites=-; byte_write_sites=-; wide_sites=00540CE0 MOV ECX,dword ptr [ESI + 0x9a] operand=DWORD PTR [ESI + 0X9A] width=4 | 00540CEB MOV EDX,dword ptr [ESI + 0x58] operand=DWORD PTR [ESI + 0X58] width=4
005412B0	FUN_005412b0	1	param_2	pointer:/undefined	0	0	0	0	0	1	1	0	escaped_local_proof	complete mutable byte-buffer machine proof: direct_calls=0, byte_reads=0, byte_writes=0, rep_movs_transports=0, wide_dereferences=0, escapes=1; byte_read_sites=-; byte_write_sites=-; escape_sites=0054153B PUSH ECX alias passed on stack
005416A0	FUN_005416a0	1	param_2	pointer:/undefined	0	0	0	0	0	1	1	0	escaped_local_proof	complete mutable byte-buffer machine proof: direct_calls=0, byte_reads=0, byte_writes=0, rep_movs_transports=0, wide_dereferences=0, escapes=1; byte_read_sites=-; byte_write_sites=-; escape_sites=005417EC PUSH ECX alias passed on stack
005419E0	FUN_005419e0	1	param_2	pointer:/undefined	0	0	0	0	0	1	1	0	escaped_local_proof	complete mutable byte-buffer machine proof: direct_calls=0, byte_reads=0, byte_writes=0, rep_movs_transports=0, wide_dereferences=0, escapes=1; byte_read_sites=-; byte_write_sites=-; escape_sites=00541B31 PUSH ECX alias passed on stack
00541CF0	FUN_00541cf0	1	param_2	pointer:/undefined	0	0	0	0	0	1	1	0	escaped_local_proof	complete mutable byte-buffer machine proof: direct_calls=0, byte_reads=0, byte_writes=0, rep_movs_transports=0, wide_dereferences=0, escapes=1; byte_read_sites=-; byte_write_sites=-; escape_sites=00541E16 PUSH ECX alias passed on stack
00541F60	FUN_00541f60	1	param_2	pointer:/undefined	0	0	0	0	0	1	1	0	escaped_local_proof	complete mutable byte-buffer machine proof: direct_calls=0, byte_reads=0, byte_writes=0, rep_movs_transports=0, wide_dereferences=0, escapes=1; byte_read_sites=-; byte_write_sites=-; escape_sites=0054207E PUSH ECX alias passed on stack
005421D0	FUN_005421d0	1	param_2	pointer:/undefined	0	0	0	0	0	1	1	0	escaped_local_proof	complete mutable byte-buffer machine proof: direct_calls=0, byte_reads=0, byte_writes=0, rep_movs_transports=0, wide_dereferences=0, escapes=1; byte_read_sites=-; byte_write_sites=-; escape_sites=005422F5 PUSH ECX alias passed on stack
00543410	FUN_00543410	3	param_4	pointer:/undefined	0	0	0	0	0	1	1	0	escaped_local_proof	complete mutable byte-buffer machine proof: direct_calls=0, byte_reads=0, byte_writes=0, rep_movs_transports=0, wide_dereferences=0, escapes=1; byte_read_sites=-; byte_write_sites=-; escape_sites=00543427 CALL EBX alias used as indirect callee
005440C0	FUN_005440c0	2	param_2	pointer:/undefined4	0	0	0	0	0	1	1	0	escaped_local_proof	complete mutable byte-buffer machine proof: direct_calls=0, byte_reads=0, byte_writes=0, rep_movs_transports=0, wide_dereferences=0, escapes=1; byte_read_sites=-; byte_write_sites=-; escape_sites=005440E1 PUSH EDX alias passed on stack
00544100	FUN_00544100	2	param_2	pointer:/undefined4	0	0	0	0	0	1	1	0	escaped_local_proof	complete mutable byte-buffer machine proof: direct_calls=0, byte_reads=0, byte_writes=0, rep_movs_transports=0, wide_dereferences=0, escapes=1; byte_read_sites=-; byte_write_sites=-; escape_sites=0054412B PUSH EDX alias passed on stack
00544150	FUN_00544150	2	param_2	pointer:/undefined4	0	0	0	0	0	1	1	0	escaped_local_proof	complete mutable byte-buffer machine proof: direct_calls=0, byte_reads=0, byte_writes=0, rep_movs_transports=0, wide_dereferences=0, escapes=1; byte_read_sites=-; byte_write_sites=-; escape_sites=0054417C PUSH EAX alias passed on stack
0054CBB0	FUN_0054cbb0	1	param_2	pointer:/undefined4	0	0	0	0	1	0	1	0	mixed_or_wide_pointee	complete mutable byte-buffer machine proof: direct_calls=0, byte_reads=0, byte_writes=0, rep_movs_transports=0, wide_dereferences=1, escapes=0; byte_read_sites=-; byte_write_sites=-; wide_sites=0054CBF1 MOV dword ptr [EAX],ECX operand=DWORD PTR [EAX] width=4
0054CDD0	FUN_0054cdd0	0	param_1	pointer:/undefined4	0	0	0	0	0	0	0	0	incomplete_cfg_at_0054CE9C	complete mutable byte-buffer machine proof: direct_calls=0, byte_reads=0, byte_writes=0, rep_movs_transports=0, wide_dereferences=0, escapes=0, failure=incomplete_cfg_at_0054CE9C; byte_read_sites=-; byte_write_sites=-
0054CDD0	FUN_0054cdd0	2	param_3	pointer:/undefined4	0	0	0	0	0	0	0	0	incomplete_cfg_at_0054CE9C	complete mutable byte-buffer machine proof: direct_calls=0, byte_reads=0, byte_writes=0, rep_movs_transports=0, wide_dereferences=0, escapes=0, failure=incomplete_cfg_at_0054CE9C; byte_read_sites=-; byte_write_sites=-
0054CF00	FUN_0054cf00	2	param_2	pointer:/undefined4	0	0	0	0	0	1	1	0	escaped_local_proof	complete mutable byte-buffer machine proof: direct_calls=0, byte_reads=0, byte_writes=0, rep_movs_transports=0, wide_dereferences=0, escapes=1; byte_read_sites=-; byte_write_sites=-; escape_sites=0054CF19 PUSH EAX alias passed on stack
0054E950	STPlaySystemC::AddToRep	1	param_1	pointer:/undefined4	0	0	0	1	0	0	0	0	incomplete_cfg_at_0054EA38	complete mutable byte-buffer machine proof: direct_calls=0, byte_reads=0, byte_writes=0, rep_movs_transports=1, wide_dereferences=0, escapes=0, failure=incomplete_cfg_at_0054EA38; byte_read_sites=-; byte_write_sites=-
0054EAB0	FUN_0054eab0	2	param_2	pointer:/undefined4	0	0	0	0	2	0	1	0	mixed_or_wide_pointee	complete mutable byte-buffer machine proof: direct_calls=0, byte_reads=0, byte_writes=0, rep_movs_transports=0, wide_dereferences=2, escapes=0; byte_read_sites=-; byte_write_sites=-; wide_sites=0054EAC2 MOV dword ptr [EDX],EDI operand=DWORD PTR [EDX] width=4 | 0054EAED MOV dword ptr [EDX],ECX operand=DWORD PTR [EDX] width=4
0054EDF0	FUN_0054edf0	0	param_1	pointer:/undefined4	0	0	0	0	0	3	1	0	escaped_local_proof	complete mutable byte-buffer machine proof: direct_calls=0, byte_reads=0, byte_writes=0, rep_movs_transports=0, wide_dereferences=0, escapes=3; byte_read_sites=-; byte_write_sites=-; escape_sites=0054EE3C PUSH EBX alias passed on stack | 0054EE76 PUSH ECX alias passed on stack | 0054EE82 PUSH EBX alias passed on stack
0054EEE0	STPlaySystemC::SetCtrlCmd	6	param_6	pointer:/undefined4	0	0	0	0	0	0	0	0	incomplete_cfg_at_0054F0B5	complete mutable byte-buffer machine proof: direct_calls=0, byte_reads=0, byte_writes=0, rep_movs_transports=0, wide_dereferences=0, escapes=0, failure=incomplete_cfg_at_0054F0B5; byte_read_sites=-; byte_write_sites=-
00553B00	FUN_00553b00	5	param_6	pointer:/undefined	0	2	0	0	0	4	1	0	escaped_local_proof	complete mutable byte-buffer machine proof: direct_calls=0, byte_reads=2, byte_writes=0, rep_movs_transports=0, wide_dereferences=0, escapes=4; byte_read_sites=00553B80 MOV CL,byte ptr [EDX + ESI*0x1] | 00553B92 CMP byte ptr [ECX + ESI*0x1],0x0; byte_write_sites=-; escape_sites=00553B16 PUSH ESI alias passed on stack | 00553B49 IMUL EAX,EBX unsupported affine alias transform | 00553BA1 PUSH EDI alias passed on stack | 00553BA2 PUSH EAX alias passed on stack
00553C20	FUN_00553c20	5	param_6	pointer:/undefined	0	2	0	0	0	4	1	0	escaped_local_proof	complete mutable byte-buffer machine proof: direct_calls=0, byte_reads=2, byte_writes=0, rep_movs_transports=0, wide_dereferences=0, escapes=4; byte_read_sites=00553CA0 MOV CL,byte ptr [EDX + ESI*0x1] | 00553CB1 CMP byte ptr [ECX + ESI*0x1],0x0; byte_write_sites=-; escape_sites=00553C36 PUSH ESI alias passed on stack | 00553C69 IMUL EAX,EBX unsupported affine alias transform | 00553CC0 PUSH EDI alias passed on stack | 00553CC1 PUSH EAX alias passed on stack
00553E20	FUN_00553e20	1	param_2	pointer:/undefined	0	0	0	0	0	1	1	0	escaped_local_proof	complete mutable byte-buffer machine proof: direct_calls=0, byte_reads=0, byte_writes=0, rep_movs_transports=0, wide_dereferences=0, escapes=1; byte_read_sites=-; byte_write_sites=-; escape_sites=00553F59 PUSH ECX alias passed on stack
00555D90	TraksClassTy::sub_00555D90	1	param_1	pointer:/undefined4	0	0	0	3	0	1	1	0	escaped_local_proof	complete mutable byte-buffer machine proof: direct_calls=0, byte_reads=0, byte_writes=0, rep_movs_transports=3, wide_dereferences=0, escapes=1; byte_read_sites=-; byte_write_sites=-; escape_sites=00555E02 PUSH EAX alias passed on stack
00558DC0	VisibleClassTy::sub_00558DC0	3	param_3	pointer:/undefined	0	1	0	0	2	1	1	0	mixed_or_wide_pointee	complete mutable byte-buffer machine proof: direct_calls=0, byte_reads=1, byte_writes=0, rep_movs_transports=0, wide_dereferences=2, escapes=1; byte_read_sites=00558FD1 CMP byte ptr [ECX + EBX*0x1],0x0; byte_write_sites=-; wide_sites=00558F16 MOV EDX,dword ptr [ECX*0x4 + 0x79aed0] operand=DWORD PTR [ECX*0X4 + 0X79AED0] width=4 | 00558F9B MOV EDX,dword ptr [EBX*0x4 + 0x79aed0] operand=DWORD PTR [EBX*0X4 + 0X79AED0] width=4; escape_sites=00558E21 PUSH ECX alias passed on stack
00559110	VisibleClassTy::sub_00559110	2	param_2	pointer:/undefined	0	1	0	0	0	4	1	0	escaped_local_proof	complete mutable byte-buffer machine proof: direct_calls=0, byte_reads=1, byte_writes=0, rep_movs_transports=0, wide_dereferences=0, escapes=4; byte_read_sites=005592AB CMP byte ptr [ECX + EBX*0x1],0x0; byte_write_sites=-; escape_sites=00559179 PUSH EDX alias passed on stack | 00559268 PUSH ECX alias passed on stack | 005592F1 PUSH ECX alias passed on stack | 005593AA PUSH EDX alias passed on stack
005594A0	VisibleClassTy::sub_005594A0	4	param_4	pointer:/undefined	0	3	0	0	0	1	1	0	escaped_local_proof	complete mutable byte-buffer machine proof: direct_calls=0, byte_reads=3, byte_writes=0, rep_movs_transports=0, wide_dereferences=0, escapes=1; byte_read_sites=005594E7 CMP byte ptr [EDX + EDX*0x8 + 0x8087e9],0x8 | 0055951C MOV DL,byte ptr [EAX + ECX*0x1 + 0xfc] | 0055956D CMP byte ptr [EDX + EAX*0x1],0x0; byte_write_sites=-; escape_sites=00559508 PUSH EAX alias passed on stack
00559620	VisibleClassTy::sub_00559620	4	param_4	pointer:/undefined	0	3	0	0	0	1	1	0	escaped_local_proof	complete mutable byte-buffer machine proof: direct_calls=0, byte_reads=3, byte_writes=0, rep_movs_transports=0, wide_dereferences=0, escapes=1; byte_read_sites=00559667 CMP byte ptr [EDX + EDX*0x8 + 0x8087e9],0x8 | 0055969C MOV DL,byte ptr [EAX + ECX*0x1 + 0xfc] | 005596ED CMP byte ptr [EDX + EAX*0x1],0x0; byte_write_sites=-; escape_sites=00559688 PUSH EAX alias passed on stack
0055A9D0	VisibleClassTy::VisHoleCreate	3	param_3	pointer:/undefined	0	0	0	0	0	0	0	0	incomplete_cfg_at_0055AAD4	complete mutable byte-buffer machine proof: direct_calls=0, byte_reads=0, byte_writes=0, rep_movs_transports=0, wide_dereferences=0, escapes=0, failure=incomplete_cfg_at_0055AAD4; byte_read_sites=-; byte_write_sites=-
0055A9D0	VisibleClassTy::VisHoleCreate	5	param_5	pointer:/undefined	0	0	0	0	0	1	0	0	incomplete_cfg_at_0055AAD4	complete mutable byte-buffer machine proof: direct_calls=0, byte_reads=0, byte_writes=0, rep_movs_transports=0, wide_dereferences=0, escapes=1, failure=incomplete_cfg_at_0055AAD4; byte_read_sites=-; byte_write_sites=-; escape_sites=0055AAE8 OR EAX,0xffffffff unsupported affine alias transform
0055B7F0	VisibleClassTy::sub_0055B7F0	2	param_2	pointer:/undefined	0	3	2	0	0	0	1	0	insufficient_direct_calls	complete mutable byte-buffer machine proof: direct_calls=0, byte_reads=3, byte_writes=2, rep_movs_transports=0, wide_dereferences=0, escapes=0; byte_read_sites=0055B81D CMP byte ptr [EAX + EAX*0x8 + 0x8087e9],0x8 | 0055B841 MOV CL,byte ptr [EBX + ESI*0x1 + 0xfc] | 0055B87E MOV AL,byte ptr [EBX + ESI*0x1 + 0xfc]; byte_write_sites=0055B852 MOV byte ptr [EBX + ESI*0x1 + 0xfc],AL | 0055B968 MOV byte ptr [EBX + ESI*0x1 + 0xfc],0x0
0055C0E0	FUN_0055c0e0	5	param_5	pointer:/undefined4	0	0	0	0	0	1	1	0	escaped_local_proof	complete mutable byte-buffer machine proof: direct_calls=0, byte_reads=0, byte_writes=0, rep_movs_transports=0, wide_dereferences=0, escapes=1; byte_read_sites=-; byte_write_sites=-; escape_sites=0055C129 PUSH EAX alias passed on stack
0055C590	FUN_0055c590	1	param_2	/WinDef.h/LPCVOID	0	0	0	0	0	1	1	0	escaped_local_proof	complete mutable byte-buffer machine proof: direct_calls=0, byte_reads=0, byte_writes=0, rep_movs_transports=0, wide_dereferences=0, escapes=1; byte_read_sites=-; byte_write_sites=-; escape_sites=0055C63A PUSH ECX alias passed on stack
0055C590	FUN_0055c590	2	param_3	/WinDef.h/LPCVOID	0	0	0	0	0	1	1	0	escaped_local_proof	complete mutable byte-buffer machine proof: direct_calls=0, byte_reads=0, byte_writes=0, rep_movs_transports=0, wide_dereferences=0, escapes=1; byte_read_sites=-; byte_write_sites=-; escape_sites=0055C639 PUSH EBX alias passed on stack
0055D440	FUN_0055d440	2	param_2	pointer:/undefined4	0	0	0	0	0	1	1	0	escaped_local_proof	complete mutable byte-buffer machine proof: direct_calls=0, byte_reads=0, byte_writes=0, rep_movs_transports=0, wide_dereferences=0, escapes=1; byte_read_sites=-; byte_write_sites=-; escape_sites=0055D461 PUSH EAX alias passed on stack
0055D500	FUN_0055d500	4	param_4	pointer:/undefined4	0	0	0	0	0	1	1	0	escaped_local_proof	complete mutable byte-buffer machine proof: direct_calls=0, byte_reads=0, byte_writes=0, rep_movs_transports=0, wide_dereferences=0, escapes=1; byte_read_sites=-; byte_write_sites=-; escape_sites=0055D527 PUSH EDX alias passed on stack
0055DCD0	SetPalette	0	param_1	pointer:/undefined4	0	0	0	0	0	0	0	0	incomplete_cfg_at_0055DD98	complete mutable byte-buffer machine proof: direct_calls=0, byte_reads=0, byte_writes=0, rep_movs_transports=0, wide_dereferences=0, escapes=0, failure=incomplete_cfg_at_0055DD98; byte_read_sites=-; byte_write_sites=-
0055DDF0	FUN_0055ddf0	0	param_1	pointer:/undefined4	0	0	0	0	0	1	1	0	escaped_local_proof	complete mutable byte-buffer machine proof: direct_calls=0, byte_reads=0, byte_writes=0, rep_movs_transports=0, wide_dereferences=0, escapes=1; byte_read_sites=-; byte_write_sites=-; escape_sites=0055DE2F PUSH EAX alias passed on stack
00562E10	FUN_00562e10	2	param_3	pointer:/undefined4	0	0	0	0	2	0	1	0	mixed_or_wide_pointee	complete mutable byte-buffer machine proof: direct_calls=0, byte_reads=0, byte_writes=0, rep_movs_transports=0, wide_dereferences=2, escapes=0; byte_read_sites=-; byte_write_sites=-; wide_sites=00562E86 MOV dword ptr [EBX],0xffffffff operand=DWORD PTR [EBX] width=4 | 00562EE9 MOV dword ptr [EBX],0xffffffff operand=DWORD PTR [EBX] width=4
00564DD0	FUN_00564dd0	2	param_3	pointer:/undefined4	0	0	0	0	2	0	1	0	mixed_or_wide_pointee	complete mutable byte-buffer machine proof: direct_calls=0, byte_reads=0, byte_writes=0, rep_movs_transports=0, wide_dereferences=2, escapes=0; byte_read_sites=-; byte_write_sites=-; wide_sites=00564E4D MOV dword ptr [EDX],0xffffffff operand=DWORD PTR [EDX] width=4 | 00564EB9 MOV dword ptr [EDX],0xffffffff operand=DWORD PTR [EDX] width=4
00564DD0	FUN_00564dd0	3	param_4	pointer:/undefined4	0	0	0	0	3	0	1	0	mixed_or_wide_pointee	complete mutable byte-buffer machine proof: direct_calls=0, byte_reads=0, byte_writes=0, rep_movs_transports=0, wide_dereferences=3, escapes=0; byte_read_sites=-; byte_write_sites=-; wide_sites=00564DEB MOV ESI,dword ptr [ECX + EDX*0x4] operand=DWORD PTR [ECX + EDX*0X4] width=4 | 00564DF8 MOV EDX,dword ptr [EDX + 0x4] operand=DWORD PTR [EDX + 0X4] width=4 | 00564E4D MOV dword ptr [EDX],0xffffffff operand=DWORD PTR [EDX] width=4
0056A2A0	FUN_0056a2a0	4	param_4	pointer:/undefined4	0	0	0	0	1	0	1	0	mixed_or_wide_pointee	complete mutable byte-buffer machine proof: direct_calls=0, byte_reads=0, byte_writes=0, rep_movs_transports=0, wide_dereferences=1, escapes=0; byte_read_sites=-; byte_write_sites=-; wide_sites=0056A42E MOV dword ptr [ESI],EAX operand=DWORD PTR [ESI] width=4
005745E0	FUN_005745e0	1	param_2	pointer:/undefined4	0	0	0	0	16	1	1	0	mixed_or_wide_pointee	complete mutable byte-buffer machine proof: direct_calls=0, byte_reads=0, byte_writes=0, rep_movs_transports=0, wide_dereferences=16, escapes=1; byte_read_sites=-; byte_write_sites=-; wide_sites=005745EE CMP word ptr [ESI + 0x8],DI operand=WORD PTR [ESI + 0X8] width=2 | 005745F8 MOV AX,word ptr [ESI + 0x4e] operand=WORD PTR [ESI + 0X4E] width=2 | 00574640 MOV ECX,dword ptr [ESI + 0x28] operand=DWORD PTR [ESI + 0X28] width=4 | 00574651 MOVSX EAX,word ptr [ESI + 0x6] operand=WORD PTR [ESI + 0X6] width=2 | 00574655 MOVSX EDX,word ptr [ESI + 0x4] operand=WORD PTR [ESI + 0X4] width=2 | 00574659 MOVSX ECX,word ptr [ESI + 0x8] operand=WORD PTR [ESI + 0X8] width=2 | 00574660 MOV word ptr [ESI + 0x4],DI operand=WORD PTR [ESI + 0X4] width=2 | 00574664 MOV word ptr [ESI + 0x6],DI operand=WORD PTR [ESI + 0X6] width=2 | ... +8; escape_sites=00574685 MOV dword ptr [ECX],ESI alias stored outside a local spill
00574920	FUN_00574920	3	param_4	pointer:/undefined4	0	2	2	1	0	0	1	0	insufficient_direct_calls	complete mutable byte-buffer machine proof: direct_calls=0, byte_reads=2, byte_writes=2, rep_movs_transports=1, wide_dereferences=0, escapes=0; byte_read_sites=00574D06 MOV DL,byte ptr [EAX + EDI*0x1] | 00574D4D OR byte ptr [EAX + EDI*0x1],DL; byte_write_sites=00574B6E MOVSB.REP ES:EDI,ESI | 00574D4D OR byte ptr [EAX + EDI*0x1],DL
00575640	FUN_00575640	1	param_2	pointer:/undefined4	0	1	1	1	6	0	1	0	mixed_or_wide_pointee	complete mutable byte-buffer machine proof: direct_calls=0, byte_reads=1, byte_writes=1, rep_movs_transports=1, wide_dereferences=6, escapes=0; byte_read_sites=00575827 MOVSB.REP ES:EDI,ESI; byte_write_sites=0057567B STOSB.REP ES:EDI; wide_sites=00575674 STOSD.REP ES:EDI string_width=4 | 00575729 MOV word ptr [EDX],AX operand=WORD PTR [EDX] width=2 | 00575752 MOV word ptr [EDX + 0x2],AX operand=WORD PTR [EDX + 0X2] width=2 | 0057577C MOV word ptr [EDX + ESI*0x2],AX operand=WORD PTR [EDX + ESI*0X2] width=2 | 005757A9 MOV word ptr [EDX + ESI*0x2 + 0x2],AX operand=WORD PTR [EDX + ESI*0X2 + 0X2] width=2 | 005758CA MOV word ptr [EAX],0xfffe operand=WORD PTR [EAX] width=2
00578520	FUN_00578520	2	param_2	pointer:/undefined2	0	0	0	0	1	0	1	0	mixed_or_wide_pointee	complete mutable byte-buffer machine proof: direct_calls=0, byte_reads=0, byte_writes=0, rep_movs_transports=0, wide_dereferences=1, escapes=0; byte_read_sites=-; byte_write_sites=-; wide_sites=0057852A MOV word ptr [EDX],AX operand=WORD PTR [EDX] width=2
00578520	FUN_00578520	3	param_3	pointer:/undefined2	0	0	0	0	1	0	1	0	mixed_or_wide_pointee	complete mutable byte-buffer machine proof: direct_calls=0, byte_reads=0, byte_writes=0, rep_movs_transports=0, wide_dereferences=1, escapes=0; byte_read_sites=-; byte_write_sites=-; wide_sites=00578534 MOV word ptr [EDX],AX operand=WORD PTR [EDX] width=2
00578520	FUN_00578520	4	param_4	pointer:/undefined2	0	0	0	0	1	0	1	0	mixed_or_wide_pointee	complete mutable byte-buffer machine proof: direct_calls=0, byte_reads=0, byte_writes=0, rep_movs_transports=0, wide_dereferences=1, escapes=0; byte_read_sites=-; byte_write_sites=-; wide_sites=00578541 MOV word ptr [ECX],AX operand=WORD PTR [ECX] width=2
00578520	FUN_00578520	5	param_5	pointer:/undefined4	0	0	0	0	1	0	1	0	mixed_or_wide_pointee	complete mutable byte-buffer machine proof: direct_calls=0, byte_reads=0, byte_writes=0, rep_movs_transports=0, wide_dereferences=1, escapes=0; byte_read_sites=-; byte_write_sites=-; wide_sites=00578544 MOV dword ptr [EDX],0x0 operand=DWORD PTR [EDX] width=4
005797B0	FUN_005797b0	3	param_3	pointer:/undefined2	0	0	0	0	2	0	1	0	mixed_or_wide_pointee	complete mutable byte-buffer machine proof: direct_calls=0, byte_reads=0, byte_writes=0, rep_movs_transports=0, wide_dereferences=2, escapes=0; byte_read_sites=-; byte_write_sites=-; wide_sites=00579E81 MOV word ptr [EAX],DX operand=WORD PTR [EAX] width=2 | 00579EA8 MOV word ptr [EDX],CX operand=WORD PTR [EDX] width=2
0057A140	FUN_0057a140	3	param_4	pointer:/undefined4	0	0	0	0	2	0	1	0	mixed_or_wide_pointee	complete mutable byte-buffer machine proof: direct_calls=0, byte_reads=0, byte_writes=0, rep_movs_transports=0, wide_dereferences=2, escapes=0; byte_read_sites=-; byte_write_sites=-; wide_sites=0057A150 MOV dword ptr [EDX],0x0 operand=DWORD PTR [EDX] width=4 | 0057A1F9 MOV dword ptr [EDX],ECX operand=DWORD PTR [EDX] width=4
0057A140	FUN_0057a140	5	param_6	pointer:/undefined1	0	0	1	0	0	0	1	0	no_byte_read	complete mutable byte-buffer machine proof: direct_calls=0, byte_reads=0, byte_writes=1, rep_movs_transports=0, wide_dereferences=0, escapes=0; byte_read_sites=-; byte_write_sites=0057A15B MOV byte ptr [EAX],0x1d
0057BA30	FUN_0057ba30	0	param_1	pointer:/void	0	0	0	0	3	0	1	0	mixed_or_wide_pointee	complete mutable byte-buffer machine proof: direct_calls=0, byte_reads=0, byte_writes=0, rep_movs_transports=0, wide_dereferences=3, escapes=0; byte_read_sites=-; byte_write_sites=-; wide_sites=0057BB77 MOV EDX,dword ptr [ESI + 0x25e] operand=DWORD PTR [ESI + 0X25E] width=4 | 0057BB86 MOV CX,word ptr [ESI + 0x262] operand=WORD PTR [ESI + 0X262] width=2 | 0057BB93 MOV ECX,dword ptr [ESI + 0x24] operand=DWORD PTR [ESI + 0X24] width=4
0057BEE0	FUN_0057bee0	2	param_2	pointer:/undefined2	0	0	0	0	1	0	1	0	mixed_or_wide_pointee	complete mutable byte-buffer machine proof: direct_calls=0, byte_reads=0, byte_writes=0, rep_movs_transports=0, wide_dereferences=1, escapes=0; byte_read_sites=-; byte_write_sites=-; wide_sites=0057BEEA MOV word ptr [EDX],AX operand=WORD PTR [EDX] width=2
0057BEE0	FUN_0057bee0	3	param_3	pointer:/undefined2	0	0	0	0	1	0	1	0	mixed_or_wide_pointee	complete mutable byte-buffer machine proof: direct_calls=0, byte_reads=0, byte_writes=0, rep_movs_transports=0, wide_dereferences=1, escapes=0; byte_read_sites=-; byte_write_sites=-; wide_sites=0057BEF4 MOV word ptr [EDX],AX operand=WORD PTR [EDX] width=2
0057BEE0	FUN_0057bee0	4	param_4	pointer:/undefined2	0	0	0	0	1	0	1	0	mixed_or_wide_pointee	complete mutable byte-buffer machine proof: direct_calls=0, byte_reads=0, byte_writes=0, rep_movs_transports=0, wide_dereferences=1, escapes=0; byte_read_sites=-; byte_write_sites=-; wide_sites=0057BF01 MOV word ptr [ECX],AX operand=WORD PTR [ECX] width=2
0057BEE0	FUN_0057bee0	5	param_5	pointer:/undefined4	0	0	0	0	1	0	1	0	mixed_or_wide_pointee	complete mutable byte-buffer machine proof: direct_calls=0, byte_reads=0, byte_writes=0, rep_movs_transports=0, wide_dereferences=1, escapes=0; byte_read_sites=-; byte_write_sites=-; wide_sites=0057BF04 MOV dword ptr [EDX],0x0 operand=DWORD PTR [EDX] width=4
00580700	FUN_00580700	1	param_1	pointer:/undefined1	0	0	7	0	2	0	1	0	mixed_or_wide_pointee	complete mutable byte-buffer machine proof: direct_calls=0, byte_reads=0, byte_writes=7, rep_movs_transports=0, wide_dereferences=2, escapes=0; byte_read_sites=-; byte_write_sites=0058070A MOV byte ptr [ESI],0x4 | 00580713 MOV byte ptr [ESI + 0x2],0x0 | 00580717 MOV byte ptr [ESI + 0x1],AL | 00580731 MOV byte ptr [ESI + 0x7],AL | 00580747 MOV byte ptr [EDX + 0x2e],AL | 0058074A MOV byte ptr [ESI + 0x1b],0x64 | 0058074E MOV byte ptr [ESI + 0x1d],AL; wide_sites=0058071F MOV dword ptr [ESI + 0x3],EAX operand=DWORD PTR [ESI + 0X3] width=4 | 00580737 MOV dword ptr [ESI + 0x8],ECX operand=DWORD PTR [ESI + 0X8] width=4
00580860	FUN_00580860	1	param_1	pointer:/undefined1	0	0	3	0	2	0	1	0	mixed_or_wide_pointee	complete mutable byte-buffer machine proof: direct_calls=0, byte_reads=0, byte_writes=3, rep_movs_transports=0, wide_dereferences=2, escapes=0; byte_read_sites=-; byte_write_sites=0058086A MOV byte ptr [ESI],0x4 | 0058086D MOV byte ptr [ESI + 0x1],0x0 | 00580879 MOV byte ptr [ESI + 0x6],0x0; wide_sites=00580876 MOV dword ptr [ESI + 0x2],EAX operand=DWORD PTR [ESI + 0X2] width=4 | 00580881 MOV dword ptr [ESI + 0x7],ECX operand=DWORD PTR [ESI + 0X7] width=4
005808A0	FUN_005808a0	1	param_1	pointer:/undefined1	0	0	3	0	2	0	1	0	mixed_or_wide_pointee	complete mutable byte-buffer machine proof: direct_calls=0, byte_reads=0, byte_writes=3, rep_movs_transports=0, wide_dereferences=2, escapes=0; byte_read_sites=-; byte_write_sites=005808AA MOV byte ptr [ESI],0x4 | 005808AD MOV byte ptr [ESI + 0x1],0x0 | 005808B9 MOV byte ptr [ESI + 0x6],0x0; wide_sites=005808B6 MOV dword ptr [ESI + 0x2],EAX operand=DWORD PTR [ESI + 0X2] width=4 | 005808C1 MOV dword ptr [ESI + 0x7],ECX operand=DWORD PTR [ESI + 0X7] width=4
00580910	FUN_00580910	3	param_4	pointer:/undefined4	0	0	0	0	3	0	1	0	mixed_or_wide_pointee	complete mutable byte-buffer machine proof: direct_calls=0, byte_reads=0, byte_writes=0, rep_movs_transports=0, wide_dereferences=3, escapes=0; byte_read_sites=-; byte_write_sites=-; wide_sites=00580920 MOV dword ptr [EDX],0x0 operand=DWORD PTR [EDX] width=4 | 0058095E MOV dword ptr [EDX],0x0 operand=DWORD PTR [EDX] width=4 | 0058098F MOV dword ptr [EDX],ECX operand=DWORD PTR [EDX] width=4
00580910	FUN_00580910	5	param_6	pointer:/undefined1	0	0	1	0	0	0	1	0	no_byte_read	complete mutable byte-buffer machine proof: direct_calls=0, byte_reads=0, byte_writes=1, rep_movs_transports=0, wide_dereferences=0, escapes=0; byte_read_sites=-; byte_write_sites=0058092B MOV byte ptr [EAX],0x1d
00584C50	FUN_00584c50	1	param_1	pointer:/undefined4	0	0	0	0	2	0	1	0	mixed_or_wide_pointee	complete mutable byte-buffer machine proof: direct_calls=0, byte_reads=0, byte_writes=0, rep_movs_transports=0, wide_dereferences=2, escapes=0; byte_read_sites=-; byte_write_sites=-; wide_sites=00584C8D MOV EDX,dword ptr [ESI + 0x8] operand=DWORD PTR [ESI + 0X8] width=4 | 00584CA9 MOV EDX,dword ptr [ESI] operand=DWORD PTR [ESI] width=4
00589B10	FUN_00589b10	2	param_2	pointer:/undefined2	0	0	0	0	1	0	1	0	mixed_or_wide_pointee	complete mutable byte-buffer machine proof: direct_calls=0, byte_reads=0, byte_writes=0, rep_movs_transports=0, wide_dereferences=1, escapes=0; byte_read_sites=-; byte_write_sites=-; wide_sites=00589B1A MOV word ptr [EDX],AX operand=WORD PTR [EDX] width=2
00589B10	FUN_00589b10	3	param_3	pointer:/undefined2	0	0	0	0	1	0	1	0	mixed_or_wide_pointee	complete mutable byte-buffer machine proof: direct_calls=0, byte_reads=0, byte_writes=0, rep_movs_transports=0, wide_dereferences=1, escapes=0; byte_read_sites=-; byte_write_sites=-; wide_sites=00589B24 MOV word ptr [EDX],AX operand=WORD PTR [EDX] width=2
00589B10	FUN_00589b10	4	param_4	pointer:/undefined2	0	0	0	0	1	0	1	0	mixed_or_wide_pointee	complete mutable byte-buffer machine proof: direct_calls=0, byte_reads=0, byte_writes=0, rep_movs_transports=0, wide_dereferences=1, escapes=0; byte_read_sites=-; byte_write_sites=-; wide_sites=00589B31 MOV word ptr [ECX],AX operand=WORD PTR [ECX] width=2
00589B10	FUN_00589b10	5	param_5	pointer:/undefined4	0	0	0	0	1	0	1	0	mixed_or_wide_pointee	complete mutable byte-buffer machine proof: direct_calls=0, byte_reads=0, byte_writes=0, rep_movs_transports=0, wide_dereferences=1, escapes=0; byte_read_sites=-; byte_write_sites=-; wide_sites=00589B34 MOV dword ptr [EDX],0x0 operand=DWORD PTR [EDX] width=4
0058D160	FUN_0058d160	9	param_10	pointer:/undefined2	0	0	0	0	1	0	1	0	mixed_or_wide_pointee	complete mutable byte-buffer machine proof: direct_calls=0, byte_reads=0, byte_writes=0, rep_movs_transports=0, wide_dereferences=1, escapes=0; byte_read_sites=-; byte_write_sites=-; wide_sites=0058D3AF MOV word ptr [EDX],SI operand=WORD PTR [EDX] width=2
0058D160	FUN_0058d160	10	param_11	pointer:/undefined2	0	0	0	0	1	0	1	0	mixed_or_wide_pointee	complete mutable byte-buffer machine proof: direct_calls=0, byte_reads=0, byte_writes=0, rep_movs_transports=0, wide_dereferences=1, escapes=0; byte_read_sites=-; byte_write_sites=-; wide_sites=0058D3B2 MOV word ptr [ECX],DI operand=WORD PTR [ECX] width=2
0058E530	FUN_0058e530	2	param_2	pointer:/undefined2	0	0	0	0	1	0	1	0	mixed_or_wide_pointee	complete mutable byte-buffer machine proof: direct_calls=0, byte_reads=0, byte_writes=0, rep_movs_transports=0, wide_dereferences=1, escapes=0; byte_read_sites=-; byte_write_sites=-; wide_sites=0058E53A MOV word ptr [EDX],AX operand=WORD PTR [EDX] width=2
0058E530	FUN_0058e530	3	param_3	pointer:/undefined2	0	0	0	0	1	0	1	0	mixed_or_wide_pointee	complete mutable byte-buffer machine proof: direct_calls=0, byte_reads=0, byte_writes=0, rep_movs_transports=0, wide_dereferences=1, escapes=0; byte_read_sites=-; byte_write_sites=-; wide_sites=0058E544 MOV word ptr [EDX],AX operand=WORD PTR [EDX] width=2
0058E530	FUN_0058e530	4	param_4	pointer:/undefined2	0	0	0	0	1	0	1	0	mixed_or_wide_pointee	complete mutable byte-buffer machine proof: direct_calls=0, byte_reads=0, byte_writes=0, rep_movs_transports=0, wide_dereferences=1, escapes=0; byte_read_sites=-; byte_write_sites=-; wide_sites=0058E551 MOV word ptr [ECX],AX operand=WORD PTR [ECX] width=2
0058E530	FUN_0058e530	5	param_5	pointer:/undefined4	0	0	0	0	1	0	1	0	mixed_or_wide_pointee	complete mutable byte-buffer machine proof: direct_calls=0, byte_reads=0, byte_writes=0, rep_movs_transports=0, wide_dereferences=1, escapes=0; byte_read_sites=-; byte_write_sites=-; wide_sites=0058E554 MOV dword ptr [EDX],0x0 operand=DWORD PTR [EDX] width=4
0058F680	FUN_0058f680	1	param_1	pointer:/undefined2	0	0	0	0	1	0	1	0	mixed_or_wide_pointee	complete mutable byte-buffer machine proof: direct_calls=0, byte_reads=0, byte_writes=0, rep_movs_transports=0, wide_dereferences=1, escapes=0; byte_read_sites=-; byte_write_sites=-; wide_sites=0058FD20 MOV word ptr [EDX],DI operand=WORD PTR [EDX] width=2
0058F680	FUN_0058f680	2	param_2	pointer:/undefined2	0	0	0	0	1	0	1	0	mixed_or_wide_pointee	complete mutable byte-buffer machine proof: direct_calls=0, byte_reads=0, byte_writes=0, rep_movs_transports=0, wide_dereferences=1, escapes=0; byte_read_sites=-; byte_write_sites=-; wide_sites=0058FD26 MOV word ptr [ECX],BX operand=WORD PTR [ECX] width=2
0058F680	FUN_0058f680	3	param_3	pointer:/undefined2	0	0	0	0	1	0	1	0	mixed_or_wide_pointee	complete mutable byte-buffer machine proof: direct_calls=0, byte_reads=0, byte_writes=0, rep_movs_transports=0, wide_dereferences=1, escapes=0; byte_read_sites=-; byte_write_sites=-; wide_sites=0058FD29 MOV word ptr [EDX],AX operand=WORD PTR [EDX] width=2
00593B50	ComboTy::InitCombo	1	param_1	pointer:/undefined4	0	0	0	1	0	0	0	0	incomplete_cfg_at_00594062	complete mutable byte-buffer machine proof: direct_calls=0, byte_reads=0, byte_writes=0, rep_movs_transports=1, wide_dereferences=0, escapes=0, failure=incomplete_cfg_at_00594062; byte_read_sites=-; byte_write_sites=-
00594850	FUN_00594850	1	param_2	pointer:/undefined	0	0	0	0	0	1	1	0	escaped_local_proof	complete mutable byte-buffer machine proof: direct_calls=0, byte_reads=0, byte_writes=0, rep_movs_transports=0, wide_dereferences=0, escapes=1; byte_read_sites=-; byte_write_sites=-; escape_sites=005949AF PUSH EAX alias passed on stack
00594B90	FSGSTy::OutChSlProc	8	param_8	pointer:/undefined4	0	0	0	0	0	1	0	0	incomplete_cfg_at_00594CC7	complete mutable byte-buffer machine proof: direct_calls=0, byte_reads=0, byte_writes=0, rep_movs_transports=0, wide_dereferences=0, escapes=1, failure=incomplete_cfg_at_00594CC7; byte_read_sites=-; byte_write_sites=-; escape_sites=00594BE2 PUSH EAX alias passed on stack
005A1920	FSGSTy::SetBanner	5	param_5	pointer:/undefined4	0	0	0	0	0	0	0	0	incomplete_cfg_at_005A1DB0	complete mutable byte-buffer machine proof: direct_calls=0, byte_reads=0, byte_writes=0, rep_movs_transports=0, wide_dereferences=0, escapes=0, failure=incomplete_cfg_at_005A1DB0; byte_read_sites=-; byte_write_sites=-
005A2380	FSGSTy::AddPlayer	1	param_1	pointer:/undefined4	0	0	0	0	0	0	0	0	incomplete_cfg_at_005A25EA	complete mutable byte-buffer machine proof: direct_calls=0, byte_reads=0, byte_writes=0, rep_movs_transports=0, wide_dereferences=0, escapes=0, failure=incomplete_cfg_at_005A25EA; byte_read_sites=-; byte_write_sites=-
005A2FF0	FSGSTy::SetChannelList	2	param_2	pointer:/undefined4	0	0	0	0	0	1	0	0	incomplete_cfg_at_005A3225	complete mutable byte-buffer machine proof: direct_calls=0, byte_reads=0, byte_writes=0, rep_movs_transports=0, wide_dereferences=0, escapes=1, failure=incomplete_cfg_at_005A3225; byte_read_sites=-; byte_write_sites=-; escape_sites=005A30B8 PUSH EDI alias passed on stack
005A40F0	FSGSTy::SetLadder	4	param_4	pointer:/undefined4	0	0	0	0	0	0	0	0	incomplete_cfg_at_005A42AB	complete mutable byte-buffer machine proof: direct_calls=0, byte_reads=0, byte_writes=0, rep_movs_transports=0, wide_dereferences=0, escapes=0, failure=incomplete_cfg_at_005A42AB; byte_read_sites=-; byte_write_sites=-
005B67A0	MMMObjTy::OutRGlProc	8	param_8	pointer:/undefined4	0	0	0	0	0	1	0	0	incomplete_cfg_at_005B684F	complete mutable byte-buffer machine proof: direct_calls=0, byte_reads=0, byte_writes=0, rep_movs_transports=0, wide_dereferences=0, escapes=1, failure=incomplete_cfg_at_005B684F; byte_read_sites=-; byte_write_sites=-; escape_sites=005B67EE PUSH EAX alias passed on stack
005B68B0	MMMObjTy::OutBSlProc	8	param_8	pointer:/undefined4	0	0	0	0	0	1	0	0	incomplete_cfg_at_005B6987	complete mutable byte-buffer machine proof: direct_calls=0, byte_reads=0, byte_writes=0, rep_movs_transports=0, wide_dereferences=0, escapes=1, failure=incomplete_cfg_at_005B6987; byte_read_sites=-; byte_write_sites=-; escape_sites=005B68FE PUSH EAX alias passed on stack
005B69F0	ChatGlassTy::OutChGlProc	8	param_8	pointer:/undefined4	0	0	0	0	0	1	0	0	incomplete_cfg_at_005B6ABD	complete mutable byte-buffer machine proof: direct_calls=0, byte_reads=0, byte_writes=0, rep_movs_transports=0, wide_dereferences=0, escapes=1, failure=incomplete_cfg_at_005B6ABD; byte_read_sites=-; byte_write_sites=-; escape_sites=005B6A3E PUSH EAX alias passed on stack
005B7EF0	MMsgTy::SetMessage	3	param_3	pointer:/undefined4	0	0	0	0	0	0	0	0	incomplete_cfg_at_005B85E1	complete mutable byte-buffer machine proof: direct_calls=0, byte_reads=0, byte_writes=0, rep_movs_transports=0, wide_dereferences=0, escapes=0, failure=incomplete_cfg_at_005B85E1; byte_read_sites=-; byte_write_sites=-
005B7EF0	MMsgTy::SetMessage	4	param_4	pointer:/undefined4	0	0	0	0	0	0	0	0	incomplete_cfg_at_005B85E1	complete mutable byte-buffer machine proof: direct_calls=0, byte_reads=0, byte_writes=0, rep_movs_transports=0, wide_dereferences=0, escapes=0, failure=incomplete_cfg_at_005B85E1; byte_read_sites=-; byte_write_sites=-
005B7EF0	MMsgTy::SetMessage	5	param_5	pointer:/undefined4	0	0	0	0	0	0	0	0	incomplete_cfg_at_005B85E1	complete mutable byte-buffer machine proof: direct_calls=0, byte_reads=0, byte_writes=0, rep_movs_transports=0, wide_dereferences=0, escapes=0, failure=incomplete_cfg_at_005B85E1; byte_read_sites=-; byte_write_sites=-
005B8F40	MMsgTy::FUN_005b8f40	1	param_1	pointer:/undefined4	0	1	0	0	3	0	1	0	mixed_or_wide_pointee	complete mutable byte-buffer machine proof: direct_calls=0, byte_reads=1, byte_writes=0, rep_movs_transports=0, wide_dereferences=3, escapes=0; byte_read_sites=005B8F67 MOV AL,byte ptr [EAX + 0xc]; byte_write_sites=-; wide_sites=005B8F4B MOV ESI,dword ptr [EAX] operand=DWORD PTR [EAX] width=4 | 005B8F5B MOV ESI,dword ptr [EAX + 0x4] operand=DWORD PTR [EAX + 0X4] width=4 | 005B8F61 MOV ESI,dword ptr [EAX + 0x8] operand=DWORD PTR [EAX + 0X8] width=4
005B99F0	MMMObjTy::OutEdProc	8	param_8	pointer:/undefined4	0	0	0	0	0	1	0	0	incomplete_cfg_at_005B9AB7	complete mutable byte-buffer machine proof: direct_calls=0, byte_reads=0, byte_writes=0, rep_movs_transports=0, wide_dereferences=0, escapes=1, failure=incomplete_cfg_at_005B9AB7; byte_read_sites=-; byte_write_sites=-; escape_sites=005B9A3E PUSH EAX alias passed on stack
005DA130	FUN_005da130	1	param_2	pointer:/undefined	0	0	0	0	0	1	1	0	escaped_local_proof	complete mutable byte-buffer machine proof: direct_calls=0, byte_reads=0, byte_writes=0, rep_movs_transports=0, wide_dereferences=0, escapes=1; byte_read_sites=-; byte_write_sites=-; escape_sites=005DA247 PUSH ECX alias passed on stack
005DA310	FUN_005da310	1	param_2	pointer:/undefined	0	0	0	0	0	1	1	0	escaped_local_proof	complete mutable byte-buffer machine proof: direct_calls=0, byte_reads=0, byte_writes=0, rep_movs_transports=0, wide_dereferences=0, escapes=1; byte_read_sites=-; byte_write_sites=-; escape_sites=005DA46D PUSH ECX alias passed on stack
005DEFE0	FUN_005defe0	1	param_2	pointer:/undefined	0	0	0	0	0	1	1	0	escaped_local_proof	complete mutable byte-buffer machine proof: direct_calls=0, byte_reads=0, byte_writes=0, rep_movs_transports=0, wide_dereferences=0, escapes=1; byte_read_sites=-; byte_write_sites=-; escape_sites=005DF125 PUSH ECX alias passed on stack
005DF290	FUN_005df290	1	param_2	pointer:/undefined	0	0	0	0	0	1	1	0	escaped_local_proof	complete mutable byte-buffer machine proof: direct_calls=0, byte_reads=0, byte_writes=0, rep_movs_transports=0, wide_dereferences=0, escapes=1; byte_read_sites=-; byte_write_sites=-; escape_sites=005DF3D5 PUSH ECX alias passed on stack
005EC4A0	FUN_005ec4a0	1	param_1	pointer:/undefined4	0	2	0	2	0	1	1	0	escaped_local_proof	complete mutable byte-buffer machine proof: direct_calls=0, byte_reads=2, byte_writes=0, rep_movs_transports=2, wide_dereferences=0, escapes=1; byte_read_sites=005EC4B9 MOVSB ES:EDI,ESI | 005EC4D6 MOVSB ES:EDI,ESI; byte_write_sites=-; escape_sites=005EC4D3 PUSH EDX alias passed on stack
005EC740	FUN_005ec740	3	param_4	pointer:/undefined4	0	0	0	0	2	0	1	0	mixed_or_wide_pointee	complete mutable byte-buffer machine proof: direct_calls=0, byte_reads=0, byte_writes=0, rep_movs_transports=0, wide_dereferences=2, escapes=0; byte_read_sites=-; byte_write_sites=-; wide_sites=005EC750 MOV dword ptr [EDX],0x0 operand=DWORD PTR [EDX] width=4 | 005EC7B3 MOV dword ptr [EDX],ECX operand=DWORD PTR [EDX] width=4
005EC740	FUN_005ec740	5	param_6	pointer:/undefined1	0	0	1	0	0	0	1	0	no_byte_read	complete mutable byte-buffer machine proof: direct_calls=0, byte_reads=0, byte_writes=1, rep_movs_transports=0, wide_dereferences=0, escapes=0; byte_read_sites=-; byte_write_sites=005EC75B MOV byte ptr [EAX],0x1d
005EDE30	FUN_005ede30	1	param_1	pointer:/undefined4	0	0	0	0	3	0	1	0	mixed_or_wide_pointee	complete mutable byte-buffer machine proof: direct_calls=0, byte_reads=0, byte_writes=0, rep_movs_transports=0, wide_dereferences=3, escapes=0; byte_read_sites=-; byte_write_sites=-; wide_sites=005EDEAD MOV dword ptr [EDX],EAX operand=DWORD PTR [EDX] width=4 | 005EDF23 MOV dword ptr [EDX],EAX operand=DWORD PTR [EDX] width=4 | 005EDF8E MOV dword ptr [ESI],EDX operand=DWORD PTR [ESI] width=4
005EDE30	FUN_005ede30	2	param_2	pointer:/undefined4	0	0	0	0	3	0	1	0	mixed_or_wide_pointee	complete mutable byte-buffer machine proof: direct_calls=0, byte_reads=0, byte_writes=0, rep_movs_transports=0, wide_dereferences=3, escapes=0; byte_read_sites=-; byte_write_sites=-; wide_sites=005EDEB8 MOV dword ptr [EDX],EAX operand=DWORD PTR [EDX] width=4 | 005EDF2E MOV dword ptr [EDX],EAX operand=DWORD PTR [EDX] width=4 | 005EDF9A MOV dword ptr [EDX],ECX operand=DWORD PTR [EDX] width=4
005EE3F0	FUN_005ee3f0	5	param_5	pointer:/undefined4	0	0	0	0	3	0	1	0	mixed_or_wide_pointee	complete mutable byte-buffer machine proof: direct_calls=0, byte_reads=0, byte_writes=0, rep_movs_transports=0, wide_dereferences=3, escapes=0; byte_read_sites=-; byte_write_sites=-; wide_sites=005EE5A4 MOV dword ptr [EDX],0x0 operand=DWORD PTR [EDX] width=4 | 005EE5B7 MOV dword ptr [EAX],0x1 operand=DWORD PTR [EAX] width=4 | 005EE5E1 MOV dword ptr [ECX],0x0 operand=DWORD PTR [ECX] width=4
005F00B0	FUN_005f00b0	1	param_1	pointer:/undefined1	0	0	6	0	2	1	1	0	mixed_or_wide_pointee	complete mutable byte-buffer machine proof: direct_calls=0, byte_reads=0, byte_writes=6, rep_movs_transports=0, wide_dereferences=2, escapes=1; byte_read_sites=-; byte_write_sites=005F00BD MOV byte ptr [EDI],0x4 | 005F00C6 MOV byte ptr [EDI + 0x1],AL | 005F00C9 MOV byte ptr [EDI + 0x2],0x1 | 005F00DC MOV byte ptr [EDI + 0x7],AL | 005F0109 MOV byte ptr [EDI + 0x1b],AL | 005F0121 MOV byte ptr [EDI + 0x1d],0x1; wide_sites=005F00D2 MOV dword ptr [EDI + 0x3],EAX operand=DWORD PTR [EDI + 0X3] width=4 | 005F00E2 MOV dword ptr [EDI + 0x8],ECX operand=DWORD PTR [EDI + 0X8] width=4; escape_sites=005F00F9 PUSH EDX alias passed on stack
005F0240	FUN_005f0240	1	param_1	pointer:/undefined1	0	0	3	0	2	0	1	0	mixed_or_wide_pointee	complete mutable byte-buffer machine proof: direct_calls=0, byte_reads=0, byte_writes=3, rep_movs_transports=0, wide_dereferences=2, escapes=0; byte_read_sites=-; byte_write_sites=005F024A MOV byte ptr [EDI],0x4 | 005F024D MOV byte ptr [EDI + 0x1],0x1 | 005F0260 MOV byte ptr [EDI + 0x6],AL; wide_sites=005F0256 MOV dword ptr [EDI + 0x2],EAX operand=DWORD PTR [EDI + 0X2] width=4 | 005F0266 MOV dword ptr [EDI + 0x7],EAX operand=DWORD PTR [EDI + 0X7] width=4
005F0280	FUN_005f0280	1	param_1	pointer:/undefined1	0	0	3	0	2	0	1	0	mixed_or_wide_pointee	complete mutable byte-buffer machine proof: direct_calls=0, byte_reads=0, byte_writes=3, rep_movs_transports=0, wide_dereferences=2, escapes=0; byte_read_sites=-; byte_write_sites=005F028A MOV byte ptr [EDI],0x4 | 005F028D MOV byte ptr [EDI + 0x1],0x1 | 005F02A0 MOV byte ptr [EDI + 0x6],AL; wide_sites=005F0296 MOV dword ptr [EDI + 0x2],EAX operand=DWORD PTR [EDI + 0X2] width=4 | 005F02A6 MOV dword ptr [EDI + 0x7],EAX operand=DWORD PTR [EDI + 0X7] width=4
005F02C0	FUN_005f02c0	2	param_2	pointer:/undefined1	0	1	0	0	0	0	1	0	read_only_byte_view	complete mutable byte-buffer machine proof: direct_calls=0, byte_reads=1, byte_writes=0, rep_movs_transports=0, wide_dereferences=0, escapes=0; byte_read_sites=005F02E3 MOV AL,byte ptr [EAX]; byte_write_sites=-
005F2110	STManBasisC::sub_005F2110	1	param_1	pointer:/undefined4	0	0	0	1	1	3	1	0	mixed_or_wide_pointee	complete mutable byte-buffer machine proof: direct_calls=0, byte_reads=0, byte_writes=0, rep_movs_transports=1, wide_dereferences=1, escapes=3; byte_read_sites=-; byte_write_sites=-; wide_sites=005F214A MOV EAX,dword ptr [EDI] operand=DWORD PTR [EDI] width=4; escape_sites=005F213F PUSH ESI alias passed on stack | 005F2158 PUSH ESI alias passed on stack | 005F216C OR ESI,0xffffffff unsupported affine alias transform
005F5B80	STBHEShellC::sub_005F5B80	1	param_1	pointer:/undefined4	0	0	0	1	1	1	1	0	mixed_or_wide_pointee	complete mutable byte-buffer machine proof: direct_calls=0, byte_reads=0, byte_writes=0, rep_movs_transports=1, wide_dereferences=1, escapes=1; byte_read_sites=-; byte_write_sites=-; wide_sites=005F5BBD MOV EAX,dword ptr [EAX + 0x128] operand=DWORD PTR [EAX + 0X128] width=4; escape_sites=005F5BAC PUSH EDX alias passed on stack
005F68B0	STColl3C::sub_005F68B0	1	param_1	pointer:/undefined4	0	1	0	3	3	2	1	0	mixed_or_wide_pointee	complete mutable byte-buffer machine proof: direct_calls=0, byte_reads=1, byte_writes=0, rep_movs_transports=3, wide_dereferences=3, escapes=2; byte_read_sites=005F6A0D MOVSB.REP ES:EDI,ESI; byte_write_sites=-; wide_sites=005F68D7 MOVSW ES:EDI,ESI string_width=2 | 005F695C MOV EAX,dword ptr [EDI] operand=DWORD PTR [EDI] width=4 | 005F697D MOV ECX,dword ptr [EDX] operand=DWORD PTR [EDX] width=4; escape_sites=005F690E PUSH ESI alias passed on stack | 005F6968 PUSH ESI alias passed on stack
005F88D0	FUN_005f88d0	4	param_4	pointer:/undefined4	0	0	0	0	0	1	1	0	escaped_local_proof	complete mutable byte-buffer machine proof: direct_calls=0, byte_reads=0, byte_writes=0, rep_movs_transports=0, wide_dereferences=0, escapes=1; byte_read_sites=-; byte_write_sites=-; escape_sites=005F8974 PUSH EAX alias passed on stack
005F88D0	FUN_005f88d0	5	param_5	pointer:/undefined4	0	0	0	0	0	1	1	0	escaped_local_proof	complete mutable byte-buffer machine proof: direct_calls=0, byte_reads=0, byte_writes=0, rep_movs_transports=0, wide_dereferences=0, escapes=1; byte_read_sites=-; byte_write_sites=-; escape_sites=005F8970 PUSH EDX alias passed on stack
005F8BA0	FUN_005f8ba0	1	param_1	pointer:/undefined4	0	0	0	0	1	0	1	0	mixed_or_wide_pointee	complete mutable byte-buffer machine proof: direct_calls=0, byte_reads=0, byte_writes=0, rep_movs_transports=0, wide_dereferences=1, escapes=0; byte_read_sites=-; byte_write_sites=-; wide_sites=005F8C57 MOV dword ptr [ECX],EDX operand=DWORD PTR [ECX] width=4
005F8BA0	FUN_005f8ba0	2	param_2	pointer:/undefined4	0	0	0	0	1	0	1	0	mixed_or_wide_pointee	complete mutable byte-buffer machine proof: direct_calls=0, byte_reads=0, byte_writes=0, rep_movs_transports=0, wide_dereferences=1, escapes=0; byte_read_sites=-; byte_write_sites=-; wide_sites=005F8C63 MOV dword ptr [ECX],EDX operand=DWORD PTR [ECX] width=4
005F9050	FUN_005f9050	2	param_2	pointer:/undefined4	0	0	0	0	1	0	1	0	mixed_or_wide_pointee	complete mutable byte-buffer machine proof: direct_calls=0, byte_reads=0, byte_writes=0, rep_movs_transports=0, wide_dereferences=1, escapes=0; byte_read_sites=-; byte_write_sites=-; wide_sites=005F9163 MOV dword ptr [ECX],EAX operand=DWORD PTR [ECX] width=4
005FA360	FUN_005fa360	1	param_1	pointer:/undefined4	0	0	0	0	2	0	1	0	mixed_or_wide_pointee	complete mutable byte-buffer machine proof: direct_calls=0, byte_reads=0, byte_writes=0, rep_movs_transports=0, wide_dereferences=2, escapes=0; byte_read_sites=-; byte_write_sites=-; wide_sites=005FA3B8 MOV dword ptr [EAX],0x0 operand=DWORD PTR [EAX] width=4 | 005FA53A MOV dword ptr [EAX],0x1 operand=DWORD PTR [EAX] width=4
005FCC00	FUN_005fcc00	1	param_1	pointer:/undefined4	0	2	0	2	0	1	1	0	escaped_local_proof	complete mutable byte-buffer machine proof: direct_calls=0, byte_reads=2, byte_writes=0, rep_movs_transports=2, wide_dereferences=0, escapes=1; byte_read_sites=005FCC19 MOVSB ES:EDI,ESI | 005FCC36 MOVSB ES:EDI,ESI; byte_write_sites=-; escape_sites=005FCC33 PUSH EDX alias passed on stack
005FCF50	FUN_005fcf50	3	param_4	pointer:/undefined4	0	0	0	0	2	0	1	0	mixed_or_wide_pointee	complete mutable byte-buffer machine proof: direct_calls=0, byte_reads=0, byte_writes=0, rep_movs_transports=0, wide_dereferences=2, escapes=0; byte_read_sites=-; byte_write_sites=-; wide_sites=005FCF60 MOV dword ptr [EDX],0x0 operand=DWORD PTR [EDX] width=4 | 005FCFC3 MOV dword ptr [EDX],ECX operand=DWORD PTR [EDX] width=4
005FCF50	FUN_005fcf50	5	param_6	pointer:/undefined1	0	0	1	0	0	0	1	0	no_byte_read	complete mutable byte-buffer machine proof: direct_calls=0, byte_reads=0, byte_writes=1, rep_movs_transports=0, wide_dereferences=0, escapes=0; byte_read_sites=-; byte_write_sites=005FCF6B MOV byte ptr [EAX],0x1d
005FE5D0	FUN_005fe5d0	2	param_2	pointer:/undefined2	0	0	0	0	3	0	1	0	mixed_or_wide_pointee	complete mutable byte-buffer machine proof: direct_calls=0, byte_reads=0, byte_writes=0, rep_movs_transports=0, wide_dereferences=3, escapes=0; byte_read_sites=-; byte_write_sites=-; wide_sites=005FE658 MOV DX,word ptr [EAX] operand=WORD PTR [EAX] width=2 | 005FE661 MOV DX,word ptr [EAX + 0x2] operand=WORD PTR [EAX + 0X2] width=2 | 005FE66C MOV DX,word ptr [EAX + 0x4] operand=WORD PTR [EAX + 0X4] width=2
005FF3A0	FUN_005ff3a0	1	param_1	pointer:/undefined2	0	0	0	0	0	1	1	0	escaped_local_proof	complete mutable byte-buffer machine proof: direct_calls=0, byte_reads=0, byte_writes=0, rep_movs_transports=0, wide_dereferences=0, escapes=1; byte_read_sites=-; byte_write_sites=-; escape_sites=005FF3E3 PUSH ECX alias passed on stack
005FF3A0	FUN_005ff3a0	2	param_2	pointer:/undefined2	0	0	0	0	0	1	1	0	escaped_local_proof	complete mutable byte-buffer machine proof: direct_calls=0, byte_reads=0, byte_writes=0, rep_movs_transports=0, wide_dereferences=0, escapes=1; byte_read_sites=-; byte_write_sites=-; escape_sites=005FF3E2 PUSH EAX alias passed on stack
005FF430	FUN_005ff430	8	param_8	pointer:/undefined2	0	0	0	0	5	0	1	0	mixed_or_wide_pointee	complete mutable byte-buffer machine proof: direct_calls=0, byte_reads=0, byte_writes=0, rep_movs_transports=0, wide_dereferences=5, escapes=0; byte_read_sites=-; byte_write_sites=-; wide_sites=005FF521 MOV word ptr [ECX],DX operand=WORD PTR [ECX] width=2 | 005FF8EB MOV word ptr [ECX],AX operand=WORD PTR [ECX] width=2 | 005FFA4D MOV word ptr [EDX],CX operand=WORD PTR [EDX] width=2 | 005FFAC7 MOV word ptr [EAX],DX operand=WORD PTR [EAX] width=2 | 005FFC94 MOV word ptr [ECX],0x0 operand=WORD PTR [ECX] width=2
00600580	FUN_00600580	7	param_8	pointer:/undefined4	0	0	0	0	1	0	1	0	mixed_or_wide_pointee	complete mutable byte-buffer machine proof: direct_calls=0, byte_reads=0, byte_writes=0, rep_movs_transports=0, wide_dereferences=1, escapes=0; byte_read_sites=-; byte_write_sites=-; wide_sites=006006D1 MOV dword ptr [EAX],0xffffffff operand=DWORD PTR [EAX] width=4
00600580	FUN_00600580	8	param_9	pointer:/undefined4	0	0	0	0	1	0	1	0	mixed_or_wide_pointee	complete mutable byte-buffer machine proof: direct_calls=0, byte_reads=0, byte_writes=0, rep_movs_transports=0, wide_dereferences=1, escapes=0; byte_read_sites=-; byte_write_sites=-; wide_sites=006006D7 MOV dword ptr [ECX],0xffffffff operand=DWORD PTR [ECX] width=4
006010A0	FUN_006010a0	1	param_1	pointer:/undefined4	0	3	0	4	2	0	1	0	mixed_or_wide_pointee	complete mutable byte-buffer machine proof: direct_calls=0, byte_reads=3, byte_writes=0, rep_movs_transports=4, wide_dereferences=2, escapes=0; byte_read_sites=006010BB MOVSB ES:EDI,ESI | 00601183 MOVSB.REP ES:EDI,ESI | 00601217 MOVSB.REP ES:EDI,ESI; byte_write_sites=-; wide_sites=006010F7 MOV EDX,dword ptr [ECX + ESI*0x1 + 0x3d] operand=DWORD PTR [ECX + ESI*0X1 + 0X3D] width=4 | 00601119 MOVSW ES:EDI,ESI string_width=2
006025D0	STDestC::sub_006025D0	1	param_1	pointer:/undefined4	0	0	0	0	2	0	1	0	mixed_or_wide_pointee	complete mutable byte-buffer machine proof: direct_calls=0, byte_reads=0, byte_writes=0, rep_movs_transports=0, wide_dereferences=2, escapes=0; byte_read_sites=-; byte_write_sites=-; wide_sites=0060262C MOV dword ptr [EDX],EBX operand=DWORD PTR [EDX] width=4 | 00602639 MOV dword ptr [EDX],ECX operand=DWORD PTR [EDX] width=4
00602660	STDestC::sub_00602660	1	param_1	pointer:/undefined4	0	0	0	1	1	0	1	0	mixed_or_wide_pointee	complete mutable byte-buffer machine proof: direct_calls=0, byte_reads=0, byte_writes=0, rep_movs_transports=1, wide_dereferences=1, escapes=0; byte_read_sites=-; byte_write_sites=-; wide_sites=00602677 MOVSW ES:EDI,ESI string_width=2
006033D0	FUN_006033d0	1	param_1	pointer:/undefined1	0	0	6	0	2	1	1	0	mixed_or_wide_pointee	complete mutable byte-buffer machine proof: direct_calls=0, byte_reads=0, byte_writes=6, rep_movs_transports=0, wide_dereferences=2, escapes=1; byte_read_sites=-; byte_write_sites=006033E4 MOV byte ptr [EDI],0x4 | 006033ED MOV byte ptr [EDI + 0x1],AL | 006033F0 MOV byte ptr [EDI + 0x2],0x1 | 0060340B MOV byte ptr [EDI + 0x7],AL | 00603426 MOV byte ptr [EDI + 0x1b],0x64 | 00603437 MOV byte ptr [EDI + 0x1d],0x1; wide_sites=006033F9 MOV dword ptr [EDI + 0x3],EAX operand=DWORD PTR [EDI + 0X3] width=4 | 00603411 MOV dword ptr [EDI + 0x8],ECX operand=DWORD PTR [EDI + 0X8] width=4; escape_sites=00603420 PUSH EAX alias passed on stack
00604870	FUN_00604870	1	param_1	pointer:/undefined4	0	0	0	0	0	1	1	0	escaped_local_proof	complete mutable byte-buffer machine proof: direct_calls=0, byte_reads=0, byte_writes=0, rep_movs_transports=0, wide_dereferences=0, escapes=1; byte_read_sites=-; byte_write_sites=-; escape_sites=006048A4 PUSH EAX alias passed on stack
00606CD0	FUN_00606cd0	1	param_2	pointer:/undefined4	0	0	0	0	10	0	1	0	mixed_or_wide_pointee	complete mutable byte-buffer machine proof: direct_calls=0, byte_reads=0, byte_writes=0, rep_movs_transports=0, wide_dereferences=10, escapes=0; byte_read_sites=-; byte_write_sites=-; wide_sites=00606CFA MOV dword ptr [EDX],0xb operand=DWORD PTR [EDX] width=4 | 00606D27 MOV dword ptr [EAX],0x5 operand=DWORD PTR [EAX] width=4 | 00606D54 MOV dword ptr [ECX],0xa operand=DWORD PTR [ECX] width=4 | 00606D81 MOV dword ptr [EDX],0x5 operand=DWORD PTR [EDX] width=4 | 00606DAE MOV dword ptr [EAX],0xb operand=DWORD PTR [EAX] width=4 | 00606DDB MOV dword ptr [ECX],0x5 operand=DWORD PTR [ECX] width=4 | 00606E08 MOV dword ptr [EDX],0x4 operand=DWORD PTR [EDX] width=4 | 00606E35 MOV dword ptr [EAX],0x3 operand=DWORD PTR [EAX] width=4 | ... +2
00606CD0	FUN_00606cd0	2	param_3	pointer:/undefined4	0	0	0	0	10	0	1	0	mixed_or_wide_pointee	complete mutable byte-buffer machine proof: direct_calls=0, byte_reads=0, byte_writes=0, rep_movs_transports=0, wide_dereferences=10, escapes=0; byte_read_sites=-; byte_write_sites=-; wide_sites=00606D03 MOV dword ptr [EAX],0x5 operand=DWORD PTR [EAX] width=4 | 00606D30 MOV dword ptr [ECX],0x2 operand=DWORD PTR [ECX] width=4 | 00606D5D MOV dword ptr [EDX],0x4 operand=DWORD PTR [EDX] width=4 | 00606D8A MOV dword ptr [EAX],0x2 operand=DWORD PTR [EAX] width=4 | 00606DB7 MOV dword ptr [ECX],0x4 operand=DWORD PTR [ECX] width=4 | 00606DE4 MOV dword ptr [EDX],0x2 operand=DWORD PTR [EDX] width=4 | 00606E11 MOV dword ptr [EAX],0x2 operand=DWORD PTR [EAX] width=4 | 00606E3E MOV dword ptr [ECX],0x1 operand=DWORD PTR [ECX] width=4 | ... +2
00606CD0	FUN_00606cd0	3	param_4	pointer:/undefined4	0	0	0	0	10	0	1	0	mixed_or_wide_pointee	complete mutable byte-buffer machine proof: direct_calls=0, byte_reads=0, byte_writes=0, rep_movs_transports=0, wide_dereferences=10, escapes=0; byte_read_sites=-; byte_write_sites=-; wide_sites=00606D09 MOV dword ptr [ECX],0x6 operand=DWORD PTR [ECX] width=4 | 00606D36 MOV dword ptr [EDX],0x3 operand=DWORD PTR [EDX] width=4 | 00606D63 MOV dword ptr [EAX],0x5 operand=DWORD PTR [EAX] width=4 | 00606D90 MOV dword ptr [ECX],0x3 operand=DWORD PTR [ECX] width=4 | 00606DBD MOV dword ptr [EDX],0x6 operand=DWORD PTR [EDX] width=4 | 00606DEA MOV dword ptr [EAX],0x3 operand=DWORD PTR [EAX] width=4 | 00606E17 MOV dword ptr [ECX],0x3 operand=DWORD PTR [ECX] width=4 | 00606E44 MOV dword ptr [EDX],0x3 operand=DWORD PTR [EDX] width=4 | ... +2
00606CD0	FUN_00606cd0	4	param_5	pointer:/undefined4	0	0	0	0	10	0	1	0	mixed_or_wide_pointee	complete mutable byte-buffer machine proof: direct_calls=0, byte_reads=0, byte_writes=0, rep_movs_transports=0, wide_dereferences=10, escapes=0; byte_read_sites=-; byte_write_sites=-; wide_sites=00606D0F MOV dword ptr [EDX],0x1 operand=DWORD PTR [EDX] width=4 | 00606D3C MOV dword ptr [EAX],0x1 operand=DWORD PTR [EAX] width=4 | 00606D69 MOV dword ptr [ECX],0x1 operand=DWORD PTR [ECX] width=4 | 00606D96 MOV dword ptr [EDX],0x1 operand=DWORD PTR [EDX] width=4 | 00606DC3 MOV dword ptr [EAX],0x2 operand=DWORD PTR [EAX] width=4 | 00606DF0 MOV dword ptr [ECX],0x2 operand=DWORD PTR [ECX] width=4 | 00606E1D MOV dword ptr [EDX],0x3 operand=DWORD PTR [EDX] width=4 | 00606E4A MOV dword ptr [EAX],0x3 operand=DWORD PTR [EAX] width=4 | ... +2
00606FD0	FUN_00606fd0	1	param_2	pointer:/undefined4	0	0	0	0	8	0	1	0	mixed_or_wide_pointee	complete mutable byte-buffer machine proof: direct_calls=0, byte_reads=0, byte_writes=0, rep_movs_transports=0, wide_dereferences=8, escapes=0; byte_read_sites=-; byte_write_sites=-; wide_sites=00606FF8 MOV dword ptr [EDX],0x4 operand=DWORD PTR [EDX] width=4 | 00607025 MOV dword ptr [EAX],0x6 operand=DWORD PTR [EAX] width=4 | 00607052 MOV dword ptr [ECX],0x6 operand=DWORD PTR [ECX] width=4 | 0060707F MOV dword ptr [EDX],0x7 operand=DWORD PTR [EDX] width=4 | 006070AC MOV dword ptr [EAX],0x6 operand=DWORD PTR [EAX] width=4 | 006070D9 MOV dword ptr [ECX],0x7 operand=DWORD PTR [ECX] width=4 | 00607106 MOV dword ptr [EDX],0x7 operand=DWORD PTR [EDX] width=4 | 00607133 MOV dword ptr [EAX],0x6 operand=DWORD PTR [EAX] width=4
00606FD0	FUN_00606fd0	2	param_3	pointer:/undefined4	0	0	0	0	8	0	1	0	mixed_or_wide_pointee	complete mutable byte-buffer machine proof: direct_calls=0, byte_reads=0, byte_writes=0, rep_movs_transports=0, wide_dereferences=8, escapes=0; byte_read_sites=-; byte_write_sites=-; wide_sites=00607001 MOV dword ptr [EAX],0x0 operand=DWORD PTR [EAX] width=4 | 0060702E MOV dword ptr [ECX],0x2 operand=DWORD PTR [ECX] width=4 | 0060705B MOV dword ptr [EDX],0x2 operand=DWORD PTR [EDX] width=4 | 00607088 MOV dword ptr [EAX],0x2 operand=DWORD PTR [EAX] width=4 | 006070B5 MOV dword ptr [ECX],0x2 operand=DWORD PTR [ECX] width=4 | 006070E2 MOV dword ptr [EDX],0x3 operand=DWORD PTR [EDX] width=4 | 0060710F MOV dword ptr [EAX],0x3 operand=DWORD PTR [EAX] width=4 | 0060713C MOV dword ptr [ECX],0x2 operand=DWORD PTR [ECX] width=4
00606FD0	FUN_00606fd0	3	param_4	pointer:/undefined4	0	0	0	0	8	0	1	0	mixed_or_wide_pointee	complete mutable byte-buffer machine proof: direct_calls=0, byte_reads=0, byte_writes=0, rep_movs_transports=0, wide_dereferences=8, escapes=0; byte_read_sites=-; byte_write_sites=-; wide_sites=00607007 MOV dword ptr [ECX],0x5 operand=DWORD PTR [ECX] width=4 | 00607034 MOV dword ptr [EDX],0x3 operand=DWORD PTR [EDX] width=4 | 00607061 MOV dword ptr [EAX],0x3 operand=DWORD PTR [EAX] width=4 | 0060708E MOV dword ptr [ECX],0x3 operand=DWORD PTR [ECX] width=4 | 006070BB MOV dword ptr [EDX],0x3 operand=DWORD PTR [EDX] width=4 | 006070E8 MOV dword ptr [EAX],0x5 operand=DWORD PTR [EAX] width=4 | 00607115 MOV dword ptr [ECX],0x5 operand=DWORD PTR [ECX] width=4 | 00607142 MOV dword ptr [EDX],0x3 operand=DWORD PTR [EDX] width=4
00606FD0	FUN_00606fd0	4	param_5	pointer:/undefined4	0	0	0	0	8	0	1	0	mixed_or_wide_pointee	complete mutable byte-buffer machine proof: direct_calls=0, byte_reads=0, byte_writes=0, rep_movs_transports=0, wide_dereferences=8, escapes=0; byte_read_sites=-; byte_write_sites=-; wide_sites=0060700D MOV dword ptr [EDX],0x1 operand=DWORD PTR [EDX] width=4 | 0060703A MOV dword ptr [EAX],0x1 operand=DWORD PTR [EAX] width=4 | 00607067 MOV dword ptr [ECX],0x2 operand=DWORD PTR [ECX] width=4 | 00607094 MOV dword ptr [EDX],0x1 operand=DWORD PTR [EDX] width=4 | 006070C1 MOV dword ptr [EAX],0x2 operand=DWORD PTR [EAX] width=4 | 006070EE MOV dword ptr [ECX],0x1 operand=DWORD PTR [ECX] width=4 | 0060711B MOV dword ptr [EDX],0x2 operand=DWORD PTR [EDX] width=4 | 00607148 MOV dword ptr [EAX],0x2 operand=DWORD PTR [EAX] width=4
00607EE0	FUN_00607ee0	2	param_3	pointer:/undefined4	0	0	0	0	41	0	1	0	mixed_or_wide_pointee	complete mutable byte-buffer machine proof: direct_calls=0, byte_reads=0, byte_writes=0, rep_movs_transports=0, wide_dereferences=41, escapes=0; byte_read_sites=-; byte_write_sites=-; wide_sites=00607F20 MOV dword ptr [EDX],0x4 operand=DWORD PTR [EDX] width=4 | 00607F4B MOV dword ptr [EAX],0x6 operand=DWORD PTR [EAX] width=4 | 00607F7F MOV dword ptr [EDX],0x7 operand=DWORD PTR [EDX] width=4 | 00607FB3 MOV dword ptr [EDX],0x7 operand=DWORD PTR [EDX] width=4 | 00607FE7 MOV dword ptr [EDX],0x7 operand=DWORD PTR [EDX] width=4 | 0060801B MOV dword ptr [EDX],0x7 operand=DWORD PTR [EDX] width=4 | 0060804F MOV dword ptr [EDX],0x7 operand=DWORD PTR [EDX] width=4 | 00608083 MOV dword ptr [EDX],0x7 operand=DWORD PTR [EDX] width=4 | ... +33
00607EE0	FUN_00607ee0	3	param_4	pointer:/undefined4	0	0	0	0	41	0	1	0	mixed_or_wide_pointee	complete mutable byte-buffer machine proof: direct_calls=0, byte_reads=0, byte_writes=0, rep_movs_transports=0, wide_dereferences=41, escapes=0; byte_read_sites=-; byte_write_sites=-; wide_sites=00607F29 MOV dword ptr [EAX],0x0 operand=DWORD PTR [EAX] width=4 | 00607F54 MOV dword ptr [EDX],0x0 operand=DWORD PTR [EDX] width=4 | 00607F88 MOV dword ptr [EAX],0x2 operand=DWORD PTR [EAX] width=4 | 00607FBC MOV dword ptr [EAX],0x2 operand=DWORD PTR [EAX] width=4 | 00607FF0 MOV dword ptr [EAX],0x2 operand=DWORD PTR [EAX] width=4 | 00608024 MOV dword ptr [EAX],0x2 operand=DWORD PTR [EAX] width=4 | 00608058 MOV dword ptr [EAX],0x2 operand=DWORD PTR [EAX] width=4 | 0060808C MOV dword ptr [EAX],0x2 operand=DWORD PTR [EAX] width=4 | ... +33
00607EE0	FUN_00607ee0	4	param_5	pointer:/undefined4	0	0	0	0	39	0	1	0	mixed_or_wide_pointee	complete mutable byte-buffer machine proof: direct_calls=0, byte_reads=0, byte_writes=0, rep_movs_transports=0, wide_dereferences=39, escapes=0; byte_read_sites=-; byte_write_sites=-; wide_sites=00607F34 MOV dword ptr [EDX],0x5 operand=DWORD PTR [EDX] width=4 | 00607F5A MOV dword ptr [EAX],0x4 operand=DWORD PTR [EAX] width=4 | 00607F93 MOV dword ptr [EDX],0x5 operand=DWORD PTR [EDX] width=4 | 00607FC7 MOV dword ptr [EDX],0x5 operand=DWORD PTR [EDX] width=4 | 00607FFB MOV dword ptr [EDX],0x4 operand=DWORD PTR [EDX] width=4 | 0060802F MOV dword ptr [EDX],0x5 operand=DWORD PTR [EDX] width=4 | 00608063 MOV dword ptr [EDX],0x6 operand=DWORD PTR [EDX] width=4 | 00608097 MOV dword ptr [EDX],0x6 operand=DWORD PTR [EDX] width=4 | ... +31
00607EE0	FUN_00607ee0	5	param_6	pointer:/undefined4	0	0	0	0	39	0	1	0	mixed_or_wide_pointee	complete mutable byte-buffer machine proof: direct_calls=0, byte_reads=0, byte_writes=0, rep_movs_transports=0, wide_dereferences=39, escapes=0; byte_read_sites=-; byte_write_sites=-; wide_sites=00607EEF MOV dword ptr [ECX],0xffffffff operand=DWORD PTR [ECX] width=4 | 00607F3A MOV dword ptr [ECX],0x1 operand=DWORD PTR [ECX] width=4 | 00607F60 MOV dword ptr [ECX],0x1 operand=DWORD PTR [ECX] width=4 | 00607F99 MOV dword ptr [ECX],0x1 operand=DWORD PTR [ECX] width=4 | 00607FCD MOV dword ptr [ECX],0x1 operand=DWORD PTR [ECX] width=4 | 00608001 MOV dword ptr [ECX],0x1 operand=DWORD PTR [ECX] width=4 | 00608035 MOV dword ptr [ECX],0x1 operand=DWORD PTR [ECX] width=4 | 00608069 MOV dword ptr [ECX],0x1 operand=DWORD PTR [ECX] width=4 | ... +31
0060BD30	FUN_0060bd30	1	param_1	pointer:/undefined4	0	0	0	0	2	0	1	0	mixed_or_wide_pointee	complete mutable byte-buffer machine proof: direct_calls=0, byte_reads=0, byte_writes=0, rep_movs_transports=0, wide_dereferences=2, escapes=0; byte_read_sites=-; byte_write_sites=-; wide_sites=0060BD67 MOV EAX,dword ptr [ECX + 0x18] operand=DWORD PTR [ECX + 0X18] width=4 | 0060BD98 MOV EDX,dword ptr [ECX] operand=DWORD PTR [ECX] width=4
0060BDD0	FUN_0060bdd0	1	param_1	pointer:/undefined4	0	1	0	0	4	0	1	0	mixed_or_wide_pointee	complete mutable byte-buffer machine proof: direct_calls=0, byte_reads=1, byte_writes=0, rep_movs_transports=0, wide_dereferences=4, escapes=0; byte_read_sites=0060BE79 MOV DL,byte ptr [EDI + 0x24]; byte_write_sites=-; wide_sites=0060BDFA MOV EAX,dword ptr [EDI + 0x18] operand=DWORD PTR [EDI + 0X18] width=4 | 0060BE9F MOV EAX,dword ptr [EDI + 0x24] operand=DWORD PTR [EDI + 0X24] width=4 | 0060BEB6 MOV ECX,dword ptr [EDI + 0x24] operand=DWORD PTR [EDI + 0X24] width=4 | 0060BF40 MOV EDX,dword ptr [EDI] operand=DWORD PTR [EDI] width=4
0060C1A0	STFieldC::FUN_0060c1a0	1	param_1	pointer:/undefined4	0	1	0	1	2	2	1	0	mixed_or_wide_pointee	complete mutable byte-buffer machine proof: direct_calls=0, byte_reads=1, byte_writes=0, rep_movs_transports=1, wide_dereferences=2, escapes=2; byte_read_sites=0060C1CF MOVSB ES:EDI,ESI; byte_write_sites=-; wide_sites=0060C1CD MOVSW ES:EDI,ESI string_width=2 | 0060C251 MOV ECX,dword ptr [EAX + 0x83] operand=DWORD PTR [EAX + 0X83] width=4; escape_sites=0060C1E5 PUSH EDI alias passed on stack | 0060C278 PUSH EAX alias passed on stack
0060CBE0	FUN_0060cbe0	0	param_1	pointer:/undefined2	0	0	0	0	0	1	1	0	escaped_local_proof	complete mutable byte-buffer machine proof: direct_calls=0, byte_reads=0, byte_writes=0, rep_movs_transports=0, wide_dereferences=0, escapes=1; byte_read_sites=-; byte_write_sites=-; escape_sites=0060CBF7 SAR ESI,0x1 unsupported affine alias transform
0060E210	FUN_0060e210	0	param_1	pointer:/void	0	0	0	0	4	0	1	0	mixed_or_wide_pointee	complete mutable byte-buffer machine proof: direct_calls=0, byte_reads=0, byte_writes=0, rep_movs_transports=0, wide_dereferences=4, escapes=0; byte_read_sites=-; byte_write_sites=-; wide_sites=0060E2EC FILD dword ptr [EAX + ESI*0x4] operand=DWORD PTR [EAX + ESI*0X4] width=4 | 0060E30D FILD dword ptr [EDI + EAX*0x1] operand=DWORD PTR [EDI + EAX*0X1] width=4 | 0060E35B FILD dword ptr [EDX] operand=DWORD PTR [EDX] width=4 | 0060E375 FILD dword ptr [EAX + EDX*0x1] operand=DWORD PTR [EAX + EDX*0X1] width=4
00614A90	FUN_00614a90	1	param_1	pointer:/undefined4	0	2	0	3	1	0	1	0	mixed_or_wide_pointee	complete mutable byte-buffer machine proof: direct_calls=0, byte_reads=2, byte_writes=0, rep_movs_transports=3, wide_dereferences=1, escapes=0; byte_read_sites=00614B0D MOVSB.REP ES:EDI,ESI | 00614B64 MOVSB.REP ES:EDI,ESI; byte_write_sites=-; wide_sites=00614AB3 MOVSW ES:EDI,ESI string_width=2
006151E0	FUN_006151e0	1	param_1	pointer:/undefined4	0	0	0	0	0	3	1	0	escaped_local_proof	complete mutable byte-buffer machine proof: direct_calls=0, byte_reads=0, byte_writes=0, rep_movs_transports=0, wide_dereferences=0, escapes=3; byte_read_sites=-; byte_write_sites=-; escape_sites=006151F7 PUSH EDI alias passed on stack | 00615265 PUSH EDI alias passed on stack | 006152FE SHL EAX,0x2 unsupported affine alias transform
00615430	FUN_00615430	10	param_10	pointer:/undefined4	0	1	0	1	0	5	1	0	escaped_local_proof	complete mutable byte-buffer machine proof: direct_calls=0, byte_reads=1, byte_writes=0, rep_movs_transports=1, wide_dereferences=0, escapes=5; byte_read_sites=006156FE MOVSB.REP ES:EDI,ESI; byte_write_sites=-; escape_sites=00615447 PUSH ESI alias passed on stack | 0061549C IMUL EAX,dword ptr [EBP + 0x20] unsupported affine alias transform | 0061550B IMUL EAX,ECX unsupported affine alias transform | 00615730 MOV dword ptr [ESI],EAX alias stored outside a local spill | 0061574E MOV dword ptr [ESI],ECX alias stored outside a local spill
00615BB0	FUN_00615bb0	1	param_2	pointer:/undefined4	0	0	0	0	8	0	1	0	mixed_or_wide_pointee	complete mutable byte-buffer machine proof: direct_calls=0, byte_reads=0, byte_writes=0, rep_movs_transports=0, wide_dereferences=8, escapes=0; byte_read_sites=-; byte_write_sites=-; wide_sites=00615BE1 MOV dword ptr [EDX],0x1 operand=DWORD PTR [EDX] width=4 | 00615BFC MOV dword ptr [EDX],0x1 operand=DWORD PTR [EDX] width=4 | 00615C3D MOV dword ptr [ECX],EAX operand=DWORD PTR [ECX] width=4 | 00615C7A MOV dword ptr [EAX],0xffffffff operand=DWORD PTR [EAX] width=4 | 00615CBB MOV dword ptr [EDX],0xffffffff operand=DWORD PTR [EDX] width=4 | 00615CF8 MOV dword ptr [EDX],0xffffffff operand=DWORD PTR [EDX] width=4 | 00615D39 MOV dword ptr [ECX],EAX operand=DWORD PTR [ECX] width=4 | 00615D76 MOV dword ptr [EAX],0x1 operand=DWORD PTR [EAX] width=4
00615BB0	FUN_00615bb0	2	param_3	pointer:/undefined4	0	0	0	0	8	0	1	0	mixed_or_wide_pointee	complete mutable byte-buffer machine proof: direct_calls=0, byte_reads=0, byte_writes=0, rep_movs_transports=0, wide_dereferences=8, escapes=0; byte_read_sites=-; byte_write_sites=-; wide_sites=00615BE7 MOV dword ptr [ECX],EAX operand=DWORD PTR [ECX] width=4 | 00615C02 MOV dword ptr [EAX],0xffffffff operand=DWORD PTR [EAX] width=4 | 00615C3F MOV dword ptr [EDX],0xffffffff operand=DWORD PTR [EDX] width=4 | 00615C80 MOV dword ptr [ECX],0xffffffff operand=DWORD PTR [ECX] width=4 | 00615CC1 MOV dword ptr [ECX],EAX operand=DWORD PTR [ECX] width=4 | 00615CFE MOV dword ptr [EAX],0x1 operand=DWORD PTR [EAX] width=4 | 00615D3B MOV dword ptr [EDX],0x1 operand=DWORD PTR [EDX] width=4 | 00615D7C MOV dword ptr [ECX],0x1 operand=DWORD PTR [ECX] width=4
00615BB0	FUN_00615bb0	4	param_5	pointer:/undefined2	0	0	0	0	42	0	1	0	mixed_or_wide_pointee	complete mutable byte-buffer machine proof: direct_calls=0, byte_reads=0, byte_writes=0, rep_movs_transports=0, wide_dereferences=42, escapes=0; byte_read_sites=-; byte_write_sites=-; wide_sites=00615C0F MOV word ptr [ECX],AX operand=WORD PTR [ECX] width=2 | 00615C12 MOV word ptr [ECX + 0x2],AX operand=WORD PTR [ECX + 0X2] width=2 | 00615C16 MOV word ptr [ECX + 0x4],0x1 operand=WORD PTR [ECX + 0X4] width=2 | 00615C1C MOV word ptr [ECX + 0x6],AX operand=WORD PTR [ECX + 0X6] width=2 | 00615C20 MOV word ptr [ECX + 0x8],AX operand=WORD PTR [ECX + 0X8] width=2 | 00615C24 MOV word ptr [ECX + 0xa],0xffff operand=WORD PTR [ECX + 0XA] width=2 | 00615C4C MOV word ptr [ECX],AX operand=WORD PTR [ECX] width=2 | 00615C4F MOV word ptr [ECX + 0x2],AX operand=WORD PTR [ECX + 0X2] width=2 | ... +34
00617CA0	FUN_00617ca0	3	param_3	pointer:/undefined4	0	0	0	0	1	0	1	0	mixed_or_wide_pointee	complete mutable byte-buffer machine proof: direct_calls=0, byte_reads=0, byte_writes=0, rep_movs_transports=0, wide_dereferences=1, escapes=0; byte_read_sites=-; byte_write_sites=-; wide_sites=00617DC9 MOV dword ptr [EDX],ECX operand=DWORD PTR [EDX] width=4
00618170	JumpManagC::sub_00618170	1	param_1	pointer:/undefined4	0	0	0	1	4	3	1	0	mixed_or_wide_pointee	complete mutable byte-buffer machine proof: direct_calls=0, byte_reads=0, byte_writes=0, rep_movs_transports=1, wide_dereferences=4, escapes=3; byte_read_sites=-; byte_write_sites=-; wide_sites=00618188 MOVSW ES:EDI,ESI string_width=2 | 006181AB MOV EAX,dword ptr [EDI] operand=DWORD PTR [EDI] width=4 | 006181CF MOV EAX,dword ptr [EDI] operand=DWORD PTR [EDI] width=4 | 006181F0 MOV ECX,dword ptr [ESI] operand=DWORD PTR [ESI] width=4; escape_sites=006181A0 PUSH ESI alias passed on stack | 006181C1 PUSH ESI alias passed on stack | 006181E2 PUSH EAX alias passed on stack
00618240	FUN_00618240	4	param_4	pointer:/undefined4	0	0	0	1	0	0	1	0	no_byte_read	complete mutable byte-buffer machine proof: direct_calls=0, byte_reads=0, byte_writes=0, rep_movs_transports=1, wide_dereferences=0, escapes=0; byte_read_sites=-; byte_write_sites=-
00619350	STJumpMineC::sub_00619350	1	param_1	pointer:/undefined4	0	0	0	0	1	0	1	0	mixed_or_wide_pointee	complete mutable byte-buffer machine proof: direct_calls=0, byte_reads=0, byte_writes=0, rep_movs_transports=0, wide_dereferences=1, escapes=0; byte_read_sites=-; byte_write_sites=-; wide_sites=00619381 MOV dword ptr [EDX],0x104 operand=DWORD PTR [EDX] width=4
006193A0	FUN_006193a0	1	param_1	pointer:/undefined4	0	0	0	1	0	0	1	0	no_byte_read	complete mutable byte-buffer machine proof: direct_calls=0, byte_reads=0, byte_writes=0, rep_movs_transports=1, wide_dereferences=0, escapes=0; byte_read_sites=-; byte_write_sites=-
0061C5F0	FUN_0061c5f0	1	param_1	pointer:/undefined4	0	0	0	0	2	0	1	0	mixed_or_wide_pointee	complete mutable byte-buffer machine proof: direct_calls=0, byte_reads=0, byte_writes=0, rep_movs_transports=0, wide_dereferences=2, escapes=0; byte_read_sites=-; byte_write_sites=-; wide_sites=0061C600 MOV dword ptr [EAX],EBX operand=DWORD PTR [EAX] width=4 | 0061C7B4 MOV dword ptr [ECX],0x1 operand=DWORD PTR [ECX] width=4
0061D8F0	STLightC::sub_0061D8F0	1	param_1	pointer:/undefined4	0	1	0	2	1	2	1	0	mixed_or_wide_pointee	complete mutable byte-buffer machine proof: direct_calls=0, byte_reads=1, byte_writes=0, rep_movs_transports=2, wide_dereferences=1, escapes=2; byte_read_sites=0061D963 MOVSB.REP ES:EDI,ESI; byte_write_sites=-; wide_sites=0061D965 MOV ECX,dword ptr [EAX] operand=DWORD PTR [EAX] width=4; escape_sites=0061D91E PUSH ESI alias passed on stack | 0061D96B PUSH EAX alias passed on stack
0061FC00	FUN_0061fc00	1	param_1	pointer:/undefined4	0	0	0	0	2	0	1	0	mixed_or_wide_pointee	complete mutable byte-buffer machine proof: direct_calls=0, byte_reads=0, byte_writes=0, rep_movs_transports=0, wide_dereferences=2, escapes=0; byte_read_sites=-; byte_write_sites=-; wide_sites=0061FC09 MOV dword ptr [EDX],0xffffffff operand=DWORD PTR [EDX] width=4 | 0061FC7F MOV dword ptr [ESI],EDX operand=DWORD PTR [ESI] width=4
0061FC00	FUN_0061fc00	2	param_2	pointer:/undefined4	0	0	0	0	2	0	1	0	mixed_or_wide_pointee	complete mutable byte-buffer machine proof: direct_calls=0, byte_reads=0, byte_writes=0, rep_movs_transports=0, wide_dereferences=2, escapes=0; byte_read_sites=-; byte_write_sites=-; wide_sites=0061FC16 MOV dword ptr [EDX],0xffffffff operand=DWORD PTR [EDX] width=4 | 0061FC87 MOV dword ptr [EDX],ECX operand=DWORD PTR [EDX] width=4
006201F0	FUN_006201f0	1	param_1	pointer:/undefined4	0	0	0	0	2	0	1	0	mixed_or_wide_pointee	complete mutable byte-buffer machine proof: direct_calls=0, byte_reads=0, byte_writes=0, rep_movs_transports=0, wide_dereferences=2, escapes=0; byte_read_sites=-; byte_write_sites=-; wide_sites=006201F9 MOV dword ptr [EDX],0xffffffff operand=DWORD PTR [EDX] width=4 | 0062026F MOV dword ptr [ESI],EDX operand=DWORD PTR [ESI] width=4
006201F0	FUN_006201f0	2	param_2	pointer:/undefined4	0	0	0	0	2	0	1	0	mixed_or_wide_pointee	complete mutable byte-buffer machine proof: direct_calls=0, byte_reads=0, byte_writes=0, rep_movs_transports=0, wide_dereferences=2, escapes=0; byte_read_sites=-; byte_write_sites=-; wide_sites=00620206 MOV dword ptr [EDX],0xffffffff operand=DWORD PTR [EDX] width=4 | 00620277 MOV dword ptr [EDX],ECX operand=DWORD PTR [EDX] width=4
006205B0	FUN_006205b0	1	param_1	pointer:/undefined4	0	0	0	0	2	0	1	0	mixed_or_wide_pointee	complete mutable byte-buffer machine proof: direct_calls=0, byte_reads=0, byte_writes=0, rep_movs_transports=0, wide_dereferences=2, escapes=0; byte_read_sites=-; byte_write_sites=-; wide_sites=006205B9 MOV dword ptr [EDX],0xffffffff operand=DWORD PTR [EDX] width=4 | 0062062F MOV dword ptr [ESI],EDX operand=DWORD PTR [ESI] width=4
006205B0	FUN_006205b0	2	param_2	pointer:/undefined4	0	0	0	0	2	0	1	0	mixed_or_wide_pointee	complete mutable byte-buffer machine proof: direct_calls=0, byte_reads=0, byte_writes=0, rep_movs_transports=0, wide_dereferences=2, escapes=0; byte_read_sites=-; byte_write_sites=-; wide_sites=006205C6 MOV dword ptr [EDX],0xffffffff operand=DWORD PTR [EDX] width=4 | 00620637 MOV dword ptr [EDX],ECX operand=DWORD PTR [EDX] width=4
00620940	FUN_00620940	1	param_1	pointer:/undefined4	0	0	0	0	2	0	1	0	mixed_or_wide_pointee	complete mutable byte-buffer machine proof: direct_calls=0, byte_reads=0, byte_writes=0, rep_movs_transports=0, wide_dereferences=2, escapes=0; byte_read_sites=-; byte_write_sites=-; wide_sites=00620949 MOV dword ptr [EDX],0xffffffff operand=DWORD PTR [EDX] width=4 | 006209BF MOV dword ptr [ESI],EDX operand=DWORD PTR [ESI] width=4
00620940	FUN_00620940	2	param_2	pointer:/undefined4	0	0	0	0	2	0	1	0	mixed_or_wide_pointee	complete mutable byte-buffer machine proof: direct_calls=0, byte_reads=0, byte_writes=0, rep_movs_transports=0, wide_dereferences=2, escapes=0; byte_read_sites=-; byte_write_sites=-; wide_sites=00620956 MOV dword ptr [EDX],0xffffffff operand=DWORD PTR [EDX] width=4 | 006209C7 MOV dword ptr [EDX],ECX operand=DWORD PTR [EDX] width=4
00620CE0	FUN_00620ce0	1	param_1	pointer:/undefined4	0	0	0	0	2	0	1	0	mixed_or_wide_pointee	complete mutable byte-buffer machine proof: direct_calls=0, byte_reads=0, byte_writes=0, rep_movs_transports=0, wide_dereferences=2, escapes=0; byte_read_sites=-; byte_write_sites=-; wide_sites=00620CE9 MOV dword ptr [EDX],0xffffffff operand=DWORD PTR [EDX] width=4 | 00620D5F MOV dword ptr [ESI],EDX operand=DWORD PTR [ESI] width=4
00620CE0	FUN_00620ce0	2	param_2	pointer:/undefined4	0	0	0	0	2	0	1	0	mixed_or_wide_pointee	complete mutable byte-buffer machine proof: direct_calls=0, byte_reads=0, byte_writes=0, rep_movs_transports=0, wide_dereferences=2, escapes=0; byte_read_sites=-; byte_write_sites=-; wide_sites=00620CF6 MOV dword ptr [EDX],0xffffffff operand=DWORD PTR [EDX] width=4 | 00620D67 MOV dword ptr [EDX],ECX operand=DWORD PTR [EDX] width=4
00621120	FUN_00621120	1	param_1	pointer:/undefined4	0	0	0	0	2	0	1	0	mixed_or_wide_pointee	complete mutable byte-buffer machine proof: direct_calls=0, byte_reads=0, byte_writes=0, rep_movs_transports=0, wide_dereferences=2, escapes=0; byte_read_sites=-; byte_write_sites=-; wide_sites=00621129 MOV dword ptr [EDX],0xffffffff operand=DWORD PTR [EDX] width=4 | 0062119F MOV dword ptr [ESI],EDX operand=DWORD PTR [ESI] width=4
00621120	FUN_00621120	2	param_2	pointer:/undefined4	0	0	0	0	2	0	1	0	mixed_or_wide_pointee	complete mutable byte-buffer machine proof: direct_calls=0, byte_reads=0, byte_writes=0, rep_movs_transports=0, wide_dereferences=2, escapes=0; byte_read_sites=-; byte_write_sites=-; wide_sites=00621136 MOV dword ptr [EDX],0xffffffff operand=DWORD PTR [EDX] width=4 | 006211A7 MOV dword ptr [EDX],ECX operand=DWORD PTR [EDX] width=4
006214C0	FUN_006214c0	1	param_1	pointer:/undefined4	0	0	0	0	2	0	1	0	mixed_or_wide_pointee	complete mutable byte-buffer machine proof: direct_calls=0, byte_reads=0, byte_writes=0, rep_movs_transports=0, wide_dereferences=2, escapes=0; byte_read_sites=-; byte_write_sites=-; wide_sites=006214C9 MOV dword ptr [EDX],0xffffffff operand=DWORD PTR [EDX] width=4 | 0062153F MOV dword ptr [ESI],EDX operand=DWORD PTR [ESI] width=4
006214C0	FUN_006214c0	2	param_2	pointer:/undefined4	0	0	0	0	2	0	1	0	mixed_or_wide_pointee	complete mutable byte-buffer machine proof: direct_calls=0, byte_reads=0, byte_writes=0, rep_movs_transports=0, wide_dereferences=2, escapes=0; byte_read_sites=-; byte_write_sites=-; wide_sites=006214D6 MOV dword ptr [EDX],0xffffffff operand=DWORD PTR [EDX] width=4 | 00621547 MOV dword ptr [EDX],ECX operand=DWORD PTR [EDX] width=4
00621640	FUN_00621640	2	param_2	pointer:/undefined4	0	0	0	0	2	0	1	0	mixed_or_wide_pointee	complete mutable byte-buffer machine proof: direct_calls=0, byte_reads=0, byte_writes=0, rep_movs_transports=0, wide_dereferences=2, escapes=0; byte_read_sites=-; byte_write_sites=-; wide_sites=0062164B MOV dword ptr [EDX],0x0 operand=DWORD PTR [EDX] width=4 | 006216A8 MOV dword ptr [ECX],0x1 operand=DWORD PTR [ECX] width=4
00622AB0	STAllPlayersC::FUN_00622ab0	1	param_1	pointer:/undefined4	0	1	0	1	2	2	1	0	mixed_or_wide_pointee	complete mutable byte-buffer machine proof: direct_calls=0, byte_reads=1, byte_writes=0, rep_movs_transports=1, wide_dereferences=2, escapes=2; byte_read_sites=00622ACD MOVSB ES:EDI,ESI; byte_write_sites=-; wide_sites=00622AE0 MOV EDI,dword ptr [ESI] operand=DWORD PTR [ESI] width=4 | 00622B4D MOV EDI,dword ptr [ESI] operand=DWORD PTR [ESI] width=4; escape_sites=00622B18 PUSH ESI alias passed on stack | 00622B52 PUSH ESI alias passed on stack
006270E0	FUN_006270e0	2	param_2	pointer:/undefined1	0	1	0	0	1	0	1	0	mixed_or_wide_pointee	complete mutable byte-buffer machine proof: direct_calls=0, byte_reads=1, byte_writes=0, rep_movs_transports=0, wide_dereferences=1, escapes=0; byte_read_sites=0062712B MOV CL,byte ptr [ECX]; byte_write_sites=-; wide_sites=00627102 MOV ECX,dword ptr [ECX + 0x17] operand=DWORD PTR [ECX + 0X17] width=4
00627200	FUN_00627200	2	param_2	pointer:/undefined2	0	0	0	0	1	0	1	0	mixed_or_wide_pointee	complete mutable byte-buffer machine proof: direct_calls=0, byte_reads=0, byte_writes=0, rep_movs_transports=0, wide_dereferences=1, escapes=0; byte_read_sites=-; byte_write_sites=-; wide_sites=0062720D MOV word ptr [EDX],AX operand=WORD PTR [EDX] width=2
00627200	FUN_00627200	3	param_3	pointer:/undefined2	0	0	0	0	1	0	1	0	mixed_or_wide_pointee	complete mutable byte-buffer machine proof: direct_calls=0, byte_reads=0, byte_writes=0, rep_movs_transports=0, wide_dereferences=1, escapes=0; byte_read_sites=-; byte_write_sites=-; wide_sites=0062721A MOV word ptr [EDX],AX operand=WORD PTR [EDX] width=2
00627200	FUN_00627200	4	param_4	pointer:/undefined2	0	0	0	0	1	0	1	0	mixed_or_wide_pointee	complete mutable byte-buffer machine proof: direct_calls=0, byte_reads=0, byte_writes=0, rep_movs_transports=0, wide_dereferences=1, escapes=0; byte_read_sites=-; byte_write_sites=-; wide_sites=0062722A MOV word ptr [ECX],AX operand=WORD PTR [ECX] width=2
00627200	FUN_00627200	5	param_5	pointer:/undefined4	0	0	0	0	1	0	1	0	mixed_or_wide_pointee	complete mutable byte-buffer machine proof: direct_calls=0, byte_reads=0, byte_writes=0, rep_movs_transports=0, wide_dereferences=1, escapes=0; byte_read_sites=-; byte_write_sites=-; wide_sites=0062722D MOV dword ptr [EDX],0x0 operand=DWORD PTR [EDX] width=4
0062A8B0	FUN_0062a8b0	0	param_1	pointer:/undefined4	0	0	0	0	8	0	1	0	mixed_or_wide_pointee	complete mutable byte-buffer machine proof: direct_calls=0, byte_reads=0, byte_writes=0, rep_movs_transports=0, wide_dereferences=8, escapes=0; byte_read_sites=-; byte_write_sites=-; wide_sites=0062A8F4 MOV dword ptr [EAX],0x24b5 operand=DWORD PTR [EAX] width=4 | 0062A90F MOV dword ptr [EDX],0x19f5 operand=DWORD PTR [EDX] width=4 | 0062A92F MOV dword ptr [ECX],0x0 operand=DWORD PTR [ECX] width=4 | 0062A945 MOV dword ptr [EAX],0xffffe60b operand=DWORD PTR [EAX] width=4 | 0062A960 MOV dword ptr [EDX],0xffffdb4b operand=DWORD PTR [EDX] width=4 | 0062A980 MOV dword ptr [ECX],0xffffe60b operand=DWORD PTR [ECX] width=4 | 0062A996 MOV dword ptr [EAX],0x0 operand=DWORD PTR [EAX] width=4 | 0062A9B1 MOV dword ptr [EDX],0x19f5 operand=DWORD PTR [EDX] width=4
0062A8B0	FUN_0062a8b0	1	param_2	pointer:/undefined4	0	0	0	0	8	0	1	0	mixed_or_wide_pointee	complete mutable byte-buffer machine proof: direct_calls=0, byte_reads=0, byte_writes=0, rep_movs_transports=0, wide_dereferences=8, escapes=0; byte_read_sites=-; byte_write_sites=-; wide_sites=0062A8FA MOV dword ptr [ECX],0x0 operand=DWORD PTR [ECX] width=4 | 0062A915 MOV dword ptr [EAX],0xffffe60b operand=DWORD PTR [EAX] width=4 | 0062A935 MOV dword ptr [EDX],0xffffdb4b operand=DWORD PTR [EDX] width=4 | 0062A94B MOV dword ptr [ECX],0xffffe60b operand=DWORD PTR [ECX] width=4 | 0062A966 MOV dword ptr [EAX],0x0 operand=DWORD PTR [EAX] width=4 | 0062A986 MOV dword ptr [EDX],0x19f5 operand=DWORD PTR [EDX] width=4 | 0062A99C MOV dword ptr [ECX],0x24b5 operand=DWORD PTR [ECX] width=4 | 0062A9B7 MOV dword ptr [EAX],0x19f5 operand=DWORD PTR [EAX] width=4
0062A8B0	FUN_0062a8b0	2	param_3	pointer:/undefined4	0	0	0	0	1	0	1	0	mixed_or_wide_pointee	complete mutable byte-buffer machine proof: direct_calls=0, byte_reads=0, byte_writes=0, rep_movs_transports=0, wide_dereferences=1, escapes=0; byte_read_sites=-; byte_write_sites=-; wide_sites=0062A8D3 MOV dword ptr [ECX],0xd5c operand=DWORD PTR [ECX] width=4
0062AEF0	STParticleC::sub_0062AEF0	1	param_1	pointer:/undefined4	0	1	0	1	1	0	1	0	mixed_or_wide_pointee	complete mutable byte-buffer machine proof: direct_calls=0, byte_reads=1, byte_writes=0, rep_movs_transports=1, wide_dereferences=1, escapes=0; byte_read_sites=0062AF0B MOVSB ES:EDI,ESI; byte_write_sites=-; wide_sites=0062AF09 MOVSW ES:EDI,ESI string_width=2
0062AF40	FUN_0062af40	1	param_1	pointer:/undefined4	0	0	0	0	2	0	1	0	mixed_or_wide_pointee	complete mutable byte-buffer machine proof: direct_calls=0, byte_reads=0, byte_writes=0, rep_movs_transports=0, wide_dereferences=2, escapes=0; byte_read_sites=-; byte_write_sites=-; wide_sites=0062AF55 MOV dword ptr [EDX],0x0 operand=DWORD PTR [EDX] width=4 | 0062AF71 MOV dword ptr [EDX],0xd7 operand=DWORD PTR [EDX] width=4
0062CA20	FUN_0062ca20	0	param_1	pointer:/undefined4	0	1	0	1	0	0	1	0	read_only_byte_view	complete mutable byte-buffer machine proof: direct_calls=0, byte_reads=1, byte_writes=0, rep_movs_transports=1, wide_dereferences=0, escapes=0; byte_read_sites=0062CA50 MOVSB.REP ES:EDI,ESI; byte_write_sites=-
0062CA70	FUN_0062ca70	0	param_1	pointer:/undefined4	0	0	0	0	1	0	1	0	mixed_or_wide_pointee	complete mutable byte-buffer machine proof: direct_calls=0, byte_reads=0, byte_writes=0, rep_movs_transports=0, wide_dereferences=1, escapes=0; byte_read_sites=-; byte_write_sites=-; wide_sites=0062CA82 MOV dword ptr [ECX],EAX operand=DWORD PTR [ECX] width=4
0062CA70	FUN_0062ca70	1	param_2	pointer:/undefined4	0	1	0	1	0	0	1	0	read_only_byte_view	complete mutable byte-buffer machine proof: direct_calls=0, byte_reads=1, byte_writes=0, rep_movs_transports=1, wide_dereferences=0, escapes=0; byte_read_sites=0062CA93 MOVSB ES:EDI,ESI; byte_write_sites=-
0062D840	STManRub3C::sub_0062D840	1	param_1	pointer:/undefined4	0	0	0	1	0	4	1	0	escaped_local_proof	complete mutable byte-buffer machine proof: direct_calls=0, byte_reads=0, byte_writes=0, rep_movs_transports=1, wide_dereferences=0, escapes=4; byte_read_sites=-; byte_write_sites=-; escape_sites=0062D888 PUSH ESI alias passed on stack | 0062D891 PUSH ESI alias passed on stack | 0062D898 PUSH ESI alias passed on stack | 0062D89C PUSH ESI alias passed on stack
0062F3B0	STRubbishC::LoadImagSpr	1	param_1	pointer:/void	0	0	0	0	0	1	0	0	incomplete_cfg_at_0062F5DA	complete mutable byte-buffer machine proof: direct_calls=0, byte_reads=0, byte_writes=0, rep_movs_transports=0, wide_dereferences=0, escapes=1, failure=incomplete_cfg_at_0062F5DA; byte_read_sites=-; byte_write_sites=-; escape_sites=0062F3FE OR EAX,0xffffffff unsupported affine alias transform
00630340	FUN_00630340	3	param_3	pointer:/undefined4	0	0	0	0	1	0	1	0	mixed_or_wide_pointee	complete mutable byte-buffer machine proof: direct_calls=0, byte_reads=0, byte_writes=0, rep_movs_transports=0, wide_dereferences=1, escapes=0; byte_read_sites=-; byte_write_sites=-; wide_sites=00630384 MOV dword ptr [EBX],ESI operand=DWORD PTR [EBX] width=4
00630340	FUN_00630340	4	param_4	pointer:/undefined4	0	0	0	0	1	0	1	0	mixed_or_wide_pointee	complete mutable byte-buffer machine proof: direct_calls=0, byte_reads=0, byte_writes=0, rep_movs_transports=0, wide_dereferences=1, escapes=0; byte_read_sites=-; byte_write_sites=-; wide_sites=0063039C MOV dword ptr [EAX],ESI operand=DWORD PTR [EAX] width=4
006303E0	FUN_006303e0	3	param_3	pointer:/undefined4	0	0	0	0	1	0	1	0	mixed_or_wide_pointee	complete mutable byte-buffer machine proof: direct_calls=0, byte_reads=0, byte_writes=0, rep_movs_transports=0, wide_dereferences=1, escapes=0; byte_read_sites=-; byte_write_sites=-; wide_sites=006303FA MOV dword ptr [EDX],EAX operand=DWORD PTR [EDX] width=4
00631390	STManRuinC::sub_00631390	1	param_1	pointer:/undefined4	0	2	0	2	1	1	1	0	mixed_or_wide_pointee	complete mutable byte-buffer machine proof: direct_calls=0, byte_reads=2, byte_writes=0, rep_movs_transports=2, wide_dereferences=1, escapes=1; byte_read_sites=006313AF MOVSB ES:EDI,ESI | 00631405 MOVSB.REP ES:EDI,ESI; byte_write_sites=-; wide_sites=006313D8 MOV EAX,dword ptr [EDI] operand=DWORD PTR [EDI] width=4; escape_sites=006313CD PUSH ESI alias passed on stack
00631880	STManRuinC::sub_00631880	1	param_1	pointer:/undefined4	0	1	0	1	0	0	1	0	read_only_byte_view	complete mutable byte-buffer machine proof: direct_calls=0, byte_reads=1, byte_writes=0, rep_movs_transports=1, wide_dereferences=0, escapes=0; byte_read_sites=006318A2 MOVSB ES:EDI,ESI; byte_write_sites=-
00631E00	FUN_00631e00	3	param_3	pointer:/undefined4	0	0	0	0	2	0	1	0	mixed_or_wide_pointee	complete mutable byte-buffer machine proof: direct_calls=0, byte_reads=0, byte_writes=0, rep_movs_transports=0, wide_dereferences=2, escapes=0; byte_read_sites=-; byte_write_sites=-; wide_sites=00631E5B MOV dword ptr [EAX],ECX operand=DWORD PTR [EAX] width=4 | 00631EEE MOV dword ptr [EDI],ESI operand=DWORD PTR [EDI] width=4
00631E00	FUN_00631e00	4	param_4	pointer:/undefined4	0	0	0	0	2	0	1	0	mixed_or_wide_pointee	complete mutable byte-buffer machine proof: direct_calls=0, byte_reads=0, byte_writes=0, rep_movs_transports=0, wide_dereferences=2, escapes=0; byte_read_sites=-; byte_write_sites=-; wide_sites=00631E69 MOV dword ptr [ECX],EAX operand=DWORD PTR [ECX] width=4 | 00631EFC MOV dword ptr [EDI],ESI operand=DWORD PTR [EDI] width=4
00631E00	FUN_00631e00	5	param_5	pointer:/undefined4	0	0	0	0	2	0	1	0	mixed_or_wide_pointee	complete mutable byte-buffer machine proof: direct_calls=0, byte_reads=0, byte_writes=0, rep_movs_transports=0, wide_dereferences=2, escapes=0; byte_read_sites=-; byte_write_sites=-; wide_sites=00631E77 MOV dword ptr [EAX],ECX operand=DWORD PTR [EAX] width=4 | 00631F0A MOV dword ptr [EDI],ESI operand=DWORD PTR [EDI] width=4
00631E00	FUN_00631e00	6	param_6	pointer:/undefined4	0	0	0	0	2	0	1	0	mixed_or_wide_pointee	complete mutable byte-buffer machine proof: direct_calls=0, byte_reads=0, byte_writes=0, rep_movs_transports=0, wide_dereferences=2, escapes=0; byte_read_sites=-; byte_write_sites=-; wide_sites=00631E85 MOV dword ptr [ECX],EAX operand=DWORD PTR [ECX] width=4 | 00631F15 MOV dword ptr [EAX],ESI operand=DWORD PTR [EAX] width=4
00632030	FUN_00632030	1	param_2	pointer:/undefined4	0	0	0	0	19	0	1	0	mixed_or_wide_pointee	complete mutable byte-buffer machine proof: direct_calls=0, byte_reads=0, byte_writes=0, rep_movs_transports=0, wide_dereferences=19, escapes=0; byte_read_sites=-; byte_write_sites=-; wide_sites=00632060 MOV dword ptr [ECX],0x96 operand=DWORD PTR [ECX] width=4 | 00632085 MOV dword ptr [EDX],0x96 operand=DWORD PTR [EDX] width=4 | 006320AA MOV dword ptr [ECX],0x8c operand=DWORD PTR [ECX] width=4 | 006320CF MOV dword ptr [EDX],0x8c operand=DWORD PTR [EDX] width=4 | 006320F4 MOV dword ptr [ECX],0xaf operand=DWORD PTR [ECX] width=4 | 00632119 MOV dword ptr [EDX],0xaa operand=DWORD PTR [EDX] width=4 | 0063213E MOV dword ptr [EDX],0xaa operand=DWORD PTR [EDX] width=4 | 00632163 MOV dword ptr [ECX],0x96 operand=DWORD PTR [ECX] width=4 | ... +11
00632030	FUN_00632030	2	param_3	pointer:/undefined4	0	0	0	0	19	0	1	0	mixed_or_wide_pointee	complete mutable byte-buffer machine proof: direct_calls=0, byte_reads=0, byte_writes=0, rep_movs_transports=0, wide_dereferences=19, escapes=0; byte_read_sites=-; byte_write_sites=-; wide_sites=00632069 MOV dword ptr [EDX],0x96 operand=DWORD PTR [EDX] width=4 | 0063208E MOV dword ptr [ECX],0x96 operand=DWORD PTR [ECX] width=4 | 006320B3 MOV dword ptr [EDX],0x8c operand=DWORD PTR [EDX] width=4 | 006320D8 MOV dword ptr [ECX],0xaa operand=DWORD PTR [ECX] width=4 | 006320FD MOV dword ptr [EDX],0xaf operand=DWORD PTR [EDX] width=4 | 00632122 MOV dword ptr [ECX],0xaa operand=DWORD PTR [ECX] width=4 | 00632147 MOV dword ptr [ECX],0xaa operand=DWORD PTR [ECX] width=4 | 0063216C MOV dword ptr [EDX],0x96 operand=DWORD PTR [EDX] width=4 | ... +11
00632030	FUN_00632030	3	param_4	pointer:/undefined4	0	0	0	0	19	0	1	0	mixed_or_wide_pointee	complete mutable byte-buffer machine proof: direct_calls=0, byte_reads=0, byte_writes=0, rep_movs_transports=0, wide_dereferences=19, escapes=0; byte_read_sites=-; byte_write_sites=-; wide_sites=0063206F MOV dword ptr [ECX],0xbe operand=DWORD PTR [ECX] width=4 | 00632094 MOV dword ptr [EDX],0xd2 operand=DWORD PTR [EDX] width=4 | 006320B9 MOV dword ptr [ECX],0x6e operand=DWORD PTR [ECX] width=4 | 006320DE MOV dword ptr [EDX],0xb4 operand=DWORD PTR [EDX] width=4 | 00632103 MOV dword ptr [ECX],0xd2 operand=DWORD PTR [ECX] width=4 | 00632128 MOV dword ptr [EDX],0xd2 operand=DWORD PTR [EDX] width=4 | 0063214D MOV dword ptr [EDX],0xe6 operand=DWORD PTR [EDX] width=4 | 00632172 MOV dword ptr [ECX],0xd2 operand=DWORD PTR [ECX] width=4 | ... +11
00632030	FUN_00632030	4	param_5	pointer:/undefined4	0	0	0	0	20	0	1	0	mixed_or_wide_pointee	complete mutable byte-buffer machine proof: direct_calls=0, byte_reads=0, byte_writes=0, rep_movs_transports=0, wide_dereferences=20, escapes=0; byte_read_sites=-; byte_write_sites=-; wide_sites=0063203F MOV dword ptr [EAX],0x0 operand=DWORD PTR [EAX] width=4 | 00632075 MOV dword ptr [EAX],0xffffffa6 operand=DWORD PTR [EAX] width=4 | 0063209A MOV dword ptr [EAX],0xffffffa6 operand=DWORD PTR [EAX] width=4 | 006320BF MOV dword ptr [EAX],0xffffffa6 operand=DWORD PTR [EAX] width=4 | 006320E4 MOV dword ptr [EAX],0xffffffa6 operand=DWORD PTR [EAX] width=4 | 00632109 MOV dword ptr [EAX],0xffffffa6 operand=DWORD PTR [EAX] width=4 | 0063212E MOV dword ptr [EAX],0xffffffa6 operand=DWORD PTR [EAX] width=4 | 00632153 MOV dword ptr [EAX],0xffffffa6 operand=DWORD PTR [EAX] width=4 | ... +12
00639BF0	FUN_00639bf0	1	param_1	pointer:/undefined4	0	0	0	2	2	0	1	0	mixed_or_wide_pointee	complete mutable byte-buffer machine proof: direct_calls=0, byte_reads=0, byte_writes=0, rep_movs_transports=2, wide_dereferences=2, escapes=0; byte_read_sites=-; byte_write_sites=-; wide_sites=00639C13 MOVSW ES:EDI,ESI string_width=2 | 00639C27 MOVSW ES:EDI,ESI string_width=2
00639C40	FUN_00639c40	1	param_1	pointer:/undefined4	0	0	0	2	2	0	1	0	mixed_or_wide_pointee	complete mutable byte-buffer machine proof: direct_calls=0, byte_reads=0, byte_writes=0, rep_movs_transports=2, wide_dereferences=2, escapes=0; byte_read_sites=-; byte_write_sites=-; wide_sites=00639C59 MOVSW ES:EDI,ESI string_width=2 | 00639C6D MOVSW ES:EDI,ESI string_width=2
0063D100	FUN_0063d100	1	param_1	pointer:/undefined4	0	0	0	1	2	2	1	0	mixed_or_wide_pointee	complete mutable byte-buffer machine proof: direct_calls=0, byte_reads=0, byte_writes=0, rep_movs_transports=1, wide_dereferences=2, escapes=2; byte_read_sites=-; byte_write_sites=-; wide_sites=0063D125 MOVSW ES:EDI,ESI string_width=2 | 0063D154 MOV EAX,dword ptr [EDI] operand=DWORD PTR [EDI] width=4; escape_sites=0063D146 PUSH ESI alias passed on stack | 0063D17D PUSH ESI alias passed on stack
00640320	FUN_00640320	0	param_1	pointer:/void	0	0	0	0	1	0	1	0	mixed_or_wide_pointee	complete mutable byte-buffer machine proof: direct_calls=0, byte_reads=0, byte_writes=0, rep_movs_transports=0, wide_dereferences=1, escapes=0; byte_read_sites=-; byte_write_sites=-; wide_sites=0064032F MOV EDX,dword ptr [ECX + 0x380] operand=DWORD PTR [ECX + 0X380] width=4
00644410	SubmarineTitans::Recovered::HiddenThis::AnonReceiver_00644410::FUN_00644410	1	param_1	pointer:/undefined4	0	0	0	0	6	10	1	0	mixed_or_wide_pointee	complete mutable byte-buffer machine proof: direct_calls=0, byte_reads=0, byte_writes=0, rep_movs_transports=0, wide_dereferences=6, escapes=10; byte_read_sites=-; byte_write_sites=-; wide_sites=00644458 MOV dword ptr [EAX],EDI operand=DWORD PTR [EAX] width=4 | 00644594 MOV dword ptr [EAX],0x0 operand=DWORD PTR [EAX] width=4 | 0064484B MOV dword ptr [EDX],0x1 operand=DWORD PTR [EDX] width=4 | 006448E9 MOV dword ptr [ECX],0x1 operand=DWORD PTR [ECX] width=4 | 00644A72 MOV dword ptr [EAX],0x2 operand=DWORD PTR [EAX] width=4 | 00644CC2 MOV dword ptr [EAX],0x1 operand=DWORD PTR [EAX] width=4; escape_sites=00644AEB IMUL ESI unsupported affine alias transform | 00644AED SAR EDX,0x6 unsupported affine alias transform | 00644AFF IMUL ESI unsupported affine alias transform | 00644B01 SAR EDX,0x6 unsupported affine alias transform | 00644BD5 SAR ESI,0x1 unsupported affine alias transform | 00644BEE IMUL ESI unsupported affine alias transform | 00644BF0 SAR EDX,0x6 unsupported affine alias transform | 00644C02 IMUL ESI unsupported affine alias transform | ... +2
00645F10	SubmarineTitans::Recovered::HiddenThis::AnonReceiver_00644410::sub_00645F10	1	param_1	pointer:/void	0	0	0	0	3	0	1	0	mixed_or_wide_pointee	complete mutable byte-buffer machine proof: direct_calls=0, byte_reads=0, byte_writes=0, rep_movs_transports=0, wide_dereferences=3, escapes=0; byte_read_sites=-; byte_write_sites=-; wide_sites=00645F40 MOV EAX,dword ptr [EBX + 0x24] operand=DWORD PTR [EBX + 0X24] width=4 | 00645F69 MOV CX,word ptr [EBX + 0x32] operand=WORD PTR [EBX + 0X32] width=2 | 00645F94 MOV EDX,dword ptr [EBX + 0x18] operand=DWORD PTR [EBX + 0X18] width=4
00646110	FUN_00646110	2	param_3	pointer:/undefined4	0	0	0	0	2	0	1	0	mixed_or_wide_pointee	complete mutable byte-buffer machine proof: direct_calls=0, byte_reads=0, byte_writes=0, rep_movs_transports=0, wide_dereferences=2, escapes=0; byte_read_sites=-; byte_write_sites=-; wide_sites=00646123 MOV dword ptr [ECX],EAX operand=DWORD PTR [ECX] width=4 | 00646156 MOV dword ptr [EBX],ECX operand=DWORD PTR [EBX] width=4
00646110	FUN_00646110	3	param_4	pointer:/undefined4	0	0	0	0	4	0	1	0	mixed_or_wide_pointee	complete mutable byte-buffer machine proof: direct_calls=0, byte_reads=0, byte_writes=0, rep_movs_transports=0, wide_dereferences=4, escapes=0; byte_read_sites=-; byte_write_sites=-; wide_sites=0064612B MOV dword ptr [ESI],EAX operand=DWORD PTR [ESI] width=4 | 00646161 MOV dword ptr [ESI],EDX operand=DWORD PTR [ESI] width=4 | 0064617B MOV dword ptr [ESI],ECX operand=DWORD PTR [ESI] width=4 | 00646195 MOV dword ptr [ESI],EDX operand=DWORD PTR [ESI] width=4
00646110	FUN_00646110	4	param_5	pointer:/undefined4	0	0	0	0	4	0	1	0	mixed_or_wide_pointee	complete mutable byte-buffer machine proof: direct_calls=0, byte_reads=0, byte_writes=0, rep_movs_transports=0, wide_dereferences=4, escapes=0; byte_read_sites=-; byte_write_sites=-; wide_sites=0064612F MOV dword ptr [EDI],EAX operand=DWORD PTR [EDI] width=4 | 00646163 MOV dword ptr [EDI],0x7 operand=DWORD PTR [EDI] width=4 | 0064617D MOV dword ptr [EDI],0x5 operand=DWORD PTR [EDI] width=4 | 00646197 MOV dword ptr [EDI],0x19 operand=DWORD PTR [EDI] width=4
00646D40	STVolcanoC::sub_00646D40	1	param_1	pointer:/undefined4	0	0	0	0	1	0	1	0	mixed_or_wide_pointee	complete mutable byte-buffer machine proof: direct_calls=0, byte_reads=0, byte_writes=0, rep_movs_transports=0, wide_dereferences=1, escapes=0; byte_read_sites=-; byte_write_sites=-; wide_sites=00646D7D MOV dword ptr [EDX],0x95 operand=DWORD PTR [EDX] width=4
00646DB0	STVolcanoC::sub_00646DB0	1	param_1	pointer:/undefined4	0	1	0	1	0	0	1	0	read_only_byte_view	complete mutable byte-buffer machine proof: direct_calls=0, byte_reads=1, byte_writes=0, rep_movs_transports=1, wide_dereferences=0, escapes=0; byte_read_sites=00646DCC MOVSB ES:EDI,ESI; byte_write_sites=-
00647D90	FUN_00647d90	3	param_3	pointer:/undefined4	0	0	0	0	0	1	1	0	escaped_local_proof	complete mutable byte-buffer machine proof: direct_calls=0, byte_reads=0, byte_writes=0, rep_movs_transports=0, wide_dereferences=0, escapes=1; byte_read_sites=-; byte_write_sites=-; escape_sites=00647D99 PUSH EAX alias passed on stack
00647DC0	AiBossClassTy::InitData	1	param_1	pointer:/undefined4	0	1	0	1	0	1	0	0	incomplete_cfg_at_00647E6E	complete mutable byte-buffer machine proof: direct_calls=0, byte_reads=1, byte_writes=0, rep_movs_transports=1, wide_dereferences=0, escapes=1, failure=incomplete_cfg_at_00647E6E; byte_read_sites=00647E0D MOVSB ES:EDI,ESI; byte_write_sites=-; escape_sites=00647E22 PUSH ECX alias passed on stack
00648620	BossDataPack	1	param_2	pointer:/undefined4	0	0	0	0	0	0	0	0	incomplete_cfg_at_00648708	complete mutable byte-buffer machine proof: direct_calls=0, byte_reads=0, byte_writes=0, rep_movs_transports=0, wide_dereferences=0, escapes=0, failure=incomplete_cfg_at_00648708; byte_read_sites=-; byte_write_sites=-
00649FF0	FUN_00649ff0	1	param_2	pointer:/undefined4	0	0	0	0	2	0	1	0	mixed_or_wide_pointee	complete mutable byte-buffer machine proof: direct_calls=0, byte_reads=0, byte_writes=0, rep_movs_transports=0, wide_dereferences=2, escapes=0; byte_read_sites=-; byte_write_sites=-; wide_sites=0064A25F MOV dword ptr [EAX],ECX operand=DWORD PTR [EAX] width=4 | 0064A327 MOV dword ptr [EAX],ECX operand=DWORD PTR [EAX] width=4
00649FF0	FUN_00649ff0	2	param_3	pointer:/undefined4	0	0	0	0	2	0	1	0	mixed_or_wide_pointee	complete mutable byte-buffer machine proof: direct_calls=0, byte_reads=0, byte_writes=0, rep_movs_transports=0, wide_dereferences=2, escapes=0; byte_read_sites=-; byte_write_sites=-; wide_sites=0064A26C MOV dword ptr [EAX],0x1 operand=DWORD PTR [EAX] width=4 | 0064A330 MOV dword ptr [EAX],0x2 operand=DWORD PTR [EAX] width=4
0064A7C0	FUN_0064a7c0	0	param_1	pointer:/undefined4	0	0	0	0	3	1	1	0	mixed_or_wide_pointee	complete mutable byte-buffer machine proof: direct_calls=0, byte_reads=0, byte_writes=0, rep_movs_transports=0, wide_dereferences=3, escapes=1; byte_read_sites=-; byte_write_sites=-; wide_sites=0064A7CB MOV ECX,dword ptr [ESI + 0x8] operand=DWORD PTR [ESI + 0X8] width=4 | 0064A7DB MOV dword ptr [ESI],0x0 operand=DWORD PTR [ESI] width=4 | 0064A7E1 MOV dword ptr [ESI + 0x4],0x0 operand=DWORD PTR [ESI + 0X4] width=4; escape_sites=0064A7D5 PUSH EAX alias passed on stack
0064A800	FUN_0064a800	0	param_1	pointer:/undefined4	0	0	0	0	1	1	1	0	mixed_or_wide_pointee	complete mutable byte-buffer machine proof: direct_calls=0, byte_reads=0, byte_writes=0, rep_movs_transports=0, wide_dereferences=1, escapes=1; byte_read_sites=-; byte_write_sites=-; wide_sites=0064A807 MOV EAX,dword ptr [ESI] operand=DWORD PTR [ESI] width=4; escape_sites=0064A816 PUSH ESI alias passed on stack
0064A830	FUN_0064a830	1	param_2	pointer:/undefined4	0	1	0	0	1	0	1	0	mixed_or_wide_pointee	complete mutable byte-buffer machine proof: direct_calls=0, byte_reads=1, byte_writes=0, rep_movs_transports=0, wide_dereferences=1, escapes=0; byte_read_sites=0064A88F MOV DL,byte ptr [EDX + 0x4]; byte_write_sites=-; wide_sites=0064A88B MOV ECX,dword ptr [EDX] operand=DWORD PTR [EDX] width=4
0064DAC0	FUN_0064dac0	0	param_1	pointer:/undefined4	0	0	0	0	0	1	1	0	escaped_local_proof	complete mutable byte-buffer machine proof: direct_calls=0, byte_reads=0, byte_writes=0, rep_movs_transports=0, wide_dereferences=0, escapes=1; byte_read_sites=-; byte_write_sites=-; escape_sites=0064DAD8 PUSH EAX alias passed on stack
0064DAC0	FUN_0064dac0	3	param_4	pointer:/undefined4	0	0	0	0	1	0	1	0	mixed_or_wide_pointee	complete mutable byte-buffer machine proof: direct_calls=0, byte_reads=0, byte_writes=0, rep_movs_transports=0, wide_dereferences=1, escapes=0; byte_read_sites=-; byte_write_sites=-; wide_sites=0064DAC9 MOV ECX,dword ptr [EAX] operand=DWORD PTR [EAX] width=4
0064DD30	FUN_0064dd30	0	param_1	pointer:/undefined4	0	0	0	0	0	1	1	0	escaped_local_proof	complete mutable byte-buffer machine proof: direct_calls=0, byte_reads=0, byte_writes=0, rep_movs_transports=0, wide_dereferences=0, escapes=1; byte_read_sites=-; byte_write_sites=-; escape_sites=0064DD48 PUSH EAX alias passed on stack
0064DD30	FUN_0064dd30	3	param_4	pointer:/undefined4	0	0	0	0	1	0	1	0	mixed_or_wide_pointee	complete mutable byte-buffer machine proof: direct_calls=0, byte_reads=0, byte_writes=0, rep_movs_transports=0, wide_dereferences=1, escapes=0; byte_read_sites=-; byte_write_sites=-; wide_sites=0064DD39 MOV ECX,dword ptr [EAX] operand=DWORD PTR [EAX] width=4
0064DF30	FUN_0064df30	0	param_1	pointer:/undefined4	0	0	0	0	0	1	1	0	escaped_local_proof	complete mutable byte-buffer machine proof: direct_calls=0, byte_reads=0, byte_writes=0, rep_movs_transports=0, wide_dereferences=0, escapes=1; byte_read_sites=-; byte_write_sites=-; escape_sites=0064DF48 PUSH EAX alias passed on stack
0064DF30	FUN_0064df30	3	param_4	pointer:/undefined4	0	0	0	0	1	0	1	0	mixed_or_wide_pointee	complete mutable byte-buffer machine proof: direct_calls=0, byte_reads=0, byte_writes=0, rep_movs_transports=0, wide_dereferences=1, escapes=0; byte_read_sites=-; byte_write_sites=-; wide_sites=0064DF39 MOV ECX,dword ptr [EAX] operand=DWORD PTR [EAX] width=4
0064DF70	FUN_0064df70	2	param_3	pointer:/void	0	0	0	0	0	0	1	0	no_byte_read	complete mutable byte-buffer machine proof: direct_calls=0, byte_reads=0, byte_writes=0, rep_movs_transports=0, wide_dereferences=0, escapes=0; byte_read_sites=-; byte_write_sites=-
0064E1F0	FUN_0064e1f0	0	param_1	pointer:/undefined4	0	0	0	0	0	1	1	0	escaped_local_proof	complete mutable byte-buffer machine proof: direct_calls=0, byte_reads=0, byte_writes=0, rep_movs_transports=0, wide_dereferences=0, escapes=1; byte_read_sites=-; byte_write_sites=-; escape_sites=0064E208 PUSH EAX alias passed on stack
0064E1F0	FUN_0064e1f0	3	param_4	pointer:/undefined4	0	0	0	0	1	0	1	0	mixed_or_wide_pointee	complete mutable byte-buffer machine proof: direct_calls=0, byte_reads=0, byte_writes=0, rep_movs_transports=0, wide_dereferences=1, escapes=0; byte_read_sites=-; byte_write_sites=-; wide_sites=0064E1F9 MOV ECX,dword ptr [EAX] operand=DWORD PTR [EAX] width=4
0064E230	FUN_0064e230	2	param_3	pointer:/void	0	0	0	0	0	0	1	0	no_byte_read	complete mutable byte-buffer machine proof: direct_calls=0, byte_reads=0, byte_writes=0, rep_movs_transports=0, wide_dereferences=0, escapes=0; byte_read_sites=-; byte_write_sites=-
0064E290	FUN_0064e290	2	param_3	pointer:/void	0	0	0	0	0	0	1	0	no_byte_read	complete mutable byte-buffer machine proof: direct_calls=0, byte_reads=0, byte_writes=0, rep_movs_transports=0, wide_dereferences=0, escapes=0; byte_read_sites=-; byte_write_sites=-
0065D2A0	AiFltClassTy::InitData	1	param_1	pointer:/undefined4	0	0	0	1	0	0	0	0	incomplete_cfg_at_0065D3FB	complete mutable byte-buffer machine proof: direct_calls=0, byte_reads=0, byte_writes=0, rep_movs_transports=1, wide_dereferences=0, escapes=0, failure=incomplete_cfg_at_0065D3FB; byte_read_sites=-; byte_write_sites=-
00664540	SubmarineTitans::Recovered::HiddenThis::AnonReceiver_00664540::FUN_00664540	1	param_1	pointer:/undefined4	0	0	0	0	0	1	1	0	escaped_local_proof	complete mutable byte-buffer machine proof: direct_calls=0, byte_reads=0, byte_writes=0, rep_movs_transports=0, wide_dereferences=0, escapes=1; byte_read_sites=-; byte_write_sites=-; escape_sites=006645A1 PUSH ECX alias passed on stack
00668AA0	FUN_00668aa0	2	param_3	pointer:/undefined1	0	0	7	0	7	0	1	0	mixed_or_wide_pointee	complete mutable byte-buffer machine proof: direct_calls=0, byte_reads=0, byte_writes=7, rep_movs_transports=0, wide_dereferences=7, escapes=0; byte_read_sites=-; byte_write_sites=00668AF1 MOV byte ptr [EAX],0x1 | 00668B0F MOV byte ptr [EAX],0x1 | 00668C47 MOV byte ptr [EAX],0x1 | 00668C67 MOV byte ptr [EAX],0x3 | 00668C8B MOV byte ptr [EAX],0x1 | 00668CC3 MOV byte ptr [EAX],0x1 | 00668CE5 MOV byte ptr [EAX],0x1; wide_sites=00668AF4 MOV dword ptr [EAX + 0x1],0x5 operand=DWORD PTR [EAX + 0X1] width=4 | 00668B12 MOV dword ptr [EAX + 0x1],0xa operand=DWORD PTR [EAX + 0X1] width=4 | 00668C4A MOV dword ptr [EAX + 0x1],0x0 operand=DWORD PTR [EAX + 0X1] width=4 | 00668C6A MOV word ptr [EAX + 0x1],0x0 operand=WORD PTR [EAX + 0X1] width=2 | 00668C8E MOV dword ptr [EAX + 0x1],0xffffffff operand=DWORD PTR [EAX + 0X1] width=4 | 00668CC6 MOV dword ptr [EAX + 0x1],0x3fffffff operand=DWORD PTR [EAX + 0X1] width=4 | 00668CE8 MOV dword ptr [EAX + 0x1],0x1 operand=DWORD PTR [EAX + 0X1] width=4
006728F0	FUN_006728f0	0	param_1	pointer:/undefined4	0	0	0	1	0	1	1	0	escaped_local_proof	complete mutable byte-buffer machine proof: direct_calls=0, byte_reads=0, byte_writes=0, rep_movs_transports=1, wide_dereferences=0, escapes=1; byte_read_sites=-; byte_write_sites=-; escape_sites=00672907 MOV dword ptr [0x00811910],ESI alias stored outside a local spill
00676CE0	FUN_00676ce0	1	param_2	pointer:/undefined	0	0	0	0	0	0	1	0	no_byte_read	complete mutable byte-buffer machine proof: direct_calls=0, byte_reads=0, byte_writes=0, rep_movs_transports=0, wide_dereferences=0, escapes=0; byte_read_sites=-; byte_write_sites=-
00676D80	_EnumPlObj	11	param_12	pointer:/undefined	0	0	0	0	0	0	0	0	incomplete_cfg_at_006770DE	complete mutable byte-buffer machine proof: direct_calls=0, byte_reads=0, byte_writes=0, rep_movs_transports=0, wide_dereferences=0, escapes=0, failure=incomplete_cfg_at_006770DE; byte_read_sites=-; byte_write_sites=-
00676D80	_EnumPlObj	13	param_14	pointer:/undefined	0	0	0	0	0	0	0	0	incomplete_cfg_at_006770DE	complete mutable byte-buffer machine proof: direct_calls=0, byte_reads=0, byte_writes=0, rep_movs_transports=0, wide_dereferences=0, escapes=0, failure=incomplete_cfg_at_006770DE; byte_read_sites=-; byte_write_sites=-
00677960	_EnumRCField	7	param_8	pointer:/undefined	0	0	0	0	0	0	0	0	incomplete_cfg_at_00677B20	complete mutable byte-buffer machine proof: direct_calls=0, byte_reads=0, byte_writes=0, rep_movs_transports=0, wide_dereferences=0, escapes=0, failure=incomplete_cfg_at_00677B20; byte_read_sites=-; byte_write_sites=-
00677BE0	_EnumRCCont	9	param_10	pointer:/undefined	0	0	0	0	0	0	0	0	incomplete_cfg_at_00677E0E	complete mutable byte-buffer machine proof: direct_calls=0, byte_reads=0, byte_writes=0, rep_movs_transports=0, wide_dereferences=0, escapes=0, failure=incomplete_cfg_at_00677E0E; byte_read_sites=-; byte_write_sites=-
00677F40	_EnumArt	8	param_9	pointer:/undefined	0	0	0	0	0	0	0	0	incomplete_cfg_at_0067814D	complete mutable byte-buffer machine proof: direct_calls=0, byte_reads=0, byte_writes=0, rep_movs_transports=0, wide_dereferences=0, escapes=0, failure=incomplete_cfg_at_0067814D; byte_read_sites=-; byte_write_sites=-
00678240	_EnumMines	10	param_11	pointer:/undefined	0	0	0	0	0	0	0	0	incomplete_cfg_at_0067849B	complete mutable byte-buffer machine proof: direct_calls=0, byte_reads=0, byte_writes=0, rep_movs_transports=0, wide_dereferences=0, escapes=0, failure=incomplete_cfg_at_0067849B; byte_read_sites=-; byte_write_sites=-
006785A0	_EnumDest	8	param_9	pointer:/undefined	0	0	0	0	0	0	0	0	incomplete_cfg_at_006787C2	complete mutable byte-buffer machine proof: direct_calls=0, byte_reads=0, byte_writes=0, rep_movs_transports=0, wide_dereferences=0, escapes=0, failure=incomplete_cfg_at_006787C2; byte_read_sites=-; byte_write_sites=-
00678950	FUN_00678950	3	param_3	pointer:/undefined4	0	0	0	0	0	1	1	0	escaped_local_proof	complete mutable byte-buffer machine proof: direct_calls=0, byte_reads=0, byte_writes=0, rep_movs_transports=0, wide_dereferences=0, escapes=1; byte_read_sites=-; byte_write_sites=-; escape_sites=00678959 PUSH EAX alias passed on stack
00678980	AiPlrClassTy::InitData	1	param_1	pointer:/undefined4	0	1	0	1	1	0	0	0	incomplete_cfg_at_00678B0D	complete mutable byte-buffer machine proof: direct_calls=0, byte_reads=1, byte_writes=0, rep_movs_transports=1, wide_dereferences=1, escapes=0, failure=incomplete_cfg_at_00678B0D; byte_read_sites=006789D4 MOVSB ES:EDI,ESI; byte_write_sites=-; wide_sites=006789D2 MOVSW ES:EDI,ESI string_width=2
0067A240	AiPlrClassTy::sub_0067A240	1	param_1	pointer:/undefined	0	0	0	0	0	1	1	0	escaped_local_proof	complete mutable byte-buffer machine proof: direct_calls=0, byte_reads=0, byte_writes=0, rep_movs_transports=0, wide_dereferences=0, escapes=1; byte_read_sites=-; byte_write_sites=-; escape_sites=0067A28C PUSH ECX alias passed on stack
0067D3B0	PlrDataPack	1	param_2	pointer:/undefined4	0	0	0	0	0	0	0	0	incomplete_cfg_at_0067D763	complete mutable byte-buffer machine proof: direct_calls=0, byte_reads=0, byte_writes=0, rep_movs_transports=0, wide_dereferences=0, escapes=0, failure=incomplete_cfg_at_0067D763; byte_read_sites=-; byte_write_sites=-
006807D0	FUN_006807d0	0	param_1	pointer:/undefined4	0	0	0	0	2	0	1	0	mixed_or_wide_pointee	complete mutable byte-buffer machine proof: direct_calls=0, byte_reads=0, byte_writes=0, rep_movs_transports=0, wide_dereferences=2, escapes=0; byte_read_sites=-; byte_write_sites=-; wide_sites=0068083B MOV EAX,dword ptr [ESI] operand=DWORD PTR [ESI] width=4 | 0068084A MOV dword ptr [ESI],0x0 operand=DWORD PTR [ESI] width=4
00680890	FUN_00680890	3	elementSize	pointer:/undefined4	0	0	0	0	0	1	1	0	escaped_local_proof	complete mutable byte-buffer machine proof: direct_calls=0, byte_reads=0, byte_writes=0, rep_movs_transports=0, wide_dereferences=0, escapes=1; byte_read_sites=-; byte_write_sites=-; escape_sites=006808E6 PUSH EDX alias passed on stack
00682370	FUN_00682370	0	param_1	pointer:/undefined4	0	0	0	0	0	1	1	0	escaped_local_proof	complete mutable byte-buffer machine proof: direct_calls=0, byte_reads=0, byte_writes=0, rep_movs_transports=0, wide_dereferences=0, escapes=1; byte_read_sites=-; byte_write_sites=-; escape_sites=0068237F PUSH ECX alias passed on stack
00683C70	FUN_00683c70	2	param_3	pointer:/undefined4	0	0	0	0	10	0	1	0	mixed_or_wide_pointee	complete mutable byte-buffer machine proof: direct_calls=0, byte_reads=0, byte_writes=0, rep_movs_transports=0, wide_dereferences=10, escapes=0; byte_read_sites=-; byte_write_sites=-; wide_sites=0068A591 MOV dword ptr [EAX],0x6 operand=DWORD PTR [EAX] width=4 | 0068A5B3 MOV dword ptr [EAX],0x3 operand=DWORD PTR [EAX] width=4 | 0068A5D5 MOV dword ptr [EAX],0x2 operand=DWORD PTR [EAX] width=4 | 0068A5F7 MOV dword ptr [EAX],0x4 operand=DWORD PTR [EAX] width=4 | 0068A615 MOV dword ptr [EAX],0x9 operand=DWORD PTR [EAX] width=4 | 0068A630 MOV dword ptr [EAX],0x1 operand=DWORD PTR [EAX] width=4 | 0068A64B MOV dword ptr [EAX],0x5 operand=DWORD PTR [EAX] width=4 | 0068A666 MOV dword ptr [EAX],0x40 operand=DWORD PTR [EAX] width=4 | ... +2
00683C70	FUN_00683c70	4	param_5	pointer:/undefined	0	0	0	0	0	0	1	0	no_byte_read	complete mutable byte-buffer machine proof: direct_calls=0, byte_reads=0, byte_writes=0, rep_movs_transports=0, wide_dereferences=0, escapes=0; byte_read_sites=-; byte_write_sites=-
0068CEC0	FUN_0068cec0	3	param_4	pointer:/undefined	0	0	0	0	0	0	1	0	no_byte_read	complete mutable byte-buffer machine proof: direct_calls=0, byte_reads=0, byte_writes=0, rep_movs_transports=0, wide_dereferences=0, escapes=0; byte_read_sites=-; byte_write_sites=-
0068DC80	AiTactClassTy::InitData	1	param_1	pointer:/undefined4	0	0	0	1	0	1	0	0	incomplete_cfg_at_0068DF2A	complete mutable byte-buffer machine proof: direct_calls=0, byte_reads=0, byte_writes=0, rep_movs_transports=1, wide_dereferences=0, escapes=1, failure=incomplete_cfg_at_0068DF2A; byte_read_sites=-; byte_write_sites=-; escape_sites=0068DCFB PUSH EAX alias passed on stack
006904D0	FUN_006904d0	1	param_1	pointer:/undefined	0	0	0	0	0	0	1	0	no_byte_read	complete mutable byte-buffer machine proof: direct_calls=0, byte_reads=0, byte_writes=0, rep_movs_transports=0, wide_dereferences=0, escapes=0; byte_read_sites=-; byte_write_sites=-
00691190	TactDataPack	0	param_1	pointer:/undefined4	0	0	0	0	2	0	0	0	incomplete_cfg_at_006913BE	complete mutable byte-buffer machine proof: direct_calls=0, byte_reads=0, byte_writes=0, rep_movs_transports=0, wide_dereferences=2, escapes=0, failure=incomplete_cfg_at_006913BE; byte_read_sites=-; byte_write_sites=-; wide_sites=006911E0 MOV EAX,dword ptr [ECX] operand=DWORD PTR [ECX] width=4 | 006911F5 MOV dword ptr [ECX + 0x8],EAX operand=DWORD PTR [ECX + 0X8] width=4
00691690	FUN_00691690	4	param_4	pointer:/undefined	0	0	0	0	0	1	1	0	escaped_local_proof	complete mutable byte-buffer machine proof: direct_calls=0, byte_reads=0, byte_writes=0, rep_movs_transports=0, wide_dereferences=0, escapes=1; byte_read_sites=-; byte_write_sites=-; escape_sites=00691910 CALL ECX alias used as indirect callee
00692920	FUN_00692920	1	param_2	pointer:/undefined4	0	2	0	1	0	0	1	0	read_only_byte_view	complete mutable byte-buffer machine proof: direct_calls=0, byte_reads=2, byte_writes=0, rep_movs_transports=1, wide_dereferences=0, escapes=0; byte_read_sites=006929CB MOVSB.REP ES:EDI,ESI | 00692A21 MOV AL,byte ptr [ESI + ECX*0x1]; byte_write_sites=-
00692920	FUN_00692920	2	param_3	pointer:/undefined4	0	2	0	1	0	3	1	0	escaped_local_proof	complete mutable byte-buffer machine proof: direct_calls=0, byte_reads=2, byte_writes=0, rep_movs_transports=1, wide_dereferences=0, escapes=3; byte_read_sites=006929CB MOVSB.REP ES:EDI,ESI | 00692A21 MOV AL,byte ptr [ESI + ECX*0x1]; byte_write_sites=-; escape_sites=00692962 PUSH EBX alias passed on stack | 006929BD SHR ECX,0x2 unsupported affine alias transform | 006929C7 AND ECX,0x3 unsupported affine alias transform
00692C10	FUN_00692c10	2	param_3	pointer:/undefined4	0	0	0	0	21	0	0	0	incomplete_cfg_at_00692D04	complete mutable byte-buffer machine proof: direct_calls=0, byte_reads=0, byte_writes=0, rep_movs_transports=0, wide_dereferences=21, escapes=0, failure=incomplete_cfg_at_00692D04; byte_read_sites=-; byte_write_sites=-; wide_sites=00692C79 MOV dword ptr [ECX],0x69 operand=DWORD PTR [ECX] width=4 | 00692C91 MOV dword ptr [EAX],0xa6 operand=DWORD PTR [EAX] width=4 | 00692E86 MOV dword ptr [ECX],0x28 operand=DWORD PTR [ECX] width=4 | 00692EBB MOV dword ptr [EDX],0x34 operand=DWORD PTR [EDX] width=4 | 00692ED9 MOV dword ptr [ECX],0x28 operand=DWORD PTR [ECX] width=4 | 00692F04 MOV dword ptr [EDX],0x38 operand=DWORD PTR [EDX] width=4 | 00692F37 MOV dword ptr [EDX],0x28 operand=DWORD PTR [EDX] width=4 | 00692F5B MOV dword ptr [EDX],0x28 operand=DWORD PTR [EDX] width=4 | ... +13
00693AD0	FUN_00693ad0	1	param_1	pointer:/undefined2	0	0	0	0	2	0	1	0	mixed_or_wide_pointee	complete mutable byte-buffer machine proof: direct_calls=0, byte_reads=0, byte_writes=0, rep_movs_transports=0, wide_dereferences=2, escapes=0; byte_read_sites=-; byte_write_sites=-; wide_sites=00693AD6 MOV DX,word ptr [EAX] operand=WORD PTR [EAX] width=2 | 00693ADD MOV AX,word ptr [EAX + 0x4] operand=WORD PTR [EAX + 0X4] width=2
00693C10	FUN_00693c10	1	param_1	pointer:/undefined4	0	5	0	1	0	0	1	0	read_only_byte_view	complete mutable byte-buffer machine proof: direct_calls=0, byte_reads=5, byte_writes=0, rep_movs_transports=1, wide_dereferences=0, escapes=0; byte_read_sites=00693C1C MOV AL,byte ptr [ESI + 0x22] | 00693C33 MOV CL,byte ptr [ESI + 0x22] | 00693C47 MOVSB ES:EDI,ESI | 00693C5A MOV CL,byte ptr [EDX + 0x22] | 00693C6D MOV AL,byte ptr [ECX + 0x22]; byte_write_sites=-
00694070	FUN_00694070	2	param_2	pointer:/undefined4	0	0	0	0	2	0	1	0	mixed_or_wide_pointee	complete mutable byte-buffer machine proof: direct_calls=0, byte_reads=0, byte_writes=0, rep_movs_transports=0, wide_dereferences=2, escapes=0; byte_read_sites=-; byte_write_sites=-; wide_sites=00694083 MOV EDX,dword ptr [ECX] operand=DWORD PTR [ECX] width=4 | 00694088 MOV ECX,dword ptr [ECX + 0x4] operand=DWORD PTR [ECX + 0X4] width=4
00695140	FUN_00695140	0	param_1	pointer:/undefined4	0	0	0	1	2	0	1	0	mixed_or_wide_pointee	complete mutable byte-buffer machine proof: direct_calls=0, byte_reads=0, byte_writes=0, rep_movs_transports=1, wide_dereferences=2, escapes=0; byte_read_sites=-; byte_write_sites=-; wide_sites=0069515C MOV dword ptr [EAX + 0x1c],EBX operand=DWORD PTR [EAX + 0X1C] width=4 | 00695160 MOV dword ptr [EAX + 0x18],EDX operand=DWORD PTR [EAX + 0X18] width=4
00695140	FUN_00695140	1	param_2	pointer:/undefined4	0	0	0	1	2	0	1	0	mixed_or_wide_pointee	complete mutable byte-buffer machine proof: direct_calls=0, byte_reads=0, byte_writes=0, rep_movs_transports=1, wide_dereferences=2, escapes=0; byte_read_sites=-; byte_write_sites=-; wide_sites=00695153 MOV EDX,dword ptr [EDI + 0x18] operand=DWORD PTR [EDI + 0X18] width=4 | 00695156 MOV EBX,dword ptr [EDI + 0x1c] operand=DWORD PTR [EDI + 0X1C] width=4
00698CA0	CGenerate::sub_00698CA0	6	param_6	pointer:/undefined4	0	0	0	0	3	0	1	0	mixed_or_wide_pointee	complete mutable byte-buffer machine proof: direct_calls=0, byte_reads=0, byte_writes=0, rep_movs_transports=0, wide_dereferences=3, escapes=0; byte_read_sites=-; byte_write_sites=-; wide_sites=00698CE7 MOV dword ptr [EAX],0x0 operand=DWORD PTR [EAX] width=4 | 00698D16 MOV dword ptr [EAX],0x1 operand=DWORD PTR [EAX] width=4 | 00698D21 MOV dword ptr [EDX],0x2 operand=DWORD PTR [EDX] width=4
00698DE0	FUN_00698de0	0	param_1	pointer:/undefined1	0	0	0	0	13	2	1	0	mixed_or_wide_pointee	complete mutable byte-buffer machine proof: direct_calls=0, byte_reads=0, byte_writes=0, rep_movs_transports=0, wide_dereferences=13, escapes=2; byte_read_sites=-; byte_write_sites=-; wide_sites=00698E10 MOV EDI,dword ptr [EBX + EAX*0x2 + -0x4] operand=DWORD PTR [EBX + EAX*0X2 + -0X4] width=4 | 00698E39 MOV EDX,dword ptr [ECX] operand=DWORD PTR [ECX] width=4 | 00698E4A MOV dword ptr [ECX + -0xa],EBX operand=DWORD PTR [ECX + -0XA] width=4 | 00698E91 MOV DX,word ptr [EBX + ECX*0x2] operand=WORD PTR [EBX + ECX*0X2] width=2 | 00698E9C MOV AX,word ptr [EDI + 0x2] operand=WORD PTR [EDI + 0X2] width=2 | 00698EA7 MOV CX,word ptr [EDI + 0x4] operand=WORD PTR [EDI + 0X4] width=2 | 00698EC1 MOVSX EDX,word ptr [ESI + -0x4] operand=WORD PTR [ESI + -0X4] width=2 | 00698EC5 MOVSX EAX,word ptr [ESI + -0x6] operand=WORD PTR [ESI + -0X6] width=2 | ... +5; escape_sites=00698DF5 PUSH EBX alias passed on stack | 00698E77 PUSH EBX alias passed on stack
006A1410	FUN_006a1410	5	param_6	pointer:/undefined	0	0	0	0	0	2	1	0	escaped_local_proof	complete mutable byte-buffer machine proof: direct_calls=0, byte_reads=0, byte_writes=0, rep_movs_transports=0, wide_dereferences=0, escapes=2; byte_read_sites=-; byte_write_sites=-; escape_sites=006A1439 CALL EAX alias used as indirect callee | 006A1490 CALL EAX alias used as indirect callee
006A1620	FUN_006a1620	6	param_7	pointer:/undefined	0	0	0	0	0	2	1	0	escaped_local_proof	complete mutable byte-buffer machine proof: direct_calls=0, byte_reads=0, byte_writes=0, rep_movs_transports=0, wide_dereferences=0, escapes=2; byte_read_sites=-; byte_write_sites=-; escape_sites=006A163A CALL EAX alias used as indirect callee | 006A1713 CALL EAX alias used as indirect callee
006A17B0	FUN_006a17b0	6	param_7	pointer:/undefined	0	0	0	0	0	2	1	0	escaped_local_proof	complete mutable byte-buffer machine proof: direct_calls=0, byte_reads=0, byte_writes=0, rep_movs_transports=0, wide_dereferences=0, escapes=2; byte_read_sites=-; byte_write_sites=-; escape_sites=006A17EA PUSH EAX alias passed on stack | 006A1912 PUSH ECX alias passed on stack
006A19D0	FUN_006a19d0	6	param_7	pointer:/undefined	0	0	0	0	0	1	1	0	escaped_local_proof	complete mutable byte-buffer machine proof: direct_calls=0, byte_reads=0, byte_writes=0, rep_movs_transports=0, wide_dereferences=0, escapes=1; byte_read_sites=-; byte_write_sites=-; escape_sites=006A1B27 PUSH EAX alias passed on stack
006A1BB0	FUN_006a1bb0	6	param_7	pointer:/undefined	0	0	0	0	0	1	1	0	escaped_local_proof	complete mutable byte-buffer machine proof: direct_calls=0, byte_reads=0, byte_writes=0, rep_movs_transports=0, wide_dereferences=0, escapes=1; byte_read_sites=-; byte_write_sites=-; escape_sites=006A1C07 PUSH EDX alias passed on stack
006A1C80	FUN_006a1c80	5	param_6	pointer:/undefined	0	0	0	0	0	7	1	0	escaped_local_proof	complete mutable byte-buffer machine proof: direct_calls=0, byte_reads=0, byte_writes=0, rep_movs_transports=0, wide_dereferences=0, escapes=7; byte_read_sites=-; byte_write_sites=-; escape_sites=006A1D65 PUSH EDX alias passed on stack | 006A1D88 PUSH EDX alias passed on stack | 006A1DA7 PUSH EDX alias passed on stack | 006A1DC6 PUSH EDX alias passed on stack | 006A1DD5 PUSH EAX alias passed on stack | 006A1DFF PUSH EDX alias passed on stack | 006A1E25 PUSH EAX alias passed on stack
006A1EB0	FUN_006a1eb0	6	param_7	pointer:/undefined	0	0	0	0	0	2	1	0	escaped_local_proof	complete mutable byte-buffer machine proof: direct_calls=0, byte_reads=0, byte_writes=0, rep_movs_transports=0, wide_dereferences=0, escapes=2; byte_read_sites=-; byte_write_sites=-; escape_sites=006A1F34 PUSH EDX alias passed on stack | 006A2010 PUSH ECX alias passed on stack
006A21F0	FUN_006a21f0	5	param_6	pointer:/undefined	0	0	0	0	0	5	1	0	escaped_local_proof	complete mutable byte-buffer machine proof: direct_calls=0, byte_reads=0, byte_writes=0, rep_movs_transports=0, wide_dereferences=0, escapes=5; byte_read_sites=-; byte_write_sites=-; escape_sites=006A2286 PUSH EAX alias passed on stack | 006A22AC PUSH EDX alias passed on stack | 006A22D1 PUSH EAX alias passed on stack | 006A22FB PUSH EDX alias passed on stack | 006A2317 PUSH ECX alias passed on stack
006A23A0	FUN_006a23a0	5	param_6	pointer:/undefined	0	0	0	0	0	1	1	0	escaped_local_proof	complete mutable byte-buffer machine proof: direct_calls=0, byte_reads=0, byte_writes=0, rep_movs_transports=0, wide_dereferences=0, escapes=1; byte_read_sites=-; byte_write_sites=-; escape_sites=006A245B PUSH EAX alias passed on stack
006A2690	FUN_006a2690	5	param_6	pointer:/undefined4	0	0	0	0	2	0	1	0	mixed_or_wide_pointee	complete mutable byte-buffer machine proof: direct_calls=0, byte_reads=0, byte_writes=0, rep_movs_transports=0, wide_dereferences=2, escapes=0; byte_read_sites=-; byte_write_sites=-; wide_sites=006A26CC MOV EDX,dword ptr [ECX] operand=DWORD PTR [ECX] width=4 | 006A26D0 MOV CX,word ptr [ECX + 0x4] operand=WORD PTR [ECX + 0X4] width=2
006A2690	FUN_006a2690	6	param_7	pointer:/undefined	0	0	0	0	0	1	1	0	escaped_local_proof	complete mutable byte-buffer machine proof: direct_calls=0, byte_reads=0, byte_writes=0, rep_movs_transports=0, wide_dereferences=0, escapes=1; byte_read_sites=-; byte_write_sites=-; escape_sites=006A26AD CALL EAX alias used as indirect callee
006A2700	FUN_006a2700	7	param_8	pointer:/undefined	0	0	0	0	0	1	1	0	escaped_local_proof	complete mutable byte-buffer machine proof: direct_calls=0, byte_reads=0, byte_writes=0, rep_movs_transports=0, wide_dereferences=0, escapes=1; byte_read_sites=-; byte_write_sites=-; escape_sites=006A2714 PUSH EDX alias passed on stack
006A2770	FUN_006a2770	5	param_6	pointer:/undefined	0	0	0	0	0	2	1	0	escaped_local_proof	complete mutable byte-buffer machine proof: direct_calls=0, byte_reads=0, byte_writes=0, rep_movs_transports=0, wide_dereferences=0, escapes=2; byte_read_sites=-; byte_write_sites=-; escape_sites=006A280F PUSH EAX alias passed on stack | 006A2873 PUSH EDX alias passed on stack
006A2920	FUN_006a2920	5	param_6	pointer:/undefined	0	0	0	0	0	2	1	0	escaped_local_proof	complete mutable byte-buffer machine proof: direct_calls=0, byte_reads=0, byte_writes=0, rep_movs_transports=0, wide_dereferences=0, escapes=2; byte_read_sites=-; byte_write_sites=-; escape_sites=006A295A PUSH EAX alias passed on stack | 006A2979 PUSH ECX alias passed on stack
006A34E0	FUN_006a34e0	7	param_8	pointer:/undefined	0	0	0	0	0	5	1	0	escaped_local_proof	complete mutable byte-buffer machine proof: direct_calls=0, byte_reads=0, byte_writes=0, rep_movs_transports=0, wide_dereferences=0, escapes=5; byte_read_sites=-; byte_write_sites=-; escape_sites=006A35A0 PUSH EAX alias passed on stack | 006A35BF PUSH ECX alias passed on stack | 006A360A PUSH EAX alias passed on stack | 006A3629 PUSH ECX alias passed on stack | 006A3641 PUSH EDX alias passed on stack
006A36E0	FUN_006a36e0	4	param_5	pointer:/undefined	0	0	0	0	0	2	1	0	escaped_local_proof	complete mutable byte-buffer machine proof: direct_calls=0, byte_reads=0, byte_writes=0, rep_movs_transports=0, wide_dereferences=0, escapes=2; byte_read_sites=-; byte_write_sites=-; escape_sites=006A373E PUSH EAX alias passed on stack | 006A375A PUSH EAX alias passed on stack
006A37B0	FUN_006a37b0	5	param_6	pointer:/undefined	0	0	0	0	0	2	1	0	escaped_local_proof	complete mutable byte-buffer machine proof: direct_calls=0, byte_reads=0, byte_writes=0, rep_movs_transports=0, wide_dereferences=0, escapes=2; byte_read_sites=-; byte_write_sites=-; escape_sites=006A37E6 PUSH EDX alias passed on stack | 006A37FE PUSH EAX alias passed on stack
006A3840	FUN_006a3840	5	param_6	pointer:/undefined	0	0	0	0	0	1	1	0	escaped_local_proof	complete mutable byte-buffer machine proof: direct_calls=0, byte_reads=0, byte_writes=0, rep_movs_transports=0, wide_dereferences=0, escapes=1; byte_read_sites=-; byte_write_sites=-; escape_sites=006A38D0 PUSH EDX alias passed on stack
006A3930	FUN_006a3930	5	param_6	pointer:/undefined	0	0	0	0	0	1	1	0	escaped_local_proof	complete mutable byte-buffer machine proof: direct_calls=0, byte_reads=0, byte_writes=0, rep_movs_transports=0, wide_dereferences=0, escapes=1; byte_read_sites=-; byte_write_sites=-; escape_sites=006A39AD PUSH EAX alias passed on stack
006A48E0	FUN_006a48e0	0	param_1	pointer:/undefined4	0	0	0	0	0	1	1	0	escaped_local_proof	complete mutable byte-buffer machine proof: direct_calls=0, byte_reads=0, byte_writes=0, rep_movs_transports=0, wide_dereferences=0, escapes=1; byte_read_sites=-; byte_write_sites=-; escape_sites=006A48F0 PUSH ECX alias passed on stack
006A4910	FUN_006a4910	0	param_1	pointer:/undefined4	0	0	0	0	0	1	1	0	escaped_local_proof	complete mutable byte-buffer machine proof: direct_calls=0, byte_reads=0, byte_writes=0, rep_movs_transports=0, wide_dereferences=0, escapes=1; byte_read_sites=-; byte_write_sites=-; escape_sites=006A4928 PUSH ECX alias passed on stack
006A5100	FUN_006a5100	0	param_1	pointer:/undefined	0	0	0	0	0	1	1	0	escaped_local_proof	complete mutable byte-buffer machine proof: direct_calls=0, byte_reads=0, byte_writes=0, rep_movs_transports=0, wide_dereferences=0, escapes=1; byte_read_sites=-; byte_write_sites=-; escape_sites=006A510B MOV dword ptr [0x007f1498],ECX alias stored outside a local spill
006A5560	FUN_006a5560	0	param_1	pointer:/undefined	0	0	0	0	0	1	1	0	escaped_local_proof	complete mutable byte-buffer machine proof: direct_calls=0, byte_reads=0, byte_writes=0, rep_movs_transports=0, wide_dereferences=0, escapes=1; byte_read_sites=-; byte_write_sites=-; escape_sites=006A5591 CALL EBX alias used as indirect callee
006A55D0	FUN_006a55d0	0	param_1	pointer:/void	0	0	0	0	0	2	1	0	escaped_local_proof	complete mutable byte-buffer machine proof: direct_calls=0, byte_reads=0, byte_writes=0, rep_movs_transports=0, wide_dereferences=0, escapes=2; byte_read_sites=-; byte_write_sites=-; escape_sites=006A55E0 PUSH ESI alias passed on stack | 006A55F3 PUSH ESI alias passed on stack
006A56B0	FUN_006a56b0	0	param_1	pointer:/void	0	0	0	0	5	2	1	0	mixed_or_wide_pointee	complete mutable byte-buffer machine proof: direct_calls=0, byte_reads=0, byte_writes=0, rep_movs_transports=0, wide_dereferences=5, escapes=2; byte_read_sites=-; byte_write_sites=-; wide_sites=006A56C5 MOV ECX,dword ptr [ESI + -0xc] operand=DWORD PTR [ESI + -0XC] width=4 | 006A56F6 CMP dword ptr [ESI + -0x10],EDI operand=DWORD PTR [ESI + -0X10] width=4 | 006A56FB MOV EAX,dword ptr [ESI + -0x8] operand=DWORD PTR [ESI + -0X8] width=4 | 006A5718 MOV ECX,dword ptr [ESI + -0x18] operand=DWORD PTR [ESI + -0X18] width=4 | 006A5724 MOV EDX,dword ptr [ESI + -0x14] operand=DWORD PTR [ESI + -0X14] width=4; escape_sites=006A56B8 PUSH ESI alias passed on stack | 006A56E9 PUSH ESI alias passed on stack
006A56B0	FUN_006a56b0	3	param_4	pointer:/undefined4	0	0	0	0	1	0	1	0	mixed_or_wide_pointee	complete mutable byte-buffer machine proof: direct_calls=0, byte_reads=0, byte_writes=0, rep_movs_transports=0, wide_dereferences=1, escapes=0; byte_read_sites=-; byte_write_sites=-; wide_sites=006A571B MOV dword ptr [EAX],ECX operand=DWORD PTR [EAX] width=4
006A56B0	FUN_006a56b0	4	param_5	pointer:/undefined4	0	0	0	0	1	0	1	0	mixed_or_wide_pointee	complete mutable byte-buffer machine proof: direct_calls=0, byte_reads=0, byte_writes=0, rep_movs_transports=0, wide_dereferences=1, escapes=0; byte_read_sites=-; byte_write_sites=-; wide_sites=006A5727 MOV dword ptr [EAX],EDX operand=DWORD PTR [EAX] width=4
006A57A0	FUN_006a57a0	0	param_1	pointer:/undefined4	0	0	0	0	3	4	0	0	incomplete_cfg_at_006A57CA	complete mutable byte-buffer machine proof: direct_calls=0, byte_reads=0, byte_writes=0, rep_movs_transports=0, wide_dereferences=3, escapes=4, failure=incomplete_cfg_at_006A57CA; byte_read_sites=-; byte_write_sites=-; wide_sites=006A57D8 MOV dword ptr [EDI],EAX operand=DWORD PTR [EDI] width=4 | 006A57DD MOV dword ptr [EAX + 0x14],0x0 operand=DWORD PTR [EAX + 0X14] width=4 | 006A57E4 MOV dword ptr [EAX],0x0 operand=DWORD PTR [EAX] width=4; escape_sites=006A57B5 PUSH EDI alias passed on stack | 006A57B6 PUSH EDI alias passed on stack | 006A57B7 PUSH EDI alias passed on stack | 006A57B8 PUSH EDI alias passed on stack
006A58B0	FUN_006a58b0	0	param_1	pointer:/undefined4	0	0	0	0	1	0	0	0	incomplete_cfg_at_006A594F	complete mutable byte-buffer machine proof: direct_calls=0, byte_reads=0, byte_writes=0, rep_movs_transports=0, wide_dereferences=1, escapes=0, failure=incomplete_cfg_at_006A594F; byte_read_sites=-; byte_write_sites=-; wide_sites=006A58D7 MOV dword ptr [ESI + ECX*0x4 + 0x18],EDX operand=DWORD PTR [ESI + ECX*0X4 + 0X18] width=4
006A5990	FUN_006a5990	0	param_1	pointer:/undefined4	0	0	0	0	0	0	0	0	incomplete_cfg_at_006A59B3	complete mutable byte-buffer machine proof: direct_calls=0, byte_reads=0, byte_writes=0, rep_movs_transports=0, wide_dereferences=0, escapes=0, failure=incomplete_cfg_at_006A59B3; byte_read_sites=-; byte_write_sites=-
006A7D50	FUN_006a7d50	10	param_11	pointer:/undefined4	2	1	1	1	20	0	1	0	mixed_or_wide_pointee	complete mutable byte-buffer machine proof: direct_calls=2, byte_reads=1, byte_writes=1, rep_movs_transports=1, wide_dereferences=20, escapes=0; byte_read_sites=006A8258 MOVSB.REP ES:EDI,ESI; byte_write_sites=006A8258 MOVSB.REP ES:EDI,ESI; wide_sites=006A7DA2 MOV word ptr [ESI],DI operand=WORD PTR [ESI] width=2 | 006A7DA5 MOV word ptr [ESI + 0x2],CX operand=WORD PTR [ESI + 0X2] width=2 | 006A7DA9 MOV word ptr [ESI + 0x4],AX operand=WORD PTR [ESI + 0X4] width=2 | 006A7DB4 MOV word ptr [ESI + 0x6],DX operand=WORD PTR [ESI + 0X6] width=2 | 006A7DC8 MOV word ptr [ESI + 0xe],0x7fff operand=WORD PTR [ESI + 0XE] width=2 | 006A7E0A MOV word ptr [EAX],CX operand=WORD PTR [EAX] width=2 | 006A7E11 MOV word ptr [EAX + 0x2],CX operand=WORD PTR [EAX + 0X2] width=2 | 006A7E19 MOV word ptr [EAX + 0x4],CX operand=WORD PTR [EAX + 0X4] width=2 | ... +12
006AB060	FreeAndNull	0	slotStorage	pointer:/void	900	0	0	0	2	0	1	0	mixed_or_wide_pointee	complete mutable byte-buffer machine proof: direct_calls=900, byte_reads=0, byte_writes=0, rep_movs_transports=0, wide_dereferences=2, escapes=0; byte_read_sites=-; byte_write_sites=-; wide_sites=006AB067 MOV EAX,dword ptr [ESI] operand=DWORD PTR [ESI] width=4 | 006AB076 MOV dword ptr [ESI],0x0 operand=DWORD PTR [ESI] width=4
006ACC70	DArrayGetElement	2	outElement	pointer:/void	556	0	0	0	1	0	1	0	mixed_or_wide_pointee	complete mutable byte-buffer machine proof: direct_calls=556, byte_reads=0, byte_writes=0, rep_movs_transports=0, wide_dereferences=1, escapes=0; byte_read_sites=-; byte_write_sites=-; wide_sites=006ACC8F MOV dword ptr [ECX],EDX operand=DWORD PTR [ECX] width=4
006ACCD0	FUN_006accd0	1	param_2	pointer:/undefined4	4	0	0	0	3	1	1	0	mixed_or_wide_pointee	complete mutable byte-buffer machine proof: direct_calls=4, byte_reads=0, byte_writes=0, rep_movs_transports=0, wide_dereferences=3, escapes=1; byte_read_sites=-; byte_write_sites=-; wide_sites=006ACDB2 MOV dword ptr [EAX],ESI operand=DWORD PTR [EAX] width=4 | 006ACDD3 MOV dword ptr [EAX],EBX operand=DWORD PTR [EAX] width=4 | 006ACE51 MOV ESI,dword ptr [EAX] operand=DWORD PTR [EAX] width=4; escape_sites=006ACCEB IMUL EAX,dword ptr [EBP + 0x10] unsupported affine alias transform
006AE3B0	FUN_006ae3b0	10	param_11	pointer:/undefined4	2	1	1	1	12	0	1	0	mixed_or_wide_pointee	complete mutable byte-buffer machine proof: direct_calls=2, byte_reads=1, byte_writes=1, rep_movs_transports=1, wide_dereferences=12, escapes=0; byte_read_sites=006AE7B9 MOVSB.REP ES:EDI,ESI; byte_write_sites=006AE7B9 MOVSB.REP ES:EDI,ESI; wide_sites=006AE3D7 MOV word ptr [ECX + EAX*0x8],SI operand=WORD PTR [ECX + EAX*0X8] width=2 | 006AE3DB MOV word ptr [ECX + EAX*0x8 + 0x2],DI operand=WORD PTR [ECX + EAX*0X8 + 0X2] width=2 | 006AE3E3 MOV word ptr [EDX],BX operand=WORD PTR [EDX] width=2 | 006AE3E9 MOV word ptr [ECX + EAX*0x8 + 0x6],DX operand=WORD PTR [ECX + EAX*0X8 + 0X6] width=2 | 006AE43E MOV word ptr [EBX + EDX*0x8],AX operand=WORD PTR [EBX + EDX*0X8] width=2 | 006AE442 MOV word ptr [EBX + EDX*0x8 + 0x2],SI operand=WORD PTR [EBX + EDX*0X8 + 0X2] width=2 | 006AE447 MOV word ptr [EBX + EDX*0x8 + 0x4],CX operand=WORD PTR [EBX + EDX*0X8 + 0X4] width=2 | 006AE757 MOV word ptr [EAX + -0x4],SI operand=WORD PTR [EAX + -0X4] width=2 | ... +4
006B00C0	FUN_006b00c0	2	param_3	pointer:/undefined	2	0	0	0	0	2	1	0	escaped_local_proof	complete mutable byte-buffer machine proof: direct_calls=2, byte_reads=0, byte_writes=0, rep_movs_transports=0, wide_dereferences=0, escapes=2; byte_read_sites=-; byte_write_sites=-; escape_sites=006B0110 MOV dword ptr [EBX + 0x18],EDX alias stored outside a local spill | 006B012D CALL EDX alias used as indirect callee
006B0D60	FUN_006b0d60	0	param_1	pointer:/undefined4	32	0	0	0	6	0	1	0	mixed_or_wide_pointee	complete mutable byte-buffer machine proof: direct_calls=32, byte_reads=0, byte_writes=0, rep_movs_transports=0, wide_dereferences=6, escapes=0; byte_read_sites=-; byte_write_sites=-; wide_sites=006B0D6E MOV dword ptr [EDI],ESI operand=DWORD PTR [EDI] width=4 | 006B0D70 MOV dword ptr [EDI + 0x4],ESI operand=DWORD PTR [EDI + 0X4] width=4 | 006B0D73 MOV dword ptr [EDI + 0x8],ESI operand=DWORD PTR [EDI + 0X8] width=4 | 006B0D76 MOV dword ptr [EDI + 0xc],ESI operand=DWORD PTR [EDI + 0XC] width=4 | 006B0DA4 MOV ECX,dword ptr [EAX] operand=DWORD PTR [EAX] width=4 | 006B0DAF MOV dword ptr [EAX],ECX operand=DWORD PTR [EAX] width=4
006B0DC0	FUN_006b0dc0	0	param_1	pointer:/undefined4	0	0	0	0	6	0	1	0	mixed_or_wide_pointee	complete mutable byte-buffer machine proof: direct_calls=0, byte_reads=0, byte_writes=0, rep_movs_transports=0, wide_dereferences=6, escapes=0; byte_read_sites=-; byte_write_sites=-; wide_sites=006B0DD4 MOV dword ptr [EDI],EAX operand=DWORD PTR [EDI] width=4 | 006B0DD6 MOV dword ptr [EDI + 0x4],EAX operand=DWORD PTR [EDI + 0X4] width=4 | 006B0DD9 MOV dword ptr [EDI + 0x8],EAX operand=DWORD PTR [EDI + 0X8] width=4 | 006B0DDC MOV dword ptr [EDI + 0xc],EAX operand=DWORD PTR [EDI + 0XC] width=4 | 006B0E0C MOV ECX,dword ptr [EAX] operand=DWORD PTR [EAX] width=4 | 006B0E17 MOV dword ptr [EAX],ECX operand=DWORD PTR [EAX] width=4
006B1A50	FUN_006b1a50	2	param_3	pointer:/undefined4	10	0	0	0	1	0	1	0	mixed_or_wide_pointee	complete mutable byte-buffer machine proof: direct_calls=10, byte_reads=0, byte_writes=0, rep_movs_transports=0, wide_dereferences=1, escapes=0; byte_read_sites=-; byte_write_sites=-; wide_sites=006B1A9F MOV dword ptr [EAX],ECX operand=DWORD PTR [EAX] width=4
006B1A50	FUN_006b1a50	3	param_4	pointer:/undefined4	10	0	0	0	4	0	1	0	mixed_or_wide_pointee	complete mutable byte-buffer machine proof: direct_calls=10, byte_reads=0, byte_writes=0, rep_movs_transports=0, wide_dereferences=4, escapes=0; byte_read_sites=-; byte_write_sites=-; wide_sites=006B1A6D MOV dword ptr [ECX],EDI operand=DWORD PTR [ECX] width=4 | 006B1A72 MOV dword ptr [ECX + 0x4],EDI operand=DWORD PTR [ECX + 0X4] width=4 | 006B1A7B MOV dword ptr [ECX + 0x8],EDI operand=DWORD PTR [ECX + 0X8] width=4 | 006B1A8F MOV dword ptr [ECX + 0xc],EDI operand=DWORD PTR [ECX + 0XC] width=4
006B1CC0	FUN_006b1cc0	4	param_5	pointer:/undefined4	6	0	0	0	2	0	1	0	mixed_or_wide_pointee	complete mutable byte-buffer machine proof: direct_calls=6, byte_reads=0, byte_writes=0, rep_movs_transports=0, wide_dereferences=2, escapes=0; byte_read_sites=-; byte_write_sites=-; wide_sites=006B1D12 MOV dword ptr [EAX],EDX operand=DWORD PTR [EAX] width=4 | 006B1D14 MOV dword ptr [EAX + 0x4],ESI operand=DWORD PTR [EAX + 0X4] width=4
006B50C0	FUN_006b50c0	4	param_5	pointer:/undefined4	63	0	0	1	0	0	1	0	no_byte_read	complete mutable byte-buffer machine proof: direct_calls=63, byte_reads=0, byte_writes=0, rep_movs_transports=1, wide_dereferences=0, escapes=0; byte_read_sites=-; byte_write_sites=-
006B6110	FUN_006b6110	0	param_1	pointer:/undefined4	3	0	0	0	3	1	1	0	mixed_or_wide_pointee	complete mutable byte-buffer machine proof: direct_calls=3, byte_reads=0, byte_writes=0, rep_movs_transports=0, wide_dereferences=3, escapes=1; byte_read_sites=-; byte_write_sites=-; wide_sites=006B611B MOV EAX,dword ptr [EBX + 0x4] operand=DWORD PTR [EBX + 0X4] width=4 | 006B6129 MOV EAX,dword ptr [EDI] operand=DWORD PTR [EDI] width=4 | 006B6131 MOV EAX,dword ptr [EBX + 0x4] operand=DWORD PTR [EBX + 0X4] width=4; escape_sites=006B613D PUSH EBX alias passed on stack
006B61A0	FUN_006b61a0	0	param_1	pointer:/undefined4	1	0	1	0	4	0	1	0	mixed_or_wide_pointee	complete mutable byte-buffer machine proof: direct_calls=1, byte_reads=0, byte_writes=1, rep_movs_transports=0, wide_dereferences=4, escapes=0; byte_read_sites=-; byte_write_sites=006B61FA MOV byte ptr [EDX + EDI*0x1],CL; wide_sites=006B6210 MOV dword ptr [EDI],EAX operand=DWORD PTR [EDI] width=4 | 006B6212 MOV dword ptr [EDI + 0x4],EAX operand=DWORD PTR [EDI + 0X4] width=4 | 006B6215 MOV dword ptr [EDI + 0x8],EAX operand=DWORD PTR [EDI + 0X8] width=4 | 006B6218 MOV dword ptr [EDI + 0xc],EAX operand=DWORD PTR [EDI + 0XC] width=4
006B6230	FUN_006b6230	4	param_5	pointer:/undefined4	0	0	0	0	2	0	1	0	mixed_or_wide_pointee	complete mutable byte-buffer machine proof: direct_calls=0, byte_reads=0, byte_writes=0, rep_movs_transports=0, wide_dereferences=2, escapes=0; byte_read_sites=-; byte_write_sites=-; wide_sites=006B6239 MOV ESI,dword ptr [EBX] operand=DWORD PTR [EBX] width=4 | 006B6265 MOV dword ptr [EBX],ESI operand=DWORD PTR [EBX] width=4
006B66A0	FUN_006b66a0	0	param_1	pointer:/undefined4	2	0	0	0	9	0	1	0	mixed_or_wide_pointee	complete mutable byte-buffer machine proof: direct_calls=2, byte_reads=0, byte_writes=0, rep_movs_transports=0, wide_dereferences=9, escapes=0; byte_read_sites=-; byte_write_sites=-; wide_sites=006B66AD MOV EAX,dword ptr [ESI] operand=DWORD PTR [ESI] width=4 | 006B66F3 MOV EAX,dword ptr [ESI] operand=DWORD PTR [ESI] width=4 | 006B670C MOV dword ptr [ESI + 0x3c],EAX operand=DWORD PTR [ESI + 0X3C] width=4 | 006B6714 MOV dword ptr [EDX],EAX operand=DWORD PTR [EDX] width=4 | 006B6719 MOV dword ptr [EDX + 0x4],EAX operand=DWORD PTR [EDX + 0X4] width=4 | 006B671F MOV dword ptr [EDX + 0x8],EAX operand=DWORD PTR [EDX + 0X8] width=4 | 006B6725 MOV dword ptr [EDX + 0xc],ECX operand=DWORD PTR [EDX + 0XC] width=4 | 006B6728 MOV EDX,dword ptr [ESI + 0x30] operand=DWORD PTR [ESI + 0X30] width=4 | ... +1
006B68C0	FUN_006b68c0	0	param_1	pointer:/undefined4	1	0	0	0	1	0	1	0	mixed_or_wide_pointee	complete mutable byte-buffer machine proof: direct_calls=1, byte_reads=0, byte_writes=0, rep_movs_transports=0, wide_dereferences=1, escapes=0; byte_read_sites=-; byte_write_sites=-; wide_sites=006B68CC MOV EAX,dword ptr [EAX] operand=DWORD PTR [EAX] width=4
006B81D0	FUN_006b81d0	0	param_1	pointer:/undefined4	1	0	0	0	2	1	1	0	mixed_or_wide_pointee	complete mutable byte-buffer machine proof: direct_calls=1, byte_reads=0, byte_writes=0, rep_movs_transports=0, wide_dereferences=2, escapes=1; byte_read_sites=-; byte_write_sites=-; wide_sites=006B81D7 MOV EAX,dword ptr [ESI + 0x30] operand=DWORD PTR [ESI + 0X30] width=4 | 006B81E5 MOV dword ptr [ESI + 0x30],0x0 operand=DWORD PTR [ESI + 0X30] width=4; escape_sites=006B81EC PUSH ESI alias passed on stack
006B9910	FUN_006b9910	0	param_1	pointer:/undefined4	21	0	0	0	2	0	1	0	mixed_or_wide_pointee	complete mutable byte-buffer machine proof: direct_calls=21, byte_reads=0, byte_writes=0, rep_movs_transports=0, wide_dereferences=2, escapes=0; byte_read_sites=-; byte_write_sites=-; wide_sites=006B991F MOV ECX,dword ptr [EAX] operand=DWORD PTR [EAX] width=4 | 006B9925 MOV dword ptr [EAX],EDX operand=DWORD PTR [EAX] width=4
006B9B20	FUN_006b9b20	0	param_1	pointer:/undefined4	2	0	0	0	0	1	1	0	escaped_local_proof	complete mutable byte-buffer machine proof: direct_calls=2, byte_reads=0, byte_writes=0, rep_movs_transports=0, wide_dereferences=0, escapes=1; byte_read_sites=-; byte_write_sites=-; escape_sites=006B9B30 PUSH EDX alias passed on stack
006BA600	FUN_006ba600	0	param_1	pointer:/undefined4	3	1	0	0	23	6	1	0	mixed_or_wide_pointee	complete mutable byte-buffer machine proof: direct_calls=3, byte_reads=1, byte_writes=0, rep_movs_transports=0, wide_dereferences=23, escapes=6; byte_read_sites=006BA6B2 TEST byte ptr [ESI + 0x8],0x1; byte_write_sites=-; wide_sites=006BA612 TEST dword ptr [ESI + 0x8],0x4000000 operand=DWORD PTR [ESI + 0X8] width=4 | 006BA628 MOV EAX,dword ptr [ESI] operand=DWORD PTR [ESI] width=4 | 006BA638 MOV EAX,dword ptr [ESI + 0x4b4] operand=DWORD PTR [ESI + 0X4B4] width=4 | 006BA645 MOV EAX,dword ptr [ESI + 0x494] operand=DWORD PTR [ESI + 0X494] width=4 | 006BA652 MOV EAX,dword ptr [ESI + 0x40] operand=DWORD PTR [ESI + 0X40] width=4 | 006BA65F MOV dword ptr [ESI + 0x40],EDI operand=DWORD PTR [ESI + 0X40] width=4 | 006BA662 MOV EAX,dword ptr [ESI + 0x44] operand=DWORD PTR [ESI + 0X44] width=4 | 006BA66F MOV dword ptr [ESI + 0x44],EDI operand=DWORD PTR [ESI + 0X44] width=4 | ... +15; escape_sites=006BA621 PUSH EAX alias passed on stack | 006BA6EB PUSH EDX alias passed on stack | 006BA6F7 PUSH EAX alias passed on stack | 006BA71B PUSH ECX alias passed on stack | 006BA728 PUSH EDX alias passed on stack | 006BA72F PUSH ESI alias passed on stack
006BB6C0	FUN_006bb6c0	1	param_2	pointer:/undefined4	6	0	0	0	4	1	1	0	mixed_or_wide_pointee	complete mutable byte-buffer machine proof: direct_calls=6, byte_reads=0, byte_writes=0, rep_movs_transports=0, wide_dereferences=4, escapes=1; byte_read_sites=-; byte_write_sites=-; wide_sites=006BB6E0 MOV dword ptr [ESI],0x0 operand=DWORD PTR [ESI] width=4 | 006BB73A MOV EAX,dword ptr [ESI] operand=DWORD PTR [ESI] width=4 | 006BB75F MOV EAX,dword ptr [ESI] operand=DWORD PTR [ESI] width=4 | 006BB767 MOV dword ptr [ESI],0x0 operand=DWORD PTR [ESI] width=4; escape_sites=006BB725 PUSH ESI alias passed on stack
006BB780	FUN_006bb780	1	param_2	pointer:/undefined4	0	0	0	0	4	1	1	0	mixed_or_wide_pointee	complete mutable byte-buffer machine proof: direct_calls=0, byte_reads=0, byte_writes=0, rep_movs_transports=0, wide_dereferences=4, escapes=1; byte_read_sites=-; byte_write_sites=-; wide_sites=006BB793 MOV dword ptr [EDI],0x0 operand=DWORD PTR [EDI] width=4 | 006BB87E MOV EAX,dword ptr [EDI] operand=DWORD PTR [EDI] width=4 | 006BB898 MOV EAX,dword ptr [EDI] operand=DWORD PTR [EDI] width=4 | 006BB8A0 MOV dword ptr [EDI],0x0 operand=DWORD PTR [EDI] width=4; escape_sites=006BB86C PUSH EDI alias passed on stack
006BB780	FUN_006bb780	6	param_7	pointer:/undefined4	0	0	0	0	6	0	1	0	mixed_or_wide_pointee	complete mutable byte-buffer machine proof: direct_calls=0, byte_reads=0, byte_writes=0, rep_movs_transports=0, wide_dereferences=6, escapes=0; byte_read_sites=-; byte_write_sites=-; wide_sites=006BB7D6 MOV EAX,dword ptr [ECX] operand=DWORD PTR [ECX] width=4 | 006BB7D8 MOV EDX,dword ptr [ECX + 0x4] operand=DWORD PTR [ECX + 0X4] width=4 | 006BB7DE MOV EAX,dword ptr [ECX + 0x8] operand=DWORD PTR [ECX + 0X8] width=4 | 006BB838 MOV EDX,dword ptr [EAX] operand=DWORD PTR [EAX] width=4 | 006BB83A MOV ECX,dword ptr [EAX + 0x4] operand=DWORD PTR [EAX + 0X4] width=4 | 006BB840 MOV EDX,dword ptr [EAX + 0x8] operand=DWORD PTR [EAX + 0X8] width=4
006BBED0	FUN_006bbed0	1	param_2	pointer:/undefined4	3	0	0	0	2	0	1	0	mixed_or_wide_pointee	complete mutable byte-buffer machine proof: direct_calls=3, byte_reads=0, byte_writes=0, rep_movs_transports=0, wide_dereferences=2, escapes=0; byte_read_sites=-; byte_write_sites=-; wide_sites=006BBF2B MOV dword ptr [EDX],ECX operand=DWORD PTR [EDX] width=4 | 006BBF3E MOV dword ptr [EDX],0x0 operand=DWORD PTR [EDX] width=4
006BBED0	FUN_006bbed0	2	param_3	pointer:/undefined4	3	0	0	0	2	0	1	0	mixed_or_wide_pointee	complete mutable byte-buffer machine proof: direct_calls=3, byte_reads=0, byte_writes=0, rep_movs_transports=0, wide_dereferences=2, escapes=0; byte_read_sites=-; byte_write_sites=-; wide_sites=006BBF33 MOV dword ptr [EDX],ECX operand=DWORD PTR [EDX] width=4 | 006BBF44 MOV dword ptr [ECX],0x0 operand=DWORD PTR [ECX] width=4
006BC360	FUN_006bc360	1	param_2	pointer:/undefined4	17	0	3	0	1	0	1	0	mixed_or_wide_pointee	complete mutable byte-buffer machine proof: direct_calls=17, byte_reads=0, byte_writes=3, rep_movs_transports=0, wide_dereferences=1, escapes=0; byte_read_sites=-; byte_write_sites=006BC3AD MOV byte ptr [ECX + -0x2],BL | 006BC3B3 MOV byte ptr [ECX + -0x1],BL | 006BC3B9 MOV byte ptr [ECX],BL; wide_sites=006BC39A STOSD.REP ES:EDI string_width=4
006BC3E0	FUN_006bc3e0	1	param_2	pointer:/undefined2	1	0	0	0	2	2	1	0	mixed_or_wide_pointee	complete mutable byte-buffer machine proof: direct_calls=1, byte_reads=0, byte_writes=0, rep_movs_transports=0, wide_dereferences=2, escapes=2; byte_read_sites=-; byte_write_sites=-; wide_sites=006BC411 MOV word ptr [ESI],0x300 operand=WORD PTR [ESI] width=2 | 006BC41A MOV word ptr [ESI + 0x2],AX operand=WORD PTR [ESI + 0X2] width=2; escape_sites=006BC40A PUSH ECX alias passed on stack | 006BC428 MOV dword ptr [EAX],ECX alias stored outside a local spill
006BC3E0	FUN_006bc3e0	2	param_3	pointer:/undefined4	1	0	0	0	1	0	1	0	mixed_or_wide_pointee	complete mutable byte-buffer machine proof: direct_calls=1, byte_reads=0, byte_writes=0, rep_movs_transports=0, wide_dereferences=1, escapes=0; byte_read_sites=-; byte_write_sites=-; wide_sites=006BC428 MOV dword ptr [EAX],ECX operand=DWORD PTR [EAX] width=4
006BFB90	FUN_006bfb90	0	param_1	/winnt.h/HANDLE	7	0	0	0	0	2	1	0	escaped_local_proof	complete mutable byte-buffer machine proof: direct_calls=7, byte_reads=0, byte_writes=0, rep_movs_transports=0, wide_dereferences=0, escapes=2; byte_read_sites=-; byte_write_sites=-; escape_sites=006BFBA0 PUSH ESI alias passed on stack | 006BFBCF PUSH ESI alias passed on stack
006BFB90	FUN_006bfb90	2	lpBuffer	/WinDef.h/LPVOID	7	0	0	0	0	1	1	0	escaped_local_proof	complete mutable byte-buffer machine proof: direct_calls=7, byte_reads=0, byte_writes=0, rep_movs_transports=0, wide_dereferences=0, escapes=1; byte_read_sites=-; byte_write_sites=-; escape_sites=006BFBCE PUSH EDX alias passed on stack
006BFE70	FUN_006bfe70	0	param_1	pointer:/undefined4	3	0	0	0	10	3	1	0	mixed_or_wide_pointee	complete mutable byte-buffer machine proof: direct_calls=3, byte_reads=0, byte_writes=0, rep_movs_transports=0, wide_dereferences=10, escapes=3; byte_read_sites=-; byte_write_sites=-; wide_sites=006C0118 MOV word ptr [EBX],AX operand=WORD PTR [EBX] width=2 | 006C0125 MOV word ptr [EBX],CX operand=WORD PTR [EBX] width=2 | 006C0169 MOV word ptr [EBX + -0x2],AX operand=WORD PTR [EBX + -0X2] width=2 | 006C028E MOV word ptr [EBX],AX operand=WORD PTR [EBX] width=2 | 006C0317 MOV word ptr [EBX],AX operand=WORD PTR [EBX] width=2 | 006C0452 MOV word ptr [EAX],DX operand=WORD PTR [EAX] width=2 | 006C0497 MOV word ptr [EAX],CX operand=WORD PTR [EAX] width=2 | 006C057D MOV word ptr [ECX],AX operand=WORD PTR [ECX] width=2 | ... +2; escape_sites=006BFEB0 PUSH EAX alias passed on stack | 006BFEEC PUSH EAX alias passed on stack | 006C0031 PUSH ECX alias passed on stack
006C2A00	FUN_006c2a00	0	lpBuffer	/WinDef.h/LPVOID	1	0	0	0	0	1	1	0	escaped_local_proof	complete mutable byte-buffer machine proof: direct_calls=1, byte_reads=0, byte_writes=0, rep_movs_transports=0, wide_dereferences=0, escapes=1; byte_read_sites=-; byte_write_sites=-; escape_sites=006C2A1A PUSH EAX alias passed on stack
006C4480	FUN_006c4480	1	param_2	pointer:/undefined4	0	0	0	0	4	0	1	0	mixed_or_wide_pointee	complete mutable byte-buffer machine proof: direct_calls=0, byte_reads=0, byte_writes=0, rep_movs_transports=0, wide_dereferences=4, escapes=0; byte_read_sites=-; byte_write_sites=-; wide_sites=006C44A3 MOV dword ptr [EAX],ECX operand=DWORD PTR [EAX] width=4 | 006C44A8 MOV dword ptr [EAX + 0x8],EDX operand=DWORD PTR [EAX + 0X8] width=4 | 006C44AE MOV dword ptr [EAX + 0xc],ECX operand=DWORD PTR [EAX + 0XC] width=4 | 006C44B7 MOV dword ptr [EAX + 0x4],EDX operand=DWORD PTR [EAX + 0X4] width=4
006C4A00	FUN_006c4a00	0	param_1	pointer:/undefined4	3	0	0	0	3	0	1	0	mixed_or_wide_pointee	complete mutable byte-buffer machine proof: direct_calls=3, byte_reads=0, byte_writes=0, rep_movs_transports=0, wide_dereferences=3, escapes=0; byte_read_sites=-; byte_write_sites=-; wide_sites=006C4A10 MOV dword ptr [EAX],ECX operand=DWORD PTR [EAX] width=4 | 006C4A15 MOV dword ptr [EAX + 0x4],EDX operand=DWORD PTR [EAX + 0X4] width=4 | 006C4A18 MOV dword ptr [EAX + 0x30],ECX operand=DWORD PTR [EAX + 0X30] width=4
006C4A70	FUN_006c4a70	0	param_1	pointer:/undefined4	3	0	0	0	1	1	1	0	mixed_or_wide_pointee	complete mutable byte-buffer machine proof: direct_calls=3, byte_reads=0, byte_writes=0, rep_movs_transports=0, wide_dereferences=1, escapes=1; byte_read_sites=-; byte_write_sites=-; wide_sites=006C4A7B MOV EAX,dword ptr [ESI + 0x1c] operand=DWORD PTR [ESI + 0X1C] width=4; escape_sites=006C4A86 PUSH ESI alias passed on stack
006C6F10	FUN_006c6f10	1	param_2	pointer:/undefined	1	0	0	0	0	1	1	0	escaped_local_proof	complete mutable byte-buffer machine proof: direct_calls=1, byte_reads=0, byte_writes=0, rep_movs_transports=0, wide_dereferences=0, escapes=1; byte_read_sites=-; byte_write_sites=-; escape_sites=006C6F7A CALL EBX alias used as indirect callee
006C6F10	FUN_006c6f10	2	param_3	pointer:/undefined	1	0	0	0	0	1	1	0	escaped_local_proof	complete mutable byte-buffer machine proof: direct_calls=1, byte_reads=0, byte_writes=0, rep_movs_transports=0, wide_dereferences=0, escapes=1; byte_read_sites=-; byte_write_sites=-; escape_sites=006C6F2E CALL EDI alias used as indirect callee
006C7570	FUN_006c7570	4	param_5	pointer:/undefined4	17	0	0	0	0	2	1	0	escaped_local_proof	complete mutable byte-buffer machine proof: direct_calls=17, byte_reads=0, byte_writes=0, rep_movs_transports=0, wide_dereferences=0, escapes=2; byte_read_sites=-; byte_write_sites=-; escape_sites=006C75BF PUSH EBX alias passed on stack | 006C75F9 PUSH EBX alias passed on stack
006C7BB0	FUN_006c7bb0	1	param_2	pointer:/undefined1	1	0	12	0	0	0	1	0	no_byte_read	complete mutable byte-buffer machine proof: direct_calls=1, byte_reads=0, byte_writes=12, rep_movs_transports=0, wide_dereferences=0, escapes=0; byte_read_sites=-; byte_write_sites=006C7BE7 MOV byte ptr [ESI + 0x3],0x0 | 006C7BEB MOV byte ptr [ESI + 0x2],0x0 | 006C7BEF MOV byte ptr [ESI + 0x1],0x0 | 006C7BF3 MOV byte ptr [ESI],0x0 | 006C7BF6 MOV byte ptr [ESI + 0x6],AL | 006C7BF9 MOV byte ptr [ESI + 0x5],AL | 006C7BFC MOV byte ptr [ESI + 0x4],AL | 006C7BFF MOV byte ptr [ESI + 0x7],0x0 | ... +4
006C7D00	FUN_006c7d00	0	param_1	pointer:/undefined4	1	0	0	0	2	0	1	0	mixed_or_wide_pointee	complete mutable byte-buffer machine proof: direct_calls=1, byte_reads=0, byte_writes=0, rep_movs_transports=0, wide_dereferences=2, escapes=0; byte_read_sites=-; byte_write_sites=-; wide_sites=006C7D0C MOV dword ptr [EAX],ECX operand=DWORD PTR [EAX] width=4 | 006C7D0E MOV dword ptr [EAX + 0x4],EDX operand=DWORD PTR [EAX + 0X4] width=4
006C7E30	FUN_006c7e30	1	param_2	pointer:/undefined4	0	0	1	1	0	0	1	0	no_byte_read	complete mutable byte-buffer machine proof: direct_calls=0, byte_reads=0, byte_writes=1, rep_movs_transports=1, wide_dereferences=0, escapes=0; byte_read_sites=-; byte_write_sites=006C7E6D MOVSB.REP ES:EDI,ESI
006C7EA0	FUN_006c7ea0	2	param_3	pointer:/undefined4	3	0	0	0	0	1	1	0	escaped_local_proof	complete mutable byte-buffer machine proof: direct_calls=3, byte_reads=0, byte_writes=0, rep_movs_transports=0, wide_dereferences=0, escapes=1; byte_read_sites=-; byte_write_sites=-; escape_sites=006C7ECE PUSH EDX alias passed on stack
006C8990	FUN_006c8990	2	param_3	pointer:/undefined4	1	0	0	0	1	0	1	0	mixed_or_wide_pointee	complete mutable byte-buffer machine proof: direct_calls=1, byte_reads=0, byte_writes=0, rep_movs_transports=0, wide_dereferences=1, escapes=0; byte_read_sites=-; byte_write_sites=-; wide_sites=006C8BCE MOV dword ptr [EAX],EDX operand=DWORD PTR [EAX] width=4
006CEF60	FUN_006cef60	1	param_2	pointer:/SubmarineTitans/Recovered/PointerShapes/AnonShape_006D86E0_D6D32C07	3	0	0	0	0	0	0	0	incomplete_cfg_at_006CF0C8	complete mutable byte-buffer machine proof: direct_calls=3, byte_reads=0, byte_writes=0, rep_movs_transports=0, wide_dereferences=0, escapes=0, failure=incomplete_cfg_at_006CF0C8; byte_read_sites=-; byte_write_sites=-
006CEF60	FUN_006cef60	12	param_13	pointer:/undefined1	3	0	0	0	0	0	0	0	incomplete_cfg_at_006CF0C8	complete mutable byte-buffer machine proof: direct_calls=3, byte_reads=0, byte_writes=0, rep_movs_transports=0, wide_dereferences=0, escapes=0, failure=incomplete_cfg_at_006CF0C8; byte_read_sites=-; byte_write_sites=-
006D0390	FUN_006d0390	4	param_5	pointer:/void	1	0	0	0	0	1	1	0	escaped_local_proof	complete mutable byte-buffer machine proof: direct_calls=1, byte_reads=0, byte_writes=0, rep_movs_transports=0, wide_dereferences=0, escapes=1; byte_read_sites=-; byte_write_sites=-; escape_sites=006D03B1 PUSH ECX alias passed on stack
006D03E0	FUN_006d03e0	4	param_5	pointer:/void	1	0	0	0	0	1	1	0	escaped_local_proof	complete mutable byte-buffer machine proof: direct_calls=1, byte_reads=0, byte_writes=0, rep_movs_transports=0, wide_dereferences=0, escapes=1; byte_read_sites=-; byte_write_sites=-; escape_sites=006D03FC PUSH EAX alias passed on stack
006D0460	FUN_006d0460	4	param_5	pointer:/void	1	0	0	0	0	3	1	0	escaped_local_proof	complete mutable byte-buffer machine proof: direct_calls=1, byte_reads=0, byte_writes=0, rep_movs_transports=0, wide_dereferences=0, escapes=3; byte_read_sites=-; byte_write_sites=-; escape_sites=006D04E2 PUSH ECX alias passed on stack | 006D04FC PUSH EDX alias passed on stack | 006D0532 PUSH EDI alias passed on stack
006D0570	FUN_006d0570	4	param_5	pointer:/void	0	0	0	0	0	1	1	0	escaped_local_proof	complete mutable byte-buffer machine proof: direct_calls=0, byte_reads=0, byte_writes=0, rep_movs_transports=0, wide_dereferences=0, escapes=1; byte_read_sites=-; byte_write_sites=-; escape_sites=006D058D PUSH EDX alias passed on stack
006D05B0	FUN_006d05b0	0	param_1	pointer:/undefined4	8	0	0	0	4	0	1	0	mixed_or_wide_pointee	complete mutable byte-buffer machine proof: direct_calls=8, byte_reads=0, byte_writes=0, rep_movs_transports=0, wide_dereferences=4, escapes=0; byte_read_sites=-; byte_write_sites=-; wide_sites=006D05E7 MOV word ptr [EDI],AX operand=WORD PTR [EDI] width=2 | 006D0612 MOV dword ptr [EDI],EAX operand=DWORD PTR [EDI] width=4 | 006D0637 MOV dword ptr [EDI],EAX operand=DWORD PTR [EDI] width=4 | 006D064F MOV word ptr [EDI],AX operand=WORD PTR [EDI] width=2
006D11F0	FUN_006d11f0	0	param_1	pointer:/undefined4	1	0	0	0	1	0	1	0	mixed_or_wide_pointee	complete mutable byte-buffer machine proof: direct_calls=1, byte_reads=0, byte_writes=0, rep_movs_transports=0, wide_dereferences=1, escapes=0; byte_read_sites=-; byte_write_sites=-; wide_sites=006D1234 MOV dword ptr [EDI],EAX operand=DWORD PTR [EDI] width=4
006D1350	FUN_006d1350	0	param_1	pointer:/undefined2	1	0	1	0	1	0	1	0	mixed_or_wide_pointee	complete mutable byte-buffer machine proof: direct_calls=1, byte_reads=0, byte_writes=1, rep_movs_transports=0, wide_dereferences=1, escapes=0; byte_read_sites=-; byte_write_sites=006D13A1 MOV byte ptr [EDI + 0x2],AL; wide_sites=006D139B MOV word ptr [EDI],AX operand=WORD PTR [EDI] width=2
006D1610	FUN_006d1610	0	param_1	pointer:/undefined8	7	0	0	0	0	3	1	0	escaped_local_proof	complete mutable byte-buffer machine proof: direct_calls=7, byte_reads=0, byte_writes=0, rep_movs_transports=0, wide_dereferences=0, escapes=3; byte_read_sites=-; byte_write_sites=-; escape_sites=006D162E PUSH EDI alias passed on stack | 006D165D PUSH EDI alias passed on stack | 006D167C PUSH EDI alias passed on stack
006D1610	FUN_006d1610	1	param_2	pointer:/undefined8	7	0	0	0	0	3	1	0	escaped_local_proof	complete mutable byte-buffer machine proof: direct_calls=7, byte_reads=0, byte_writes=0, rep_movs_transports=0, wide_dereferences=0, escapes=3; byte_read_sites=-; byte_write_sites=-; escape_sites=006D162C PUSH ESI alias passed on stack | 006D165B PUSH ESI alias passed on stack | 006D167B PUSH ESI alias passed on stack
006D1A10	FUN_006d1a10	0	param_1	pointer:/undefined4	2	0	0	0	0	1	1	0	escaped_local_proof	complete mutable byte-buffer machine proof: direct_calls=2, byte_reads=0, byte_writes=0, rep_movs_transports=0, wide_dereferences=0, escapes=1; byte_read_sites=-; byte_write_sites=-; escape_sites=006D1A3E PUSH EAX alias passed on stack
006D1A50	FUN_006d1a50	0	param_1	pointer:/undefined4	2	0	0	0	0	1	1	0	escaped_local_proof	complete mutable byte-buffer machine proof: direct_calls=2, byte_reads=0, byte_writes=0, rep_movs_transports=0, wide_dereferences=0, escapes=1; byte_read_sites=-; byte_write_sites=-; escape_sites=006D1A7E PUSH EAX alias passed on stack
006D1A90	FUN_006d1a90	0	param_1	pointer:/undefined4	2	0	0	0	0	1	1	0	escaped_local_proof	complete mutable byte-buffer machine proof: direct_calls=2, byte_reads=0, byte_writes=0, rep_movs_transports=0, wide_dereferences=0, escapes=1; byte_read_sites=-; byte_write_sites=-; escape_sites=006D1ABE PUSH EAX alias passed on stack
006D2510	FUN_006d2510	0	param_1	pointer:/undefined4	1	0	0	0	2	0	1	0	mixed_or_wide_pointee	complete mutable byte-buffer machine proof: direct_calls=1, byte_reads=0, byte_writes=0, rep_movs_transports=0, wide_dereferences=2, escapes=0; byte_read_sites=-; byte_write_sites=-; wide_sites=006D2516 MOV dword ptr [EAX + 0x4],0x0 operand=DWORD PTR [EAX + 0X4] width=4 | 006D251D MOV dword ptr [EAX],0x0 operand=DWORD PTR [EAX] width=4
006D2530	FUN_006d2530	1	param_2	pointer:/undefined4	1	0	0	0	2	3	1	0	mixed_or_wide_pointee	complete mutable byte-buffer machine proof: direct_calls=1, byte_reads=0, byte_writes=0, rep_movs_transports=0, wide_dereferences=2, escapes=3; byte_read_sites=-; byte_write_sites=-; wide_sites=006D2549 MOV dword ptr [ECX],0x0 operand=DWORD PTR [ECX] width=4 | 006D2552 MOV dword ptr [ECX + 0x4],EDX operand=DWORD PTR [ECX + 0X4] width=4; escape_sites=006D2540 MOV dword ptr [EDX],ECX alias stored outside a local spill | 006D2547 MOV dword ptr [EAX],ECX alias stored outside a local spill | 006D2555 MOV dword ptr [EAX + 0x4],ECX alias stored outside a local spill
006D25A0	FUN_006d25a0	0	param_1	pointer:/undefined4	1	0	0	0	3	0	1	0	mixed_or_wide_pointee	complete mutable byte-buffer machine proof: direct_calls=1, byte_reads=0, byte_writes=0, rep_movs_transports=0, wide_dereferences=3, escapes=0; byte_read_sites=-; byte_write_sites=-; wide_sites=006D25A8 MOV ESI,dword ptr [EDI] operand=DWORD PTR [EDI] width=4 | 006D25C0 MOV dword ptr [EDI],0x0 operand=DWORD PTR [EDI] width=4 | 006D25C6 MOV dword ptr [EDI + 0x4],0x0 operand=DWORD PTR [EDI + 0X4] width=4
006D39F0	FUN_006d39f0	0	param_1	pointer:/undefined4	6	0	0	0	1	0	1	0	mixed_or_wide_pointee	complete mutable byte-buffer machine proof: direct_calls=6, byte_reads=0, byte_writes=0, rep_movs_transports=0, wide_dereferences=1, escapes=0; byte_read_sites=-; byte_write_sites=-; wide_sites=006D3A30 MOV dword ptr [EDI],EAX operand=DWORD PTR [EDI] width=4
006D3A50	FUN_006d3a50	0	param_1	pointer:/undefined2	7	0	1	0	1	0	1	0	mixed_or_wide_pointee	complete mutable byte-buffer machine proof: direct_calls=7, byte_reads=0, byte_writes=1, rep_movs_transports=0, wide_dereferences=1, escapes=0; byte_read_sites=-; byte_write_sites=006D3A8E MOV byte ptr [EDI + 0x2],DL; wide_sites=006D3A88 MOV word ptr [EDI],BX operand=WORD PTR [EDI] width=2
006D46A0	FUN_006d46a0	0	param_1	pointer:/undefined4	13	0	0	0	9	1	1	0	mixed_or_wide_pointee	complete mutable byte-buffer machine proof: direct_calls=13, byte_reads=0, byte_writes=0, rep_movs_transports=0, wide_dereferences=9, escapes=1; byte_read_sites=-; byte_write_sites=-; wide_sites=006D46B8 MOV EAX,dword ptr [ESI + 0x8] operand=DWORD PTR [ESI + 0X8] width=4 | 006D46C2 MOV EAX,dword ptr [ESI + 0x34] operand=DWORD PTR [ESI + 0X34] width=4 | 006D46D0 TEST dword ptr [ESI + 0x8],0x800000 operand=DWORD PTR [ESI + 0X8] width=4 | 006D46E1 MOV EDI,dword ptr [ESI + 0x18] operand=DWORD PTR [ESI + 0X18] width=4 | 006D46E4 MOV EAX,dword ptr [ESI + 0xc] operand=DWORD PTR [ESI + 0XC] width=4 | 006D46F8 MOV ECX,dword ptr [ESI + 0xc] operand=DWORD PTR [ESI + 0XC] width=4 | 006D4702 MOV EAX,dword ptr [ESI + 0xc] operand=DWORD PTR [ESI + 0XC] width=4 | 006D4711 MOV EDX,dword ptr [ESI + 0x4] operand=DWORD PTR [ESI + 0X4] width=4 | ... +1; escape_sites=006D4723 PUSH ESI alias passed on stack
006D4930	FUN_006d4930	2	param_3	pointer:/undefined4	3	0	1	1	0	1	1	0	escaped_local_proof	complete mutable byte-buffer machine proof: direct_calls=3, byte_reads=0, byte_writes=1, rep_movs_transports=1, wide_dereferences=0, escapes=1; byte_read_sites=-; byte_write_sites=006D49DC MOVSB.REP ES:EDI,ESI; escape_sites=006D496C PUSH EBX alias passed on stack
006D4EF0	FUN_006d4ef0	0	param_1	pointer:/undefined4	1	0	0	0	1	0	1	0	mixed_or_wide_pointee	complete mutable byte-buffer machine proof: direct_calls=1, byte_reads=0, byte_writes=0, rep_movs_transports=0, wide_dereferences=1, escapes=0; byte_read_sites=-; byte_write_sites=-; wide_sites=006D4F26 MOV dword ptr [ECX],EAX operand=DWORD PTR [ECX] width=4
006D4F70	FUN_006d4f70	0	param_1	pointer:/undefined4	1	0	0	0	1	0	1	0	mixed_or_wide_pointee	complete mutable byte-buffer machine proof: direct_calls=1, byte_reads=0, byte_writes=0, rep_movs_transports=0, wide_dereferences=1, escapes=0; byte_read_sites=-; byte_write_sites=-; wide_sites=006D4FA6 MOV dword ptr [ECX],EAX operand=DWORD PTR [ECX] width=4
006D4FF0	FUN_006d4ff0	3	param_3	pointer:/undefined4	1	0	0	0	0	3	1	0	escaped_local_proof	complete mutable byte-buffer machine proof: direct_calls=1, byte_reads=0, byte_writes=0, rep_movs_transports=0, wide_dereferences=0, escapes=3; byte_read_sites=-; byte_write_sites=-; escape_sites=006D5001 PUSH EDI alias passed on stack | 006D5018 PUSH EDI alias passed on stack | 006D5038 PUSH EDI alias passed on stack
006D5260	FUN_006d5260	1	param_1	pointer:/undefined4	0	0	0	0	2	1	1	0	mixed_or_wide_pointee	complete mutable byte-buffer machine proof: direct_calls=0, byte_reads=0, byte_writes=0, rep_movs_transports=0, wide_dereferences=2, escapes=1; byte_read_sites=-; byte_write_sites=-; wide_sites=006D5287 MOV ECX,dword ptr [EAX + 0x40] operand=DWORD PTR [EAX + 0X40] width=4 | 006D528A MOV EBX,dword ptr [EAX + 0x44] operand=DWORD PTR [EAX + 0X44] width=4; escape_sites=006D5309 PUSH EAX alias passed on stack
006D5820	FUN_006d5820	1	param_2	pointer:/undefined4	0	0	0	0	1	1	1	0	mixed_or_wide_pointee	complete mutable byte-buffer machine proof: direct_calls=0, byte_reads=0, byte_writes=0, rep_movs_transports=0, wide_dereferences=1, escapes=1; byte_read_sites=-; byte_write_sites=-; wide_sites=006D58AE MOV dword ptr [EAX],EDX operand=DWORD PTR [EAX] width=4; escape_sites=006D5842 PUSH EAX alias passed on stack
006D58C0	FUN_006d58c0	2	param_2	pointer:/undefined4	0	0	0	1	33	0	1	0	mixed_or_wide_pointee	complete mutable byte-buffer machine proof: direct_calls=0, byte_reads=0, byte_writes=0, rep_movs_transports=1, wide_dereferences=33, escapes=0; byte_read_sites=-; byte_write_sites=-; wide_sites=006D59B8 MOV dword ptr [EDX],ECX operand=DWORD PTR [EDX] width=4 | 006D59C0 MOV dword ptr [EDX + 0x4],ECX operand=DWORD PTR [EDX + 0X4] width=4 | 006D59C9 MOV dword ptr [EDX + 0x8],ECX operand=DWORD PTR [EDX + 0X8] width=4 | 006D59D2 MOV dword ptr [EDX + 0xc],ECX operand=DWORD PTR [EDX + 0XC] width=4 | 006D59DE MOV dword ptr [EAX + 0x2c],ECX operand=DWORD PTR [EAX + 0X2C] width=4 | 006D59E7 MOV dword ptr [EDX + 0x4],ECX operand=DWORD PTR [EDX + 0X4] width=4 | 006D59F0 MOV dword ptr [EDX + 0x8],ECX operand=DWORD PTR [EDX + 0X8] width=4 | 006D59F9 MOV dword ptr [EDX + 0xc],ECX operand=DWORD PTR [EDX + 0XC] width=4 | ... +25
006D5CD0	FUN_006d5cd0	3	param_3	pointer:/undefined4	1	0	0	0	0	1	1	0	escaped_local_proof	complete mutable byte-buffer machine proof: direct_calls=1, byte_reads=0, byte_writes=0, rep_movs_transports=0, wide_dereferences=0, escapes=1; byte_read_sites=-; byte_write_sites=-; escape_sites=006D5CE1 PUSH EAX alias passed on stack
006D5E50	FUN_006d5e50	1	param_2	pointer:/undefined4	0	0	0	0	4	0	1	0	mixed_or_wide_pointee	complete mutable byte-buffer machine proof: direct_calls=0, byte_reads=0, byte_writes=0, rep_movs_transports=0, wide_dereferences=4, escapes=0; byte_read_sites=-; byte_write_sites=-; wide_sites=006D5E5E MOV ECX,dword ptr [EAX] operand=DWORD PTR [EAX] width=4 | 006D5E64 MOV EDX,dword ptr [EAX + 0x4] operand=DWORD PTR [EAX + 0X4] width=4 | 006D5E6A MOV ECX,dword ptr [EAX + 0x8] operand=DWORD PTR [EAX + 0X8] width=4 | 006D5E70 MOV EDX,dword ptr [EAX + 0xc] operand=DWORD PTR [EAX + 0XC] width=4
006D5E50	FUN_006d5e50	2	param_3	pointer:/undefined4	0	0	0	0	0	1	1	0	escaped_local_proof	complete mutable byte-buffer machine proof: direct_calls=0, byte_reads=0, byte_writes=0, rep_movs_transports=0, wide_dereferences=0, escapes=1; byte_read_sites=-; byte_write_sites=-; escape_sites=006D5EAB PUSH EAX alias passed on stack
006D6250	FUN_006d6250	1	param_2	pointer:/undefined4	0	0	0	0	0	1	1	0	escaped_local_proof	complete mutable byte-buffer machine proof: direct_calls=0, byte_reads=0, byte_writes=0, rep_movs_transports=0, wide_dereferences=0, escapes=1; byte_read_sites=-; byte_write_sites=-; escape_sites=006D6259 PUSH EAX alias passed on stack
006D6270	FUN_006d6270	1	param_2	pointer:/undefined4	0	0	0	0	0	1	1	0	escaped_local_proof	complete mutable byte-buffer machine proof: direct_calls=0, byte_reads=0, byte_writes=0, rep_movs_transports=0, wide_dereferences=0, escapes=1; byte_read_sites=-; byte_write_sites=-; escape_sites=006D6279 PUSH EAX alias passed on stack
006D7310	FUN_006d7310	1	param_2	pointer:/undefined4	0	0	0	0	0	1	1	0	escaped_local_proof	complete mutable byte-buffer machine proof: direct_calls=0, byte_reads=0, byte_writes=0, rep_movs_transports=0, wide_dereferences=0, escapes=1; byte_read_sites=-; byte_write_sites=-; escape_sites=006D7316 PUSH EAX alias passed on stack
006D7830	FUN_006d7830	0	param_1	pointer:/undefined1	2	0	16	0	2	0	1	0	mixed_or_wide_pointee	complete mutable byte-buffer machine proof: direct_calls=2, byte_reads=0, byte_writes=16, rep_movs_transports=0, wide_dereferences=2, escapes=0; byte_read_sites=-; byte_write_sites=006D787E STOSB.REP ES:EDI | 006D78B7 STOSB.REP ES:EDI | 006D78E8 MOV byte ptr [EBX],DL | 006D78EA MOV byte ptr [ESI],DL | 006D7971 MOV byte ptr [EBX],DL | 006D7976 MOV byte ptr [ECX + EBX*0x1],DL | 006D797E MOV byte ptr [EBX],DL | 006D7983 MOV byte ptr [ECX + EBX*0x1],DL | ... +8; wide_sites=006D7877 STOSD.REP ES:EDI string_width=4 | 006D78AD STOSD.REP ES:EDI string_width=4
006D7830	FUN_006d7830	2	param_3	pointer:/undefined4	2	0	10	0	0	4	1	0	escaped_local_proof	complete mutable byte-buffer machine proof: direct_calls=2, byte_reads=0, byte_writes=10, rep_movs_transports=0, wide_dereferences=0, escapes=4; byte_read_sites=-; byte_write_sites=006D78E8 MOV byte ptr [EBX],DL | 006D78EA MOV byte ptr [ESI],DL | 006D7971 MOV byte ptr [EBX],DL | 006D7976 MOV byte ptr [ECX + EBX*0x1],DL | 006D7983 MOV byte ptr [ECX + EBX*0x1],DL | 006D7990 MOV byte ptr [EBX + EAX*0x1],DL | 006D799C MOV byte ptr [EBX + EAX*0x1],DL | 006D7A0D MOV byte ptr [EAX],DL | ... +2; escape_sites=006D7874 SHR ECX,0x2 unsupported affine alias transform | 006D787B AND ECX,0x3 unsupported affine alias transform | 006D78AA SHR ECX,0x2 unsupported affine alias transform | 006D78B4 AND ECX,0x3 unsupported affine alias transform
006D86E0	FUN_006d86e0	0	param_1	pointer:/SubmarineTitans/Recovered/PointerShapes/AnonShape_006D86E0_D6D32C07	2	0	16	0	8	0	1	0	mixed_or_wide_pointee	complete mutable byte-buffer machine proof: direct_calls=2, byte_reads=0, byte_writes=16, rep_movs_transports=0, wide_dereferences=8, escapes=0; byte_read_sites=-; byte_write_sites=006D87ED MOV byte ptr [EDI],AL | 006D882C MOV byte ptr [EDI + 0x2],AL | 006D882F MOV byte ptr [EDI + 0x1],AL | 006D8832 MOV byte ptr [EDI],AL | 006D886A MOV byte ptr [EDI],AL | 006D88AB MOV byte ptr [EDI + 0x2],AL | 006D88B1 MOV byte ptr [EDI + 0x1],AL | 006D88B8 MOV byte ptr [EDI],AL | ... +8; wide_sites=006D87F9 MOV word ptr [EDI],AX operand=WORD PTR [EDI] width=2 | 006D880F MOV dword ptr [EDI],EAX operand=DWORD PTR [EDI] width=4 | 006D887C MOV word ptr [EDI],AX operand=WORD PTR [EDI] width=2 | 006D888F MOV dword ptr [EDI],EAX operand=DWORD PTR [EDI] width=4 | 006D890F MOV word ptr [EDI],AX operand=WORD PTR [EDI] width=2 | 006D8925 MOV dword ptr [EDI],EAX operand=DWORD PTR [EDI] width=4 | 006D897F MOV word ptr [EDI],AX operand=WORD PTR [EDI] width=2 | 006D8995 MOV dword ptr [EDI],EAX operand=DWORD PTR [EDI] width=4
006D8A60	FUN_006d8a60	7	param_8	pointer:/undefined	2	56	0	0	0	0	1	0	read_only_byte_view	complete mutable byte-buffer machine proof: direct_calls=2, byte_reads=56, byte_writes=0, rep_movs_transports=0, wide_dereferences=0, escapes=0; byte_read_sites=006D8C7C MOV AL,byte ptr [EBX + EAX*0x1] | 006D8C92 MOV DL,byte ptr [EBX + EAX*0x1] | 006D8C9D MOV DH,byte ptr [EBX + EAX*0x1] | 006D8CB4 MOV DL,byte ptr [EBX + EAX*0x1] | 006D8CBC MOV DH,byte ptr [EBX + EAX*0x1] | 006D8CC7 MOV DL,byte ptr [EBX + EAX*0x1] | 006D8CCF MOV DH,byte ptr [EBX + EAX*0x1] | 006D8CEF MOV AL,byte ptr [EBX + EAX*0x1] | ... +48; byte_write_sites=-
006D8A60	FUN_006d8a60	10	param_11	pointer:/undefined	2	17	0	0	0	0	1	0	read_only_byte_view	complete mutable byte-buffer machine proof: direct_calls=2, byte_reads=17, byte_writes=0, rep_movs_transports=0, wide_dereferences=0, escapes=0; byte_read_sites=006D9059 MOV CL,byte ptr [EDI + ECX*0x1] | 006D9091 MOV CL,byte ptr [ECX + EDI*0x1] | 006D918E MOV CL,byte ptr [EDI + ECX*0x1] | 006D91BB MOV AL,byte ptr [EAX + ECX*0x1] | 006D920B MOV AL,byte ptr [EAX + ECX*0x1] | 006D92C8 MOV BL,byte ptr [ECX + EDI*0x1] | 006D92E8 MOV BL,byte ptr [EBX + ECX*0x1] | 006D9361 MOV AL,byte ptr [ECX + EBX*0x1] | ... +9; byte_write_sites=-
006DA080	FUN_006da080	10	param_11	pointer:/undefined1	2	0	0	0	0	1	1	0	escaped_local_proof	complete mutable byte-buffer machine proof: direct_calls=2, byte_reads=0, byte_writes=0, rep_movs_transports=0, wide_dereferences=0, escapes=1; byte_read_sites=-; byte_write_sites=-; escape_sites=006DA10C PUSH EDX alias passed on stack
006DA1A0	FUN_006da1a0	9	param_10	pointer:/undefined1	1	8	2	0	0	2	1	0	escaped_local_proof	complete mutable byte-buffer machine proof: direct_calls=1, byte_reads=8, byte_writes=2, rep_movs_transports=0, wide_dereferences=0, escapes=2; byte_read_sites=006DA2DC MOV DL,byte ptr [ESI] | 006DA305 MOV DL,byte ptr [ESI] | 006DA310 MOV DL,byte ptr [ESI] | 006DA320 MOV DL,byte ptr [ESI] | 006DA381 MOV CL,byte ptr [EDI] | 006DA3C2 MOV DL,byte ptr [EAX] | 006DA41F MOV AL,byte ptr [ESI] | 006DA476 MOV DL,byte ptr [EAX]; byte_write_sites=006DA386 MOV byte ptr [EDI + EBX*0x1],CL | 006DA424 MOV byte ptr [ESI + EBX*0x1],AL; escape_sites=006DA20E SAR EDI,0x1 unsupported affine alias transform | 006DA210 SAR ESI,0x1 unsupported affine alias transform
006DAC70	FUN_006dac70	0	param_1	pointer:/undefined1	3	0	1	0	0	0	1	0	no_byte_read	complete mutable byte-buffer machine proof: direct_calls=3, byte_reads=0, byte_writes=1, rep_movs_transports=0, wide_dereferences=0, escapes=0; byte_read_sites=-; byte_write_sites=006DACBE MOV byte ptr [ESI],AL
006DAED0	FUN_006daed0	0	param_1	pointer:/undefined4	2	0	0	0	3	0	1	0	mixed_or_wide_pointee	complete mutable byte-buffer machine proof: direct_calls=2, byte_reads=0, byte_writes=0, rep_movs_transports=0, wide_dereferences=3, escapes=0; byte_read_sites=-; byte_write_sites=-; wide_sites=006DAF5F MOV word ptr [EDI],AX operand=WORD PTR [EDI] width=2 | 006DAF80 MOV dword ptr [EDI],EAX operand=DWORD PTR [EDI] width=4 | 006DAF98 MOV word ptr [EDI],AX operand=WORD PTR [EDI] width=2
006DB0D0	FUN_006db0d0	0	param_1	pointer:/undefined4	1	0	0	0	3	0	1	0	mixed_or_wide_pointee	complete mutable byte-buffer machine proof: direct_calls=1, byte_reads=0, byte_writes=0, rep_movs_transports=0, wide_dereferences=3, escapes=0; byte_read_sites=-; byte_write_sites=-; wide_sites=006DB165 MOV word ptr [EDI],AX operand=WORD PTR [EDI] width=2 | 006DB192 MOV dword ptr [EDI],EAX operand=DWORD PTR [EDI] width=4 | 006DB1B0 MOV word ptr [EDI],AX operand=WORD PTR [EDI] width=2
006DB310	FUN_006db310	0	param_1	pointer:/undefined4	2	0	2	0	1	1	1	0	mixed_or_wide_pointee	complete mutable byte-buffer machine proof: direct_calls=2, byte_reads=0, byte_writes=2, rep_movs_transports=0, wide_dereferences=1, escapes=1; byte_read_sites=-; byte_write_sites=006DB3D7 MOV byte ptr [EDI],AL | 006DB419 MOV byte ptr [EDI],AL; wide_sites=006DB402 MOV dword ptr [EDI],EAX operand=DWORD PTR [EDI] width=4; escape_sites=006DB3C9 AND EDX,0x3 unsupported affine alias transform
006DB450	FUN_006db450	0	param_1	pointer:/undefined4	2	0	4	0	12	0	1	0	mixed_or_wide_pointee	complete mutable byte-buffer machine proof: direct_calls=2, byte_reads=0, byte_writes=4, rep_movs_transports=0, wide_dereferences=12, escapes=0; byte_read_sites=-; byte_write_sites=006DB487 MOV byte ptr [EDI],DL | 006DB4AE MOV byte ptr [EDI],DL | 006DB4E4 MOV byte ptr [EDI],DL | 006DB50B MOV byte ptr [EDI],DL; wide_sites=006DB47B MOV word ptr [EDI],AX operand=WORD PTR [EDI] width=2 | 006DB4A4 MOV dword ptr [EDI],EAX operand=DWORD PTR [EDI] width=4 | 006DB4BA MOV word ptr [EDI],AX operand=WORD PTR [EDI] width=2 | 006DB4D8 MOV word ptr [EDI],AX operand=WORD PTR [EDI] width=2 | 006DB501 MOV dword ptr [EDI],EAX operand=DWORD PTR [EDI] width=4 | 006DB517 MOV word ptr [EDI],AX operand=WORD PTR [EDI] width=2 | 006DB54A MOV word ptr [EDI],AX operand=WORD PTR [EDI] width=2 | 006DB565 MOV dword ptr [EDI],EAX operand=DWORD PTR [EDI] width=4 | ... +4
006DB450	FUN_006db450	2	param_3	pointer:/undefined2	2	20	0	0	0	0	1	0	read_only_byte_view	complete mutable byte-buffer machine proof: direct_calls=2, byte_reads=20, byte_writes=0, rep_movs_transports=0, wide_dereferences=0, escapes=0; byte_read_sites=006DB476 MOV AL,byte ptr [ESI] | 006DB484 MOV DL,byte ptr [ESI] | 006DB48F MOV AH,byte ptr [ESI + 0x1] | 006DB492 MOV AL,byte ptr [ESI] | 006DB49E MOV DL,byte ptr [ESI + 0x1] | 006DB4B5 MOV AL,byte ptr [ESI] | 006DB4D3 MOV AL,byte ptr [ESI] | 006DB4E1 MOV DL,byte ptr [ESI] | ... +12; byte_write_sites=-
006E3450	FUN_006e3450	3	param_4	pointer:/undefined4	4	0	0	0	1	0	1	0	mixed_or_wide_pointee	complete mutable byte-buffer machine proof: direct_calls=4, byte_reads=0, byte_writes=0, rep_movs_transports=0, wide_dereferences=1, escapes=0; byte_read_sites=-; byte_write_sites=-; wide_sites=006E34A3 MOV dword ptr [EAX],ECX operand=DWORD PTR [EAX] width=4
006E3A90	FUN_006e3a90	2	param_2	pointer:/undefined4	1	0	0	0	0	1	1	0	escaped_local_proof	complete mutable byte-buffer machine proof: direct_calls=1, byte_reads=0, byte_writes=0, rep_movs_transports=0, wide_dereferences=0, escapes=1; byte_read_sites=-; byte_write_sites=-; escape_sites=006E3A99 PUSH EAX alias passed on stack
006E5360	StartSystemTy::sub_006E5360	3	param_3	pointer:/undefined4	3	0	0	0	0	1	1	0	escaped_local_proof	complete mutable byte-buffer machine proof: direct_calls=3, byte_reads=0, byte_writes=0, rep_movs_transports=0, wide_dereferences=0, escapes=1; byte_read_sites=-; byte_write_sites=-; escape_sites=006E536C PUSH EAX alias passed on stack
006E5380	FUN_006e5380	2	param_2	pointer:/undefined4	1	0	0	0	0	1	1	0	escaped_local_proof	complete mutable byte-buffer machine proof: direct_calls=1, byte_reads=0, byte_writes=0, rep_movs_transports=0, wide_dereferences=0, escapes=1; byte_read_sites=-; byte_write_sites=-; escape_sites=006E5389 PUSH EAX alias passed on stack
006E5FE0	FUN_006e5fe0	1	param_1	pointer:/undefined4	83	0	0	0	2	1	1	0	mixed_or_wide_pointee	complete mutable byte-buffer machine proof: direct_calls=83, byte_reads=0, byte_writes=0, rep_movs_transports=0, wide_dereferences=2, escapes=1; byte_read_sites=-; byte_write_sites=-; wide_sites=006E5FEA MOV dword ptr [EAX],EDX operand=DWORD PTR [EAX] width=4 | 006E5FEC MOV dword ptr [EAX + 0x4],0x2 operand=DWORD PTR [EAX + 0X4] width=4; escape_sites=006E5FE9 PUSH EAX alias passed on stack
006E6000	FUN_006e6000	3	param_3	pointer:/undefined4	60	0	0	0	2	1	1	0	mixed_or_wide_pointee	complete mutable byte-buffer machine proof: direct_calls=60, byte_reads=0, byte_writes=0, rep_movs_transports=0, wide_dereferences=2, escapes=1; byte_read_sites=-; byte_write_sites=-; wide_sites=006E600A MOV dword ptr [EAX + 0x8],EDX operand=DWORD PTR [EAX + 0X8] width=4 | 006E6010 MOV dword ptr [EAX + 0xc],EDX operand=DWORD PTR [EAX + 0XC] width=4; escape_sites=006E6009 PUSH EAX alias passed on stack
006E6020	FUN_006e6020	1	param_1	pointer:/undefined4	31	0	0	0	2	1	1	0	mixed_or_wide_pointee	complete mutable byte-buffer machine proof: direct_calls=31, byte_reads=0, byte_writes=0, rep_movs_transports=0, wide_dereferences=2, escapes=1; byte_read_sites=-; byte_write_sites=-; wide_sites=006E602A MOV dword ptr [EAX],EDX operand=DWORD PTR [EAX] width=4 | 006E602C MOV dword ptr [EAX + 0x4],0x2 operand=DWORD PTR [EAX + 0X4] width=4; escape_sites=006E6029 PUSH EAX alias passed on stack
006E6040	FUN_006e6040	1	param_1	pointer:/undefined4	0	0	0	0	2	1	1	0	mixed_or_wide_pointee	complete mutable byte-buffer machine proof: direct_calls=0, byte_reads=0, byte_writes=0, rep_movs_transports=0, wide_dereferences=2, escapes=1; byte_read_sites=-; byte_write_sites=-; wide_sites=006E604A MOV dword ptr [EAX],EDX operand=DWORD PTR [EAX] width=4 | 006E604C MOV dword ptr [EAX + 0x4],0x2 operand=DWORD PTR [EAX + 0X4] width=4; escape_sites=006E6049 PUSH EAX alias passed on stack
006E6060	FUN_006e6060	1	param_1	pointer:/undefined4	43	0	0	0	2	1	1	0	mixed_or_wide_pointee	complete mutable byte-buffer machine proof: direct_calls=43, byte_reads=0, byte_writes=0, rep_movs_transports=0, wide_dereferences=2, escapes=1; byte_read_sites=-; byte_write_sites=-; wide_sites=006E606A MOV dword ptr [EAX],EDX operand=DWORD PTR [EAX] width=4 | 006E606C MOV dword ptr [EAX + 0x4],0x2 operand=DWORD PTR [EAX + 0X4] width=4; escape_sites=006E6069 PUSH EAX alias passed on stack
006E6080	FUN_006e6080	3	param_3	pointer:/undefined4	461	0	0	0	2	1	1	0	mixed_or_wide_pointee	complete mutable byte-buffer machine proof: direct_calls=461, byte_reads=0, byte_writes=0, rep_movs_transports=0, wide_dereferences=2, escapes=1; byte_read_sites=-; byte_write_sites=-; wide_sites=006E608A MOV dword ptr [EAX + 0x8],EDX operand=DWORD PTR [EAX + 0X8] width=4 | 006E6090 MOV dword ptr [EAX + 0xc],EDX operand=DWORD PTR [EAX + 0XC] width=4; escape_sites=006E6089 PUSH EAX alias passed on stack
006E60A0	sub_006E60A0	1	param_1	pointer:/undefined4	40	0	0	0	2	1	1	0	mixed_or_wide_pointee	complete mutable byte-buffer machine proof: direct_calls=40, byte_reads=0, byte_writes=0, rep_movs_transports=0, wide_dereferences=2, escapes=1; byte_read_sites=-; byte_write_sites=-; wide_sites=006E60AA MOV dword ptr [EAX],EDX operand=DWORD PTR [EAX] width=4 | 006E60AC MOV dword ptr [EAX + 0x4],0x2 operand=DWORD PTR [EAX + 0X4] width=4; escape_sites=006E60A9 PUSH EAX alias passed on stack
006E60C0	FUN_006e60c0	1	param_1	pointer:/undefined4	0	0	0	0	2	1	1	0	mixed_or_wide_pointee	complete mutable byte-buffer machine proof: direct_calls=0, byte_reads=0, byte_writes=0, rep_movs_transports=0, wide_dereferences=2, escapes=1; byte_read_sites=-; byte_write_sites=-; wide_sites=006E60CA MOV dword ptr [EAX],EDX operand=DWORD PTR [EAX] width=4 | 006E60CC MOV dword ptr [EAX + 0x4],0x2 operand=DWORD PTR [EAX + 0X4] width=4; escape_sites=006E60C9 PUSH EAX alias passed on stack
006E6400	ST3DSMAPContext::sub_006E6400	1	param_1	pointer:/undefined4	1	0	0	0	4	0	1	0	mixed_or_wide_pointee	complete mutable byte-buffer machine proof: direct_calls=1, byte_reads=0, byte_writes=0, rep_movs_transports=0, wide_dereferences=4, escapes=0; byte_read_sites=-; byte_write_sites=-; wide_sites=006E643F MOV EDX,dword ptr [EAX] operand=DWORD PTR [EAX] width=4 | 006E6449 MOV EDX,dword ptr [EAX + 0x4] operand=DWORD PTR [EAX + 0X4] width=4 | 006E644F MOV EDX,dword ptr [EAX + 0x8] operand=DWORD PTR [EAX + 0X8] width=4 | 006E6455 MOV EAX,dword ptr [EAX + 0xc] operand=DWORD PTR [EAX + 0XC] width=4
006E6500	ST3DSMAPContext::sub_006E6500	1	param_1	pointer:/undefined4	4	0	0	0	4	4	1	0	mixed_or_wide_pointee	complete mutable byte-buffer machine proof: direct_calls=4, byte_reads=0, byte_writes=0, rep_movs_transports=0, wide_dereferences=4, escapes=4; byte_read_sites=-; byte_write_sites=-; wide_sites=006E651F MOV EDX,dword ptr [EAX] operand=DWORD PTR [EAX] width=4 | 006E6529 MOV EDX,dword ptr [EAX + 0x4] operand=DWORD PTR [EAX + 0X4] width=4 | 006E652F MOV EDX,dword ptr [EAX + 0x8] operand=DWORD PTR [EAX + 0X8] width=4 | 006E6535 MOV EAX,dword ptr [EAX + 0xc] operand=DWORD PTR [EAX + 0XC] width=4; escape_sites=006E6510 MOV dword ptr [ECX],EAX alias stored outside a local spill | 006E6512 MOV dword ptr [ECX + 0x4],EAX alias stored outside a local spill | 006E6515 MOV dword ptr [ECX + 0x8],EAX alias stored outside a local spill | 006E6518 MOV dword ptr [ECX + 0xc],EAX alias stored outside a local spill
006F5760	FUN_006f5760	0	param_1	pointer:/undefined1	1	0	4	0	0	0	1	0	no_byte_read	complete mutable byte-buffer machine proof: direct_calls=1, byte_reads=0, byte_writes=4, rep_movs_transports=0, wide_dereferences=0, escapes=0; byte_read_sites=-; byte_write_sites=006F57CD MOV byte ptr [EDI],AL | 006F5802 MOV byte ptr [EDI + -0x1],AL | 006F5891 MOV byte ptr [EDI],AL | 006F58CA MOV byte ptr [EDI + -0x1],AL
006F5BD0	FUN_006f5bd0	0	param_1	pointer:/undefined1	1	0	2	0	0	0	1	0	no_byte_read	complete mutable byte-buffer machine proof: direct_calls=1, byte_reads=0, byte_writes=2, rep_movs_transports=0, wide_dereferences=0, escapes=0; byte_read_sites=-; byte_write_sites=006F5C12 MOV byte ptr [EDI],AL | 006F5C29 MOV byte ptr [EDI + -0x1],AL
006F5C60	FUN_006f5c60	0	param_1	pointer:/undefined1	2	0	2	0	0	0	1	0	no_byte_read	complete mutable byte-buffer machine proof: direct_calls=2, byte_reads=0, byte_writes=2, rep_movs_transports=0, wide_dereferences=0, escapes=0; byte_read_sites=-; byte_write_sites=006F5CD7 MOV byte ptr [EDX],AL | 006F5D0B MOV byte ptr [EDX],AL
006F5D80	FUN_006f5d80	0	param_1	pointer:/undefined1	1	0	4	0	0	0	1	0	no_byte_read	complete mutable byte-buffer machine proof: direct_calls=1, byte_reads=0, byte_writes=4, rep_movs_transports=0, wide_dereferences=0, escapes=0; byte_read_sites=-; byte_write_sites=006F5E50 MOV byte ptr [EDI],DL | 006F5EA4 MOV byte ptr [EBX],DL | 006F5F21 MOV byte ptr [EDI],DL | 006F5F5E MOV byte ptr [EBX],DL
006F6020	FUN_006f6020	0	param_1	pointer:/undefined1	1	0	5	0	0	0	1	0	no_byte_read	complete mutable byte-buffer machine proof: direct_calls=1, byte_reads=0, byte_writes=5, rep_movs_transports=0, wide_dereferences=0, escapes=0; byte_read_sites=-; byte_write_sites=006F60FB MOV byte ptr [ESI],DL | 006F610C MOV byte ptr [ESI],BL | 006F6153 MOV byte ptr [ESI],DL | 006F6212 MOV byte ptr [ESI],DL | 006F6259 MOV byte ptr [ESI],DL
006F6AE0	FUN_006f6ae0	0	param_1	pointer:/undefined1	1	0	4	0	0	0	1	0	no_byte_read	complete mutable byte-buffer machine proof: direct_calls=1, byte_reads=0, byte_writes=4, rep_movs_transports=0, wide_dereferences=0, escapes=0; byte_read_sites=-; byte_write_sites=006F6C06 MOV byte ptr [EDI],CL | 006F6C5D MOV byte ptr [EDI],AL | 006F6D62 MOV byte ptr [ESI],CL | 006F6DB6 MOV byte ptr [EDI],CL
006F7D10	FUN_006f7d10	0	param_1	pointer:/undefined1	2	0	4	0	0	0	1	0	no_byte_read	complete mutable byte-buffer machine proof: direct_calls=2, byte_reads=0, byte_writes=4, rep_movs_transports=0, wide_dereferences=0, escapes=0; byte_read_sites=-; byte_write_sites=006F7DDF MOV byte ptr [EDI],AL | 006F7E19 MOV byte ptr [EDI],DL | 006F7EB2 MOV byte ptr [EDI],DL | 006F7EF2 MOV byte ptr [EDI],DL
006F7FC0	FUN_006f7fc0	0	param_1	pointer:/undefined1	1	2	2	0	0	0	1	0	insufficient_direct_calls	complete mutable byte-buffer machine proof: direct_calls=1, byte_reads=2, byte_writes=2, rep_movs_transports=0, wide_dereferences=0, escapes=0; byte_read_sites=006F8087 MOV DL,byte ptr [EBX] | 006F810E MOV DL,byte ptr [EBX]; byte_write_sites=006F808C MOV byte ptr [EBX],DL | 006F8113 MOV byte ptr [EBX],DL
006F81D0	FUN_006f81d0	0	param_1	pointer:/undefined1	1	10	4	0	4	0	1	0	mixed_or_wide_pointee	complete mutable byte-buffer machine proof: direct_calls=1, byte_reads=10, byte_writes=4, rep_movs_transports=0, wide_dereferences=4, escapes=0; byte_read_sites=006F820F MOV BL,byte ptr [EAX] | 006F824D MOV BL,byte ptr [EAX] | 006F8260 MOV BL,byte ptr [EAX] | 006F8276 MOV BL,byte ptr [EAX] | 006F82E1 MOV CL,byte ptr [EAX] | 006F8341 MOV CL,byte ptr [EAX] | 006F83BE MOV BL,byte ptr [EAX] | 006F8431 MOV CL,byte ptr [ESI] | ... +2; byte_write_sites=006F82E9 MOV byte ptr [EDI],CL | 006F8349 MOV byte ptr [EDI],CL | 006F8439 MOV byte ptr [EDI],CL | 006F8496 MOV byte ptr [EDI],CL; wide_sites=006F82D2 MOV CX,word ptr [EAX] operand=WORD PTR [EAX] width=2 | 006F8332 MOV CX,word ptr [EAX] operand=WORD PTR [EAX] width=2 | 006F8422 MOV CX,word ptr [ESI] operand=WORD PTR [ESI] width=2 | 006F847C MOV CX,word ptr [EDI] operand=WORD PTR [EDI] width=2
006F85A0	FUN_006f85a0	0	param_1	pointer:/undefined1	2	0	2	0	0	0	1	0	no_byte_read	complete mutable byte-buffer machine proof: direct_calls=2, byte_reads=0, byte_writes=2, rep_movs_transports=0, wide_dereferences=0, escapes=0; byte_read_sites=-; byte_write_sites=006F85ED MOV byte ptr [ECX + -0x1],AL | 006F860D MOV byte ptr [ECX + -0x1],AL
006F8660	FUN_006f8660	0	param_1	pointer:/undefined4	1	0	4	0	2	0	1	0	mixed_or_wide_pointee	complete mutable byte-buffer machine proof: direct_calls=1, byte_reads=0, byte_writes=4, rep_movs_transports=0, wide_dereferences=2, escapes=0; byte_read_sites=-; byte_write_sites=006F8743 STOSB.REP ES:EDI | 006F8784 MOV byte ptr [EDI + -0x1],AL | 006F87F6 STOSB.REP ES:EDI | 006F881A MOV byte ptr [EDI + -0x1],AL; wide_sites=006F873C STOSD.REP ES:EDI string_width=4 | 006F87EF STOSD.REP ES:EDI string_width=4
006F88A0	FUN_006f88a0	0	param_1	pointer:/undefined1	2	0	4	0	0	0	1	0	no_byte_read	complete mutable byte-buffer machine proof: direct_calls=2, byte_reads=0, byte_writes=4, rep_movs_transports=0, wide_dereferences=0, escapes=0; byte_read_sites=-; byte_write_sites=006F8959 MOV byte ptr [EDI + -0x1],AL | 006F897C MOV byte ptr [EDI + -0x1],DL | 006F89E5 MOV byte ptr [EDI + -0x1],DL | 006F8A0E MOV byte ptr [EDI + -0x1],DL
006FA280	FUN_006fa280	0	param_1	pointer:/undefined1	1	0	12	0	0	0	1	0	no_byte_read	complete mutable byte-buffer machine proof: direct_calls=1, byte_reads=0, byte_writes=12, rep_movs_transports=0, wide_dereferences=0, escapes=0; byte_read_sites=-; byte_write_sites=006FA3FB MOV byte ptr [ESI],DL | 006FA41C MOV byte ptr [ESI],DL | 006FA43F MOV byte ptr [ESI],DL | 006FA48E MOV byte ptr [ESI],CL | 006FA4BE MOV byte ptr [ESI],CL | 006FA4FF MOV byte ptr [ESI],CL | 006FA5D3 MOV byte ptr [ESI],BL | 006FA5FC MOV byte ptr [ESI],BL | ... +4
006FA7A0	FUN_006fa7a0	0	param_1	pointer:/undefined1	1	0	14	0	0	0	1	0	no_byte_read	complete mutable byte-buffer machine proof: direct_calls=1, byte_reads=0, byte_writes=14, rep_movs_transports=0, wide_dereferences=0, escapes=0; byte_read_sites=-; byte_write_sites=006FA917 MOV byte ptr [ECX],BL | 006FA940 MOV byte ptr [ECX + -0x1],BL | 006FA972 MOV byte ptr [ECX],BL | 006FA9A8 MOV byte ptr [ECX],BL | 006FAA04 MOV byte ptr [ECX],BL | 006FAA45 MOV byte ptr [ECX],BL | 006FAA98 MOV byte ptr [ECX],BL | 006FAB82 MOV byte ptr [ECX],DL | ... +6
006FADC0	FUN_006fadc0	0	param_1	pointer:/undefined1	1	0	16	0	0	0	1	0	no_byte_read	complete mutable byte-buffer machine proof: direct_calls=1, byte_reads=0, byte_writes=16, rep_movs_transports=0, wide_dereferences=0, escapes=0; byte_read_sites=-; byte_write_sites=006FAF2D MOV byte ptr [EBX],DL | 006FAF74 MOV byte ptr [EBX],DL | 006FAFC7 MOV byte ptr [EBX],DL | 006FAFEB MOV byte ptr [EBX],DL | 006FB04B MOV byte ptr [EBX],CL | 006FB095 MOV byte ptr [EBX],CL | 006FB0EF MOV byte ptr [EBX],CL | 006FB129 MOV byte ptr [EBX],CL | ... +8
006FB4A0	FUN_006fb4a0	0	param_1	pointer:/undefined1	1	0	29	0	0	0	1	0	no_byte_read	complete mutable byte-buffer machine proof: direct_calls=1, byte_reads=0, byte_writes=29, rep_movs_transports=0, wide_dereferences=0, escapes=0; byte_read_sites=-; byte_write_sites=006FB61B MOV byte ptr [ESI],CL | 006FB62C MOV byte ptr [ESI],DL | 006FB673 MOV byte ptr [ESI],CL | 006FB681 MOV byte ptr [ESI],DL | 006FB6D7 MOV byte ptr [ESI],CL | 006FB6E5 MOV byte ptr [ESI],DL | 006FB71C MOV byte ptr [ESI],CL | 006FB72A MOV byte ptr [ESI],DL | ... +21
006FDEA0	FUN_006fdea0	0	param_1	pointer:/undefined1	1	0	12	0	0	0	1	0	no_byte_read	complete mutable byte-buffer machine proof: direct_calls=1, byte_reads=0, byte_writes=12, rep_movs_transports=0, wide_dereferences=0, escapes=0; byte_read_sites=-; byte_write_sites=006FE028 MOV byte ptr [ECX],BL | 006FE071 MOV byte ptr [ECX],BL | 006FE0B4 MOV byte ptr [ECX],BL | 006FE126 MOV byte ptr [ESI],CL | 006FE180 MOV byte ptr [ESI],CL | 006FE1E1 MOV byte ptr [ESI],CL | 006FE2EB MOV byte ptr [ESI],BL | 006FE338 MOV byte ptr [ESI],BL | ... +4
006FE570	FUN_006fe570	0	param_1	pointer:/undefined1	1	0	14	0	0	0	1	0	no_byte_read	complete mutable byte-buffer machine proof: direct_calls=1, byte_reads=0, byte_writes=14, rep_movs_transports=0, wide_dereferences=0, escapes=0; byte_read_sites=-; byte_write_sites=006FE713 MOV byte ptr [EDI],BL | 006FE727 MOV byte ptr [EDI],AL | 006FE78A MOV byte ptr [EDI],AL | 006FE7E0 MOV byte ptr [EDI],AL | 006FE85A MOV byte ptr [EDI],AL | 006FE8C0 MOV byte ptr [EDI],AL | 006FE925 MOV byte ptr [EDI],AL | 006FEA39 MOV byte ptr [ESI],BL | ... +6
006FED50	FUN_006fed50	0	param_1	pointer:/undefined1	1	0	16	0	0	0	1	0	no_byte_read	complete mutable byte-buffer machine proof: direct_calls=1, byte_reads=0, byte_writes=16, rep_movs_transports=0, wide_dereferences=0, escapes=0; byte_read_sites=-; byte_write_sites=006FEEE1 MOV byte ptr [ECX],BL | 006FEF37 MOV byte ptr [ECX],BL | 006FEF99 MOV byte ptr [ECX],BL | 006FEFEF MOV byte ptr [ECX],BL | 006FF07B MOV byte ptr [ESI],CL | 006FF0EC MOV byte ptr [ESI],CL | 006FF16F MOV byte ptr [ESI],CL | 006FF1C0 MOV byte ptr [ESI],CL | ... +8
006FF690	FUN_006ff690	0	param_1	pointer:/undefined1	1	0	22	0	0	0	1	0	no_byte_read	complete mutable byte-buffer machine proof: direct_calls=1, byte_reads=0, byte_writes=22, rep_movs_transports=0, wide_dereferences=0, escapes=0; byte_read_sites=-; byte_write_sites=006FF840 MOV byte ptr [EDI],BL | 006FF854 MOV byte ptr [EDI],CL | 006FF8BA MOV byte ptr [EDI],BL | 006FF8CB MOV byte ptr [EDI],CL | 006FF93B MOV byte ptr [EDI],BL | 006FF94C MOV byte ptr [EDI],CL | 006FF9A0 MOV byte ptr [EDI],BL | 006FF9B1 MOV byte ptr [EDI],CL | ... +14
007012F0	FUN_007012f0	0	param_1	pointer:/undefined1	1	0	12	0	0	0	1	0	no_byte_read	complete mutable byte-buffer machine proof: direct_calls=1, byte_reads=0, byte_writes=12, rep_movs_transports=0, wide_dereferences=0, escapes=0; byte_read_sites=-; byte_write_sites=007015EA MOV byte ptr [ESI],CL | 0070162E MOV byte ptr [ESI],CL | 00701663 MOV byte ptr [ESI],CL | 007016A9 MOV byte ptr [ESI],CL | 007016E9 MOV byte ptr [ESI],CL | 00701722 MOV byte ptr [ESI],CL | 007017F9 MOV byte ptr [ESI],CL | 0070183A MOV byte ptr [ESI],CL | ... +4
00701AD0	FUN_00701ad0	0	param_1	pointer:/undefined1	1	0	16	0	0	0	1	0	no_byte_read	complete mutable byte-buffer machine proof: direct_calls=1, byte_reads=0, byte_writes=16, rep_movs_transports=0, wide_dereferences=0, escapes=0; byte_read_sites=-; byte_write_sites=00701DD6 MOV byte ptr [ESI],CL | 00701E10 MOV byte ptr [ESI],CL | 00701E64 MOV byte ptr [ESI],CL | 00701E99 MOV byte ptr [ESI],CL | 00701EFE MOV byte ptr [ESI],CL | 00701F41 MOV byte ptr [ESI],CL | 00701F9F MOV byte ptr [ESI],CL | 00701FD8 MOV byte ptr [ESI],CL | ... +8
00702510	FUN_00702510	0	param_1	pointer:/undefined1	2	0	12	0	0	0	1	0	no_byte_read	complete mutable byte-buffer machine proof: direct_calls=2, byte_reads=0, byte_writes=12, rep_movs_transports=0, wide_dereferences=0, escapes=0; byte_read_sites=-; byte_write_sites=00702673 MOV byte ptr [ESI],CL | 0070269B MOV byte ptr [ESI],CL | 007026D4 MOV byte ptr [ESI],CL | 0070271B MOV byte ptr [ESI],CL | 0070274A MOV byte ptr [ESI],CL | 00702789 MOV byte ptr [ESI],CL | 0070284E MOV byte ptr [ESI],CL | 0070287D MOV byte ptr [ESI],CL | ... +4
00702A30	FUN_00702a30	0	param_1	pointer:/undefined1	2	0	16	0	0	0	1	0	no_byte_read	complete mutable byte-buffer machine proof: direct_calls=2, byte_reads=0, byte_writes=16, rep_movs_transports=0, wide_dereferences=0, escapes=0; byte_read_sites=-; byte_write_sites=00702B94 MOV byte ptr [ESI],CL | 00702BCD MOV byte ptr [ESI],CL | 00702C11 MOV byte ptr [ESI],CL | 00702C4A MOV byte ptr [ESI],CL | 00702CAA MOV byte ptr [ESI],CL | 00702CF1 MOV byte ptr [ESI],CL | 00702D4A MOV byte ptr [ESI],CL | 00702D8D MOV byte ptr [ESI],CL | ... +8
00703160	FUN_00703160	0	param_1	pointer:/undefined1	1	12	12	0	0	0	1	0	insufficient_direct_calls	complete mutable byte-buffer machine proof: direct_calls=1, byte_reads=12, byte_writes=12, rep_movs_transports=0, wide_dereferences=0, escapes=0; byte_read_sites=007032BC MOV BL,byte ptr [ECX] | 007032EB MOV BL,byte ptr [ECX] | 0070332B MOV BL,byte ptr [ECX] | 00703375 MOV BL,byte ptr [ECX] | 0070339B MOV BL,byte ptr [ECX] | 007033CF MOV BL,byte ptr [ECX] | 00703480 MOV BL,byte ptr [ECX] | 007034B6 MOV BL,byte ptr [ECX] | ... +4; byte_write_sites=007032C9 MOV byte ptr [ECX],BL | 007032F8 MOV byte ptr [ECX],BL | 00703338 MOV byte ptr [ECX],BL | 0070337A MOV byte ptr [ECX],BL | 007033A0 MOV byte ptr [ECX],BL | 007033D4 MOV byte ptr [ECX],BL | 0070348D MOV byte ptr [ECX],BL | 007034C3 MOV byte ptr [ECX],BL | ... +4
00703650	FUN_00703650	0	param_1	pointer:/undefined1	1	16	16	0	0	0	1	0	insufficient_direct_calls	complete mutable byte-buffer machine proof: direct_calls=1, byte_reads=16, byte_writes=16, rep_movs_transports=0, wide_dereferences=0, escapes=0; byte_read_sites=007037B3 MOV BL,byte ptr [ESI] | 007037F3 MOV BL,byte ptr [ESI] | 0070383E MOV BL,byte ptr [ESI] | 0070387E MOV BL,byte ptr [ESI] | 007038E3 MOV CL,byte ptr [ESI] | 0070391F MOV CL,byte ptr [ESI] | 00703967 MOV CL,byte ptr [ESI] | 0070399B MOV CL,byte ptr [ESI] | ... +8; byte_write_sites=007037C0 MOV byte ptr [ESI],CL | 00703800 MOV byte ptr [ESI],CL | 0070384B MOV byte ptr [ESI],CL | 0070388B MOV byte ptr [ESI],CL | 007038E8 MOV byte ptr [ESI],CL | 00703924 MOV byte ptr [ESI],CL | 0070396C MOV byte ptr [ESI],CL | 007039A0 MOV byte ptr [ESI],CL | ... +8
00703D40	FUN_00703d40	0	param_1	pointer:/undefined1	1	0	12	0	0	0	1	0	no_byte_read	complete mutable byte-buffer machine proof: direct_calls=1, byte_reads=0, byte_writes=12, rep_movs_transports=0, wide_dereferences=0, escapes=0; byte_read_sites=-; byte_write_sites=00703EB9 MOV byte ptr [EBX],CL | 00703F0A MOV byte ptr [EBX],CL | 00703F6C MOV byte ptr [EBX],CL | 00703FE0 MOV byte ptr [EBX],CL | 00704038 MOV byte ptr [EBX],CL | 007040A8 MOV byte ptr [EBX],CL | 007041B0 MOV byte ptr [EBX],CL | 007041FF MOV byte ptr [EBX],CL | ... +4
00704460	FUN_00704460	0	param_1	pointer:/undefined1	1	0	16	0	0	0	1	0	no_byte_read	complete mutable byte-buffer machine proof: direct_calls=1, byte_reads=0, byte_writes=16, rep_movs_transports=0, wide_dereferences=0, escapes=0; byte_read_sites=-; byte_write_sites=00704606 MOV byte ptr [EDI],CL | 00704667 MOV byte ptr [EDI],CL | 007046D4 MOV byte ptr [EDI],CL | 00704735 MOV byte ptr [EDI],CL | 007047C2 MOV byte ptr [EDI],CL | 00704838 MOV byte ptr [EDI],CL | 007048C2 MOV byte ptr [EDI],CL | 0070491D MOV byte ptr [EDI],CL | ... +8
007055D0	FUN_007055d0	0	param_1	pointer:/undefined1	1	0	16	0	0	0	1	0	no_byte_read	complete mutable byte-buffer machine proof: direct_calls=1, byte_reads=0, byte_writes=16, rep_movs_transports=0, wide_dereferences=0, escapes=0; byte_read_sites=-; byte_write_sites=00705713 MOV byte ptr [ECX],DL | 0070571D MOV byte ptr [ECX],DL | 00705734 MOV byte ptr [ECX],DL | 0070573E MOV byte ptr [ECX],DL | 00705778 MOV byte ptr [ECX + -0x1],BL | 00705793 MOV byte ptr [ECX + -0x1],BL | 007057B8 MOV byte ptr [ECX + -0x1],BL | 007057D2 MOV byte ptr [ECX + -0x1],BL | ... +8
007059A0	FUN_007059a0	0	param_1	pointer:/undefined1	1	0	16	0	0	0	1	0	no_byte_read	complete mutable byte-buffer machine proof: direct_calls=1, byte_reads=0, byte_writes=16, rep_movs_transports=0, wide_dereferences=0, escapes=0; byte_read_sites=-; byte_write_sites=00705AEA MOV byte ptr [EDI],DL | 00705B09 MOV byte ptr [EDI],DL | 00705B37 MOV byte ptr [EDI],DL | 00705B4E MOV byte ptr [EDI],DL | 00705B9A MOV byte ptr [EDI + -0x1],CL | 00705BC9 MOV byte ptr [EDI + -0x1],CL | 00705BF5 MOV byte ptr [EDI + -0x1],CL | 00705C16 MOV byte ptr [EDI + -0x1],CL | ... +8
00705ED0	FUN_00705ed0	0	param_1	pointer:/undefined1	2	0	16	0	0	0	1	0	no_byte_read	complete mutable byte-buffer machine proof: direct_calls=2, byte_reads=0, byte_writes=16, rep_movs_transports=0, wide_dereferences=0, escapes=0; byte_read_sites=-; byte_write_sites=00706022 MOV byte ptr [ECX + -0x1],BL | 00706040 MOV byte ptr [ECX + -0x1],BL | 00706067 MOV byte ptr [ECX + -0x1],BL | 00706085 MOV byte ptr [ECX + -0x1],BL | 007060B8 MOV byte ptr [ECX + -0x1],BL | 007060CE MOV byte ptr [ECX + -0x1],BL | 007060F4 MOV byte ptr [ECX + -0x1],BL | 0070610A MOV byte ptr [ECX + -0x1],BL | ... +8
00706340	FUN_00706340	0	param_1	pointer:/undefined1	2	0	16	0	0	0	1	0	no_byte_read	complete mutable byte-buffer machine proof: direct_calls=2, byte_reads=0, byte_writes=16, rep_movs_transports=0, wide_dereferences=0, escapes=0; byte_read_sites=-; byte_write_sites=00706494 MOV byte ptr [ESI + -0x1],CL | 007064BF MOV byte ptr [ESI + -0x1],CL | 007064F5 MOV byte ptr [ESI + -0x1],CL | 0070651D MOV byte ptr [ESI + -0x1],CL | 00706568 MOV byte ptr [ESI + -0x1],CL | 00706595 MOV byte ptr [ESI + -0x1],CL | 007065C2 MOV byte ptr [ESI + -0x1],CL | 007065E4 MOV byte ptr [ESI + -0x1],CL | ... +8
007068D0	FUN_007068d0	0	param_1	pointer:/undefined1	1	8	8	0	0	0	1	0	insufficient_direct_calls	complete mutable byte-buffer machine proof: direct_calls=1, byte_reads=8, byte_writes=8, rep_movs_transports=0, wide_dereferences=0, escapes=0; byte_read_sites=00706A74 MOV BL,byte ptr [EAX + ECX*0x1] | 00706ABA MOV BL,byte ptr [EAX + ECX*0x1] | 00706B6A MOV BL,byte ptr [EDI + ECX*0x1] | 00706BC5 MOV BL,byte ptr [EDI + ECX*0x1] | 00706C40 MOV BL,byte ptr [EBX + ECX*0x1] | 00706C84 MOV BL,byte ptr [EBX + ECX*0x1] | 00706D31 MOV BL,byte ptr [EDI + ECX*0x1] | 00706D7D MOV BL,byte ptr [EDI + ECX*0x1]; byte_write_sites=00706A80 MOV byte ptr [ECX],AL | 00706AC6 MOV byte ptr [ECX],AL | 00706B76 MOV byte ptr [ECX],BL | 00706BD1 MOV byte ptr [ECX],BL | 00706C43 MOV byte ptr [ECX],BL | 00706C87 MOV byte ptr [ECX],BL | 00706D34 MOV byte ptr [ECX],BL | 00706D80 MOV byte ptr [ECX],BL
00706E30	FUN_00706e30	0	param_1	pointer:/undefined1	1	24	24	0	0	0	1	0	insufficient_direct_calls	complete mutable byte-buffer machine proof: direct_calls=1, byte_reads=24, byte_writes=24, rep_movs_transports=0, wide_dereferences=0, escapes=0; byte_read_sites=00707007 MOV BL,byte ptr [ESI + ECX*0x1] | 0070703B MOV BL,byte ptr [ESI + ECX*0x1] | 00707080 MOV BL,byte ptr [ESI + ECX*0x1] | 007070D3 MOV BL,byte ptr [ESI + ECX*0x1] | 0070710E MOV BL,byte ptr [ESI + ECX*0x1] | 00707159 MOV BL,byte ptr [ESI + ECX*0x1] | 0070722D MOV BL,byte ptr [ESI + ECX*0x1] | 00707268 MOV BL,byte ptr [ESI + ECX*0x1] | ... +16; byte_write_sites=00707013 MOV byte ptr [ECX],BL | 00707047 MOV byte ptr [ECX],BL | 0070708C MOV byte ptr [ECX],BL | 007070DF MOV byte ptr [ECX],BL | 0070711A MOV byte ptr [ECX],BL | 00707165 MOV byte ptr [ECX],BL | 00707239 MOV byte ptr [ECX],BL | 00707274 MOV byte ptr [ECX],BL | ... +16
00707810	FUN_00707810	0	param_1	pointer:/undefined1	1	32	32	0	0	0	1	0	insufficient_direct_calls	complete mutable byte-buffer machine proof: direct_calls=1, byte_reads=32, byte_writes=32, rep_movs_transports=0, wide_dereferences=0, escapes=0; byte_read_sites=007079EE MOV BL,byte ptr [ECX + ESI*0x1] | 00707A33 MOV BL,byte ptr [ECX + ESI*0x1] | 00707A83 MOV BL,byte ptr [ECX + ESI*0x1] | 00707AC8 MOV BL,byte ptr [ECX + ESI*0x1] | 00707B38 MOV BL,byte ptr [ECX + ESI*0x1] | 00707B8B MOV BL,byte ptr [ECX + ESI*0x1] | 00707BF0 MOV BL,byte ptr [ECX + ESI*0x1] | 00707C3F MOV BL,byte ptr [ECX + ESI*0x1] | ... +24; byte_write_sites=007079FA MOV byte ptr [ESI],CL | 00707A3F MOV byte ptr [ESI],CL | 00707A8F MOV byte ptr [ESI],CL | 00707AD4 MOV byte ptr [ESI],CL | 00707B44 MOV byte ptr [ESI],CL | 00707B97 MOV byte ptr [ESI],CL | 00707BFC MOV byte ptr [ESI],CL | 00707C4B MOV byte ptr [ESI],CL | ... +24
00709A10	FUN_00709a10	0	param_1	pointer:/void	6	0	0	0	1	0	1	0	mixed_or_wide_pointee	complete mutable byte-buffer machine proof: direct_calls=6, byte_reads=0, byte_writes=0, rep_movs_transports=0, wide_dereferences=1, escapes=0; byte_read_sites=-; byte_write_sites=-; wide_sites=00709A36 MOV ECX,dword ptr [EAX] operand=DWORD PTR [EAX] width=4
0070B680	FUN_0070b680	0	param_1	pointer:/undefined2	0	0	0	0	2	0	1	0	mixed_or_wide_pointee	complete mutable byte-buffer machine proof: direct_calls=0, byte_reads=0, byte_writes=0, rep_movs_transports=0, wide_dereferences=2, escapes=0; byte_read_sites=-; byte_write_sites=-; wide_sites=0070B686 MOV CX,word ptr [EAX] operand=WORD PTR [EAX] width=2 | 0070B689 MOV word ptr [EAX + 0x6],CX operand=WORD PTR [EAX + 0X6] width=2
0070C210	FUN_0070c210	1	param_2	pointer:/undefined2	0	0	0	0	0	1	1	0	escaped_local_proof	complete mutable byte-buffer machine proof: direct_calls=0, byte_reads=0, byte_writes=0, rep_movs_transports=0, wide_dereferences=0, escapes=1; byte_read_sites=-; byte_write_sites=-; escape_sites=0070C247 PUSH EDX alias passed on stack
0070C210	FUN_0070c210	2	param_3	pointer:/undefined2	0	0	0	0	0	1	1	0	escaped_local_proof	complete mutable byte-buffer machine proof: direct_calls=0, byte_reads=0, byte_writes=0, rep_movs_transports=0, wide_dereferences=0, escapes=1; byte_read_sites=-; byte_write_sites=-; escape_sites=0070C246 PUSH ECX alias passed on stack
007183C0	FUN_007183c0	3	param_4	pointer:/undefined1	2	0	3	0	0	0	1	0	no_byte_read	complete mutable byte-buffer machine proof: direct_calls=2, byte_reads=0, byte_writes=3, rep_movs_transports=0, wide_dereferences=0, escapes=0; byte_read_sites=-; byte_write_sites=0071848B MOV byte ptr [ESI],AL | 00718498 MOV byte ptr [ESI + 0x1],AL | 007184A0 MOV byte ptr [ESI + 0x2],AL
00719710	FUN_00719710	0	param_1	pointer:/undefined4	0	0	0	0	4	0	1	0	mixed_or_wide_pointee	complete mutable byte-buffer machine proof: direct_calls=0, byte_reads=0, byte_writes=0, rep_movs_transports=0, wide_dereferences=4, escapes=0; byte_read_sites=-; byte_write_sites=-; wide_sites=00719772 MOV dword ptr [EAX],ECX operand=DWORD PTR [EAX] width=4 | 00719777 MOV dword ptr [EAX + 0x4],EDX operand=DWORD PTR [EAX + 0X4] width=4 | 0071977D MOV dword ptr [EAX + 0x8],ECX operand=DWORD PTR [EAX + 0X8] width=4 | 00719780 MOV dword ptr [EAX + 0xc],EDX operand=DWORD PTR [EAX + 0XC] width=4
00719790	FUN_00719790	0	param_1	pointer:/undefined4	0	0	0	0	4	0	1	0	mixed_or_wide_pointee	complete mutable byte-buffer machine proof: direct_calls=0, byte_reads=0, byte_writes=0, rep_movs_transports=0, wide_dereferences=4, escapes=0; byte_read_sites=-; byte_write_sites=-; wide_sites=007197BE MOV EDX,dword ptr [EAX] operand=DWORD PTR [EAX] width=4 | 007197C3 MOV EDX,dword ptr [EAX + 0x4] operand=DWORD PTR [EAX + 0X4] width=4 | 007197C9 MOV EDX,dword ptr [EAX + 0x8] operand=DWORD PTR [EAX + 0X8] width=4 | 007197CC MOV EAX,dword ptr [EAX + 0xc] operand=DWORD PTR [EAX + 0XC] width=4
0071A990	FUN_0071a990	3	param_4	pointer:/undefined1	12	0	1	0	0	0	1	0	no_byte_read	complete mutable byte-buffer machine proof: direct_calls=12, byte_reads=0, byte_writes=1, rep_movs_transports=0, wide_dereferences=0, escapes=0; byte_read_sites=-; byte_write_sites=0071A9F7 MOV byte ptr [ECX],DL
00725910	FUN_00725910	0	hFindFile	/winnt.h/HANDLE	7	4	0	4	0	8	1	0	escaped_local_proof	complete mutable byte-buffer machine proof: direct_calls=7, byte_reads=4, byte_writes=0, rep_movs_transports=4, wide_dereferences=0, escapes=8; byte_read_sites=0072595F MOVSB.REP ES:EDI,ESI | 007259F4 MOVSB.REP ES:EDI,ESI | 00725AAB MOVSB.REP ES:EDI,ESI | 00725B6A MOVSB.REP ES:EDI,ESI; byte_write_sites=-; escape_sites=00725929 PUSH EBX alias passed on stack | 00725A62 PUSH ESI alias passed on stack | 00725A71 PUSH ESI alias passed on stack | 00725B17 PUSH ECX alias passed on stack | 00725BDD PUSH ESI alias passed on stack | 00725BEC PUSH ESI alias passed on stack | 00725BFD PUSH EBX alias passed on stack | 00725C0E PUSH EAX alias passed on stack
00725910	FUN_00725910	3	param_4	pointer:/undefined	7	0	0	0	0	1	1	0	escaped_local_proof	complete mutable byte-buffer machine proof: direct_calls=7, byte_reads=0, byte_writes=0, rep_movs_transports=0, wide_dereferences=0, escapes=1; byte_read_sites=-; byte_write_sites=-; escape_sites=00725BBB PUSH ECX alias passed on stack
0072A8A0	FUN_0072a8a0	0	param_1	pointer:/undefined1	1	0	1	0	0	0	1	0	no_byte_read	complete mutable byte-buffer machine proof: direct_calls=1, byte_reads=0, byte_writes=1, rep_movs_transports=0, wide_dereferences=0, escapes=0; byte_read_sites=-; byte_write_sites=0072A965 MOV byte ptr [ESI],CL
0072A9D0	FUN_0072a9d0	0	param_1	pointer:/undefined1	1	0	1	0	0	0	1	0	no_byte_read	complete mutable byte-buffer machine proof: direct_calls=1, byte_reads=0, byte_writes=1, rep_movs_transports=0, wide_dereferences=0, escapes=0; byte_read_sites=-; byte_write_sites=0072AA0E MOV byte ptr [EDX],CL
00746C24	FUN_00746c24	4	param_4	pointer:/undefined4	0	0	0	0	0	0	1	0	no_byte_read	complete mutable byte-buffer machine proof: direct_calls=0, byte_reads=0, byte_writes=0, rep_movs_transports=0, wide_dereferences=0, escapes=0; byte_read_sites=-; byte_write_sites=-
00746C84	FUN_00746c84	2	param_3	pointer:/undefined4	0	0	0	0	0	0	1	0	no_byte_read	complete mutable byte-buffer machine proof: direct_calls=0, byte_reads=0, byte_writes=0, rep_movs_transports=0, wide_dereferences=0, escapes=0; byte_read_sites=-; byte_write_sites=-
00746CDA	FUN_00746cda	1	param_2	pointer:/undefined4	0	0	0	0	0	0	1	0	no_byte_read	complete mutable byte-buffer machine proof: direct_calls=0, byte_reads=0, byte_writes=0, rep_movs_transports=0, wide_dereferences=0, escapes=0; byte_read_sites=-; byte_write_sites=-
00746E65	FUN_00746e65	2	param_3	pointer:/undefined4	1	0	0	0	0	0	1	0	no_byte_read	complete mutable byte-buffer machine proof: direct_calls=1, byte_reads=0, byte_writes=0, rep_movs_transports=0, wide_dereferences=0, escapes=0; byte_read_sites=-; byte_write_sites=-
00746EE3	FUN_00746ee3	4	param_4	pointer:/undefined4	2	0	0	0	0	0	1	0	no_byte_read	complete mutable byte-buffer machine proof: direct_calls=2, byte_reads=0, byte_writes=0, rep_movs_transports=0, wide_dereferences=0, escapes=0; byte_read_sites=-; byte_write_sites=-
00746F2D	FUN_00746f2d	4	param_4	pointer:/undefined4	0	0	0	0	0	0	1	0	no_byte_read	complete mutable byte-buffer machine proof: direct_calls=0, byte_reads=0, byte_writes=0, rep_movs_transports=0, wide_dereferences=0, escapes=0; byte_read_sites=-; byte_write_sites=-
00746FAB	FUN_00746fab	1	param_2	pointer:/undefined4	0	0	0	0	0	0	1	0	no_byte_read	complete mutable byte-buffer machine proof: direct_calls=0, byte_reads=0, byte_writes=0, rep_movs_transports=0, wide_dereferences=0, escapes=0; byte_read_sites=-; byte_write_sites=-
00747029	FUN_00747029	1	param_2	pointer:/undefined4	0	0	0	0	0	0	1	0	no_byte_read	complete mutable byte-buffer machine proof: direct_calls=0, byte_reads=0, byte_writes=0, rep_movs_transports=0, wide_dereferences=0, escapes=0; byte_read_sites=-; byte_write_sites=-
00747245	FUN_00747245	1	param_2	pointer:/undefined4	0	0	0	0	0	0	1	0	no_byte_read	complete mutable byte-buffer machine proof: direct_calls=0, byte_reads=0, byte_writes=0, rep_movs_transports=0, wide_dereferences=0, escapes=0; byte_read_sites=-; byte_write_sites=-
0074736A	FUN_0074736a	1	param_2	pointer:/undefined4	1	0	0	0	1	2	1	0	mixed_or_wide_pointee	complete mutable byte-buffer machine proof: direct_calls=1, byte_reads=0, byte_writes=0, rep_movs_transports=0, wide_dereferences=1, escapes=2; byte_read_sites=-; byte_write_sites=-; wide_sites=00747387 MOV ECX,dword ptr [EAX] operand=DWORD PTR [EAX] width=4; escape_sites=00747382 MOV dword ptr [ESI + 0x34],EAX alias stored outside a local spill | 00747392 PUSH EAX alias passed on stack
00747622	FUN_00747622	2	param_3	pointer:/undefined4	0	0	0	0	0	0	1	0	no_byte_read	complete mutable byte-buffer machine proof: direct_calls=0, byte_reads=0, byte_writes=0, rep_movs_transports=0, wide_dereferences=0, escapes=0; byte_read_sites=-; byte_write_sites=-
007476A9	FUN_007476a9	1	param_2	pointer:/undefined4	0	0	0	0	0	0	1	0	no_byte_read	complete mutable byte-buffer machine proof: direct_calls=0, byte_reads=0, byte_writes=0, rep_movs_transports=0, wide_dereferences=0, escapes=0; byte_read_sites=-; byte_write_sites=-
007478EB	FUN_007478eb	2	param_3	pointer:/undefined4	0	0	0	0	0	0	1	0	no_byte_read	complete mutable byte-buffer machine proof: direct_calls=0, byte_reads=0, byte_writes=0, rep_movs_transports=0, wide_dereferences=0, escapes=0; byte_read_sites=-; byte_write_sites=-
00747972	FUN_00747972	1	param_2	pointer:/undefined4	0	0	0	0	0	0	1	0	no_byte_read	complete mutable byte-buffer machine proof: direct_calls=0, byte_reads=0, byte_writes=0, rep_movs_transports=0, wide_dereferences=0, escapes=0; byte_read_sites=-; byte_write_sites=-
00747BDF	FUN_00747bdf	2	param_3	pointer:/undefined4	2	0	0	0	0	0	1	0	no_byte_read	complete mutable byte-buffer machine proof: direct_calls=2, byte_reads=0, byte_writes=0, rep_movs_transports=0, wide_dereferences=0, escapes=0; byte_read_sites=-; byte_write_sites=-
00747F57	FUN_00747f57	1	param_1	pointer:/undefined4	3	0	0	0	0	0	1	0	no_byte_read	complete mutable byte-buffer machine proof: direct_calls=3, byte_reads=0, byte_writes=0, rep_movs_transports=0, wide_dereferences=0, escapes=0; byte_read_sites=-; byte_write_sites=-
0074823A	FUN_0074823a	1	param_2	pointer:/undefined4	0	0	0	0	0	0	1	0	no_byte_read	complete mutable byte-buffer machine proof: direct_calls=0, byte_reads=0, byte_writes=0, rep_movs_transports=0, wide_dereferences=0, escapes=0; byte_read_sites=-; byte_write_sites=-
007485EC	FUN_007485ec	2	param_3	pointer:/undefined4	0	0	0	0	0	0	1	0	no_byte_read	complete mutable byte-buffer machine proof: direct_calls=0, byte_reads=0, byte_writes=0, rep_movs_transports=0, wide_dereferences=0, escapes=0; byte_read_sites=-; byte_write_sites=-
0074862E	FUN_0074862e	1	param_2	pointer:/undefined4	1	0	0	0	0	0	1	0	no_byte_read	complete mutable byte-buffer machine proof: direct_calls=1, byte_reads=0, byte_writes=0, rep_movs_transports=0, wide_dereferences=0, escapes=0; byte_read_sites=-; byte_write_sites=-
007489F8	FUN_007489f8	1	param_1	pointer:/undefined4	1	0	0	2	0	0	1	0	no_byte_read	complete mutable byte-buffer machine proof: direct_calls=1, byte_reads=0, byte_writes=0, rep_movs_transports=2, wide_dereferences=0, escapes=0; byte_read_sites=-; byte_write_sites=-
00748AE7	FUN_00748ae7	2	param_3	pointer:/undefined4	0	0	0	0	0	0	1	0	no_byte_read	complete mutable byte-buffer machine proof: direct_calls=0, byte_reads=0, byte_writes=0, rep_movs_transports=0, wide_dereferences=0, escapes=0; byte_read_sites=-; byte_write_sites=-
00748BCA	FUN_00748bca	1	param_2	pointer:/undefined4	0	0	0	0	4	0	1	0	mixed_or_wide_pointee	complete mutable byte-buffer machine proof: direct_calls=0, byte_reads=0, byte_writes=0, rep_movs_transports=0, wide_dereferences=4, escapes=0; byte_read_sites=-; byte_write_sites=-; wide_sites=00748BEA MOV dword ptr [ECX],EDX operand=DWORD PTR [ECX] width=4 | 00748BEF MOV dword ptr [ECX + 0x4],EDX operand=DWORD PTR [ECX + 0X4] width=4 | 00748C13 MOV dword ptr [ECX],EDX operand=DWORD PTR [ECX] width=4 | 00748C18 MOV dword ptr [ECX + 0x4],EDX operand=DWORD PTR [ECX + 0X4] width=4
00748C2F	FUN_00748c2f	1	param_2	pointer:/undefined4	0	0	0	0	4	0	1	0	mixed_or_wide_pointee	complete mutable byte-buffer machine proof: direct_calls=0, byte_reads=0, byte_writes=0, rep_movs_transports=0, wide_dereferences=4, escapes=0; byte_read_sites=-; byte_write_sites=-; wide_sites=00748C4F MOV EDX,dword ptr [ECX] operand=DWORD PTR [ECX] width=4 | 00748C54 MOV ECX,dword ptr [ECX + 0x4] operand=DWORD PTR [ECX + 0X4] width=4 | 00748C6B MOV ESI,dword ptr [ECX] operand=DWORD PTR [ECX] width=4 | 00748C70 MOV ECX,dword ptr [ECX + 0x4] operand=DWORD PTR [ECX + 0X4] width=4
00748C2F	FUN_00748c2f	2	param_3	pointer:/undefined4	0	0	0	0	2	0	1	0	mixed_or_wide_pointee	complete mutable byte-buffer machine proof: direct_calls=0, byte_reads=0, byte_writes=0, rep_movs_transports=0, wide_dereferences=2, escapes=0; byte_read_sites=-; byte_write_sites=-; wide_sites=00748C76 MOV ECX,dword ptr [EDX] operand=DWORD PTR [EDX] width=4 | 00748C7B MOV ECX,dword ptr [EDX + 0x4] operand=DWORD PTR [EDX + 0X4] width=4
00748DAE	FUN_00748dae	1	param_2	pointer:/undefined4	1	0	0	0	0	0	1	0	no_byte_read	complete mutable byte-buffer machine proof: direct_calls=1, byte_reads=0, byte_writes=0, rep_movs_transports=0, wide_dereferences=0, escapes=0; byte_read_sites=-; byte_write_sites=-
00748DE3	FUN_00748de3	1	param_2	pointer:/undefined4	1	0	0	0	0	0	1	0	no_byte_read	complete mutable byte-buffer machine proof: direct_calls=1, byte_reads=0, byte_writes=0, rep_movs_transports=0, wide_dereferences=0, escapes=0; byte_read_sites=-; byte_write_sites=-
00749024	FUN_00749024	3	param_3	pointer:/undefined4	1	0	0	0	0	0	1	0	no_byte_read	complete mutable byte-buffer machine proof: direct_calls=1, byte_reads=0, byte_writes=0, rep_movs_transports=0, wide_dereferences=0, escapes=0; byte_read_sites=-; byte_write_sites=-
007490C6	FUN_007490c6	2	param_3	pointer:/undefined4	0	0	0	0	0	0	1	0	no_byte_read	complete mutable byte-buffer machine proof: direct_calls=0, byte_reads=0, byte_writes=0, rep_movs_transports=0, wide_dereferences=0, escapes=0; byte_read_sites=-; byte_write_sites=-
00749106	FUN_00749106	2	param_3	pointer:/undefined4	1	0	0	0	8	0	1	0	mixed_or_wide_pointee	complete mutable byte-buffer machine proof: direct_calls=1, byte_reads=0, byte_writes=0, rep_movs_transports=0, wide_dereferences=8, escapes=0; byte_read_sites=-; byte_write_sites=-; wide_sites=00749141 STOSD ES:EDI string_width=4 | 00749142 STOSD ES:EDI string_width=4 | 00749143 STOSD ES:EDI string_width=4 | 00749145 STOSD ES:EDI string_width=4 | 00749195 MOV dword ptr [EAX + 0x4],ECX operand=DWORD PTR [EAX + 0X4] width=4 | 0074919D MOV dword ptr [EAX],ECX operand=DWORD PTR [EAX] width=4 | 007491A5 MOV dword ptr [EAX + 0x8],ECX operand=DWORD PTR [EAX + 0X8] width=4 | 007491AE MOV dword ptr [EAX + 0xc],EBX operand=DWORD PTR [EAX + 0XC] width=4
007491C3	FUN_007491c3	1	param_2	pointer:/undefined4	0	0	0	0	0	0	1	0	no_byte_read	complete mutable byte-buffer machine proof: direct_calls=0, byte_reads=0, byte_writes=0, rep_movs_transports=0, wide_dereferences=0, escapes=0; byte_read_sites=-; byte_write_sites=-
007494D1	FUN_007494d1	1	param_2	pointer:/undefined4	0	0	0	0	7	0	1	0	mixed_or_wide_pointee	complete mutable byte-buffer machine proof: direct_calls=0, byte_reads=0, byte_writes=0, rep_movs_transports=0, wide_dereferences=7, escapes=0; byte_read_sites=-; byte_write_sites=-; wide_sites=00749519 MOV EDI,dword ptr [ECX + 0x8] operand=DWORD PTR [ECX + 0X8] width=4 | 0074955A MOV EDX,dword ptr [ECX + 0xc] operand=DWORD PTR [ECX + 0XC] width=4 | 0074955D MOV EAX,dword ptr [ECX + 0x4] operand=DWORD PTR [ECX + 0X4] width=4 | 00749577 SUB EAX,dword ptr [ECX + 0xc] operand=DWORD PTR [ECX + 0XC] width=4 | 00749580 MOV EAX,dword ptr [ECX] operand=DWORD PTR [ECX] width=4 | 00749587 MOV EAX,dword ptr [ECX + 0x8] operand=DWORD PTR [ECX + 0X8] width=4 | 00749590 MOV ECX,dword ptr [ECX + 0xc] operand=DWORD PTR [ECX + 0XC] width=4
00749708	FUN_00749708	0	param_1	pointer:/undefined4	2	0	0	0	22	0	1	0	mixed_or_wide_pointee	complete mutable byte-buffer machine proof: direct_calls=2, byte_reads=0, byte_writes=0, rep_movs_transports=0, wide_dereferences=22, escapes=0; byte_read_sites=-; byte_write_sites=-; wide_sites=0074971E MOV ESI,dword ptr [EBX] operand=DWORD PTR [EBX] width=4 | 0074973E PUSH dword ptr [EBX + 0x8] operand=DWORD PTR [EBX + 0X8] width=4 | 00749741 MOV ESI,dword ptr [EBX] operand=DWORD PTR [EBX] width=4 | 00749746 PUSH dword ptr [EBX + 0x4] operand=DWORD PTR [EBX + 0X4] width=4 | 00749764 CMP dword ptr [EBX + 0xc],EAX operand=DWORD PTR [EBX + 0XC] width=4 | 00749773 MOV EAX,dword ptr [EBX + 0x10] operand=DWORD PTR [EBX + 0X10] width=4 | 0074977E PUSH dword ptr [EAX + 0x18] operand=DWORD PTR [EAX + 0X18] width=4 | 00749781 MOV ESI,dword ptr [EAX + 0x14] operand=DWORD PTR [EAX + 0X14] width=4 | ... +14
0074987C	FUN_0074987c	0	param_1	pointer:/undefined4	1	0	0	0	4	0	1	0	mixed_or_wide_pointee	complete mutable byte-buffer machine proof: direct_calls=1, byte_reads=0, byte_writes=0, rep_movs_transports=0, wide_dereferences=4, escapes=0; byte_read_sites=-; byte_write_sites=-; wide_sites=007498E2 MOVSD ES:EDI,ESI string_width=4 | 007498E3 MOVSD ES:EDI,ESI string_width=4 | 007498E4 MOVSD ES:EDI,ESI string_width=4 | 007498E5 MOVSD ES:EDI,ESI string_width=4
00749A93	FUN_00749a93	1	param_1	pointer:/undefined4	1	0	0	0	0	0	1	0	no_byte_read	complete mutable byte-buffer machine proof: direct_calls=1, byte_reads=0, byte_writes=0, rep_movs_transports=0, wide_dereferences=0, escapes=0; byte_read_sites=-; byte_write_sites=-
00749CA4	FUN_00749ca4	2	param_3	pointer:/undefined4	1	0	0	0	0	0	1	0	no_byte_read	complete mutable byte-buffer machine proof: direct_calls=1, byte_reads=0, byte_writes=0, rep_movs_transports=0, wide_dereferences=0, escapes=0; byte_read_sites=-; byte_write_sites=-
0074A0C1	FUN_0074a0c1	2	param_3	pointer:/undefined4	0	0	0	0	0	0	1	0	no_byte_read	complete mutable byte-buffer machine proof: direct_calls=0, byte_reads=0, byte_writes=0, rep_movs_transports=0, wide_dereferences=0, escapes=0; byte_read_sites=-; byte_write_sites=-
0074AB3D	FUN_0074ab3d	1	param_2	pointer:/undefined4	0	0	0	0	0	0	1	0	no_byte_read	complete mutable byte-buffer machine proof: direct_calls=0, byte_reads=0, byte_writes=0, rep_movs_transports=0, wide_dereferences=0, escapes=0; byte_read_sites=-; byte_write_sites=-
0074ABC4	FUN_0074abc4	1	param_1	pointer:/undefined4	1	0	0	0	0	0	1	0	no_byte_read	complete mutable byte-buffer machine proof: direct_calls=1, byte_reads=0, byte_writes=0, rep_movs_transports=0, wide_dereferences=0, escapes=0; byte_read_sites=-; byte_write_sites=-
0074B469	FUN_0074b469	1	param_2	pointer:/undefined4	0	0	0	0	0	0	1	0	no_byte_read	complete mutable byte-buffer machine proof: direct_calls=0, byte_reads=0, byte_writes=0, rep_movs_transports=0, wide_dereferences=0, escapes=0; byte_read_sites=-; byte_write_sites=-
0074B49D	FUN_0074b49d	1	param_2	pointer:/undefined4	0	0	0	0	0	0	1	0	no_byte_read	complete mutable byte-buffer machine proof: direct_calls=0, byte_reads=0, byte_writes=0, rep_movs_transports=0, wide_dereferences=0, escapes=0; byte_read_sites=-; byte_write_sites=-
0074B52E	FUN_0074b52e	1	param_2	pointer:/undefined4	0	0	0	0	0	0	1	0	no_byte_read	complete mutable byte-buffer machine proof: direct_calls=0, byte_reads=0, byte_writes=0, rep_movs_transports=0, wide_dereferences=0, escapes=0; byte_read_sites=-; byte_write_sites=-
0074B6B7	FUN_0074b6b7	2	param_3	pointer:/undefined4	0	0	0	0	0	0	1	0	no_byte_read	complete mutable byte-buffer machine proof: direct_calls=0, byte_reads=0, byte_writes=0, rep_movs_transports=0, wide_dereferences=0, escapes=0; byte_read_sites=-; byte_write_sites=-
0074B719	FUN_0074b719	1	param_2	pointer:/undefined4	0	0	0	0	0	0	1	0	no_byte_read	complete mutable byte-buffer machine proof: direct_calls=0, byte_reads=0, byte_writes=0, rep_movs_transports=0, wide_dereferences=0, escapes=0; byte_read_sites=-; byte_write_sites=-
0074B810	FUN_0074b810	2	param_3	pointer:/undefined4	12	0	0	0	0	0	1	0	no_byte_read	complete mutable byte-buffer machine proof: direct_calls=12, byte_reads=0, byte_writes=0, rep_movs_transports=0, wide_dereferences=0, escapes=0; byte_read_sites=-; byte_write_sites=-
0074B8A6	FUN_0074b8a6	1	param_2	pointer:/undefined4	19	0	0	0	0	0	1	0	no_byte_read	complete mutable byte-buffer machine proof: direct_calls=19, byte_reads=0, byte_writes=0, rep_movs_transports=0, wide_dereferences=0, escapes=0; byte_read_sites=-; byte_write_sites=-
0074B929	FUN_0074b929	1	param_1	pointer:/undefined4	0	0	0	0	0	0	1	0	no_byte_read	complete mutable byte-buffer machine proof: direct_calls=0, byte_reads=0, byte_writes=0, rep_movs_transports=0, wide_dereferences=0, escapes=0; byte_read_sites=-; byte_write_sites=-
0074B945	FUN_0074b945	1	param_1	pointer:/undefined4	0	0	0	0	0	0	1	0	no_byte_read	complete mutable byte-buffer machine proof: direct_calls=0, byte_reads=0, byte_writes=0, rep_movs_transports=0, wide_dereferences=0, escapes=0; byte_read_sites=-; byte_write_sites=-
0074B958	FUN_0074b958	1	param_1	pointer:/undefined4	0	0	0	0	0	0	1	0	no_byte_read	complete mutable byte-buffer machine proof: direct_calls=0, byte_reads=0, byte_writes=0, rep_movs_transports=0, wide_dereferences=0, escapes=0; byte_read_sites=-; byte_write_sites=-
0074B96B	FUN_0074b96b	1	param_1	pointer:/undefined4	1	0	0	0	0	0	1	0	no_byte_read	complete mutable byte-buffer machine proof: direct_calls=1, byte_reads=0, byte_writes=0, rep_movs_transports=0, wide_dereferences=0, escapes=0; byte_read_sites=-; byte_write_sites=-
0074B98A	FUN_0074b98a	1	param_1	pointer:/undefined4	2	0	0	0	0	0	1	0	no_byte_read	complete mutable byte-buffer machine proof: direct_calls=2, byte_reads=0, byte_writes=0, rep_movs_transports=0, wide_dereferences=0, escapes=0; byte_read_sites=-; byte_write_sites=-
0074BA1C	FUN_0074ba1c	1	param_1	pointer:/undefined4	0	0	0	0	0	0	1	0	no_byte_read	complete mutable byte-buffer machine proof: direct_calls=0, byte_reads=0, byte_writes=0, rep_movs_transports=0, wide_dereferences=0, escapes=0; byte_read_sites=-; byte_write_sites=-
0074BC50	FUN_0074bc50	0	param_1	/WinDef.h/LPVOID	5	0	0	0	0	0	1	0	no_byte_read	complete mutable byte-buffer machine proof: direct_calls=5, byte_reads=0, byte_writes=0, rep_movs_transports=0, wide_dereferences=0, escapes=0; byte_read_sites=-; byte_write_sites=-
0074BC6A	FUN_0074bc6a	0	param_1	pointer:/undefined4	3	0	0	0	0	0	1	0	no_byte_read	complete mutable byte-buffer machine proof: direct_calls=3, byte_reads=0, byte_writes=0, rep_movs_transports=0, wide_dereferences=0, escapes=0; byte_read_sites=-; byte_write_sites=-
0074BC89	FUN_0074bc89	1	param_2	pointer:/undefined4	5	0	0	0	0	0	1	0	no_byte_read	complete mutable byte-buffer machine proof: direct_calls=5, byte_reads=0, byte_writes=0, rep_movs_transports=0, wide_dereferences=0, escapes=0; byte_read_sites=-; byte_write_sites=-
0074BD15	FUN_0074bd15	1	param_2	pointer:/undefined4	0	0	0	0	22	1	1	0	mixed_or_wide_pointee	complete mutable byte-buffer machine proof: direct_calls=0, byte_reads=0, byte_writes=0, rep_movs_transports=0, wide_dereferences=22, escapes=1; byte_read_sites=-; byte_write_sites=-; wide_sites=0074BD28 MOVSD ES:EDI,ESI string_width=4 | 0074BD29 MOVSD ES:EDI,ESI string_width=4 | 0074BD2F MOVSD ES:EDI,ESI string_width=4 | 0074BD30 MOVSD ES:EDI,ESI string_width=4 | 0074BD57 MOVSD ES:EDI,ESI string_width=4 | 0074BD58 MOVSD ES:EDI,ESI string_width=4 | 0074BD59 MOVSD ES:EDI,ESI string_width=4 | 0074BD5A MOVSD ES:EDI,ESI string_width=4 | ... +14; escape_sites=0074BD6B MOV dword ptr [EBX + 0x20],EDI alias stored outside a local spill
0074BDE0	FUN_0074bde0	3	param_3	pointer:/undefined4	1	0	0	0	0	0	1	0	no_byte_read	complete mutable byte-buffer machine proof: direct_calls=1, byte_reads=0, byte_writes=0, rep_movs_transports=0, wide_dereferences=0, escapes=0; byte_read_sites=-; byte_write_sites=-
0074BF23	FUN_0074bf23	2	param_3	pointer:/undefined4	0	0	0	0	2	0	1	0	mixed_or_wide_pointee	complete mutable byte-buffer machine proof: direct_calls=0, byte_reads=0, byte_writes=0, rep_movs_transports=0, wide_dereferences=2, escapes=0; byte_read_sites=-; byte_write_sites=-; wide_sites=0074BF7F MOV dword ptr [ESI],ECX operand=DWORD PTR [ESI] width=4 | 0074BF98 MOV dword ptr [ESI],EDI operand=DWORD PTR [ESI] width=4
0074BFBF	FUN_0074bfbf	2	param_2	pointer:/undefined4	1	0	0	0	1	0	1	0	mixed_or_wide_pointee	complete mutable byte-buffer machine proof: direct_calls=1, byte_reads=0, byte_writes=0, rep_movs_transports=0, wide_dereferences=1, escapes=0; byte_read_sites=-; byte_write_sites=-; wide_sites=0074C02B MOV dword ptr [EDX],ECX operand=DWORD PTR [EDX] width=4
0074C49C	FUN_0074c49c	1	param_1	pointer:/undefined4	0	0	0	0	0	0	1	0	no_byte_read	complete mutable byte-buffer machine proof: direct_calls=0, byte_reads=0, byte_writes=0, rep_movs_transports=0, wide_dereferences=0, escapes=0; byte_read_sites=-; byte_write_sites=-
0074C6EA	FUN_0074c6ea	2	param_3	pointer:/undefined4	0	0	0	0	1	1	1	0	mixed_or_wide_pointee	complete mutable byte-buffer machine proof: direct_calls=0, byte_reads=0, byte_writes=0, rep_movs_transports=0, wide_dereferences=1, escapes=1; byte_read_sites=-; byte_write_sites=-; wide_sites=0074C6FD AND dword ptr [EAX],0x0 operand=DWORD PTR [EAX] width=4; escape_sites=0074C722 PUSH EAX alias passed on stack
0074C81F	FUN_0074c81f	1	param_1	pointer:/undefined4	0	0	0	0	0	0	1	0	no_byte_read	complete mutable byte-buffer machine proof: direct_calls=0, byte_reads=0, byte_writes=0, rep_movs_transports=0, wide_dereferences=0, escapes=0; byte_read_sites=-; byte_write_sites=-
0074C952	FUN_0074c952	3	param_3	pointer:/undefined4	1	0	0	0	0	0	1	0	no_byte_read	complete mutable byte-buffer machine proof: direct_calls=1, byte_reads=0, byte_writes=0, rep_movs_transports=0, wide_dereferences=0, escapes=0; byte_read_sites=-; byte_write_sites=-
0074CE2D	FUN_0074ce2d	1	param_2	pointer:/undefined4	0	0	0	0	1	1	1	0	mixed_or_wide_pointee	complete mutable byte-buffer machine proof: direct_calls=0, byte_reads=0, byte_writes=0, rep_movs_transports=0, wide_dereferences=1, escapes=1; byte_read_sites=-; byte_write_sites=-; wide_sites=0074CE8C MOV dword ptr [EBX],EAX operand=DWORD PTR [EBX] width=4; escape_sites=0074CE63 PUSH EBX alias passed on stack
0074D39E	FUN_0074d39e	1	param_1	pointer:/undefined4	0	0	0	0	1	0	1	0	mixed_or_wide_pointee	complete mutable byte-buffer machine proof: direct_calls=0, byte_reads=0, byte_writes=0, rep_movs_transports=0, wide_dereferences=1, escapes=0; byte_read_sites=-; byte_write_sites=-; wide_sites=0074D3C8 MOV dword ptr [EAX],ECX operand=DWORD PTR [EAX] width=4
0074D712	FUN_0074d712	0	param_1	pointer:/undefined4	0	0	2	1	0	0	1	0	no_byte_read	complete mutable byte-buffer machine proof: direct_calls=0, byte_reads=0, byte_writes=2, rep_movs_transports=1, wide_dereferences=0, escapes=0; byte_read_sites=-; byte_write_sites=0074D739 MOVSB.REP ES:EDI,ESI | 0074D756 MOVSB.REP ES:EDI,ESI
0074D712	FUN_0074d712	1	param_2	pointer:/undefined4	0	2	0	1	0	0	1	0	read_only_byte_view	complete mutable byte-buffer machine proof: direct_calls=0, byte_reads=2, byte_writes=0, rep_movs_transports=1, wide_dereferences=0, escapes=0; byte_read_sites=0074D739 MOVSB.REP ES:EDI,ESI | 0074D756 MOVSB.REP ES:EDI,ESI; byte_write_sites=-
0074DCA1	FUN_0074dca1	1	param_2	pointer:/undefined4	2	0	0	0	0	0	1	0	no_byte_read	complete mutable byte-buffer machine proof: direct_calls=2, byte_reads=0, byte_writes=0, rep_movs_transports=0, wide_dereferences=0, escapes=0; byte_read_sites=-; byte_write_sites=-
0074DFF5	FUN_0074dff5	1	param_1	pointer:/undefined4	1	0	0	0	0	0	1	0	no_byte_read	complete mutable byte-buffer machine proof: direct_calls=1, byte_reads=0, byte_writes=0, rep_movs_transports=0, wide_dereferences=0, escapes=0; byte_read_sites=-; byte_write_sites=-
0074E2D9	FUN_0074e2d9	1	param_1	pointer:/undefined4	1	0	0	0	0	0	1	0	no_byte_read	complete mutable byte-buffer machine proof: direct_calls=1, byte_reads=0, byte_writes=0, rep_movs_transports=0, wide_dereferences=0, escapes=0; byte_read_sites=-; byte_write_sites=-
0074E31D	FUN_0074e31d	1	param_2	pointer:/undefined4	1	0	0	0	0	0	1	0	no_byte_read	complete mutable byte-buffer machine proof: direct_calls=1, byte_reads=0, byte_writes=0, rep_movs_transports=0, wide_dereferences=0, escapes=0; byte_read_sites=-; byte_write_sites=-
0074E46D	FUN_0074e46d	2	param_3	pointer:/undefined4	0	0	0	0	0	0	1	0	no_byte_read	complete mutable byte-buffer machine proof: direct_calls=0, byte_reads=0, byte_writes=0, rep_movs_transports=0, wide_dereferences=0, escapes=0; byte_read_sites=-; byte_write_sites=-
0074E57D	FUN_0074e57d	2	param_3	pointer:/undefined4	0	0	0	0	0	0	1	0	no_byte_read	complete mutable byte-buffer machine proof: direct_calls=0, byte_reads=0, byte_writes=0, rep_movs_transports=0, wide_dereferences=0, escapes=0; byte_read_sites=-; byte_write_sites=-
0074E6BE	FUN_0074e6be	2	param_3	pointer:/undefined4	1	0	0	0	0	0	1	0	no_byte_read	complete mutable byte-buffer machine proof: direct_calls=1, byte_reads=0, byte_writes=0, rep_movs_transports=0, wide_dereferences=0, escapes=0; byte_read_sites=-; byte_write_sites=-
0074E7B1	FUN_0074e7b1	3	param_3	pointer:/undefined4	1	0	0	0	0	0	1	0	no_byte_read	complete mutable byte-buffer machine proof: direct_calls=1, byte_reads=0, byte_writes=0, rep_movs_transports=0, wide_dereferences=0, escapes=0; byte_read_sites=-; byte_write_sites=-
0074E847	FUN_0074e847	2	param_3	pointer:/undefined4	0	0	0	0	1	1	1	0	mixed_or_wide_pointee	complete mutable byte-buffer machine proof: direct_calls=0, byte_reads=0, byte_writes=0, rep_movs_transports=0, wide_dereferences=1, escapes=1; byte_read_sites=-; byte_write_sites=-; wide_sites=0074E85A AND dword ptr [EAX],0x0 operand=DWORD PTR [EAX] width=4; escape_sites=0074E86C PUSH EAX alias passed on stack
0074EB3C	FUN_0074eb3c	1	param_1	pointer:/undefined	4	0	0	0	0	0	1	0	no_byte_read	complete mutable byte-buffer machine proof: direct_calls=4, byte_reads=0, byte_writes=0, rep_movs_transports=0, wide_dereferences=0, escapes=0; byte_read_sites=-; byte_write_sites=-
0074EEF3	FUN_0074eef3	3	param_3	pointer:/undefined4	1	0	0	0	0	0	1	0	no_byte_read	complete mutable byte-buffer machine proof: direct_calls=1, byte_reads=0, byte_writes=0, rep_movs_transports=0, wide_dereferences=0, escapes=0; byte_read_sites=-; byte_write_sites=-
0074F1A9	FUN_0074f1a9	2	param_3	pointer:/undefined4	0	0	0	0	0	0	1	0	no_byte_read	complete mutable byte-buffer machine proof: direct_calls=0, byte_reads=0, byte_writes=0, rep_movs_transports=0, wide_dereferences=0, escapes=0; byte_read_sites=-; byte_write_sites=-
0074F368	FUN_0074f368	1	param_2	pointer:/undefined4	0	0	0	0	2	0	1	0	mixed_or_wide_pointee	complete mutable byte-buffer machine proof: direct_calls=0, byte_reads=0, byte_writes=0, rep_movs_transports=0, wide_dereferences=2, escapes=0; byte_read_sites=-; byte_write_sites=-; wide_sites=0074F3AF MOV dword ptr [EDX],EAX operand=DWORD PTR [EDX] width=4 | 0074F3B4 MOV dword ptr [EDX + 0x4],EAX operand=DWORD PTR [EDX + 0X4] width=4
0074F77C	FUN_0074f77c	2	param_3	pointer:/undefined4	0	0	0	0	0	0	1	0	no_byte_read	complete mutable byte-buffer machine proof: direct_calls=0, byte_reads=0, byte_writes=0, rep_movs_transports=0, wide_dereferences=0, escapes=0; byte_read_sites=-; byte_write_sites=-
0074F88C	FUN_0074f88c	2	param_3	pointer:/undefined4	0	0	0	0	0	0	1	0	no_byte_read	complete mutable byte-buffer machine proof: direct_calls=0, byte_reads=0, byte_writes=0, rep_movs_transports=0, wide_dereferences=0, escapes=0; byte_read_sites=-; byte_write_sites=-
0074F99C	FUN_0074f99c	2	param_3	pointer:/undefined4	0	0	0	0	0	0	1	0	no_byte_read	complete mutable byte-buffer machine proof: direct_calls=0, byte_reads=0, byte_writes=0, rep_movs_transports=0, wide_dereferences=0, escapes=0; byte_read_sites=-; byte_write_sites=-
0074FDAB	FUN_0074fdab	2	param_3	pointer:/undefined4	0	0	0	0	0	0	1	0	no_byte_read	complete mutable byte-buffer machine proof: direct_calls=0, byte_reads=0, byte_writes=0, rep_movs_transports=0, wide_dereferences=0, escapes=0; byte_read_sites=-; byte_write_sites=-
00750080	FUN_00750080	1	param_1	pointer:/undefined4	0	0	0	0	2	0	1	0	mixed_or_wide_pointee	complete mutable byte-buffer machine proof: direct_calls=0, byte_reads=0, byte_writes=0, rep_movs_transports=0, wide_dereferences=2, escapes=0; byte_read_sites=-; byte_write_sites=-; wide_sites=0075009F AND dword ptr [EDI],0x0 operand=DWORD PTR [EDI] width=4 | 007500EE MOV dword ptr [EDI],EAX operand=DWORD PTR [EDI] width=4
00750590	FUN_00750590	0	param_1	pointer:/undefined1	2	0	5	0	0	0	1	0	no_byte_read	complete mutable byte-buffer machine proof: direct_calls=2, byte_reads=0, byte_writes=5, rep_movs_transports=0, wide_dereferences=0, escapes=0; byte_read_sites=-; byte_write_sites=007505DD MOV byte ptr [EDI],AL | 007505F9 MOV byte ptr [EDI + -0x2],AL | 007505FC MOV byte ptr [EDI + -0x1],DL | 00750611 MOV byte ptr [EDI],AL | 0075063F MOV byte ptr [EDI + -0x1],AL
00750660	FUN_00750660	0	param_1	pointer:/undefined1	1	0	1	0	0	0	1	0	no_byte_read	complete mutable byte-buffer machine proof: direct_calls=1, byte_reads=0, byte_writes=1, rep_movs_transports=0, wide_dereferences=0, escapes=0; byte_read_sites=-; byte_write_sites=007506BF MOV byte ptr [EDI],AL
00750660	FUN_00750660	2	param_3	pointer:/undefined1	1	1	0	0	0	0	1	0	read_only_byte_view	complete mutable byte-buffer machine proof: direct_calls=1, byte_reads=1, byte_writes=0, rep_movs_transports=0, wide_dereferences=0, escapes=0; byte_read_sites=007506B5 MOV AL,byte ptr [ESI]; byte_write_sites=-
00750660	FUN_00750660	4	param_5	pointer:/undefined1	1	1	0	0	0	0	1	0	read_only_byte_view	complete mutable byte-buffer machine proof: direct_calls=1, byte_reads=1, byte_writes=0, rep_movs_transports=0, wide_dereferences=0, escapes=0; byte_read_sites=007506B8 MOV AH,byte ptr [EBX]; byte_write_sites=-
007508F0	FUN_007508f0	0	param_1	pointer:/undefined4	2	0	0	0	2	1	1	0	mixed_or_wide_pointee	complete mutable byte-buffer machine proof: direct_calls=2, byte_reads=0, byte_writes=0, rep_movs_transports=0, wide_dereferences=2, escapes=1; byte_read_sites=-; byte_write_sites=-; wide_sites=007508FB MOV EAX,dword ptr [ESI] operand=DWORD PTR [ESI] width=4 | 00750903 MOV ECX,dword ptr [ESI + 0x4] operand=DWORD PTR [ESI + 0X4] width=4; escape_sites=0075090C PUSH ESI alias passed on stack
00750920	FUN_00750920	1	param_2	pointer:/undefined4	1	0	0	0	0	1	1	0	escaped_local_proof	complete mutable byte-buffer machine proof: direct_calls=1, byte_reads=0, byte_writes=0, rep_movs_transports=0, wide_dereferences=0, escapes=1; byte_read_sites=-; byte_write_sites=-; escape_sites=00750935 PUSH EDX alias passed on stack
00750940	FUN_00750940	1	param_2	pointer:/undefined4	1	0	0	0	0	1	1	0	escaped_local_proof	complete mutable byte-buffer machine proof: direct_calls=1, byte_reads=0, byte_writes=0, rep_movs_transports=0, wide_dereferences=0, escapes=1; byte_read_sites=-; byte_write_sites=-; escape_sites=00750964 PUSH EDX alias passed on stack
00750970	FUN_00750970	1	param_2	pointer:/undefined4	2	0	0	0	0	1	1	0	escaped_local_proof	complete mutable byte-buffer machine proof: direct_calls=2, byte_reads=0, byte_writes=0, rep_movs_transports=0, wide_dereferences=0, escapes=1; byte_read_sites=-; byte_write_sites=-; escape_sites=00750983 PUSH ECX alias passed on stack
00751980	FUN_00751980	2	param_3	pointer:/undefined4	6	0	0	0	0	1	1	0	escaped_local_proof	complete mutable byte-buffer machine proof: direct_calls=6, byte_reads=0, byte_writes=0, rep_movs_transports=0, wide_dereferences=0, escapes=1; byte_read_sites=-; byte_write_sites=-; escape_sites=007519A8 PUSH ECX alias passed on stack
00751BA0	FUN_00751ba0	2	param_3	pointer:/undefined4	2	0	0	0	0	1	1	0	escaped_local_proof	complete mutable byte-buffer machine proof: direct_calls=2, byte_reads=0, byte_writes=0, rep_movs_transports=0, wide_dereferences=0, escapes=1; byte_read_sites=-; byte_write_sites=-; escape_sites=00751BC8 PUSH ECX alias passed on stack
00751BF0	FUN_00751bf0	2	param_3	pointer:/undefined4	2	0	0	0	0	1	1	0	escaped_local_proof	complete mutable byte-buffer machine proof: direct_calls=2, byte_reads=0, byte_writes=0, rep_movs_transports=0, wide_dereferences=0, escapes=1; byte_read_sites=-; byte_write_sites=-; escape_sites=00751C18 PUSH ECX alias passed on stack
00752030	FUN_00752030	1	lpBuffer	/WinDef.h/LPVOID	0	0	0	0	0	1	1	0	escaped_local_proof	complete mutable byte-buffer machine proof: direct_calls=0, byte_reads=0, byte_writes=0, rep_movs_transports=0, wide_dereferences=0, escapes=1; byte_read_sites=-; byte_write_sites=-; escape_sites=00752040 PUSH ECX alias passed on stack
007530F0	FUN_007530f0	0	param_1	pointer:/undefined4	1	0	0	0	0	1	1	0	escaped_local_proof	complete mutable byte-buffer machine proof: direct_calls=1, byte_reads=0, byte_writes=0, rep_movs_transports=0, wide_dereferences=0, escapes=1; byte_read_sites=-; byte_write_sites=-; escape_sites=00753110 PUSH ECX alias passed on stack
00753260	FUN_00753260	0	param_1	pointer:/undefined4	1	0	0	1	3	1	1	0	mixed_or_wide_pointee	complete mutable byte-buffer machine proof: direct_calls=1, byte_reads=0, byte_writes=0, rep_movs_transports=1, wide_dereferences=3, escapes=1; byte_read_sites=-; byte_write_sites=-; wide_sites=0075326A TEST dword ptr [EAX + 0x8],0x800000 operand=DWORD PTR [EAX + 0X8] width=4 | 00753275 MOV EDI,dword ptr [EAX + 0x34] operand=DWORD PTR [EAX + 0X34] width=4 | 0075327E MOV dword ptr [EAX + 0x1c],ECX operand=DWORD PTR [EAX + 0X1C] width=4; escape_sites=0075328C PUSH EAX alias passed on stack
007532A0	FUN_007532a0	0	param_1	pointer:/undefined4	8	0	0	0	5	2	1	0	mixed_or_wide_pointee	complete mutable byte-buffer machine proof: direct_calls=8, byte_reads=0, byte_writes=0, rep_movs_transports=0, wide_dereferences=5, escapes=2; byte_read_sites=-; byte_write_sites=-; wide_sites=007532B1 MOV EAX,dword ptr [ESI + 0x8] operand=DWORD PTR [ESI + 0X8] width=4 | 007532C1 MOV EAX,dword ptr [ESI + 0x8] operand=DWORD PTR [ESI + 0X8] width=4 | 007532CC MOV ECX,dword ptr [ESI + 0x8] operand=DWORD PTR [ESI + 0X8] width=4 | 007532D5 MOV EDX,dword ptr [ESI + 0x18] operand=DWORD PTR [ESI + 0X18] width=4 | 007532DE MOV EAX,dword ptr [ESI + 0x1c] operand=DWORD PTR [ESI + 0X1C] width=4; escape_sites=007532AB PUSH ESI alias passed on stack | 007532E7 PUSH ESI alias passed on stack
00753AE0	FUN_00753ae0	1	param_2	pointer:/undefined4	2	0	0	0	0	1	1	0	escaped_local_proof	complete mutable byte-buffer machine proof: direct_calls=2, byte_reads=0, byte_writes=0, rep_movs_transports=0, wide_dereferences=0, escapes=1; byte_read_sites=-; byte_write_sites=-; escape_sites=00753AED PUSH EAX alias passed on stack
00753B00	FUN_00753b00	1	param_2	pointer:/undefined4	1	0	0	0	0	2	1	0	escaped_local_proof	complete mutable byte-buffer machine proof: direct_calls=1, byte_reads=0, byte_writes=0, rep_movs_transports=0, wide_dereferences=0, escapes=2; byte_read_sites=-; byte_write_sites=-; escape_sites=00753B1A PUSH ECX alias passed on stack | 00753B31 PUSH ECX alias passed on stack
00754360	FUN_00754360	2	param_3	pointer:/undefined4	3	0	0	0	0	1	1	0	escaped_local_proof	complete mutable byte-buffer machine proof: direct_calls=3, byte_reads=0, byte_writes=0, rep_movs_transports=0, wide_dereferences=0, escapes=1; byte_read_sites=-; byte_write_sites=-; escape_sites=00754371 PUSH ECX alias passed on stack
00754390	FUN_00754390	2	param_3	pointer:/undefined4	2	0	0	0	1	0	1	0	mixed_or_wide_pointee	complete mutable byte-buffer machine proof: direct_calls=2, byte_reads=0, byte_writes=0, rep_movs_transports=0, wide_dereferences=1, escapes=0; byte_read_sites=-; byte_write_sites=-; wide_sites=007543D0 MOV dword ptr [EAX],EDX operand=DWORD PTR [EAX] width=4
00754390	FUN_00754390	3	param_4	pointer:/undefined4	2	0	0	0	1	0	1	0	mixed_or_wide_pointee	complete mutable byte-buffer machine proof: direct_calls=2, byte_reads=0, byte_writes=0, rep_movs_transports=0, wide_dereferences=1, escapes=0; byte_read_sites=-; byte_write_sites=-; wide_sites=007543C8 MOV dword ptr [ECX],EDX operand=DWORD PTR [ECX] width=4
007543F0	FUN_007543f0	1	param_2	pointer:/undefined4	1	0	1	1	0	0	1	0	no_byte_read	complete mutable byte-buffer machine proof: direct_calls=1, byte_reads=0, byte_writes=1, rep_movs_transports=1, wide_dereferences=0, escapes=0; byte_read_sites=-; byte_write_sites=00754523 MOVSB.REP ES:EDI,ESI
007543F0	FUN_007543f0	2	param_3	pointer:/undefined4	1	0	0	0	1	0	1	0	mixed_or_wide_pointee	complete mutable byte-buffer machine proof: direct_calls=1, byte_reads=0, byte_writes=0, rep_movs_transports=0, wide_dereferences=1, escapes=0; byte_read_sites=-; byte_write_sites=-; wide_sites=007544F6 MOV dword ptr [ECX],EAX operand=DWORD PTR [ECX] width=4
007550C0	FUN_007550c0	1	param_2	pointer:/undefined4	2	0	0	0	4	1	1	0	mixed_or_wide_pointee	complete mutable byte-buffer machine proof: direct_calls=2, byte_reads=0, byte_writes=0, rep_movs_transports=0, wide_dereferences=4, escapes=1; byte_read_sites=-; byte_write_sites=-; wide_sites=007550CE MOV EDX,dword ptr [EAX] operand=DWORD PTR [EAX] width=4 | 007550D3 MOV DX,word ptr [EAX + 0xc] operand=WORD PTR [EAX + 0XC] width=2 | 007550DB MOV EDX,dword ptr [EAX + 0x4] operand=DWORD PTR [EAX + 0X4] width=4 | 007550E1 MOV EAX,dword ptr [EAX + 0x8] operand=DWORD PTR [EAX + 0X8] width=4; escape_sites=007550EE AND EAX,0xff unsupported affine alias transform
00755180	FUN_00755180	2	param_3	pointer:/undefined4	2	0	0	0	0	1	1	0	escaped_local_proof	complete mutable byte-buffer machine proof: direct_calls=2, byte_reads=0, byte_writes=0, rep_movs_transports=0, wide_dereferences=0, escapes=1; byte_read_sites=-; byte_write_sites=-; escape_sites=00755295 PUSH EDX alias passed on stack
007553F0	FUN_007553f0	2	param_3	pointer:/undefined4	2	0	0	0	1	0	1	0	mixed_or_wide_pointee	complete mutable byte-buffer machine proof: direct_calls=2, byte_reads=0, byte_writes=0, rep_movs_transports=0, wide_dereferences=1, escapes=0; byte_read_sites=-; byte_write_sites=-; wide_sites=007554F6 MOV dword ptr [ECX],EAX operand=DWORD PTR [ECX] width=4
007553F0	FUN_007553f0	3	param_4	pointer:/undefined4	2	0	0	0	1	0	1	0	mixed_or_wide_pointee	complete mutable byte-buffer machine proof: direct_calls=2, byte_reads=0, byte_writes=0, rep_movs_transports=0, wide_dereferences=1, escapes=0; byte_read_sites=-; byte_write_sites=-; wide_sites=007554FD MOV dword ptr [EAX],EDX operand=DWORD PTR [EAX] width=4
00755DA0	FUN_00755da0	1	param_2	pointer:/undefined4	3	0	0	0	3	1	1	0	mixed_or_wide_pointee	complete mutable byte-buffer machine proof: direct_calls=3, byte_reads=0, byte_writes=0, rep_movs_transports=0, wide_dereferences=3, escapes=1; byte_read_sites=-; byte_write_sites=-; wide_sites=00755DCB MOV dword ptr [EDI],EDX operand=DWORD PTR [EDI] width=4 | 00755DF0 MOV ECX,dword ptr [EDI] operand=DWORD PTR [EDI] width=4 | 00755DF2 MOV EDX,dword ptr [EDI + 0x4] operand=DWORD PTR [EDI + 0X4] width=4; escape_sites=00755DFA PUSH EDI alias passed on stack
00757280	FUN_00757280	0	param_1	pointer:/undefined4	1	0	0	0	10	1	1	0	mixed_or_wide_pointee	complete mutable byte-buffer machine proof: direct_calls=1, byte_reads=0, byte_writes=0, rep_movs_transports=0, wide_dereferences=10, escapes=1; byte_read_sites=-; byte_write_sites=-; wide_sites=00757287 MOV EAX,dword ptr [ESI + 0x10] operand=DWORD PTR [ESI + 0X10] width=4 | 0075728E MOV EAX,dword ptr [ESI] operand=DWORD PTR [ESI] width=4 | 00757297 MOV dword ptr [ESI + 0x10],EAX operand=DWORD PTR [ESI + 0X10] width=4 | 0075729A MOV ECX,dword ptr [ESI + 0x10] operand=DWORD PTR [ESI + 0X10] width=4 | 007572A4 MOV EDX,dword ptr [ESI + 0x10] operand=DWORD PTR [ESI + 0X10] width=4 | 007572AE MOV EAX,dword ptr [ESI + 0x10] operand=DWORD PTR [ESI + 0X10] width=4 | 007572B8 MOV ECX,dword ptr [ESI + 0x10] operand=DWORD PTR [ESI + 0X10] width=4 | 007572C2 MOV EDX,dword ptr [ESI + 0x10] operand=DWORD PTR [ESI + 0X10] width=4 | ... +2; escape_sites=00757294 PUSH ESI alias passed on stack
00757530	FUN_00757530	2	param_3	pointer:/undefined4	8	1	0	1	0	1	1	0	escaped_local_proof	complete mutable byte-buffer machine proof: direct_calls=8, byte_reads=1, byte_writes=0, rep_movs_transports=1, wide_dereferences=0, escapes=1; byte_read_sites=0075759A MOVSB.REP ES:EDI,ESI; byte_write_sites=-; escape_sites=00757565 PUSH ECX alias passed on stack
007576C0	FUN_007576c0	0	param_1	pointer:/undefined4	1	0	0	0	2	1	1	0	mixed_or_wide_pointee	complete mutable byte-buffer machine proof: direct_calls=1, byte_reads=0, byte_writes=0, rep_movs_transports=0, wide_dereferences=2, escapes=1; byte_read_sites=-; byte_write_sites=-; wide_sites=007576CB MOV EAX,dword ptr [ESI] operand=DWORD PTR [ESI] width=4 | 007576D0 MOV dword ptr [ESI + 0x1a2],EAX operand=DWORD PTR [ESI + 0X1A2] width=4; escape_sites=007576CD PUSH ESI alias passed on stack
00759E30	FUN_00759e30	0	param_1	pointer:/undefined4	1	0	0	0	1	1	1	0	mixed_or_wide_pointee	complete mutable byte-buffer machine proof: direct_calls=1, byte_reads=0, byte_writes=0, rep_movs_transports=0, wide_dereferences=1, escapes=1; byte_read_sites=-; byte_write_sites=-; wide_sites=00759E3E MOV ECX,dword ptr [EAX] operand=DWORD PTR [EAX] width=4; escape_sites=00759E3D PUSH EAX alias passed on stack
00759E50	FUN_00759e50	0	param_1	pointer:/undefined4	1	0	0	0	1	1	1	0	mixed_or_wide_pointee	complete mutable byte-buffer machine proof: direct_calls=1, byte_reads=0, byte_writes=0, rep_movs_transports=0, wide_dereferences=1, escapes=1; byte_read_sites=-; byte_write_sites=-; wide_sites=00759E5E MOV ECX,dword ptr [EAX] operand=DWORD PTR [EAX] width=4; escape_sites=00759E5D PUSH EAX alias passed on stack
00759F00	FUN_00759f00	0	param_1	pointer:/undefined4	1	1	0	1	0	0	1	0	read_only_byte_view	complete mutable byte-buffer machine proof: direct_calls=1, byte_reads=1, byte_writes=0, rep_movs_transports=1, wide_dereferences=0, escapes=0; byte_read_sites=00759F1D MOVSB.REP ES:EDI,ESI; byte_write_sites=-
00759F00	FUN_00759f00	1	param_2	pointer:/undefined4	1	0	1	1	0	0	1	0	no_byte_read	complete mutable byte-buffer machine proof: direct_calls=1, byte_reads=0, byte_writes=1, rep_movs_transports=1, wide_dereferences=0, escapes=0; byte_read_sites=-; byte_write_sites=00759F1D MOVSB.REP ES:EDI,ESI
00759F30	FUN_00759f30	0	param_1	pointer:/undefined4	8	0	1	0	1	0	1	0	mixed_or_wide_pointee	complete mutable byte-buffer machine proof: direct_calls=8, byte_reads=0, byte_writes=1, rep_movs_transports=0, wide_dereferences=1, escapes=0; byte_read_sites=-; byte_write_sites=00759F48 STOSB.REP ES:EDI; wide_sites=00759F41 STOSD.REP ES:EDI string_width=4
0075A670	FUN_0075a670	1	param_2	pointer:/undefined4	1	0	0	0	1	0	1	0	mixed_or_wide_pointee	complete mutable byte-buffer machine proof: direct_calls=1, byte_reads=0, byte_writes=0, rep_movs_transports=0, wide_dereferences=1, escapes=0; byte_read_sites=-; byte_write_sites=-; wide_sites=0075A6FF MOV dword ptr [ECX],EAX operand=DWORD PTR [ECX] width=4
0075AE60	FUN_0075ae60	0	param_1	pointer:/undefined4	1	0	0	0	13	1	1	0	mixed_or_wide_pointee	complete mutable byte-buffer machine proof: direct_calls=1, byte_reads=0, byte_writes=0, rep_movs_transports=0, wide_dereferences=13, escapes=1; byte_read_sites=-; byte_write_sites=-; wide_sites=0075AE6E MOV EAX,dword ptr [EDI + 0xd4] operand=DWORD PTR [EDI + 0XD4] width=4 | 0075AE74 MOV ESI,dword ptr [EDI + 0x19a] operand=DWORD PTR [EDI + 0X19A] width=4 | 0075AE85 CMP dword ptr [EDI + 0x98],EBX operand=DWORD PTR [EDI + 0X98] width=4 | 0075AE96 MOV EAX,dword ptr [EDI + 0x1c] operand=DWORD PTR [EDI + 0X1C] width=4 | 0075AE99 MOV ECX,dword ptr [EDI] operand=DWORD PTR [EDI] width=4 | 0075AEAA MOV ECX,dword ptr [EDI + 0x1c] operand=DWORD PTR [EDI + 0X1C] width=4 | 0075AEB0 MOV EAX,dword ptr [EDI + 0xd0] operand=DWORD PTR [EDI + 0XD0] width=4 | 0075AF08 MOV ECX,dword ptr [EDI + 0x98] operand=DWORD PTR [EDI + 0X98] width=4 | ... +5; escape_sites=0075AEA4 PUSH EDI alias passed on stack
0075B540	FUN_0075b540	0	param_1	pointer:/undefined4	4	0	1	0	8	1	1	0	mixed_or_wide_pointee	complete mutable byte-buffer machine proof: direct_calls=4, byte_reads=0, byte_writes=1, rep_movs_transports=0, wide_dereferences=8, escapes=1; byte_read_sites=-; byte_write_sites=0075B6CB MOV byte ptr [EDX],CL; wide_sites=0075B55F MOV ECX,dword ptr [EAX] operand=DWORD PTR [EAX] width=4 | 0075B634 MOV dword ptr [EAX + 0x48],ESI operand=DWORD PTR [EAX + 0X48] width=4 | 0075B639 MOV dword ptr [EAX + -0x44],EDI operand=DWORD PTR [EAX + -0X44] width=4 | 0075B648 MOV dword ptr [EAX],EDI operand=DWORD PTR [EAX] width=4 | 0075B64C MOV dword ptr [EAX],0xffffffff operand=DWORD PTR [EAX] width=4 | 0075B670 MOV dword ptr [ESI + 0x88],0xfffff operand=DWORD PTR [ESI + 0X88] width=4 | 0075B67A STOSD.REP ES:EDI string_width=4 | 0075B6C7 MOV dword ptr [EAX],EBX operand=DWORD PTR [EAX] width=4; escape_sites=0075B55E PUSH EAX alias passed on stack
0075B720	FUN_0075b720	0	param_1	pointer:/undefined4	19	0	0	0	13	0	1	0	mixed_or_wide_pointee	complete mutable byte-buffer machine proof: direct_calls=19, byte_reads=0, byte_writes=0, rep_movs_transports=0, wide_dereferences=13, escapes=0; byte_read_sites=-; byte_write_sites=-; wide_sites=0075B72F MOV EAX,dword ptr [ESI] operand=DWORD PTR [ESI] width=4 | 0075B731 MOV ECX,dword ptr [ESI + 0x4] operand=DWORD PTR [ESI + 0X4] width=4 | 0075B73D MOV EDX,dword ptr [ESI + 0x8] operand=DWORD PTR [ESI + 0X8] width=4 | 0075B748 MOV EAX,dword ptr [ESI + 0x14] operand=DWORD PTR [ESI + 0X14] width=4 | 0075B75A MOV EDX,dword ptr [ESI + 0x14] operand=DWORD PTR [ESI + 0X14] width=4 | 0075B777 MOV EAX,dword ptr [ESI + 0x14] operand=DWORD PTR [ESI + 0X14] width=4 | 0075B785 MOV EDX,dword ptr [ESI + 0x14] operand=DWORD PTR [ESI + 0X14] width=4 | 0075B7A9 MOV dword ptr [ESI + 0x8],EDX operand=DWORD PTR [ESI + 0X8] width=4 | ... +5
0075B800	FUN_0075b800	0	param_1	pointer:/undefined4	6	0	0	0	6	2	1	0	mixed_or_wide_pointee	complete mutable byte-buffer machine proof: direct_calls=6, byte_reads=0, byte_writes=0, rep_movs_transports=0, wide_dereferences=6, escapes=2; byte_read_sites=-; byte_write_sites=-; wide_sites=0075B830 MOV EDX,dword ptr [ESI + 0xc] operand=DWORD PTR [ESI + 0XC] width=4 | 0075B833 MOV EAX,dword ptr [ESI + 0x10] operand=DWORD PTR [ESI + 0X10] width=4 | 0075B874 MOV EDX,dword ptr [EBX + 0xc] operand=DWORD PTR [EBX + 0XC] width=4 | 0075B877 MOV EAX,dword ptr [EBX + 0x10] operand=DWORD PTR [EBX + 0X10] width=4 | 0075B89C MOV dword ptr [EDI + 0x10],EAX operand=DWORD PTR [EDI + 0X10] width=4 | 0075B8A5 MOV dword ptr [EDI + 0xc],EDX operand=DWORD PTR [EDI + 0XC] width=4; escape_sites=0075B81C PUSH ESI alias passed on stack | 0075B86A PUSH EBX alias passed on stack
0075B8E0	FUN_0075b8e0	0	param_1	pointer:/undefined4	1	0	0	0	2	1	1	0	mixed_or_wide_pointee	complete mutable byte-buffer machine proof: direct_calls=1, byte_reads=0, byte_writes=0, rep_movs_transports=0, wide_dereferences=2, escapes=1; byte_read_sites=-; byte_write_sites=-; wide_sites=0075B8EB MOV EAX,dword ptr [ESI] operand=DWORD PTR [ESI] width=4 | 0075B8F0 MOV dword ptr [ESI + 0x1aa],EAX operand=DWORD PTR [ESI + 0X1AA] width=4; escape_sites=0075B8ED PUSH ESI alias passed on stack
0075BED0	FUN_0075bed0	0	param_1	pointer:/undefined4	1	0	0	0	7	2	1	0	mixed_or_wide_pointee	complete mutable byte-buffer machine proof: direct_calls=1, byte_reads=0, byte_writes=0, rep_movs_transports=0, wide_dereferences=7, escapes=2; byte_read_sites=-; byte_write_sites=-; wide_sites=0075BEDD MOV EAX,dword ptr [ESI] operand=DWORD PTR [ESI] width=4 | 0075BEE1 MOV dword ptr [ESI + 0x1aa],EAX operand=DWORD PTR [ESI + 0X1AA] width=4 | 0075BEFD MOV EAX,dword ptr [ESI + 0x1c] operand=DWORD PTR [ESI + 0X1C] width=4 | 0075BF00 MOV EDX,dword ptr [ESI] operand=DWORD PTR [ESI] width=4 | 0075BF0B MOV dword ptr [ESI + 0x98],EAX operand=DWORD PTR [ESI + 0X98] width=4 | 0075BF13 MOV EAX,dword ptr [ESI + 0x1c] operand=DWORD PTR [ESI + 0X1C] width=4 | 0075BF2F MOV EAX,dword ptr [ESI + 0x1c] operand=DWORD PTR [ESI + 0X1C] width=4; escape_sites=0075BEDC PUSH ESI alias passed on stack | 0075BF08 PUSH ESI alias passed on stack
0075CB40	FUN_0075cb40	0	param_1	pointer:/undefined4	1	0	0	0	7	2	1	0	mixed_or_wide_pointee	complete mutable byte-buffer machine proof: direct_calls=1, byte_reads=0, byte_writes=0, rep_movs_transports=0, wide_dereferences=7, escapes=2; byte_read_sites=-; byte_write_sites=-; wide_sites=0075CB4E MOV EAX,dword ptr [ESI] operand=DWORD PTR [ESI] width=4 | 0075CB52 MOV dword ptr [ESI + 0x1ae],EAX operand=DWORD PTR [ESI + 0X1AE] width=4 | 0075CB5E MOV EDX,dword ptr [ESI + 0x1c] operand=DWORD PTR [ESI + 0X1C] width=4 | 0075CB61 MOV ECX,dword ptr [ESI + 0xd0] operand=DWORD PTR [ESI + 0XD0] width=4 | 0075CB7A MOV ECX,dword ptr [ESI] operand=DWORD PTR [ESI] width=4 | 0075CBA0 MOV dword ptr [EAX],0xffffffff operand=DWORD PTR [EAX] width=4 | 0075CBAC MOV EAX,dword ptr [ESI + 0x1c] operand=DWORD PTR [ESI + 0X1C] width=4; escape_sites=0075CB4D PUSH ESI alias passed on stack | 0075CB83 PUSH ESI alias passed on stack
