function_address	function	target_kind	target_ordinal	target_name	current_type	storage	source	candidate_type	strong_evidence	candidate_sites	status	type_evidence	evidence_sites
0040100A	STAllPlayersC::DistributeGuardBoats	return		<RETURN>	/undefined	<UNASSIGNED>	DEFAULT		0	0	no_evidence		-
0040100F	MTaskTy::NoneMTask	return		<RETURN>	/undefined	<UNASSIGNED>	DEFAULT		0	0	no_evidence		-
00401019	CPanelTy::Update2PanelWB	return		<RETURN>	/undefined	<UNASSIGNED>	DEFAULT		0	0	no_evidence		-
0040101E	thunk_FUN_004df8f0	return		<RETURN>	/undefined4	EAX:4	DEFAULT		0	0	no_evidence		-
00401028	STAllPlayersC::DeleteGuardBoat	return		<RETURN>	/undefined	<UNASSIGNED>	DEFAULT		0	0	no_evidence		-
0040102D	thunk_FUN_00680710	parameter	1	param_2	/undefined4	Stack[0x8]:4	DEFAULT		0	0	no_evidence		-
00401032	FSGSTy::OutLadProc	return		<RETURN>	/undefined	<UNASSIGNED>	DEFAULT		0	0	no_evidence		-
0040103C	thunk_FUN_00590130	parameter	1	param_1	/undefined4	Stack[0x4]:4	DEFAULT		0	0	no_evidence		-
0040103C	thunk_FUN_00590130	return		<RETURN>	/undefined	<UNASSIGNED>	DEFAULT		0	0	no_evidence		-
00401046	STLightC::sub_0061D6D0	return		<RETURN>	/undefined	<UNASSIGNED>	DEFAULT		0	0	no_evidence		-
0040104B	thunk_FUN_005797b0	return		<RETURN>	/undefined4	EAX:4	DEFAULT		0	0	no_evidence		-
0040105A	thunk_FUN_00627850	parameter	0	param_1	/undefined4	Stack[0x4]:4	DEFAULT		0	0	no_evidence		-
0040105A	thunk_FUN_00627850	parameter	1	param_2	/undefined4	Stack[0x8]:4	DEFAULT		0	0	no_evidence		-
0040105A	thunk_FUN_00627850	parameter	2	param_3	/undefined4	Stack[0xc]:4	DEFAULT		0	0	no_evidence		-
0040105A	thunk_FUN_00627850	parameter	3	param_4	/undefined4	Stack[0x10]:4	DEFAULT		0	0	no_evidence		-
0040105A	thunk_FUN_00627850	parameter	7	param_8	/undefined4	Stack[0x20]:4	DEFAULT		0	0	no_evidence		-
0040105A	thunk_FUN_00627850	parameter	9	param_10	/undefined4	Stack[0x28]:4	DEFAULT		0	0	no_evidence		-
0040105A	thunk_FUN_00627850	return		<RETURN>	/undefined	<UNASSIGNED>	DEFAULT		0	0	no_evidence		-
00401064	STT3DSprC::SetCurFase	return		<RETURN>	/undefined4	EAX:4	DEFAULT		0	0	no_evidence		-
00401069	thunk_FUN_00683280	return		<RETURN>	/undefined	<UNASSIGNED>	DEFAULT		0	0	no_evidence		-
00401073	thunk_FUN_00621780	return		<RETURN>	/undefined	<UNASSIGNED>	DEFAULT		0	0	no_evidence		-
0040107D	thunk_FUN_004e8dc0	return		<RETURN>	/undefined4	EAX:4	DEFAULT		0	0	no_evidence		-
00401082	TLOBaseTy::SetActivity	return		<RETURN>	/undefined	<UNASSIGNED>	DEFAULT		0	0	no_evidence		-
00401087	TLOBaseTy::sub_004C56B0	return		<RETURN>	/undefined4	EAX:4	DEFAULT		0	0	no_evidence		-
0040109B	thunk_FUN_005803e0	return		<RETURN>	/undefined	<UNASSIGNED>	DEFAULT		0	0	no_evidence		-
004010AF	thunk_FUN_00682050	return		<RETURN>	/undefined4	EAX:4	DEFAULT		0	0	no_evidence		-
004010B4	thunk_FUN_0067f1d0	return		<RETURN>	/undefined	<UNASSIGNED>	DEFAULT		0	0	no_evidence		-
004010B9	CursorClassTy::InitCursor	parameter	1	param_1	/undefined4	Stack[0x4]:4	DEFAULT		0	0	no_evidence		-
004010B9	CursorClassTy::InitCursor	return		<RETURN>	/undefined	<UNASSIGNED>	DEFAULT		0	0	no_evidence		-
004010BE	STGroupBoatC::GrpAttack	return		<RETURN>	/undefined4	EAX:4	DEFAULT		0	0	no_evidence		-
004010C3	thunk_FUN_0058cfe0	return		<RETURN>	/undefined4	EAX:4	DEFAULT		0	0	no_evidence		-
004010C8	thunk_FUN_004d83d0	parameter	0	param_1	/undefined1	Stack[0x4]:1	DEFAULT		0	0	no_evidence		-
004010C8	thunk_FUN_004d83d0	return		<RETURN>	/undefined4	EAX:4	DEFAULT		0	0	no_evidence		-
004010CD	thunk_FUN_00496f00	return		<RETURN>	/undefined4	EAX:4	DEFAULT		0	0	no_evidence		-
004010D7	LandInit	return		<RETURN>	/undefined	<UNASSIGNED>	DEFAULT		0	0	no_evidence		-
004010DC	thunk_FUN_006799b0	return		<RETURN>	/undefined	<UNASSIGNED>	DEFAULT		0	0	no_evidence		-
004010E6	thunk_FUN_0056a2a0	return		<RETURN>	/undefined4	EAX:4	DEFAULT		0	0	no_evidence		-
004010EB	thunk_FUN_00637c50	return		<RETURN>	/undefined	<UNASSIGNED>	DEFAULT		0	0	no_evidence		-
004010F0	thunk_FUN_0044cdb0	return		<RETURN>	/undefined	<UNASSIGNED>	DEFAULT		0	0	no_evidence		-
004010F5	STFieldC::sub_00609CD0	return		<RETURN>	/undefined	<UNASSIGNED>	DEFAULT		0	0	no_evidence		-
004010FA	thunk_FUN_00697cf0	return		<RETURN>	/undefined	<UNASSIGNED>	DEFAULT		0	0	no_evidence		-
00401104	thunk_FUN_006a3c10	return		<RETURN>	/undefined	<UNASSIGNED>	DEFAULT		0	0	no_evidence		-
00401109	thunk_FUN_00619540	parameter	1	param_2	/undefined4	Stack[0x8]:4	DEFAULT		0	0	no_evidence		-
0040110E	WaitTy::CloseButtons	return		<RETURN>	/undefined	<UNASSIGNED>	DEFAULT		0	0	no_evidence		-
00401113	STBoatC::BackBuild	parameter	2	param_2	/undefined4	Stack[0x8]:4	DEFAULT		0	0	no_evidence		-
00401113	STBoatC::BackBuild	parameter	3	param_3	/undefined4	Stack[0xc]:4	DEFAULT		0	0	no_evidence		-
00401122	thunk_FUN_004dbb60	return		<RETURN>	/undefined4	EAX:4	DEFAULT		0	0	no_evidence		-
00401127	TraksClassTy::DrawTrakSprite	return		<RETURN>	/undefined	<UNASSIGNED>	DEFAULT		0	0	no_evidence		-
0040112C	thunk_FUN_006a3c50	return		<RETURN>	/undefined	<UNASSIGNED>	DEFAULT		0	0	no_evidence		-
00401140	thunk_FUN_0060aa00	return		<RETURN>	/undefined	<UNASSIGNED>	DEFAULT		0	0	no_evidence		-
00401145	MTestTy::DoneMTest	return		<RETURN>	/undefined	<UNASSIGNED>	DEFAULT		0	0	no_evidence		-
0040114F	thunk_FUN_0055d630	parameter	1	param_1	/undefined4	Stack[0x4]:4	DEFAULT		0	0	no_evidence		-
0040114F	thunk_FUN_0055d630	parameter	3	param_3	/undefined4	Stack[0xc]:4	DEFAULT		0	0	no_evidence		-
0040114F	thunk_FUN_0055d630	return		<RETURN>	/undefined	<UNASSIGNED>	DEFAULT		0	0	no_evidence		-
00401154	thunk_FUN_004e3880	return		<RETURN>	/undefined4	EAX:4	DEFAULT		0	0	no_evidence		-
00401159	SubmarineTitans::Recovered::HiddenThis::AnonReceiver_00644410::sub_00645F10	return		<RETURN>	/undefined	<UNASSIGNED>	DEFAULT		0	0	no_evidence		-
0040115E	thunk_FUN_005800e0	return		<RETURN>	/undefined	<UNASSIGNED>	DEFAULT		0	0	no_evidence		-
0040116D	STT3DSprC::sub_004ACE30	return		<RETURN>	/undefined	<UNASSIGNED>	DEFAULT		0	0	no_evidence		-
0040117C	thunk_FUN_00648400	parameter	1	param_2	/undefined4	Stack[0x8]:4	DEFAULT		0	0	no_evidence		-
00401186	thunk_FUN_004ab650	return		<RETURN>	/undefined	<UNASSIGNED>	DEFAULT		0	0	no_evidence		-
00401195	thunk_FUN_004c6070	return		<RETURN>	/undefined4	EAX:4	DEFAULT		0	0	no_evidence		-
0040119F	thunk_FUN_00620030	return		<RETURN>	/undefined4	EAX:4	DEFAULT		0	0	no_evidence		-
004011B3	ResearchPanelTy::InitResearchPanel	return		<RETURN>	/undefined	<UNASSIGNED>	DEFAULT		0	0	no_evidence		-
004011BD	thunk_FUN_004e5a10	return		<RETURN>	/undefined	<UNASSIGNED>	DEFAULT		0	0	no_evidence		-
004011C7	thunk_FUN_0044ede0	return		<RETURN>	/undefined	<UNASSIGNED>	DEFAULT		0	0	no_evidence		-
004011CC	thunk_FUN_0064e680	return		<RETURN>	/undefined4	EAX:4	DEFAULT		0	0	no_evidence		-
004011D1	STBoatC::CreateGame	parameter	2	param_2	/undefined4	Stack[0x8]:4	DEFAULT		0	0	no_evidence		-
004011DB	STBoatC::ReleaseLoad	parameter	1	param_1	/undefined4	Stack[0x4]:4	DEFAULT		0	0	no_evidence		-
004011DB	STBoatC::ReleaseLoad	return		<RETURN>	/undefined	<UNASSIGNED>	DEFAULT		0	0	no_evidence		-
004011EA	BldBoatPanelTy::PaintBldBut	return		<RETURN>	/undefined	<UNASSIGNED>	DEFAULT		0	0	no_evidence		-
004011EF	thunk_FUN_004cc370	return		<RETURN>	/undefined4	EAX:4	DEFAULT		0	0	no_evidence		-
004011F4	thunk_FUN_00494160	return		<RETURN>	/undefined	<UNASSIGNED>	DEFAULT		0	0	no_evidence		-
004011F9	thunk_FUN_00617c30	return		<RETURN>	/undefined4	EAX:4	DEFAULT		0	0	no_evidence		-
0040120D	thunk_FUN_006507e0	return		<RETURN>	/undefined4	EAX:4	DEFAULT		0	0	no_evidence		-
00401212	thunk_FUN_0056a8d0	return		<RETURN>	/undefined	<UNASSIGNED>	DEFAULT		0	0	no_evidence		-
00401217	MReportTy::OutTGlProc	parameter	2	param_2	/undefined4	Stack[0x8]:4	DEFAULT		0	0	no_evidence		-
00401217	MReportTy::OutTGlProc	parameter	3	param_3	/undefined4	Stack[0xc]:4	DEFAULT		0	0	no_evidence		-
00401217	MReportTy::OutTGlProc	return		<RETURN>	/undefined	<UNASSIGNED>	DEFAULT		0	0	no_evidence		-
0040121C	STAppC::STAppC	parameter	1	param_1	/undefined4	Stack[0x4]:4	DEFAULT		0	0	no_evidence		-
00401221	thunk_FUN_00606cd0	return		<RETURN>	/undefined4	EAX:4	DEFAULT		0	0	no_evidence		-
00401230	cLoadingTy::DrawLineCR	return		<RETURN>	/undefined	<UNASSIGNED>	DEFAULT		0	0	no_evidence		-
00401235	thunk_FUN_00495750	return		<RETURN>	/undefined4	EAX:4	DEFAULT		0	0	no_evidence		-
0040123F	thunk_FUN_00637d80	return		<RETURN>	/undefined	<UNASSIGNED>	DEFAULT		0	0	no_evidence		-
00401249	thunk_FUN_0052a2d0	return		<RETURN>	/undefined4	EAX:4	DEFAULT		0	0	no_evidence		-
00401253	SoundClassTy::CheckFader	return		<RETURN>	/undefined	<UNASSIGNED>	DEFAULT		0	0	no_evidence		-
00401258	thunk_FUN_004602e0	return		<RETURN>	/undefined	<UNASSIGNED>	DEFAULT		0	0	no_evidence		-
0040125D	thunk_FUN_006a1bb0	parameter	7	param_8	/undefined4	Stack[0x20]:4	DEFAULT		0	0	no_evidence		-
0040125D	thunk_FUN_006a1bb0	return		<RETURN>	/undefined4	EAX:4	DEFAULT		0	0	no_evidence		-
00401267	thunk_FUN_004d8230	return		<RETURN>	/undefined4	EAX:4	DEFAULT		0	0	no_evidence		-
0040127B	thunk_FUN_0060ea30	return		<RETURN>	/undefined4	EAX:4	DEFAULT		0	0	no_evidence		-
0040128F	thunk_FUN_005822b0	parameter	1	param_1	/undefined4	Stack[0x4]:4	DEFAULT		0	0	no_evidence		-
0040128F	thunk_FUN_005822b0	return		<RETURN>	/undefined	<UNASSIGNED>	DEFAULT		0	0	no_evidence		-
00401294	STAllPlayersC::RegisterContainer	return		<RETURN>	/undefined4	EAX:4	DEFAULT		0	0	no_evidence		-
0040129E	thunk_FUN_0054cd90	return		<RETURN>	/undefined4	EAX:4	DEFAULT		0	0	no_evidence		-
004012A3	VisibleClassTy::sub_0055A4C0	return		<RETURN>	/undefined	<UNASSIGNED>	DEFAULT		0	0	no_evidence		-
004012A8	CGenerate::sub_006A0150	return		<RETURN>	/undefined4	EAX:4	DEFAULT		0	0	no_evidence		-
004012B2	thunk_FUN_004b2520	return		<RETURN>	/undefined4	EAX:4	DEFAULT		0	0	no_evidence		-
004012B7	thunk_FUN_0068cda0	return		<RETURN>	/undefined	<UNASSIGNED>	DEFAULT		0	0	no_evidence		-
004012BC	thunk_FUN_00623600	return		<RETURN>	/undefined	<UNASSIGNED>	DEFAULT		0	0	no_evidence		-
004012C1	thunk_FUN_004c5350	parameter	5	param_5	/undefined4	Stack[0x14]:4	DEFAULT		0	0	no_evidence		-
004012C6	STMineSetC::LoadImagMineSet	return		<RETURN>	/undefined4	EAX:4	DEFAULT		0	0	no_evidence		-
004012CB	thunk_FUN_0064dd70	parameter	0	param_1	/undefined4	Stack[0x4]:4	DEFAULT		0	0	no_evidence		-
004012CB	thunk_FUN_0064dd70	parameter	1	param_2	/undefined4	Stack[0x8]:4	DEFAULT		0	0	no_evidence		-
004012CB	thunk_FUN_0064dd70	parameter	3	param_4	/undefined4	Stack[0x10]:4	DEFAULT		0	0	no_evidence		-
004012CB	thunk_FUN_0064dd70	return		<RETURN>	/undefined4	EAX:4	DEFAULT		0	0	no_evidence		-
004012DF	thunk_FUN_004cd390	return		<RETURN>	/undefined4	EAX:4	DEFAULT		0	0	no_evidence		-
004012E4	STParticleC::sub_00629F90	parameter	2	param_2	/undefined4	Stack[0x8]:4	DEFAULT		0	0	no_evidence		-
004012E4	STParticleC::sub_00629F90	return		<RETURN>	/undefined4	EAX:4	DEFAULT		0	0	no_evidence		-
004012E9	thunk_FUN_00680550	parameter	0	param_1	/undefined1	Stack[0x4]:1	DEFAULT		0	0	no_evidence		-
004012E9	thunk_FUN_00680550	return		<RETURN>	/undefined	<UNASSIGNED>	DEFAULT		0	0	no_evidence		-
004012EE	thunk_FUN_004dfe90	return		<RETURN>	/undefined4	EAX:4	DEFAULT		0	0	no_evidence		-
004012F3	STManRuinC::sub_00631560	return		<RETURN>	/undefined	<UNASSIGNED>	DEFAULT		0	0	no_evidence		-
004012F8	_EnumPlObj	parameter	0	param_1	/undefined4	Stack[0x4]:4	DEFAULT		0	0	no_evidence		-
004012FD	thunk_FUN_0060a9d0	return		<RETURN>	/undefined	<UNASSIGNED>	DEFAULT		0	0	no_evidence		-
00401302	thunk_FUN_004ec050	return		<RETURN>	/undefined4	EAX:4	DEFAULT		0	0	no_evidence		-
00401307	thunk_FUN_0055c0e0	parameter	2	param_2	/undefined4	Stack[0x8]:4	DEFAULT		0	0	no_evidence		-
00401307	thunk_FUN_0055c0e0	return		<RETURN>	/undefined	<UNASSIGNED>	DEFAULT		0	0	no_evidence		-
0040130C	thunk_FUN_0065d630	parameter	1	param_2	/undefined4	EDX:4	DEFAULT		0	0	no_evidence		-
0040130C	thunk_FUN_0065d630	return		<RETURN>	/undefined	<UNASSIGNED>	DEFAULT		0	0	no_evidence		-
00401311	TLOBaseTy::sub_004B7F90	return		<RETURN>	/undefined4	EAX:4	DEFAULT		0	0	no_evidence		-
00401316	thunk_FUN_004ab810	return		<RETURN>	/undefined	<UNASSIGNED>	DEFAULT		0	0	no_evidence		-
0040131B	thunk_FUN_0062f150	return		<RETURN>	/undefined	<UNASSIGNED>	DEFAULT		0	0	no_evidence		-
00401320	thunk_FUN_004dce00	return		<RETURN>	/undefined4	EAX:4	DEFAULT		0	0	no_evidence		-
00401325	DumpClassC::WritePtr	return		<RETURN>	/undefined4	EAX:4	DEFAULT		0	0	no_evidence		-
0040132A	thunk_FUN_00668a30	return		<RETURN>	/undefined4	EAX:4	DEFAULT		0	0	no_evidence		-
0040132F	SAMPanelTy::InitSAMPanel	return		<RETURN>	/undefined	<UNASSIGNED>	DEFAULT		0	0	no_evidence		-
00401334	PopUpTy::ChangeNumStr	return		<RETURN>	/undefined	<UNASSIGNED>	DEFAULT		0	0	no_evidence		-
00401339	thunk_FUN_004ab030	return		<RETURN>	/undefined1	AL:1	DEFAULT		0	0	no_evidence		-
0040133E	thunk_FUN_004c7230	return		<RETURN>	/undefined	<UNASSIGNED>	DEFAULT		0	0	no_evidence		-
0040134D	thunk_FUN_004ed4b0	return		<RETURN>	/undefined4	EAX:4	DEFAULT		0	0	no_evidence		-
00401352	thunk_FUN_004168b0	return		<RETURN>	/undefined	<UNASSIGNED>	DEFAULT		0	0	no_evidence		-
0040135C	CPanelTy::sub_00501A10	return		<RETURN>	/undefined	<UNASSIGNED>	DEFAULT		0	0	no_evidence		-
00401361	thunk_FUN_004d8d00	return		<RETURN>	/undefined4	EAX:4	DEFAULT		0	0	no_evidence		-
0040136B	thunk_FUN_00647c80	return		<RETURN>	/undefined	<UNASSIGNED>	DEFAULT		0	0	no_evidence		-
00401370	thunk_FUN_005508f0	return		<RETURN>	/undefined	<UNASSIGNED>	DEFAULT		0	0	no_evidence		-
00401389	CPanelTy::Update2PanelSI	return		<RETURN>	/undefined	<UNASSIGNED>	DEFAULT		0	0	no_evidence		-
00401393	thunk_FUN_00567490	return		<RETURN>	/undefined	<UNASSIGNED>	DEFAULT		0	0	no_evidence		-
00401398	HelpPanelTy::DoneHelpPanel	return		<RETURN>	/undefined	<UNASSIGNED>	DEFAULT		0	0	no_evidence		-
004013A2	thunk_FUN_004ce0f0	return		<RETURN>	/undefined	<UNASSIGNED>	DEFAULT		0	0	no_evidence		-
004013A7	SettMapMTy::AddPlayerList	return		<RETURN>	/undefined	<UNASSIGNED>	DEFAULT		0	0	no_evidence		-
004013AC	thunk_FUN_0055c550	return		<RETURN>	/undefined	<UNASSIGNED>	DEFAULT		0	0	no_evidence		-
004013B1	thunk_FUN_005782d0	return		<RETURN>	/undefined	<UNASSIGNED>	DEFAULT		0	0	no_evidence		-
004013BB	STManRuinC::sub_00631450	return		<RETURN>	/undefined4	EAX:4	DEFAULT		0	0	no_evidence		-
004013C0	thunk_FUN_005f89f0	return		<RETURN>	/undefined4	EAX:4	DEFAULT		0	0	no_evidence		-
004013C5	thunk_FUN_004d6c70	return		<RETURN>	/undefined	<UNASSIGNED>	DEFAULT		0	0	no_evidence		-
004013CA	thunk_FUN_004ea530	return		<RETURN>	/undefined4	EAX:4	DEFAULT		0	0	no_evidence		-
004013D9	CampaignTy::InitCampaign	parameter	1	param_1	/undefined4	Stack[0x4]:4	DEFAULT		0	0	no_evidence		-
004013D9	CampaignTy::InitCampaign	return		<RETURN>	/undefined	<UNASSIGNED>	DEFAULT		0	0	no_evidence		-
004013DE	thunk_FUN_004df8c0	return		<RETURN>	/undefined4	EAX:4	DEFAULT		0	0	no_evidence		-
004013E8	thunk_FUN_00419c50	return		<RETURN>	/undefined	<UNASSIGNED>	DEFAULT		0	0	no_evidence		-
004013ED	thunk_FUN_006029c0	return		<RETURN>	/undefined4	EAX:4	DEFAULT		0	0	no_evidence		-
004013F2	_EnumDest	parameter	9	param_10	/undefined4	Stack[0x28]:4	DEFAULT		0	0	no_evidence		-
004013FC	thunk_FUN_00672a70	return		<RETURN>	/undefined	<UNASSIGNED>	DEFAULT		0	0	no_evidence		-
00401410	CPanelTy::sub_004F9120	parameter	3	param_3	/undefined4	Stack[0xc]:4	DEFAULT		0	0	no_evidence		-
0040141A	thunk_FUN_004b9d90	return		<RETURN>	/undefined4	EAX:4	DEFAULT		0	0	no_evidence		-
0040141F	VisibleClassTy::SetZoneAst	return		<RETURN>	/undefined	<UNASSIGNED>	DEFAULT		0	0	no_evidence		-
00401424	thunk_FUN_0061dfe0	return		<RETURN>	/undefined	<UNASSIGNED>	DEFAULT		0	0	no_evidence		-
0040142E	thunk_FUN_004c91a0	return		<RETURN>	/undefined4	EAX:4	DEFAULT		0	0	no_evidence		-
0040143D	STGroupBoatC::DistributeMD	return		<RETURN>	/undefined	<UNASSIGNED>	DEFAULT		0	0	no_evidence		-
00401442	thunk_FUN_004db980	return		<RETURN>	/undefined4	EAX:4	DEFAULT		0	0	no_evidence		-
0040144C	thunk_FUN_004d7390	return		<RETURN>	/undefined	<UNASSIGNED>	DEFAULT		0	0	no_evidence		-
00401451	thunk_FUN_00483e30	return		<RETURN>	/undefined4	EAX:4	DEFAULT		0	0	no_evidence		-
00401460	thunk_FUN_005fb600	return		<RETURN>	/undefined4	EAX:4	DEFAULT		0	0	no_evidence		-
0040146A	thunk_FUN_0052a6f0	return		<RETURN>	/undefined4	EAX:4	DEFAULT		0	0	no_evidence		-
00401479	thunk_FUN_00580fa0	return		<RETURN>	/undefined	<UNASSIGNED>	DEFAULT		0	0	no_evidence		-
0040147E	STBoatC::StopMove	return		<RETURN>	/undefined4	EAX:4	DEFAULT		0	0	no_evidence		-
00401483	STDestC::sub_00603120	return		<RETURN>	/undefined4	EAX:4	DEFAULT		0	0	no_evidence		-
0040148D	thunk_FUN_0065fd00	parameter	1	param_2	/undefined4	EDX:4	DEFAULT		0	0	no_evidence		-
0040149C	ChooseMapTy::DeleteCtrls	return		<RETURN>	/undefined	<UNASSIGNED>	DEFAULT		0	0	no_evidence		-
004014A1	CPanelTy::InitCPanel	return		<RETURN>	/undefined	<UNASSIGNED>	DEFAULT		0	0	no_evidence		-
004014B5	STMineSetC::sub_00624920	return		<RETURN>	/undefined4	EAX:4	DEFAULT		0	0	no_evidence		-
004014BA	thunk_FUN_00482db0	parameter	1	param_2	/undefined4	EDX:4	DEFAULT		0	0	no_evidence		-
004014BF	AiFltClassTy::sub_0065F980	return		<RETURN>	/undefined	<UNASSIGNED>	DEFAULT		0	0	no_evidence		-
004014CE	WaitTy::DeleteCtrls	return		<RETURN>	/undefined	<UNASSIGNED>	DEFAULT		0	0	no_evidence		-
004014D8	thunk_FUN_0052d320	return		<RETURN>	/undefined	<UNASSIGNED>	DEFAULT		0	0	no_evidence		-
004014DD	thunk_FUN_006383e0	parameter	3	param_4	/undefined4	Stack[0x10]:4	DEFAULT		0	0	no_evidence		-
004014DD	thunk_FUN_006383e0	parameter	6	param_7	/undefined4	Stack[0x1c]:4	DEFAULT		0	0	no_evidence		-
004014DD	thunk_FUN_006383e0	parameter	7	param_8	/undefined4	Stack[0x20]:4	DEFAULT		0	0	no_evidence		-
004014E2	thunk_FUN_004be110	return		<RETURN>	/undefined	<UNASSIGNED>	DEFAULT		0	0	no_evidence		-
004014E7	thunk_FUN_0041acc0	return		<RETURN>	/undefined	<UNASSIGNED>	DEFAULT		0	0	no_evidence		-
004014F1	thunk_FUN_004244d0	return		<RETURN>	/undefined	<UNASSIGNED>	DEFAULT		0	0	no_evidence		-
004014F6	AiFltClassTy::sub_00664760	return		<RETURN>	/undefined	<UNASSIGNED>	DEFAULT		0	0	no_evidence		-
00401505	thunk_FUN_00650b10	return		<RETURN>	/undefined4	EAX:4	DEFAULT		0	0	no_evidence		-
0040150A	thunk_FUN_0056f930	return		<RETURN>	/undefined4	EAX:4	DEFAULT		0	0	no_evidence		-
00401519	thunk_FUN_004ab530	return		<RETURN>	/undefined	<UNASSIGNED>	DEFAULT		0	0	no_evidence		-
0040151E	thunk_FUN_00578370	return		<RETURN>	/undefined	<UNASSIGNED>	DEFAULT		0	0	no_evidence		-
00401528	thunk_FUN_00647ed0	return		<RETURN>	/undefined	<UNASSIGNED>	DEFAULT		0	0	no_evidence		-
0040152D	thunk_FUN_00620520	parameter	1	param_1	/undefined4	Stack[0x4]:4	DEFAULT		0	0	no_evidence		-
0040152D	thunk_FUN_00620520	parameter	3	param_3	/undefined4	Stack[0xc]:4	DEFAULT		0	0	no_evidence		-
0040152D	thunk_FUN_00620520	parameter	4	param_4	/undefined4	Stack[0x10]:4	DEFAULT		0	0	no_evidence		-
00401532	thunk_FUN_004e99e0	parameter	1	param_1	/undefined4	Stack[0x4]:4	DEFAULT		0	0	no_evidence		-
00401532	thunk_FUN_004e99e0	parameter	2	param_2	/undefined4	Stack[0x8]:4	DEFAULT		0	0	no_evidence		-
00401532	thunk_FUN_004e99e0	parameter	3	param_3	/undefined4	Stack[0xc]:4	DEFAULT		0	0	no_evidence		-
00401532	thunk_FUN_004e99e0	return		<RETURN>	/undefined4	EAX:4	DEFAULT		0	0	no_evidence		-
00401537	thunk_FUN_0065d0f0	return		<RETURN>	/undefined	<UNASSIGNED>	DEFAULT		0	0	no_evidence		-
0040153C	TLOBldMark::sub_004C63F0	return		<RETURN>	/undefined4	EAX:4	DEFAULT		0	0	no_evidence		-
00401541	STAllPlayersC::UnRegisterDeposit	return		<RETURN>	/undefined4	EAX:4	DEFAULT		0	0	no_evidence		-
00401546	thunk_FUN_005861d0	return		<RETURN>	/undefined	<UNASSIGNED>	DEFAULT		0	0	no_evidence		-
0040154B	thunk_FUN_004e2a90	return		<RETURN>	/undefined4	EAX:4	DEFAULT		0	0	no_evidence		-
0040155A	thunk_FUN_00651290	return		<RETURN>	/undefined4	EAX:4	DEFAULT		0	0	no_evidence		-
00401569	thunk_FUN_004e9c20	return		<RETURN>	/undefined4	EAX:4	DEFAULT		0	0	no_evidence		-
00401578	STAppC::ChangeResolution	return		<RETURN>	/undefined	<UNASSIGNED>	DEFAULT		0	0	no_evidence		-
00401582	thunk_FUN_004d0970	return		<RETURN>	/undefined4	EAX:4	DEFAULT		0	0	no_evidence		-
0040158C	thunk_FUN_00650cf0	return		<RETURN>	/undefined4	EAX:4	DEFAULT		0	0	no_evidence		-
004015A5	TLOBaseTy::sub_004C7070	return		<RETURN>	/undefined4	EAX:4	DEFAULT		0	0	no_evidence		-
004015AA	thunk_FUN_004c5bd0	return		<RETURN>	/undefined4	EAX:4	DEFAULT		0	0	no_evidence		-
004015AF	CPanelTy::sub_004FA3B0	return		<RETURN>	/undefined	<UNASSIGNED>	DEFAULT		0	0	no_evidence		-
004015B4	thunk_FUN_004dcc80	return		<RETURN>	/undefined4	EAX:4	DEFAULT		0	0	no_evidence		-
004015B9	thunk_FUN_00581060	return		<RETURN>	/undefined	<UNASSIGNED>	DEFAULT		0	0	no_evidence		-
004015BE	FSGSTy::SetGameList	return		<RETURN>	/undefined	<UNASSIGNED>	DEFAULT		0	0	no_evidence		-
004015C3	InfocPanelTy::DoneInfocPanel	return		<RETURN>	/undefined	<UNASSIGNED>	DEFAULT		0	0	no_evidence		-
004015C8	thunk_FUN_004eaf60	return		<RETURN>	/undefined4	EAX:4	DEFAULT		0	0	no_evidence		-
004015CD	thunk_FUN_00683250	return		<RETURN>	/undefined	<UNASSIGNED>	DEFAULT		0	0	no_evidence		-
004015D7	thunk_FUN_004d3290	return		<RETURN>	/undefined	<UNASSIGNED>	DEFAULT		0	0	no_evidence		-
004015DC	STAllPlayersC::RegisterBlot	return		<RETURN>	/undefined4	EAX:4	DEFAULT		0	0	no_evidence		-
004015E6	thunk_FUN_006513c0	return		<RETURN>	/undefined4	EAX:4	DEFAULT		0	0	no_evidence		-
004015F0	STTorpC::RestoreTorpData	return		<RETURN>	/undefined	<UNASSIGNED>	DEFAULT		0	0	no_evidence		-
004015FF	thunk_FUN_004ec6c0	return		<RETURN>	/undefined4	EAX:4	DEFAULT		0	0	no_evidence		-
00401609	SoundManagerTy::sub_00566AA0	return		<RETURN>	/undefined	<UNASSIGNED>	DEFAULT		0	0	no_evidence		-
0040160E	InfocPanelTy::Update	return		<RETURN>	/undefined	<UNASSIGNED>	DEFAULT		0	0	no_evidence		-
00401618	thunk_FUN_00493ca0	return		<RETURN>	/undefined	<UNASSIGNED>	DEFAULT		0	0	no_evidence		-
00401622	thunk_FUN_00553410	return		<RETURN>	/undefined	<UNASSIGNED>	DEFAULT		0	0	no_evidence		-
00401627	thunk_FUN_004d8e70	parameter	3	param_3	/undefined4	Stack[0xc]:4	DEFAULT		0	0	no_evidence		-
00401627	thunk_FUN_004d8e70	return		<RETURN>	/undefined4	EAX:4	DEFAULT		0	0	no_evidence		-
0040162C	thunk_FUN_004b7d00	return		<RETURN>	/undefined4	EAX:4	DEFAULT		0	0	no_evidence		-
00401636	VisibleClassTy::sub_005599D0	return		<RETURN>	/undefined	<UNASSIGNED>	DEFAULT		0	0	no_evidence		-
0040163B	STColl3C::sub_005FA8B0	return		<RETURN>	/undefined4	EAX:4	DEFAULT		0	0	no_evidence		-
00401645	thunk_FUN_004d96b0	return		<RETURN>	/undefined4	EAX:4	DEFAULT		0	0	no_evidence		-
0040164A	STBoatC::ReadyForLoading	return		<RETURN>	/undefined	<UNASSIGNED>	DEFAULT		0	0	no_evidence		-
0040164F	thunk_FUN_0064f5a0	return		<RETURN>	/undefined4	EAX:4	DEFAULT		0	0	no_evidence		-
0040165E	FSGSTy::PrepBkgMess	return		<RETURN>	/undefined	<UNASSIGNED>	DEFAULT		0	0	no_evidence		-
00401663	thunk_FUN_004d9bd0	return		<RETURN>	/undefined4	EAX:4	DEFAULT		0	0	no_evidence		-
0040167C	thunk_FUN_004d7040	return		<RETURN>	/undefined4	EAX:4	DEFAULT		0	0	no_evidence		-
00401681	thunk_FUN_00493050	return		<RETURN>	/undefined4	EAX:4	DEFAULT		0	0	no_evidence		-
00401690	thunk_FUN_004e1310	return		<RETURN>	/undefined4	EAX:4	DEFAULT		0	0	no_evidence		-
00401695	thunk_FUN_004d6c00	return		<RETURN>	/undefined	<UNASSIGNED>	DEFAULT		0	0	no_evidence		-
0040169A	thunk_FUN_0061c5f0	return		<RETURN>	/undefined4	EAX:4	DEFAULT		0	0	no_evidence		-
004016A4	thunk_FUN_005f3b00	return		<RETURN>	/undefined	<UNASSIGNED>	DEFAULT		0	0	no_evidence		-
004016A9	thunk_FUN_005f1380	return		<RETURN>	/undefined	<UNASSIGNED>	DEFAULT		0	0	no_evidence		-
004016AE	thunk_FUN_004e46f0	return		<RETURN>	/undefined4	EAX:4	DEFAULT		0	0	no_evidence		-
004016B3	thunk_FUN_00668a70	return		<RETURN>	/undefined4	EAX:4	DEFAULT		0	0	no_evidence		-
004016BD	thunk_FUN_005eda50	return		<RETURN>	/undefined4	EAX:4	DEFAULT		0	0	no_evidence		-
004016C2	thunk_FUN_005745e0	return		<RETURN>	/undefined	<UNASSIGNED>	DEFAULT		0	0	no_evidence		-
004016C7	STJellyGunC::sub_00582580	return		<RETURN>	/undefined	<UNASSIGNED>	DEFAULT		0	0	no_evidence		-
004016CC	thunk_FUN_006832e0	return		<RETURN>	/undefined	<UNASSIGNED>	DEFAULT		0	0	no_evidence		-
004016E0	thunk_FUN_004d8870	return		<RETURN>	/undefined4	EAX:4	DEFAULT		0	0	no_evidence		-
004016EA	thunk_FUN_0060d340	return		<RETURN>	/undefined4	EAX:4	DEFAULT		0	0	no_evidence		-
004016EF	thunk_FUN_0064f620	return		<RETURN>	/undefined4	EAX:4	DEFAULT		0	0	no_evidence		-
004016FE	MReportTy::PaintMainScore	return		<RETURN>	/undefined	<UNASSIGNED>	DEFAULT		0	0	no_evidence		-
00401708	STBoatC::SetNewMD	parameter	6	param_6	/undefined4	Stack[0x18]:4	DEFAULT		0	0	no_evidence		-
00401712	ComboTy::OutBmpProc	parameter	2	param_2	/undefined4	Stack[0x8]:4	DEFAULT		0	0	no_evidence		-
00401712	ComboTy::OutBmpProc	parameter	3	param_3	/undefined4	Stack[0xc]:4	DEFAULT		0	0	no_evidence		-
00401712	ComboTy::OutBmpProc	parameter	6	param_6	/undefined4	Stack[0x18]:4	DEFAULT		0	0	no_evidence		-
00401712	ComboTy::OutBmpProc	parameter	7	param_7	/undefined4	Stack[0x1c]:4	DEFAULT		0	0	no_evidence		-
00401712	ComboTy::OutBmpProc	return		<RETURN>	/undefined	<UNASSIGNED>	DEFAULT		0	0	no_evidence		-
00401717	MMsgTy::SetPanel	return		<RETURN>	/undefined4	EAX:4	DEFAULT		0	0	no_evidence		-
0040171C	thunk_FUN_005686c0	parameter	1	param_1	/undefined4	Stack[0x4]:4	DEFAULT		0	0	no_evidence		-
0040171C	thunk_FUN_005686c0	return		<RETURN>	/undefined	<UNASSIGNED>	DEFAULT		0	0	no_evidence		-
00401721	FSGSTy::DoneFSGS	return		<RETURN>	/undefined	<UNASSIGNED>	DEFAULT		0	0	no_evidence		-
0040172B	FSGSTy::SetInfo	return		<RETURN>	/undefined	<UNASSIGNED>	DEFAULT		0	0	no_evidence		-
00401735	thunk_FUN_004233c0	return		<RETURN>	/undefined2	AX:2	DEFAULT		0	0	no_evidence		-
0040173F	thunk_FUN_00692600	return		<RETURN>	/undefined	<UNASSIGNED>	DEFAULT		0	0	no_evidence		-
00401749	thunk_FUN_0055c740	return		<RETURN>	/undefined	<UNASSIGNED>	DEFAULT		0	0	no_evidence		-
00401753	thunk_FUN_004e9050	return		<RETURN>	/undefined4	EAX:4	DEFAULT		0	0	no_evidence		-
00401758	thunk_FUN_0058bab0	parameter	0	param_1	/undefined4	Stack[0x4]:4	DEFAULT		0	0	no_evidence		-
00401758	thunk_FUN_0058bab0	parameter	1	param_2	/undefined4	Stack[0x8]:4	DEFAULT		0	0	no_evidence		-
00401758	thunk_FUN_0058bab0	parameter	2	param_3	/undefined4	Stack[0xc]:4	DEFAULT		0	0	no_evidence		-
00401758	thunk_FUN_0058bab0	parameter	3	param_4	/undefined4	Stack[0x10]:4	DEFAULT		0	0	no_evidence		-
00401758	thunk_FUN_0058bab0	parameter	4	param_5	/undefined4	Stack[0x14]:4	DEFAULT		0	0	no_evidence		-
00401758	thunk_FUN_0058bab0	return		<RETURN>	/undefined4	EAX:4	DEFAULT		0	0	no_evidence		-
00401767	TLOBldMark::sub_004C61A0	return		<RETURN>	/undefined4	EAX:4	DEFAULT		0	0	no_evidence		-
0040176C	STVolcanoC::LoadImagVolcano	return		<RETURN>	/undefined4	EAX:4	DEFAULT		0	0	no_evidence		-
00401780	thunk_FUN_0041ae40	return		<RETURN>	/undefined	<UNASSIGNED>	DEFAULT		0	0	no_evidence		-
00401785	STColl3C::sub_005F6F60	return		<RETURN>	/undefined	<UNASSIGNED>	DEFAULT		0	0	no_evidence		-
0040178A	thunk_FUN_005421d0	return		<RETURN>	/undefined	<UNASSIGNED>	DEFAULT		0	0	no_evidence		-
0040178F	STAllPlayersC::AddObjsToGroup	return		<RETURN>	/undefined4	EAX:4	DEFAULT		0	0	no_evidence		-
00401794	thunk_FUN_006766c0	return		<RETURN>	/undefined	<UNASSIGNED>	DEFAULT		0	0	no_evidence		-
00401799	thunk_FUN_004e80f0	return		<RETURN>	/undefined4	EAX:4	DEFAULT		0	0	no_evidence		-
0040179E	thunk_FUN_0060d940	return		<RETURN>	/undefined4	EAX:4	DEFAULT		0	0	no_evidence		-
004017A3	thunk_FUN_0055bf20	parameter	1	param_1	/undefined4	Stack[0x4]:4	DEFAULT		0	0	no_evidence		-
004017A8	OptPanelTy::PrepAsses	return		<RETURN>	/undefined	<UNASSIGNED>	DEFAULT		0	0	no_evidence		-
004017AD	thunk_FUN_00606a50	return		<RETURN>	/undefined4	EAX:4	DEFAULT		0	0	no_evidence		-
004017DA	GameSystemC::DoneSystem	return		<RETURN>	/undefined	<UNASSIGNED>	DEFAULT		0	0	no_evidence		-
004017E4	OpticClassC::sub_004AB070	return		<RETURN>	/undefined4	EAX:4	DEFAULT		0	0	no_evidence		-
004017E9	CPanelTy::CreateBut	parameter	2	param_2	/undefined4	Stack[0x8]:4	DEFAULT		0	0	no_evidence		-
004017E9	CPanelTy::CreateBut	parameter	8	param_8	/undefined4	Stack[0x20]:4	DEFAULT		0	0	no_evidence		-
004017E9	CPanelTy::CreateBut	parameter	9	param_9	/undefined4	Stack[0x24]:4	DEFAULT		0	0	no_evidence		-
004017E9	CPanelTy::CreateBut	parameter	15	param_15	/undefined4	Stack[0x3c]:4	DEFAULT		0	0	no_evidence		-
004017E9	CPanelTy::CreateBut	parameter	16	param_16	/undefined4	Stack[0x40]:4	DEFAULT		0	0	no_evidence		-
004017E9	CPanelTy::CreateBut	return		<RETURN>	/undefined4	EAX:4	DEFAULT		0	0	no_evidence		-
004017EE	thunk_FUN_005fcf50	parameter	1	param_2	/undefined4	Stack[0x8]:4	DEFAULT		0	0	no_evidence		-
004017EE	thunk_FUN_005fcf50	return		<RETURN>	/undefined	<UNASSIGNED>	DEFAULT		0	0	no_evidence		-
0040180C	thunk_FUN_004ea7a0	return		<RETURN>	/undefined4	EAX:4	DEFAULT		0	0	no_evidence		-
00401839	thunk_FUN_004d6c90	parameter	1	param_1	/undefined4	Stack[0x4]:4	DEFAULT		0	0	no_evidence		-
00401839	thunk_FUN_004d6c90	return		<RETURN>	/undefined4	EAX:4	DEFAULT		0	0	no_evidence		-
00401843	thunk_FUN_00650480	return		<RETURN>	/undefined4	EAX:4	DEFAULT		0	0	no_evidence		-
00401848	VisibleClassTy::SetZoneMin2	parameter	6	param_6	/undefined4	Stack[0x18]:4	DEFAULT		0	0	no_evidence		-
00401848	VisibleClassTy::SetZoneMin2	return		<RETURN>	/undefined	<UNASSIGNED>	DEFAULT		0	0	no_evidence		-
00401852	thunk_FUN_00677250	parameter	0	param_1	/undefined4	Stack[0x4]:4	DEFAULT		0	0	no_evidence		-
00401852	thunk_FUN_00677250	parameter	1	param_2	/undefined4	Stack[0x8]:4	DEFAULT		0	0	no_evidence		-
00401852	thunk_FUN_00677250	return		<RETURN>	/undefined4	EAX:4	DEFAULT		0	0	no_evidence		-
00401857	HelpPanelTy::SetPanel	return		<RETURN>	/undefined4	EAX:4	DEFAULT		0	0	no_evidence		-
00401861	thunk_FUN_004ddc30	return		<RETURN>	/undefined4	EAX:4	DEFAULT		0	0	no_evidence		-
00401866	thunk_FUN_004ecea0	return		<RETURN>	/undefined4	EAX:4	DEFAULT		0	0	no_evidence		-
0040186B	thunk_FUN_004e60d0	return		<RETURN>	/undefined4	EAX:4	DEFAULT		0	0	no_evidence		-
00401870	HelpPanelTy::CheckBkView	return		<RETURN>	/undefined	<UNASSIGNED>	DEFAULT		0	0	no_evidence		-
00401875	STAllPlayersC::SetActivePanel	return		<RETURN>	/undefined	<UNASSIGNED>	DEFAULT		0	0	no_evidence		-
00401884	STAllPlayersC::PushTV	return		<RETURN>	/undefined4	EAX:4	DEFAULT		0	0	no_evidence		-
00401889	thunk_FUN_005097b0	return		<RETURN>	/undefined	<UNASSIGNED>	DEFAULT		0	0	no_evidence		-
0040188E	thunk_FUN_00678220	parameter	0	param_1	/undefined4	Stack[0x4]:4	DEFAULT		0	0	no_evidence		-
0040188E	thunk_FUN_00678220	parameter	1	param_2	/undefined4	Stack[0x8]:4	DEFAULT		0	0	no_evidence		-
0040188E	thunk_FUN_00678220	parameter	2	param_3	/undefined4	Stack[0xc]:4	DEFAULT		0	0	no_evidence		-
0040188E	thunk_FUN_00678220	return		<RETURN>	/undefined4	EAX:4	DEFAULT		0	0	no_evidence		-
00401893	thunk_FUN_004b7750	return		<RETURN>	/undefined4	EAX:4	DEFAULT		0	0	no_evidence		-
00401898	thunk_FUN_00424770	return		<RETURN>	/undefined	<UNASSIGNED>	DEFAULT		0	0	no_evidence		-
0040189D	MainMenuTy::DoneMainMenu	return		<RETURN>	/undefined	<UNASSIGNED>	DEFAULT		0	0	no_evidence		-
004018A2	thunk_FUN_004b0f20	parameter	8	param_9	/undefined4	Stack[0x24]:4	DEFAULT		0	0	no_evidence		-
004018A2	thunk_FUN_004b0f20	parameter	9	param_10	/undefined4	Stack[0x28]:4	DEFAULT		0	0	no_evidence		-
004018A2	thunk_FUN_004b0f20	return		<RETURN>	/undefined	<UNASSIGNED>	DEFAULT		0	0	no_evidence		-
004018AC	thunk_FUN_00682fb0	return		<RETURN>	/undefined4	EAX:4	DEFAULT		0	0	no_evidence		-
004018B6	thunk_FUN_00650090	return		<RETURN>	/undefined4	EAX:4	DEFAULT		0	0	no_evidence		-
004018BB	thunk_FUN_005efc40	return		<RETURN>	/undefined	<UNASSIGNED>	DEFAULT		0	0	no_evidence		-
004018C0	STGroupBoatC::GrpDismant	return		<RETURN>	/undefined4	EAX:4	DEFAULT		0	0	no_evidence		-
004018C5	STFishC::sub_004162B0	return		<RETURN>	/undefined	<UNASSIGNED>	DEFAULT		0	0	no_evidence		-
004018CA	thunk_FUN_00650820	return		<RETURN>	/undefined4	EAX:4	DEFAULT		0	0	no_evidence		-
004018CF	AiFltClassTy::sub_0065DA10	parameter	1	param_2	/undefined4	EDX:4	DEFAULT		0	0	no_evidence		-
004018D9	thunk_FUN_0041d8a0	return		<RETURN>	/undefined	<UNASSIGNED>	DEFAULT		0	0	no_evidence		-
004018DE	thunk_FUN_005f0050	return		<RETURN>	/undefined	<UNASSIGNED>	DEFAULT		0	0	no_evidence		-
004018E3	thunk_FUN_004ed210	return		<RETURN>	/undefined4	EAX:4	DEFAULT		0	0	no_evidence		-
004018E8	thunk_FUN_004d89f0	parameter	1	param_2	/undefined4	Stack[0x8]:4	DEFAULT		0	0	no_evidence		-
004018E8	thunk_FUN_004d89f0	return		<RETURN>	/undefined4	EAX:4	DEFAULT		0	0	no_evidence		-
004018F7	thunk_FUN_0064ee00	return		<RETURN>	/undefined4	EAX:4	DEFAULT		0	0	no_evidence		-
00401906	thunk_FUN_006756d0	return		<RETURN>	/undefined	<UNASSIGNED>	DEFAULT		0	0	no_evidence		-
0040190B	thunk_FUN_004e8cc0	return		<RETURN>	/undefined4	EAX:4	DEFAULT		0	0	no_evidence		-
0040191A	thunk_FUN_0064df30	parameter	2	param_3	/undefined4	Stack[0xc]:4	DEFAULT		0	0	no_evidence		-
0040191F	CGenerate::sub_00694C30	return		<RETURN>	/undefined	<UNASSIGNED>	DEFAULT		0	0	no_evidence		-
00401929	thunk_FUN_004c3020	return		<RETURN>	/undefined4	EAX:4	DEFAULT		0	0	no_evidence		-
0040192E	thunk_FUN_004e4070	return		<RETURN>	/undefined4	EAX:4	DEFAULT		0	0	no_evidence		-
00401947	STGroupBoatC::RestoreGrpBData	return		<RETURN>	/undefined	<UNASSIGNED>	DEFAULT		0	0	no_evidence		-
0040195B	CPanelTy::OutText	parameter	2	param_2	/undefined4	Stack[0x8]:4	DEFAULT		0	0	no_evidence		-
0040195B	CPanelTy::OutText	return		<RETURN>	/undefined	<UNASSIGNED>	DEFAULT		0	0	no_evidence		-
00401960	BehPanelTy::InitBehPanel	return		<RETURN>	/undefined	<UNASSIGNED>	DEFAULT		0	0	no_evidence		-
00401965	thunk_FUN_00580910	return		<RETURN>	/undefined	<UNASSIGNED>	DEFAULT		0	0	no_evidence		-
0040196A	FSGSTy::JoinGameCtrls	return		<RETURN>	/undefined	<UNASSIGNED>	DEFAULT		0	0	no_evidence		-
00401979	CampaignTy::CloseButtons	return		<RETURN>	/undefined	<UNASSIGNED>	DEFAULT		0	0	no_evidence		-
0040197E	TLOBaseTy::sub_004CBA30	return		<RETURN>	/undefined4	EAX:4	DEFAULT		0	0	no_evidence		-
00401988	CPanelTy::OutProc	parameter	2	param_2	/undefined4	Stack[0x8]:4	DEFAULT		0	0	no_evidence		-
00401988	CPanelTy::OutProc	parameter	3	param_3	/undefined4	Stack[0xc]:4	DEFAULT		0	0	no_evidence		-
00401988	CPanelTy::OutProc	parameter	6	param_6	/undefined4	Stack[0x18]:4	DEFAULT		0	0	no_evidence		-
00401988	CPanelTy::OutProc	parameter	7	param_7	/undefined4	Stack[0x1c]:4	DEFAULT		0	0	no_evidence		-
00401988	CPanelTy::OutProc	return		<RETURN>	/undefined	<UNASSIGNED>	DEFAULT		0	0	no_evidence		-
00401992	MMObjTy::InitSprBut	parameter	7	param_7	/undefined4	Stack[0x1c]:4	DEFAULT		0	0	no_evidence		-
00401992	MMObjTy::InitSprBut	parameter	8	param_8	/undefined4	Stack[0x20]:4	DEFAULT		0	0	no_evidence		-
00401992	MMObjTy::InitSprBut	parameter	9	param_9	/undefined4	Stack[0x24]:4	DEFAULT		0	0	no_evidence		-
00401992	MMObjTy::InitSprBut	parameter	10	param_10	/undefined4	Stack[0x28]:4	DEFAULT		0	0	no_evidence		-
00401992	MMObjTy::InitSprBut	parameter	15	param_15	/undefined4	Stack[0x3c]:4	DEFAULT		0	0	no_evidence		-
00401992	MMObjTy::InitSprBut	parameter	16	param_16	/undefined4	Stack[0x40]:4	DEFAULT		0	0	no_evidence		-
00401992	MMObjTy::InitSprBut	parameter	17	param_17	/undefined4	Stack[0x44]:4	DEFAULT		0	0	no_evidence		-
00401997	thunk_FUN_0041f630	return		<RETURN>	/undefined	<UNASSIGNED>	DEFAULT		0	0	no_evidence		-
0040199C	thunk_FUN_0064e700	return		<RETURN>	/undefined4	EAX:4	DEFAULT		0	0	no_evidence		-
004019A1	thunk_FUN_004e4630	return		<RETURN>	/undefined	<UNASSIGNED>	DEFAULT		0	0	no_evidence		-
004019A6	STAllPlayersC::_ChangeDock	parameter	0	param_1	/undefined4	Stack[0x4]:4	DEFAULT		0	0	no_evidence		-
004019AB	STAllPlayersC::UnRegisterGroup	return		<RETURN>	/undefined4	EAX:4	DEFAULT		0	0	no_evidence		-
004019B0	thunk_FUN_006a20e0	return		<RETURN>	/undefined4	EAX:4	DEFAULT		0	0	no_evidence		-
004019B5	CPanelTy::PaintIDSObj	return		<RETURN>	/undefined	<UNASSIGNED>	DEFAULT		0	0	no_evidence		-
004019BA	STGroupBoatC::GetDepotForAttack	return		<RETURN>	/undefined	<UNASSIGNED>	DEFAULT		0	0	no_evidence		-
004019CE	GameSystemC::CreateSystemObjects	return		<RETURN>	/undefined4	EAX:4	DEFAULT		0	0	no_evidence		-
004019DD	thunk_FUN_0067eee0	return		<RETURN>	/undefined	<UNASSIGNED>	DEFAULT		0	0	no_evidence		-
004019E7	thunk_FUN_0058d160	return		<RETURN>	/undefined4	EAX:4	DEFAULT		0	0	no_evidence		-
004019F1	STBoatC::sub_004926C0	return		<RETURN>	/undefined4	EAX:4	DEFAULT		0	0	no_evidence		-
004019F6	thunk_FUN_00647d10	return		<RETURN>	/undefined4	EAX:4	DEFAULT		0	0	no_evidence		-
004019FB	thunk_FUN_0057f240	return		<RETURN>	/undefined1	AL:1	DEFAULT		0	0	no_evidence		-
00401A05	STOctopusC::sub_0058B190	return		<RETURN>	/undefined4	EAX:4	DEFAULT		0	0	no_evidence		-
00401A0A	thunk_FUN_00488d10	return		<RETURN>	/undefined	<UNASSIGNED>	DEFAULT		0	0	no_evidence		-
00401A19	MTestTy::sub_005E5F60	return		<RETURN>	/undefined	<UNASSIGNED>	DEFAULT		0	0	no_evidence		-
00401A1E	HelpPanelTy::NextBut	return		<RETURN>	/undefined	<UNASSIGNED>	DEFAULT		0	0	no_evidence		-
00401A28	thunk_FUN_004e7390	return		<RETURN>	/undefined	<UNASSIGNED>	DEFAULT		0	0	no_evidence		-
00401A2D	thunk_FUN_00668aa0	return		<RETURN>	/undefined4	EAX:4	DEFAULT		0	0	no_evidence		-
00401A32	thunk_FUN_00586af0	return		<RETURN>	/undefined	<UNASSIGNED>	DEFAULT		0	0	no_evidence		-
00401A37	HelpPanelTy::sub_005148A0	return		<RETURN>	/undefined	<UNASSIGNED>	DEFAULT		0	0	no_evidence		-
00401A3C	thunk_FUN_0041c710	return		<RETURN>	/undefined4	EAX:4	DEFAULT		0	0	no_evidence		-
00401A46	JumpManagC::sub_00618AD0	return		<RETURN>	/undefined	<UNASSIGNED>	DEFAULT		0	0	no_evidence		-
00401A50	thunk_FUN_0042a780	return		<RETURN>	/undefined	<UNASSIGNED>	DEFAULT		0	0	no_evidence		-
00401A69	thunk_FUN_00424730	return		<RETURN>	/undefined	<UNASSIGNED>	DEFAULT		0	0	no_evidence		-
00401A6E	thunk_FUN_0041f370	return		<RETURN>	/undefined	<UNASSIGNED>	DEFAULT		0	0	no_evidence		-
00401A73	ProdPanelTy::SetPanel	return		<RETURN>	/undefined4	EAX:4	DEFAULT		0	0	no_evidence		-
00401A7D	CGenerate::sub_00695C10	parameter	2	param_2	/undefined4	Stack[0x8]:4	DEFAULT		0	0	no_evidence		-
00401A7D	CGenerate::sub_00695C10	parameter	4	param_4	/undefined4	Stack[0x10]:4	DEFAULT		0	0	no_evidence		-
00401A7D	CGenerate::sub_00695C10	parameter	5	param_5	/undefined4	Stack[0x14]:4	DEFAULT		0	0	no_evidence		-
00401A82	thunk_FUN_0064f900	return		<RETURN>	/undefined4	EAX:4	DEFAULT		0	0	no_evidence		-
00401A87	thunk_FUN_004df2b0	return		<RETURN>	/undefined4	EAX:4	DEFAULT		0	0	no_evidence		-
00401A8C	thunk_FUN_006817a0	return		<RETURN>	/undefined4	EAX:4	DEFAULT		0	0	no_evidence		-
00401A96	thunk_FUN_005fb5c0	return		<RETURN>	/undefined	<UNASSIGNED>	DEFAULT		0	0	no_evidence		-
00401A9B	MMsgTy::thunk_FUN_005b8f40	return		<RETURN>	/undefined	<UNASSIGNED>	DEFAULT		0	0	no_evidence		-
00401AA5	thunk_FUN_0067ece0	parameter	0	param_1	/undefined4	Stack[0x4]:4	DEFAULT		0	0	no_evidence		-
00401AAA	thunk_FUN_00417e70	return		<RETURN>	/undefined4	EAX:4	DEFAULT		0	0	no_evidence		-
00401AAF	SubmarineTitans::Recovered::HiddenThis::AnonReceiver_00416270::thunk_FUN_005faa10	return		<RETURN>	/undefined4	EAX:4	DEFAULT		0	0	no_evidence		-
00401AB4	UpgPanelTy::DoneUpgPanel	return		<RETURN>	/undefined	<UNASSIGNED>	DEFAULT		0	0	no_evidence		-
00401AB9	thunk_FUN_005fa0b0	return		<RETURN>	/undefined	<UNASSIGNED>	DEFAULT		0	0	no_evidence		-
00401AC3	SoundManagerTy::sub_00566970	return		<RETURN>	/undefined	<UNASSIGNED>	DEFAULT		0	0	no_evidence		-
00401AC8	thunk_FUN_0064ef50	return		<RETURN>	/undefined4	EAX:4	DEFAULT		0	0	no_evidence		-
00401ACD	HelpPanelTy::CreateList	return		<RETURN>	/undefined	<UNASSIGNED>	DEFAULT		0	0	no_evidence		-
00401AD2	CPanelTy::sub_0052AFE0	return		<RETURN>	/undefined	<UNASSIGNED>	DEFAULT		0	0	no_evidence		-
00401AD7	thunk_FUN_0054cdb0	return		<RETURN>	/undefined4	EAX:4	DEFAULT		0	0	no_evidence		-
00401AE1	thunk_FUN_004dd240	return		<RETURN>	/undefined4	EAX:4	DEFAULT		0	0	no_evidence		-
00401AE6	thunk_FUN_0060bc80	parameter	1	param_1	/undefined4	Stack[0x4]:4	DEFAULT		0	0	no_evidence		-
00401AE6	thunk_FUN_0060bc80	return		<RETURN>	/undefined	<UNASSIGNED>	DEFAULT		0	0	no_evidence		-
00401AF0	thunk_FUN_004f0af0	return		<RETURN>	/undefined	<UNASSIGNED>	DEFAULT		0	0	no_evidence		-
00401B04	STColl3C::sub_005F66B0	return		<RETURN>	/undefined	<UNASSIGNED>	DEFAULT		0	0	no_evidence		-
00401B09	AiFltClassTy::GoToRepair	return		<RETURN>	/undefined	<UNASSIGNED>	DEFAULT		0	0	no_evidence		-
00401B0E	thunk_FUN_005eeff0	return		<RETURN>	/undefined	<UNASSIGNED>	DEFAULT		0	0	no_evidence		-
00401B18	thunk_FUN_004e4f30	return		<RETURN>	/undefined4	EAX:4	DEFAULT		0	0	no_evidence		-
00401B27	AiEventClassTy::_CreateRCCont	parameter	5	param_5	/undefined4	Stack[0x14]:4	DEFAULT		0	0	no_evidence		-
00401B27	AiEventClassTy::_CreateRCCont	parameter	6	param_6	/undefined4	Stack[0x18]:4	DEFAULT		0	0	no_evidence		-
00401B2C	FSGSTy::SetState	return		<RETURN>	/undefined	<UNASSIGNED>	DEFAULT		0	0	no_evidence		-
00401B31	thunk_FUN_0064f3b0	return		<RETURN>	/undefined4	EAX:4	DEFAULT		0	0	no_evidence		-
00401B36	thunk_FUN_004ebab0	return		<RETURN>	/undefined4	EAX:4	DEFAULT		0	0	no_evidence		-
00401B3B	thunk_FUN_00422e20	return		<RETURN>	/undefined	<UNASSIGNED>	DEFAULT		0	0	no_evidence		-
00401B45	WaitTy::sub_005E9A40	return		<RETURN>	/undefined	<UNASSIGNED>	DEFAULT		0	0	no_evidence		-
00401B4A	thunk_FUN_004c2c10	return		<RETURN>	/undefined4	EAX:4	DEFAULT		0	0	no_evidence		-
00401B4F	thunk_FUN_004cc220	return		<RETURN>	/undefined4	EAX:4	DEFAULT		0	0	no_evidence		-
00401B5E	thunk_FUN_005fccb0	return		<RETURN>	/undefined	<UNASSIGNED>	DEFAULT		0	0	no_evidence		-
00401B63	thunk_FUN_005bba40	return		<RETURN>	/undefined	<UNASSIGNED>	DEFAULT		0	0	no_evidence		-
00401B68	thunk_FUN_005fd830	return		<RETURN>	/undefined4	EAX:4	DEFAULT		0	0	no_evidence		-
00401B7C	thunk_FUN_005f05a0	parameter	2	param_2	/undefined2	Stack[0x8]:2	DEFAULT		0	0	no_evidence		-
00401B7C	thunk_FUN_005f05a0	return		<RETURN>	/undefined	<UNASSIGNED>	DEFAULT		0	0	no_evidence		-
00401B86	thunk_FUN_0057d420	return		<RETURN>	/undefined4	EAX:4	DEFAULT		0	0	no_evidence		-
00401B8B	thunk_FUN_00676930	return		<RETURN>	/undefined	<UNASSIGNED>	DEFAULT		0	0	no_evidence		-
00401B90	thunk_FUN_00578430	return		<RETURN>	/undefined4	EAX:4	DEFAULT		0	0	no_evidence		-
00401B95	thunk_FUN_00490ed0	return		<RETURN>	/undefined	<UNASSIGNED>	DEFAULT		0	0	no_evidence		-
00401BB3	STVolcanoC::sub_006479E0	return		<RETURN>	/undefined	<UNASSIGNED>	DEFAULT		0	0	no_evidence		-
00401BB8	MMsgTy::PaintMMsg	return		<RETURN>	/undefined	<UNASSIGNED>	DEFAULT		0	0	no_evidence		-
00401BBD	thunk_FUN_006211e0	return		<RETURN>	/undefined	<UNASSIGNED>	DEFAULT		0	0	no_evidence		-
00401BC2	STPlaySystemC::CreateGameObject	parameter	2	param_2	/undefined4	Stack[0x8]:4	DEFAULT		0	0	no_evidence		-
00401BC2	STPlaySystemC::CreateGameObject	parameter	3	param_3	/undefined4	Stack[0xc]:4	DEFAULT		0	0	no_evidence		-
00401BC2	STPlaySystemC::CreateGameObject	parameter	4	param_4	/undefined4	Stack[0x10]:4	DEFAULT		0	0	no_evidence		-
00401BC2	STPlaySystemC::CreateGameObject	parameter	5	param_5	/undefined4	Stack[0x14]:4	DEFAULT		0	0	no_evidence		-
00401BCC	thunk_FUN_00627170	return		<RETURN>	/undefined	<UNASSIGNED>	DEFAULT		0	0	no_evidence		-
00401BEA	BldObjPanelTy::InitBldObjPanel	return		<RETURN>	/undefined	<UNASSIGNED>	DEFAULT		0	0	no_evidence		-
00401BEF	STGroupBoatC::GrpGoToDeep	return		<RETURN>	/undefined4	EAX:4	DEFAULT		0	0	no_evidence		-
00401BF9	thunk_FUN_004e9b10	return		<RETURN>	/undefined4	EAX:4	DEFAULT		0	0	no_evidence		-
00401BFE	thunk_FUN_005edc20	return		<RETURN>	/undefined4	EAX:4	DEFAULT		0	0	no_evidence		-
00401C08	thunk_FUN_004de820	return		<RETURN>	/undefined4	EAX:4	DEFAULT		0	0	no_evidence		-
00401C1C	thunk_FUN_004eb6d0	return		<RETURN>	/undefined4	EAX:4	DEFAULT		0	0	no_evidence		-
00401C21	thunk_FUN_005fce30	return		<RETURN>	/undefined	<UNASSIGNED>	DEFAULT		0	0	no_evidence		-
00401C26	thunk_FUN_004956c0	parameter	1	param_1	/undefined4	Stack[0x4]:4	DEFAULT		0	0	no_evidence		-
00401C2B	thunk_FUN_004dbe00	return		<RETURN>	/undefined4	EAX:4	DEFAULT		0	0	no_evidence		-
00401C35	thunk_FUN_0064fef0	return		<RETURN>	/undefined4	EAX:4	DEFAULT		0	0	no_evidence		-
00401C3A	thunk_FUN_006818b0	return		<RETURN>	/undefined4	EAX:4	DEFAULT		0	0	no_evidence		-
00401C3F	thunk_FUN_0067a2d0	return		<RETURN>	/undefined	<UNASSIGNED>	DEFAULT		0	0	no_evidence		-
00401C49	FSGSTy::PaintLogNew	return		<RETURN>	/undefined	<UNASSIGNED>	DEFAULT		0	0	no_evidence		-
00401C4E	thunk_FUN_004d9c60	return		<RETURN>	/undefined4	EAX:4	DEFAULT		0	0	no_evidence		-
00401C53	STAllPlayersC::PutOnPlaceGuardBoats	return		<RETURN>	/undefined	<UNASSIGNED>	DEFAULT		0	0	no_evidence		-
00401C58	thunk_FUN_00651df0	return		<RETURN>	/undefined4	EAX:4	DEFAULT		0	0	no_evidence		-
00401C67	thunk_FUN_00651010	return		<RETURN>	/undefined4	EAX:4	DEFAULT		0	0	no_evidence		-
00401C71	thunk_FUN_00544100	return		<RETURN>	/undefined	<UNASSIGNED>	DEFAULT		0	0	no_evidence		-
00401C76	thunk_FUN_004d0f80	return		<RETURN>	/undefined	<UNASSIGNED>	DEFAULT		0	0	no_evidence		-
00401C7B	thunk_FUN_004dd740	return		<RETURN>	/undefined4	EAX:4	DEFAULT		0	0	no_evidence		-
00401C80	AiPlrClassTy::sub_0067BFD0	return		<RETURN>	/undefined	<UNASSIGNED>	DEFAULT		0	0	no_evidence		-
00401C85	thunk_FUN_004c5eb0	return		<RETURN>	/undefined4	EAX:4	DEFAULT		0	0	no_evidence		-
00401C8A	thunk_FUN_00575640	return		<RETURN>	/undefined	<UNASSIGNED>	DEFAULT		0	0	no_evidence		-
00401C8F	thunk_FUN_006141b0	return		<RETURN>	/undefined4	EAX:4	DEFAULT		0	0	no_evidence		-
00401C94	thunk_FUN_00566ff0	return		<RETURN>	/undefined	<UNASSIGNED>	DEFAULT		0	0	no_evidence		-
00401C9E	PanelTy::PaintTxtBut	return		<RETURN>	/undefined	<UNASSIGNED>	DEFAULT		0	0	no_evidence		-
00401CA8	thunk_FUN_0065bd20	parameter	5	param_5	/undefined4	Stack[0x14]:4	DEFAULT		0	0	no_evidence		-
00401CA8	thunk_FUN_0065bd20	return		<RETURN>	/undefined	<UNASSIGNED>	DEFAULT		0	0	no_evidence		-
00401CB7	VisibleClassTy::SetZoneTsh	parameter	6	param_6	/undefined4	Stack[0x18]:4	DEFAULT		0	0	no_evidence		-
00401CBC	OptPanelTy::sub_00532CE0	return		<RETURN>	/undefined	<UNASSIGNED>	DEFAULT		0	0	no_evidence		-
00401CC1	thunk_FUN_006099a0	return		<RETURN>	/undefined	<UNASSIGNED>	DEFAULT		0	0	no_evidence		-
00401CDA	thunk_FUN_00568940	return		<RETURN>	/undefined	<UNASSIGNED>	DEFAULT		0	0	no_evidence		-
00401CDF	AiFltClassTy::sub_0065D6E0	parameter	1	param_2	/undefined4	EDX:4	DEFAULT		0	0	no_evidence		-
00401CDF	AiFltClassTy::sub_0065D6E0	return		<RETURN>	/undefined	<UNASSIGNED>	DEFAULT		0	0	no_evidence		-
00401CE4	ProdPanelTy::PaintTab	return		<RETURN>	/undefined	<UNASSIGNED>	DEFAULT		0	0	no_evidence		-
00401CE9	STLightC::sub_0061F290	return		<RETURN>	/undefined4	EAX:4	DEFAULT		0	0	no_evidence		-
00401CEE	thunk_FUN_00616280	return		<RETURN>	/undefined4	EAX:4	DEFAULT		0	0	no_evidence		-
00401CF3	thunk_FUN_0063d460	parameter	1	param_1	/undefined4	Stack[0x4]:4	DEFAULT		0	0	no_evidence		-
00401CF3	thunk_FUN_0063d460	parameter	2	param_2	/undefined4	Stack[0x8]:4	DEFAULT		0	0	no_evidence		-
00401CFD	STBoatC::sub_00490CD0	parameter	1	param_1	/undefined4	Stack[0x4]:4	DEFAULT		0	0	no_evidence		-
00401CFD	STBoatC::sub_00490CD0	parameter	2	param_2	/undefined4	Stack[0x8]:4	DEFAULT		0	0	no_evidence		-
00401CFD	STBoatC::sub_00490CD0	return		<RETURN>	/undefined	<UNASSIGNED>	DEFAULT		0	0	no_evidence		-
00401D02	InterSystemC::CreateInterfObjects	return		<RETURN>	/undefined4	EAX:4	DEFAULT		0	0	no_evidence		-
00401D16	thunk_FUN_00640390	return		<RETURN>	/undefined	<UNASSIGNED>	DEFAULT		0	0	no_evidence		-
00401D1B	thunk_FUN_0062f7a0	return		<RETURN>	/undefined	<UNASSIGNED>	DEFAULT		0	0	no_evidence		-
00401D20	UpgPanelTy::InitUpgPanel	return		<RETURN>	/undefined	<UNASSIGNED>	DEFAULT		0	0	no_evidence		-
00401D2A	thunk_FUN_00645d30	return		<RETURN>	/undefined4	EAX:4	DEFAULT		0	0	no_evidence		-
00401D43	DarkScreen	return		<RETURN>	/undefined	<UNASSIGNED>	DEFAULT		0	0	no_evidence		-
00401D4D	BehPanelTy::DoneBehPanel	return		<RETURN>	/undefined	<UNASSIGNED>	DEFAULT		0	0	no_evidence		-
00401D52	thunk_FUN_004e28d0	return		<RETURN>	/undefined4	EAX:4	DEFAULT		0	0	no_evidence		-
00401D57	STManRuinC::sub_00630BB0	parameter	4	param_4	/undefined4	Stack[0x10]:4	DEFAULT		0	0	no_evidence		-
00401D57	STManRuinC::sub_00630BB0	parameter	6	param_6	/undefined4	Stack[0x18]:4	DEFAULT		0	0	no_evidence		-
00401D6B	thunk_FUN_0062af90	return		<RETURN>	/undefined	<UNASSIGNED>	DEFAULT		0	0	no_evidence		-
00401D70	STBoatC::_AddDefenceShots	return		<RETURN>	/undefined	<UNASSIGNED>	DEFAULT		0	0	no_evidence		-
00401D75	FSGSTy::LicCtrls	return		<RETURN>	/undefined	<UNASSIGNED>	DEFAULT		0	0	no_evidence		-
00401D89	thunk_FUN_004aad30	return		<RETURN>	/undefined4	EAX:4	DEFAULT		0	0	no_evidence		-
00401D8E	STColl3C::LoadImagSpr	return		<RETURN>	/undefined4	EAX:4	DEFAULT		0	0	no_evidence		-
00401D93	thunk_FUN_00589740	return		<RETURN>	/undefined4	EAX:4	DEFAULT		0	0	no_evidence		-
00401D98	thunk_FUN_0056aa00	return		<RETURN>	/undefined	<UNASSIGNED>	DEFAULT		0	0	no_evidence		-
00401D9D	thunk_FUN_00675b10	return		<RETURN>	/undefined4	EAX:4	DEFAULT		0	0	no_evidence		-
00401DAC	thunk_FUN_00422ff0	return		<RETURN>	/undefined	<UNASSIGNED>	DEFAULT		0	0	no_evidence		-
00401DB6	thunk_FUN_00679600	return		<RETURN>	/undefined	<UNASSIGNED>	DEFAULT		0	0	no_evidence		-
00401DC0	thunk_FUN_00617b10	parameter	1	param_1	/undefined4	Stack[0x4]:4	DEFAULT		0	0	no_evidence		-
00401DC0	thunk_FUN_00617b10	parameter	2	param_2	/undefined4	Stack[0x8]:4	DEFAULT		0	0	no_evidence		-
00401DC0	thunk_FUN_00617b10	parameter	3	param_3	/undefined4	Stack[0xc]:4	DEFAULT		0	0	no_evidence		-
00401DC0	thunk_FUN_00617b10	parameter	4	param_4	/undefined4	Stack[0x10]:4	DEFAULT		0	0	no_evidence		-
00401DC0	thunk_FUN_00617b10	parameter	5	param_5	/undefined4	Stack[0x14]:4	DEFAULT		0	0	no_evidence		-
00401DC0	thunk_FUN_00617b10	parameter	6	param_6	/undefined4	Stack[0x18]:4	DEFAULT		0	0	no_evidence		-
00401DCA	InterSystemC::CreateSystemObjects	return		<RETURN>	/undefined	<UNASSIGNED>	DEFAULT		0	0	no_evidence		-
00401DD4	thunk_FUN_004d0a80	return		<RETURN>	/undefined4	EAX:4	DEFAULT		0	0	no_evidence		-
00401DDE	thunk_FUN_00491200	return		<RETURN>	/undefined4	EAX:4	DEFAULT		0	0	no_evidence		-
00401DE3	thunk_FUN_00584ad0	return		<RETURN>	/undefined	<UNASSIGNED>	DEFAULT		0	0	no_evidence		-
00401DE8	thunk_FUN_00483300	parameter	1	param_2	/undefined4	EDX:4	DEFAULT		0	0	no_evidence		-
00401DED	thunk_FUN_0064ee90	return		<RETURN>	/undefined4	EAX:4	DEFAULT		0	0	no_evidence		-
00401DF2	thunk_FUN_00492f30	parameter	1	param_2	/undefined4	EDX:4	DEFAULT		0	0	no_evidence		-
00401DF7	thunk_FUN_004ce700	return		<RETURN>	/undefined	<UNASSIGNED>	DEFAULT		0	0	no_evidence		-
00401DFC	thunk_FUN_0045f980	return		<RETURN>	/undefined4	EAX:4	DEFAULT		0	0	no_evidence		-
00401E01	PanelTy::InitPanel	return		<RETURN>	/undefined	<UNASSIGNED>	DEFAULT		0	0	no_evidence		-
00401E06	SubmarineTitans::Recovered::HiddenThis::AnonReceiver_004248D0::sub_00427090	return		<RETURN>	/undefined4	EAX:4	DEFAULT		0	0	no_evidence		-
00401E15	CPanelTy::sub_004F8020	return		<RETURN>	/undefined	<UNASSIGNED>	DEFAULT		0	0	no_evidence		-
00401E24	thunk_FUN_00617eb0	return		<RETURN>	/undefined4	EAX:4	DEFAULT		0	0	no_evidence		-
00401E29	thunk_FUN_00486e20	return		<RETURN>	/undefined	<UNASSIGNED>	DEFAULT		0	0	no_evidence		-
00401E2E	thunk_FUN_0062e520	return		<RETURN>	/undefined	<UNASSIGNED>	DEFAULT		0	0	no_evidence		-
00401E33	thunk_FUN_00490e90	return		<RETURN>	/undefined	<UNASSIGNED>	DEFAULT		0	0	no_evidence		-
00401E38	thunk_FUN_005deb90	return		<RETURN>	/undefined4	EAX:4	DEFAULT		0	0	no_evidence		-
00401E42	thunk_FUN_0064f5e0	return		<RETURN>	/undefined4	EAX:4	DEFAULT		0	0	no_evidence		-
00401E47	thunk_FUN_00617a20	parameter	2	param_2	/undefined4	Stack[0x8]:4	DEFAULT		0	0	no_evidence		-
00401E47	thunk_FUN_00617a20	parameter	3	param_3	/undefined4	Stack[0xc]:4	DEFAULT		0	0	no_evidence		-
00401E47	thunk_FUN_00617a20	return		<RETURN>	/undefined4	EAX:4	DEFAULT		0	0	no_evidence		-
00401E4C	SpecPanelTy::SetPanel	return		<RETURN>	/undefined4	EAX:4	DEFAULT		0	0	no_evidence		-
00401E56	thunk_FUN_004c71f0	return		<RETURN>	/undefined	<UNASSIGNED>	DEFAULT		0	0	no_evidence		-
00401E5B	thunk_FUN_004ece80	return		<RETURN>	/undefined4	EAX:4	DEFAULT		0	0	no_evidence		-
00401E65	thunk_FUN_00635f50	return		<RETURN>	/undefined	<UNASSIGNED>	DEFAULT		0	0	no_evidence		-
00401E6A	thunk_FUN_004e4410	return		<RETURN>	/undefined4	EAX:4	DEFAULT		0	0	no_evidence		-
00401E6F	STBoatC::CheckForReplenisher	return		<RETURN>	/undefined4	EAX:4	DEFAULT		0	0	no_evidence		-
00401E74	thunk_FUN_00440700	return		<RETURN>	/undefined	<UNASSIGNED>	DEFAULT		0	0	no_evidence		-
00401E83	MoneyTy::sub_0052BC30	return		<RETURN>	/undefined	<UNASSIGNED>	DEFAULT		0	0	no_evidence		-
00401E88	thunk_FUN_00529fe0	return		<RETURN>	/undefined4	EAX:4	DEFAULT		0	0	no_evidence		-
00401E8D	thunk_FUN_006771e0	return		<RETURN>	/undefined	<UNASSIGNED>	DEFAULT		0	0	no_evidence		-
00401EA1	UPanelTy::PaintTxtBut	return		<RETURN>	/undefined	<UNASSIGNED>	DEFAULT		0	0	no_evidence		-
00401EA6	thunk_FUN_004df370	return		<RETURN>	/undefined4	EAX:4	DEFAULT		0	0	no_evidence		-
00401EAB	thunk_FUN_004e8b10	return		<RETURN>	/undefined4	EAX:4	DEFAULT		0	0	no_evidence		-
00401EB0	thunk_FUN_00678d90	return		<RETURN>	/undefined4	EAX:4	DEFAULT		0	0	no_evidence		-
00401EB5	thunk_FUN_0067fab0	parameter	1	param_2	/undefined4	Stack[0x8]:4	DEFAULT		0	0	no_evidence		-
00401EBA	thunk_FUN_004abce0	return		<RETURN>	/undefined4	EAX:4	DEFAULT		0	0	no_evidence		-
00401EC9	MReportTy::PaintMReport	return		<RETURN>	/undefined	<UNASSIGNED>	DEFAULT		0	0	no_evidence		-
00401ED8	STTmMineC::thunk_FUN_0063ddb0	return		<RETURN>	/undefined	<UNASSIGNED>	DEFAULT		0	0	no_evidence		-
00401EDD	thunk_FUN_004b7140	parameter	0	param_1	/undefined4	Stack[0x4]:4	DEFAULT		0	0	no_evidence		-
00401EE2	FSGSTy::sub_0059B820	return		<RETURN>	/undefined	<UNASSIGNED>	DEFAULT		0	0	no_evidence		-
00401EE7	thunk_FUN_0055c790	parameter	1	param_1	/undefined4	Stack[0x4]:4	DEFAULT		0	0	no_evidence		-
00401EE7	thunk_FUN_0055c790	return		<RETURN>	/undefined	<UNASSIGNED>	DEFAULT		0	0	no_evidence		-
00401EF1	thunk_FUN_0065e6c0	parameter	1	param_2	/undefined4	EDX:4	DEFAULT		0	0	no_evidence		-
00401EF1	thunk_FUN_0065e6c0	return		<RETURN>	/undefined	<UNASSIGNED>	DEFAULT		0	0	no_evidence		-
00401EF6	thunk_FUN_005ec510	return		<RETURN>	/undefined	<UNASSIGNED>	DEFAULT		0	0	no_evidence		-
00401EFB	STSharkC::LifeShark	return		<RETURN>	/undefined	<UNASSIGNED>	DEFAULT		0	0	no_evidence		-
00401F00	MainMenuTy::SetMode	return		<RETURN>	/undefined	<UNASSIGNED>	DEFAULT		0	0	no_evidence		-
00401F05	thunk_FUN_006940b0	return		<RETURN>	/undefined	<UNASSIGNED>	DEFAULT		0	0	no_evidence		-
00401F0A	thunk_FUN_0065dd30	parameter	1	param_2	/undefined4	EDX:4	DEFAULT		0	0	no_evidence		-
00401F0F	thunk_FUN_004ec0f0	return		<RETURN>	/undefined4	EAX:4	DEFAULT		0	0	no_evidence		-
00401F14	thunk_FUN_00681140	return		<RETURN>	/undefined4	EAX:4	DEFAULT		0	0	no_evidence		-
00401F19	thunk_FUN_0063d410	return		<RETURN>	/undefined	<UNASSIGNED>	DEFAULT		0	0	no_evidence		-
00401F1E	thunk_FUN_004eb600	return		<RETURN>	/undefined	<UNASSIGNED>	DEFAULT		0	0	no_evidence		-
00401F28	thunk_FUN_0041d860	return		<RETURN>	/undefined	<UNASSIGNED>	DEFAULT		0	0	no_evidence		-
00401F2D	thunk_FUN_005ec9f0	return		<RETURN>	/undefined4	EAX:4	DEFAULT		0	0	no_evidence		-
00401F32	thunk_FUN_005503c0	return		<RETURN>	/undefined	<UNASSIGNED>	DEFAULT		0	0	no_evidence		-
00401F41	thunk_FUN_005f8d10	return		<RETURN>	/undefined4	EAX:4	DEFAULT		0	0	no_evidence		-
00401F46	thunk_FUN_004ecdf0	return		<RETURN>	/undefined4	EAX:4	DEFAULT		0	0	no_evidence		-
00401F4B	thunk_FUN_004b1fb0	return		<RETURN>	/undefined4	EAX:4	DEFAULT		0	0	no_evidence		-
00401F50	thunk_FUN_004e9bb0	return		<RETURN>	/undefined4	EAX:4	DEFAULT		0	0	no_evidence		-
00401F55	thunk_FUN_006193a0	return		<RETURN>	/undefined4	EAX:4	DEFAULT		0	0	no_evidence		-
00401F64	STAllPlayersC::UnRegisterContainer	return		<RETURN>	/undefined4	EAX:4	DEFAULT		0	0	no_evidence		-
00401F78	thunk_FUN_00683520	return		<RETURN>	/undefined	<UNASSIGNED>	DEFAULT		0	0	no_evidence		-
00401F7D	thunk_FUN_00677bc0	return		<RETURN>	/undefined	<UNASSIGNED>	DEFAULT		0	0	no_evidence		-
00401F96	thunk_FUN_005f0e20	parameter	1	param_1	/undefined4	Stack[0x4]:4	DEFAULT		0	0	no_evidence		-
00401F96	thunk_FUN_005f0e20	return		<RETURN>	/undefined4	EAX:4	DEFAULT		0	0	no_evidence		-
00401F9B	thunk_FUN_00614bf0	return		<RETURN>	/undefined	<UNASSIGNED>	DEFAULT		0	0	no_evidence		-
00401FA0	CGenerate::sub_00696790	return		<RETURN>	/undefined	<UNASSIGNED>	DEFAULT		0	0	no_evidence		-
00401FA5	MMsgTy::HidePanel	return		<RETURN>	/undefined	<UNASSIGNED>	DEFAULT		0	0	no_evidence		-
00401FAA	thunk_FUN_004a9fb0	return		<RETURN>	/undefined4	EAX:4	DEFAULT		0	0	no_evidence		-
00401FAF	thunk_FUN_004d6c20	return		<RETURN>	/undefined	<UNASSIGNED>	DEFAULT		0	0	no_evidence		-
00401FB4	thunk_FUN_00580860	return		<RETURN>	/undefined	<UNASSIGNED>	DEFAULT		0	0	no_evidence		-
00401FB9	thunk_FUN_0065fe10	parameter	1	param_2	/undefined4	EDX:4	DEFAULT		0	0	no_evidence		-
00401FB9	thunk_FUN_0065fe10	return		<RETURN>	/undefined4	EAX:4	DEFAULT		0	0	no_evidence		-
00401FC3	thunk_FUN_0062bff0	return		<RETURN>	/undefined4	EAX:4	DEFAULT		0	0	no_evidence		-
00401FC8	STAllPlayersC::sub_004EB010	return		<RETURN>	/undefined4	EAX:4	DEFAULT		0	0	no_evidence		-
00401FD2	VisibleClassTy::VisHoleCreate	parameter	6	param_6	/undefined4	Stack[0x18]:4	DEFAULT		0	0	no_evidence		-
00401FD7	STSharkC::CreateShark	parameter	4	param_4	/undefined4	Stack[0x10]:4	DEFAULT		0	0	no_evidence		-
00401FD7	STSharkC::CreateShark	parameter	5	param_5	/undefined4	Stack[0x14]:4	DEFAULT		0	0	no_evidence		-
00401FD7	STSharkC::CreateShark	parameter	6	param_6	/undefined4	Stack[0x18]:4	DEFAULT		0	0	no_evidence		-
00401FD7	STSharkC::CreateShark	parameter	7	param_7	/undefined4	Stack[0x1c]:4	DEFAULT		0	0	no_evidence		-
00401FD7	STSharkC::CreateShark	parameter	8	param_8	/undefined4	Stack[0x20]:4	DEFAULT		0	0	no_evidence		-
00401FD7	STSharkC::CreateShark	parameter	9	param_9	/undefined4	Stack[0x24]:4	DEFAULT		0	0	no_evidence		-
00401FD7	STSharkC::CreateShark	return		<RETURN>	/undefined4	EAX:4	DEFAULT		0	0	no_evidence		-
00401FE1	thunk_FUN_0064ee40	return		<RETURN>	/undefined4	EAX:4	DEFAULT		0	0	no_evidence		-
00401FE6	PopUpTy::ChangeState	return		<RETURN>	/undefined	<UNASSIGNED>	DEFAULT		0	0	no_evidence		-
00401FEB	thunk_FUN_005ec620	return		<RETURN>	/undefined	<UNASSIGNED>	DEFAULT		0	0	no_evidence		-
00401FF0	thunk_FUN_004b6d70	parameter	1	param_2	/undefined4	EDX:4	DEFAULT		0	0	no_evidence		-
00401FF0	thunk_FUN_004b6d70	return		<RETURN>	/undefined4	EAX:4	DEFAULT		0	0	no_evidence		-
00401FF5	thunk_FUN_00575a10	parameter	1	param_2	/undefined4	Stack[0x8]:4	DEFAULT		0	0	no_evidence		-
00401FF5	thunk_FUN_00575a10	parameter	2	param_3	/undefined4	Stack[0xc]:4	DEFAULT		0	0	no_evidence		-
00401FF5	thunk_FUN_00575a10	return		<RETURN>	/undefined4	EAX:4	DEFAULT		0	0	no_evidence		-
00402009	thunk_FUN_00660a40	return		<RETURN>	/undefined4	EAX:4	DEFAULT		0	0	no_evidence		-
00402013	thunk_FUN_004da230	return		<RETURN>	/undefined4	EAX:4	DEFAULT		0	0	no_evidence		-
00402022	FSGSTy::NewIDCtrls	return		<RETURN>	/undefined	<UNASSIGNED>	DEFAULT		0	0	no_evidence		-
00402027	thunk_FUN_00650370	return		<RETURN>	/undefined4	EAX:4	DEFAULT		0	0	no_evidence		-
0040202C	thunk_FUN_0060cef0	return		<RETURN>	/undefined4	EAX:4	DEFAULT		0	0	no_evidence		-
00402031	FSGSTy::PaintLadder	return		<RETURN>	/undefined	<UNASSIGNED>	DEFAULT		0	0	no_evidence		-
00402036	thunk_FUN_00594850	return		<RETURN>	/undefined	<UNASSIGNED>	DEFAULT		0	0	no_evidence		-
0040203B	thunk_FUN_0041dbc0	return		<RETURN>	/undefined	<UNASSIGNED>	DEFAULT		0	0	no_evidence		-
00402040	thunk_FUN_005809e0	return		<RETURN>	/undefined4	EAX:4	DEFAULT		0	0	no_evidence		-
00402045	thunk_FUN_0051fac0	parameter	4	param_4	/undefined4	Stack[0x10]:4	DEFAULT		0	0	no_evidence		-
0040204A	thunk_FUN_00493d10	return		<RETURN>	/undefined	<UNASSIGNED>	DEFAULT		0	0	no_evidence		-
00402054	thunk_FUN_00680650	parameter	1	param_2	/undefined4	Stack[0x8]:4	DEFAULT		0	0	no_evidence		-
00402059	thunk_FUN_005f0ec0	parameter	2	param_3	/undefined4	Stack[0xc]:4	DEFAULT		0	0	no_evidence		-
00402059	thunk_FUN_005f0ec0	parameter	3	param_4	/undefined4	Stack[0x10]:4	DEFAULT		0	0	no_evidence		-
00402059	thunk_FUN_005f0ec0	parameter	4	param_5	/undefined4	Stack[0x14]:4	DEFAULT		0	0	no_evidence		-
00402059	thunk_FUN_005f0ec0	parameter	7	param_8	/undefined4	Stack[0x20]:4	DEFAULT		0	0	no_evidence		-
00402059	thunk_FUN_005f0ec0	parameter	8	param_9	/undefined4	Stack[0x24]:4	DEFAULT		0	0	no_evidence		-
00402059	thunk_FUN_005f0ec0	return		<RETURN>	/undefined	<UNASSIGNED>	DEFAULT		0	0	no_evidence		-
0040205E	VisibleClassTy::SetZoneMin1	parameter	6	param_6	/undefined4	Stack[0x18]:4	DEFAULT		0	0	no_evidence		-
0040205E	VisibleClassTy::SetZoneMin1	return		<RETURN>	/undefined	<UNASSIGNED>	DEFAULT		0	0	no_evidence		-
0040206D	CPanelTy::Update1Panel	return		<RETURN>	/undefined	<UNASSIGNED>	DEFAULT		0	0	no_evidence		-
00402072	thunk_FUN_0061e7f0	return		<RETURN>	/undefined4	EAX:4	DEFAULT		0	0	no_evidence		-
00402077	thunk_FUN_004b7520	return		<RETURN>	/undefined4	EAX:4	DEFAULT		0	0	no_evidence		-
0040207C	TLOBaseTy::sub_00419D30	return		<RETURN>	/undefined	<UNASSIGNED>	DEFAULT		0	0	no_evidence		-
00402081	OpticClassC::ReInitOptic	return		<RETURN>	/undefined	<UNASSIGNED>	DEFAULT		0	0	no_evidence		-
00402086	thunk_FUN_0067a1b0	return		<RETURN>	/undefined	<UNASSIGNED>	DEFAULT		0	0	no_evidence		-
00402095	STAllPlayersC::DeletePGPairs	return		<RETURN>	/undefined	<UNASSIGNED>	DEFAULT		0	0	no_evidence		-
0040209A	thunk_FUN_0057bee0	parameter	1	param_1	/undefined4	Stack[0x4]:4	DEFAULT		0	0	no_evidence		-
0040209A	thunk_FUN_0057bee0	return		<RETURN>	/undefined4	EAX:4	DEFAULT		0	0	no_evidence		-
0040209F	thunk_FUN_00553480	return		<RETURN>	/undefined	<UNASSIGNED>	DEFAULT		0	0	no_evidence		-
004020A4	thunk_FUN_006484f0	return		<RETURN>	/undefined	<UNASSIGNED>	DEFAULT		0	0	no_evidence		-
004020A9	thunk_FUN_005fce50	return		<RETURN>	/undefined	<UNASSIGNED>	DEFAULT		0	0	no_evidence		-
004020AE	STAllPlayersC::UnRegisterObject	return		<RETURN>	/undefined4	EAX:4	DEFAULT		0	0	no_evidence		-
004020B8	HelpPanelTy::TipProc	return		<RETURN>	/undefined	<UNASSIGNED>	DEFAULT		0	0	no_evidence		-
004020C7	thunk_FUN_005fa360	return		<RETURN>	/undefined4	EAX:4	DEFAULT		0	0	no_evidence		-
004020CC	thunk_FUN_004ec6e0	return		<RETURN>	/undefined4	EAX:4	DEFAULT		0	0	no_evidence		-
004020D1	MMsgTy::InitMMsg	return		<RETURN>	/undefined	<UNASSIGNED>	DEFAULT		0	0	no_evidence		-
004020DB	thunk_FUN_004e3200	return		<RETURN>	/undefined	<UNASSIGNED>	DEFAULT		0	0	no_evidence		-
004020E0	VisibleClassTy::SetZoneDes	parameter	6	param_6	/undefined4	Stack[0x18]:4	DEFAULT		0	0	no_evidence		-
004020E5	thunk_FUN_00581200	return		<RETURN>	/undefined	<UNASSIGNED>	DEFAULT		0	0	no_evidence		-
004020EF	thunk_FUN_0064e6c0	return		<RETURN>	/undefined4	EAX:4	DEFAULT		0	0	no_evidence		-
004020FE	STJellyGunC::sub_00584060	return		<RETURN>	/undefined4	EAX:4	DEFAULT		0	0	no_evidence		-
00402103	SubmarineTitans::Recovered::HiddenThis::AnonReceiver_00693D00::thunk_FUN_00693d00	parameter	2	param_2	/undefined4	Stack[0x8]:4	DEFAULT		0	0	no_evidence		-
00402103	SubmarineTitans::Recovered::HiddenThis::AnonReceiver_00693D00::thunk_FUN_00693d00	return		<RETURN>	/undefined4	EAX:4	DEFAULT		0	0	no_evidence		-
00402108	FSGSTy::SetBanner	parameter	2	param_2	/undefined4	Stack[0x8]:4	DEFAULT		0	0	no_evidence		-
00402108	FSGSTy::SetBanner	return		<RETURN>	/undefined	<UNASSIGNED>	DEFAULT		0	0	no_evidence		-
0040210D	thunk_FUN_00533b80	return		<RETURN>	/undefined	<UNASSIGNED>	DEFAULT		0	0	no_evidence		-
00402117	thunk_FUN_00585890	return		<RETURN>	/undefined	<UNASSIGNED>	DEFAULT		0	0	no_evidence		-
0040211C	thunk_FUN_0052a730	return		<RETURN>	/undefined4	EAX:4	DEFAULT		0	0	no_evidence		-
00402121	PanelTy::PaintIBut	return		<RETURN>	/undefined	<UNASSIGNED>	DEFAULT		0	0	no_evidence		-
00402126	STBoatC::CmdToObj	return		<RETURN>	/undefined	<UNASSIGNED>	DEFAULT		0	0	no_evidence		-
0040212B	thunk_FUN_005fb540	return		<RETURN>	/undefined4	EAX:4	DEFAULT		0	0	no_evidence		-
00402130	thunk_FUN_004e6310	return		<RETURN>	/undefined	<UNASSIGNED>	DEFAULT		0	0	no_evidence		-
00402135	thunk_FUN_0060d810	parameter	1	param_1	/undefined4	Stack[0x4]:4	DEFAULT		0	0	no_evidence		-
00402135	thunk_FUN_0060d810	parameter	2	param_2	/undefined4	Stack[0x8]:4	DEFAULT		0	0	no_evidence		-
00402135	thunk_FUN_0060d810	return		<RETURN>	/undefined	<UNASSIGNED>	DEFAULT		0	0	no_evidence		-
0040213A	ChooseMapTy::OutListProc	parameter	3	param_3	/undefined4	Stack[0xc]:4	DEFAULT		0	0	no_evidence		-
0040213A	ChooseMapTy::OutListProc	return		<RETURN>	/undefined	<UNASSIGNED>	DEFAULT		0	0	no_evidence		-
00402158	thunk_FUN_0064e7c0	return		<RETURN>	/undefined4	EAX:4	DEFAULT		0	0	no_evidence		-
00402167	thunk_FUN_004df950	return		<RETURN>	/undefined4	EAX:4	DEFAULT		0	0	no_evidence		-
0040216C	STMineSetC::sub_0041D2B0	return		<RETURN>	/undefined	<UNASSIGNED>	DEFAULT		0	0	no_evidence		-
00402171	StartSystemTy::CreateSystemObjects	return		<RETURN>	/undefined	<UNASSIGNED>	DEFAULT		0	0	no_evidence		-
00402176	STManRuinC::sub_00631390	return		<RETURN>	/undefined4	EAX:4	DEFAULT		0	0	no_evidence		-
00402180	thunk_FUN_00633770	return		<RETURN>	/undefined	<UNASSIGNED>	DEFAULT		0	0	no_evidence		-
00402185	cLoadingTy::sub_00554A50	return		<RETURN>	/undefined	<UNASSIGNED>	DEFAULT		0	0	no_evidence		-
0040218A	thunk_FUN_005fceb0	return		<RETURN>	/undefined	<UNASSIGNED>	DEFAULT		0	0	no_evidence		-
00402194	HelpPanelTy::sub_00512BE0	return		<RETURN>	/undefined	<UNASSIGNED>	DEFAULT		0	0	no_evidence		-
00402199	thunk_FUN_004d9c20	return		<RETURN>	/undefined4	EAX:4	DEFAULT		0	0	no_evidence		-
0040219E	STAllPlayersC::IsTorpLive	return		<RETURN>	/undefined4	EAX:4	DEFAULT		0	0	no_evidence		-
004021A3	STAllPlayersC::DelObjFromTmps	return		<RETURN>	/undefined4	EAX:4	DEFAULT		0	0	no_evidence		-
004021A8	thunk_FUN_006819a0	return		<RETURN>	/undefined4	EAX:4	DEFAULT		0	0	no_evidence		-
004021B2	thunk_FUN_005557b0	return		<RETURN>	/undefined	<UNASSIGNED>	DEFAULT		0	0	no_evidence		-
004021BC	STGroupBoatC::IsAgAtt	return		<RETURN>	/undefined4	EAX:4	DEFAULT		0	0	no_evidence		-
004021C1	FSGSTy::CloseButtons	return		<RETURN>	/undefined	<UNASSIGNED>	DEFAULT		0	0	no_evidence		-
004021C6	thunk_FUN_0056a500	return		<RETURN>	/undefined4	EAX:4	DEFAULT		0	0	no_evidence		-
004021D5	thunk_FUN_004ad310	return		<RETURN>	/undefined	<UNASSIGNED>	DEFAULT		0	0	no_evidence		-
004021DA	thunk_FUN_0054cf00	parameter	4	param_4	/undefined4	Stack[0x10]:4	DEFAULT		0	0	no_evidence		-
004021DF	STFieldC::LoadImagSpr	return		<RETURN>	/undefined4	EAX:4	DEFAULT		0	0	no_evidence		-
004021E4	thunk_FUN_005de670	return		<RETURN>	/undefined	<UNASSIGNED>	DEFAULT		0	0	no_evidence		-
004021E9	thunk_FUN_00417740	return		<RETURN>	/undefined4	EAX:4	DEFAULT		0	0	no_evidence		-
004021EE	IntercomPanelTy::DoneIntercomPanel	return		<RETURN>	/undefined	<UNASSIGNED>	DEFAULT		0	0	no_evidence		-
004021F3	thunk_FUN_0058c560	return		<RETURN>	/undefined	<UNASSIGNED>	DEFAULT		0	0	no_evidence		-
004021F8	thunk_FUN_0042a9c0	return		<RETURN>	/undefined4	EAX:4	DEFAULT		0	0	no_evidence		-
00402211	ChooseMapTy::OutListProc	parameter	3	param_3	/undefined4	Stack[0xc]:4	DEFAULT		0	0	no_evidence		-
00402211	ChooseMapTy::OutListProc	return		<RETURN>	/undefined	<UNASSIGNED>	DEFAULT		0	0	no_evidence		-
00402216	thunk_FUN_0055c830	parameter	3	param_3	/undefined4	Stack[0xc]:4	DEFAULT		0	0	no_evidence		-
00402216	thunk_FUN_0055c830	return		<RETURN>	/undefined	<UNASSIGNED>	DEFAULT		0	0	no_evidence		-
00402220	thunk_FUN_006501a0	return		<RETURN>	/undefined4	EAX:4	DEFAULT		0	0	no_evidence		-
0040222F	thunk_FUN_0052af90	return		<RETURN>	/undefined	<UNASSIGNED>	DEFAULT		0	0	no_evidence		-
00402234	thunk_FUN_00639990	return		<RETURN>	/undefined4	EAX:4	DEFAULT		0	0	no_evidence		-
0040223E	thunk_FUN_0062b770	parameter	0	param_1	/undefined4	Stack[0x4]:4	DEFAULT		0	0	no_evidence		-
0040223E	thunk_FUN_0062b770	parameter	1	param_2	/undefined4	Stack[0x8]:4	DEFAULT		0	0	no_evidence		-
0040223E	thunk_FUN_0062b770	parameter	2	param_3	/undefined4	Stack[0xc]:4	DEFAULT		0	0	no_evidence		-
0040223E	thunk_FUN_0062b770	parameter	3	param_4	/undefined4	Stack[0x10]:4	DEFAULT		0	0	no_evidence		-
0040223E	thunk_FUN_0062b770	parameter	5	param_6	/undefined4	Stack[0x18]:4	DEFAULT		0	0	no_evidence		-
0040223E	thunk_FUN_0062b770	parameter	6	param_7	/undefined4	Stack[0x1c]:4	DEFAULT		0	0	no_evidence		-
0040223E	thunk_FUN_0062b770	parameter	7	param_8	/undefined4	Stack[0x20]:4	DEFAULT		0	0	no_evidence		-
00402243	thunk_FUN_004407a0	parameter	1	param_2	/undefined4	Stack[0x8]:4	DEFAULT		0	0	no_evidence		-
00402243	thunk_FUN_004407a0	parameter	2	param_3	/undefined4	Stack[0xc]:4	DEFAULT		0	0	no_evidence		-
00402243	thunk_FUN_004407a0	return		<RETURN>	/undefined	<UNASSIGNED>	DEFAULT		0	0	no_evidence		-
00402252	thunk_FUN_004dec10	return		<RETURN>	/undefined4	EAX:4	DEFAULT		0	0	no_evidence		-
00402257	thunk_FUN_004da340	return		<RETURN>	/undefined	<UNASSIGNED>	DEFAULT		0	0	no_evidence		-
00402261	thunk_FUN_0058a9e0	return		<RETURN>	/undefined	<UNASSIGNED>	DEFAULT		0	0	no_evidence		-
0040226B	thunk_FUN_00493cd0	return		<RETURN>	/undefined4	EAX:4	DEFAULT		0	0	no_evidence		-
00402284	thunk_FUN_004d8af0	return		<RETURN>	/undefined4	EAX:4	DEFAULT		0	0	no_evidence		-
0040229D	thunk_FUN_0041d7a0	return		<RETURN>	/undefined	<UNASSIGNED>	DEFAULT		0	0	no_evidence		-
004022A2	thunk_FUN_00647ca0	return		<RETURN>	/undefined4	EAX:4	DEFAULT		0	0	no_evidence		-
004022AC	STT3DSprC::sub_004ACD30	return		<RETURN>	/undefined4	EAX:4	DEFAULT		0	0	no_evidence		-
004022B6	thunk_FUN_005fcd40	return		<RETURN>	/undefined4	EAX:4	DEFAULT		0	0	no_evidence		-
004022C0	FSGSTy::PaintGameNew	return		<RETURN>	/undefined	<UNASSIGNED>	DEFAULT		0	0	no_evidence		-
004022C5	VisibleClassTy::sub_0041CDA0	return		<RETURN>	/undefined4	EAX:4	DEFAULT		0	0	no_evidence		-
004022DE	thunk_FUN_005ec740	parameter	1	param_2	/undefined4	Stack[0x8]:4	DEFAULT		0	0	no_evidence		-
004022DE	thunk_FUN_005ec740	return		<RETURN>	/undefined	<UNASSIGNED>	DEFAULT		0	0	no_evidence		-
004022E3	thunk_FUN_00582460	parameter	0	param_1	/undefined4	Stack[0x4]:4	DEFAULT		0	0	no_evidence		-
004022E3	thunk_FUN_00582460	parameter	1	param_2	/undefined4	Stack[0x8]:4	DEFAULT		0	0	no_evidence		-
004022E3	thunk_FUN_00582460	parameter	2	param_3	/undefined4	Stack[0xc]:4	DEFAULT		0	0	no_evidence		-
004022E3	thunk_FUN_00582460	parameter	3	param_4	/undefined4	Stack[0x10]:4	DEFAULT		0	0	no_evidence		-
004022E3	thunk_FUN_00582460	parameter	4	param_5	/undefined4	Stack[0x14]:4	DEFAULT		0	0	no_evidence		-
004022E3	thunk_FUN_00582460	parameter	5	param_6	/undefined4	Stack[0x18]:4	DEFAULT		0	0	no_evidence		-
004022E3	thunk_FUN_00582460	parameter	6	param_7	/undefined4	Stack[0x1c]:4	DEFAULT		0	0	no_evidence		-
004022E3	thunk_FUN_00582460	parameter	7	param_8	/undefined4	Stack[0x20]:4	DEFAULT		0	0	no_evidence		-
004022E3	thunk_FUN_00582460	parameter	8	param_9	/undefined4	Stack[0x24]:4	DEFAULT		0	0	no_evidence		-
004022E3	thunk_FUN_00582460	parameter	9	param_10	/undefined4	Stack[0x28]:4	DEFAULT		0	0	no_evidence		-
004022E3	thunk_FUN_00582460	parameter	11	param_12	/undefined2	Stack[0x30]:2	DEFAULT		0	0	no_evidence		-
004022E3	thunk_FUN_00582460	return		<RETURN>	/undefined4	EAX:4	DEFAULT		0	0	no_evidence		-
004022F2	thunk_FUN_0064dd30	parameter	2	param_3	/undefined4	Stack[0xc]:4	DEFAULT		0	0	no_evidence		-
004022F7	PrividerTy::DonePrivider	return		<RETURN>	/undefined	<UNASSIGNED>	DEFAULT		0	0	no_evidence		-
00402301	thunk_FUN_00681070	return		<RETURN>	/undefined4	EAX:4	DEFAULT		0	0	no_evidence		-
00402306	thunk_FUN_005df290	return		<RETURN>	/undefined	<UNASSIGNED>	DEFAULT		0	0	no_evidence		-
00402315	thunk_FUN_006443c0	return		<RETURN>	/undefined	<UNASSIGNED>	DEFAULT		0	0	no_evidence		-
00402324	thunk_FUN_00637e60	return		<RETURN>	/undefined	<UNASSIGNED>	DEFAULT		0	0	no_evidence		-
00402329	MTaskTy::DoneMTask	return		<RETURN>	/undefined	<UNASSIGNED>	DEFAULT		0	0	no_evidence		-
0040232E	thunk_FUN_00496140	return		<RETURN>	/undefined4	EAX:4	DEFAULT		0	0	no_evidence		-
00402333	thunk_FUN_0062cac0	parameter	4	param_5	/undefined4	Stack[0x14]:4	DEFAULT		0	0	no_evidence		-
00402333	thunk_FUN_0062cac0	return		<RETURN>	/undefined4	EAX:4	DEFAULT		0	0	no_evidence		-
00402342	thunk_FUN_004e7f20	return		<RETURN>	/undefined4	EAX:4	DEFAULT		0	0	no_evidence		-
00402347	thunk_FUN_0062ab10	return		<RETURN>	/undefined4	EAX:4	DEFAULT		0	0	no_evidence		-
00402351	thunk_FUN_0060d070	return		<RETURN>	/undefined4	EAX:4	DEFAULT		0	0	no_evidence		-
00402356	thunk_FUN_006646e0	return		<RETURN>	/undefined4	EAX:4	DEFAULT		0	0	no_evidence		-
0040235B	thunk_FUN_0052a6c0	return		<RETURN>	/undefined4	EAX:4	DEFAULT		0	0	no_evidence		-
00402360	thunk_FUN_005da980	return		<RETURN>	/undefined4	EAX:4	DEFAULT		0	0	no_evidence		-
0040236F	STVolcanoC::sub_00646DB0	return		<RETURN>	/undefined4	EAX:4	DEFAULT		0	0	no_evidence		-
00402374	STMineSetC::sub_00622880	return		<RETURN>	/undefined	<UNASSIGNED>	DEFAULT		0	0	no_evidence		-
00402379	AiPlrClassTy::Offensive	return		<RETURN>	/undefined	<UNASSIGNED>	DEFAULT		0	0	no_evidence		-
0040237E	StartSystemTy::InitSystem	return		<RETURN>	/undefined4	EAX:4	DEFAULT		0	0	no_evidence		-
0040238D	thunk_FUN_004803b0	return		<RETURN>	/undefined	<UNASSIGNED>	DEFAULT		0	0	no_evidence		-
00402392	FSGSTy::LoginCtrls	return		<RETURN>	/undefined	<UNASSIGNED>	DEFAULT		0	0	no_evidence		-
004023A1	TLOEmbryoTy::sub_0041C3F0	return		<RETURN>	/undefined	<UNASSIGNED>	DEFAULT		0	0	no_evidence		-
004023A6	SettMapMTy::sub_005C29B0	return		<RETURN>	/undefined	<UNASSIGNED>	DEFAULT		0	0	no_evidence		-
004023AB	thunk_FUN_004d7b90	return		<RETURN>	/undefined4	EAX:4	DEFAULT		0	0	no_evidence		-
004023B0	FSGSTy::OutChSlProc	parameter	2	param_2	/undefined4	Stack[0x8]:4	DEFAULT		0	0	no_evidence		-
004023B0	FSGSTy::OutChSlProc	parameter	3	param_3	/undefined4	Stack[0xc]:4	DEFAULT		0	0	no_evidence		-
004023B0	FSGSTy::OutChSlProc	return		<RETURN>	/undefined	<UNASSIGNED>	DEFAULT		0	0	no_evidence		-
004023B5	thunk_FUN_004f1d20	return		<RETURN>	/undefined	<UNASSIGNED>	DEFAULT		0	0	no_evidence		-
004023BA	thunk_FUN_00680ff0	return		<RETURN>	/undefined4	EAX:4	DEFAULT		0	0	no_evidence		-
004023BF	MReportTy::DoneMReport	return		<RETURN>	/undefined	<UNASSIGNED>	DEFAULT		0	0	no_evidence		-
004023CE	STBoatC::sub_0048DBA0	return		<RETURN>	/undefined	<UNASSIGNED>	DEFAULT		0	0	no_evidence		-
004023D3	thunk_FUN_00695cd0	return		<RETURN>	/undefined	<UNASSIGNED>	DEFAULT		0	0	no_evidence		-
004023EC	STJumpMineC::sub_006192E0	return		<RETURN>	/undefined	<UNASSIGNED>	DEFAULT		0	0	no_evidence		-
004023F1	thunk_FUN_0064eaa0	return		<RETURN>	/undefined4	EAX:4	DEFAULT		0	0	no_evidence		-
004023F6	StartSystemTy::OutBmpProc	parameter	2	param_2	/undefined4	Stack[0x8]:4	DEFAULT		0	0	no_evidence		-
004023F6	StartSystemTy::OutBmpProc	parameter	3	param_3	/undefined4	Stack[0xc]:4	DEFAULT		0	0	no_evidence		-
004023F6	StartSystemTy::OutBmpProc	return		<RETURN>	/undefined	<UNASSIGNED>	DEFAULT		0	0	no_evidence		-
004023FB	STBHEShellC::sub_005F34B0	return		<RETURN>	/undefined	<UNASSIGNED>	DEFAULT		0	0	no_evidence		-
00402400	thunk_FUN_00661790	parameter	1	param_1	/undefined4	Stack[0x4]:4	DEFAULT		0	0	no_evidence		-
00402400	thunk_FUN_00661790	return		<RETURN>	/undefined	<UNASSIGNED>	DEFAULT		0	0	no_evidence		-
0040240F	thunk_FUN_004d9820	return		<RETURN>	/undefined4	EAX:4	DEFAULT		0	0	no_evidence		-
0040241E	CursorClassTy::DrawSprite	return		<RETURN>	/undefined	<UNASSIGNED>	DEFAULT		0	0	no_evidence		-
00402428	thunk_FUN_0067f790	return		<RETURN>	/undefined	<UNASSIGNED>	DEFAULT		0	0	no_evidence		-
00402437	thunk_FUN_004dc1e0	return		<RETURN>	/undefined	<UNASSIGNED>	DEFAULT		0	0	no_evidence		-
0040243C	thunk_FUN_00640240	return		<RETURN>	/undefined	<UNASSIGNED>	DEFAULT		0	0	no_evidence		-
00402441	thunk_FUN_0055dee0	return		<RETURN>	/undefined	<UNASSIGNED>	DEFAULT		0	0	no_evidence		-
00402446	CGenerate::CteateField	parameter	3	param_3	/undefined4	Stack[0xc]:4	DEFAULT		0	0	no_evidence		-
00402446	CGenerate::CteateField	parameter	4	param_4	/undefined4	Stack[0x10]:4	DEFAULT		0	0	no_evidence		-
00402446	CGenerate::CteateField	parameter	5	param_5	/undefined4	Stack[0x14]:4	DEFAULT		0	0	no_evidence		-
00402446	CGenerate::CteateField	return		<RETURN>	/undefined4	EAX:4	DEFAULT		0	0	no_evidence		-
0040244B	thunk_FUN_005845b0	return		<RETURN>	/undefined4	EAX:4	DEFAULT		0	0	no_evidence		-
00402455	sub_00415B30	return		<RETURN>	/undefined4	EAX:4	DEFAULT		0	0	no_evidence		-
0040245F	thunk_FUN_004e91e0	return		<RETURN>	/undefined4	EAX:4	DEFAULT		0	0	no_evidence		-
00402469	thunk_FUN_006827a0	return		<RETURN>	/undefined	<UNASSIGNED>	DEFAULT		0	0	no_evidence		-
0040246E	STManRub3C::sub_0062DD40	return		<RETURN>	/undefined	<UNASSIGNED>	DEFAULT		0	0	no_evidence		-
00402473	thunk_FUN_00529d80	return		<RETURN>	/undefined4	EAX:4	DEFAULT		0	0	no_evidence		-
00402478	thunk_FUN_00650940	return		<RETURN>	/undefined4	EAX:4	DEFAULT		0	0	no_evidence		-
00402482	thunk_FUN_00423140	return		<RETURN>	/undefined	<UNASSIGNED>	DEFAULT		0	0	no_evidence		-
00402487	thunk_FUN_00555650	return		<RETURN>	/undefined	<UNASSIGNED>	DEFAULT		0	0	no_evidence		-
0040248C	thunk_FUN_00650760	return		<RETURN>	/undefined4	EAX:4	DEFAULT		0	0	no_evidence		-
00402491	STBoatC::sub_00492390	return		<RETURN>	/undefined	<UNASSIGNED>	DEFAULT		0	0	no_evidence		-
00402496	thunk_FUN_0066ac80	parameter	0	param_1	/undefined4	Stack[0x4]:4	DEFAULT		0	0	no_evidence		-
004024A0	CursorClassTy::AddSysAcc	return		<RETURN>	/undefined	<UNASSIGNED>	DEFAULT		0	0	no_evidence		-
004024AF	STPlaySystemC::DoneSystem	return		<RETURN>	/undefined	<UNASSIGNED>	DEFAULT		0	0	no_evidence		-
004024B9	thunk_FUN_006809f0	return		<RETURN>	/undefined4	EAX:4	DEFAULT		0	0	no_evidence		-
004024BE	FSGSTy::PaintInfo	return		<RETURN>	/undefined	<UNASSIGNED>	DEFAULT		0	0	no_evidence		-
004024C8	CPanelTy::SwitchCPanel	return		<RETURN>	/undefined	<UNASSIGNED>	DEFAULT		0	0	no_evidence		-
004024CD	thunk_FUN_0048dc90	return		<RETURN>	/undefined	<UNASSIGNED>	DEFAULT		0	0	no_evidence		-
004024D2	thunk_FUN_005c7800	return		<RETURN>	/undefined	<UNASSIGNED>	DEFAULT		0	0	no_evidence		-
004024D7	FSGSTy::sub_0059BE50	return		<RETURN>	/undefined	<UNASSIGNED>	DEFAULT		0	0	no_evidence		-
004024E1	thunk_FUN_0042c300	return		<RETURN>	/undefined4	EAX:4	DEFAULT		0	0	no_evidence		-
004024E6	thunk_FUN_00419dd0	return		<RETURN>	/undefined	<UNASSIGNED>	DEFAULT		0	0	no_evidence		-
004024F0	STAllPlayersC::GetCamPoint	return		<RETURN>	/undefined4	EAX:4	DEFAULT		0	0	no_evidence		-
004024F5	STOctopusC::sub_0058AF70	return		<RETURN>	/undefined4	EAX:4	DEFAULT		0	0	no_evidence		-
004024FF	thunk_FUN_005419e0	return		<RETURN>	/undefined	<UNASSIGNED>	DEFAULT		0	0	no_evidence		-
00402504	thunk_FUN_004e4aa0	return		<RETURN>	/undefined4	EAX:4	DEFAULT		0	0	no_evidence		-
00402522	thunk_FUN_00424750	return		<RETURN>	/undefined	<UNASSIGNED>	DEFAULT		0	0	no_evidence		-
00402527	thunk_FUN_0062d120	return		<RETURN>	/undefined4	EAX:4	DEFAULT		0	0	no_evidence		-
0040252C	thunk_FUN_005efa30	return		<RETURN>	/undefined	<UNASSIGNED>	DEFAULT		0	0	no_evidence		-
00402536	FrmPanelTy::ShiftControls	return		<RETURN>	/undefined	<UNASSIGNED>	DEFAULT		0	0	no_evidence		-
0040253B	thunk_FUN_004cfbe0	return		<RETURN>	/undefined	<UNASSIGNED>	DEFAULT		0	0	no_evidence		-
00402540	thunk_FUN_0067ec60	parameter	0	param_1	/undefined4	Stack[0x4]:4	DEFAULT		0	0	no_evidence		-
0040254A	STBHEShellC::sub_005F4680	return		<RETURN>	/undefined	<UNASSIGNED>	DEFAULT		0	0	no_evidence		-
0040254F	MainMenuTy::InitMainMenu	return		<RETURN>	/undefined	<UNASSIGNED>	DEFAULT		0	0	no_evidence		-
00402554	thunk_FUN_00496e40	parameter	2	param_3	/undefined4	Stack[0xc]:4	DEFAULT		0	0	no_evidence		-
0040255E	OpticClassC::InitOptic	return		<RETURN>	/undefined	<UNASSIGNED>	DEFAULT		0	0	no_evidence		-
00402568	thunk_FUN_0064eed0	return		<RETURN>	/undefined4	EAX:4	DEFAULT		0	0	no_evidence		-
0040256D	thunk_FUN_00626ec0	return		<RETURN>	/undefined	<UNASSIGNED>	DEFAULT		0	0	no_evidence		-
00402577	thunk_FUN_0055c180	return		<RETURN>	/undefined	<UNASSIGNED>	DEFAULT		0	0	no_evidence		-
00402581	thunk_FUN_004e2190	return		<RETURN>	/undefined4	EAX:4	DEFAULT		0	0	no_evidence		-
00402586	thunk_FUN_00488ee0	return		<RETURN>	/undefined	<UNASSIGNED>	DEFAULT		0	0	no_evidence		-
00402590	CPanelTy::PaintCtrlObjSI	return		<RETURN>	/undefined	<UNASSIGNED>	DEFAULT		0	0	no_evidence		-
004025AE	thunk_FUN_00430750	return		<RETURN>	/undefined1	AL:1	DEFAULT		0	0	no_evidence		-
004025B3	STAppC::sub_0056EF50	return		<RETURN>	/undefined	<UNASSIGNED>	DEFAULT		0	0	no_evidence		-
004025B8	STAppC::sub_0056EBE0	return		<RETURN>	/undefined	<UNASSIGNED>	DEFAULT		0	0	no_evidence		-
004025C2	thunk_FUN_004e4990	return		<RETURN>	/undefined4	EAX:4	DEFAULT		0	0	no_evidence		-
004025C7	thunk_FUN_00529f90	return		<RETURN>	/undefined4	EAX:4	DEFAULT		0	0	no_evidence		-
004025CC	CPanelTy::Update5Panel	return		<RETURN>	/undefined	<UNASSIGNED>	DEFAULT		0	0	no_evidence		-
004025D6	thunk_FUN_004dea90	return		<RETURN>	/undefined	<UNASSIGNED>	DEFAULT		0	0	no_evidence		-
004025DB	thunk_FUN_004dcbf0	return		<RETURN>	/undefined4	EAX:4	DEFAULT		0	0	no_evidence		-
004025E5	STRubbishC::LoadImagSpr	parameter	3	param_3	/undefined4	Stack[0xc]:4	DEFAULT		0	0	no_evidence		-
004025E5	STRubbishC::LoadImagSpr	return		<RETURN>	/undefined4	EAX:4	DEFAULT		0	0	no_evidence		-
004025EF	thunk_FUN_0054eb20	return		<RETURN>	/undefined4	EAX:4	DEFAULT		0	0	no_evidence		-
004025F4	thunk_FUN_005ddb40	return		<RETURN>	/undefined4	EAX:4	DEFAULT		0	0	no_evidence		-
00402603	STGroupBoatC::MakePVec	return		<RETURN>	/undefined4	EAX:4	DEFAULT		0	0	no_evidence		-
00402608	thunk_FUN_00492370	return		<RETURN>	/undefined4	EAX:4	DEFAULT		0	0	no_evidence		-
00402612	STFishC::sub_0057D5F0	return		<RETURN>	/undefined4	EAX:4	DEFAULT		0	0	no_evidence		-
00402617	thunk_FUN_00571e40	return		<RETURN>	/undefined4	EAX:4	DEFAULT		0	0	no_evidence		-
0040261C	CampaignTy::LightPalette	return		<RETURN>	/undefined	<UNASSIGNED>	DEFAULT		0	0	no_evidence		-
00402626	FSGSTy::InfoCtrls	return		<RETURN>	/undefined	<UNASSIGNED>	DEFAULT		0	0	no_evidence		-
0040262B	thunk_FUN_00682d70	return		<RETURN>	/undefined	<UNASSIGNED>	DEFAULT		0	0	no_evidence		-
00402630	OptPanelTy::SwitchOptPanelOff	return		<RETURN>	/undefined	<UNASSIGNED>	DEFAULT		0	0	no_evidence		-
0040263A	thunk_FUN_00578520	parameter	1	param_1	/undefined4	Stack[0x4]:4	DEFAULT		0	0	no_evidence		-
0040263A	thunk_FUN_00578520	return		<RETURN>	/undefined4	EAX:4	DEFAULT		0	0	no_evidence		-
0040263F	thunk_FUN_004ad4f0	return		<RETURN>	/undefined	<UNASSIGNED>	DEFAULT		0	0	no_evidence		-
00402644	thunk_FUN_00643e20	parameter	1	param_2	/undefined4	EDX:4	DEFAULT		0	0	no_evidence		-
00402644	thunk_FUN_00643e20	return		<RETURN>	/undefined4	EAX:4	DEFAULT		0	0	no_evidence		-
0040264E	STBHEShellC::sub_005F5C40	return		<RETURN>	/undefined	<UNASSIGNED>	DEFAULT		0	0	no_evidence		-
00402653	thunk_FUN_00440820	parameter	1	param_2	/undefined4	Stack[0x8]:4	DEFAULT		0	0	no_evidence		-
00402653	thunk_FUN_00440820	return		<RETURN>	/undefined	<UNASSIGNED>	DEFAULT		0	0	no_evidence		-
0040266C	thunk_FUN_0064f3f0	return		<RETURN>	/undefined4	EAX:4	DEFAULT		0	0	no_evidence		-
0040267B	thunk_FUN_005416a0	return		<RETURN>	/undefined	<UNASSIGNED>	DEFAULT		0	0	no_evidence		-
00402680	UPanelTy::CreateTab	parameter	9	param_9	/undefined4	Stack[0x24]:4	DEFAULT		0	0	no_evidence		-
00402680	UPanelTy::CreateTab	parameter	10	param_10	/undefined4	Stack[0x28]:4	DEFAULT		0	0	no_evidence		-
00402680	UPanelTy::CreateTab	return		<RETURN>	/undefined4	EAX:4	DEFAULT		0	0	no_evidence		-
00402685	thunk_FUN_004d8b30	parameter	1	param_2	/undefined4	Stack[0x8]:4	DEFAULT		0	0	no_evidence		-
00402685	thunk_FUN_004d8b30	return		<RETURN>	/undefined4	EAX:4	DEFAULT		0	0	no_evidence		-
0040268A	thunk_FUN_004b6e30	return		<RETURN>	/undefined4	EAX:4	DEFAULT		0	0	no_evidence		-
0040268F	thunk_FUN_004c28b0	return		<RETURN>	/undefined	<UNASSIGNED>	DEFAULT		0	0	no_evidence		-
00402699	thunk_FUN_004dd570	return		<RETURN>	/undefined4	EAX:4	DEFAULT		0	0	no_evidence		-
0040269E	STAppC::DoneApp	return		<RETURN>	/undefined	<UNASSIGNED>	DEFAULT		0	0	no_evidence		-
004026AD	thunk_FUN_004ab270	return		<RETURN>	/undefined	<UNASSIGNED>	DEFAULT		0	0	no_evidence		-
004026B2	TLOBaseTy::thunk_FUN_004e2c30	return		<RETURN>	/undefined4	EAX:4	DEFAULT		0	0	no_evidence		-
004026BC	thunk_FUN_00651bd0	return		<RETURN>	/undefined4	EAX:4	DEFAULT		0	0	no_evidence		-
004026C1	thunk_FUN_0044e260	return		<RETURN>	/undefined	<UNASSIGNED>	DEFAULT		0	0	no_evidence		-
004026C6	thunk_FUN_005ff3a0	return		<RETURN>	/undefined4	EAX:4	DEFAULT		0	0	no_evidence		-
004026DF	thunk_FUN_004dd500	parameter	1	param_2	/undefined4	EDX:4	DEFAULT		0	0	no_evidence		-
004026DF	thunk_FUN_004dd500	return		<RETURN>	/undefined4	EAX:4	DEFAULT		0	0	no_evidence		-
004026E9	thunk_FUN_006301b0	return		<RETURN>	/undefined	<UNASSIGNED>	DEFAULT		0	0	no_evidence		-
004026F8	thunk_FUN_00692530	return		<RETURN>	/undefined4	EAX:4	DEFAULT		0	0	no_evidence		-
00402707	thunk_FUN_006404b0	return		<RETURN>	/undefined	<UNASSIGNED>	DEFAULT		0	0	no_evidence		-
00402711	thunk_FUN_0063d100	return		<RETURN>	/undefined	<UNASSIGNED>	DEFAULT		0	0	no_evidence		-
00402720	thunk_FUN_004ab470	return		<RETURN>	/undefined	<UNASSIGNED>	DEFAULT		0	0	no_evidence		-
00402725	ChooseMapTy::PaintChooseMap	return		<RETURN>	/undefined	<UNASSIGNED>	DEFAULT		0	0	no_evidence		-
0040272F	thunk_FUN_00692ba0	return		<RETURN>	/undefined	<UNASSIGNED>	DEFAULT		0	0	no_evidence		-
00402734	thunk_FUN_004be6c0	return		<RETURN>	/undefined	<UNASSIGNED>	DEFAULT		0	0	no_evidence		-
0040273E	thunk_FUN_00646110	return		<RETURN>	/undefined4	EAX:4	DEFAULT		0	0	no_evidence		-
00402748	STAllPlayersC::_SubMDObject	return		<RETURN>	/undefined4	EAX:4	DEFAULT		0	0	no_evidence		-
0040274D	thunk_FUN_0064f110	return		<RETURN>	/undefined4	EAX:4	DEFAULT		0	0	no_evidence		-
00402757	thunk_FUN_005f0470	return		<RETURN>	/undefined4	EAX:4	DEFAULT		0	0	no_evidence		-
00402761	STT3DSprC::sub_004AD070	return		<RETURN>	/undefined	<UNASSIGNED>	DEFAULT		0	0	no_evidence		-
00402770	thunk_FUN_004232e0	return		<RETURN>	/undefined	<UNASSIGNED>	DEFAULT		0	0	no_evidence		-
00402775	CPanelTy::PlayBrief	return		<RETURN>	/undefined	<UNASSIGNED>	DEFAULT		0	0	no_evidence		-
0040277A	BldBoatPanelTy::Update	return		<RETURN>	/undefined	<UNASSIGNED>	DEFAULT		0	0	no_evidence		-
00402784	thunk_FUN_00680fa0	return		<RETURN>	/undefined4	EAX:4	DEFAULT		0	0	no_evidence		-
00402789	thunk_FUN_005293c0	return		<RETURN>	/undefined4	EAX:4	DEFAULT		0	0	no_evidence		-
00402793	thunk_FUN_004d7e50	return		<RETURN>	/undefined4	EAX:4	DEFAULT		0	0	no_evidence		-
00402798	CPanelTy::sub_004FAD20	return		<RETURN>	/undefined	<UNASSIGNED>	DEFAULT		0	0	no_evidence		-
0040279D	FSGSTy::CreateCtrls	return		<RETURN>	/undefined	<UNASSIGNED>	DEFAULT		0	0	no_evidence		-
004027A2	STGroupBoatC::Teleport	return		<RETURN>	/undefined4	EAX:4	DEFAULT		0	0	no_evidence		-
004027A7	thunk_FUN_00678560	return		<RETURN>	/undefined	<UNASSIGNED>	DEFAULT		0	0	no_evidence		-
004027AC	HelpPanelTy::PrepMissObj	return		<RETURN>	/undefined	<UNASSIGNED>	DEFAULT		0	0	no_evidence		-
004027B1	thunk_FUN_004db0f0	return		<RETURN>	/undefined4	EAX:4	DEFAULT		0	0	no_evidence		-
004027B6	thunk_FUN_00486af0	return		<RETURN>	/undefined	<UNASSIGNED>	DEFAULT		0	0	no_evidence		-
004027BB	thunk_FUN_0058cfc0	return		<RETURN>	/undefined	<UNASSIGNED>	DEFAULT		0	0	no_evidence		-
004027C5	STAllPlayersC::_DeleteGuardBoat	return		<RETURN>	/undefined4	EAX:4	DEFAULT		0	0	no_evidence		-
004027CA	STBoatC::sub_00492420	return		<RETURN>	/undefined	<UNASSIGNED>	DEFAULT		0	0	no_evidence		-
004027CF	thunk_FUN_0060c2d0	return		<RETURN>	/undefined	<UNASSIGNED>	DEFAULT		0	0	no_evidence		-
004027D4	thunk_FUN_006173a0	return		<RETURN>	/undefined4	EAX:4	DEFAULT		0	0	no_evidence		-
004027D9	thunk_FUN_00589a20	return		<RETURN>	/undefined4	EAX:4	DEFAULT		0	0	no_evidence		-
004027DE	STAllPlayersC::SelfCheckObjControl	return		<RETURN>	/undefined	<UNASSIGNED>	DEFAULT		0	0	no_evidence		-
004027F7	thunk_FUN_004d9700	return		<RETURN>	/undefined4	EAX:4	DEFAULT		0	0	no_evidence		-
004027FC	thunk_FUN_00497370	return		<RETURN>	/undefined4	EAX:4	DEFAULT		0	0	no_evidence		-
00402801	thunk_FUN_00652700	return		<RETURN>	/undefined4	EAX:4	DEFAULT		0	0	no_evidence		-
00402806	StartSystemTy::LoadGraph	return		<RETURN>	/undefined4	EAX:4	DEFAULT		0	0	no_evidence		-
00402810	thunk_FUN_00567330	return		<RETURN>	/undefined	<UNASSIGNED>	DEFAULT		0	0	no_evidence		-
0040281A	thunk_FUN_0041cff0	return		<RETURN>	/undefined	<UNASSIGNED>	DEFAULT		0	0	no_evidence		-
00402829	thunk_FUN_004ae0b0	return		<RETURN>	/undefined4	EAX:4	DEFAULT		0	0	no_evidence		-
0040282E	STTorpC::ClearDangerous	return		<RETURN>	/undefined4	EAX:4	DEFAULT		0	0	no_evidence		-
00402833	HelpPanelTy::TechProc	return		<RETURN>	/undefined	<UNASSIGNED>	DEFAULT		0	0	no_evidence		-
00402842	HoloTy::OutHoloProc	return		<RETURN>	/undefined	<UNASSIGNED>	DEFAULT		0	0	no_evidence		-
00402847	STJellyGunC::sub_00415ED0	return		<RETURN>	/undefined4	EAX:4	DEFAULT		0	0	no_evidence		-
00402851	OptPanelTy::SetOptControls	return		<RETURN>	/undefined	<UNASSIGNED>	DEFAULT		0	0	no_evidence		-
00402856	thunk_FUN_006a0ae0	parameter	3	param_3	/undefined4	Stack[0xc]:4	DEFAULT		0	0	no_evidence		-
0040286A	thunk_FUN_00416330	return		<RETURN>	/undefined1	AL:1	DEFAULT		0	0	no_evidence		-
0040286F	thunk_FUN_00423e70	return		<RETURN>	/undefined	<UNASSIGNED>	DEFAULT		0	0	no_evidence		-
00402874	OptPanelTy::CheckFiles	return		<RETURN>	/undefined4	EAX:4	DEFAULT		0	0	no_evidence		-
00402883	thunk_FUN_004d8d40	return		<RETURN>	/undefined4	EAX:4	DEFAULT		0	0	no_evidence		-
0040288D	thunk_FUN_004cfde0	return		<RETURN>	/undefined	<UNASSIGNED>	DEFAULT		0	0	no_evidence		-
00402892	thunk_FUN_00493110	return		<RETURN>	/undefined	<UNASSIGNED>	DEFAULT		0	0	no_evidence		-
00402897	thunk_FUN_004b72e0	return		<RETURN>	/undefined4	EAX:4	DEFAULT		0	0	no_evidence		-
0040289C	thunk_FUN_004838b0	return		<RETURN>	/undefined	<UNASSIGNED>	DEFAULT		0	0	no_evidence		-
004028A6	thunk_FUN_0067fb00	return		<RETURN>	/undefined	<UNASSIGNED>	DEFAULT		0	0	no_evidence		-
004028AB	thunk_FUN_004deeb0	return		<RETURN>	/undefined	<UNASSIGNED>	DEFAULT		0	0	no_evidence		-
004028B5	StartSystemTy::CreateChatView	return		<RETURN>	/undefined	<UNASSIGNED>	DEFAULT		0	0	no_evidence		-
004028CE	thunk_FUN_005fff60	return		<RETURN>	/undefined4	EAX:4	DEFAULT		0	0	no_evidence		-
004028D3	thunk_FUN_00608b50	parameter	4	param_4	/undefined4	Stack[0x10]:4	DEFAULT		0	0	no_evidence		-
004028D3	thunk_FUN_00608b50	parameter	5	param_5	/undefined4	Stack[0x14]:4	DEFAULT		0	0	no_evidence		-
004028D3	thunk_FUN_00608b50	parameter	7	param_7	/undefined4	Stack[0x1c]:4	DEFAULT		0	0	no_evidence		-
004028D3	thunk_FUN_00608b50	parameter	8	param_8	/undefined4	Stack[0x20]:4	DEFAULT		0	0	no_evidence		-
004028D3	thunk_FUN_00608b50	parameter	9	param_9	/undefined1	Stack[0x24]:1	DEFAULT		0	0	no_evidence		-
004028D8	thunk_FUN_004d9350	return		<RETURN>	/undefined4	EAX:4	DEFAULT		0	0	no_evidence		-
004028DD	thunk_FUN_00428ce0	return		<RETURN>	/undefined4	EAX:4	DEFAULT		0	0	no_evidence		-
004028E2	SubmarineTitans::Recovered::HiddenThis::AnonReceiver_00660180::thunk_FUN_00660180	return		<RETURN>	/undefined4	EAX:4	DEFAULT		0	0	no_evidence		-
004028E7	thunk_FUN_0061c910	parameter	3	param_3	/undefined4	Stack[0xc]:4	DEFAULT		0	0	no_evidence		-
004028E7	thunk_FUN_0061c910	parameter	4	param_4	/undefined4	Stack[0x10]:4	DEFAULT		0	0	no_evidence		-
004028E7	thunk_FUN_0061c910	parameter	5	param_5	/undefined4	Stack[0x14]:4	DEFAULT		0	0	no_evidence		-
004028EC	thunk_FUN_004d32c0	return		<RETURN>	/undefined4	EAX:4	DEFAULT		0	0	no_evidence		-
004028F1	TLOBaseTy::sub_004CC880	parameter	1	param_1	/undefined4	Stack[0x4]:4	DEFAULT		0	0	no_evidence		-
004028F1	TLOBaseTy::sub_004CC880	return		<RETURN>	/undefined4	EAX:4	DEFAULT		0	0	no_evidence		-
004028F6	thunk_FUN_004d78e0	return		<RETURN>	/undefined4	EAX:4	DEFAULT		0	0	no_evidence		-
00402905	thunk_FUN_0041dbe0	parameter	0	param_1	/undefined4	Stack[0x4]:4	DEFAULT		0	0	no_evidence		-
00402905	thunk_FUN_0041dbe0	return		<RETURN>	/undefined4	EAX:4	DEFAULT		0	0	no_evidence		-
0040290A	thunk_FUN_004f4950	return		<RETURN>	/undefined	<UNASSIGNED>	DEFAULT		0	0	no_evidence		-
00402914	thunk_FUN_004eefb0	return		<RETURN>	/undefined	<UNASSIGNED>	DEFAULT		0	0	no_evidence		-
00402919	thunk_FUN_0052a540	return		<RETURN>	/undefined4	EAX:4	DEFAULT		0	0	no_evidence		-
0040291E	thunk_FUN_004b71c0	return		<RETURN>	/undefined4	EAX:4	DEFAULT		0	0	no_evidence		-
0040292D	thunk_FUN_0064f320	return		<RETURN>	/undefined4	EAX:4	DEFAULT		0	0	no_evidence		-
00402932	_EnumArt	parameter	9	param_10	/undefined4	Stack[0x28]:4	DEFAULT		0	0	no_evidence		-
0040293C	thunk_FUN_0058bb90	return		<RETURN>	/undefined	<UNASSIGNED>	DEFAULT		0	0	no_evidence		-
00402941	WaitTy::CreateCtrls	return		<RETURN>	/undefined	<UNASSIGNED>	DEFAULT		0	0	no_evidence		-
00402946	CPanelTy::OutProc	parameter	2	param_2	/undefined4	Stack[0x8]:4	DEFAULT		0	0	no_evidence		-
00402946	CPanelTy::OutProc	parameter	3	param_3	/undefined4	Stack[0xc]:4	DEFAULT		0	0	no_evidence		-
00402946	CPanelTy::OutProc	parameter	6	param_6	/undefined4	Stack[0x18]:4	DEFAULT		0	0	no_evidence		-
00402946	CPanelTy::OutProc	parameter	7	param_7	/undefined4	Stack[0x1c]:4	DEFAULT		0	0	no_evidence		-
00402946	CPanelTy::OutProc	return		<RETURN>	/undefined	<UNASSIGNED>	DEFAULT		0	0	no_evidence		-
00402950	SettMapMTy::SetListCtrls	return		<RETURN>	/undefined	<UNASSIGNED>	DEFAULT		0	0	no_evidence		-
00402955	STGroupBoatC::GrpLoadObj	return		<RETURN>	/undefined4	EAX:4	DEFAULT		0	0	no_evidence		-
0040295A	thunk_FUN_0041ac40	return		<RETURN>	/undefined	<UNASSIGNED>	DEFAULT		0	0	no_evidence		-
0040295F	thunk_FUN_00417a20	return		<RETURN>	/undefined4	EAX:4	DEFAULT		0	0	no_evidence		-
00402964	thunk_FUN_00415b10	return		<RETURN>	/undefined	<UNASSIGNED>	DEFAULT		0	0	no_evidence		-
00402969	thunk_FUN_005efcd0	return		<RETURN>	/undefined	<UNASSIGNED>	DEFAULT		0	0	no_evidence		-
0040296E	CPanelTy::SetControlBoatSI	return		<RETURN>	/undefined	<UNASSIGNED>	DEFAULT		0	0	no_evidence		-
00402978	thunk_FUN_005fe360	return		<RETURN>	/undefined4	EAX:4	DEFAULT		0	0	no_evidence		-
0040297D	thunk_FUN_00680c70	return		<RETURN>	/undefined4	EAX:4	DEFAULT		0	0	no_evidence		-
00402982	thunk_FUN_004ad460	return		<RETURN>	/undefined	<UNASSIGNED>	DEFAULT		0	0	no_evidence		-
0040298C	thunk_FUN_006473e0	parameter	1	param_1	/undefined4	Stack[0x4]:4	DEFAULT		0	0	no_evidence		-
00402991	STAllPlayersC::RegisterTorpedo	return		<RETURN>	/undefined4	EAX:4	DEFAULT		0	0	no_evidence		-
004029A0	thunk_FUN_004c2e60	return		<RETURN>	/undefined4	EAX:4	DEFAULT		0	0	no_evidence		-
004029A5	ChooseMapTy::NoneChooseMap	return		<RETURN>	/undefined	<UNASSIGNED>	DEFAULT		0	0	no_evidence		-
004029AA	thunk_FUN_004be1a0	return		<RETURN>	/undefined	<UNASSIGNED>	DEFAULT		0	0	no_evidence		-
004029AF	SIDTy::InitSID	return		<RETURN>	/undefined	<UNASSIGNED>	DEFAULT		0	0	no_evidence		-
004029BE	thunk_FUN_00660420	parameter	1	param_1	/undefined4	Stack[0x4]:4	DEFAULT		0	0	no_evidence		-
004029BE	thunk_FUN_00660420	return		<RETURN>	/undefined4	EAX:4	DEFAULT		0	0	no_evidence		-
004029C8	HelpPanelTy::HomeBut	return		<RETURN>	/undefined	<UNASSIGNED>	DEFAULT		0	0	no_evidence		-
004029CD	SIDTy::PaintSID	return		<RETURN>	/undefined	<UNASSIGNED>	DEFAULT		0	0	no_evidence		-
004029D2	thunk_FUN_004d9bb0	return		<RETURN>	/undefined	<UNASSIGNED>	DEFAULT		0	0	no_evidence		-
004029D7	thunk_FUN_004ea6e0	parameter	3	param_4	/undefined4	Stack[0x10]:4	DEFAULT		0	0	no_evidence		-
004029D7	thunk_FUN_004ea6e0	return		<RETURN>	/undefined	<UNASSIGNED>	DEFAULT		0	0	no_evidence		-
004029DC	thunk_FUN_0062e610	return		<RETURN>	/undefined	<UNASSIGNED>	DEFAULT		0	0	no_evidence		-
004029E1	thunk_FUN_004dd6c0	parameter	1	param_1	/undefined4	Stack[0x4]:4	DEFAULT		0	0	no_evidence		-
004029E1	thunk_FUN_004dd6c0	return		<RETURN>	/undefined4	EAX:4	DEFAULT		0	0	no_evidence		-
004029E6	thunk_FUN_0067be20	parameter	1	param_2	/undefined4	EDX:4	DEFAULT		0	0	no_evidence		-
004029E6	thunk_FUN_0067be20	return		<RETURN>	/undefined	<UNASSIGNED>	DEFAULT		0	0	no_evidence		-
004029EB	thunk_FUN_0064f080	return		<RETURN>	/undefined4	EAX:4	DEFAULT		0	0	no_evidence		-
004029F0	thunk_FUN_0041d4f0	return		<RETURN>	/undefined	<UNASSIGNED>	DEFAULT		0	0	no_evidence		-
00402A18	thunk_FUN_0067b210	return		<RETURN>	/undefined	<UNASSIGNED>	DEFAULT		0	0	no_evidence		-
00402A1D	thunk_FUN_0064ef10	return		<RETURN>	/undefined4	EAX:4	DEFAULT		0	0	no_evidence		-
00402A36	thunk_FUN_004b9920	return		<RETURN>	/undefined4	EAX:4	DEFAULT		0	0	no_evidence		-
00402A40	thunk_FUN_004dba20	return		<RETURN>	/undefined	<UNASSIGNED>	DEFAULT		0	0	no_evidence		-
00402A45	thunk_FUN_004231a0	return		<RETURN>	/undefined	<UNASSIGNED>	DEFAULT		0	0	no_evidence		-
00402A4F	thunk_FUN_00615430	return		<RETURN>	/undefined4	EAX:4	DEFAULT		0	0	no_evidence		-
00402A5E	thunk_FUN_00553270	return		<RETURN>	/undefined	<UNASSIGNED>	DEFAULT		0	0	no_evidence		-
00402A72	thunk_FUN_0041f3b0	return		<RETURN>	/undefined	<UNASSIGNED>	DEFAULT		0	0	no_evidence		-
00402A7C	thunk_FUN_004b1690	return		<RETURN>	/undefined4	EAX:4	DEFAULT		0	0	no_evidence		-
00402A81	STColl3C::sub_005F8650	return		<RETURN>	/undefined4	EAX:4	DEFAULT		0	0	no_evidence		-
00402A86	thunk_FUN_0061f5c0	parameter	0	param_1	/undefined4	Stack[0x4]:4	DEFAULT		0	0	no_evidence		-
00402A86	thunk_FUN_0061f5c0	return		<RETURN>	/undefined	<UNASSIGNED>	DEFAULT		0	0	no_evidence		-
00402A8B	thunk_FUN_0065e700	parameter	1	param_2	/undefined4	EDX:4	DEFAULT		0	0	no_evidence		-
00402A8B	thunk_FUN_0065e700	return		<RETURN>	/undefined4	EAX:4	DEFAULT		0	0	no_evidence		-
00402A90	thunk_FUN_004ad5e0	return		<RETURN>	/undefined	<UNASSIGNED>	DEFAULT		0	0	no_evidence		-
00402A95	thunk_FUN_0062b990	parameter	0	param_1	/undefined4	Stack[0x4]:4	DEFAULT		0	0	no_evidence		-
00402A95	thunk_FUN_0062b990	parameter	1	param_2	/undefined4	Stack[0x8]:4	DEFAULT		0	0	no_evidence		-
00402A95	thunk_FUN_0062b990	parameter	2	param_3	/undefined4	Stack[0xc]:4	DEFAULT		0	0	no_evidence		-
00402A95	thunk_FUN_0062b990	parameter	3	param_4	/undefined4	Stack[0x10]:4	DEFAULT		0	0	no_evidence		-
00402A95	thunk_FUN_0062b990	parameter	5	param_6	/undefined4	Stack[0x18]:4	DEFAULT		0	0	no_evidence		-
00402A95	thunk_FUN_0062b990	parameter	6	param_7	/undefined4	Stack[0x1c]:4	DEFAULT		0	0	no_evidence		-
00402A95	thunk_FUN_0062b990	return		<RETURN>	/undefined	<UNASSIGNED>	DEFAULT		0	0	no_evidence		-
00402A9F	TLOBaseTy::sub_004CEB00	return		<RETURN>	/undefined4	EAX:4	DEFAULT		0	0	no_evidence		-
00402AAE	thunk_FUN_004e76e0	return		<RETURN>	/undefined4	EAX:4	DEFAULT		0	0	no_evidence		-
00402AB3	thunk_FUN_006a23a0	parameter	6	param_7	/undefined4	Stack[0x1c]:4	DEFAULT		0	0	no_evidence		-
00402AB3	thunk_FUN_006a23a0	return		<RETURN>	/undefined4	EAX:4	DEFAULT		0	0	no_evidence		-
00402AB8	thunk_FUN_004df910	return		<RETURN>	/undefined4	EAX:4	DEFAULT		0	0	no_evidence		-
00402AC2	thunk_FUN_00550bb0	return		<RETURN>	/undefined	<UNASSIGNED>	DEFAULT		0	0	no_evidence		-
00402ACC	thunk_FUN_0061fdb0	return		<RETURN>	/undefined	<UNASSIGNED>	DEFAULT		0	0	no_evidence		-
00402AD6	thunk_FUN_004cd3e0	parameter	2	param_2	/undefined4	Stack[0x8]:4	DEFAULT		0	0	no_evidence		-
00402AD6	thunk_FUN_004cd3e0	return		<RETURN>	/undefined4	EAX:4	DEFAULT		0	0	no_evidence		-
00402AF4	thunk_FUN_00621580	return		<RETURN>	/undefined	<UNASSIGNED>	DEFAULT		0	0	no_evidence		-
00402AF9	thunk_FUN_004d7c10	return		<RETURN>	/undefined4	EAX:4	DEFAULT		0	0	no_evidence		-
00402AFE	thunk_FUN_004168d0	parameter	2	param_3	/undefined4	Stack[0xc]:4	DEFAULT		0	0	no_evidence		-
00402AFE	thunk_FUN_004168d0	return		<RETURN>	/undefined2	AX:2	DEFAULT		0	0	no_evidence		-
00402B03	thunk_FUN_00584b10	return		<RETURN>	/undefined	<UNASSIGNED>	DEFAULT		0	0	no_evidence		-
00402B08	thunk_FUN_00617880	return		<RETURN>	/undefined	<UNASSIGNED>	DEFAULT		0	0	no_evidence		-
00402B12	thunk_FUN_005f6df0	return		<RETURN>	/undefined	<UNASSIGNED>	DEFAULT		0	0	no_evidence		-
00402B17	thunk_FUN_004d9000	return		<RETURN>	/undefined4	EAX:4	DEFAULT		0	0	no_evidence		-
00402B21	thunk_FUN_006a3be0	return		<RETURN>	/undefined	<UNASSIGNED>	DEFAULT		0	0	no_evidence		-
00402B2B	thunk_FUN_00608e90	return		<RETURN>	/undefined4	EAX:4	DEFAULT		0	0	no_evidence		-
00402B35	thunk_FUN_004be290	return		<RETURN>	/undefined	<UNASSIGNED>	DEFAULT		0	0	no_evidence		-
00402B3F	STMineSetC::sub_0041D1A0	return		<RETURN>	/undefined	<UNASSIGNED>	DEFAULT		0	0	no_evidence		-
00402B44	thunk_FUN_0056a820	return		<RETURN>	/undefined	<UNASSIGNED>	DEFAULT		0	0	no_evidence		-
00402B49	AiTactClassTy::sub_00690AB0	return		<RETURN>	/undefined	<UNASSIGNED>	DEFAULT		0	0	no_evidence		-
00402B4E	thunk_FUN_004ddb30	return		<RETURN>	/undefined4	EAX:4	DEFAULT		0	0	no_evidence		-
00402B53	FrmPanelTy::DoneFrmPanel	return		<RETURN>	/undefined	<UNASSIGNED>	DEFAULT		0	0	no_evidence		-
00402B67	thunk_FUN_004977c0	return		<RETURN>	/undefined	<UNASSIGNED>	DEFAULT		0	0	no_evidence		-
00402B6C	thunk_FUN_004e16d0	return		<RETURN>	/undefined4	EAX:4	DEFAULT		0	0	no_evidence		-
00402B85	STGroupBoatC::SetMine	return		<RETURN>	/undefined4	EAX:4	DEFAULT		0	0	no_evidence		-
00402B8A	thunk_FUN_004b9bb0	parameter	3	param_3	/undefined2	Stack[0xc]:2	DEFAULT		0	0	no_evidence		-
00402B8A	thunk_FUN_004b9bb0	return		<RETURN>	/undefined4	EAX:4	DEFAULT		0	0	no_evidence		-
00402B8F	thunk_FUN_0061fa40	return		<RETURN>	/undefined4	EAX:4	DEFAULT		0	0	no_evidence		-
00402B99	thunk_FUN_0056abc0	return		<RETURN>	/undefined	<UNASSIGNED>	DEFAULT		0	0	no_evidence		-
00402BA3	thunk_FUN_00677200	parameter	0	param_1	/undefined4	Stack[0x4]:4	DEFAULT		0	0	no_evidence		-
00402BA3	thunk_FUN_00677200	parameter	1	param_2	/undefined4	Stack[0x8]:4	DEFAULT		0	0	no_evidence		-
00402BA3	thunk_FUN_00677200	parameter	2	param_3	/undefined4	Stack[0xc]:4	DEFAULT		0	0	no_evidence		-
00402BA3	thunk_FUN_00677200	return		<RETURN>	/undefined4	EAX:4	DEFAULT		0	0	no_evidence		-
00402BA8	AiEventClassTy::_CreateArt	parameter	5	param_5	/undefined4	Stack[0x14]:4	DEFAULT		0	0	no_evidence		-
00402BA8	AiEventClassTy::_CreateArt	parameter	8	param_8	/undefined4	Stack[0x20]:4	DEFAULT		0	0	no_evidence		-
00402BAD	thunk_FUN_0061dd40	return		<RETURN>	/undefined4	EAX:4	DEFAULT		0	0	no_evidence		-
00402BB7	thunk_FUN_00627700	return		<RETURN>	/undefined	<UNASSIGNED>	DEFAULT		0	0	no_evidence		-
00402BBC	StartSystemTy::AddToChat	return		<RETURN>	/undefined	<UNASSIGNED>	DEFAULT		0	0	no_evidence		-
00402BC1	thunk_FUN_00651b40	return		<RETURN>	/undefined4	EAX:4	DEFAULT		0	0	no_evidence		-
00402BC6	thunk_FUN_00584950	return		<RETURN>	/undefined	<UNASSIGNED>	DEFAULT		0	0	no_evidence		-
00402BCB	thunk_FUN_00678200	return		<RETURN>	/undefined	<UNASSIGNED>	DEFAULT		0	0	no_evidence		-
00402BDA	thunk_FUN_004ccad0	return		<RETURN>	/undefined	<UNASSIGNED>	DEFAULT		0	0	no_evidence		-
00402BE4	thunk_FUN_0052a3e0	return		<RETURN>	/undefined4	EAX:4	DEFAULT		0	0	no_evidence		-
00402BE9	thunk_FUN_0041c6e0	return		<RETURN>	/undefined	<UNASSIGNED>	DEFAULT		0	0	no_evidence		-
00402BF8	thunk_FUN_0041aea0	return		<RETURN>	/undefined	<UNASSIGNED>	DEFAULT		0	0	no_evidence		-
00402BFD	thunk_FUN_00548b90	return		<RETURN>	/undefined4	EAX:4	DEFAULT		0	0	no_evidence		-
00402C07	thunk_FUN_004e4670	return		<RETURN>	/undefined4	EAX:4	DEFAULT		0	0	no_evidence		-
00402C0C	thunk_FUN_004d7d30	return		<RETURN>	/undefined4	EAX:4	DEFAULT		0	0	no_evidence		-
00402C11	thunk_FUN_0067f4b0	return		<RETURN>	/undefined4	EAX:4	DEFAULT		0	0	no_evidence		-
00402C16	thunk_FUN_00632030	return		<RETURN>	/undefined	<UNASSIGNED>	DEFAULT		0	0	no_evidence		-
00402C20	CursorClassTy::TakeCmdToRun	return		<RETURN>	/undefined	<UNASSIGNED>	DEFAULT		0	0	no_evidence		-
00402C2A	VisibleClassTy::sub_005594A0	parameter	6	param_6	/undefined4	Stack[0x18]:4	DEFAULT		0	0	no_evidence		-
00402C34	thunk_FUN_00580570	return		<RETURN>	/undefined	<UNASSIGNED>	DEFAULT		0	0	no_evidence		-
00402C3E	thunk_FUN_00604fc0	return		<RETURN>	/undefined4	EAX:4	DEFAULT		0	0	no_evidence		-
00402C48	STJumpMineC::sub_00619A20	return		<RETURN>	/undefined	<UNASSIGNED>	DEFAULT		0	0	no_evidence		-
00402C52	Library::MSVCRT::thunk_FUN_006a4f20	return		<RETURN>	/undefined4	EAX:4	DEFAULT		0	0	no_evidence		-
00402C57	STVolcanoC::sub_006472B0	return		<RETURN>	/undefined4	EAX:4	DEFAULT		0	0	no_evidence		-
00402C5C	thunk_FUN_006831f0	return		<RETURN>	/undefined	<UNASSIGNED>	DEFAULT		0	0	no_evidence		-
00402C61	thunk_FUN_0067bf60	return		<RETURN>	/undefined	<UNASSIGNED>	DEFAULT		0	0	no_evidence		-
00402C70	FSGSTy::Download	parameter	1	param_1	/undefined4	Stack[0x4]:4	DEFAULT		0	0	no_evidence		-
00402C70	FSGSTy::Download	parameter	2	param_2	/undefined4	Stack[0x8]:4	DEFAULT		0	0	no_evidence		-
00402C70	FSGSTy::Download	return		<RETURN>	/undefined	<UNASSIGNED>	DEFAULT		0	0	no_evidence		-
00402C75	thunk_FUN_005fce70	return		<RETURN>	/undefined	<UNASSIGNED>	DEFAULT		0	0	no_evidence		-
00402C7F	AiTactClassTy::sub_00690A40	return		<RETURN>	/undefined	<UNASSIGNED>	DEFAULT		0	0	no_evidence		-
00402C84	FSGSTy::JoinChannel	return		<RETURN>	/undefined	<UNASSIGNED>	DEFAULT		0	0	no_evidence		-
00402C8E	AiFltClassTy::sub_00661580	return		<RETURN>	/undefined	<UNASSIGNED>	DEFAULT		0	0	no_evidence		-
00402C93	thunk_FUN_004cd790	return		<RETURN>	/undefined4	EAX:4	DEFAULT		0	0	no_evidence		-
00402C98	thunk_FUN_004b79c0	return		<RETURN>	/undefined4	EAX:4	DEFAULT		0	0	no_evidence		-
00402C9D	STLightC::sub_0061F530	return		<RETURN>	/undefined	<UNASSIGNED>	DEFAULT		0	0	no_evidence		-
00402CA2	thunk_FUN_00677f20	parameter	0	param_1	/undefined4	Stack[0x4]:4	DEFAULT		0	0	no_evidence		-
00402CA2	thunk_FUN_00677f20	parameter	1	param_2	/undefined4	Stack[0x8]:4	DEFAULT		0	0	no_evidence		-
00402CA2	thunk_FUN_00677f20	parameter	2	param_3	/undefined4	Stack[0xc]:4	DEFAULT		0	0	no_evidence		-
00402CA2	thunk_FUN_00677f20	return		<RETURN>	/undefined4	EAX:4	DEFAULT		0	0	no_evidence		-
00402CAC	HelpPanelTy::SpecProc	return		<RETURN>	/undefined	<UNASSIGNED>	DEFAULT		0	0	no_evidence		-
00402CB1	thunk_FUN_00693b20	return		<RETURN>	/undefined	<UNASSIGNED>	DEFAULT		0	0	no_evidence		-
00402CB6	thunk_FUN_00674eb0	return		<RETURN>	/undefined	<UNASSIGNED>	DEFAULT		0	0	no_evidence		-
00402CBB	thunk_FUN_006264d0	return		<RETURN>	/undefined4	EAX:4	DEFAULT		0	0	no_evidence		-
00402CC0	MAdvTy::DoneMAdv	return		<RETURN>	/undefined	<UNASSIGNED>	DEFAULT		0	0	no_evidence		-
00402CD4	ChooseMapTy::InitChooseMap	parameter	1	param_1	/undefined1	Stack[0x4]:1	DEFAULT		0	0	no_evidence		-
00402CD4	ChooseMapTy::InitChooseMap	return		<RETURN>	/undefined	<UNASSIGNED>	DEFAULT		0	0	no_evidence		-
00402CD9	STJellyGunC::sub_00584380	return		<RETURN>	/undefined4	EAX:4	DEFAULT		0	0	no_evidence		-
00402CE3	thunk_FUN_004d6c50	return		<RETURN>	/undefined	<UNASSIGNED>	DEFAULT		0	0	no_evidence		-
00402CE8	thunk_FUN_00496cc0	parameter	3	param_4	/undefined4	Stack[0x10]:4	DEFAULT		0	0	no_evidence		-
00402CE8	thunk_FUN_00496cc0	return		<RETURN>	/undefined	<UNASSIGNED>	DEFAULT		0	0	no_evidence		-
00402CED	FSGSTy::DoLogon	return		<RETURN>	/undefined	<UNASSIGNED>	DEFAULT		0	0	no_evidence		-
00402CFC	STBoatC::GetCellForLoading	return		<RETURN>	/undefined4	EAX:4	DEFAULT		0	0	no_evidence		-
00402D0B	thunk_FUN_00590150	return		<RETURN>	/undefined	<UNASSIGNED>	DEFAULT		0	0	no_evidence		-
00402D15	thunk_FUN_004e4e90	return		<RETURN>	/undefined4	EAX:4	DEFAULT		0	0	no_evidence		-
00402D1F	thunk_FUN_005f00b0	return		<RETURN>	/undefined	<UNASSIGNED>	DEFAULT		0	0	no_evidence		-
00402D24	thunk_FUN_004969f0	parameter	2	param_3	/undefined4	Stack[0xc]:4	DEFAULT		0	0	no_evidence		-
00402D24	thunk_FUN_004969f0	parameter	3	param_4	/undefined4	Stack[0x10]:4	DEFAULT		0	0	no_evidence		-
00402D24	thunk_FUN_004969f0	parameter	5	param_6	/undefined4	Stack[0x18]:4	DEFAULT		0	0	no_evidence		-
00402D24	thunk_FUN_004969f0	return		<RETURN>	/undefined	<UNASSIGNED>	DEFAULT		0	0	no_evidence		-
00402D2E	thunk_FUN_0041ab90	return		<RETURN>	/undefined	<UNASSIGNED>	DEFAULT		0	0	no_evidence		-
00402D33	thunk_FUN_0057a2c0	return		<RETURN>	/undefined4	EAX:4	DEFAULT		0	0	no_evidence		-
00402D38	HelpPanelTy::sub_00515180	return		<RETURN>	/undefined	<UNASSIGNED>	DEFAULT		0	0	no_evidence		-
00402D47	thunk_FUN_0060dab0	return		<RETURN>	/undefined4	EAX:4	DEFAULT		0	0	no_evidence		-
00402D4C	SettMapMTy::ChgPlList	parameter	1	param_1	/undefined4	Stack[0x4]:4	DEFAULT		0	0	no_evidence		-
00402D4C	SettMapMTy::ChgPlList	parameter	2	param_2	/undefined4	Stack[0x8]:4	DEFAULT		0	0	no_evidence		-
00402D4C	SettMapMTy::ChgPlList	parameter	3	param_3	/undefined4	Stack[0xc]:4	DEFAULT		0	0	no_evidence		-
00402D4C	SettMapMTy::ChgPlList	parameter	4	param_4	/undefined4	Stack[0x10]:4	DEFAULT		0	0	no_evidence		-
00402D51	thunk_FUN_0061d080	parameter	1	param_1	/undefined4	Stack[0x4]:4	DEFAULT		0	0	no_evidence		-
00402D51	thunk_FUN_0061d080	return		<RETURN>	/undefined	<UNASSIGNED>	DEFAULT		0	0	no_evidence		-
00402D5B	thunk_FUN_0052af50	return		<RETURN>	/undefined	<UNASSIGNED>	DEFAULT		0	0	no_evidence		-
00402D6F	thunk_FUN_004e4d60	return		<RETURN>	/undefined4	EAX:4	DEFAULT		0	0	no_evidence		-
00402D7E	thunk_FUN_0064f950	return		<RETURN>	/undefined4	EAX:4	DEFAULT		0	0	no_evidence		-
00402D83	CPanelTy::SetControlObj	return		<RETURN>	/undefined	<UNASSIGNED>	DEFAULT		0	0	no_evidence		-
00402D88	CGenerate::sub_00694CD0	return		<RETURN>	/undefined	<UNASSIGNED>	DEFAULT		0	0	no_evidence		-
00402D8D	thunk_FUN_00672930	return		<RETURN>	/undefined4	EAX:4	DEFAULT		0	0	no_evidence		-
00402D92	TLOBaseTy::sub_004B9A40	return		<RETURN>	/undefined4	EAX:4	DEFAULT		0	0	no_evidence		-
00402D9C	thunk_FUN_004e4b10	return		<RETURN>	/undefined4	EAX:4	DEFAULT		0	0	no_evidence		-
00402DA1	STGroupBoatC::RechargeNewCmd	return		<RETURN>	/undefined	<UNASSIGNED>	DEFAULT		0	0	no_evidence		-
00402DA6	thunk_FUN_004e4b60	return		<RETURN>	/undefined4	EAX:4	DEFAULT		0	0	no_evidence		-
00402DB0	thunk_FUN_004f9260	return		<RETURN>	/undefined	<UNASSIGNED>	DEFAULT		0	0	no_evidence		-
00402DBA	thunk_FUN_004dba70	return		<RETURN>	/undefined4	EAX:4	DEFAULT		0	0	no_evidence		-
00402DBF	SetAccelerator	parameter	1	param_2	/undefined4	Stack[0x8]:4	DEFAULT		0	0	no_evidence		-
00402DBF	SetAccelerator	parameter	2	param_3	/undefined4	Stack[0xc]:4	DEFAULT		0	0	no_evidence		-
00402DBF	SetAccelerator	parameter	3	param_4	/undefined4	Stack[0x10]:4	DEFAULT		0	0	no_evidence		-
00402DBF	SetAccelerator	parameter	5	param_6	/undefined4	Stack[0x18]:4	DEFAULT		0	0	no_evidence		-
00402DBF	SetAccelerator	return		<RETURN>	/undefined	<UNASSIGNED>	DEFAULT		0	0	no_evidence		-
00402DC4	thunk_FUN_0060ca20	return		<RETURN>	/undefined4	EAX:4	DEFAULT		0	0	no_evidence		-
00402DC9	AiFltClassTy::sub_00660F70	parameter	2	param_2	/undefined2	Stack[0x8]:2	DEFAULT		0	0	no_evidence		-
00402DC9	AiFltClassTy::sub_00660F70	return		<RETURN>	/undefined	<UNASSIGNED>	DEFAULT		0	0	no_evidence		-
00402DCE	thunk_FUN_00647960	return		<RETURN>	/undefined	<UNASSIGNED>	DEFAULT		0	0	no_evidence		-
00402DE2	thunk_FUN_006a55d0	return		<RETURN>	/undefined4	EAX:4	DEFAULT		0	0	no_evidence		-
00402DE7	thunk_FUN_00491180	return		<RETURN>	/undefined	<UNASSIGNED>	DEFAULT		0	0	no_evidence		-
00402DF6	STGroupBoatC::ChangeMDNotify	return		<RETURN>	/undefined	<UNASSIGNED>	DEFAULT		0	0	no_evidence		-
00402E00	thunk_FUN_00691540	return		<RETURN>	/undefined	<UNASSIGNED>	DEFAULT		0	0	no_evidence		-
00402E05	thunk_FUN_0067d160	return		<RETURN>	/undefined	<UNASSIGNED>	DEFAULT		0	0	no_evidence		-
00402E0A	thunk_FUN_00630000	return		<RETURN>	/undefined	<UNASSIGNED>	DEFAULT		0	0	no_evidence		-
00402E0F	thunk_FUN_00584a30	parameter	0	param_1	/undefined4	Stack[0x4]:4	DEFAULT		0	0	no_evidence		-
00402E0F	thunk_FUN_00584a30	parameter	1	param_2	/undefined4	Stack[0x8]:4	DEFAULT		0	0	no_evidence		-
00402E0F	thunk_FUN_00584a30	parameter	2	param_3	/undefined4	Stack[0xc]:4	DEFAULT		0	0	no_evidence		-
00402E0F	thunk_FUN_00584a30	parameter	3	param_4	/undefined4	Stack[0x10]:4	DEFAULT		0	0	no_evidence		-
00402E0F	thunk_FUN_00584a30	parameter	4	param_5	/undefined4	Stack[0x14]:4	DEFAULT		0	0	no_evidence		-
00402E0F	thunk_FUN_00584a30	parameter	5	param_6	/undefined4	Stack[0x18]:4	DEFAULT		0	0	no_evidence		-
00402E0F	thunk_FUN_00584a30	parameter	6	param_7	/undefined4	Stack[0x1c]:4	DEFAULT		0	0	no_evidence		-
00402E0F	thunk_FUN_00584a30	parameter	7	param_8	/undefined4	Stack[0x20]:4	DEFAULT		0	0	no_evidence		-
00402E0F	thunk_FUN_00584a30	return		<RETURN>	/undefined4	EAX:4	DEFAULT		0	0	no_evidence		-
00402E14	FUN_00402e14	return		<RETURN>	/undefined	<UNASSIGNED>	DEFAULT		0	0	no_evidence		-
00402E19	thunk_FUN_00618240	return		<RETURN>	/undefined4	EAX:4	DEFAULT		0	0	no_evidence		-
00402E1E	thunk_FUN_004d0310	return		<RETURN>	/undefined4	EAX:4	DEFAULT		0	0	no_evidence		-
00402E2D	HelpPanelTy::BackBut	return		<RETURN>	/undefined	<UNASSIGNED>	DEFAULT		0	0	no_evidence		-
00402E32	thunk_FUN_004e6b40	return		<RETURN>	/undefined	<UNASSIGNED>	DEFAULT		0	0	no_evidence		-
00402E3C	thunk_FUN_00681fe0	return		<RETURN>	/undefined4	EAX:4	DEFAULT		0	0	no_evidence		-
00402E41	thunk_FUN_005fb170	return		<RETURN>	/undefined	<UNASSIGNED>	DEFAULT		0	0	no_evidence		-
00402E46	ResearchPanelTy::Update	return		<RETURN>	/undefined	<UNASSIGNED>	DEFAULT		0	0	no_evidence		-
00402E55	SettMapSTy::PrepPlList	return		<RETURN>	/undefined	<UNASSIGNED>	DEFAULT		0	0	no_evidence		-
00402E5A	thunk_FUN_0055c500	return		<RETURN>	/undefined	<UNASSIGNED>	DEFAULT		0	0	no_evidence		-
00402E69	thunk_FUN_0055d670	parameter	1	param_1	/undefined4	Stack[0x4]:4	DEFAULT		0	0	no_evidence		-
00402E69	thunk_FUN_0055d670	parameter	2	param_2	/undefined4	Stack[0x8]:4	DEFAULT		0	0	no_evidence		-
00402E69	thunk_FUN_0055d670	return		<RETURN>	/undefined	<UNASSIGNED>	DEFAULT		0	0	no_evidence		-
00402E73	thunk_FUN_00607200	parameter	4	param_4	/undefined4	Stack[0x10]:4	DEFAULT		0	0	no_evidence		-
00402E78	STTmMineC::LoadImagNuclear	return		<RETURN>	/undefined4	EAX:4	DEFAULT		0	0	no_evidence		-
00402E87	thunk_FUN_004b31c0	return		<RETURN>	/undefined4	EAX:4	DEFAULT		0	0	no_evidence		-
00402E91	STAllPlayersC::SelectObjects	return		<RETURN>	/undefined	<UNASSIGNED>	DEFAULT		0	0	no_evidence		-
00402E96	thunk_FUN_00692570	return		<RETURN>	/undefined4	EAX:4	DEFAULT		0	0	no_evidence		-
00402EA0	thunk_FUN_0054b9a0	return		<RETURN>	/undefined4	EAX:4	DEFAULT		0	0	no_evidence		-
00402EA5	thunk_FUN_004acd60	parameter	2	param_2	/undefined4	Stack[0x8]:4	DEFAULT		0	0	no_evidence		-
00402EAA	thunk_FUN_00692390	parameter	0	param_1	/undefined4	Stack[0x4]:4	DEFAULT		0	0	no_evidence		-
00402EAA	thunk_FUN_00692390	parameter	1	param_2	/undefined4	Stack[0x8]:4	DEFAULT		0	0	no_evidence		-
00402EAA	thunk_FUN_00692390	parameter	2	param_3	/undefined4	Stack[0xc]:4	DEFAULT		0	0	no_evidence		-
00402EAA	thunk_FUN_00692390	parameter	3	param_4	/undefined4	Stack[0x10]:4	DEFAULT		0	0	no_evidence		-
00402EAF	thunk_FUN_004e6080	parameter	2	param_3	/undefined4	Stack[0xc]:4	DEFAULT		0	0	no_evidence		-
00402EAF	thunk_FUN_004e6080	return		<RETURN>	/undefined	<UNASSIGNED>	DEFAULT		0	0	no_evidence		-
00402EB4	thunk_FUN_00615fd0	parameter	2	param_2	/undefined4	Stack[0x8]:4	DEFAULT		0	0	no_evidence		-
00402EB4	thunk_FUN_00615fd0	return		<RETURN>	/undefined4	EAX:4	DEFAULT		0	0	no_evidence		-
00402EB9	thunk_FUN_004b7a60	return		<RETURN>	/undefined	<UNASSIGNED>	DEFAULT		0	0	no_evidence		-
00402EC3	thunk_FUN_004189b0	return		<RETURN>	/undefined	<UNASSIGNED>	DEFAULT		0	0	no_evidence		-
00402ECD	STFishC::sub_0057D700	return		<RETURN>	/undefined4	EAX:4	DEFAULT		0	0	no_evidence		-
00402ED2	CPanelTy::ShiftControls	return		<RETURN>	/undefined4	EAX:4	DEFAULT		0	0	no_evidence		-
00402ED7	thunk_FUN_004e04a0	return		<RETURN>	/undefined4	EAX:4	DEFAULT		0	0	no_evidence		-
00402EDC	thunk_FUN_0045ff10	return		<RETURN>	/undefined4	EAX:4	DEFAULT		0	0	no_evidence		-
00402EE6	thunk_FUN_00497110	return		<RETURN>	/undefined	<UNASSIGNED>	DEFAULT		0	0	no_evidence		-
00402EEB	HelpPanelTy::CreateSlider	return		<RETURN>	/undefined	<UNASSIGNED>	DEFAULT		0	0	no_evidence		-
00402EF0	thunk_FUN_00494df0	return		<RETURN>	/undefined	<UNASSIGNED>	DEFAULT		0	0	no_evidence		-
00402EFA	thunk_FUN_00418990	return		<RETURN>	/undefined	<UNASSIGNED>	DEFAULT		0	0	no_evidence		-
00402EFF	thunk_FUN_0060f940	return		<RETURN>	/undefined4	EAX:4	DEFAULT		0	0	no_evidence		-
00402F04	thunk_FUN_005f06e0	return		<RETURN>	/undefined	<UNASSIGNED>	DEFAULT		0	0	no_evidence		-
00402F0E	thunk_FUN_004b7710	return		<RETURN>	/undefined	<UNASSIGNED>	DEFAULT		0	0	no_evidence		-
00402F13	MMMObjTy::OutEdProc	parameter	2	param_2	/undefined4	Stack[0x8]:4	DEFAULT		0	0	no_evidence		-
00402F13	MMMObjTy::OutEdProc	parameter	3	param_3	/undefined4	Stack[0xc]:4	DEFAULT		0	0	no_evidence		-
00402F13	MMMObjTy::OutEdProc	return		<RETURN>	/undefined	<UNASSIGNED>	DEFAULT		0	0	no_evidence		-
00402F18	thunk_FUN_0055d480	return		<RETURN>	/undefined	<UNASSIGNED>	DEFAULT		0	0	no_evidence		-
00402F1D	thunk_FUN_00680c20	return		<RETURN>	/undefined4	EAX:4	DEFAULT		0	0	no_evidence		-
00402F22	thunk_FUN_005ec5e0	return		<RETURN>	/undefined4	EAX:4	DEFAULT		0	0	no_evidence		-
00402F27	thunk_FUN_004e5b80	return		<RETURN>	/undefined	<UNASSIGNED>	DEFAULT		0	0	no_evidence		-
00402F2C	thunk_FUN_00673160	return		<RETURN>	/undefined	<UNASSIGNED>	DEFAULT		0	0	no_evidence		-
00402F31	thunk_FUN_004cbe10	return		<RETURN>	/undefined4	EAX:4	DEFAULT		0	0	no_evidence		-
00402F36	thunk_FUN_0063cb30	return		<RETURN>	/undefined4	EAX:4	DEFAULT		0	0	no_evidence		-
00402F3B	STGroupC::thunk_FUN_004244f0	parameter	1	param_1	/undefined4	Stack[0x4]:4	DEFAULT		0	0	no_evidence		-
00402F3B	STGroupC::thunk_FUN_004244f0	parameter	2	param_2	/undefined4	Stack[0x8]:4	DEFAULT		0	0	no_evidence		-
00402F40	thunk_FUN_0067f030	return		<RETURN>	/undefined4	EAX:4	DEFAULT		0	0	no_evidence		-
00402F4A	thunk_FUN_0064fd80	return		<RETURN>	/undefined4	EAX:4	DEFAULT		0	0	no_evidence		-
00402F59	thunk_FUN_00682720	return		<RETURN>	/undefined	<UNASSIGNED>	DEFAULT		0	0	no_evidence		-
00402F5E	MTaskTy::InitMTask	parameter	2	param_2	/undefined1	Stack[0x8]:1	DEFAULT		0	0	no_evidence		-
00402F5E	MTaskTy::InitMTask	return		<RETURN>	/undefined	<UNASSIGNED>	DEFAULT		0	0	no_evidence		-
00402F63	MTaskTy::OutGlassBmpProc	parameter	2	param_2	/undefined4	Stack[0x8]:4	DEFAULT		0	0	no_evidence		-
00402F63	MTaskTy::OutGlassBmpProc	parameter	3	param_3	/undefined4	Stack[0xc]:4	DEFAULT		0	0	no_evidence		-
00402F63	MTaskTy::OutGlassBmpProc	parameter	6	param_6	/undefined4	Stack[0x18]:4	DEFAULT		0	0	no_evidence		-
00402F63	MTaskTy::OutGlassBmpProc	parameter	7	param_7	/undefined4	Stack[0x1c]:4	DEFAULT		0	0	no_evidence		-
00402F63	MTaskTy::OutGlassBmpProc	return		<RETURN>	/undefined	<UNASSIGNED>	DEFAULT		0	0	no_evidence		-
00402F72	thunk_FUN_00694100	return		<RETURN>	/undefined	<UNASSIGNED>	DEFAULT		0	0	no_evidence		-
00402F77	thunk_FUN_00672a30	return		<RETURN>	/undefined	<UNASSIGNED>	DEFAULT		0	0	no_evidence		-
00402F81	STGroupBoatC::GrpBuild	return		<RETURN>	/undefined4	EAX:4	DEFAULT		0	0	no_evidence		-
00402F90	STJumpMineC::sub_006193E0	return		<RETURN>	/undefined4	EAX:4	DEFAULT		0	0	no_evidence		-
00402F95	thunk_FUN_00577440	return		<RETURN>	/undefined	<UNASSIGNED>	DEFAULT		0	0	no_evidence		-
00402F9A	thunk_FUN_005efae0	return		<RETURN>	/undefined4	EAX:4	DEFAULT		0	0	no_evidence		-
00402F9F	thunk_FUN_004237d0	return		<RETURN>	/undefined4	EAX:4	DEFAULT		0	0	no_evidence		-
00402FAE	thunk_FUN_005f8cc0	return		<RETURN>	/undefined	<UNASSIGNED>	DEFAULT		0	0	no_evidence		-
00402FBD	thunk_FUN_004cdf80	return		<RETURN>	/undefined4	EAX:4	DEFAULT		0	0	no_evidence		-
00402FC2	thunk_FUN_004dccf0	return		<RETURN>	/undefined4	EAX:4	DEFAULT		0	0	no_evidence		-
00402FD1	thunk_FUN_0056a130	return		<RETURN>	/undefined	<UNASSIGNED>	DEFAULT		0	0	no_evidence		-
00402FD6	thunk_FUN_004e9960	return		<RETURN>	/undefined4	EAX:4	DEFAULT		0	0	no_evidence		-
00402FDB	thunk_FUN_0068e190	return		<RETURN>	/undefined4	EAX:4	DEFAULT		0	0	no_evidence		-
00402FE5	thunk_FUN_005fd5c0	return		<RETURN>	/undefined4	EAX:4	DEFAULT		0	0	no_evidence		-
00402FEA	PopUpTy::AddStr	return		<RETURN>	/undefined	<UNASSIGNED>	DEFAULT		0	0	no_evidence		-
00402FEF	MReportTy::sub_005C00D0	return		<RETURN>	/undefined	<UNASSIGNED>	DEFAULT		0	0	no_evidence		-
00402FFE	thunk_FUN_004de1e0	return		<RETURN>	/undefined4	EAX:4	DEFAULT		0	0	no_evidence		-
00403008	thunk_FUN_004be320	return		<RETURN>	/undefined4	EAX:4	DEFAULT		0	0	no_evidence		-
0040300D	PanelTy::CreateBut	parameter	1	param_1	/undefined4	Stack[0x4]:4	DEFAULT		0	0	no_evidence		-
0040300D	PanelTy::CreateBut	parameter	9	param_9	/undefined4	Stack[0x24]:4	DEFAULT		0	0	no_evidence		-
0040300D	PanelTy::CreateBut	parameter	10	param_10	/undefined4	Stack[0x28]:4	DEFAULT		0	0	no_evidence		-
0040300D	PanelTy::CreateBut	parameter	13	param_13	/undefined4	Stack[0x34]:4	DEFAULT		0	0	no_evidence		-
0040300D	PanelTy::CreateBut	parameter	15	param_15	/undefined4	Stack[0x3c]:4	DEFAULT		0	0	no_evidence		-
0040300D	PanelTy::CreateBut	return		<RETURN>	/undefined4	EAX:4	DEFAULT		0	0	no_evidence		-
00403012	thunk_FUN_00647d50	return		<RETURN>	/undefined4	EAX:4	DEFAULT		0	0	no_evidence		-
00403021	thunk_FUN_00580780	return		<RETURN>	/undefined	<UNASSIGNED>	DEFAULT		0	0	no_evidence		-
0040302B	thunk_FUN_0062e440	parameter	1	param_2	/undefined2	Stack[0x8]:2	DEFAULT		0	0	no_evidence		-
0040302B	thunk_FUN_0062e440	parameter	2	param_3	/undefined2	Stack[0xc]:2	DEFAULT		0	0	no_evidence		-
0040302B	thunk_FUN_0062e440	parameter	3	param_4	/undefined2	Stack[0x10]:2	DEFAULT		0	0	no_evidence		-
0040302B	thunk_FUN_0062e440	return		<RETURN>	/undefined4	EAX:4	DEFAULT		0	0	no_evidence		-
0040303A	thunk_FUN_004de0d0	return		<RETURN>	/undefined4	EAX:4	DEFAULT		0	0	no_evidence		-
0040303F	FSGSTy::OutTRGlProc	return		<RETURN>	/undefined	<UNASSIGNED>	DEFAULT		0	0	no_evidence		-
00403049	STDestC::sub_006024B0	return		<RETURN>	/undefined	<UNASSIGNED>	DEFAULT		0	0	no_evidence		-
0040304E	STGroupBoatC::GrpMove	return		<RETURN>	/undefined4	EAX:4	DEFAULT		0	0	no_evidence		-
00403053	thunk_FUN_00680bd0	return		<RETURN>	/undefined4	EAX:4	DEFAULT		0	0	no_evidence		-
00403058	CursorClassTy::sub_0054B540	return		<RETURN>	/undefined	<UNASSIGNED>	DEFAULT		0	0	no_evidence		-
0040305D	thunk_FUN_005ff150	return		<RETURN>	/undefined	<UNASSIGNED>	DEFAULT		0	0	no_evidence		-
00403062	CPanelTy::PaintTV	return		<RETURN>	/undefined	<UNASSIGNED>	DEFAULT		0	0	no_evidence		-
00403067	thunk_FUN_006a34e0	parameter	8	param_9	/undefined4	Stack[0x24]:4	DEFAULT		0	0	no_evidence		-
00403067	thunk_FUN_006a34e0	return		<RETURN>	/undefined4	EAX:4	DEFAULT		0	0	no_evidence		-
00403076	thunk_FUN_004b71f0	parameter	0	param_1	/undefined4	Stack[0x4]:4	DEFAULT		0	0	no_evidence		-
0040307B	thunk_FUN_0042aac0	return		<RETURN>	/undefined	<UNASSIGNED>	DEFAULT		0	0	no_evidence		-
00403080	AiTactClassTy::thunk_FUN_0068e730	return		<RETURN>	/undefined4	EAX:4	DEFAULT		0	0	no_evidence		-
00403085	thunk_FUN_00577690	return		<RETURN>	/undefined	<UNASSIGNED>	DEFAULT		0	0	no_evidence		-
0040308A	thunk_FUN_006a2e50	parameter	4	param_5	/undefined4	Stack[0x14]:4	DEFAULT		0	0	no_evidence		-
0040308A	thunk_FUN_006a2e50	return		<RETURN>	/undefined	<UNASSIGNED>	DEFAULT		0	0	no_evidence		-
0040308F	thunk_FUN_006823a0	parameter	1	param_2	/undefined2	Stack[0x8]:2	DEFAULT		0	0	no_evidence		-
0040309E	thunk_FUN_005ef470	return		<RETURN>	/undefined	<UNASSIGNED>	DEFAULT		0	0	no_evidence		-
004030A3	thunk_FUN_0057b670	return		<RETURN>	/undefined4	EAX:4	DEFAULT		0	0	no_evidence		-
004030A8	thunk_FUN_0055c260	return		<RETURN>	/undefined	<UNASSIGNED>	DEFAULT		0	0	no_evidence		-
004030B7	STAllPlayersC::RegisterMine	return		<RETURN>	/undefined4	EAX:4	DEFAULT		0	0	no_evidence		-
004030BC	STT3DSprC::ShowCurFase	return		<RETURN>	/undefined4	EAX:4	DEFAULT		0	0	no_evidence		-
004030C1	STGroupC::thunk_FUN_00424510	parameter	1	param_1	/undefined4	Stack[0x4]:4	DEFAULT		0	0	no_evidence		-
004030C1	STGroupC::thunk_FUN_00424510	parameter	2	param_2	/undefined4	Stack[0x8]:4	DEFAULT		0	0	no_evidence		-
004030D0	thunk_FUN_00621430	parameter	1	param_1	/undefined4	Stack[0x4]:4	DEFAULT		0	0	no_evidence		-
004030D0	thunk_FUN_00621430	parameter	3	param_3	/undefined4	Stack[0xc]:4	DEFAULT		0	0	no_evidence		-
004030D0	thunk_FUN_00621430	parameter	4	param_4	/undefined4	Stack[0x10]:4	DEFAULT		0	0	no_evidence		-
004030E4	thunk_FUN_00490f60	return		<RETURN>	/undefined	<UNASSIGNED>	DEFAULT		0	0	no_evidence		-
004030E9	thunk_FUN_004e4440	parameter	1	param_2	/undefined4	Stack[0x8]:4	DEFAULT		0	0	no_evidence		-
004030E9	thunk_FUN_004e4440	return		<RETURN>	/undefined	<UNASSIGNED>	DEFAULT		0	0	no_evidence		-
004030EE	thunk_FUN_004d86a0	return		<RETURN>	/undefined4	EAX:4	DEFAULT		0	0	no_evidence		-
004030F8	SIDTy::CreateCtrls	return		<RETURN>	/undefined	<UNASSIGNED>	DEFAULT		0	0	no_evidence		-
004030FD	thunk_FUN_0052a080	return		<RETURN>	/undefined4	EAX:4	DEFAULT		0	0	no_evidence		-
00403102	thunk_FUN_004d0fa0	return		<RETURN>	/undefined	<UNASSIGNED>	DEFAULT		0	0	no_evidence		-
00403111	HelpPanelTy::InitHelpPanel	return		<RETURN>	/undefined	<UNASSIGNED>	DEFAULT		0	0	no_evidence		-
0040311B	CPanelTy::OutText	parameter	2	param_2	/undefined4	Stack[0x8]:4	DEFAULT		0	0	no_evidence		-
0040311B	CPanelTy::OutText	return		<RETURN>	/undefined	<UNASSIGNED>	DEFAULT		0	0	no_evidence		-
00403120	thunk_FUN_00521cf0	return		<RETURN>	/undefined	<UNASSIGNED>	DEFAULT		0	0	no_evidence		-
0040312A	thunk_FUN_004de300	return		<RETURN>	/undefined4	EAX:4	DEFAULT		0	0	no_evidence		-
0040312F	thunk_FUN_005823b0	return		<RETURN>	/undefined	<UNASSIGNED>	DEFAULT		0	0	no_evidence		-
00403134	ComboTy::DoneCombo	return		<RETURN>	/undefined	<UNASSIGNED>	DEFAULT		0	0	no_evidence		-
00403139	thunk_FUN_00650ad0	return		<RETURN>	/undefined4	EAX:4	DEFAULT		0	0	no_evidence		-
00403148	thunk_FUN_006728f0	return		<RETURN>	/undefined4	EAX:4	DEFAULT		0	0	no_evidence		-
0040314D	thunk_FUN_00417830	return		<RETURN>	/undefined4	EAX:4	DEFAULT		0	0	no_evidence		-
00403152	CPanelTy::OutText	parameter	3	param_3	/undefined4	Stack[0xc]:4	DEFAULT		0	0	no_evidence		-
00403152	CPanelTy::OutText	return		<RETURN>	/undefined	<UNASSIGNED>	DEFAULT		0	0	no_evidence		-
00403157	STBoatC::ChangeActivity	return		<RETURN>	/undefined	<UNASSIGNED>	DEFAULT		0	0	no_evidence		-
0040315C	thunk_FUN_004d9790	return		<RETURN>	/undefined4	EAX:4	DEFAULT		0	0	no_evidence		-
00403170	thunk_FUN_005f3530	parameter	1	param_2	/undefined4	Stack[0x8]:4	DEFAULT		0	0	no_evidence		-
0040317F	STAllPlayersC::ActivateTV	return		<RETURN>	/undefined	<UNASSIGNED>	DEFAULT		0	0	no_evidence		-
00403189	thunk_FUN_0058d080	return		<RETURN>	/undefined4	EAX:4	DEFAULT		0	0	no_evidence		-
0040318E	thunk_FUN_0062f080	parameter	2	param_2	/undefined4	Stack[0x8]:4	DEFAULT		0	0	no_evidence		-
0040318E	thunk_FUN_0062f080	parameter	3	param_3	/undefined4	Stack[0xc]:4	DEFAULT		0	0	no_evidence		-
0040318E	thunk_FUN_0062f080	return		<RETURN>	/undefined4	EAX:4	DEFAULT		0	0	no_evidence		-
00403193	thunk_FUN_00617aa0	return		<RETURN>	/undefined	<UNASSIGNED>	DEFAULT		0	0	no_evidence		-
00403198	thunk_FUN_00681ad0	return		<RETURN>	/undefined4	EAX:4	DEFAULT		0	0	no_evidence		-
0040319D	thunk_FUN_00639500	parameter	1	param_1	/undefined4	Stack[0x4]:4	DEFAULT		0	0	no_evidence		-
0040319D	thunk_FUN_00639500	return		<RETURN>	/undefined	<UNASSIGNED>	DEFAULT		0	0	no_evidence		-
004031A2	SettMapSTy::SetListCtrls	return		<RETURN>	/undefined	<UNASSIGNED>	DEFAULT		0	0	no_evidence		-
004031A7	thunk_FUN_005ef6c0	return		<RETURN>	/undefined	<UNASSIGNED>	DEFAULT		0	0	no_evidence		-
004031AC	thunk_FUN_004dd880	return		<RETURN>	/undefined4	EAX:4	DEFAULT		0	0	no_evidence		-
004031B1	thunk_FUN_004aa450	return		<RETURN>	/undefined4	EAX:4	DEFAULT		0	0	no_evidence		-
004031C0	thunk_FUN_0063f340	return		<RETURN>	/undefined	<UNASSIGNED>	DEFAULT		0	0	no_evidence		-
004031CA	IntercomPanelTy::PreInitIntercomPanel	return		<RETURN>	/undefined	<UNASSIGNED>	DEFAULT		0	0	no_evidence		-
004031CF	thunk_FUN_004df100	return		<RETURN>	/undefined4	EAX:4	DEFAULT		0	0	no_evidence		-
004031D9	thunk_FUN_004cf3e0	return		<RETURN>	/undefined4	EAX:4	DEFAULT		0	0	no_evidence		-
004031E3	thunk_FUN_00416270	return		<RETURN>	/undefined	<UNASSIGNED>	DEFAULT		0	0	no_evidence		-
004031E8	thunk_FUN_00423d80	return		<RETURN>	/undefined4	EAX:4	DEFAULT		0	0	no_evidence		-
004031ED	thunk_FUN_0064feb0	return		<RETURN>	/undefined4	EAX:4	DEFAULT		0	0	no_evidence		-
004031F2	thunk_FUN_005ecfe0	return		<RETURN>	/undefined4	EAX:4	DEFAULT		0	0	no_evidence		-
004031F7	PrividerTy::DeleteCtrls	return		<RETURN>	/undefined	<UNASSIGNED>	DEFAULT		0	0	no_evidence		-
004031FC	thunk_FUN_00681400	return		<RETURN>	/undefined4	EAX:4	DEFAULT		0	0	no_evidence		-
00403201	thunk_FUN_005f0150	return		<RETURN>	/undefined	<UNASSIGNED>	DEFAULT		0	0	no_evidence		-
0040320B	thunk_FUN_004e1e30	return		<RETURN>	/undefined4	EAX:4	DEFAULT		0	0	no_evidence		-
00403210	thunk_FUN_004d08e0	return		<RETURN>	/undefined4	EAX:4	DEFAULT		0	0	no_evidence		-
00403215	CPanelTy::PaintMap	return		<RETURN>	/undefined	<UNASSIGNED>	DEFAULT		0	0	no_evidence		-
0040321F	STGameObjC::ResetSelfCheckFlag	return		<RETURN>	/undefined	<UNASSIGNED>	DEFAULT		0	0	no_evidence		-
00403229	DibPut	return		<RETURN>	/undefined	<UNASSIGNED>	DEFAULT		0	0	no_evidence		-
00403238	thunk_FUN_004cdeb0	parameter	1	param_1	/undefined4	Stack[0x4]:4	DEFAULT		0	0	no_evidence		-
00403238	thunk_FUN_004cdeb0	return		<RETURN>	/undefined4	EAX:4	DEFAULT		0	0	no_evidence		-
00403242	PlayPanelTy::PaintPlayPanel	return		<RETURN>	/undefined	<UNASSIGNED>	DEFAULT		0	0	no_evidence		-
00403247	thunk_FUN_005f4a30	return		<RETURN>	/undefined4	EAX:4	DEFAULT		0	0	no_evidence		-
00403251	STGroupBoatC::DistributeDock	return		<RETURN>	/undefined	<UNASSIGNED>	DEFAULT		0	0	no_evidence		-
00403256	thunk_FUN_004dc660	return		<RETURN>	/undefined4	EAX:4	DEFAULT		0	0	no_evidence		-
0040325B	thunk_FUN_006834f0	return		<RETURN>	/undefined4	EAX:4	DEFAULT		0	0	no_evidence		-
00403260	thunk_FUN_006036a0	return		<RETURN>	/undefined4	EAX:4	DEFAULT		0	0	no_evidence		-
00403265	thunk_FUN_005f23d0	return		<RETURN>	/undefined4	EAX:4	DEFAULT		0	0	no_evidence		-
0040326A	CPanelTy::PaintNewDeep	return		<RETURN>	/undefined	<UNASSIGNED>	DEFAULT		0	0	no_evidence		-
00403274	STTmMineC::LoadImagSpr	return		<RETURN>	/undefined4	EAX:4	DEFAULT		0	0	no_evidence		-
00403283	thunk_FUN_00489950	return		<RETURN>	/undefined	<UNASSIGNED>	DEFAULT		0	0	no_evidence		-
00403288	SubmarineTitans::Recovered::HiddenThis::AnonReceiver_004248D0::thunk_FUN_00427bb0	return		<RETURN>	/undefined4	EAX:4	DEFAULT		0	0	no_evidence		-
0040328D	thunk_FUN_00681f70	return		<RETURN>	/undefined4	EAX:4	DEFAULT		0	0	no_evidence		-
00403297	TLOBaseTy::sub_00417D30	return		<RETURN>	/undefined4	EAX:4	DEFAULT		0	0	no_evidence		-
0040329C	thunk_FUN_00568bc0	return		<RETURN>	/undefined	<UNASSIGNED>	DEFAULT		0	0	no_evidence		-
004032A1	TLOBldMark::sub_004C61E0	return		<RETURN>	/undefined4	EAX:4	DEFAULT		0	0	no_evidence		-
004032B0	thunk_FUN_0067f420	return		<RETURN>	/undefined	<UNASSIGNED>	DEFAULT		0	0	no_evidence		-
004032BA	STFishC::sub_0057BF20	return		<RETURN>	/undefined	<UNASSIGNED>	DEFAULT		0	0	no_evidence		-
004032BF	SettMapMTy::DeleteCtrls	return		<RETURN>	/undefined	<UNASSIGNED>	DEFAULT		0	0	no_evidence		-
004032C4	thunk_FUN_005672e0	return		<RETURN>	/undefined	<UNASSIGNED>	DEFAULT		0	0	no_evidence		-
004032C9	STPlaySystemC::Life	return		<RETURN>	/undefined4	EAX:4	DEFAULT		0	0	no_evidence		-
004032D3	FSGSTy::PswCtrls	return		<RETURN>	/undefined	<UNASSIGNED>	DEFAULT		0	0	no_evidence		-
004032DD	thunk_FUN_004e8e50	return		<RETURN>	/undefined	<UNASSIGNED>	DEFAULT		0	0	no_evidence		-
004032E2	thunk_FUN_004e4520	return		<RETURN>	/undefined4	EAX:4	DEFAULT		0	0	no_evidence		-
004032EC	thunk_FUN_00650a20	return		<RETURN>	/undefined4	EAX:4	DEFAULT		0	0	no_evidence		-
004032F1	thunk_FUN_004f91a0	return		<RETURN>	/undefined	<UNASSIGNED>	DEFAULT		0	0	no_evidence		-
004032F6	thunk_FUN_004d7f70	return		<RETURN>	/undefined4	EAX:4	DEFAULT		0	0	no_evidence		-
0040330A	StartSystemTy::GetIP	return		<RETURN>	/undefined	<UNASSIGNED>	DEFAULT		0	0	no_evidence		-
0040330F	thunk_FUN_004d01f0	return		<RETURN>	/undefined4	EAX:4	DEFAULT		0	0	no_evidence		-
00403319	thunk_FUN_0067f7d0	return		<RETURN>	/undefined	<UNASSIGNED>	DEFAULT		0	0	no_evidence		-
0040331E	STGroupBoatC::sub_004A7E30	return		<RETURN>	/undefined4	EAX:4	DEFAULT		0	0	no_evidence		-
00403323	thunk_FUN_00627250	return		<RETURN>	/undefined	<UNASSIGNED>	DEFAULT		0	0	no_evidence		-
00403328	thunk_FUN_005fe280	return		<RETURN>	/undefined4	EAX:4	DEFAULT		0	0	no_evidence		-
0040332D	thunk_FUN_0055d500	parameter	1	param_1	/undefined4	Stack[0x4]:4	DEFAULT		0	0	no_evidence		-
0040332D	thunk_FUN_0055d500	parameter	2	param_2	/undefined4	Stack[0x8]:4	DEFAULT		0	0	no_evidence		-
0040332D	thunk_FUN_0055d500	return		<RETURN>	/undefined	<UNASSIGNED>	DEFAULT		0	0	no_evidence		-
00403337	thunk_FUN_0069c670	return		<RETURN>	/undefined	<UNASSIGNED>	DEFAULT		0	0	no_evidence		-
0040333C	STBoatC::RestoreBoatData	return		<RETURN>	/undefined	<UNASSIGNED>	DEFAULT		0	0	no_evidence		-
00403346	thunk_FUN_00680890	return		<RETURN>	/undefined4	EAX:4	DEFAULT		0	0	no_evidence		-
0040334B	FSGSTy::PaintLogLogin	return		<RETURN>	/undefined	<UNASSIGNED>	DEFAULT		0	0	no_evidence		-
00403350	thunk_FUN_005547d0	return		<RETURN>	/undefined	<UNASSIGNED>	DEFAULT		0	0	no_evidence		-
0040335A	thunk_FUN_0052a4d0	return		<RETURN>	/undefined4	EAX:4	DEFAULT		0	0	no_evidence		-
00403364	thunk_FUN_004d8110	parameter	0	param_1	/undefined4	Stack[0x4]:4	DEFAULT		0	0	no_evidence		-
00403364	thunk_FUN_004d8110	return		<RETURN>	/undefined4	EAX:4	DEFAULT		0	0	no_evidence		-
00403369	thunk_FUN_00627280	return		<RETURN>	/undefined4	EAX:4	DEFAULT		0	0	no_evidence		-
0040336E	thunk_FUN_005f0280	return		<RETURN>	/undefined	<UNASSIGNED>	DEFAULT		0	0	no_evidence		-
00403373	PanelTy::PaintBut	return		<RETURN>	/undefined	<UNASSIGNED>	DEFAULT		0	0	no_evidence		-
00403378	MAdvTy::sub_00590860	return		<RETURN>	/undefined	<UNASSIGNED>	DEFAULT		0	0	no_evidence		-
0040337D	thunk_FUN_005c5eb0	return		<RETURN>	/undefined	<UNASSIGNED>	DEFAULT		0	0	no_evidence		-
00403382	thunk_FUN_004cd6f0	return		<RETURN>	/undefined4	EAX:4	DEFAULT		0	0	no_evidence		-
0040338C	thunk_FUN_0041d8e0	return		<RETURN>	/undefined	<UNASSIGNED>	DEFAULT		0	0	no_evidence		-
0040339B	thunk_FUN_0064e830	return		<RETURN>	/undefined4	EAX:4	DEFAULT		0	0	no_evidence		-
004033AA	thunk_FUN_004ac9e0	return		<RETURN>	/undefined4	EAX:4	DEFAULT		0	0	no_evidence		-
004033B4	thunk_FUN_00638230	parameter	0	param_1	/undefined4	Stack[0x4]:4	DEFAULT		0	0	no_evidence		-
004033B4	thunk_FUN_00638230	return		<RETURN>	/undefined	<UNASSIGNED>	DEFAULT		0	0	no_evidence		-
004033E1	STLightC::sub_0061E4F0	return		<RETURN>	/undefined	<UNASSIGNED>	DEFAULT		0	0	no_evidence		-
004033E6	thunk_FUN_0055d550	return		<RETURN>	/undefined	<UNASSIGNED>	DEFAULT		0	0	no_evidence		-
004033EB	thunk_FUN_0060a940	return		<RETURN>	/undefined	<UNASSIGNED>	DEFAULT		0	0	no_evidence		-
004033F5	SpecPanelTy::DonePanel	return		<RETURN>	/undefined	<UNASSIGNED>	DEFAULT		0	0	no_evidence		-
004033FA	thunk_FUN_004affa0	parameter	0	param_1	/undefined4	Stack[0x4]:4	DEFAULT		0	0	no_evidence		-
004033FA	thunk_FUN_004affa0	return		<RETURN>	/undefined4	EAX:4	DEFAULT		0	0	no_evidence		-
00403404	STSprGameObjC::sub_0041F970	return		<RETURN>	/undefined	<UNASSIGNED>	DEFAULT		0	0	no_evidence		-
00403413	thunk_FUN_0062ca00	return		<RETURN>	/undefined4	EAX:4	DEFAULT		0	0	no_evidence		-
0040341D	AiEventClassTy::_CreateDest	parameter	8	param_8	/undefined4	Stack[0x20]:4	DEFAULT		0	0	no_evidence		-
0040342C	thunk_FUN_0041dc40	return		<RETURN>	/undefined	<UNASSIGNED>	DEFAULT		0	0	no_evidence		-
00403431	thunk_FUN_00680d40	return		<RETURN>	/undefined4	EAX:4	DEFAULT		0	0	no_evidence		-
00403436	CursorClassTy::DoneCursor	return		<RETURN>	/undefined	<UNASSIGNED>	DEFAULT		0	0	no_evidence		-
0040343B	AiFltClassTy::sub_0065D9C0	return		<RETURN>	/undefined2	AX:2	DEFAULT		0	0	no_evidence		-
00403440	thunk_FUN_006777d0	parameter	3	param_4	/undefined4	Stack[0x10]:4	DEFAULT		0	0	no_evidence		-
00403454	thunk_FUN_006a5990	return		<RETURN>	/undefined	<UNASSIGNED>	DEFAULT		0	0	no_evidence		-
0040345E	STDcResourcC::sub_005805C0	return		<RETURN>	/undefined4	EAX:4	DEFAULT		0	0	no_evidence		-
0040346D	thunk_FUN_0058d6f0	return		<RETURN>	/undefined4	EAX:4	DEFAULT		0	0	no_evidence		-
00403472	cLoadingTy::SetState	return		<RETURN>	/undefined	<UNASSIGNED>	DEFAULT		0	0	no_evidence		-
00403477	thunk_FUN_0062bec0	return		<RETURN>	/undefined	<UNASSIGNED>	DEFAULT		0	0	no_evidence		-
0040347C	FSGSTy::AddMessage	return		<RETURN>	/undefined	<UNASSIGNED>	DEFAULT		0	0	no_evidence		-
00403481	TLOBaseTy::sub_004E3120	return		<RETURN>	/undefined4	EAX:4	DEFAULT		0	0	no_evidence		-
00403486	thunk_FUN_004db020	parameter	1	param_2	/undefined4	Stack[0x8]:4	DEFAULT		0	0	no_evidence		-
00403486	thunk_FUN_004db020	return		<RETURN>	/undefined4	EAX:4	DEFAULT		0	0	no_evidence		-
0040348B	STGroupBoatC::ReMakePVecAndTgtListExt	return		<RETURN>	/undefined4	EAX:4	DEFAULT		0	0	no_evidence		-
00403495	UPanelTy::PaintBut	return		<RETURN>	/undefined	<UNASSIGNED>	DEFAULT		0	0	no_evidence		-
0040349A	thunk_FUN_006a2700	parameter	8	param_9	/undefined4	Stack[0x24]:4	DEFAULT		0	0	no_evidence		-
0040349F	thunk_FUN_0041c2c0	return		<RETURN>	/undefined	<UNASSIGNED>	DEFAULT		0	0	no_evidence		-
004034A4	FSGSTy::PaintLogPsw	return		<RETURN>	/undefined	<UNASSIGNED>	DEFAULT		0	0	no_evidence		-
004034B8	thunk_FUN_0057cb30	return		<RETURN>	/undefined	<UNASSIGNED>	DEFAULT		0	0	no_evidence		-
004034BD	thunk_FUN_00525ef0	return		<RETURN>	/undefined4	EAX:4	DEFAULT		0	0	no_evidence		-
004034C2	SettMapMTy::CreateCtrls	return		<RETURN>	/undefined	<UNASSIGNED>	DEFAULT		0	0	no_evidence		-
004034C7	thunk_FUN_004ecac0	return		<RETURN>	/undefined4	EAX:4	DEFAULT		0	0	no_evidence		-
004034D1	thunk_FUN_0062e6b0	return		<RETURN>	/undefined4	EAX:4	DEFAULT		0	0	no_evidence		-
004034D6	thunk_FUN_004d7010	return		<RETURN>	/undefined	<UNASSIGNED>	DEFAULT		0	0	no_evidence		-
004034DB	thunk_FUN_004eb300	return		<RETURN>	/undefined4	EAX:4	DEFAULT		0	0	no_evidence		-
004034E0	thunk_FUN_00660d40	return		<RETURN>	/undefined	<UNASSIGNED>	DEFAULT		0	0	no_evidence		-
004034EF	thunk_FUN_005da130	return		<RETURN>	/undefined	<UNASSIGNED>	DEFAULT		0	0	no_evidence		-
004034F4	thunk_FUN_005daa60	return		<RETURN>	/undefined	<UNASSIGNED>	DEFAULT		0	0	no_evidence		-
004034FE	CPanelTy::PaintInfoObj	return		<RETURN>	/undefined	<UNASSIGNED>	DEFAULT		0	0	no_evidence		-
00403508	UPanelTy::PaintIBut	return		<RETURN>	/undefined	<UNASSIGNED>	DEFAULT		0	0	no_evidence		-
0040350D	thunk_FUN_004c5e60	return		<RETURN>	/undefined4	EAX:4	DEFAULT		0	0	no_evidence		-
00403512	thunk_FUN_006034e0	parameter	7	param_8	/undefined4	Stack[0x20]:4	DEFAULT		0	0	no_evidence		-
00403512	thunk_FUN_006034e0	return		<RETURN>	/undefined	<UNASSIGNED>	DEFAULT		0	0	no_evidence		-
00403517	thunk_FUN_005fa030	return		<RETURN>	/undefined	<UNASSIGNED>	DEFAULT		0	0	no_evidence		-
00403521	CGenerate::sub_00694C80	return		<RETURN>	/undefined	<UNASSIGNED>	DEFAULT		0	0	no_evidence		-
0040352B	thunk_FUN_00568780	return		<RETURN>	/undefined4	EAX:4	DEFAULT		0	0	no_evidence		-
00403535	thunk_FUN_0054ca10	parameter	1	param_2	/undefined4	Stack[0x8]:4	DEFAULT		0	0	no_evidence		-
0040353A	thunk_FUN_0067ee40	return		<RETURN>	/undefined4	EAX:4	DEFAULT		0	0	no_evidence		-
0040353F	thunk_FUN_004cd480	return		<RETURN>	/undefined4	EAX:4	DEFAULT		0	0	no_evidence		-
00403544	thunk_FUN_0067ba50	return		<RETURN>	/undefined4	EAX:4	DEFAULT		0	0	no_evidence		-
00403549	thunk_FUN_005531f0	return		<RETURN>	/undefined	<UNASSIGNED>	DEFAULT		0	0	no_evidence		-
0040354E	thunk_FUN_006263b0	return		<RETURN>	/undefined4	EAX:4	DEFAULT		0	0	no_evidence		-
0040355D	STManBasisC::sub_005F19A0	return		<RETURN>	/undefined	<UNASSIGNED>	DEFAULT		0	0	no_evidence		-
0040356C	thunk_FUN_0069c360	return		<RETURN>	/undefined4	EAX:4	DEFAULT		0	0	no_evidence		-
0040357B	thunk_FUN_004d8db0	return		<RETURN>	/undefined4	EAX:4	DEFAULT		0	0	no_evidence		-
00403580	thunk_FUN_0060a430	return		<RETURN>	/undefined	<UNASSIGNED>	DEFAULT		0	0	no_evidence		-
00403585	STBoatC::ExpIsOver	return		<RETURN>	/undefined	<UNASSIGNED>	DEFAULT		0	0	no_evidence		-
0040358A	thunk_FUN_004b6d20	return		<RETURN>	/undefined4	EAX:4	DEFAULT		0	0	no_evidence		-
0040358F	thunk_FUN_00626fc0	return		<RETURN>	/undefined	<UNASSIGNED>	DEFAULT		0	0	no_evidence		-
0040359E	TraksClassTy::PrepareAfterSave	return		<RETURN>	/undefined	<UNASSIGNED>	DEFAULT		0	0	no_evidence		-
004035A3	TLOBaseTy::sub_004C34A0	return		<RETURN>	/undefined4	EAX:4	DEFAULT		0	0	no_evidence		-
004035AD	CursorClassTy::sub_0054B630	parameter	2	param_2	/undefined4	Stack[0x8]:4	DEFAULT		0	0	no_evidence		-
004035B2	thunk_FUN_004ce250	return		<RETURN>	/undefined4	EAX:4	DEFAULT		0	0	no_evidence		-
004035BC	STAllPlayersC::GetPanelInfo	parameter	1	param_1	/undefined4	Stack[0x4]:4	DEFAULT		0	0	no_evidence		-
004035BC	STAllPlayersC::GetPanelInfo	return		<RETURN>	/undefined	<UNASSIGNED>	DEFAULT		0	0	no_evidence		-
004035C1	STTeamLissagC::InitVisibelSystem	return		<RETURN>	/undefined	<UNASSIGNED>	DEFAULT		0	0	no_evidence		-
004035CB	thunk_FUN_004d8360	return		<RETURN>	/undefined4	EAX:4	DEFAULT		0	0	no_evidence		-
004035D0	thunk_FUN_00650a90	return		<RETURN>	/undefined4	EAX:4	DEFAULT		0	0	no_evidence		-
004035DF	thunk_FUN_004c7260	return		<RETURN>	/undefined4	EAX:4	DEFAULT		0	0	no_evidence		-
004035E4	STBoatC::BackDismant	parameter	2	param_2	/undefined4	Stack[0x8]:4	DEFAULT		0	0	no_evidence		-
004035EE	thunk_FUN_004e51b0	return		<RETURN>	/undefined4	EAX:4	DEFAULT		0	0	no_evidence		-
004035F3	STManRuinC::sub_00631510	parameter	1	param_1	/undefined4	Stack[0x4]:4	DEFAULT		0	0	no_evidence		-
004035F3	STManRuinC::sub_00631510	return		<RETURN>	/undefined	<UNASSIGNED>	DEFAULT		0	0	no_evidence		-
004035FD	thunk_FUN_0064e230	parameter	0	param_1	/undefined4	Stack[0x4]:4	DEFAULT		0	0	no_evidence		-
004035FD	thunk_FUN_0064e230	parameter	1	param_2	/undefined4	Stack[0x8]:4	DEFAULT		0	0	no_evidence		-
004035FD	thunk_FUN_0064e230	parameter	3	param_4	/undefined4	Stack[0x10]:4	DEFAULT		0	0	no_evidence		-
00403602	CPanelTy::SetControlObjSI	return		<RETURN>	/undefined	<UNASSIGNED>	DEFAULT		0	0	no_evidence		-
0040360C	SubmarineTitans::Recovered::HiddenThis::AnonReceiver_00664540::thunk_FUN_00664540	return		<RETURN>	/undefined4	EAX:4	DEFAULT		0	0	no_evidence		-
00403611	thunk_FUN_005f8810	return		<RETURN>	/undefined	<UNASSIGNED>	DEFAULT		0	0	no_evidence		-
00403616	thunk_FUN_004cbf70	return		<RETURN>	/undefined4	EAX:4	DEFAULT		0	0	no_evidence		-
0040361B	MMObjTy::CreateSprBut	parameter	1	param_1	/undefined4	Stack[0x4]:4	DEFAULT		0	0	no_evidence		-
0040361B	MMObjTy::CreateSprBut	parameter	2	param_2	/undefined4	Stack[0x8]:4	DEFAULT		0	0	no_evidence		-
0040361B	MMObjTy::CreateSprBut	parameter	3	param_3	/undefined4	Stack[0xc]:4	DEFAULT		0	0	no_evidence		-
0040361B	MMObjTy::CreateSprBut	parameter	4	param_4	/undefined4	Stack[0x10]:4	DEFAULT		0	0	no_evidence		-
0040361B	MMObjTy::CreateSprBut	parameter	5	param_5	/undefined4	Stack[0x14]:4	DEFAULT		0	0	no_evidence		-
0040361B	MMObjTy::CreateSprBut	parameter	6	param_6	/undefined4	Stack[0x18]:4	DEFAULT		0	0	no_evidence		-
0040361B	MMObjTy::CreateSprBut	parameter	7	param_7	/undefined4	Stack[0x1c]:4	DEFAULT		0	0	no_evidence		-
0040361B	MMObjTy::CreateSprBut	parameter	8	param_8	/undefined4	Stack[0x20]:4	DEFAULT		0	0	no_evidence		-
0040361B	MMObjTy::CreateSprBut	return		<RETURN>	/undefined4	EAX:4	DEFAULT		0	0	no_evidence		-
00403620	thunk_FUN_004ec700	return		<RETURN>	/undefined	<UNASSIGNED>	DEFAULT		0	0	no_evidence		-
00403625	thunk_FUN_004d88b0	parameter	1	param_2	/undefined4	Stack[0x8]:4	DEFAULT		0	0	no_evidence		-
00403625	thunk_FUN_004d88b0	return		<RETURN>	/undefined4	EAX:4	DEFAULT		0	0	no_evidence		-
0040362A	thunk_FUN_004d2fd0	return		<RETURN>	/undefined4	EAX:4	DEFAULT		0	0	no_evidence		-
00403639	thunk_FUN_00496b30	return		<RETURN>	/undefined	<UNASSIGNED>	DEFAULT		0	0	no_evidence		-
00403648	CPanelTy::PaintInfoBoat	return		<RETURN>	/undefined	<UNASSIGNED>	DEFAULT		0	0	no_evidence		-
0040364D	thunk_FUN_00581b80	return		<RETURN>	/undefined	<UNASSIGNED>	DEFAULT		0	0	no_evidence		-
00403652	AiTactClassTy::ClaimRestore	return		<RETURN>	/undefined	<UNASSIGNED>	DEFAULT		0	0	no_evidence		-
00403657	thunk_FUN_004eaf90	return		<RETURN>	/undefined4	EAX:4	DEFAULT		0	0	no_evidence		-
0040365C	thunk_FUN_005df9b0	return		<RETURN>	/undefined	<UNASSIGNED>	DEFAULT		0	0	no_evidence		-
00403661	thunk_FUN_004ccc10	return		<RETURN>	/undefined	<UNASSIGNED>	DEFAULT		0	0	no_evidence		-
0040366B	thunk_FUN_004da2b0	return		<RETURN>	/undefined4	EAX:4	DEFAULT		0	0	no_evidence		-
00403675	_EnumMines	parameter	11	param_12	/undefined4	Stack[0x30]:4	DEFAULT		0	0	no_evidence		-
0040367A	thunk_FUN_00600750	return		<RETURN>	/undefined4	EAX:4	DEFAULT		0	0	no_evidence		-
0040367F	TLOBaseTy::procResult	return		<RETURN>	/undefined4	EAX:4	DEFAULT		0	0	no_evidence		-
00403689	thunk_FUN_004deba0	return		<RETURN>	/undefined4	EAX:4	DEFAULT		0	0	no_evidence		-
0040368E	STTorpC::SetDangerous	return		<RETURN>	/undefined4	EAX:4	DEFAULT		0	0	no_evidence		-
00403693	MMsgTy::NoneMMsg	return		<RETURN>	/undefined	<UNASSIGNED>	DEFAULT		0	0	no_evidence		-
00403698	thunk_FUN_006189c0	return		<RETURN>	/undefined	<UNASSIGNED>	DEFAULT		0	0	no_evidence		-
0040369D	thunk_FUN_00435b90	parameter	4	param_5	/undefined4	Stack[0x14]:4	DEFAULT		0	0	no_evidence		-
004036A2	thunk_FUN_005260b0	parameter	1	param_2	/undefined1	Stack[0x8]:1	DEFAULT		0	0	no_evidence		-
004036A2	thunk_FUN_005260b0	return		<RETURN>	/undefined	<UNASSIGNED>	DEFAULT		0	0	no_evidence		-
004036AC	thunk_FUN_00416db0	parameter	2	param_3	/undefined4	Stack[0xc]:4	DEFAULT		0	0	no_evidence		-
004036AC	thunk_FUN_00416db0	return		<RETURN>	/undefined2	AX:2	DEFAULT		0	0	no_evidence		-
004036C0	thunk_FUN_005b6350	parameter	1	param_1	/undefined4	Stack[0x4]:4	DEFAULT		0	0	no_evidence		-
004036C5	STGroupBoatC::Capture	return		<RETURN>	/undefined4	EAX:4	DEFAULT		0	0	no_evidence		-
004036CA	STRubbishC::sub_0062EF00	return		<RETURN>	/undefined4	EAX:4	DEFAULT		0	0	no_evidence		-
004036CF	ComboTy::InitCombo	return		<RETURN>	/undefined	<UNASSIGNED>	DEFAULT		0	0	no_evidence		-
004036D4	thunk_FUN_00567510	return		<RETURN>	/undefined	<UNASSIGNED>	DEFAULT		0	0	no_evidence		-
004036DE	STGroupBoatC::DCBomb	return		<RETURN>	/undefined4	EAX:4	DEFAULT		0	0	no_evidence		-
004036E3	thunk_FUN_005fc4a0	return		<RETURN>	/undefined4	EAX:4	DEFAULT		0	0	no_evidence		-
004036E8	thunk_FUN_00683150	return		<RETURN>	/undefined	<UNASSIGNED>	DEFAULT		0	0	no_evidence		-
004036ED	thunk_FUN_00695010	return		<RETURN>	/undefined4	EAX:4	DEFAULT		0	0	no_evidence		-
004036F2	thunk_FUN_00424790	return		<RETURN>	/undefined4	EAX:4	DEFAULT		0	0	no_evidence		-
004036F7	STSprGameObjC::LoadLifeFrame	return		<RETURN>	/undefined	<UNASSIGNED>	DEFAULT		0	0	no_evidence		-
004036FC	thunk_FUN_00647a60	return		<RETURN>	/undefined	<UNASSIGNED>	DEFAULT		0	0	no_evidence		-
00403706	MReportTy::NoneMReport	return		<RETURN>	/undefined	<UNASSIGNED>	DEFAULT		0	0	no_evidence		-
00403710	MTestTy::NoneMTest	return		<RETURN>	/undefined	<UNASSIGNED>	DEFAULT		0	0	no_evidence		-
00403715	thunk_FUN_00683010	return		<RETURN>	/undefined	<UNASSIGNED>	DEFAULT		0	0	no_evidence		-
0040371F	thunk_FUN_005272b0	return		<RETURN>	/undefined4	EAX:4	DEFAULT		0	0	no_evidence		-
00403724	thunk_FUN_004d95a0	return		<RETURN>	/undefined4	EAX:4	DEFAULT		0	0	no_evidence		-
00403729	thunk_FUN_006a1410	parameter	6	param_7	/undefined4	Stack[0x1c]:4	DEFAULT		0	0	no_evidence		-
00403738	PutDDX	return		<RETURN>	/undefined	<UNASSIGNED>	DEFAULT		0	0	no_evidence		-
00403742	thunk_FUN_00589b10	parameter	1	param_1	/undefined4	Stack[0x4]:4	DEFAULT		0	0	no_evidence		-
00403742	thunk_FUN_00589b10	return		<RETURN>	/undefined4	EAX:4	DEFAULT		0	0	no_evidence		-
00403747	HelpPanelTy::ObjProc	return		<RETURN>	/undefined	<UNASSIGNED>	DEFAULT		0	0	no_evidence		-
00403751	thunk_FUN_005ff1f0	parameter	1	param_1	/undefined4	Stack[0x4]:4	DEFAULT		0	0	no_evidence		-
00403756	thunk_FUN_005ec550	return		<RETURN>	/undefined	<UNASSIGNED>	DEFAULT		0	0	no_evidence		-
00403760	thunk_FUN_005739a0	return		<RETURN>	/undefined	<UNASSIGNED>	DEFAULT		0	0	no_evidence		-
0040376A	thunk_FUN_0058e530	parameter	1	param_1	/undefined4	Stack[0x4]:4	DEFAULT		0	0	no_evidence		-
0040376A	thunk_FUN_0058e530	return		<RETURN>	/undefined4	EAX:4	DEFAULT		0	0	no_evidence		-
0040376F	CursorClassTy::SetImages	parameter	1	param_1	/undefined4	Stack[0x4]:4	DEFAULT		0	0	no_evidence		-
0040376F	CursorClassTy::SetImages	parameter	3	param_3	/undefined4	Stack[0xc]:4	DEFAULT		0	0	no_evidence		-
00403788	thunk_FUN_00424620	return		<RETURN>	/undefined	<UNASSIGNED>	DEFAULT		0	0	no_evidence		-
0040378D	thunk_FUN_0064ea60	return		<RETURN>	/undefined4	EAX:4	DEFAULT		0	0	no_evidence		-
00403797	thunk_FUN_0063de20	return		<RETURN>	/undefined	<UNASSIGNED>	DEFAULT		0	0	no_evidence		-
0040379C	thunk_FUN_004769f0	return		<RETURN>	/undefined	<UNASSIGNED>	DEFAULT		0	0	no_evidence		-
004037B0	thunk_FUN_004de030	return		<RETURN>	/undefined4	EAX:4	DEFAULT		0	0	no_evidence		-
004037B5	thunk_FUN_004934b0	return		<RETURN>	/undefined4	EAX:4	DEFAULT		0	0	no_evidence		-
004037BF	thunk_FUN_004d6d50	return		<RETURN>	/undefined	<UNASSIGNED>	DEFAULT		0	0	no_evidence		-
004037C4	thunk_FUN_004e48f0	return		<RETURN>	/undefined4	EAX:4	DEFAULT		0	0	no_evidence		-
004037D3	thunk_FUN_00677290	parameter	0	param_1	/undefined4	Stack[0x4]:4	DEFAULT		0	0	no_evidence		-
004037D8	thunk_FUN_0064e1f0	parameter	2	param_3	/undefined4	Stack[0xc]:4	DEFAULT		0	0	no_evidence		-
004037DD	thunk_FUN_005faf70	parameter	2	param_2	/undefined4	Stack[0x8]:4	DEFAULT		0	0	no_evidence		-
004037E7	thunk_FUN_0065d600	return		<RETURN>	/undefined	<UNASSIGNED>	DEFAULT		0	0	no_evidence		-
004037F1	thunk_FUN_004e7e10	return		<RETURN>	/undefined4	EAX:4	DEFAULT		0	0	no_evidence		-
004037F6	thunk_FUN_006367d0	return		<RETURN>	/undefined4	EAX:4	DEFAULT		0	0	no_evidence		-
004037FB	thunk_FUN_00615e70	return		<RETURN>	/undefined	<UNASSIGNED>	DEFAULT		0	0	no_evidence		-
00403800	SpecPanelTy::InitPanel	parameter	3	param_3	/undefined4	Stack[0xc]:4	DEFAULT		0	0	no_evidence		-
00403800	SpecPanelTy::InitPanel	parameter	7	param_7	/undefined4	Stack[0x1c]:4	DEFAULT		0	0	no_evidence		-
00403800	SpecPanelTy::InitPanel	parameter	8	param_8	/undefined4	Stack[0x20]:4	DEFAULT		0	0	no_evidence		-
00403805	thunk_FUN_006a0c00	return		<RETURN>	/undefined	<UNASSIGNED>	DEFAULT		0	0	no_evidence		-
0040380A	thunk_FUN_004e5eb0	return		<RETURN>	/undefined	<UNASSIGNED>	DEFAULT		0	0	no_evidence		-
00403819	thunk_FUN_006324c0	parameter	2	param_2	/undefined4	Stack[0x8]:4	DEFAULT		0	0	no_evidence		-
00403832	thunk_FUN_0064e910	return		<RETURN>	/undefined4	EAX:4	DEFAULT		0	0	no_evidence		-
00403837	thunk_FUN_00586240	parameter	3	param_4	/undefined4	Stack[0x10]:4	DEFAULT		0	0	no_evidence		-
00403837	thunk_FUN_00586240	parameter	4	param_5	/undefined4	Stack[0x14]:4	DEFAULT		0	0	no_evidence		-
00403837	thunk_FUN_00586240	parameter	5	param_6	/undefined4	Stack[0x18]:4	DEFAULT		0	0	no_evidence		-
00403837	thunk_FUN_00586240	return		<RETURN>	/undefined4	EAX:4	DEFAULT		0	0	no_evidence		-
00403841	thunk_FUN_0055c2e0	return		<RETURN>	/undefined	<UNASSIGNED>	DEFAULT		0	0	no_evidence		-
0040384B	TLOBaseTy::sub_004CA7B0	return		<RETURN>	/undefined4	EAX:4	DEFAULT		0	0	no_evidence		-
00403850	thunk_FUN_0063d660	return		<RETURN>	/undefined4	EAX:4	DEFAULT		0	0	no_evidence		-
00403855	STBoatC::sub_004602B0	return		<RETURN>	/undefined	<UNASSIGNED>	DEFAULT		0	0	no_evidence		-
0040385A	thunk_FUN_006509e0	return		<RETURN>	/undefined4	EAX:4	DEFAULT		0	0	no_evidence		-
0040385F	thunk_FUN_004deff0	return		<RETURN>	/undefined4	EAX:4	DEFAULT		0	0	no_evidence		-
00403864	STBoatC::CancelLoading	return		<RETURN>	/undefined	<UNASSIGNED>	DEFAULT		0	0	no_evidence		-
00403873	CreateGameSystem	return		<RETURN>	/undefined	<UNASSIGNED>	DEFAULT		0	0	no_evidence		-
00403878	HelpPanelTy::SubProc	return		<RETURN>	/undefined	<UNASSIGNED>	DEFAULT		0	0	no_evidence		-
0040387D	STAllPlayersC::DestroyObjectMsg	parameter	4	param_4	/undefined4	Stack[0x10]:4	DEFAULT		0	0	no_evidence		-
0040387D	STAllPlayersC::DestroyObjectMsg	return		<RETURN>	/undefined4	EAX:4	DEFAULT		0	0	no_evidence		-
00403882	_EnumRCCont	parameter	10	param_11	/undefined4	Stack[0x2c]:4	DEFAULT		0	0	no_evidence		-
00403887	OptPanelTy::DoneOptPanel	return		<RETURN>	/undefined	<UNASSIGNED>	DEFAULT		0	0	no_evidence		-
00403896	thunk_FUN_00480600	return		<RETURN>	/undefined4	EAX:4	DEFAULT		0	0	no_evidence		-
0040389B	thunk_FUN_005fcd80	return		<RETURN>	/undefined	<UNASSIGNED>	DEFAULT		0	0	no_evidence		-
004038A0	thunk_FUN_0061ca90	return		<RETURN>	/undefined4	EAX:4	DEFAULT		0	0	no_evidence		-
004038AF	thunk_FUN_006686f0	return		<RETURN>	/undefined4	EAX:4	DEFAULT		0	0	no_evidence		-
004038B4	thunk_FUN_00626c90	return		<RETURN>	/undefined	<UNASSIGNED>	DEFAULT		0	0	no_evidence		-
004038B9	thunk_FUN_004b2d10	return		<RETURN>	/undefined4	EAX:4	DEFAULT		0	0	no_evidence		-
004038C3	thunk_FUN_005fcda0	return		<RETURN>	/undefined	<UNASSIGNED>	DEFAULT		0	0	no_evidence		-
004038EB	BldLabPanelTy::sub_004EFE20	return		<RETURN>	/undefined	<UNASSIGNED>	DEFAULT		0	0	no_evidence		-
004038F0	thunk_FUN_00698f90	return		<RETURN>	/undefined4	EAX:4	DEFAULT		0	0	no_evidence		-
004038FA	thunk_FUN_005fd380	return		<RETURN>	/undefined	<UNASSIGNED>	DEFAULT		0	0	no_evidence		-
00403904	thunk_FUN_0064fb80	return		<RETURN>	/undefined4	EAX:4	DEFAULT		0	0	no_evidence		-
00403909	STAllPlayersC::sub_004DB160	parameter	2	param_2	/undefined4	Stack[0x8]:4	DEFAULT		0	0	no_evidence		-
00403909	STAllPlayersC::sub_004DB160	return		<RETURN>	/undefined	<UNASSIGNED>	DEFAULT		0	0	no_evidence		-
0040390E	thunk_FUN_004b2390	return		<RETURN>	/undefined4	EAX:4	DEFAULT		0	0	no_evidence		-
00403918	TradePanelTy::ShiftControls	return		<RETURN>	/undefined	<UNASSIGNED>	DEFAULT		0	0	no_evidence		-
0040391D	TradePanelTy::PaintPanel	return		<RETURN>	/undefined	<UNASSIGNED>	DEFAULT		0	0	no_evidence		-
00403922	MainMenuTy::AnimationMainMenu	return		<RETURN>	/undefined	<UNASSIGNED>	DEFAULT		0	0	no_evidence		-
00403927	STBoatC::sub_0045F6C0	return		<RETURN>	/undefined4	EAX:4	DEFAULT		0	0	no_evidence		-
00403940	thunk_FUN_006a36e0	parameter	5	param_6	/undefined4	Stack[0x18]:4	DEFAULT		0	0	no_evidence		-
00403940	thunk_FUN_006a36e0	return		<RETURN>	/undefined4	EAX:4	DEFAULT		0	0	no_evidence		-
00403945	thunk_FUN_004f4c70	return		<RETURN>	/undefined	<UNASSIGNED>	DEFAULT		0	0	no_evidence		-
0040394A	thunk_FUN_006937b0	parameter	0	param_1	/undefined4	Stack[0x4]:4	DEFAULT		0	0	no_evidence		-
0040394A	thunk_FUN_006937b0	parameter	1	param_2	/undefined4	Stack[0x8]:4	DEFAULT		0	0	no_evidence		-
0040394A	thunk_FUN_006937b0	return		<RETURN>	/undefined	<UNASSIGNED>	DEFAULT		0	0	no_evidence		-
0040394F	AiPlrClassTy::sub_0067C110	return		<RETURN>	/undefined	<UNASSIGNED>	DEFAULT		0	0	no_evidence		-
00403954	thunk_FUN_004d89b0	return		<RETURN>	/undefined4	EAX:4	DEFAULT		0	0	no_evidence		-
00403959	thunk_FUN_00413af0	return		<RETURN>	/undefined	<UNASSIGNED>	DEFAULT		0	0	no_evidence		-
00403963	thunk_FUN_005f6ad0	return		<RETURN>	/undefined4	EAX:4	DEFAULT		0	0	no_evidence		-
00403968	ComboTy::sub_005943F0	return		<RETURN>	/undefined	<UNASSIGNED>	DEFAULT		0	0	no_evidence		-
0040396D	STParticleC::sub_0062AEF0	return		<RETURN>	/undefined	<UNASSIGNED>	DEFAULT		0	0	no_evidence		-
0040397C	thunk_FUN_0045ff30	return		<RETURN>	/undefined4	EAX:4	DEFAULT		0	0	no_evidence		-
00403981	FSGSTy::OutSGlProc	return		<RETURN>	/undefined	<UNASSIGNED>	DEFAULT		0	0	no_evidence		-
0040398B	UPanelTy::CreateBut	parameter	1	param_1	/undefined4	Stack[0x4]:4	DEFAULT		0	0	no_evidence		-
0040398B	UPanelTy::CreateBut	parameter	7	param_7	/undefined4	Stack[0x1c]:4	DEFAULT		0	0	no_evidence		-
0040398B	UPanelTy::CreateBut	parameter	8	param_8	/undefined4	Stack[0x20]:4	DEFAULT		0	0	no_evidence		-
0040398B	UPanelTy::CreateBut	parameter	11	param_11	/undefined4	Stack[0x2c]:4	DEFAULT		0	0	no_evidence		-
0040398B	UPanelTy::CreateBut	parameter	13	param_13	/undefined4	Stack[0x34]:4	DEFAULT		0	0	no_evidence		-
0040398B	UPanelTy::CreateBut	parameter	14	param_14	/undefined4	Stack[0x38]:4	DEFAULT		0	0	no_evidence		-
0040398B	UPanelTy::CreateBut	return		<RETURN>	/undefined4	EAX:4	DEFAULT		0	0	no_evidence		-
00403995	STAllPlayersC::GetBoatWeaponInfo	return		<RETURN>	/undefined4	EAX:4	DEFAULT		0	0	no_evidence		-
004039A9	thunk_FUN_00494f00	return		<RETURN>	/undefined	<UNASSIGNED>	DEFAULT		0	0	no_evidence		-
004039AE	STAppC::sub_0056F040	return		<RETURN>	/undefined	<UNASSIGNED>	DEFAULT		0	0	no_evidence		-
004039B3	thunk_FUN_005fada0	return		<RETURN>	/undefined4	EAX:4	DEFAULT		0	0	no_evidence		-
004039B8	STSprGameObjC::thunk_FUN_005f0450	parameter	1	param_1	/undefined4	Stack[0x4]:4	DEFAULT		0	0	no_evidence		-
004039BD	CursorClassTy::AddOpticAcc	return		<RETURN>	/undefined	<UNASSIGNED>	DEFAULT		0	0	no_evidence		-
004039C2	thunk_FUN_0041ae80	return		<RETURN>	/undefined	<UNASSIGNED>	DEFAULT		0	0	no_evidence		-
004039C7	thunk_FUN_0062ba50	return		<RETURN>	/undefined4	EAX:4	DEFAULT		0	0	no_evidence		-
004039CC	HelpPanelTy::FwdBut	return		<RETURN>	/undefined	<UNASSIGNED>	DEFAULT		0	0	no_evidence		-
004039D1	thunk_FUN_0052a230	return		<RETURN>	/undefined4	EAX:4	DEFAULT		0	0	no_evidence		-
004039D6	STGroupC::thunk_FUN_00423ea0	parameter	1	param_1	/undefined4	Stack[0x4]:4	DEFAULT		0	0	no_evidence		-
004039D6	STGroupC::thunk_FUN_00423ea0	parameter	2	param_2	/undefined4	Stack[0x8]:4	DEFAULT		0	0	no_evidence		-
004039DB	thunk_FUN_0060a000	return		<RETURN>	/undefined4	EAX:4	DEFAULT		0	0	no_evidence		-
004039E5	thunk_FUN_005f0380	return		<RETURN>	/undefined	<UNASSIGNED>	DEFAULT		0	0	no_evidence		-
004039EA	DelAllAccelerators	return		<RETURN>	/undefined	<UNASSIGNED>	DEFAULT		0	0	no_evidence		-
004039EF	thunk_FUN_0052cce0	return		<RETURN>	/undefined	<UNASSIGNED>	DEFAULT		0	0	no_evidence		-
004039F4	thunk_FUN_00613280	parameter	4	param_4	/undefined4	Stack[0x10]:4	DEFAULT		0	0	no_evidence		-
004039F4	thunk_FUN_00613280	return		<RETURN>	/undefined	<UNASSIGNED>	DEFAULT		0	0	no_evidence		-
004039F9	thunk_FUN_0041ad50	return		<RETURN>	/undefined	<UNASSIGNED>	DEFAULT		0	0	no_evidence		-
004039FE	thunk_FUN_0055c290	return		<RETURN>	/undefined	<UNASSIGNED>	DEFAULT		0	0	no_evidence		-
00403A03	thunk_FUN_004dd460	return		<RETURN>	/undefined4	EAX:4	DEFAULT		0	0	no_evidence		-
00403A08	thunk_FUN_004e2970	return		<RETURN>	/undefined4	EAX:4	DEFAULT		0	0	no_evidence		-
00403A1C	AiFltClassTy::sub_00661CA0	parameter	1	param_2	/undefined4	EDX:4	DEFAULT		0	0	no_evidence		-
00403A1C	AiFltClassTy::sub_00661CA0	return		<RETURN>	/undefined	<UNASSIGNED>	DEFAULT		0	0	no_evidence		-
00403A26	STManRuinC::sub_006308F0	parameter	5	param_5	/undefined4	Stack[0x14]:4	DEFAULT		0	0	no_evidence		-
00403A30	STResourceC::sub_00580D30	return		<RETURN>	/undefined	<UNASSIGNED>	DEFAULT		0	0	no_evidence		-
00403A3A	OptPanelTy::PreInitOptPanel	return		<RETURN>	/undefined	<UNASSIGNED>	DEFAULT		0	0	no_evidence		-
00403A49	thunk_FUN_005f9310	return		<RETURN>	/undefined1	AL:1	DEFAULT		0	0	no_evidence		-
00403A4E	STAllPlayersC::UnRegisterMine	return		<RETURN>	/undefined4	EAX:4	DEFAULT		0	0	no_evidence		-
00403A58	STAppC::CommonFunction	return		<RETURN>	/undefined4	EAX:4	DEFAULT		0	0	no_evidence		-
00403A5D	STAllPlayersC::UnRegisterArtefact	return		<RETURN>	/undefined4	EAX:4	DEFAULT		0	0	no_evidence		-
00403A6C	thunk_FUN_005c0230	return		<RETURN>	/undefined	<UNASSIGNED>	DEFAULT		0	0	no_evidence		-
00403A71	STGroupBoatC::StartReceiveOrderSound	return		<RETURN>	/undefined	<UNASSIGNED>	DEFAULT		0	0	no_evidence		-
00403A76	thunk_FUN_0056f250	return		<RETURN>	/undefined	<UNASSIGNED>	DEFAULT		0	0	no_evidence		-
00403A7B	thunk_FUN_0061d0c0	parameter	0	param_1	/undefined4	Stack[0x4]:4	DEFAULT		0	0	no_evidence		-
00403A7B	thunk_FUN_0061d0c0	parameter	1	param_2	/undefined4	Stack[0x8]:4	DEFAULT		0	0	no_evidence		-
00403A7B	thunk_FUN_0061d0c0	parameter	2	param_3	/undefined4	Stack[0xc]:4	DEFAULT		0	0	no_evidence		-
00403A7B	thunk_FUN_0061d0c0	parameter	3	param_4	/undefined4	Stack[0x10]:4	DEFAULT		0	0	no_evidence		-
00403A7B	thunk_FUN_0061d0c0	parameter	4	param_5	/undefined4	Stack[0x14]:4	DEFAULT		0	0	no_evidence		-
00403A7B	thunk_FUN_0061d0c0	parameter	5	param_6	/undefined4	Stack[0x18]:4	DEFAULT		0	0	no_evidence		-
00403A7B	thunk_FUN_0061d0c0	parameter	6	param_7	/undefined4	Stack[0x1c]:4	DEFAULT		0	0	no_evidence		-
00403A7B	thunk_FUN_0061d0c0	parameter	7	param_8	/undefined4	Stack[0x20]:4	DEFAULT		0	0	no_evidence		-
00403A7B	thunk_FUN_0061d0c0	parameter	8	param_9	/undefined4	Stack[0x24]:4	DEFAULT		0	0	no_evidence		-
00403A7B	thunk_FUN_0061d0c0	parameter	9	param_10	/undefined4	Stack[0x28]:4	DEFAULT		0	0	no_evidence		-
00403A7B	thunk_FUN_0061d0c0	parameter	10	param_11	/undefined4	Stack[0x2c]:4	DEFAULT		0	0	no_evidence		-
00403A7B	thunk_FUN_0061d0c0	parameter	11	param_12	/undefined4	Stack[0x30]:4	DEFAULT		0	0	no_evidence		-
00403A7B	thunk_FUN_0061d0c0	return		<RETURN>	/undefined4	EAX:4	DEFAULT		0	0	no_evidence		-
00403A80	STGroupC::AddObjs	return		<RETURN>	/undefined4	EAX:4	DEFAULT		0	0	no_evidence		-
00403A8F	SIDTy::DeleteCtrls	return		<RETURN>	/undefined	<UNASSIGNED>	DEFAULT		0	0	no_evidence		-
00403A94	thunk_FUN_0055d6b0	return		<RETURN>	/undefined	<UNASSIGNED>	DEFAULT		0	0	no_evidence		-
00403A99	SubmarineTitans::Recovered::HiddenThis::AnonReceiver_004603B0::thunk_FUN_004838e0	return		<RETURN>	/undefined4	EAX:4	DEFAULT		0	0	no_evidence		-
00403AB7	thunk_FUN_004eccf0	return		<RETURN>	/undefined4	EAX:4	DEFAULT		0	0	no_evidence		-
00403ABC	STBoatC::GetInfo16	return		<RETURN>	/undefined	<UNASSIGNED>	DEFAULT		0	0	no_evidence		-
00403ACB	thunk_FUN_00553060	return		<RETURN>	/undefined4	EAX:4	DEFAULT		0	0	no_evidence		-
00403AD0	TLOBaseTy::sub_004B98E0	parameter	1	param_1	/undefined4	Stack[0x4]:4	DEFAULT		0	0	no_evidence		-
00403ADA	STAllPlayersC::_AddMDPairs	return		<RETURN>	/undefined4	EAX:4	DEFAULT		0	0	no_evidence		-
00403ADF	thunk_FUN_004b72b0	return		<RETURN>	/undefined4	EAX:4	DEFAULT		0	0	no_evidence		-
00403AE4	FSGSTy::DelPlayer	return		<RETURN>	/undefined	<UNASSIGNED>	DEFAULT		0	0	no_evidence		-
00403AF8	thunk_FUN_00620780	return		<RETURN>	/undefined4	EAX:4	DEFAULT		0	0	no_evidence		-
00403B02	VisibleClassTy::sub_0055BB00	parameter	7	param_7	/undefined4	Stack[0x1c]:4	DEFAULT		0	0	no_evidence		-
00403B07	MReportTy::SetCtrl	return		<RETURN>	/undefined	<UNASSIGNED>	DEFAULT		0	0	no_evidence		-
00403B0C	ChooseMapTy::PrepFiles	return		<RETURN>	/undefined	<UNASSIGNED>	DEFAULT		0	0	no_evidence		-
00403B20	thunk_FUN_004a8220	return		<RETURN>	/undefined	<UNASSIGNED>	DEFAULT		0	0	no_evidence		-
00403B25	STManRuinC::thunk_FUN_00631190	parameter	6	param_6	/undefined4	Stack[0x18]:4	DEFAULT		0	0	no_evidence		-
00403B25	STManRuinC::thunk_FUN_00631190	return		<RETURN>	/undefined4	EAX:4	DEFAULT		0	0	no_evidence		-
00403B2A	thunk_FUN_005718d0	return		<RETURN>	/undefined	<UNASSIGNED>	DEFAULT		0	0	no_evidence		-
00403B2F	thunk_FUN_004a0ee0	return		<RETURN>	/undefined	<UNASSIGNED>	DEFAULT		0	0	no_evidence		-
00403B34	STBoatC::sub_0045FF50	return		<RETURN>	/undefined4	EAX:4	DEFAULT		0	0	no_evidence		-
00403B43	HelpPanelTy::PrevBut	return		<RETURN>	/undefined	<UNASSIGNED>	DEFAULT		0	0	no_evidence		-
00403B48	ProdPanelTy::SwitchPanel	return		<RETURN>	/undefined	<UNASSIGNED>	DEFAULT		0	0	no_evidence		-
00403B52	cLoadingTy::ShowScr	return		<RETURN>	/undefined	<UNASSIGNED>	DEFAULT		0	0	no_evidence		-
00403B5C	thunk_FUN_0062e240	parameter	1	param_1	/undefined4	Stack[0x4]:4	DEFAULT		0	0	no_evidence		-
00403B5C	thunk_FUN_0062e240	return		<RETURN>	/undefined	<UNASSIGNED>	DEFAULT		0	0	no_evidence		-
00403B61	ChatGlassTy::OutChGlProc	parameter	2	param_2	/undefined4	Stack[0x8]:4	DEFAULT		0	0	no_evidence		-
00403B61	ChatGlassTy::OutChGlProc	parameter	3	param_3	/undefined4	Stack[0xc]:4	DEFAULT		0	0	no_evidence		-
00403B61	ChatGlassTy::OutChGlProc	return		<RETURN>	/undefined	<UNASSIGNED>	DEFAULT		0	0	no_evidence		-
00403B6B	thunk_FUN_005ef430	return		<RETURN>	/undefined	<UNASSIGNED>	DEFAULT		0	0	no_evidence		-
00403B70	thunk_FUN_0058d480	parameter	3	param_4	/undefined4	Stack[0x10]:4	DEFAULT		0	0	no_evidence		-
00403B75	thunk_FUN_004be200	return		<RETURN>	/undefined	<UNASSIGNED>	DEFAULT		0	0	no_evidence		-
00403B7A	thunk_FUN_00620f60	return		<RETURN>	/undefined4	EAX:4	DEFAULT		0	0	no_evidence		-
00403B7F	thunk_FUN_004dc760	return		<RETURN>	/undefined4	EAX:4	DEFAULT		0	0	no_evidence		-
00403B89	thunk_FUN_0064a5b0	return		<RETURN>	/undefined	<UNASSIGNED>	DEFAULT		0	0	no_evidence		-
00403B8E	PrividerTy::InitPrivider	return		<RETURN>	/undefined	<UNASSIGNED>	DEFAULT		0	0	no_evidence		-
00403B93	thunk_FUN_00602740	return		<RETURN>	/undefined	<UNASSIGNED>	DEFAULT		0	0	no_evidence		-
00403B98	thunk_FUN_00672af0	return		<RETURN>	/undefined	<UNASSIGNED>	DEFAULT		0	0	no_evidence		-
00403BB6	thunk_FUN_004e5dc0	return		<RETURN>	/undefined	<UNASSIGNED>	DEFAULT		0	0	no_evidence		-
00403BBB	STManRuinC::sub_00631010	return		<RETURN>	/undefined	<UNASSIGNED>	DEFAULT		0	0	no_evidence		-
00403BC0	HelpPanelTy::NatProc	return		<RETURN>	/undefined	<UNASSIGNED>	DEFAULT		0	0	no_evidence		-
00403BC5	PrividerTy::SetMode	return		<RETURN>	/undefined	<UNASSIGNED>	DEFAULT		0	0	no_evidence		-
00403BCA	STGroupBoatC::Way3DGrpGetDistrPoint	parameter	4	param_5	/undefined4	Stack[0x14]:4	DEFAULT		0	0	no_evidence		-
00403BD9	thunk_FUN_00682d30	return		<RETURN>	/undefined	<UNASSIGNED>	DEFAULT		0	0	no_evidence		-
00403BDE	thunk_FUN_006757c0	return		<RETURN>	/undefined	<UNASSIGNED>	DEFAULT		0	0	no_evidence		-
00403BE3	BldObjPanelTy::Update	return		<RETURN>	/undefined	<UNASSIGNED>	DEFAULT		0	0	no_evidence		-
00403BE8	thunk_FUN_00660540	parameter	1	param_1	/undefined4	Stack[0x4]:4	DEFAULT		0	0	no_evidence		-
00403BE8	thunk_FUN_00660540	parameter	5	param_5	/undefined2	Stack[0x14]:2	DEFAULT		0	0	no_evidence		-
00403BE8	thunk_FUN_00660540	return		<RETURN>	/undefined4	EAX:4	DEFAULT		0	0	no_evidence		-
00403C06	thunk_FUN_004e3910	return		<RETURN>	/undefined4	EAX:4	DEFAULT		0	0	no_evidence		-
00403C10	thunk_FUN_005fd6a0	return		<RETURN>	/undefined	<UNASSIGNED>	DEFAULT		0	0	no_evidence		-
00403C15	AiEventClassTy::__CreateObjPl	parameter	9	param_9	/undefined4	Stack[0x24]:4	DEFAULT		0	0	no_evidence		-
00403C15	AiEventClassTy::__CreateObjPl	parameter	10	param_10	/undefined4	Stack[0x28]:4	DEFAULT		0	0	no_evidence		-
00403C1A	STColl3C::sub_005FA070	return		<RETURN>	/undefined	<UNASSIGNED>	DEFAULT		0	0	no_evidence		-
00403C1F	STBoatC::Dismant	parameter	2	param_2	/undefined4	Stack[0x8]:4	DEFAULT		0	0	no_evidence		-
00403C24	thunk_FUN_005fa7f0	parameter	1	param_1	/undefined4	Stack[0x4]:4	DEFAULT		0	0	no_evidence		-
00403C24	thunk_FUN_005fa7f0	parameter	2	param_2	/undefined4	Stack[0x8]:4	DEFAULT		0	0	no_evidence		-
00403C24	thunk_FUN_005fa7f0	parameter	3	param_3	/undefined4	Stack[0xc]:4	DEFAULT		0	0	no_evidence		-
00403C24	thunk_FUN_005fa7f0	return		<RETURN>	/undefined4	EAX:4	DEFAULT		0	0	no_evidence		-
00403C29	thunk_FUN_005f0240	return		<RETURN>	/undefined	<UNASSIGNED>	DEFAULT		0	0	no_evidence		-
00403C2E	thunk_FUN_006774c0	parameter	0	param_1	/undefined4	Stack[0x4]:4	DEFAULT		0	0	no_evidence		-
00403C33	thunk_FUN_0054edf0	return		<RETURN>	/undefined	<UNASSIGNED>	DEFAULT		0	0	no_evidence		-
00403C3D	thunk_FUN_004d6590	return		<RETURN>	/undefined4	EAX:4	DEFAULT		0	0	no_evidence		-
00403C47	thunk_FUN_004a9c80	return		<RETURN>	/undefined	<UNASSIGNED>	DEFAULT		0	0	no_evidence		-
00403C4C	thunk_FUN_006372e0	return		<RETURN>	/undefined4	EAX:4	DEFAULT		0	0	no_evidence		-
00403C56	thunk_FUN_0067f2b0	return		<RETURN>	/undefined	<UNASSIGNED>	DEFAULT		0	0	no_evidence		-
00403C65	thunk_FUN_004dd350	return		<RETURN>	/undefined4	EAX:4	DEFAULT		0	0	no_evidence		-
00403C6F	thunk_FUN_005efbd0	return		<RETURN>	/undefined	<UNASSIGNED>	DEFAULT		0	0	no_evidence		-
00403C74	MMMObjTy::OutLstProc	return		<RETURN>	/undefined	<UNASSIGNED>	DEFAULT		0	0	no_evidence		-
00403C79	STAllPlayersC::ReplaceObject	parameter	2	param_2	/undefined4	Stack[0x8]:4	DEFAULT		0	0	no_evidence		-
00403C79	STAllPlayersC::ReplaceObject	parameter	3	param_3	/undefined4	Stack[0xc]:4	DEFAULT		0	0	no_evidence		-
00403C79	STAllPlayersC::ReplaceObject	return		<RETURN>	/undefined	<UNASSIGNED>	DEFAULT		0	0	no_evidence		-
00403C7E	thunk_FUN_0062af40	return		<RETURN>	/undefined	<UNASSIGNED>	DEFAULT		0	0	no_evidence		-
00403C88	CGenerate::sub_00694BE0	return		<RETURN>	/undefined	<UNASSIGNED>	DEFAULT		0	0	no_evidence		-
00403C92	thunk_FUN_00632650	parameter	3	param_3	/undefined4	Stack[0xc]:4	DEFAULT		0	0	no_evidence		-
00403C92	thunk_FUN_00632650	return		<RETURN>	/undefined4	EAX:4	DEFAULT		0	0	no_evidence		-
00403C9C	thunk_FUN_0041f350	return		<RETURN>	/undefined4	EAX:4	DEFAULT		0	0	no_evidence		-
00403CA1	thunk_FUN_00694890	return		<RETURN>	/undefined	<UNASSIGNED>	DEFAULT		0	0	no_evidence		-
00403CAB	thunk_FUN_00585020	return		<RETURN>	/undefined	<UNASSIGNED>	DEFAULT		0	0	no_evidence		-
00403CBA	thunk_FUN_004e27e0	return		<RETURN>	/undefined4	EAX:4	DEFAULT		0	0	no_evidence		-
00403CBF	thunk_FUN_00647be0	return		<RETURN>	/undefined	<UNASSIGNED>	DEFAULT		0	0	no_evidence		-
00403CC9	thunk_FUN_00626e60	return		<RETURN>	/undefined	<UNASSIGNED>	DEFAULT		0	0	no_evidence		-
00403CCE	thunk_FUN_004b7e30	return		<RETURN>	/undefined4	EAX:4	DEFAULT		0	0	no_evidence		-
00403CD3	thunk_FUN_0064e9a0	return		<RETURN>	/undefined4	EAX:4	DEFAULT		0	0	no_evidence		-
00403CD8	STAllPlayersC::RegisterDeposit	return		<RETURN>	/undefined4	EAX:4	DEFAULT		0	0	no_evidence		-
00403CE7	thunk_FUN_0060a470	return		<RETURN>	/undefined	<UNASSIGNED>	DEFAULT		0	0	no_evidence		-
00403CF1	thunk_FUN_0061e110	return		<RETURN>	/undefined4	EAX:4	DEFAULT		0	0	no_evidence		-
00403CF6	thunk_FUN_00491720	parameter	1	param_2	/undefined4	EDX:4	DEFAULT		0	0	no_evidence		-
00403CF6	thunk_FUN_00491720	return		<RETURN>	/undefined	<UNASSIGNED>	DEFAULT		0	0	no_evidence		-
00403CFB	thunk_FUN_0044cc90	parameter	2	param_3	/undefined4	Stack[0xc]:4	DEFAULT		0	0	no_evidence		-
00403CFB	thunk_FUN_0044cc90	return		<RETURN>	/undefined	<UNASSIGNED>	DEFAULT		0	0	no_evidence		-
00403D05	thunk_FUN_00637180	return		<RETURN>	/undefined	<UNASSIGNED>	DEFAULT		0	0	no_evidence		-
00403D0F	thunk_FUN_004ad430	return		<RETURN>	/undefined	<UNASSIGNED>	DEFAULT		0	0	no_evidence		-
00403D14	thunk_FUN_00495010	parameter	1	param_1	/undefined4	Stack[0x4]:4	DEFAULT		0	0	no_evidence		-
00403D14	thunk_FUN_00495010	return		<RETURN>	/undefined	<UNASSIGNED>	DEFAULT		0	0	no_evidence		-
00403D1E	thunk_FUN_005738d0	return		<RETURN>	/undefined4	EAX:4	DEFAULT		0	0	no_evidence		-
00403D23	thunk_FUN_004353b0	return		<RETURN>	/undefined	<UNASSIGNED>	DEFAULT		0	0	no_evidence		-
00403D37	thunk_FUN_00541cf0	return		<RETURN>	/undefined	<UNASSIGNED>	DEFAULT		0	0	no_evidence		-
00403D3C	thunk_FUN_0041d820	return		<RETURN>	/undefined	<UNASSIGNED>	DEFAULT		0	0	no_evidence		-
00403D41	thunk_FUN_0058bd90	return		<RETURN>	/undefined	<UNASSIGNED>	DEFAULT		0	0	no_evidence		-
00403D4B	TradePanelTy::SetModeControls	return		<RETURN>	/undefined	<UNASSIGNED>	DEFAULT		0	0	no_evidence		-
00403D50	thunk_FUN_00678870	return		<RETURN>	/undefined	<UNASSIGNED>	DEFAULT		0	0	no_evidence		-
00403D55	thunk_FUN_005f0360	return		<RETURN>	/undefined	<UNASSIGNED>	DEFAULT		0	0	no_evidence		-
00403D5A	thunk_FUN_004cfff0	return		<RETURN>	/undefined	<UNASSIGNED>	DEFAULT		0	0	no_evidence		-
00403D64	SIDTy::NoneSID	return		<RETURN>	/undefined	<UNASSIGNED>	DEFAULT		0	0	no_evidence		-
00403D69	thunk_FUN_004dd7c0	return		<RETURN>	/undefined4	EAX:4	DEFAULT		0	0	no_evidence		-
00403D96	SAMPanelTy::DoneSAMPanel	return		<RETURN>	/undefined	<UNASSIGNED>	DEFAULT		0	0	no_evidence		-
00403DA0	BehPanelTy::Update	return		<RETURN>	/undefined	<UNASSIGNED>	DEFAULT		0	0	no_evidence		-
00403DA5	thunk_FUN_0062e170	parameter	0	param_1	/undefined4	Stack[0x4]:4	DEFAULT		0	0	no_evidence		-
00403DA5	thunk_FUN_0062e170	parameter	4	param_5	/undefined4	Stack[0x14]:4	DEFAULT		0	0	no_evidence		-
00403DA5	thunk_FUN_0062e170	parameter	5	param_6	/undefined4	Stack[0x18]:4	DEFAULT		0	0	no_evidence		-
00403DA5	thunk_FUN_0062e170	parameter	6	param_7	/undefined4	Stack[0x1c]:4	DEFAULT		0	0	no_evidence		-
00403DA5	thunk_FUN_0062e170	return		<RETURN>	/undefined	<UNASSIGNED>	DEFAULT		0	0	no_evidence		-
00403DAA	DebugSystemC::CreateSystemObjects	return		<RETURN>	/undefined4	EAX:4	DEFAULT		0	0	no_evidence		-
00403DAF	thunk_FUN_004d0900	return		<RETURN>	/undefined4	EAX:4	DEFAULT		0	0	no_evidence		-
00403DB4	MTaskTy::OutGlassTxtProc	parameter	3	param_3	/undefined4	Stack[0xc]:4	DEFAULT		0	0	no_evidence		-
00403DB4	MTaskTy::OutGlassTxtProc	parameter	6	param_6	/undefined4	Stack[0x18]:4	DEFAULT		0	0	no_evidence		-
00403DB4	MTaskTy::OutGlassTxtProc	parameter	7	param_7	/undefined4	Stack[0x1c]:4	DEFAULT		0	0	no_evidence		-
00403DB4	MTaskTy::OutGlassTxtProc	return		<RETURN>	/undefined	<UNASSIGNED>	DEFAULT		0	0	no_evidence		-
00403DB9	UpgPanelTy::ShiftControls	return		<RETURN>	/undefined	<UNASSIGNED>	DEFAULT		0	0	no_evidence		-
00403DBE	thunk_FUN_004e9650	return		<RETURN>	/undefined4	EAX:4	DEFAULT		0	0	no_evidence		-
00403DC3	thunk_FUN_00603470	return		<RETURN>	/undefined	<UNASSIGNED>	DEFAULT		0	0	no_evidence		-
00403DC8	thunk_FUN_006027f0	return		<RETURN>	/undefined	<UNASSIGNED>	DEFAULT		0	0	no_evidence		-
00403DCD	thunk_FUN_005ff430	parameter	3	param_3	/undefined4	Stack[0xc]:4	DEFAULT		0	0	no_evidence		-
00403DCD	thunk_FUN_005ff430	parameter	5	param_5	/undefined4	Stack[0x14]:4	DEFAULT		0	0	no_evidence		-
00403DCD	thunk_FUN_005ff430	return		<RETURN>	/undefined4	EAX:4	DEFAULT		0	0	no_evidence		-
00403DDC	thunk_FUN_00635a40	return		<RETURN>	/undefined	<UNASSIGNED>	DEFAULT		0	0	no_evidence		-
00403DE6	thunk_FUN_00680070	return		<RETURN>	/undefined	<UNASSIGNED>	DEFAULT		0	0	no_evidence		-
00403DEB	thunk_FUN_005672a0	return		<RETURN>	/undefined	<UNASSIGNED>	DEFAULT		0	0	no_evidence		-
00403DF5	thunk_FUN_00681540	return		<RETURN>	/undefined4	EAX:4	DEFAULT		0	0	no_evidence		-
00403DFA	thunk_FUN_00626d70	return		<RETURN>	/undefined	<UNASSIGNED>	DEFAULT		0	0	no_evidence		-
00403DFF	thunk_FUN_00428a10	return		<RETURN>	/undefined4	EAX:4	DEFAULT		0	0	no_evidence		-
00403E0E	thunk_FUN_004ddba0	return		<RETURN>	/undefined4	EAX:4	DEFAULT		0	0	no_evidence		-
00403E13	thunk_FUN_004210c0	return		<RETURN>	/undefined	<UNASSIGNED>	DEFAULT		0	0	no_evidence		-
00403E18	thunk_FUN_0064df70	parameter	0	param_1	/undefined4	Stack[0x4]:4	DEFAULT		0	0	no_evidence		-
00403E18	thunk_FUN_0064df70	parameter	1	param_2	/undefined4	Stack[0x8]:4	DEFAULT		0	0	no_evidence		-
00403E22	thunk_FUN_00601d10	parameter	6	param_7	/undefined4	Stack[0x1c]:4	DEFAULT		0	0	no_evidence		-
00403E27	SubmarineTitans::Recovered::HiddenThis::AnonReceiver_005FDB50::thunk_FUN_005fdb50	return		<RETURN>	/undefined4	EAX:4	DEFAULT		0	0	no_evidence		-
00403E2C	thunk_FUN_006202b0	parameter	3	param_3	/undefined4	Stack[0xc]:4	DEFAULT		0	0	no_evidence		-
00403E2C	thunk_FUN_006202b0	return		<RETURN>	/undefined	<UNASSIGNED>	DEFAULT		0	0	no_evidence		-
00403E31	STAllPlayersC::AddObjToTmp2	return		<RETURN>	/undefined4	EAX:4	DEFAULT		0	0	no_evidence		-
00403E3B	thunk_FUN_006519e0	return		<RETURN>	/undefined4	EAX:4	DEFAULT		0	0	no_evidence		-
00403E40	thunk_FUN_004c6b50	return		<RETURN>	/undefined4	EAX:4	DEFAULT		0	0	no_evidence		-
00403E45	thunk_FUN_0054cfa0	return		<RETURN>	/undefined	<UNASSIGNED>	DEFAULT		0	0	no_evidence		-
00403E4A	thunk_FUN_0058e440	return		<RETURN>	/undefined4	EAX:4	DEFAULT		0	0	no_evidence		-
00403E5E	thunk_FUN_005da310	return		<RETURN>	/undefined	<UNASSIGNED>	DEFAULT		0	0	no_evidence		-
00403E6D	thunk_FUN_0061bdb0	return		<RETURN>	/undefined4	EAX:4	DEFAULT		0	0	no_evidence		-
00403E72	thunk_FUN_006a19d0	parameter	7	param_8	/undefined4	Stack[0x20]:4	DEFAULT		0	0	no_evidence		-
00403E72	thunk_FUN_006a19d0	return		<RETURN>	/undefined4	EAX:4	DEFAULT		0	0	no_evidence		-
00403E77	thunk_FUN_005f9ff0	return		<RETURN>	/undefined	<UNASSIGNED>	DEFAULT		0	0	no_evidence		-
00403E81	STManRub3C::sub_0062E130	return		<RETURN>	/undefined	<UNASSIGNED>	DEFAULT		0	0	no_evidence		-
00403E8B	thunk_FUN_00496a90	parameter	3	param_4	/undefined4	Stack[0x10]:4	DEFAULT		0	0	no_evidence		-
00403E90	thunk_FUN_004b6fc0	return		<RETURN>	/undefined4	EAX:4	DEFAULT		0	0	no_evidence		-
00403E95	FSGSTy::CreateGame	return		<RETURN>	/undefined	<UNASSIGNED>	DEFAULT		0	0	no_evidence		-
00403E9A	thunk_FUN_005f09b0	return		<RETURN>	/undefined4	EAX:4	DEFAULT		0	0	no_evidence		-
00403EA4	ProdPanelTy::PaintTab	return		<RETURN>	/undefined	<UNASSIGNED>	DEFAULT		0	0	no_evidence		-
00403EA9	thunk_FUN_0067ffa0	return		<RETURN>	/undefined4	EAX:4	DEFAULT		0	0	no_evidence		-
00403EAE	STManBasisC::sub_005F2110	return		<RETURN>	/undefined4	EAX:4	DEFAULT		0	0	no_evidence		-
00403EC2	thunk_FUN_0067fff0	return		<RETURN>	/undefined4	EAX:4	DEFAULT		0	0	no_evidence		-
00403ECC	ProdPanelTy::DoneProdPanel	return		<RETURN>	/undefined	<UNASSIGNED>	DEFAULT		0	0	no_evidence		-
00403EE0	OptPanelTy::CreateSlider	parameter	5	param_5	/undefined4	Stack[0x14]:4	DEFAULT		0	0	no_evidence		-
00403EE0	OptPanelTy::CreateSlider	parameter	6	param_6	/undefined4	Stack[0x18]:4	DEFAULT		0	0	no_evidence		-
00403EE0	OptPanelTy::CreateSlider	return		<RETURN>	/undefined4	EAX:4	DEFAULT		0	0	no_evidence		-
00403EEF	MainMenuTy::LightPalette	return		<RETURN>	/undefined	<UNASSIGNED>	DEFAULT		0	0	no_evidence		-
00403EF4	BaseSystemC::CreateSystemObjects	return		<RETURN>	/undefined4	EAX:4	DEFAULT		0	0	no_evidence		-
00403EFE	TLOBaseTy::sub_004C4550	return		<RETURN>	/undefined4	EAX:4	DEFAULT		0	0	no_evidence		-
00403F03	thunk_FUN_004b0d10	return		<RETURN>	/undefined4	EAX:4	DEFAULT		0	0	no_evidence		-
00403F08	thunk_FUN_006821d0	return		<RETURN>	/undefined4	EAX:4	DEFAULT		0	0	no_evidence		-
00403F0D	STAllPlayersC::DelObjsFromTmp	parameter	1	param_1	/undefined4	Stack[0x4]:4	DEFAULT		0	0	no_evidence		-
00403F0D	STAllPlayersC::DelObjsFromTmp	return		<RETURN>	/undefined4	EAX:4	DEFAULT		0	0	no_evidence		-
00403F12	thunk_FUN_005f13c0	return		<RETURN>	/undefined4	EAX:4	DEFAULT		0	0	no_evidence		-
00403F17	HelpPanelTy::DrawWeapon	return		<RETURN>	/undefined4	EAX:4	DEFAULT		0	0	no_evidence		-
00403F1C	thunk_FUN_004ab300	return		<RETURN>	/undefined	<UNASSIGNED>	DEFAULT		0	0	no_evidence		-
00403F21	thunk_FUN_00697af0	return		<RETURN>	/undefined4	EAX:4	DEFAULT		0	0	no_evidence		-
00403F30	thunk_FUN_0067f0f0	return		<RETURN>	/undefined4	EAX:4	DEFAULT		0	0	no_evidence		-
00403F35	STVolcanoC::sub_00646D40	return		<RETURN>	/undefined	<UNASSIGNED>	DEFAULT		0	0	no_evidence		-
00403F3A	STExplosion::sub_00604120	return		<RETURN>	/undefined	<UNASSIGNED>	DEFAULT		0	0	no_evidence		-
00403F49	thunk_FUN_004ddcc0	return		<RETURN>	/undefined4	EAX:4	DEFAULT		0	0	no_evidence		-
00403F4E	thunk_FUN_0065ef70	return		<RETURN>	/undefined4	EAX:4	DEFAULT		0	0	no_evidence		-
00403F58	thunk_FUN_00423320	parameter	1	param_1	/undefined4	Stack[0x4]:4	DEFAULT		0	0	no_evidence		-
00403F58	thunk_FUN_00423320	return		<RETURN>	/undefined	<UNASSIGNED>	DEFAULT		0	0	no_evidence		-
00403F5D	thunk_FUN_005ec640	return		<RETURN>	/undefined	<UNASSIGNED>	DEFAULT		0	0	no_evidence		-
00403F62	thunk_FUN_004ecdd0	return		<RETURN>	/undefined	<UNASSIGNED>	DEFAULT		0	0	no_evidence		-
00403F67	thunk_FUN_0056a840	return		<RETURN>	/undefined	<UNASSIGNED>	DEFAULT		0	0	no_evidence		-
00403F6C	thunk_FUN_00660620	parameter	1	param_2	/undefined4	EDX:4	DEFAULT		0	0	no_evidence		-
00403F6C	thunk_FUN_00660620	return		<RETURN>	/undefined4	EAX:4	DEFAULT		0	0	no_evidence		-
00403F76	thunk_FUN_00581120	parameter	0	param_1	/undefined4	Stack[0x4]:4	DEFAULT		0	0	no_evidence		-
00403F76	thunk_FUN_00581120	parameter	1	param_2	/undefined4	Stack[0x8]:4	DEFAULT		0	0	no_evidence		-
00403F76	thunk_FUN_00581120	parameter	2	param_3	/undefined4	Stack[0xc]:4	DEFAULT		0	0	no_evidence		-
00403F76	thunk_FUN_00581120	parameter	3	param_4	/undefined4	Stack[0x10]:4	DEFAULT		0	0	no_evidence		-
00403F76	thunk_FUN_00581120	parameter	4	param_5	/undefined4	Stack[0x14]:4	DEFAULT		0	0	no_evidence		-
00403F76	thunk_FUN_00581120	parameter	5	param_6	/undefined4	Stack[0x18]:4	DEFAULT		0	0	no_evidence		-
00403F76	thunk_FUN_00581120	parameter	6	param_7	/undefined4	Stack[0x1c]:4	DEFAULT		0	0	no_evidence		-
00403F76	thunk_FUN_00581120	return		<RETURN>	/undefined4	EAX:4	DEFAULT		0	0	no_evidence		-
00403F80	STGroupBoatC::ReMakePatrolPoints	return		<RETURN>	/undefined	<UNASSIGNED>	DEFAULT		0	0	no_evidence		-
00403F8A	thunk_FUN_005f9f70	return		<RETURN>	/undefined	<UNASSIGNED>	DEFAULT		0	0	no_evidence		-
00403F94	TLOBaseTy::SetActivity	return		<RETURN>	/undefined	<UNASSIGNED>	DEFAULT		0	0	no_evidence		-
00403F99	thunk_FUN_00681e60	return		<RETURN>	/undefined4	EAX:4	DEFAULT		0	0	no_evidence		-
00403F9E	thunk_FUN_0064fce0	return		<RETURN>	/undefined4	EAX:4	DEFAULT		0	0	no_evidence		-
00403FA3	CreateInterSystem	return		<RETURN>	/undefined	<UNASSIGNED>	DEFAULT		0	0	no_evidence		-
00403FA8	MMsgTy::SetMessage	return		<RETURN>	/undefined4	EAX:4	DEFAULT		0	0	no_evidence		-
00403FAD	FSGSTy::NewGameCtrls	return		<RETURN>	/undefined	<UNASSIGNED>	DEFAULT		0	0	no_evidence		-
00403FB7	SettMapTy::DoneSettMap	return		<RETURN>	/undefined	<UNASSIGNED>	DEFAULT		0	0	no_evidence		-
00403FC6	thunk_FUN_005ecd70	parameter	6	param_6	/undefined4	Stack[0x18]:4	DEFAULT		0	0	no_evidence		-
00403FC6	thunk_FUN_005ecd70	return		<RETURN>	/undefined4	EAX:4	DEFAULT		0	0	no_evidence		-
00403FD0	thunk_FUN_00416350	return		<RETURN>	/undefined1	AL:1	DEFAULT		0	0	no_evidence		-
00403FD5	thunk_FUN_00580f50	return		<RETURN>	/undefined	<UNASSIGNED>	DEFAULT		0	0	no_evidence		-
00403FE4	thunk_FUN_0060bdd0	return		<RETURN>	/undefined4	EAX:4	DEFAULT		0	0	no_evidence		-
00403FE9	thunk_FUN_0052a770	return		<RETURN>	/undefined4	EAX:4	DEFAULT		0	0	no_evidence		-
00403FEE	thunk_FUN_00501d00	return		<RETURN>	/undefined	<UNASSIGNED>	DEFAULT		0	0	no_evidence		-
00403FF8	thunk_FUN_00681280	return		<RETURN>	/undefined4	EAX:4	DEFAULT		0	0	no_evidence		-
00403FFD	thunk_FUN_005ed1c0	return		<RETURN>	/undefined4	EAX:4	DEFAULT		0	0	no_evidence		-
00404007	CGenerate::sub_006964F0	return		<RETURN>	/undefined	<UNASSIGNED>	DEFAULT		0	0	no_evidence		-
0040400C	thunk_FUN_006945c0	return		<RETURN>	/undefined	<UNASSIGNED>	DEFAULT		0	0	no_evidence		-
00404011	CursorClassTy::DelOpticAcc	return		<RETURN>	/undefined	<UNASSIGNED>	DEFAULT		0	0	no_evidence		-
00404016	SAMPanelTy::ShiftControls	return		<RETURN>	/undefined	<UNASSIGNED>	DEFAULT		0	0	no_evidence		-
0040401B	thunk_FUN_0061e770	return		<RETURN>	/undefined	<UNASSIGNED>	DEFAULT		0	0	no_evidence		-
00404020	thunk_FUN_0067fb40	return		<RETURN>	/undefined	<UNASSIGNED>	DEFAULT		0	0	no_evidence		-
0040402A	CPanelTy::OutProc	parameter	2	param_2	/undefined4	Stack[0x8]:4	DEFAULT		0	0	no_evidence		-
0040402A	CPanelTy::OutProc	parameter	3	param_3	/undefined4	Stack[0xc]:4	DEFAULT		0	0	no_evidence		-
0040402A	CPanelTy::OutProc	parameter	6	param_6	/undefined4	Stack[0x18]:4	DEFAULT		0	0	no_evidence		-
0040402A	CPanelTy::OutProc	parameter	7	param_7	/undefined4	Stack[0x1c]:4	DEFAULT		0	0	no_evidence		-
0040402A	CPanelTy::OutProc	return		<RETURN>	/undefined	<UNASSIGNED>	DEFAULT		0	0	no_evidence		-
0040402F	thunk_FUN_00575460	return		<RETURN>	/undefined	<UNASSIGNED>	DEFAULT		0	0	no_evidence		-
00404034	VisibleClassTy::VisHoleExec	return		<RETURN>	/undefined	<UNASSIGNED>	DEFAULT		0	0	no_evidence		-
00404043	thunk_FUN_00589970	return		<RETURN>	/undefined	<UNASSIGNED>	DEFAULT		0	0	no_evidence		-
00404048	thunk_FUN_004da390	return		<RETURN>	/undefined4	EAX:4	DEFAULT		0	0	no_evidence		-
0040404D	thunk_FUN_004b7aa0	return		<RETURN>	/undefined4	EAX:4	DEFAULT		0	0	no_evidence		-
00404052	thunk_FUN_00601db0	return		<RETURN>	/undefined4	EAX:4	DEFAULT		0	0	no_evidence		-
00404057	thunk_FUN_0055d410	return		<RETURN>	/undefined	<UNASSIGNED>	DEFAULT		0	0	no_evidence		-
00404061	TLOEmbryoTy::sub_004D10A0	return		<RETURN>	/undefined4	EAX:4	DEFAULT		0	0	no_evidence		-
00404066	thunk_FUN_006a3840	parameter	6	param_7	/undefined4	Stack[0x1c]:4	DEFAULT		0	0	no_evidence		-
00404066	thunk_FUN_006a3840	return		<RETURN>	/undefined4	EAX:4	DEFAULT		0	0	no_evidence		-
0040406B	thunk_FUN_00492550	return		<RETURN>	/undefined4	EAX:4	DEFAULT		0	0	no_evidence		-
00404070	thunk_FUN_005f9050	return		<RETURN>	/undefined4	EAX:4	DEFAULT		0	0	no_evidence		-
0040407F	StartSystemTy::OutBmpProc	parameter	2	param_2	/undefined4	Stack[0x8]:4	DEFAULT		0	0	no_evidence		-
0040407F	StartSystemTy::OutBmpProc	parameter	3	param_3	/undefined4	Stack[0xc]:4	DEFAULT		0	0	no_evidence		-
0040407F	StartSystemTy::OutBmpProc	parameter	6	param_6	/undefined4	Stack[0x18]:4	DEFAULT		0	0	no_evidence		-
0040407F	StartSystemTy::OutBmpProc	parameter	7	param_7	/undefined4	Stack[0x1c]:4	DEFAULT		0	0	no_evidence		-
0040407F	StartSystemTy::OutBmpProc	return		<RETURN>	/undefined	<UNASSIGNED>	DEFAULT		0	0	no_evidence		-
00404084	ChooseMapTy::sub_005AE950	return		<RETURN>	/undefined	<UNASSIGNED>	DEFAULT		0	0	no_evidence		-
00404089	thunk_FUN_00636750	return		<RETURN>	/undefined	<UNASSIGNED>	DEFAULT		0	0	no_evidence		-
00404093	STMineSetC::sub_00627400	parameter	1	param_1	/undefined4	Stack[0x4]:4	DEFAULT		0	0	no_evidence		-
00404093	STMineSetC::sub_00627400	return		<RETURN>	/undefined4	EAX:4	DEFAULT		0	0	no_evidence		-
00404098	STAllPlayersC::AddObjToTmp	return		<RETURN>	/undefined4	EAX:4	DEFAULT		0	0	no_evidence		-
004040A7	VisibleClassTy::sub_0055AD00	parameter	3	param_3	/undefined4	Stack[0xc]:4	DEFAULT		0	0	no_evidence		-
004040A7	VisibleClassTy::sub_0055AD00	return		<RETURN>	/undefined4	EAX:4	DEFAULT		0	0	no_evidence		-
004040B1	InfocPanelTy::InitInfocPanel	return		<RETURN>	/undefined	<UNASSIGNED>	DEFAULT		0	0	no_evidence		-
004040B6	thunk_FUN_0048dcc0	return		<RETURN>	/undefined	<UNASSIGNED>	DEFAULT		0	0	no_evidence		-
004040C0	thunk_FUN_005ef490	return		<RETURN>	/undefined	<UNASSIGNED>	DEFAULT		0	0	no_evidence		-
004040CA	TraksClassTy::TraksExec	return		<RETURN>	/undefined	<UNASSIGNED>	DEFAULT		0	0	no_evidence		-
004040D4	thunk_FUN_004cbad0	return		<RETURN>	/undefined4	EAX:4	DEFAULT		0	0	no_evidence		-
004040E3	thunk_FUN_00638ca0	return		<RETURN>	/undefined4	EAX:4	DEFAULT		0	0	no_evidence		-
004040ED	BehPanelTy::ShiftControls	return		<RETURN>	/undefined	<UNASSIGNED>	DEFAULT		0	0	no_evidence		-
004040F2	AiTactClassTy::GiveObjByFltType	return		<RETURN>	/undefined	<UNASSIGNED>	DEFAULT		0	0	no_evidence		-
004040F7	PopUpTy::Clear	return		<RETURN>	/undefined	<UNASSIGNED>	DEFAULT		0	0	no_evidence		-
00404101	TLOBaseTy::sub_004CAFC0	return		<RETURN>	/undefined	<UNASSIGNED>	DEFAULT		0	0	no_evidence		-
00404115	thunk_FUN_005f0410	return		<RETURN>	/undefined	<UNASSIGNED>	DEFAULT		0	0	no_evidence		-
00404129	thunk_FUN_004f0a60	return		<RETURN>	/undefined	<UNASSIGNED>	DEFAULT		0	0	no_evidence		-
00404133	thunk_FUN_005faff0	return		<RETURN>	/undefined	<UNASSIGNED>	DEFAULT		0	0	no_evidence		-
00404138	thunk_FUN_004c2950	return		<RETURN>	/undefined	<UNASSIGNED>	DEFAULT		0	0	no_evidence		-
00404142	_EnumRCField	parameter	8	param_9	/undefined4	Stack[0x24]:4	DEFAULT		0	0	no_evidence		-
00404147	STMineSetC::sub_00622670	return		<RETURN>	/undefined	<UNASSIGNED>	DEFAULT		0	0	no_evidence		-
00404151	thunk_FUN_005f9e40	return		<RETURN>	/undefined	<UNASSIGNED>	DEFAULT		0	0	no_evidence		-
0040415B	CPanelTy::UpdateStackPanel	return		<RETURN>	/undefined	<UNASSIGNED>	DEFAULT		0	0	no_evidence		-
0040416F	thunk_FUN_0055d4c0	return		<RETURN>	/undefined	<UNASSIGNED>	DEFAULT		0	0	no_evidence		-
00404174	thunk_FUN_0064e780	return		<RETURN>	/undefined4	EAX:4	DEFAULT		0	0	no_evidence		-
00404179	STDestC::sub_00602660	return		<RETURN>	/undefined4	EAX:4	DEFAULT		0	0	no_evidence		-
0040417E	ChooseMapTy::DoneChooseMap	return		<RETURN>	/undefined	<UNASSIGNED>	DEFAULT		0	0	no_evidence		-
00404183	STT3DSprC::LoadSequence	return		<RETURN>	/undefined4	EAX:4	DEFAULT		0	0	no_evidence		-
00404188	WaitTy::InitWait	parameter	1	param_1	/undefined4	Stack[0x4]:4	DEFAULT		0	0	no_evidence		-
00404188	WaitTy::InitWait	parameter	2	param_2	/undefined4	Stack[0x8]:4	DEFAULT		0	0	no_evidence		-
00404188	WaitTy::InitWait	return		<RETURN>	/undefined	<UNASSIGNED>	DEFAULT		0	0	no_evidence		-
00404192	thunk_FUN_0041d3e0	return		<RETURN>	/undefined	<UNASSIGNED>	DEFAULT		0	0	no_evidence		-
00404197	thunk_FUN_006765b0	return		<RETURN>	/undefined	<UNASSIGNED>	DEFAULT		0	0	no_evidence		-
004041B0	MTaskTy::OutGlassATxtProc	parameter	3	param_3	/undefined4	Stack[0xc]:4	DEFAULT		0	0	no_evidence		-
004041B0	MTaskTy::OutGlassATxtProc	parameter	6	param_6	/undefined4	Stack[0x18]:4	DEFAULT		0	0	no_evidence		-
004041B0	MTaskTy::OutGlassATxtProc	parameter	7	param_7	/undefined4	Stack[0x1c]:4	DEFAULT		0	0	no_evidence		-
004041B0	MTaskTy::OutGlassATxtProc	return		<RETURN>	/undefined	<UNASSIGNED>	DEFAULT		0	0	no_evidence		-
004041BA	CPanelTy::SetButStruct	parameter	3	param_3	/undefined4	Stack[0xc]:4	DEFAULT		0	0	no_evidence		-
004041BA	CPanelTy::SetButStruct	parameter	10	param_10	/undefined4	Stack[0x28]:4	DEFAULT		0	0	no_evidence		-
004041BF	thunk_FUN_0065dc00	parameter	1	param_2	/undefined4	EDX:4	DEFAULT		0	0	no_evidence		-
004041C9	thunk_FUN_00566e70	parameter	1	param_1	/undefined4	Stack[0x4]:4	DEFAULT		0	0	no_evidence		-
004041C9	thunk_FUN_00566e70	return		<RETURN>	/undefined	<UNASSIGNED>	DEFAULT		0	0	no_evidence		-
004041CE	thunk_FUN_0044e1f0	return		<RETURN>	/undefined2	AX:2	DEFAULT		0	0	no_evidence		-
004041EC	thunk_FUN_00683220	return		<RETURN>	/undefined	<UNASSIGNED>	DEFAULT		0	0	no_evidence		-
004041F6	TLOEmbryoTy::sub_00419CF0	parameter	1	param_2	/undefined4	EDX:4	DEFAULT		0	0	no_evidence		-
004041FB	thunk_FUN_00647b40	return		<RETURN>	/undefined	<UNASSIGNED>	DEFAULT		0	0	no_evidence		-
0040420A	thunk_FUN_006a2920	parameter	6	param_7	/undefined4	Stack[0x1c]:4	DEFAULT		0	0	no_evidence		-
0040420A	thunk_FUN_006a2920	return		<RETURN>	/undefined	<UNASSIGNED>	DEFAULT		0	0	no_evidence		-
0040420F	thunk_FUN_0052a320	return		<RETURN>	/undefined4	EAX:4	DEFAULT		0	0	no_evidence		-
00404219	thunk_FUN_004e8f90	return		<RETURN>	/undefined4	EAX:4	DEFAULT		0	0	no_evidence		-
0040421E	thunk_FUN_004e5af0	return		<RETURN>	/undefined	<UNASSIGNED>	DEFAULT		0	0	no_evidence		-
0040422D	STPlaySystemC::SetCtrlCmd	parameter	1	param_1	/undefined1	Stack[0x4]:1	DEFAULT		0	0	no_evidence		-
0040422D	STPlaySystemC::SetCtrlCmd	return		<RETURN>	/undefined	<UNASSIGNED>	DEFAULT		0	0	no_evidence		-
00404232	thunk_FUN_00419db0	return		<RETURN>	/undefined	<UNASSIGNED>	DEFAULT		0	0	no_evidence		-
00404237	thunk_FUN_00682850	return		<RETURN>	/undefined	<UNASSIGNED>	DEFAULT		0	0	no_evidence		-
00404241	ProdPanelTy::InitProdPanel	parameter	3	param_3	/undefined4	Stack[0xc]:4	DEFAULT		0	0	no_evidence		-
00404241	ProdPanelTy::InitProdPanel	parameter	14	text	/undefined4	Stack[0x38]:4	ANALYSIS		0	0	no_evidence		-
0040424B	thunk_FUN_00490ca0	return		<RETURN>	/undefined	<UNASSIGNED>	DEFAULT		0	0	no_evidence		-
00404250	thunk_FUN_00604820	return		<RETURN>	/undefined	<UNASSIGNED>	DEFAULT		0	0	no_evidence		-
0040425F	PlayPanelTy::SetPanel	return		<RETURN>	/undefined4	EAX:4	DEFAULT		0	0	no_evidence		-
00404264	STT3DSprC::StopShow	return		<RETURN>	/undefined4	EAX:4	DEFAULT		0	0	no_evidence		-
00404269	FSGSTy::AddPlayer	return		<RETURN>	/undefined	<UNASSIGNED>	DEFAULT		0	0	no_evidence		-
0040426E	thunk_FUN_00650f50	return		<RETURN>	/undefined4	EAX:4	DEFAULT		0	0	no_evidence		-
0040427D	FSGSTy::DeleteCtrls	return		<RETURN>	/undefined	<UNASSIGNED>	DEFAULT		0	0	no_evidence		-
00404282	thunk_FUN_006a21f0	parameter	6	param_7	/undefined4	Stack[0x1c]:4	DEFAULT		0	0	no_evidence		-
00404282	thunk_FUN_006a21f0	return		<RETURN>	/undefined4	EAX:4	DEFAULT		0	0	no_evidence		-
00404287	thunk_FUN_006904d0	parameter	2	param_2	/undefined4	Stack[0x8]:4	DEFAULT		0	0	no_evidence		-
00404291	VisibleClassTy::sub_00559D60	return		<RETURN>	/undefined	<UNASSIGNED>	DEFAULT		0	0	no_evidence		-
00404296	PlayPanelTy::DonePlayPanel	return		<RETURN>	/undefined	<UNASSIGNED>	DEFAULT		0	0	no_evidence		-
0040429B	PrividerTy::NonePrivider	return		<RETURN>	/undefined	<UNASSIGNED>	DEFAULT		0	0	no_evidence		-
004042A5	thunk_FUN_005defe0	return		<RETURN>	/undefined	<UNASSIGNED>	DEFAULT		0	0	no_evidence		-
004042AF	thunk_FUN_004ac910	return		<RETURN>	/undefined4	EAX:4	DEFAULT		0	0	no_evidence		-
004042B4	ChooseMapTy::ShowDescription	return		<RETURN>	/undefined	<UNASSIGNED>	DEFAULT		0	0	no_evidence		-
004042B9	thunk_FUN_00572920	return		<RETURN>	/undefined4	EAX:4	DEFAULT		0	0	no_evidence		-
004042BE	BehPanelTy::PaintBBut	return		<RETURN>	/undefined	<UNASSIGNED>	DEFAULT		0	0	no_evidence		-
004042C8	STGameObjC::SetSelfCheckFlag	return		<RETURN>	/undefined	<UNASSIGNED>	DEFAULT		0	0	no_evidence		-
004042D7	thunk_FUN_006830f0	return		<RETURN>	/undefined4	EAX:4	DEFAULT		0	0	no_evidence		-
004042DC	thunk_FUN_004d5470	return		<RETURN>	/undefined4	EAX:4	DEFAULT		0	0	no_evidence		-
004042E1	thunk_FUN_00627e80	return		<RETURN>	/undefined	<UNASSIGNED>	DEFAULT		0	0	no_evidence		-
004042EB	thunk_FUN_00614400	return		<RETURN>	/undefined	<UNASSIGNED>	DEFAULT		0	0	no_evidence		-
004042FF	thunk_FUN_005fcdc0	return		<RETURN>	/undefined	<UNASSIGNED>	DEFAULT		0	0	no_evidence		-
00404309	thunk_FUN_004e8230	return		<RETURN>	/undefined4	EAX:4	DEFAULT		0	0	no_evidence		-
0040430E	thunk_FUN_00695140	return		<RETURN>	/undefined	<UNASSIGNED>	DEFAULT		0	0	no_evidence		-
00404313	thunk_FUN_004aa6a0	return		<RETURN>	/undefined4	EAX:4	DEFAULT		0	0	no_evidence		-
00404318	SubmarineTitans::Recovered::HiddenThis::AnonReceiver_004167A0::thunk_FUN_00418030	return		<RETURN>	/undefined4	EAX:4	DEFAULT		0	0	no_evidence		-
0040431D	BldObjPanelTy::PaintBldBut	return		<RETURN>	/undefined	<UNASSIGNED>	DEFAULT		0	0	no_evidence		-
00404322	HelpPanelTy::sub_0051DA70	return		<RETURN>	/undefined	<UNASSIGNED>	DEFAULT		0	0	no_evidence		-
00404327	FrmPanelTy::Update	return		<RETURN>	/undefined	<UNASSIGNED>	DEFAULT		0	0	no_evidence		-
0040432C	thunk_FUN_0054cf70	return		<RETURN>	/undefined	<UNASSIGNED>	DEFAULT		0	0	no_evidence		-
00404331	thunk_FUN_0065e3b0	parameter	1	param_2	/undefined4	EDX:4	DEFAULT		0	0	no_evidence		-
0040433B	thunk_FUN_00637350	parameter	7	param_8	/undefined4	Stack[0x20]:4	DEFAULT		0	0	no_evidence		-
00404340	STGroupC::SetAVPar	return		<RETURN>	/undefined	<UNASSIGNED>	DEFAULT		0	0	no_evidence		-
0040434A	AiEventClassTy::_CreateMine	parameter	5	param_5	/undefined4	Stack[0x14]:4	DEFAULT		0	0	no_evidence		-
0040434A	AiEventClassTy::_CreateMine	parameter	8	param_8	/undefined4	Stack[0x20]:4	DEFAULT		0	0	no_evidence		-
0040434A	AiEventClassTy::_CreateMine	parameter	9	param_9	/undefined4	Stack[0x24]:4	DEFAULT		0	0	no_evidence		-
0040434F	PausePanelTy::InitPausePanel	return		<RETURN>	/undefined	<UNASSIGNED>	DEFAULT		0	0	no_evidence		-
00404354	thunk_FUN_006a0ef0	return		<RETURN>	/undefined4	EAX:4	DEFAULT		0	0	no_evidence		-
00404359	thunk_FUN_0067a390	return		<RETURN>	/undefined	<UNASSIGNED>	DEFAULT		0	0	no_evidence		-
00404363	SettMapMTy::PrepPlList	return		<RETURN>	/undefined	<UNASSIGNED>	DEFAULT		0	0	no_evidence		-
00404377	thunk_FUN_005ee670	return		<RETURN>	/undefined	<UNASSIGNED>	DEFAULT		0	0	no_evidence		-
0040437C	thunk_FUN_00580700	return		<RETURN>	/undefined	<UNASSIGNED>	DEFAULT		0	0	no_evidence		-
00404381	cLoadingTy::DrawLine	return		<RETURN>	/undefined	<UNASSIGNED>	DEFAULT		0	0	no_evidence		-
00404386	thunk_FUN_00664650	return		<RETURN>	/undefined4	EAX:4	DEFAULT		0	0	no_evidence		-
0040438B	SpecPanelTy::SwitchPanel	return		<RETURN>	/undefined	<UNASSIGNED>	DEFAULT		0	0	no_evidence		-
00404390	thunk_FUN_004e42e0	return		<RETURN>	/undefined	<UNASSIGNED>	DEFAULT		0	0	no_evidence		-
00404395	thunk_FUN_004d0f00	return		<RETURN>	/undefined4	EAX:4	DEFAULT		0	0	no_evidence		-
0040439A	thunk_FUN_0068fa00	return		<RETURN>	/undefined	<UNASSIGNED>	DEFAULT		0	0	no_evidence		-
0040439F	thunk_FUN_0057b990	parameter	0	param_1	/undefined4	Stack[0x4]:4	DEFAULT		0	0	no_evidence		-
0040439F	thunk_FUN_0057b990	parameter	1	param_2	/undefined4	Stack[0x8]:4	DEFAULT		0	0	no_evidence		-
0040439F	thunk_FUN_0057b990	parameter	4	param_5	/undefined2	Stack[0x14]:2	DEFAULT		0	0	no_evidence		-
0040439F	thunk_FUN_0057b990	parameter	5	param_6	/undefined4	Stack[0x18]:4	DEFAULT		0	0	no_evidence		-
0040439F	thunk_FUN_0057b990	parameter	6	param_7	/undefined4	Stack[0x1c]:4	DEFAULT		0	0	no_evidence		-
0040439F	thunk_FUN_0057b990	return		<RETURN>	/undefined	<UNASSIGNED>	DEFAULT		0	0	no_evidence		-
004043A4	thunk_FUN_00492b20	return		<RETURN>	/undefined4	EAX:4	DEFAULT		0	0	no_evidence		-
004043BD	thunk_FUN_0058d720	return		<RETURN>	/undefined	<UNASSIGNED>	DEFAULT		0	0	no_evidence		-
004043C7	CreateBaseSystem	return		<RETURN>	/undefined	<UNASSIGNED>	DEFAULT		0	0	no_evidence		-
004043CC	thunk_FUN_0063cc50	return		<RETURN>	/undefined4	EAX:4	DEFAULT		0	0	no_evidence		-
004043D1	thunk_FUN_005f0310	return		<RETURN>	/undefined	<UNASSIGNED>	DEFAULT		0	0	no_evidence		-
004043E5	thunk_FUN_00683120	return		<RETURN>	/undefined	<UNASSIGNED>	DEFAULT		0	0	no_evidence		-
004043F4	WaitTy::PaintWait	return		<RETURN>	/undefined	<UNASSIGNED>	DEFAULT		0	0	no_evidence		-
00404408	thunk_FUN_004dfb00	return		<RETURN>	/undefined4	EAX:4	DEFAULT		0	0	no_evidence		-
0040440D	STAllPlayersC::RegisterArtefact	return		<RETURN>	/undefined4	EAX:4	DEFAULT		0	0	no_evidence		-
0040441C	thunk_FUN_0062d2d0	parameter	4	param_4	/undefined4	Stack[0x10]:4	DEFAULT		0	0	no_evidence		-
0040441C	thunk_FUN_0062d2d0	return		<RETURN>	/undefined4	EAX:4	DEFAULT		0	0	no_evidence		-
00404421	FSGSTy::LadderCtrls	return		<RETURN>	/undefined	<UNASSIGNED>	DEFAULT		0	0	no_evidence		-
00404430	thunk_FUN_004ce720	return		<RETURN>	/undefined	<UNASSIGNED>	DEFAULT		0	0	no_evidence		-
00404435	thunk_FUN_0068f8f0	return		<RETURN>	/undefined4	EAX:4	DEFAULT		0	0	no_evidence		-
0040443F	thunk_FUN_0041af10	return		<RETURN>	/undefined	<UNASSIGNED>	DEFAULT		0	0	no_evidence		-
00404444	thunk_FUN_0041ad80	return		<RETURN>	/undefined	<UNASSIGNED>	DEFAULT		0	0	no_evidence		-
00404449	thunk_FUN_00580380	return		<RETURN>	/undefined	<UNASSIGNED>	DEFAULT		0	0	no_evidence		-
0040444E	DestroyBaseSystem	return		<RETURN>	/undefined	<UNASSIGNED>	DEFAULT		0	0	no_evidence		-
0040446C	thunk_FUN_00678580	parameter	0	param_1	/undefined4	Stack[0x4]:4	DEFAULT		0	0	no_evidence		-
0040446C	thunk_FUN_00678580	parameter	1	param_2	/undefined4	Stack[0x8]:4	DEFAULT		0	0	no_evidence		-
0040446C	thunk_FUN_00678580	parameter	2	param_3	/undefined4	Stack[0xc]:4	DEFAULT		0	0	no_evidence		-
0040446C	thunk_FUN_00678580	return		<RETURN>	/undefined4	EAX:4	DEFAULT		0	0	no_evidence		-
00404471	thunk_FUN_006820f0	return		<RETURN>	/undefined4	EAX:4	DEFAULT		0	0	no_evidence		-
00404476	thunk_FUN_005fd360	return		<RETURN>	/undefined	<UNASSIGNED>	DEFAULT		0	0	no_evidence		-
00404485	thunk_FUN_00682ec0	return		<RETURN>	/undefined	<UNASSIGNED>	DEFAULT		0	0	no_evidence		-
0040448A	thunk_FUN_0055ddf0	return		<RETURN>	/undefined	<UNASSIGNED>	DEFAULT		0	0	no_evidence		-
0040448F	thunk_FUN_004cba10	return		<RETURN>	/undefined4	EAX:4	DEFAULT		0	0	no_evidence		-
004044A3	thunk_FUN_00502330	return		<RETURN>	/undefined	<UNASSIGNED>	DEFAULT		0	0	no_evidence		-
004044AD	thunk_FUN_00497920	parameter	3	param_4	/undefined4	Stack[0x10]:4	DEFAULT		0	0	no_evidence		-
004044B2	thunk_FUN_005808e0	return		<RETURN>	/undefined	<UNASSIGNED>	DEFAULT		0	0	no_evidence		-
004044B7	thunk_FUN_004d6be0	return		<RETURN>	/undefined	<UNASSIGNED>	DEFAULT		0	0	no_evidence		-
004044BC	AiPlrClassTy::sub_00678FC0	return		<RETURN>	/undefined	<UNASSIGNED>	DEFAULT		0	0	no_evidence		-
004044C1	thunk_FUN_00651cd0	return		<RETURN>	/undefined4	EAX:4	DEFAULT		0	0	no_evidence		-
004044CB	thunk_FUN_006405f0	parameter	1	param_2	/undefined4	Stack[0x8]:4	DEFAULT		0	0	no_evidence		-
004044CB	thunk_FUN_006405f0	parameter	2	param_3	/undefined4	Stack[0xc]:4	DEFAULT		0	0	no_evidence		-
004044D0	WaitTy::NoneWait	return		<RETURN>	/undefined	<UNASSIGNED>	DEFAULT		0	0	no_evidence		-
004044DA	thunk_FUN_00635bf0	return		<RETURN>	/undefined4	EAX:4	DEFAULT		0	0	no_evidence		-
004044DF	thunk_FUN_004dd700	return		<RETURN>	/undefined4	EAX:4	DEFAULT		0	0	no_evidence		-
004044E4	thunk_FUN_0043e420	return		<RETURN>	/undefined	<UNASSIGNED>	DEFAULT		0	0	no_evidence		-
004044E9	thunk_FUN_005ebd80	return		<RETURN>	/undefined4	EAX:4	DEFAULT		0	0	no_evidence		-
004044F8	thunk_FUN_0060bd30	parameter	2	param_2	/undefined4	Stack[0x8]:4	DEFAULT		0	0	no_evidence		-
004044FD	FSGSTy::SetLadder	parameter	1	param_1	/undefined4	Stack[0x4]:4	DEFAULT		0	0	no_evidence		-
004044FD	FSGSTy::SetLadder	parameter	2	param_2	/undefined4	Stack[0x8]:4	DEFAULT		0	0	no_evidence		-
004044FD	FSGSTy::SetLadder	return		<RETURN>	/undefined	<UNASSIGNED>	DEFAULT		0	0	no_evidence		-
00404502	thunk_FUN_006503b0	return		<RETURN>	/undefined4	EAX:4	DEFAULT		0	0	no_evidence		-
00404507	thunk_FUN_004732d0	return		<RETURN>	/undefined	<UNASSIGNED>	DEFAULT		0	0	no_evidence		-
0040450C	Library::MSVCRT::thunk_FUN_006a49c0	return		<RETURN>	/undefined	<UNASSIGNED>	DEFAULT		0	0	no_evidence		-
0040451B	thunk_FUN_00660700	return		<RETURN>	/undefined4	EAX:4	DEFAULT		0	0	no_evidence		-
0040452A	CampaignTy::DoneCampaign	return		<RETURN>	/undefined	<UNASSIGNED>	DEFAULT		0	0	no_evidence		-
00404534	thunk_FUN_00619320	return		<RETURN>	/undefined	<UNASSIGNED>	DEFAULT		0	0	no_evidence		-
00404539	CampaignTy::NoneCampaign	return		<RETURN>	/undefined	<UNASSIGNED>	DEFAULT		0	0	no_evidence		-
00404548	thunk_FUN_0067ff00	return		<RETURN>	/undefined4	EAX:4	DEFAULT		0	0	no_evidence		-
0040454D	FSGSTy::InitFSGS	return		<RETURN>	/undefined	<UNASSIGNED>	DEFAULT		0	0	no_evidence		-
00404552	thunk_FUN_00571320	return		<RETURN>	/undefined	<UNASSIGNED>	DEFAULT		0	0	no_evidence		-
0040455C	STBoatC::PrepareForLoading	return		<RETURN>	/undefined	<UNASSIGNED>	DEFAULT		0	0	no_evidence		-
00404566	thunk_FUN_00615390	return		<RETURN>	/undefined	<UNASSIGNED>	DEFAULT		0	0	no_evidence		-
0040456B	thunk_FUN_00691650	parameter	0	param_1	/undefined4	Stack[0x4]:4	DEFAULT		0	0	no_evidence		-
0040456B	thunk_FUN_00691650	parameter	1	param_2	/undefined4	Stack[0x8]:4	DEFAULT		0	0	no_evidence		-
00404570	FSGSTy::ChatCtrls	return		<RETURN>	/undefined	<UNASSIGNED>	DEFAULT		0	0	no_evidence		-
0040457A	thunk_FUN_00631c20	parameter	4	param_4	/undefined4	Stack[0x10]:4	DEFAULT		0	0	no_evidence		-
0040457A	thunk_FUN_00631c20	parameter	5	param_5	/undefined4	Stack[0x14]:4	DEFAULT		0	0	no_evidence		-
0040457A	thunk_FUN_00631c20	parameter	6	param_6	/undefined4	Stack[0x18]:4	DEFAULT		0	0	no_evidence		-
0040457A	thunk_FUN_00631c20	return		<RETURN>	/undefined	<UNASSIGNED>	DEFAULT		0	0	no_evidence		-
00404584	FrmPanelTy::InitFrmPanel	return		<RETURN>	/undefined	<UNASSIGNED>	DEFAULT		0	0	no_evidence		-
00404589	GameSystemC::InitSystem	return		<RETURN>	/undefined4	EAX:4	DEFAULT		0	0	no_evidence		-
00404593	ChooseMapTy::CloseButtons	return		<RETURN>	/undefined	<UNASSIGNED>	DEFAULT		0	0	no_evidence		-
00404598	AiTactClassTy::ExecClaim	return		<RETURN>	/undefined	<UNASSIGNED>	DEFAULT		0	0	no_evidence		-
004045A2	thunk_FUN_004def50	return		<RETURN>	/undefined4	EAX:4	DEFAULT		0	0	no_evidence		-
004045AC	thunk_FUN_00416390	return		<RETURN>	/undefined4	EAX:4	DEFAULT		0	0	no_evidence		-
004045B1	thunk_FUN_00680ee0	return		<RETURN>	/undefined4	EAX:4	DEFAULT		0	0	no_evidence		-
004045B6	thunk_FUN_0041ade0	return		<RETURN>	/undefined	<UNASSIGNED>	DEFAULT		0	0	no_evidence		-
004045C0	thunk_FUN_004e5140	return		<RETURN>	/undefined	<UNASSIGNED>	DEFAULT		0	0	no_evidence		-
004045C5	thunk_FUN_00423e30	return		<RETURN>	/undefined	<UNASSIGNED>	DEFAULT		0	0	no_evidence		-
004045CA	CGenerate::CreateMap	return		<RETURN>	/undefined4	EAX:4	DEFAULT		0	0	no_evidence		-
004045CF	thunk_FUN_00423200	return		<RETURN>	/undefined	<UNASSIGNED>	DEFAULT		0	0	no_evidence		-
004045D9	STT3DSprC::sub_004AD3C0	return		<RETURN>	/undefined	<UNASSIGNED>	DEFAULT		0	0	no_evidence		-
004045DE	thunk_FUN_0041c340	return		<RETURN>	/undefined	<UNASSIGNED>	DEFAULT		0	0	no_evidence		-
004045ED	thunk_FUN_00428e50	return		<RETURN>	/undefined	<UNASSIGNED>	DEFAULT		0	0	no_evidence		-
004045F2	STAppC::InitApp	parameter	2	param_2	/undefined4	Stack[0x8]:4	DEFAULT		0	0	no_evidence		-
004045F2	STAppC::InitApp	parameter	3	param_3	/undefined4	Stack[0xc]:4	DEFAULT		0	0	no_evidence		-
004045F2	STAppC::InitApp	return		<RETURN>	/undefined4	EAX:4	DEFAULT		0	0	no_evidence		-
00404601	thunk_FUN_004db0a0	return		<RETURN>	/undefined4	EAX:4	DEFAULT		0	0	no_evidence		-
0040460B	thunk_FUN_00424530	return		<RETURN>	/undefined	<UNASSIGNED>	DEFAULT		0	0	no_evidence		-
00404610	thunk_FUN_00600110	return		<RETURN>	/undefined	<UNASSIGNED>	DEFAULT		0	0	no_evidence		-
00404615	thunk_FUN_004d08c0	return		<RETURN>	/undefined4	EAX:4	DEFAULT		0	0	no_evidence		-
0040461A	STManRuinC::sub_00630AC0	return		<RETURN>	/undefined4	EAX:4	DEFAULT		0	0	no_evidence		-
00404624	thunk_FUN_0041adb0	return		<RETURN>	/undefined	<UNASSIGNED>	DEFAULT		0	0	no_evidence		-
0040462E	MMsgTy::HideSprites	return		<RETURN>	/undefined	<UNASSIGNED>	DEFAULT		0	0	no_evidence		-
00404633	thunk_FUN_00693710	return		<RETURN>	/undefined	<UNASSIGNED>	DEFAULT		0	0	no_evidence		-
00404638	cLoadingTy::sub_00555680	return		<RETURN>	/undefined	<UNASSIGNED>	DEFAULT		0	0	no_evidence		-
0040463D	thunk_FUN_0060ec00	return		<RETURN>	/undefined	<UNASSIGNED>	DEFAULT		0	0	no_evidence		-
00404642	thunk_FUN_0067ee70	return		<RETURN>	/undefined4	EAX:4	DEFAULT		0	0	no_evidence		-
00404647	STAllPlayersC::PointPick	return		<RETURN>	/undefined	<UNASSIGNED>	DEFAULT		0	0	no_evidence		-
0040464C	sub_0041C5A0	return		<RETURN>	/undefined	<UNASSIGNED>	DEFAULT		0	0	no_evidence		-
00404651	thunk_FUN_004ea7e0	return		<RETURN>	/undefined4	EAX:4	DEFAULT		0	0	no_evidence		-
0040466F	PausePanelTy::DonePausePanel	return		<RETURN>	/undefined	<UNASSIGNED>	DEFAULT		0	0	no_evidence		-
00404679	thunk_FUN_005f04b0	return		<RETURN>	/undefined	<UNASSIGNED>	DEFAULT		0	0	no_evidence		-
0040468D	thunk_FUN_00555880	return		<RETURN>	/undefined4	EAX:4	DEFAULT		0	0	no_evidence		-
00404692	thunk_FUN_0052a280	return		<RETURN>	/undefined4	EAX:4	DEFAULT		0	0	no_evidence		-
004046A6	thunk_FUN_0064ea10	return		<RETURN>	/undefined4	EAX:4	DEFAULT		0	0	no_evidence		-
004046AB	STJumpMineC::sub_0061B340	return		<RETURN>	/undefined4	EAX:4	DEFAULT		0	0	no_evidence		-
004046B0	thunk_FUN_00572ba0	return		<RETURN>	/undefined4	EAX:4	DEFAULT		0	0	no_evidence		-
004046B5	STParticleC::sub_00629830	return		<RETURN>	/undefined	<UNASSIGNED>	DEFAULT		0	0	no_evidence		-
004046BF	CPanelTy::PaintCtrlObj	return		<RETURN>	/undefined	<UNASSIGNED>	DEFAULT		0	0	no_evidence		-
004046C4	thunk_FUN_00602880	return		<RETURN>	/undefined	<UNASSIGNED>	DEFAULT		0	0	no_evidence		-
004046D3	thunk_FUN_00651c60	return		<RETURN>	/undefined4	EAX:4	DEFAULT		0	0	no_evidence		-
004046D8	cLoadingTy::InitParam	parameter	5	param_5	/undefined4	Stack[0x14]:4	DEFAULT		0	0	no_evidence		-
004046D8	cLoadingTy::InitParam	return		<RETURN>	/undefined	<UNASSIGNED>	DEFAULT		0	0	no_evidence		-
004046E2	AiTactClassTy::HelpOrganize	return		<RETURN>	/undefined	<UNASSIGNED>	DEFAULT		0	0	no_evidence		-
004046EC	TradePanelTy::Update	return		<RETURN>	/undefined	<UNASSIGNED>	DEFAULT		0	0	no_evidence		-
004046F1	thunk_FUN_005412b0	return		<RETURN>	/undefined	<UNASSIGNED>	DEFAULT		0	0	no_evidence		-
004046F6	thunk_FUN_004e82b0	return		<RETURN>	/undefined	<UNASSIGNED>	DEFAULT		0	0	no_evidence		-
004046FB	thunk_FUN_0067ff50	return		<RETURN>	/undefined4	EAX:4	DEFAULT		0	0	no_evidence		-
00404705	thunk_FUN_006775e0	parameter	0	param_1	/undefined4	Stack[0x4]:4	DEFAULT		0	0	no_evidence		-
0040470F	thunk_FUN_006042d0	parameter	1	param_1	/undefined4	Stack[0x4]:4	DEFAULT		0	0	no_evidence		-
0040470F	thunk_FUN_006042d0	return		<RETURN>	/undefined	<UNASSIGNED>	DEFAULT		0	0	no_evidence		-
00404719	thunk_FUN_0062f940	return		<RETURN>	/undefined	<UNASSIGNED>	DEFAULT		0	0	no_evidence		-
00404723	thunk_FUN_005f03f0	return		<RETURN>	/undefined	<UNASSIGNED>	DEFAULT		0	0	no_evidence		-
00404728	thunk_FUN_0062f6c0	return		<RETURN>	/undefined4	EAX:4	DEFAULT		0	0	no_evidence		-
0040472D	STGroupBoatC::ChangeMDNotify	return		<RETURN>	/undefined	<UNASSIGNED>	DEFAULT		0	0	no_evidence		-
00404732	thunk_FUN_006508c0	return		<RETURN>	/undefined4	EAX:4	DEFAULT		0	0	no_evidence		-
0040473C	STBHEShellC::sub_005F3BF0	parameter	3	param_3	/undefined4	Stack[0xc]:4	DEFAULT		0	0	no_evidence		-
0040473C	STBHEShellC::sub_005F3BF0	return		<RETURN>	/undefined4	EAX:4	DEFAULT		0	0	no_evidence		-
00404741	AiTactClassTy::InitDistrObj	return		<RETURN>	/undefined	<UNASSIGNED>	DEFAULT		0	0	no_evidence		-
00404746	thunk_FUN_00555600	parameter	0	param_1	/undefined4	Stack[0x4]:4	DEFAULT		0	0	no_evidence		-
00404746	thunk_FUN_00555600	return		<RETURN>	/undefined	<UNASSIGNED>	DEFAULT		0	0	no_evidence		-
0040474B	thunk_FUN_00541f60	return		<RETURN>	/undefined	<UNASSIGNED>	DEFAULT		0	0	no_evidence		-
0040475F	thunk_FUN_004cf410	return		<RETURN>	/undefined4	EAX:4	DEFAULT		0	0	no_evidence		-
0040476E	thunk_FUN_004ce670	return		<RETURN>	/undefined4	EAX:4	DEFAULT		0	0	no_evidence		-
00404773	thunk_FUN_00680b50	return		<RETURN>	/undefined4	EAX:4	DEFAULT		0	0	no_evidence		-
00404778	AiFltClassTy::sub_00664960	return		<RETURN>	/undefined	<UNASSIGNED>	DEFAULT		0	0	no_evidence		-
0040477D	STContainerC::sub_005FC3E0	return		<RETURN>	/undefined	<UNASSIGNED>	DEFAULT		0	0	no_evidence		-
00404787	thunk_FUN_004795e0	return		<RETURN>	/undefined	<UNASSIGNED>	DEFAULT		0	0	no_evidence		-
00404791	thunk_FUN_004d9fe0	return		<RETURN>	/undefined4	EAX:4	DEFAULT		0	0	no_evidence		-
0040479B	thunk_FUN_0060d390	return		<RETURN>	/undefined	<UNASSIGNED>	DEFAULT		0	0	no_evidence		-
004047A0	STExplosion::sub_00605130	return		<RETURN>	/undefined	<UNASSIGNED>	DEFAULT		0	0	no_evidence		-
004047AF	thunk_FUN_00615860	return		<RETURN>	/undefined4	EAX:4	DEFAULT		0	0	no_evidence		-
004047BE	thunk_FUN_0062f0d0	return		<RETURN>	/undefined	<UNASSIGNED>	DEFAULT		0	0	no_evidence		-
004047CD	thunk_FUN_00650240	return		<RETURN>	/undefined4	EAX:4	DEFAULT		0	0	no_evidence		-
004047D7	thunk_FUN_00621300	return		<RETURN>	/undefined4	EAX:4	DEFAULT		0	0	no_evidence		-
004047E1	thunk_FUN_0064e260	parameter	0	param_1	/undefined4	Stack[0x4]:4	DEFAULT		0	0	no_evidence		-
004047E1	thunk_FUN_0064e260	parameter	1	param_2	/undefined4	Stack[0x8]:4	DEFAULT		0	0	no_evidence		-
004047E6	thunk_FUN_0069f5c0	return		<RETURN>	/undefined	<UNASSIGNED>	DEFAULT		0	0	no_evidence		-
004047EB	thunk_FUN_0065e450	parameter	1	param_2	/undefined4	EDX:4	DEFAULT		0	0	no_evidence		-
004047F0	thunk_FUN_006a4910	return		<RETURN>	/undefined	<UNASSIGNED>	DEFAULT		0	0	no_evidence		-
004047F5	thunk_FUN_00683040	return		<RETURN>	/undefined	<UNASSIGNED>	DEFAULT		0	0	no_evidence		-
004047FA	thunk_FUN_004ec2a0	return		<RETURN>	/undefined4	EAX:4	DEFAULT		0	0	no_evidence		-
004047FF	CPanelTy::OutProc	parameter	2	param_2	/undefined4	Stack[0x8]:4	DEFAULT		0	0	no_evidence		-
004047FF	CPanelTy::OutProc	parameter	3	param_3	/undefined4	Stack[0xc]:4	DEFAULT		0	0	no_evidence		-
004047FF	CPanelTy::OutProc	parameter	6	param_6	/undefined4	Stack[0x18]:4	DEFAULT		0	0	no_evidence		-
004047FF	CPanelTy::OutProc	parameter	7	param_7	/undefined4	Stack[0x1c]:4	DEFAULT		0	0	no_evidence		-
004047FF	CPanelTy::OutProc	return		<RETURN>	/undefined	<UNASSIGNED>	DEFAULT		0	0	no_evidence		-
00404804	STBHEShellC::sub_005F53A0	return		<RETURN>	/undefined	<UNASSIGNED>	DEFAULT		0	0	no_evidence		-
00404809	SettMapMTy::InitSettMap	return		<RETURN>	/undefined	<UNASSIGNED>	DEFAULT		0	0	no_evidence		-
0040480E	STBoatC::Bring	return		<RETURN>	/undefined4	EAX:4	DEFAULT		0	0	no_evidence		-
00404813	STBoatC::SetMine	parameter	2	param_2	/undefined4	Stack[0x8]:4	DEFAULT		0	0	no_evidence		-
00404818	TLOBldMark::sub_004C6440	return		<RETURN>	/undefined4	EAX:4	DEFAULT		0	0	no_evidence		-
0040481D	thunk_FUN_004dff30	return		<RETURN>	/undefined4	EAX:4	DEFAULT		0	0	no_evidence		-
00404822	CGenerate::sub_006A09F0	return		<RETURN>	/undefined	<UNASSIGNED>	DEFAULT		0	0	no_evidence		-
00404831	thunk_FUN_0055bdd0	return		<RETURN>	/undefined	<UNASSIGNED>	DEFAULT		0	0	no_evidence		-
00404836	thunk_FUN_00646d00	return		<RETURN>	/undefined	<UNASSIGNED>	DEFAULT		0	0	no_evidence		-
0040484A	thunk_FUN_004b1040	parameter	8	param_9	/undefined4	Stack[0x24]:4	DEFAULT		0	0	no_evidence		-
0040484A	thunk_FUN_004b1040	parameter	9	param_10	/undefined4	Stack[0x28]:4	DEFAULT		0	0	no_evidence		-
0040484A	thunk_FUN_004b1040	return		<RETURN>	/undefined	<UNASSIGNED>	DEFAULT		0	0	no_evidence		-
00404854	thunk_FUN_004ad0e0	return		<RETURN>	/undefined	<UNASSIGNED>	DEFAULT		0	0	no_evidence		-
00404859	STGroupBoatC::GrpRepare	return		<RETURN>	/undefined4	EAX:4	DEFAULT		0	0	no_evidence		-
00404868	thunk_FUN_00627200	parameter	1	param_1	/undefined4	Stack[0x4]:4	DEFAULT		0	0	no_evidence		-
00404868	thunk_FUN_00627200	return		<RETURN>	/undefined4	EAX:4	DEFAULT		0	0	no_evidence		-
00404872	thunk_FUN_00626bc0	return		<RETURN>	/undefined	<UNASSIGNED>	DEFAULT		0	0	no_evidence		-
0040487C	thunk_FUN_004e0040	return		<RETURN>	/undefined4	EAX:4	DEFAULT		0	0	no_evidence		-
00404886	TLOBaseTy::sub_004EAA20	return		<RETURN>	/undefined4	EAX:4	DEFAULT		0	0	no_evidence		-
00404890	thunk_FUN_00650600	return		<RETURN>	/undefined4	EAX:4	DEFAULT		0	0	no_evidence		-
00404895	TLOBaseTy::sub_004CFA00	return		<RETURN>	/undefined	<UNASSIGNED>	DEFAULT		0	0	no_evidence		-
0040489F	thunk_FUN_00647d90	parameter	1	param_1	/undefined4	Stack[0x4]:4	DEFAULT		0	0	no_evidence		-
0040489F	thunk_FUN_00647d90	parameter	2	param_2	/undefined4	Stack[0x8]:4	DEFAULT		0	0	no_evidence		-
0040489F	thunk_FUN_00647d90	return		<RETURN>	/undefined	<UNASSIGNED>	DEFAULT		0	0	no_evidence		-
004048B8	TLOBaseTy::sub_004CBF30	return		<RETURN>	/undefined	<UNASSIGNED>	DEFAULT		0	0	no_evidence		-
004048C2	thunk_FUN_00428dc0	parameter	4	param_5	/undefined4	Stack[0x14]:4	DEFAULT		0	0	no_evidence		-
004048C2	thunk_FUN_00428dc0	return		<RETURN>	/undefined	<UNASSIGNED>	DEFAULT		0	0	no_evidence		-
004048D6	SettMapMTy::DoneSettMap	return		<RETURN>	/undefined	<UNASSIGNED>	DEFAULT		0	0	no_evidence		-
004048DB	thunk_FUN_004b7240	parameter	0	param_1	/undefined4	Stack[0x4]:4	DEFAULT		0	0	no_evidence		-
004048E5	thunk_FUN_00683590	return		<RETURN>	/undefined	<UNASSIGNED>	DEFAULT		0	0	no_evidence		-
004048EF	thunk_FUN_004b8c80	return		<RETURN>	/undefined4	EAX:4	DEFAULT		0	0	no_evidence		-
004048F4	TradePanelTy::PaintIndicators	return		<RETURN>	/undefined	<UNASSIGNED>	DEFAULT		0	0	no_evidence		-
004048F9	STGameObjC::MoveStep	return		<RETURN>	/undefined4	EAX:4	DEFAULT		0	0	no_evidence		-
004048FE	TraksClassTy::TraksCreateCollection	return		<RETURN>	/undefined4	EAX:4	DEFAULT		0	0	no_evidence		-
00404908	STBoatC::sub_0048DFD0	return		<RETURN>	/undefined4	EAX:4	DEFAULT		0	0	no_evidence		-
0040490D	STJumpMineC::sub_00619350	return		<RETURN>	/undefined	<UNASSIGNED>	DEFAULT		0	0	no_evidence		-
00404912	thunk_FUN_004d8190	return		<RETURN>	/undefined	<UNASSIGNED>	DEFAULT		0	0	no_evidence		-
0040491C	thunk_FUN_0067f260	return		<RETURN>	/undefined	<UNASSIGNED>	DEFAULT		0	0	no_evidence		-
00404926	thunk_FUN_004cc7f0	return		<RETURN>	/undefined4	EAX:4	DEFAULT		0	0	no_evidence		-
0040492B	STResourceC::sub_005802A0	parameter	1	param_1	/undefined4	Stack[0x4]:4	DEFAULT		0	0	no_evidence		-
0040492B	STResourceC::sub_005802A0	parameter	2	param_2	/undefined4	Stack[0x8]:4	DEFAULT		0	0	no_evidence		-
0040492B	STResourceC::sub_005802A0	return		<RETURN>	/undefined	<UNASSIGNED>	DEFAULT		0	0	no_evidence		-
00404930	thunk_FUN_00584d10	return		<RETURN>	/undefined	<UNASSIGNED>	DEFAULT		0	0	no_evidence		-
0040493F	thunk_FUN_00680040	return		<RETURN>	/undefined	<UNASSIGNED>	DEFAULT		0	0	no_evidence		-
00404953	thunk_FUN_00683560	return		<RETURN>	/undefined	<UNASSIGNED>	DEFAULT		0	0	no_evidence		-
00404958	thunk_FUN_006812d0	return		<RETURN>	/undefined4	EAX:4	DEFAULT		0	0	no_evidence		-
00404962	PlayPanelTy::InitPlayPanel	return		<RETURN>	/undefined	<UNASSIGNED>	DEFAULT		0	0	no_evidence		-
00404967	thunk_FUN_004137f0	return		<RETURN>	/undefined4	EAX:4	DEFAULT		0	0	no_evidence		-
0040496C	CGenerate::sub_006975F0	return		<RETURN>	/undefined	<UNASSIGNED>	DEFAULT		0	0	no_evidence		-
00404971	thunk_FUN_004e95c0	return		<RETURN>	/undefined4	EAX:4	DEFAULT		0	0	no_evidence		-
0040497B	thunk_FUN_004d76e0	return		<RETURN>	/undefined4	EAX:4	DEFAULT		0	0	no_evidence		-
00404980	thunk_FUN_006814a0	return		<RETURN>	/undefined4	EAX:4	DEFAULT		0	0	no_evidence		-
00404985	STGroupBoatC::ReMakePVecAndTgtList	return		<RETURN>	/undefined4	EAX:4	DEFAULT		0	0	no_evidence		-
0040498A	STT3DSprC::UnLoadSequence	return		<RETURN>	/undefined4	EAX:4	DEFAULT		0	0	no_evidence		-
0040498F	thunk_FUN_004e2040	return		<RETURN>	/undefined4	EAX:4	DEFAULT		0	0	no_evidence		-
00404994	thunk_FUN_0055c590	parameter	0	param_1	/undefined4	Stack[0x4]:4	DEFAULT		0	0	no_evidence		-
00404994	thunk_FUN_0055c590	return		<RETURN>	/undefined	<UNASSIGNED>	DEFAULT		0	0	no_evidence		-
00404999	thunk_FUN_004ad6c0	parameter	1	param_2	/undefined4	Stack[0x8]:4	DEFAULT		0	0	no_evidence		-
004049A8	thunk_FUN_00676c40	return		<RETURN>	/undefined	<UNASSIGNED>	DEFAULT		0	0	no_evidence		-
004049AD	thunk_FUN_004d8f80	return		<RETURN>	/undefined4	EAX:4	DEFAULT		0	0	no_evidence		-
004049BC	STManBasisC::sub_005F2330	return		<RETURN>	/undefined	<UNASSIGNED>	DEFAULT		0	0	no_evidence		-
004049C1	thunk_FUN_006829b0	return		<RETURN>	/undefined	<UNASSIGNED>	DEFAULT		0	0	no_evidence		-
004049C6	thunk_FUN_004d7bd0	return		<RETURN>	/undefined4	EAX:4	DEFAULT		0	0	no_evidence		-
004049CB	STBoatC::sub_00490570	return		<RETURN>	/undefined4	EAX:4	DEFAULT		0	0	no_evidence		-
004049D0	thunk_FUN_005fb030	return		<RETURN>	/undefined	<UNASSIGNED>	DEFAULT		0	0	no_evidence		-
004049D5	SettMapTy::PaintSettMap	return		<RETURN>	/undefined	<UNASSIGNED>	DEFAULT		0	0	no_evidence		-
004049DA	thunk_FUN_0067a0c0	return		<RETURN>	/undefined4	EAX:4	DEFAULT		0	0	no_evidence		-
004049E4	thunk_FUN_00483880	return		<RETURN>	/undefined	<UNASSIGNED>	DEFAULT		0	0	no_evidence		-
004049E9	thunk_FUN_005ee3f0	return		<RETURN>	/undefined4	EAX:4	DEFAULT		0	0	no_evidence		-
004049F3	thunk_FUN_00681ca0	return		<RETURN>	/undefined4	EAX:4	DEFAULT		0	0	no_evidence		-
004049F8	thunk_FUN_0062b420	parameter	1	param_2	/undefined4	Stack[0x8]:4	DEFAULT		0	0	no_evidence		-
004049FD	thunk_FUN_00627db0	return		<RETURN>	/undefined	<UNASSIGNED>	DEFAULT		0	0	no_evidence		-
00404A02	thunk_FUN_0060a4b0	return		<RETURN>	/undefined4	EAX:4	DEFAULT		0	0	no_evidence		-
00404A07	thunk_FUN_00630340	return		<RETURN>	/undefined4	EAX:4	DEFAULT		0	0	no_evidence		-
00404A0C	CPanelTy::sub_004FAFF0	return		<RETURN>	/undefined	<UNASSIGNED>	DEFAULT		0	0	no_evidence		-
00404A16	thunk_FUN_004f4640	return		<RETURN>	/undefined	<UNASSIGNED>	DEFAULT		0	0	no_evidence		-
00404A1B	thunk_FUN_004e48d0	return		<RETURN>	/undefined4	EAX:4	DEFAULT		0	0	no_evidence		-
00404A25	thunk_FUN_00424710	return		<RETURN>	/undefined	<UNASSIGNED>	DEFAULT		0	0	no_evidence		-
00404A2A	thunk_FUN_005dab70	parameter	1	param_2	/undefined4	Stack[0x8]:4	DEFAULT		0	0	no_evidence		-
00404A2A	thunk_FUN_005dab70	return		<RETURN>	/undefined4	EAX:4	DEFAULT		0	0	no_evidence		-
00404A2F	thunk_FUN_004be240	return		<RETURN>	/undefined	<UNASSIGNED>	DEFAULT		0	0	no_evidence		-
00404A48	thunk_FUN_004dea40	return		<RETURN>	/undefined	<UNASSIGNED>	DEFAULT		0	0	no_evidence		-
00404A52	thunk_FUN_0052a030	return		<RETURN>	/undefined4	EAX:4	DEFAULT		0	0	no_evidence		-
00404A5C	VisibleClassTy::InitData	return		<RETURN>	/undefined	<UNASSIGNED>	DEFAULT		0	0	no_evidence		-
00404A66	thunk_FUN_0052a390	return		<RETURN>	/undefined4	EAX:4	DEFAULT		0	0	no_evidence		-
00404A75	FSGSTy::ChangePlayer	return		<RETURN>	/undefined	<UNASSIGNED>	DEFAULT		0	0	no_evidence		-
00404A7A	STParticleC::sub_00629F20	return		<RETURN>	/undefined	<UNASSIGNED>	DEFAULT		0	0	no_evidence		-
00404A7F	thunk_FUN_0062b830	parameter	3	param_4	/undefined4	Stack[0x10]:4	DEFAULT		0	0	no_evidence		-
00404A7F	thunk_FUN_0062b830	parameter	5	param_6	/undefined4	Stack[0x18]:4	DEFAULT		0	0	no_evidence		-
00404A7F	thunk_FUN_0062b830	parameter	6	param_7	/undefined4	Stack[0x1c]:4	DEFAULT		0	0	no_evidence		-
00404A7F	thunk_FUN_0062b830	return		<RETURN>	/undefined	<UNASSIGNED>	DEFAULT		0	0	no_evidence		-
00404A84	SettMapMTy::UpdatePing	parameter	2	param_2	/undefined4	Stack[0x8]:4	DEFAULT		0	0	no_evidence		-
00404A8E	SAMPanelTy::Update	return		<RETURN>	/undefined	<UNASSIGNED>	DEFAULT		0	0	no_evidence		-
00404AA2	STAppC::ReadCmdPlay	return		<RETURN>	/undefined	<UNASSIGNED>	DEFAULT		0	0	no_evidence		-
00404AAC	thunk_FUN_0062b300	return		<RETURN>	/undefined4	EAX:4	DEFAULT		0	0	no_evidence		-
00404AC5	thunk_FUN_004b7350	return		<RETURN>	/undefined4	EAX:4	DEFAULT		0	0	no_evidence		-
00404ACF	StartSystemTy::OutBmpProc	parameter	2	param_2	/undefined4	Stack[0x8]:4	DEFAULT		0	0	no_evidence		-
00404ACF	StartSystemTy::OutBmpProc	parameter	3	param_3	/undefined4	Stack[0xc]:4	DEFAULT		0	0	no_evidence		-
00404ACF	StartSystemTy::OutBmpProc	parameter	6	param_6	/undefined4	Stack[0x18]:4	DEFAULT		0	0	no_evidence		-
00404ACF	StartSystemTy::OutBmpProc	parameter	7	param_7	/undefined4	Stack[0x1c]:4	DEFAULT		0	0	no_evidence		-
00404ACF	StartSystemTy::OutBmpProc	return		<RETURN>	/undefined	<UNASSIGNED>	DEFAULT		0	0	no_evidence		-
00404AD4	thunk_FUN_004c6d00	return		<RETURN>	/undefined4	EAX:4	DEFAULT		0	0	no_evidence		-
00404AD9	PanelTy::DonePanel	return		<RETURN>	/undefined	<UNASSIGNED>	DEFAULT		0	0	no_evidence		-
00404AE3	STColl3C::sub_005F9450	return		<RETURN>	/undefined	<UNASSIGNED>	DEFAULT		0	0	no_evidence		-
00404AE8	thunk_FUN_004d9620	return		<RETURN>	/undefined4	EAX:4	DEFAULT		0	0	no_evidence		-
00404AF7	TradePanelTy::sub_00552160	return		<RETURN>	/undefined4	EAX:4	DEFAULT		0	0	no_evidence		-
00404AFC	thunk_FUN_004dc4b0	return		<RETURN>	/undefined	<UNASSIGNED>	DEFAULT		0	0	no_evidence		-
00404B06	thunk_FUN_00682fe0	return		<RETURN>	/undefined	<UNASSIGNED>	DEFAULT		0	0	no_evidence		-
00404B0B	thunk_FUN_00606fd0	return		<RETURN>	/undefined4	EAX:4	DEFAULT		0	0	no_evidence		-
00404B10	thunk_FUN_00621090	parameter	1	param_1	/undefined4	Stack[0x4]:4	DEFAULT		0	0	no_evidence		-
00404B10	thunk_FUN_00621090	parameter	3	param_3	/undefined4	Stack[0xc]:4	DEFAULT		0	0	no_evidence		-
00404B10	thunk_FUN_00621090	parameter	4	param_4	/undefined4	Stack[0x10]:4	DEFAULT		0	0	no_evidence		-
00404B1A	STGroupBoatC::SetPatrolCmdToBoat	return		<RETURN>	/undefined	<UNASSIGNED>	DEFAULT		0	0	no_evidence		-
00404B1F	thunk_FUN_0067f740	parameter	1	param_2	/undefined4	Stack[0x8]:4	DEFAULT		0	0	no_evidence		-
00404B24	thunk_FUN_006308b0	return		<RETURN>	/undefined	<UNASSIGNED>	DEFAULT		0	0	no_evidence		-
00404B42	CPanelTy::DoneCPanel	return		<RETURN>	/undefined	<UNASSIGNED>	DEFAULT		0	0	no_evidence		-
00404B47	SndUnderAttMenegC::sub_0061FCC0	return		<RETURN>	/undefined	<UNASSIGNED>	DEFAULT		0	0	no_evidence		-
00404B4C	STAppC::sub_0056E9E0	return		<RETURN>	/undefined4	EAX:4	DEFAULT		0	0	no_evidence		-
00404B51	MMsgTy::StatePanel	return		<RETURN>	/undefined	<UNASSIGNED>	DEFAULT		0	0	no_evidence		-
00404B56	thunk_FUN_00491980	return		<RETURN>	/undefined4	EAX:4	DEFAULT		0	0	no_evidence		-
00404B60	thunk_FUN_00647370	return		<RETURN>	/undefined	<UNASSIGNED>	DEFAULT		0	0	no_evidence		-
00404B6F	thunk_FUN_00639c90	return		<RETURN>	/undefined4	EAX:4	DEFAULT		0	0	no_evidence		-
00404B74	STMineSetC::sub_00622BA0	return		<RETURN>	/undefined4	EAX:4	DEFAULT		0	0	no_evidence		-
00404B88	thunk_FUN_00627a60	return		<RETURN>	/undefined	<UNASSIGNED>	DEFAULT		0	0	no_evidence		-
00404B8D	thunk_FUN_004d8b70	return		<RETURN>	/undefined4	EAX:4	DEFAULT		0	0	no_evidence		-
00404B92	FSGSTy::Finished	return		<RETURN>	/undefined	<UNASSIGNED>	DEFAULT		0	0	no_evidence		-
00404B9C	thunk_FUN_005fe990	return		<RETURN>	/undefined4	EAX:4	DEFAULT		0	0	no_evidence		-
00404BAB	STAppC::StartGame	return		<RETURN>	/undefined	<UNASSIGNED>	DEFAULT		0	0	no_evidence		-
00404BB0	thunk_FUN_0048df40	parameter	1	param_2	/undefined4	EDX:4	DEFAULT		0	0	no_evidence		-
00404BBA	thunk_FUN_00627670	return		<RETURN>	/undefined4	EAX:4	DEFAULT		0	0	no_evidence		-
00404BC4	STAllPlayersC::UnRegisterTorpedo	return		<RETURN>	/undefined4	EAX:4	DEFAULT		0	0	no_evidence		-
00404BC9	TLOEmbryoTy::sub_00419C70	parameter	1	param_2	/undefined4	EDX:4	DEFAULT		0	0	no_evidence		-
00404BC9	TLOEmbryoTy::sub_00419C70	return		<RETURN>	/undefined4	EAX:4	DEFAULT		0	0	no_evidence		-
00404BD3	thunk_FUN_00553e20	return		<RETURN>	/undefined	<UNASSIGNED>	DEFAULT		0	0	no_evidence		-
00404BE2	thunk_FUN_004accd0	return		<RETURN>	/undefined4	EAX:4	DEFAULT		0	0	no_evidence		-
00404BE7	thunk_FUN_00681670	return		<RETURN>	/undefined4	EAX:4	DEFAULT		0	0	no_evidence		-
00404BEC	thunk_FUN_0062db10	return		<RETURN>	/undefined	<UNASSIGNED>	DEFAULT		0	0	no_evidence		-
00404BF1	thunk_FUN_005b6730	return		<RETURN>	/undefined	<UNASSIGNED>	DEFAULT		0	0	no_evidence		-
00404BF6	STJellyManC::Error	parameter	1	param_1	/undefined4	Stack[0x4]:4	DEFAULT		0	0	no_evidence		-
00404BF6	STJellyManC::Error	parameter	3	param_3	/undefined4	Stack[0xc]:4	DEFAULT		0	0	no_evidence		-
00404BF6	STJellyManC::Error	return		<RETURN>	/undefined4	EAX:4	DEFAULT		0	0	no_evidence		-
00404C00	STAllPlayersC::GetCursorType	parameter	1	param_1	/undefined4	Stack[0x4]:4	DEFAULT		0	0	no_evidence		-
00404C00	STAllPlayersC::GetCursorType	parameter	3	param_3	/undefined4	Stack[0xc]:4	DEFAULT		0	0	no_evidence		-
00404C00	STAllPlayersC::GetCursorType	parameter	5	param_5	/undefined4	Stack[0x14]:4	DEFAULT		0	0	no_evidence		-
00404C00	STAllPlayersC::GetCursorType	parameter	6	param_6	/undefined4	Stack[0x18]:4	DEFAULT		0	0	no_evidence		-
00404C05	thunk_FUN_0064f700	return		<RETURN>	/undefined4	EAX:4	DEFAULT		0	0	no_evidence		-
00404C0A	thunk_FUN_0060e470	parameter	8	param_9	/undefined4	Stack[0x24]:4	DEFAULT		0	0	no_evidence		-
00404C0A	thunk_FUN_0060e470	return		<RETURN>	/undefined4	EAX:4	DEFAULT		0	0	no_evidence		-
00404C0F	ChooseMapTy::sub_005B5BE0	return		<RETURN>	/undefined	<UNASSIGNED>	DEFAULT		0	0	no_evidence		-
00404C14	thunk_FUN_006a1eb0	parameter	7	param_8	/undefined4	Stack[0x20]:4	DEFAULT		0	0	no_evidence		-
00404C14	thunk_FUN_006a1eb0	return		<RETURN>	/undefined4	EAX:4	DEFAULT		0	0	no_evidence		-
00404C19	thunk_FUN_00620c50	parameter	1	param_1	/undefined4	Stack[0x4]:4	DEFAULT		0	0	no_evidence		-
00404C19	thunk_FUN_00620c50	parameter	3	param_3	/undefined4	Stack[0xc]:4	DEFAULT		0	0	no_evidence		-
00404C19	thunk_FUN_00620c50	parameter	4	param_4	/undefined4	Stack[0x10]:4	DEFAULT		0	0	no_evidence		-
00404C1E	thunk_FUN_00693ad0	return		<RETURN>	/undefined	<UNASSIGNED>	DEFAULT		0	0	no_evidence		-
00404C23	thunk_FUN_004e22a0	return		<RETURN>	/undefined4	EAX:4	DEFAULT		0	0	no_evidence		-
00404C2D	StartServTy::WrTextDDX	return		<RETURN>	/undefined	<UNASSIGNED>	DEFAULT		0	0	no_evidence		-
00404C32	thunk_FUN_0064e960	return		<RETURN>	/undefined4	EAX:4	DEFAULT		0	0	no_evidence		-
00404C37	thunk_FUN_00604a00	return		<RETURN>	/undefined4	EAX:4	DEFAULT		0	0	no_evidence		-
00404C41	AiFltClassTy::sub_0065D720	parameter	1	param_2	/undefined4	EDX:4	DEFAULT		0	0	no_evidence		-
00404C41	AiFltClassTy::sub_0065D720	return		<RETURN>	/undefined	<UNASSIGNED>	DEFAULT		0	0	no_evidence		-
00404C46	STBHEShellC::sub_005F5D10	return		<RETURN>	/undefined	<UNASSIGNED>	DEFAULT		0	0	no_evidence		-
00404C4B	thunk_FUN_00497850	return		<RETURN>	/undefined4	EAX:4	DEFAULT		0	0	no_evidence		-
00404C50	thunk_FUN_00678950	parameter	1	param_1	/undefined4	Stack[0x4]:4	DEFAULT		0	0	no_evidence		-
00404C50	thunk_FUN_00678950	parameter	2	param_2	/undefined4	Stack[0x8]:4	DEFAULT		0	0	no_evidence		-
00404C50	thunk_FUN_00678950	return		<RETURN>	/undefined	<UNASSIGNED>	DEFAULT		0	0	no_evidence		-
00404C55	thunk_FUN_0043fc50	return		<RETURN>	/undefined	<UNASSIGNED>	DEFAULT		0	0	no_evidence		-
00404C5A	thunk_FUN_004be3d0	return		<RETURN>	/undefined	<UNASSIGNED>	DEFAULT		0	0	no_evidence		-
00404C5F	MMObjTy::PaintButDib	return		<RETURN>	/undefined	<UNASSIGNED>	DEFAULT		0	0	no_evidence		-
00404C64	thunk_FUN_005c2760	return		<RETURN>	/undefined	<UNASSIGNED>	DEFAULT		0	0	no_evidence		-
00404C69	InfocPanelTy::PaintInfoc	return		<RETURN>	/undefined	<UNASSIGNED>	DEFAULT		0	0	no_evidence		-
00404C6E	thunk_FUN_00613140	return		<RETURN>	/undefined4	EAX:4	DEFAULT		0	0	no_evidence		-
00404C73	thunk_FUN_00678890	parameter	0	param_1	/undefined4	Stack[0x4]:4	DEFAULT		0	0	no_evidence		-
00404C73	thunk_FUN_00678890	parameter	1	param_2	/undefined4	Stack[0x8]:4	DEFAULT		0	0	no_evidence		-
00404C73	thunk_FUN_00678890	parameter	2	param_3	/undefined4	Stack[0xc]:4	DEFAULT		0	0	no_evidence		-
00404C73	thunk_FUN_00678890	return		<RETURN>	/undefined4	EAX:4	DEFAULT		0	0	no_evidence		-
00404C7D	CPanelTy::PaintDamageXY	parameter	3	param_3	/undefined4	Stack[0xc]:4	DEFAULT		0	0	no_evidence		-
00404C87	thunk_FUN_005ef5d0	return		<RETURN>	/undefined	<UNASSIGNED>	DEFAULT		0	0	no_evidence		-
00404C96	thunk_FUN_004cf640	return		<RETURN>	/undefined	<UNASSIGNED>	DEFAULT		0	0	no_evidence		-
00404C9B	thunk_FUN_004c21a0	return		<RETURN>	/undefined4	EAX:4	DEFAULT		0	0	no_evidence		-
00404CA0	STExplosion::sub_00606050	parameter	6	param_6	/undefined4	Stack[0x18]:4	DEFAULT		0	0	no_evidence		-
00404CA0	STExplosion::sub_00606050	parameter	8	param_8	/undefined4	Stack[0x20]:4	DEFAULT		0	0	no_evidence		-
00404CA0	STExplosion::sub_00606050	parameter	9	param_9	/undefined1	Stack[0x24]:1	DEFAULT		0	0	no_evidence		-
00404CB4	thunk_FUN_00660910	return		<RETURN>	/undefined4	EAX:4	DEFAULT		0	0	no_evidence		-
00404CB9	thunk_FUN_005783f0	return		<RETURN>	/undefined	<UNASSIGNED>	DEFAULT		0	0	no_evidence		-
00404CBE	thunk_FUN_00555840	parameter	0	param_1	/undefined4	Stack[0x4]:4	DEFAULT		0	0	no_evidence		-
00404CC8	thunk_FUN_0063c030	parameter	1	param_1	/undefined4	Stack[0x4]:4	DEFAULT		0	0	no_evidence		-
00404CC8	thunk_FUN_0063c030	return		<RETURN>	/undefined	<UNASSIGNED>	DEFAULT		0	0	no_evidence		-
00404CCD	thunk_FUN_004960d0	return		<RETURN>	/undefined4	EAX:4	DEFAULT		0	0	no_evidence		-
00404CD2	thunk_FUN_004e15f0	return		<RETURN>	/undefined4	EAX:4	DEFAULT		0	0	no_evidence		-
00404CD7	thunk_FUN_0048fa80	return		<RETURN>	/undefined4	EAX:4	DEFAULT		0	0	no_evidence		-
00404CE1	CampaignTy::sub_005925A0	return		<RETURN>	/undefined	<UNASSIGNED>	DEFAULT		0	0	no_evidence		-
00404CEB	thunk_FUN_004aaf60	return		<RETURN>	/undefined	<UNASSIGNED>	DEFAULT		0	0	no_evidence		-
00404CF5	thunk_FUN_006a1620	parameter	7	param_8	/undefined4	Stack[0x20]:4	DEFAULT		0	0	no_evidence		-
00404CF5	thunk_FUN_006a1620	return		<RETURN>	/undefined	<UNASSIGNED>	DEFAULT		0	0	no_evidence		-
00404D04	thunk_FUN_004d8530	return		<RETURN>	/undefined	<UNASSIGNED>	DEFAULT		0	0	no_evidence		-
00404D09	JumpManagC::sub_006179D0	return		<RETURN>	/undefined	<UNASSIGNED>	DEFAULT		0	0	no_evidence		-
00404D0E	STOctopusC::Bad	return		<RETURN>	/undefined	<UNASSIGNED>	DEFAULT		0	0	no_evidence		-
00404D13	thunk_FUN_006a5210	return		<RETURN>	/undefined4	EAX:4	DEFAULT		0	0	no_evidence		-
00404D1D	HelpPanelTy::sub_00514BC0	return		<RETURN>	/undefined	<UNASSIGNED>	DEFAULT		0	0	no_evidence		-
00404D22	thunk_FUN_00495e50	return		<RETURN>	/undefined	<UNASSIGNED>	DEFAULT		0	0	no_evidence		-
00404D40	STAllPlayersC::FramePick	return		<RETURN>	/undefined	<UNASSIGNED>	DEFAULT		0	0	no_evidence		-
00404D45	ChooseMapTy::sub_005AE840	return		<RETURN>	/undefined	<UNASSIGNED>	DEFAULT		0	0	no_evidence		-
00404D4A	thunk_FUN_0067f460	return		<RETURN>	/undefined	<UNASSIGNED>	DEFAULT		0	0	no_evidence		-
00404D54	thunk_FUN_00675950	return		<RETURN>	/undefined4	EAX:4	DEFAULT		0	0	no_evidence		-
00404D63	thunk_FUN_00486b60	return		<RETURN>	/undefined	<UNASSIGNED>	DEFAULT		0	0	no_evidence		-
00404D6D	thunk_FUN_00624570	return		<RETURN>	/undefined4	EAX:4	DEFAULT		0	0	no_evidence		-
00404D81	thunk_FUN_005808a0	return		<RETURN>	/undefined	<UNASSIGNED>	DEFAULT		0	0	no_evidence		-
00404D86	thunk_FUN_004d2760	return		<RETURN>	/undefined4	EAX:4	DEFAULT		0	0	no_evidence		-
00404D8B	cLoadingTy::SetProcess	parameter	1	param_1	/undefined4	Stack[0x4]:4	DEFAULT		0	0	no_evidence		-
00404D95	thunk_FUN_0052a1e0	return		<RETURN>	/undefined4	EAX:4	DEFAULT		0	0	no_evidence		-
00404D9F	thunk_FUN_004d9b20	return		<RETURN>	/undefined4	EAX:4	DEFAULT		0	0	no_evidence		-
00404DA9	_GetStaffGrpExch	parameter	0	param_1	/undefined4	Stack[0x4]:4	DEFAULT		0	0	no_evidence		-
00404DAE	thunk_FUN_004eef20	return		<RETURN>	/undefined	<UNASSIGNED>	DEFAULT		0	0	no_evidence		-
00404DB3	thunk_FUN_00682cf0	return		<RETURN>	/undefined	<UNASSIGNED>	DEFAULT		0	0	no_evidence		-
00404DB8	thunk_FUN_005b66e0	return		<RETURN>	/undefined	<UNASSIGNED>	DEFAULT		0	0	no_evidence		-
00404DC2	thunk_FUN_004e7eb0	return		<RETURN>	/undefined	<UNASSIGNED>	DEFAULT		0	0	no_evidence		-
00404DD1	thunk_FUN_00419a90	return		<RETURN>	/undefined4	EAX:4	DEFAULT		0	0	no_evidence		-
00404DDB	thunk_FUN_0054cdd0	parameter	5	param_6	/undefined4	Stack[0x18]:4	DEFAULT		0	0	no_evidence		-
00404DE0	VisibleClassTy::sub_0055A110	return		<RETURN>	/undefined	<UNASSIGNED>	DEFAULT		0	0	no_evidence		-
00404DE5	thunk_FUN_0041abc0	return		<RETURN>	/undefined	<UNASSIGNED>	DEFAULT		0	0	no_evidence		-
00404E0D	STBHEShellC::sub_005F5E30	parameter	1	param_1	/undefined4	Stack[0x4]:4	DEFAULT		0	0	no_evidence		-
00404E0D	STBHEShellC::sub_005F5E30	parameter	2	param_2	/undefined4	Stack[0x8]:4	DEFAULT		0	0	no_evidence		-
00404E0D	STBHEShellC::sub_005F5E30	parameter	3	param_3	/undefined4	Stack[0xc]:4	DEFAULT		0	0	no_evidence		-
00404E0D	STBHEShellC::sub_005F5E30	return		<RETURN>	/undefined	<UNASSIGNED>	DEFAULT		0	0	no_evidence		-
00404E12	TLOBaseTy::sub_004DF9F0	return		<RETURN>	/undefined4	EAX:4	DEFAULT		0	0	no_evidence		-
00404E30	thunk_FUN_004d6d30	return		<RETURN>	/undefined	<UNASSIGNED>	DEFAULT		0	0	no_evidence		-
00404E3A	thunk_FUN_0064eb60	return		<RETURN>	/undefined4	EAX:4	DEFAULT		0	0	no_evidence		-
00404E49	thunk_FUN_005db030	parameter	1	param_2	/undefined4	Stack[0x8]:4	DEFAULT		0	0	no_evidence		-
00404E49	thunk_FUN_005db030	return		<RETURN>	/undefined4	EAX:4	DEFAULT		0	0	no_evidence		-
00404E53	TLOBaseTy::sub_004CC330	return		<RETURN>	/undefined4	EAX:4	DEFAULT		0	0	no_evidence		-
00404E58	thunk_FUN_00490d90	return		<RETURN>	/undefined4	EAX:4	DEFAULT		0	0	no_evidence		-
00404E5D	VisibleClassTy::sub_005F1D80	return		<RETURN>	/undefined4	EAX:4	DEFAULT		0	0	no_evidence		-
00404E62	thunk_FUN_00620a00	return		<RETURN>	/undefined	<UNASSIGNED>	DEFAULT		0	0	no_evidence		-
00404E67	thunk_FUN_00430910	return		<RETURN>	/undefined4	EAX:4	DEFAULT		0	0	no_evidence		-
00404E71	thunk_FUN_00691690	return		<RETURN>	/undefined	<UNASSIGNED>	DEFAULT		0	0	no_evidence		-
00404E76	thunk_FUN_004df3b0	return		<RETURN>	/undefined4	EAX:4	DEFAULT		0	0	no_evidence		-
00404E7B	thunk_FUN_00681f50	return		<RETURN>	/undefined4	EAX:4	DEFAULT		0	0	no_evidence		-
00404E80	thunk_FUN_004dc260	return		<RETURN>	/undefined4	EAX:4	DEFAULT		0	0	no_evidence		-
00404E85	HelpPanelTy::RCProc	return		<RETURN>	/undefined	<UNASSIGNED>	DEFAULT		0	0	no_evidence		-
00404E8A	thunk_FUN_0041dd00	return		<RETURN>	/undefined	<UNASSIGNED>	DEFAULT		0	0	no_evidence		-
00404E8F	thunk_FUN_006203f0	return		<RETURN>	/undefined4	EAX:4	DEFAULT		0	0	no_evidence		-
00404E94	SettMapTy::DeleteCtrls	return		<RETURN>	/undefined	<UNASSIGNED>	DEFAULT		0	0	no_evidence		-
00404E99	thunk_FUN_005efa90	parameter	1	param_1	/undefined4	Stack[0x4]:4	DEFAULT		0	0	no_evidence		-
00404E99	thunk_FUN_005efa90	return		<RETURN>	/undefined	<UNASSIGNED>	DEFAULT		0	0	no_evidence		-
00404E9E	TLOBaseTy::sub_004EA620	return		<RETURN>	/undefined4	EAX:4	DEFAULT		0	0	no_evidence		-
00404EA8	thunk_FUN_0041d7c0	return		<RETURN>	/undefined	<UNASSIGNED>	DEFAULT		0	0	no_evidence		-
00404EB2	AiFltClassTy::sub_0065F5C0	return		<RETURN>	/undefined4	EAX:4	DEFAULT		0	0	no_evidence		-
00404EC1	thunk_FUN_00495ff0	return		<RETURN>	/undefined4	EAX:4	DEFAULT		0	0	no_evidence		-
00404ECB	thunk_FUN_00418ce0	return		<RETURN>	/undefined	<UNASSIGNED>	DEFAULT		0	0	no_evidence		-
00404ED5	thunk_FUN_00694590	return		<RETURN>	/undefined	<UNASSIGNED>	DEFAULT		0	0	no_evidence		-
00404EDA	thunk_FUN_005f88d0	return		<RETURN>	/undefined4	EAX:4	DEFAULT		0	0	no_evidence		-
00404EDF	TLOBaseTy::sub_004C2F70	return		<RETURN>	/undefined4	EAX:4	DEFAULT		0	0	no_evidence		-
00404EEE	thunk_FUN_0041aee0	return		<RETURN>	/undefined	<UNASSIGNED>	DEFAULT		0	0	no_evidence		-
00404EF3	thunk_FUN_00602700	return		<RETURN>	/undefined	<UNASSIGNED>	DEFAULT		0	0	no_evidence		-
00404EFD	thunk_FUN_004cc9c0	return		<RETURN>	/undefined4	EAX:4	DEFAULT		0	0	no_evidence		-
00404F0C	OptPanelTy::PaintDblBut	return		<RETURN>	/undefined	<UNASSIGNED>	DEFAULT		0	0	no_evidence		-
00404F16	OptPanelTy::Question	return		<RETURN>	/undefined	<UNASSIGNED>	DEFAULT		0	0	no_evidence		-
00404F25	thunk_FUN_0041e510	return		<RETURN>	/undefined	<UNASSIGNED>	DEFAULT		0	0	no_evidence		-
00404F2A	thunk_FUN_0065d590	return		<RETURN>	/undefined	<UNASSIGNED>	DEFAULT		0	0	no_evidence		-
00404F34	thunk_FUN_004cbfb0	return		<RETURN>	/undefined4	EAX:4	DEFAULT		0	0	no_evidence		-
00404F3E	thunk_FUN_0058f030	return		<RETURN>	/undefined4	EAX:4	DEFAULT		0	0	no_evidence		-
00404F43	thunk_FUN_006832b0	return		<RETURN>	/undefined	<UNASSIGNED>	DEFAULT		0	0	no_evidence		-
00404F48	STGroupC::RestoreGrpData	return		<RETURN>	/undefined	<UNASSIGNED>	DEFAULT		0	0	no_evidence		-
00404F4D	CampaignTy::AnimationCampaign	return		<RETURN>	/undefined	<UNASSIGNED>	DEFAULT		0	0	no_evidence		-
00404F61	thunk_FUN_005121f0	return		<RETURN>	/undefined4	EAX:4	DEFAULT		0	0	no_evidence		-
00404F66	thunk_FUN_004231e0	return		<RETURN>	/undefined	<UNASSIGNED>	DEFAULT		0	0	no_evidence		-
00404F6B	STBoatC::sub_00481520	return		<RETURN>	/undefined	<UNASSIGNED>	DEFAULT		0	0	no_evidence		-
00404F70	thunk_FUN_0041ab60	return		<RETURN>	/undefined	<UNASSIGNED>	DEFAULT		0	0	no_evidence		-
00404F7A	thunk_FUN_00446a70	return		<RETURN>	/undefined	<UNASSIGNED>	DEFAULT		0	0	no_evidence		-
00404F7F	thunk_FUN_00580ff0	parameter	1	param_2	/undefined2	Stack[0x8]:2	DEFAULT		0	0	no_evidence		-
00404F7F	thunk_FUN_00580ff0	return		<RETURN>	/undefined	<UNASSIGNED>	DEFAULT		0	0	no_evidence		-
00404F93	thunk_FUN_006a17b0	parameter	7	param_8	/undefined4	Stack[0x20]:4	DEFAULT		0	0	no_evidence		-
00404F93	thunk_FUN_006a17b0	return		<RETURN>	/undefined4	EAX:4	DEFAULT		0	0	no_evidence		-
00404F9D	TradePanelTy::sub_00551B10	return		<RETURN>	/undefined	<UNASSIGNED>	DEFAULT		0	0	no_evidence		-
00404FA2	SubmarineTitans::Recovered::HiddenThis::AnonReceiver_00644410::thunk_FUN_00644410	return		<RETURN>	/undefined	<UNASSIGNED>	DEFAULT		0	0	no_evidence		-
00404FA7	thunk_FUN_00620b20	return		<RETURN>	/undefined4	EAX:4	DEFAULT		0	0	no_evidence		-
00404FAC	SettMapMTy::NoneSettMap	return		<RETURN>	/undefined4	EAX:4	DEFAULT		0	0	no_evidence		-
00404FB6	thunk_FUN_004dd2b0	return		<RETURN>	/undefined4	EAX:4	DEFAULT		0	0	no_evidence		-
00404FBB	thunk_FUN_004de7b0	return		<RETURN>	/undefined4	EAX:4	DEFAULT		0	0	no_evidence		-
00404FC0	thunk_FUN_0041acf0	return		<RETURN>	/undefined	<UNASSIGNED>	DEFAULT		0	0	no_evidence		-
00404FC5	FSGSTy::NoneFSGS	return		<RETURN>	/undefined	<UNASSIGNED>	DEFAULT		0	0	no_evidence		-
00404FCA	StartSystemTy::sub_005DA940	return		<RETURN>	/undefined1	AL:1	DEFAULT		0	0	no_evidence		-
00404FDE	thunk_FUN_004ebfd0	return		<RETURN>	/undefined	<UNASSIGNED>	DEFAULT		0	0	no_evidence		-
00404FE8	thunk_FUN_00680340	parameter	1	param_2	/undefined4	Stack[0x8]:4	DEFAULT		0	0	no_evidence		-
00404FE8	thunk_FUN_00680340	parameter	2	param_3	/undefined4	Stack[0xc]:4	DEFAULT		0	0	no_evidence		-
00404FE8	thunk_FUN_00680340	parameter	3	param_4	/undefined4	Stack[0x10]:4	DEFAULT		0	0	no_evidence		-
00404FE8	thunk_FUN_00680340	return		<RETURN>	/undefined	<UNASSIGNED>	DEFAULT		0	0	no_evidence		-
00404FF2	thunk_FUN_0040cdb0	return		<RETURN>	/undefined	<UNASSIGNED>	DEFAULT		0	0	no_evidence		-
00404FF7	MReportTy::InitMReport	parameter	1	param_1	/undefined1	Stack[0x4]:1	DEFAULT		0	0	no_evidence		-
00404FF7	MReportTy::InitMReport	return		<RETURN>	/undefined	<UNASSIGNED>	DEFAULT		0	0	no_evidence		-
00405001	thunk_FUN_004c2810	return		<RETURN>	/undefined	<UNASSIGNED>	DEFAULT		0	0	no_evidence		-
00405006	thunk_FUN_005f03d0	return		<RETURN>	/undefined	<UNASSIGNED>	DEFAULT		0	0	no_evidence		-
0040500B	thunk_FUN_004debd0	return		<RETURN>	/undefined4	EAX:4	DEFAULT		0	0	no_evidence		-
00405015	thunk_FUN_00615ad0	return		<RETURN>	/undefined4	EAX:4	DEFAULT		0	0	no_evidence		-
0040501F	MMsgTy::DoneMMsg	return		<RETURN>	/undefined	<UNASSIGNED>	DEFAULT		0	0	no_evidence		-
00405024	thunk_FUN_004e41f0	parameter	1	param_2	/undefined4	Stack[0x8]:4	DEFAULT		0	0	no_evidence		-
00405029	thunk_FUN_005f07a0	return		<RETURN>	/undefined4	EAX:4	DEFAULT		0	0	no_evidence		-
00405033	UpgPanelTy::Update	return		<RETURN>	/undefined	<UNASSIGNED>	DEFAULT		0	0	no_evidence		-
00405038	thunk_FUN_005811c0	return		<RETURN>	/undefined	<UNASSIGNED>	DEFAULT		0	0	no_evidence		-
0040503D	thunk_FUN_0041da30	return		<RETURN>	/undefined	<UNASSIGNED>	DEFAULT		0	0	no_evidence		-
00405042	thunk_FUN_0064d0e0	parameter	3	param_3	/undefined4	Stack[0xc]:4	DEFAULT		0	0	no_evidence		-
0040504C	PausePanelTy::SwitchPausePanel	return		<RETURN>	/undefined	<UNASSIGNED>	DEFAULT		0	0	no_evidence		-
00405051	thunk_FUN_00423c70	return		<RETURN>	/undefined4	EAX:4	DEFAULT		0	0	no_evidence		-
00405056	thunk_FUN_00620e40	return		<RETURN>	/undefined	<UNASSIGNED>	DEFAULT		0	0	no_evidence		-
00405060	thunk_FUN_0048a910	return		<RETURN>	/undefined	<UNASSIGNED>	DEFAULT		0	0	no_evidence		-
00405065	AiPlrClassTy::ExecTech	return		<RETURN>	/undefined	<UNASSIGNED>	DEFAULT		0	0	no_evidence		-
0040506A	thunk_FUN_00690e90	parameter	1	param_2	/undefined2	Stack[0x8]:2	DEFAULT		0	0	no_evidence		-
0040506A	thunk_FUN_00690e90	parameter	2	param_3	/undefined2	Stack[0xc]:2	DEFAULT		0	0	no_evidence		-
0040506F	HelpPanelTy::AddLinks	return		<RETURN>	/undefined	<UNASSIGNED>	DEFAULT		0	0	no_evidence		-
00405074	thunk_FUN_0067cf30	parameter	1	param_2	/undefined2	Stack[0x8]:2	DEFAULT		0	0	no_evidence		-
00405074	thunk_FUN_0067cf30	parameter	3	param_4	/undefined4	Stack[0x10]:4	DEFAULT		0	0	no_evidence		-
0040507E	CursorClassTy::SetGCType	return		<RETURN>	/undefined4	EAX:4	DEFAULT		0	0	no_evidence		-
00405088	thunk_FUN_00423e00	return		<RETURN>	/undefined	<UNASSIGNED>	DEFAULT		0	0	no_evidence		-
0040508D	thunk_FUN_005ec680	return		<RETURN>	/undefined	<UNASSIGNED>	DEFAULT		0	0	no_evidence		-
00405092	thunk_FUN_004d6930	return		<RETURN>	/undefined	<UNASSIGNED>	DEFAULT		0	0	no_evidence		-
00405097	thunk_FUN_004dbcc0	return		<RETURN>	/undefined4	EAX:4	DEFAULT		0	0	no_evidence		-
0040509C	thunk_FUN_004aa8d0	return		<RETURN>	/undefined4	EAX:4	DEFAULT		0	0	no_evidence		-
004050A1	thunk_FUN_0064dac0	parameter	2	param_3	/undefined4	Stack[0xc]:4	DEFAULT		0	0	no_evidence		-
004050A6	thunk_FUN_00630ff0	return		<RETURN>	/undefined4	EAX:4	DEFAULT		0	0	no_evidence		-
004050AB	thunk_FUN_004e0830	return		<RETURN>	/undefined4	EAX:4	DEFAULT		0	0	no_evidence		-
004050B5	STTmMineC::LoadImagVacuum	return		<RETURN>	/undefined4	EAX:4	DEFAULT		0	0	no_evidence		-
004050BF	thunk_FUN_0041ac90	return		<RETURN>	/undefined	<UNASSIGNED>	DEFAULT		0	0	no_evidence		-
004050DD	thunk_FUN_00650e10	return		<RETURN>	/undefined4	EAX:4	DEFAULT		0	0	no_evidence		-
004050E2	FSGSTy::CheckUpdate	return		<RETURN>	/undefined	<UNASSIGNED>	DEFAULT		0	0	no_evidence		-
004050E7	thunk_FUN_004da9c0	parameter	0	param_1	/undefined4	ECX:4	DEFAULT		0	0	no_evidence		-
004050E7	thunk_FUN_004da9c0	return		<RETURN>	/undefined4	EAX:4	DEFAULT		0	0	no_evidence		-
004050EC	thunk_FUN_00640130	return		<RETURN>	/undefined	<UNASSIGNED>	DEFAULT		0	0	no_evidence		-
004050F1	thunk_FUN_00627790	return		<RETURN>	/undefined	<UNASSIGNED>	DEFAULT		0	0	no_evidence		-
004050F6	CGenerate::sub_006A0470	return		<RETURN>	/undefined	<UNASSIGNED>	DEFAULT		0	0	no_evidence		-
004050FB	thunk_FUN_00677ef0	parameter	0	param_1	/undefined4	Stack[0x4]:4	DEFAULT		0	0	no_evidence		-
004050FB	thunk_FUN_00677ef0	parameter	1	param_2	/undefined4	Stack[0x8]:4	DEFAULT		0	0	no_evidence		-
004050FB	thunk_FUN_00677ef0	return		<RETURN>	/undefined4	EAX:4	DEFAULT		0	0	no_evidence		-
00405100	HelpPanelTy::PutToSHlp	return		<RETURN>	/undefined	<UNASSIGNED>	DEFAULT		0	0	no_evidence		-
00405105	thunk_FUN_00418010	return		<RETURN>	/undefined	<UNASSIGNED>	DEFAULT		0	0	no_evidence		-
0040510A	thunk_FUN_0064eba0	return		<RETURN>	/undefined4	EAX:4	DEFAULT		0	0	no_evidence		-
0040510F	thunk_FUN_00568010	return		<RETURN>	/undefined	<UNASSIGNED>	DEFAULT		0	0	no_evidence		-
00405114	thunk_FUN_00640170	parameter	3	param_3	/undefined4	Stack[0xc]:4	DEFAULT		0	0	no_evidence		-
00405114	thunk_FUN_00640170	return		<RETURN>	/undefined4	EAX:4	DEFAULT		0	0	no_evidence		-
0040511E	thunk_FUN_005f6ee0	return		<RETURN>	/undefined	<UNASSIGNED>	DEFAULT		0	0	no_evidence		-
00405123	CPanelTy::Update4PanelWB	return		<RETURN>	/undefined	<UNASSIGNED>	DEFAULT		0	0	no_evidence		-
00405128	thunk_FUN_0058cf90	parameter	1	param_1	/undefined4	Stack[0x4]:4	DEFAULT		0	0	no_evidence		-
00405128	thunk_FUN_0058cf90	parameter	2	param_2	/undefined2	Stack[0x8]:2	DEFAULT		0	0	no_evidence		-
00405128	thunk_FUN_0058cf90	return		<RETURN>	/undefined	<UNASSIGNED>	DEFAULT		0	0	no_evidence		-
0040512D	STAllPlayersC::GetActiveCenter	return		<RETURN>	/undefined4	EAX:4	DEFAULT		0	0	no_evidence		-
00405132	thunk_FUN_00650bd0	return		<RETURN>	/undefined4	EAX:4	DEFAULT		0	0	no_evidence		-
00405137	thunk_FUN_0062bbc0	parameter	8	param_9	/undefined4	Stack[0x24]:4	DEFAULT		0	0	no_evidence		-
00405137	thunk_FUN_0062bbc0	parameter	9	param_10	/undefined4	Stack[0x28]:4	DEFAULT		0	0	no_evidence		-
0040513C	thunk_FUN_0054cbb0	return		<RETURN>	/undefined4	EAX:4	DEFAULT		0	0	no_evidence		-
00405141	thunk_FUN_004ace00	parameter	3	param_3	/undefined4	Stack[0xc]:4	DEFAULT		0	0	no_evidence		-
00405146	STGroupBoatC::DistributeTargets	return		<RETURN>	/undefined4	EAX:4	DEFAULT		0	0	no_evidence		-
0040514B	STExplosion::sub_00605780	return		<RETURN>	/undefined	<UNASSIGNED>	DEFAULT		0	0	no_evidence		-
00405155	SettMapMTy::sub_005B5F00	return		<RETURN>	/undefined	<UNASSIGNED>	DEFAULT		0	0	no_evidence		-
0040515A	TLOBldMark::sub_004C6210	parameter	1	param_1	/undefined4	Stack[0x4]:4	DEFAULT		0	0	no_evidence		-
0040515A	TLOBldMark::sub_004C6210	parameter	2	param_2	/undefined4	Stack[0x8]:4	DEFAULT		0	0	no_evidence		-
0040515A	TLOBldMark::sub_004C6210	return		<RETURN>	/undefined4	EAX:4	DEFAULT		0	0	no_evidence		-
00405164	CursorClassTy::DelSysAcc	return		<RETURN>	/undefined	<UNASSIGNED>	DEFAULT		0	0	no_evidence		-
00405178	thunk_FUN_00680b00	return		<RETURN>	/undefined4	EAX:4	DEFAULT		0	0	no_evidence		-
0040517D	thunk_FUN_004d73b0	return		<RETURN>	/undefined4	EAX:4	DEFAULT		0	0	no_evidence		-
00405182	thunk_FUN_00680310	return		<RETURN>	/undefined	<UNASSIGNED>	DEFAULT		0	0	no_evidence		-
00405187	thunk_FUN_0064f500	return		<RETURN>	/undefined4	EAX:4	DEFAULT		0	0	no_evidence		-
0040519B	thunk_FUN_005804f0	parameter	1	param_1	/undefined4	Stack[0x4]:4	DEFAULT		0	0	no_evidence		-
0040519B	thunk_FUN_005804f0	return		<RETURN>	/undefined	<UNASSIGNED>	DEFAULT		0	0	no_evidence		-
004051A5	thunk_FUN_006377b0	return		<RETURN>	/undefined	<UNASSIGNED>	DEFAULT		0	0	no_evidence		-
004051AA	thunk_FUN_0060e680	return		<RETURN>	/undefined4	EAX:4	DEFAULT		0	0	no_evidence		-
004051AF	STGroupBoatC::Recharge	return		<RETURN>	/undefined4	EAX:4	DEFAULT		0	0	no_evidence		-
004051BE	thunk_FUN_0062e640	return		<RETURN>	/undefined4	EAX:4	DEFAULT		0	0	no_evidence		-
004051C3	thunk_FUN_004d0670	return		<RETURN>	/undefined4	EAX:4	DEFAULT		0	0	no_evidence		-
004051C8	CreateAi	return		<RETURN>	/undefined	<UNASSIGNED>	DEFAULT		0	0	no_evidence		-
004051CD	CPanelTy::sub_004FAD60	return		<RETURN>	/undefined	<UNASSIGNED>	DEFAULT		0	0	no_evidence		-
004051D2	thunk_FUN_004dd260	return		<RETURN>	/undefined4	EAX:4	DEFAULT		0	0	no_evidence		-
004051DC	thunk_FUN_006527d0	return		<RETURN>	/undefined4	EAX:4	DEFAULT		0	0	no_evidence		-
004051E1	thunk_FUN_00627d90	parameter	0	param_1	/undefined4	Stack[0x4]:4	DEFAULT		0	0	no_evidence		-
004051E1	thunk_FUN_00627d90	return		<RETURN>	/undefined4	EAX:4	DEFAULT		0	0	no_evidence		-
004051E6	thunk_FUN_00681bb0	return		<RETURN>	/undefined4	EAX:4	DEFAULT		0	0	no_evidence		-
004051EB	thunk_FUN_004d7570	return		<RETURN>	/undefined4	EAX:4	DEFAULT		0	0	no_evidence		-
004051F0	Visible::PrepareAfterSave	return		<RETURN>	/undefined	<UNASSIGNED>	DEFAULT		0	0	no_evidence		-
004051FA	thunk_FUN_0057a140	return		<RETURN>	/undefined	<UNASSIGNED>	DEFAULT		0	0	no_evidence		-
00405213	thunk_FUN_0046d400	parameter	1	param_2	/undefined4	EDX:4	DEFAULT		0	0	no_evidence		-
00405213	thunk_FUN_0046d400	return		<RETURN>	/undefined	<UNASSIGNED>	DEFAULT		0	0	no_evidence		-
00405218	thunk_FUN_004ad550	return		<RETURN>	/undefined	<UNASSIGNED>	DEFAULT		0	0	no_evidence		-
0040521D	thunk_FUN_00672b30	return		<RETURN>	/undefined1	AL:1	DEFAULT		0	0	no_evidence		-
00405222	thunk_FUN_0044e220	return		<RETURN>	/undefined	<UNASSIGNED>	DEFAULT		0	0	no_evidence		-
0040522C	thunk_FUN_00648a30	return		<RETURN>	/undefined4	EAX:4	DEFAULT		0	0	no_evidence		-
0040523B	thunk_FUN_004e7230	return		<RETURN>	/undefined	<UNASSIGNED>	DEFAULT		0	0	no_evidence		-
00405240	STT3DSprC::StartShow	return		<RETURN>	/undefined4	EAX:4	DEFAULT		0	0	no_evidence		-
00405245	STManRub3C::sub_0062CF50	return		<RETURN>	/undefined	<UNASSIGNED>	DEFAULT		0	0	no_evidence		-
0040524A	thunk_FUN_005ccd00	return		<RETURN>	/undefined	<UNASSIGNED>	DEFAULT		0	0	no_evidence		-
00405254	thunk_FUN_006a1c80	parameter	6	param_7	/undefined4	Stack[0x1c]:4	DEFAULT		0	0	no_evidence		-
00405254	thunk_FUN_006a1c80	return		<RETURN>	/undefined4	EAX:4	DEFAULT		0	0	no_evidence		-
0040526D	thunk_FUN_00696eb0	return		<RETURN>	/undefined4	EAX:4	DEFAULT		0	0	no_evidence		-
00405277	CGenerate::_saveObj	return		<RETURN>	/undefined4	EAX:4	DEFAULT		0	0	no_evidence		-
0040527C	thunk_FUN_005f95b0	return		<RETURN>	/undefined4	EAX:4	DEFAULT		0	0	no_evidence		-
00405281	thunk_FUN_004e8d40	return		<RETURN>	/undefined	<UNASSIGNED>	DEFAULT		0	0	no_evidence		-
00405286	thunk_FUN_00696050	return		<RETURN>	/undefined	<UNASSIGNED>	DEFAULT		0	0	no_evidence		-
0040529A	thunk_FUN_00627050	return		<RETURN>	/undefined	<UNASSIGNED>	DEFAULT		0	0	no_evidence		-
0040529F	thunk_FUN_005801c0	return		<RETURN>	/undefined	<UNASSIGNED>	DEFAULT		0	0	no_evidence		-
004052A4	VisibleClassTy::sub_0055B1C0	parameter	3	param_3	/undefined4	Stack[0xc]:4	DEFAULT		0	0	no_evidence		-
004052A4	VisibleClassTy::sub_0055B1C0	return		<RETURN>	/undefined4	EAX:4	DEFAULT		0	0	no_evidence		-
004052A9	thunk_FUN_0042a9f0	return		<RETURN>	/undefined	<UNASSIGNED>	DEFAULT		0	0	no_evidence		-
004052B8	STPlaySystemC::InitSystem	return		<RETURN>	/undefined4	EAX:4	DEFAULT		0	0	no_evidence		-
004052C2	STAllPlayersC::RegisterObject	return		<RETURN>	/undefined4	EAX:4	DEFAULT		0	0	no_evidence		-
004052C7	PlayPanelTy::SwitchOptPanel	return		<RETURN>	/undefined	<UNASSIGNED>	DEFAULT		0	0	no_evidence		-
004052D1	thunk_FUN_006208b0	parameter	1	param_1	/undefined4	Stack[0x4]:4	DEFAULT		0	0	no_evidence		-
004052D1	thunk_FUN_006208b0	parameter	2	param_2	/undefined4	Stack[0x8]:4	DEFAULT		0	0	no_evidence		-
004052D1	thunk_FUN_006208b0	parameter	3	param_3	/undefined4	Stack[0xc]:4	DEFAULT		0	0	no_evidence		-
004052D1	thunk_FUN_006208b0	parameter	4	param_4	/undefined4	Stack[0x10]:4	DEFAULT		0	0	no_evidence		-
004052E0	thunk_FUN_004dbb10	return		<RETURN>	/undefined4	EAX:4	DEFAULT		0	0	no_evidence		-
004052E5	STAllPlayersC::RemoveActiveTV	return		<RETURN>	/undefined	<UNASSIGNED>	DEFAULT		0	0	no_evidence		-
004052EA	STManRuinC::sub_00631220	return		<RETURN>	/undefined	<UNASSIGNED>	DEFAULT		0	0	no_evidence		-
004052EF	thunk_FUN_00607ee0	return		<RETURN>	/undefined4	EAX:4	DEFAULT		0	0	no_evidence		-
004052F9	CreatePlaySystem	return		<RETURN>	/undefined	<UNASSIGNED>	DEFAULT		0	0	no_evidence		-
004052FE	STT3DSprC::SetCurShad	return		<RETURN>	/undefined4	EAX:4	DEFAULT		0	0	no_evidence		-
00405308	thunk_FUN_006a3930	parameter	6	param_7	/undefined4	Stack[0x1c]:4	DEFAULT		0	0	no_evidence		-
0040530D	thunk_FUN_004e6140	return		<RETURN>	/undefined1	AL:1	DEFAULT		0	0	no_evidence		-
00405312	MTestTy::InitMTest	return		<RETURN>	/undefined	<UNASSIGNED>	DEFAULT		0	0	no_evidence		-
00405317	MainMenuTy::NoneMainMenu	return		<RETURN>	/undefined	<UNASSIGNED>	DEFAULT		0	0	no_evidence		-
0040531C	thunk_FUN_005f9cb0	return		<RETURN>	/undefined4	EAX:4	DEFAULT		0	0	no_evidence		-
00405326	STGroupBoatC::GrpRepSub	return		<RETURN>	/undefined4	EAX:4	DEFAULT		0	0	no_evidence		-
00405330	thunk_FUN_004e4140	return		<RETURN>	/undefined4	EAX:4	DEFAULT		0	0	no_evidence		-
0040533A	thunk_FUN_006773b0	parameter	0	param_1	/undefined4	Stack[0x4]:4	DEFAULT		0	0	no_evidence		-
00405344	thunk_FUN_00522810	return		<RETURN>	/undefined	<UNASSIGNED>	DEFAULT		0	0	no_evidence		-
00405349	thunk_FUN_004e7d70	return		<RETURN>	/undefined4	EAX:4	DEFAULT		0	0	no_evidence		-
0040534E	thunk_FUN_004e7980	return		<RETURN>	/undefined4	EAX:4	DEFAULT		0	0	no_evidence		-
00405358	thunk_FUN_00618b40	parameter	1	param_1	/undefined4	Stack[0x4]:4	DEFAULT		0	0	no_evidence		-
00405358	thunk_FUN_00618b40	parameter	2	param_2	/undefined2	Stack[0x8]:2	DEFAULT		0	0	no_evidence		-
00405358	thunk_FUN_00618b40	return		<RETURN>	/undefined	<UNASSIGNED>	DEFAULT		0	0	no_evidence		-
00405362	HelpPanelTy::ChangeTree	return		<RETURN>	/undefined	<UNASSIGNED>	DEFAULT		0	0	no_evidence		-
0040536C	thunk_FUN_004cdef0	return		<RETURN>	/undefined4	EAX:4	DEFAULT		0	0	no_evidence		-
0040537B	STT3DSprC::Init	parameter	1	param_1	/undefined4	Stack[0x4]:4	DEFAULT		0	0	no_evidence		-
0040537B	STT3DSprC::Init	return		<RETURN>	/undefined4	EAX:4	DEFAULT		0	0	no_evidence		-
00405380	thunk_FUN_004e96c0	return		<RETURN>	/undefined4	EAX:4	DEFAULT		0	0	no_evidence		-
0040538F	thunk_FUN_004dd070	return		<RETURN>	/undefined4	EAX:4	DEFAULT		0	0	no_evidence		-
00405399	thunk_FUN_005f8ba0	return		<RETURN>	/undefined4	EAX:4	DEFAULT		0	0	no_evidence		-
0040539E	thunk_FUN_004dc220	return		<RETURN>	/undefined4	EAX:4	DEFAULT		0	0	no_evidence		-
004053A3	thunk_FUN_004911b0	parameter	1	param_1	/undefined4	Stack[0x4]:4	DEFAULT		0	0	no_evidence		-
004053A3	thunk_FUN_004911b0	return		<RETURN>	/undefined4	EAX:4	DEFAULT		0	0	no_evidence		-
004053BC	STGroupBoatC::GrpUnLoadRC	return		<RETURN>	/undefined4	EAX:4	DEFAULT		0	0	no_evidence		-
004053D0	thunk_FUN_006a57a0	return		<RETURN>	/undefined	<UNASSIGNED>	DEFAULT		0	0	no_evidence		-
004053DA	thunk_FUN_0041da10	return		<RETURN>	/undefined	<UNASSIGNED>	DEFAULT		0	0	no_evidence		-
004053E9	thunk_FUN_00626c00	return		<RETURN>	/undefined	<UNASSIGNED>	DEFAULT		0	0	no_evidence		-
004053F8	thunk_FUN_004e5a80	return		<RETURN>	/undefined	<UNASSIGNED>	DEFAULT		0	0	no_evidence		-
00405402	thunk_FUN_004c2840	return		<RETURN>	/undefined	<UNASSIGNED>	DEFAULT		0	0	no_evidence		-
0040540C	thunk_FUN_004dc470	return		<RETURN>	/undefined4	EAX:4	DEFAULT		0	0	no_evidence		-
00405411	thunk_FUN_006802a0	return		<RETURN>	/undefined	<UNASSIGNED>	DEFAULT		0	0	no_evidence		-
00405416	thunk_FUN_00491930	return		<RETURN>	/undefined	<UNASSIGNED>	DEFAULT		0	0	no_evidence		-
0040542A	TLOBaseTy::sub_004C6C70	parameter	1	param_1	/undefined4	Stack[0x4]:4	DEFAULT		0	0	no_evidence		-
0040542A	TLOBaseTy::sub_004C6C70	parameter	2	param_2	/undefined4	Stack[0x8]:4	DEFAULT		0	0	no_evidence		-
0040542A	TLOBaseTy::sub_004C6C70	parameter	3	param_3	/undefined4	Stack[0xc]:4	DEFAULT		0	0	no_evidence		-
0040542A	TLOBaseTy::sub_004C6C70	return		<RETURN>	/undefined4	EAX:4	DEFAULT		0	0	no_evidence		-
0040542F	thunk_FUN_00682340	return		<RETURN>	/undefined	<UNASSIGNED>	DEFAULT		0	0	no_evidence		-
00405434	STBoatC::LoadRC	parameter	2	param_2	/undefined4	Stack[0x8]:4	DEFAULT		0	0	no_evidence		-
00405443	STPlaySystemC::sub_0054EBB0	return		<RETURN>	/undefined	<UNASSIGNED>	DEFAULT		0	0	no_evidence		-
00405448	thunk_FUN_004e6e10	return		<RETURN>	/undefined	<UNASSIGNED>	DEFAULT		0	0	no_evidence		-
0040544D	thunk_FUN_00497000	return		<RETURN>	/undefined	<UNASSIGNED>	DEFAULT		0	0	no_evidence		-
00405452	thunk_FUN_004233a0	return		<RETURN>	/undefined4	EAX:4	DEFAULT		0	0	no_evidence		-
0040545C	thunk_FUN_004dc240	return		<RETURN>	/undefined4	EAX:4	DEFAULT		0	0	no_evidence		-
00405466	thunk_FUN_004ebda0	parameter	4	param_4	/undefined4	Stack[0x10]:4	DEFAULT		0	0	no_evidence		-
00405466	thunk_FUN_004ebda0	parameter	5	param_5	/undefined4	Stack[0x14]:4	DEFAULT		0	0	no_evidence		-
00405466	thunk_FUN_004ebda0	parameter	6	param_6	/undefined4	Stack[0x18]:4	DEFAULT		0	0	no_evidence		-
00405466	thunk_FUN_004ebda0	return		<RETURN>	/undefined	<UNASSIGNED>	DEFAULT		0	0	no_evidence		-
00405470	thunk_FUN_004e1490	return		<RETURN>	/undefined4	EAX:4	DEFAULT		0	0	no_evidence		-
00405475	thunk_FUN_0060ecc0	return		<RETURN>	/undefined4	EAX:4	DEFAULT		0	0	no_evidence		-
0040547A	CGenerate::sub_00696940	return		<RETURN>	/undefined	<UNASSIGNED>	DEFAULT		0	0	no_evidence		-
00405484	thunk_FUN_00639630	return		<RETURN>	/undefined	<UNASSIGNED>	DEFAULT		0	0	no_evidence		-
0040548E	thunk_FUN_0058eeb0	return		<RETURN>	/undefined	<UNASSIGNED>	DEFAULT		0	0	no_evidence		-
004054A7	BldBoatPanelTy::InitBldBoatPanel	return		<RETURN>	/undefined	<UNASSIGNED>	DEFAULT		0	0	no_evidence		-
004054AC	thunk_FUN_00651770	return		<RETURN>	/undefined4	EAX:4	DEFAULT		0	0	no_evidence		-
004054C0	thunk_FUN_00635da0	return		<RETURN>	/undefined4	EAX:4	DEFAULT		0	0	no_evidence		-
004054CA	thunk_FUN_00529480	return		<RETURN>	/undefined4	EAX:4	DEFAULT		0	0	no_evidence		-
004054CF	thunk_FUN_00604160	return		<RETURN>	/undefined	<UNASSIGNED>	DEFAULT		0	0	no_evidence		-
004054D4	thunk_FUN_004ebcb0	return		<RETURN>	/undefined	<UNASSIGNED>	DEFAULT		0	0	no_evidence		-
004054E3	STBoatC::NotReadyForLoading	return		<RETURN>	/undefined	<UNASSIGNED>	DEFAULT		0	0	no_evidence		-
004054E8	thunk_FUN_004dc720	return		<RETURN>	/undefined4	EAX:4	DEFAULT		0	0	no_evidence		-
004054ED	thunk_FUN_0062a8b0	return		<RETURN>	/undefined4	EAX:4	DEFAULT		0	0	no_evidence		-
004054F2	CPanelTy::sub_004FAE90	return		<RETURN>	/undefined	<UNASSIGNED>	DEFAULT		0	0	no_evidence		-
004054F7	thunk_FUN_0041ae10	return		<RETURN>	/undefined	<UNASSIGNED>	DEFAULT		0	0	no_evidence		-
00405501	thunk_FUN_0041c2e0	return		<RETURN>	/undefined	<UNASSIGNED>	DEFAULT		0	0	no_evidence		-
00405506	thunk_FUN_006a3390	return		<RETURN>	/undefined1	AL:1	DEFAULT		0	0	no_evidence		-
00405515	thunk_FUN_004cc040	return		<RETURN>	/undefined4	EAX:4	DEFAULT		0	0	no_evidence		-
0040551F	STAllPlayersC::RestoreGObjData	return		<RETURN>	/undefined	<UNASSIGNED>	DEFAULT		0	0	no_evidence		-
00405524	SubmarineTitans::Recovered::HiddenThis::AnonReceiver_004EEFB0::thunk_FUN_005c8200	return		<RETURN>	/undefined	<UNASSIGNED>	DEFAULT		0	0	no_evidence		-
00405529	FSGSTy::ConnectProc	return		<RETURN>	/undefined	<UNASSIGNED>	DEFAULT		0	0	no_evidence		-
00405533	thunk_FUN_0062fe00	return		<RETURN>	/undefined	<UNASSIGNED>	DEFAULT		0	0	no_evidence		-
00405538	TradePanelTy::DoneTradePanel	return		<RETURN>	/undefined	<UNASSIGNED>	DEFAULT		0	0	no_evidence		-
00405547	thunk_FUN_004a8f20	return		<RETURN>	/undefined	<UNASSIGNED>	DEFAULT		0	0	no_evidence		-
0040554C	STBHEShellC::sub_005F4C50	parameter	2	param_2	/undefined4	Stack[0x8]:4	DEFAULT		0	0	no_evidence		-
0040554C	STBHEShellC::sub_005F4C50	return		<RETURN>	/undefined4	EAX:4	DEFAULT		0	0	no_evidence		-
00405551	thunk_FUN_004e6d00	return		<RETURN>	/undefined	<UNASSIGNED>	DEFAULT		0	0	no_evidence		-
00405556	thunk_FUN_004d7480	parameter	2	param_3	/undefined4	Stack[0xc]:4	DEFAULT		0	0	no_evidence		-
00405556	thunk_FUN_004d7480	return		<RETURN>	/undefined4	EAX:4	DEFAULT		0	0	no_evidence		-
00405560	thunk_FUN_004ed430	return		<RETURN>	/undefined4	EAX:4	DEFAULT		0	0	no_evidence		-
0040556A	FSGSTy::SetChannelList	return		<RETURN>	/undefined	<UNASSIGNED>	DEFAULT		0	0	no_evidence		-
0040556F	CPanelTy::SetControlBoat	return		<RETURN>	/undefined	<UNASSIGNED>	DEFAULT		0	0	no_evidence		-
0040557E	thunk_FUN_004d8320	parameter	0	param_1	/undefined4	Stack[0x4]:4	DEFAULT		0	0	no_evidence		-
0040557E	thunk_FUN_004d8320	return		<RETURN>	/undefined4	EAX:4	DEFAULT		0	0	no_evidence		-
00405583	IntercomPanelTy::InitIntercomPanel	return		<RETURN>	/undefined	<UNASSIGNED>	DEFAULT		0	0	no_evidence		-
00405588	thunk_FUN_0064e8c0	return		<RETURN>	/undefined4	EAX:4	DEFAULT		0	0	no_evidence		-
0040558D	thunk_FUN_004c5f30	return		<RETURN>	/undefined4	EAX:4	DEFAULT		0	0	no_evidence		-
00405597	CGenerate::sub_00696810	return		<RETURN>	/undefined	<UNASSIGNED>	DEFAULT		0	0	no_evidence		-
0040559C	thunk_FUN_0065e860	return		<RETURN>	/undefined4	EAX:4	DEFAULT		0	0	no_evidence		-
004055A6	thunk_FUN_0065fd50	parameter	4	param_4	/undefined4	Stack[0x10]:4	DEFAULT		0	0	no_evidence		-
004055A6	thunk_FUN_0065fd50	return		<RETURN>	/undefined4	EAX:4	DEFAULT		0	0	no_evidence		-
004055B0	thunk_FUN_0064f040	return		<RETURN>	/undefined4	EAX:4	DEFAULT		0	0	no_evidence		-
004055B5	SettMapTy::CreateCtrls	return		<RETURN>	/undefined	<UNASSIGNED>	DEFAULT		0	0	no_evidence		-
004055BA	STBHEShellC::sub_005F35F0	return		<RETURN>	/undefined4	EAX:4	DEFAULT		0	0	no_evidence		-
004055BF	thunk_FUN_00486a60	return		<RETURN>	/undefined	<UNASSIGNED>	DEFAULT		0	0	no_evidence		-
004055CE	thunk_FUN_006a4130	return		<RETURN>	/undefined	<UNASSIGNED>	DEFAULT		0	0	no_evidence		-
004055D3	thunk_FUN_005ede30	return		<RETURN>	/undefined4	EAX:4	DEFAULT		0	0	no_evidence		-
004055DD	thunk_FUN_006033d0	return		<RETURN>	/undefined	<UNASSIGNED>	DEFAULT		0	0	no_evidence		-
004055E2	thunk_FUN_004ddd50	return		<RETURN>	/undefined4	EAX:4	DEFAULT		0	0	no_evidence		-
004055EC	thunk_FUN_004898c0	return		<RETURN>	/undefined	<UNASSIGNED>	DEFAULT		0	0	no_evidence		-
004055F1	HoloTy::NextFas	return		<RETURN>	/undefined4	EAX:4	DEFAULT		0	0	no_evidence		-
00405614	MReportTy::sub_005C0190	return		<RETURN>	/undefined	<UNASSIGNED>	DEFAULT		0	0	no_evidence		-
00405628	thunk_FUN_00677ed0	return		<RETURN>	/undefined	<UNASSIGNED>	DEFAULT		0	0	no_evidence		-
00405632	thunk_FUN_004b0250	return		<RETURN>	/undefined4	EAX:4	DEFAULT		0	0	no_evidence		-
00405655	thunk_FUN_004ece40	return		<RETURN>	/undefined4	EAX:4	DEFAULT		0	0	no_evidence		-
0040565A	CreateMiniMap	return		<RETURN>	/undefined	<UNASSIGNED>	DEFAULT		0	0	no_evidence		-
00405669	thunk_FUN_00490a00	return		<RETURN>	/undefined	<UNASSIGNED>	DEFAULT		0	0	no_evidence		-
00405673	STGroupBoatC::GrpLoadRC	return		<RETURN>	/undefined4	EAX:4	DEFAULT		0	0	no_evidence		-
00405678	TradePanelTy::InitTradePanel	return		<RETURN>	/undefined	<UNASSIGNED>	DEFAULT		0	0	no_evidence		-
0040567D	thunk_FUN_005da7a0	return		<RETURN>	/undefined4	EAX:4	DEFAULT		0	0	no_evidence		-
00405682	thunk_FUN_004e20d0	parameter	4	param_4	/undefined4	Stack[0x10]:4	DEFAULT		0	0	no_evidence		-
00405682	thunk_FUN_004e20d0	return		<RETURN>	/undefined4	EAX:4	DEFAULT		0	0	no_evidence		-
00405687	FUN_00405687	return		<RETURN>	/undefined4	EAX:4	DEFAULT		0	0	no_evidence		-
0040568C	thunk_FUN_0064f780	return		<RETURN>	/undefined4	EAX:4	DEFAULT		0	0	no_evidence		-
00405691	thunk_FUN_004e18e0	return		<RETURN>	/undefined4	EAX:4	DEFAULT		0	0	no_evidence		-
00405696	thunk_FUN_0062e3a0	return		<RETURN>	/undefined	<UNASSIGNED>	DEFAULT		0	0	no_evidence		-
0040569B	thunk_FUN_00660b50	return		<RETURN>	/undefined4	EAX:4	DEFAULT		0	0	no_evidence		-
004056A0	thunk_FUN_0063e660	return		<RETURN>	/undefined	<UNASSIGNED>	DEFAULT		0	0	no_evidence		-
004056AA	thunk_FUN_0064cd10	return		<RETURN>	/undefined	<UNASSIGNED>	DEFAULT		0	0	no_evidence		-
004056B9	thunk_FUN_005fd3a0	return		<RETURN>	/undefined4	EAX:4	DEFAULT		0	0	no_evidence		-
004056C3	thunk_FUN_0065eb70	parameter	7	param_7	/undefined4	Stack[0x1c]:4	DEFAULT		0	0	no_evidence		-
004056CD	thunk_FUN_004ad610	return		<RETURN>	/undefined1	AL:1	DEFAULT		0	0	no_evidence		-
004056D2	PanelTy::PaintLBut	return		<RETURN>	/undefined	<UNASSIGNED>	DEFAULT		0	0	no_evidence		-
004056D7	thunk_FUN_004e2200	parameter	3	param_3	/undefined4	Stack[0xc]:4	DEFAULT		0	0	no_evidence		-
004056D7	thunk_FUN_004e2200	return		<RETURN>	/undefined4	EAX:4	DEFAULT		0	0	no_evidence		-
004056DC	thunk_FUN_0041abf0	return		<RETURN>	/undefined	<UNASSIGNED>	DEFAULT		0	0	no_evidence		-
004056E1	thunk_FUN_005f0430	return		<RETURN>	/undefined	<UNASSIGNED>	DEFAULT		0	0	no_evidence		-
004056E6	thunk_FUN_005fcc70	return		<RETURN>	/undefined	<UNASSIGNED>	DEFAULT		0	0	no_evidence		-
004056EB	STJumpMineC::LoadImagJMine	return		<RETURN>	/undefined4	EAX:4	DEFAULT		0	0	no_evidence		-
004056FF	STAllPlayersC::SaveTmp	return		<RETURN>	/undefined	<UNASSIGNED>	DEFAULT		0	0	no_evidence		-
00405709	thunk_FUN_004aab00	return		<RETURN>	/undefined4	EAX:4	DEFAULT		0	0	no_evidence		-
0040570E	thunk_FUN_0064f6e0	return		<RETURN>	/undefined4	EAX:4	DEFAULT		0	0	no_evidence		-
00405713	thunk_FUN_00624140	return		<RETURN>	/undefined4	EAX:4	DEFAULT		0	0	no_evidence		-
0040571D	thunk_FUN_004e6010	return		<RETURN>	/undefined4	EAX:4	DEFAULT		0	0	no_evidence		-
00405727	STParticleC::InitVisibelFlight	return		<RETURN>	/undefined4	EAX:4	DEFAULT		0	0	no_evidence		-
0040573B	thunk_FUN_004b7b20	return		<RETURN>	/undefined	<UNASSIGNED>	DEFAULT		0	0	no_evidence		-
00405740	thunk_FUN_005fcff0	parameter	0	param_1	/undefined4	Stack[0x4]:4	DEFAULT		0	0	no_evidence		-
00405740	thunk_FUN_005fcff0	parameter	3	param_4	/undefined4	Stack[0x10]:4	DEFAULT		0	0	no_evidence		-
00405740	thunk_FUN_005fcff0	parameter	4	param_5	/undefined4	Stack[0x14]:4	DEFAULT		0	0	no_evidence		-
00405740	thunk_FUN_005fcff0	parameter	5	param_6	/undefined4	Stack[0x18]:4	DEFAULT		0	0	no_evidence		-
00405740	thunk_FUN_005fcff0	parameter	6	param_7	/undefined4	Stack[0x1c]:4	DEFAULT		0	0	no_evidence		-
00405740	thunk_FUN_005fcff0	parameter	8	param_9	/undefined4	Stack[0x24]:4	DEFAULT		0	0	no_evidence		-
00405740	thunk_FUN_005fcff0	return		<RETURN>	/undefined	<UNASSIGNED>	DEFAULT		0	0	no_evidence		-
0040574F	thunk_FUN_0041c380	return		<RETURN>	/undefined	<UNASSIGNED>	DEFAULT		0	0	no_evidence		-
00405759	TLOBaseTy::thunk_FUN_004c7cc0	parameter	6	param_6	/undefined4	Stack[0x18]:4	DEFAULT		0	0	no_evidence		-
00405759	TLOBaseTy::thunk_FUN_004c7cc0	return		<RETURN>	/undefined4	EAX:4	DEFAULT		0	0	no_evidence		-
00405763	thunk_FUN_005fac40	return		<RETURN>	/undefined	<UNASSIGNED>	DEFAULT		0	0	no_evidence		-
00405768	TLOBaseTy::sub_004CC900	return		<RETURN>	/undefined4	EAX:4	DEFAULT		0	0	no_evidence		-
0040576D	thunk_FUN_0060cb60	return		<RETURN>	/undefined4	EAX:4	DEFAULT		0	0	no_evidence		-
00405786	thunk_FUN_0063fe70	return		<RETURN>	/undefined	<UNASSIGNED>	DEFAULT		0	0	no_evidence		-
0040578B	TradePanelTy::sub_00551800	return		<RETURN>	/undefined	<UNASSIGNED>	DEFAULT		0	0	no_evidence		-
00405790	SubmarineTitans::Recovered::HiddenThis::AnonReceiver_00636260::thunk_FUN_00636260	return		<RETURN>	/undefined4	EAX:4	DEFAULT		0	0	no_evidence		-
0040579F	thunk_FUN_00423120	return		<RETURN>	/undefined4	EAX:4	DEFAULT		0	0	no_evidence		-
004057A4	thunk_FUN_0061cfb0	return		<RETURN>	/undefined	<UNASSIGNED>	DEFAULT		0	0	no_evidence		-
004057AE	AiTactClassTy::GiveObjByGrpNum	return		<RETURN>	/undefined	<UNASSIGNED>	DEFAULT		0	0	no_evidence		-
004057BD	CPanelTy::PaintNameRes	return		<RETURN>	/undefined	<UNASSIGNED>	DEFAULT		0	0	no_evidence		-
004057E0	HelpPanelTy::ArmProc	return		<RETURN>	/undefined	<UNASSIGNED>	DEFAULT		0	0	no_evidence		-
004057E5	AiFltClassTy::sub_00661800	parameter	1	param_2	/undefined4	EDX:4	DEFAULT		0	0	no_evidence		-
004057EA	UPanelTy::OutProc	parameter	2	param_2	/undefined4	Stack[0x8]:4	DEFAULT		0	0	no_evidence		-
004057EA	UPanelTy::OutProc	parameter	3	param_3	/undefined4	Stack[0xc]:4	DEFAULT		0	0	no_evidence		-
004057EA	UPanelTy::OutProc	parameter	6	param_6	/undefined4	Stack[0x18]:4	DEFAULT		0	0	no_evidence		-
004057EA	UPanelTy::OutProc	parameter	7	param_7	/undefined4	Stack[0x1c]:4	DEFAULT		0	0	no_evidence		-
004057EA	UPanelTy::OutProc	return		<RETURN>	/undefined	<UNASSIGNED>	DEFAULT		0	0	no_evidence		-
004057F4	STAllPlayersC::RestoreTmp	return		<RETURN>	/undefined	<UNASSIGNED>	DEFAULT		0	0	no_evidence		-
00405803	HelpPanelTy::IndexBut	return		<RETURN>	/undefined	<UNASSIGNED>	DEFAULT		0	0	no_evidence		-
00405808	thunk_FUN_0063cc10	return		<RETURN>	/undefined	<UNASSIGNED>	DEFAULT		0	0	no_evidence		-
00405812	CPanelTy::PaintTxtBut	return		<RETURN>	/undefined	<UNASSIGNED>	DEFAULT		0	0	no_evidence		-
00405821	TLOBaseTy::sub_004DE7D0	parameter	1	param_1	/undefined4	Stack[0x4]:4	DEFAULT		0	0	no_evidence		-
00405821	TLOBaseTy::sub_004DE7D0	parameter	2	param_2	/undefined4	Stack[0x8]:4	DEFAULT		0	0	no_evidence		-
00405821	TLOBaseTy::sub_004DE7D0	return		<RETURN>	/undefined4	EAX:4	DEFAULT		0	0	no_evidence		-
00405826	thunk_FUN_005f0620	return		<RETURN>	/undefined	<UNASSIGNED>	DEFAULT		0	0	no_evidence		-
0040582B	thunk_FUN_004c9430	return		<RETURN>	/undefined4	EAX:4	DEFAULT		0	0	no_evidence		-
00405835	thunk_FUN_0041ce40	return		<RETURN>	/undefined	<UNASSIGNED>	DEFAULT		0	0	no_evidence		-
0040583A	thunk_FUN_005daa90	return		<RETURN>	/undefined4	EAX:4	DEFAULT		0	0	no_evidence		-
0040583F	thunk_FUN_00580dc0	return		<RETURN>	/undefined4	EAX:4	DEFAULT		0	0	no_evidence		-
00405844	thunk_FUN_006616b0	return		<RETURN>	/undefined	<UNASSIGNED>	DEFAULT		0	0	no_evidence		-
0040585D	PrividerTy::sub_005BB9F0	return		<RETURN>	/undefined	<UNASSIGNED>	DEFAULT		0	0	no_evidence		-
00405867	MMsgTy::CloseSprBut	return		<RETURN>	/undefined	<UNASSIGNED>	DEFAULT		0	0	no_evidence		-
0040586C	thunk_FUN_0065e9a0	parameter	6	param_6	/undefined4	Stack[0x18]:4	DEFAULT		0	0	no_evidence		-
0040586C	thunk_FUN_0065e9a0	return		<RETURN>	/undefined4	EAX:4	DEFAULT		0	0	no_evidence		-
00405876	thunk_FUN_00674ce0	return		<RETURN>	/undefined	<UNASSIGNED>	DEFAULT		0	0	no_evidence		-
0040587B	BldLabPanelTy::PaintUpdBut	return		<RETURN>	/undefined	<UNASSIGNED>	DEFAULT		0	0	no_evidence		-
00405885	STRubbishC::sub_0062F900	return		<RETURN>	/undefined	<UNASSIGNED>	DEFAULT		0	0	no_evidence		-
0040588A	thunk_FUN_0057bd70	return		<RETURN>	/undefined4	EAX:4	DEFAULT		0	0	no_evidence		-
0040588F	thunk_FUN_005fd1b0	parameter	0	param_1	/undefined4	Stack[0x4]:4	DEFAULT		0	0	no_evidence		-
0040588F	thunk_FUN_005fd1b0	parameter	1	param_2	/undefined4	Stack[0x8]:4	DEFAULT		0	0	no_evidence		-
0040588F	thunk_FUN_005fd1b0	parameter	2	param_3	/undefined4	Stack[0xc]:4	DEFAULT		0	0	no_evidence		-
0040588F	thunk_FUN_005fd1b0	parameter	3	param_4	/undefined4	Stack[0x10]:4	DEFAULT		0	0	no_evidence		-
0040588F	thunk_FUN_005fd1b0	parameter	7	param_8	/undefined4	Stack[0x20]:4	DEFAULT		0	0	no_evidence		-
0040588F	thunk_FUN_005fd1b0	parameter	8	param_9	/undefined4	Stack[0x24]:4	DEFAULT		0	0	no_evidence		-
0040588F	thunk_FUN_005fd1b0	parameter	9	param_10	/undefined4	Stack[0x28]:4	DEFAULT		0	0	no_evidence		-
0040588F	thunk_FUN_005fd1b0	parameter	11	param_12	/undefined4	Stack[0x30]:4	DEFAULT		0	0	no_evidence		-
0040588F	thunk_FUN_005fd1b0	parameter	12	param_13	/undefined4	Stack[0x34]:4	DEFAULT		0	0	no_evidence		-
0040588F	thunk_FUN_005fd1b0	return		<RETURN>	/undefined4	EAX:4	DEFAULT		0	0	no_evidence		-
00405899	thunk_FUN_0055d440	return		<RETURN>	/undefined	<UNASSIGNED>	DEFAULT		0	0	no_evidence		-
0040589E	thunk_FUN_00476cc0	return		<RETURN>	/undefined	<UNASSIGNED>	DEFAULT		0	0	no_evidence		-
004058A3	thunk_FUN_0044ce40	parameter	0	param_1	/undefined4	ECX:4	DEFAULT		0	0	no_evidence		-
004058A8	thunk_FUN_0061fe80	parameter	4	param_4	/undefined4	Stack[0x10]:4	DEFAULT		0	0	no_evidence		-
004058B2	thunk_FUN_0058bb50	return		<RETURN>	/undefined	<UNASSIGNED>	DEFAULT		0	0	no_evidence		-
004058B7	thunk_FUN_004dcaa0	return		<RETURN>	/undefined	<UNASSIGNED>	DEFAULT		0	0	no_evidence		-
004058BC	STBoatC::BackToDok	parameter	2	param_2	/undefined4	Stack[0x8]:4	DEFAULT		0	0	no_evidence		-
004058BC	STBoatC::BackToDok	parameter	3	param_3	/undefined4	Stack[0xc]:4	DEFAULT		0	0	no_evidence		-
004058C6	STLightC::sub_0061D650	return		<RETURN>	/undefined	<UNASSIGNED>	DEFAULT		0	0	no_evidence		-
004058CB	thunk_FUN_006a5cd0	return		<RETURN>	/undefined4	EAX:4	DEFAULT		0	0	no_evidence		-
004058D5	MAdvTy::NoneMAdv	return		<RETURN>	/undefined	<UNASSIGNED>	DEFAULT		0	0	no_evidence		-
004058DA	TLOBaseTy::sub_004CE860	return		<RETURN>	/undefined4	EAX:4	DEFAULT		0	0	no_evidence		-
004058DF	thunk_FUN_0064f360	return		<RETURN>	/undefined4	EAX:4	DEFAULT		0	0	no_evidence		-
004058E4	thunk_FUN_004ea460	return		<RETURN>	/undefined4	EAX:4	DEFAULT		0	0	no_evidence		-
004058E9	OptPanelTy::InitOptPanel	return		<RETURN>	/undefined	<UNASSIGNED>	DEFAULT		0	0	no_evidence		-
004058F3	thunk_FUN_004f19d0	return		<RETURN>	/undefined4	EAX:4	DEFAULT		0	0	no_evidence		-
004058FD	thunk_FUN_005335e0	return		<RETURN>	/undefined	<UNASSIGNED>	DEFAULT		0	0	no_evidence		-
00405902	thunk_FUN_00423300	return		<RETURN>	/undefined4	EAX:4	DEFAULT		0	0	no_evidence		-
00405907	STSprGameObjC::CheckRay	return		<RETURN>	/undefined4	EAX:4	DEFAULT		0	0	no_evidence		-
0040591B	STAppC::sub_0056EE90	return		<RETURN>	/undefined	<UNASSIGNED>	DEFAULT		0	0	no_evidence		-
00405925	thunk_FUN_00694890	return		<RETURN>	/undefined	<UNASSIGNED>	DEFAULT		0	0	no_evidence		-
0040592A	thunk_FUN_00627650	parameter	1	param_1	/undefined4	Stack[0x4]:4	DEFAULT		0	0	no_evidence		-
0040592A	thunk_FUN_00627650	return		<RETURN>	/undefined	<UNASSIGNED>	DEFAULT		0	0	no_evidence		-
00405939	thunk_FUN_0055c6c0	return		<RETURN>	/undefined	<UNASSIGNED>	DEFAULT		0	0	no_evidence		-
0040593E	STGroupBoatC::GrpMove	return		<RETURN>	/undefined4	EAX:4	DEFAULT		0	0	no_evidence		-
00405943	STJellyGunC::LifeGun	return		<RETURN>	/undefined	<UNASSIGNED>	DEFAULT		0	0	no_evidence		-
00405948	SubmarineTitans::Recovered::HiddenThis::AnonReceiver_00493610::thunk_FUN_00493610	return		<RETURN>	/undefined4	EAX:4	DEFAULT		0	0	no_evidence		-
0040594D	thunk_FUN_004d6890	return		<RETURN>	/undefined	<UNASSIGNED>	DEFAULT		0	0	no_evidence		-
00405957	AiTactClassTy::BackFromRepair	return		<RETURN>	/undefined	<UNASSIGNED>	DEFAULT		0	0	no_evidence		-
0040595C	thunk_FUN_00660010	return		<RETURN>	/undefined4	EAX:4	DEFAULT		0	0	no_evidence		-
00405961	thunk_FUN_00647b60	return		<RETURN>	/undefined4	EAX:4	DEFAULT		0	0	no_evidence		-
00405966	thunk_FUN_006515b0	return		<RETURN>	/undefined4	EAX:4	DEFAULT		0	0	no_evidence		-
0040596B	MReportTy::PaintTab	return		<RETURN>	/undefined	<UNASSIGNED>	DEFAULT		0	0	no_evidence		-
00405970	thunk_FUN_005fd750	parameter	5	param_6	/undefined4	Stack[0x18]:4	DEFAULT		0	0	no_evidence		-
00405975	CGenerate::sub_006988C0	return		<RETURN>	/undefined	<UNASSIGNED>	DEFAULT		0	0	no_evidence		-
0040597F	PrividerTy::OutListProc	parameter	3	param_3	/undefined4	Stack[0xc]:4	DEFAULT		0	0	no_evidence		-
0040597F	PrividerTy::OutListProc	return		<RETURN>	/undefined	<UNASSIGNED>	DEFAULT		0	0	no_evidence		-
00405984	thunk_FUN_00490b30	return		<RETURN>	/undefined	<UNASSIGNED>	DEFAULT		0	0	no_evidence		-
00405989	thunk_FUN_0042a990	return		<RETURN>	/undefined4	EAX:4	DEFAULT		0	0	no_evidence		-
00405993	STGenBombC::LoadImagSpr	return		<RETURN>	/undefined4	EAX:4	DEFAULT		0	0	no_evidence		-
0040599D	thunk_FUN_00620160	parameter	1	param_1	/undefined4	Stack[0x4]:4	DEFAULT		0	0	no_evidence		-
0040599D	thunk_FUN_00620160	parameter	3	param_3	/undefined4	Stack[0xc]:4	DEFAULT		0	0	no_evidence		-
0040599D	thunk_FUN_00620160	parameter	4	param_4	/undefined4	Stack[0x10]:4	DEFAULT		0	0	no_evidence		-
004059A2	thunk_FUN_004b7a80	return		<RETURN>	/undefined4	EAX:4	DEFAULT		0	0	no_evidence		-
004059B6	AiFltClassTy::sub_0065E360	parameter	1	param_2	/undefined4	EDX:4	DEFAULT		0	0	no_evidence		-
004059C0	CampaignTy::sub_00592620	return		<RETURN>	/undefined	<UNASSIGNED>	DEFAULT		0	0	no_evidence		-
004059C5	thunk_FUN_004eb150	return		<RETURN>	/undefined4	EAX:4	DEFAULT		0	0	no_evidence		-
004059CA	thunk_FUN_00553b00	return		<RETURN>	/undefined	<UNASSIGNED>	DEFAULT		0	0	no_evidence		-
004059CF	thunk_FUN_00566bd0	return		<RETURN>	/undefined	<UNASSIGNED>	DEFAULT		0	0	no_evidence		-
004059D9	STAllPlayersC::RegisterGroup	return		<RETURN>	/undefined4	EAX:4	DEFAULT		0	0	no_evidence		-
004059E3	thunk_FUN_004e03e0	return		<RETURN>	/undefined4	EAX:4	DEFAULT		0	0	no_evidence		-
004059E8	thunk_FUN_004aa200	return		<RETURN>	/undefined4	EAX:4	DEFAULT		0	0	no_evidence		-
004059ED	thunk_FUN_00550380	return		<RETURN>	/undefined	<UNASSIGNED>	DEFAULT		0	0	no_evidence		-
004059F7	thunk_FUN_0041f310	return		<RETURN>	/undefined	<UNASSIGNED>	DEFAULT		0	0	no_evidence		-
004059FC	WaitTy::ShowDescription	return		<RETURN>	/undefined	<UNASSIGNED>	DEFAULT		0	0	no_evidence		-
00405A0B	thunk_FUN_004cdfd0	return		<RETURN>	/undefined4	EAX:4	DEFAULT		0	0	no_evidence		-
00405A29	thunk_FUN_004acdd0	return		<RETURN>	/undefined4	EAX:4	DEFAULT		0	0	no_evidence		-
00405A2E	TLOBaseTy::sub_004C7460	return		<RETURN>	/undefined4	EAX:4	DEFAULT		0	0	no_evidence		-
00405A33	thunk_FUN_004c2d40	return		<RETURN>	/undefined4	EAX:4	DEFAULT		0	0	no_evidence		-
00405A3D	thunk_FUN_00647ce0	parameter	2	param_2	/undefined4	Stack[0x8]:4	DEFAULT		0	0	no_evidence		-
00405A3D	thunk_FUN_00647ce0	return		<RETURN>	/undefined	<UNASSIGNED>	DEFAULT		0	0	no_evidence		-
00405A42	OptPanelTy::SwitchOptPanel	return		<RETURN>	/undefined	<UNASSIGNED>	DEFAULT		0	0	no_evidence		-
00405A5B	thunk_FUN_00681ef0	return		<RETURN>	/undefined4	EAX:4	DEFAULT		0	0	no_evidence		-
00405A60	thunk_FUN_00493250	return		<RETURN>	/undefined	<UNASSIGNED>	DEFAULT		0	0	no_evidence		-
00405A65	thunk_FUN_0064e740	return		<RETURN>	/undefined4	EAX:4	DEFAULT		0	0	no_evidence		-
00405A6A	thunk_FUN_004c84c0	return		<RETURN>	/undefined4	EAX:4	DEFAULT		0	0	no_evidence		-
00405A6F	FSGSTy::ChangePlayerPing	parameter	1	param_1	/undefined4	Stack[0x4]:4	DEFAULT		0	0	no_evidence		-
00405A6F	FSGSTy::ChangePlayerPing	parameter	3	param_3	/undefined4	Stack[0xc]:4	DEFAULT		0	0	no_evidence		-
00405A6F	FSGSTy::ChangePlayerPing	return		<RETURN>	/undefined	<UNASSIGNED>	DEFAULT		0	0	no_evidence		-
00405A74	thunk_FUN_0044cd20	parameter	2	param_3	/undefined4	Stack[0xc]:4	DEFAULT		0	0	no_evidence		-
00405A79	thunk_FUN_00680e00	return		<RETURN>	/undefined4	EAX:4	DEFAULT		0	0	no_evidence		-
00405A88	SettMapTy::CloseButtons	return		<RETURN>	/undefined	<UNASSIGNED>	DEFAULT		0	0	no_evidence		-
00405A8D	CPanelTy::PaintCostsXY	return		<RETURN>	/undefined	<UNASSIGNED>	DEFAULT		0	0	no_evidence		-
00405A92	thunk_FUN_00444e70	return		<RETURN>	/undefined	<UNASSIGNED>	DEFAULT		0	0	no_evidence		-
00405AA6	thunk_FUN_004ac610	return		<RETURN>	/undefined4	EAX:4	DEFAULT		0	0	no_evidence		-
00405AAB	thunk_FUN_004e4480	return		<RETURN>	/undefined4	EAX:4	DEFAULT		0	0	no_evidence		-
00405AB0	thunk_FUN_00647ba0	return		<RETURN>	/undefined4	EAX:4	DEFAULT		0	0	no_evidence		-
00405AB5	thunk_FUN_005f15f0	parameter	3	param_3	/undefined2	Stack[0xc]:2	DEFAULT		0	0	no_evidence		-
00405AB5	thunk_FUN_005f15f0	parameter	4	param_4	/undefined1	Stack[0x10]:1	DEFAULT		0	0	no_evidence		-
00405AB5	thunk_FUN_005f15f0	parameter	5	param_5	/undefined2	Stack[0x14]:2	DEFAULT		0	0	no_evidence		-
00405ABF	thunk_FUN_004df6f0	return		<RETURN>	/undefined	<UNASSIGNED>	DEFAULT		0	0	no_evidence		-
00405AC4	thunk_FUN_005efb80	return		<RETURN>	/undefined4	EAX:4	DEFAULT		0	0	no_evidence		-
00405AC9	STAllPlayersC::UnRegisterBlot	return		<RETURN>	/undefined4	EAX:4	DEFAULT		0	0	no_evidence		-
00405AD3	thunk_FUN_004ec900	return		<RETURN>	/undefined	<UNASSIGNED>	DEFAULT		0	0	no_evidence		-
00405ADD	thunk_FUN_006736b0	return		<RETURN>	/undefined	<UNASSIGNED>	DEFAULT		0	0	no_evidence		-
00405AF1	AiTactClassTy::ClaimSave	return		<RETURN>	/undefined	<UNASSIGNED>	DEFAULT		0	0	no_evidence		-
00405AFB	thunk_FUN_005f91e0	return		<RETURN>	/undefined	<UNASSIGNED>	DEFAULT		0	0	no_evidence		-
00405B00	thunk_FUN_00525890	return		<RETURN>	/undefined4	EAX:4	DEFAULT		0	0	no_evidence		-
00405B05	STBoatC::GetDefenceTarget	return		<RETURN>	/undefined4	EAX:4	DEFAULT		0	0	no_evidence		-
00405B0A	InfocPanelTy::ShiftControls	return		<RETURN>	/undefined	<UNASSIGNED>	DEFAULT		0	0	no_evidence		-
00405B14	thunk_FUN_006822c0	return		<RETURN>	/undefined4	EAX:4	DEFAULT		0	0	no_evidence		-
00405B19	thunk_FUN_005f3b30	return		<RETURN>	/undefined4	EAX:4	DEFAULT		0	0	no_evidence		-
00405B28	cLoadingTy::delete	return		<RETURN>	/undefined	<UNASSIGNED>	DEFAULT		0	0	no_evidence		-
00405B32	thunk_FUN_004ead90	return		<RETURN>	/undefined4	EAX:4	DEFAULT		0	0	no_evidence		-
00405B37	thunk_FUN_006216e0	parameter	1	param_1	/undefined4	Stack[0x4]:4	DEFAULT		0	0	no_evidence		-
00405B3C	thunk_FUN_0060e210	parameter	1	param_2	/undefined4	Stack[0x8]:4	DEFAULT		0	0	no_evidence		-
00405B3C	thunk_FUN_0060e210	return		<RETURN>	/undefined4	EAX:4	DEFAULT		0	0	no_evidence		-
00405B41	thunk_FUN_0041ad20	return		<RETURN>	/undefined	<UNASSIGNED>	DEFAULT		0	0	no_evidence		-
00405B4B	thunk_FUN_0064edc0	return		<RETURN>	/undefined4	EAX:4	DEFAULT		0	0	no_evidence		-
00405B5F	thunk_FUN_004ea870	return		<RETURN>	/undefined4	EAX:4	DEFAULT		0	0	no_evidence		-
00405B64	thunk_FUN_004ad740	parameter	1	param_2	/undefined4	Stack[0x8]:4	DEFAULT		0	0	no_evidence		-
00405B64	thunk_FUN_004ad740	return		<RETURN>	/undefined	<UNASSIGNED>	DEFAULT		0	0	no_evidence		-
00405B69	thunk_FUN_00491600	return		<RETURN>	/undefined	<UNASSIGNED>	DEFAULT		0	0	no_evidence		-
00405B6E	thunk_FUN_0064e290	parameter	0	param_1	/undefined4	Stack[0x4]:4	DEFAULT		0	0	no_evidence		-
00405B6E	thunk_FUN_0064e290	parameter	1	param_2	/undefined4	Stack[0x8]:4	DEFAULT		0	0	no_evidence		-
00405B6E	thunk_FUN_0064e290	return		<RETURN>	/undefined4	EAX:4	DEFAULT		0	0	no_evidence		-
00405B73	thunk_FUN_004e6680	return		<RETURN>	/undefined	<UNASSIGNED>	DEFAULT		0	0	no_evidence		-
00405B78	SIDTy::DoneSID	return		<RETURN>	/undefined	<UNASSIGNED>	DEFAULT		0	0	no_evidence		-
00405B87	thunk_FUN_0052a5c0	return		<RETURN>	/undefined4	EAX:4	DEFAULT		0	0	no_evidence		-
00405B8C	thunk_FUN_005ec6a0	return		<RETURN>	/undefined	<UNASSIGNED>	DEFAULT		0	0	no_evidence		-
00405B91	thunk_FUN_004ecb60	return		<RETURN>	/undefined4	EAX:4	DEFAULT		0	0	no_evidence		-
00405B9B	thunk_FUN_00626f10	return		<RETURN>	/undefined4	EAX:4	DEFAULT		0	0	no_evidence		-
00405BA0	CPanelTy::sub_00506040	return		<RETURN>	/undefined	<UNASSIGNED>	DEFAULT		0	0	no_evidence		-
00405BA5	thunk_FUN_004d9c80	return		<RETURN>	/undefined4	EAX:4	DEFAULT		0	0	no_evidence		-
00405BAF	thunk_FUN_00486aa0	return		<RETURN>	/undefined	<UNASSIGNED>	DEFAULT		0	0	no_evidence		-
00405BBE	STAllPlayersC::AddObjsToTmp	return		<RETURN>	/undefined4	EAX:4	DEFAULT		0	0	no_evidence		-
00405BC3	thunk_FUN_005ccc30	return		<RETURN>	/undefined	<UNASSIGNED>	DEFAULT		0	0	no_evidence		-
00405BC8	CGenerate::sub_00696DC0	return		<RETURN>	/undefined	<UNASSIGNED>	DEFAULT		0	0	no_evidence		-
00405BCD	thunk_FUN_006686c0	return		<RETURN>	/undefined	<UNASSIGNED>	DEFAULT		0	0	no_evidence		-
00405BD2	thunk_FUN_00579350	return		<RETURN>	/undefined	<UNASSIGNED>	DEFAULT		0	0	no_evidence		-
00405BD7	thunk_FUN_006164e0	return		<RETURN>	/undefined4	EAX:4	DEFAULT		0	0	no_evidence		-
00405BDC	STExplosionC::LoadImagSpr	parameter	1	param_1	/undefined4	Stack[0x4]:4	DEFAULT		0	0	no_evidence		-
00405BDC	STExplosionC::LoadImagSpr	parameter	2	param_2	/undefined4	Stack[0x8]:4	DEFAULT		0	0	no_evidence		-
00405BDC	STExplosionC::LoadImagSpr	return		<RETURN>	/undefined4	EAX:4	DEFAULT		0	0	no_evidence		-
00405BE6	thunk_FUN_0041d7e0	return		<RETURN>	/undefined	<UNASSIGNED>	DEFAULT		0	0	no_evidence		-
00405BF0	thunk_FUN_0053c490	return		<RETURN>	/undefined	<UNASSIGNED>	DEFAULT		0	0	no_evidence		-
00405BF5	thunk_FUN_004a9d60	return		<RETURN>	/undefined4	EAX:4	DEFAULT		0	0	no_evidence		-
00405BFA	STMineSetC::sub_006239A0	return		<RETURN>	/undefined4	EAX:4	DEFAULT		0	0	no_evidence		-
00405BFF	VisibleClassTy::Init	return		<RETURN>	/undefined	<UNASSIGNED>	DEFAULT		0	0	no_evidence		-
00405C04	thunk_FUN_004af080	parameter	7	param_8	/undefined4	Stack[0x20]:4	DEFAULT		0	0	no_evidence		-
00405C04	thunk_FUN_004af080	return		<RETURN>	/undefined4	EAX:4	DEFAULT		0	0	no_evidence		-
00405C13	thunk_FUN_0065e070	parameter	1	param_2	/undefined4	EDX:4	DEFAULT		0	0	no_evidence		-
00405C18	MTaskTy::PlayScript	return		<RETURN>	/undefined	<UNASSIGNED>	DEFAULT		0	0	no_evidence		-
00405C1D	STFieldC::InitSprSistem	return		<RETURN>	/undefined4	EAX:4	DEFAULT		0	0	no_evidence		-
00405C22	PopUpTy::OutProc	parameter	3	param_3	/undefined4	Stack[0xc]:4	DEFAULT		0	0	no_evidence		-
00405C22	PopUpTy::OutProc	parameter	6	param_6	/undefined4	Stack[0x18]:4	DEFAULT		0	0	no_evidence		-
00405C22	PopUpTy::OutProc	parameter	7	param_7	/undefined4	Stack[0x1c]:4	DEFAULT		0	0	no_evidence		-
00405C22	PopUpTy::OutProc	return		<RETURN>	/undefined	<UNASSIGNED>	DEFAULT		0	0	no_evidence		-
00405C27	thunk_FUN_004be470	return		<RETURN>	/undefined	<UNASSIGNED>	DEFAULT		0	0	no_evidence		-
00405C2C	thunk_FUN_004ec400	return		<RETURN>	/undefined4	EAX:4	DEFAULT		0	0	no_evidence		-
00405C31	HelpPanelTy::BwdBut	return		<RETURN>	/undefined	<UNASSIGNED>	DEFAULT		0	0	no_evidence		-
00405C40	thunk_FUN_004dbf30	return		<RETURN>	/undefined4	EAX:4	DEFAULT		0	0	no_evidence		-
00405C45	thunk_FUN_004e81b0	return		<RETURN>	/undefined4	EAX:4	DEFAULT		0	0	no_evidence		-
00405C4F	thunk_FUN_005fda60	return		<RETURN>	/undefined	<UNASSIGNED>	DEFAULT		0	0	no_evidence		-
00405C59	thunk_FUN_00618900	return		<RETURN>	/undefined4	EAX:4	DEFAULT		0	0	no_evidence		-
00405C5E	STMineSetC::sub_00625730	return		<RETURN>	/undefined4	EAX:4	DEFAULT		0	0	no_evidence		-
00405C68	thunk_FUN_005fb100	return		<RETURN>	/undefined	<UNASSIGNED>	DEFAULT		0	0	no_evidence		-
00405C6D	thunk_FUN_006823e0	return		<RETURN>	/undefined	<UNASSIGNED>	DEFAULT		0	0	no_evidence		-
00405C7C	thunk_FUN_0052a640	return		<RETURN>	/undefined4	EAX:4	DEFAULT		0	0	no_evidence		-
00405C81	thunk_FUN_00696310	return		<RETURN>	/undefined	<UNASSIGNED>	DEFAULT		0	0	no_evidence		-
00405C86	VisibleClassTy::sub_0055A870	return		<RETURN>	/undefined	<UNASSIGNED>	DEFAULT		0	0	no_evidence		-
00405C95	thunk_FUN_00673690	parameter	0	param_1	/undefined4	Stack[0x4]:4	DEFAULT		0	0	no_evidence		-
00405C95	thunk_FUN_00673690	return		<RETURN>	/undefined	<UNASSIGNED>	DEFAULT		0	0	no_evidence		-
00405C9F	STManRuinC::sub_00630C50	parameter	1	param_1	/undefined4	Stack[0x4]:4	DEFAULT		0	0	no_evidence		-
00405CBD	thunk_FUN_004c6bb0	parameter	1	param_1	/undefined4	Stack[0x4]:4	DEFAULT		0	0	no_evidence		-
00405CBD	thunk_FUN_004c6bb0	parameter	2	param_2	/undefined4	Stack[0x8]:4	DEFAULT		0	0	no_evidence		-
00405CBD	thunk_FUN_004c6bb0	parameter	3	param_3	/undefined4	Stack[0xc]:4	DEFAULT		0	0	no_evidence		-
00405CBD	thunk_FUN_004c6bb0	return		<RETURN>	/undefined4	EAX:4	DEFAULT		0	0	no_evidence		-
00405CCC	BldLabPanelTy::InitBldLabPanel	return		<RETURN>	/undefined	<UNASSIGNED>	DEFAULT		0	0	no_evidence		-
00405CD6	StartSystemTy::StartSystemTy	parameter	1	param_1	/undefined4	Stack[0x4]:4	DEFAULT		0	0	no_evidence		-
00405CDB	thunk_FUN_00637f40	return		<RETURN>	/undefined	<UNASSIGNED>	DEFAULT		0	0	no_evidence		-
00405CE0	thunk_FUN_005f0090	return		<RETURN>	/undefined	<UNASSIGNED>	DEFAULT		0	0	no_evidence		-
00405CE5	thunk_FUN_005f0ba0	return		<RETURN>	/undefined4	EAX:4	DEFAULT		0	0	no_evidence		-
00405CEA	thunk_FUN_005f9bd0	return		<RETURN>	/undefined	<UNASSIGNED>	DEFAULT		0	0	no_evidence		-
00405CEF	thunk_FUN_00488890	return		<RETURN>	/undefined	<UNASSIGNED>	DEFAULT		0	0	no_evidence		-
00405CFE	thunk_FUN_0061fb70	parameter	1	param_1	/undefined4	Stack[0x4]:4	DEFAULT		0	0	no_evidence		-
00405CFE	thunk_FUN_0061fb70	parameter	2	param_2	/undefined4	Stack[0x8]:4	DEFAULT		0	0	no_evidence		-
00405CFE	thunk_FUN_0061fb70	parameter	3	param_3	/undefined4	Stack[0xc]:4	DEFAULT		0	0	no_evidence		-
00405CFE	thunk_FUN_0061fb70	parameter	4	param_4	/undefined4	Stack[0x10]:4	DEFAULT		0	0	no_evidence		-
00405D03	CPanelTy::sub_004FA870	return		<RETURN>	/undefined	<UNASSIGNED>	DEFAULT		0	0	no_evidence		-
00405D0D	CGenerate::sub_0069ADA0	return		<RETURN>	/undefined	<UNASSIGNED>	DEFAULT		0	0	no_evidence		-
00405D12	STAllPlayersC::SetActivityToObjs	return		<RETURN>	/undefined	<UNASSIGNED>	DEFAULT		0	0	no_evidence		-
00405D17	thunk_FUN_0064a940	return		<RETURN>	/undefined4	EAX:4	DEFAULT		0	0	no_evidence		-
00405D1C	MTaskTy::CreateBut	parameter	1	param_1	/undefined4	Stack[0x4]:4	DEFAULT		0	0	no_evidence		-
00405D1C	MTaskTy::CreateBut	parameter	2	param_2	/undefined4	Stack[0x8]:4	DEFAULT		0	0	no_evidence		-
00405D1C	MTaskTy::CreateBut	parameter	3	param_3	/undefined4	Stack[0xc]:4	DEFAULT		0	0	no_evidence		-
00405D1C	MTaskTy::CreateBut	parameter	4	param_4	/undefined4	Stack[0x10]:4	DEFAULT		0	0	no_evidence		-
00405D1C	MTaskTy::CreateBut	parameter	5	param_5	/undefined4	Stack[0x14]:4	DEFAULT		0	0	no_evidence		-
00405D1C	MTaskTy::CreateBut	parameter	6	param_6	/undefined4	Stack[0x18]:4	DEFAULT		0	0	no_evidence		-
00405D1C	MTaskTy::CreateBut	parameter	7	param_7	/undefined4	Stack[0x1c]:4	DEFAULT		0	0	no_evidence		-
00405D1C	MTaskTy::CreateBut	parameter	8	param_8	/undefined4	Stack[0x20]:4	DEFAULT		0	0	no_evidence		-
00405D1C	MTaskTy::CreateBut	return		<RETURN>	/undefined4	EAX:4	DEFAULT		0	0	no_evidence		-
00405D3A	thunk_FUN_0057b350	return		<RETURN>	/undefined4	EAX:4	DEFAULT		0	0	no_evidence		-
00405D3F	ProdPanelTy::CreateSlider	parameter	5	param_5	/undefined4	Stack[0x14]:4	DEFAULT		0	0	no_evidence		-
00405D3F	ProdPanelTy::CreateSlider	parameter	7	param_7	/undefined4	Stack[0x1c]:4	DEFAULT		0	0	no_evidence		-
00405D3F	ProdPanelTy::CreateSlider	parameter	8	param_8	/undefined4	Stack[0x20]:4	DEFAULT		0	0	no_evidence		-
00405D49	thunk_FUN_00435820	return		<RETURN>	/undefined	<UNASSIGNED>	DEFAULT		0	0	no_evidence		-
00405D53	STParticleC::InitVisibelDeton	return		<RETURN>	/undefined4	EAX:4	DEFAULT		0	0	no_evidence		-
00405D62	thunk_FUN_00620da0	parameter	2	param_2	/undefined4	Stack[0x8]:4	DEFAULT		0	0	no_evidence		-
00405D62	thunk_FUN_00620da0	parameter	3	param_3	/undefined4	Stack[0xc]:4	DEFAULT		0	0	no_evidence		-
00405D62	thunk_FUN_00620da0	return		<RETURN>	/undefined4	EAX:4	DEFAULT		0	0	no_evidence		-
00405D6C	STLightC::LoadNextLight	return		<RETURN>	/undefined4	EAX:4	DEFAULT		0	0	no_evidence		-
00405D76	thunk_FUN_006057c0	return		<RETURN>	/undefined	<UNASSIGNED>	DEFAULT		0	0	no_evidence		-
00405D7B	STGroupBoatC::InitWay	return		<RETURN>	/undefined4	EAX:4	DEFAULT		0	0	no_evidence		-
00405D85	CGenerate::sub_00697C50	return		<RETURN>	/undefined4	EAX:4	DEFAULT		0	0	no_evidence		-
00405D8A	Library::MSVCRT::thunk_FUN_006a4950	return		<RETURN>	/undefined	<UNASSIGNED>	DEFAULT		0	0	no_evidence		-
00405D8F	thunk_FUN_005822e0	return		<RETURN>	/undefined4	EAX:4	DEFAULT		0	0	no_evidence		-
00405D94	thunk_FUN_0055c7e0	parameter	1	param_1	/undefined4	Stack[0x4]:4	DEFAULT		0	0	no_evidence		-
00405D94	thunk_FUN_0055c7e0	return		<RETURN>	/undefined	<UNASSIGNED>	DEFAULT		0	0	no_evidence		-
00405D99	thunk_FUN_0069e4d0	return		<RETURN>	/undefined	<UNASSIGNED>	DEFAULT		0	0	no_evidence		-
00405D9E	FrmPanelTy::PaintBut	return		<RETURN>	/undefined	<UNASSIGNED>	DEFAULT		0	0	no_evidence		-
00405DA3	STGroupBoatC::GrpGuard	return		<RETURN>	/undefined4	EAX:4	DEFAULT		0	0	no_evidence		-
00405DA8	thunk_FUN_00680270	return		<RETURN>	/undefined	<UNASSIGNED>	DEFAULT		0	0	no_evidence		-
00405DAD	thunk_FUN_0064ff70	return		<RETURN>	/undefined4	EAX:4	DEFAULT		0	0	no_evidence		-
00405DB2	thunk_FUN_005ef450	return		<RETURN>	/undefined	<UNASSIGNED>	DEFAULT		0	0	no_evidence		-
00405DC1	thunk_FUN_00417ee0	return		<RETURN>	/undefined4	EAX:4	DEFAULT		0	0	no_evidence		-
00405DC6	AiPlrClassTy::sub_0067A020	return		<RETURN>	/undefined	<UNASSIGNED>	DEFAULT		0	0	no_evidence		-
00405DCB	thunk_FUN_004d7270	return		<RETURN>	/undefined4	EAX:4	DEFAULT		0	0	no_evidence		-
00405DD5	thunk_FUN_005c5ca0	return		<RETURN>	/undefined	<UNASSIGNED>	DEFAULT		0	0	no_evidence		-
00405DE4	thunk_FUN_005df930	return		<RETURN>	/undefined	<UNASSIGNED>	DEFAULT		0	0	no_evidence		-
00405DE9	thunk_FUN_005ee6e0	return		<RETURN>	/undefined4	EAX:4	DEFAULT		0	0	no_evidence		-
00405DF3	OptPanelTy::PaintVolume	return		<RETURN>	/undefined	<UNASSIGNED>	DEFAULT		0	0	no_evidence		-
00405DF8	thunk_FUN_004be180	parameter	1	param_1	/undefined4	Stack[0x4]:4	DEFAULT		0	0	no_evidence		-
00405DF8	thunk_FUN_004be180	return		<RETURN>	/undefined	<UNASSIGNED>	DEFAULT		0	0	no_evidence		-
00405DFD	thunk_FUN_004d7b10	return		<RETURN>	/undefined4	EAX:4	DEFAULT		0	0	no_evidence		-
00405E02	thunk_FUN_0041d8c0	return		<RETURN>	/undefined	<UNASSIGNED>	DEFAULT		0	0	no_evidence		-
00405E07	PlayPanelTy::sub_0053A540	return		<RETURN>	/undefined	<UNASSIGNED>	DEFAULT		0	0	no_evidence		-
00405E0C	thunk_FUN_0055beb0	return		<RETURN>	/undefined	<UNASSIGNED>	DEFAULT		0	0	no_evidence		-
00405E11	thunk_FUN_004df1a0	return		<RETURN>	/undefined4	EAX:4	DEFAULT		0	0	no_evidence		-
00405E16	CPanelTy::Update4PanelSI	return		<RETURN>	/undefined	<UNASSIGNED>	DEFAULT		0	0	no_evidence		-
00405E25	MAdvTy::InitMAdv	return		<RETURN>	/undefined	<UNASSIGNED>	DEFAULT		0	0	no_evidence		-
00405E2F	thunk_FUN_005252c0	return		<RETURN>	/undefined	<UNASSIGNED>	DEFAULT		0	0	no_evidence		-
00405E34	thunk_FUN_004e9c00	return		<RETURN>	/undefined	<UNASSIGNED>	DEFAULT		0	0	no_evidence		-
00405E39	thunk_FUN_004b76d0	return		<RETURN>	/undefined	<UNASSIGNED>	DEFAULT		0	0	no_evidence		-
00405E3E	thunk_FUN_004b9d20	return		<RETURN>	/undefined4	EAX:4	DEFAULT		0	0	no_evidence		-
00405E43	STBoatC::GetExplosionInfo	return		<RETURN>	/undefined4	EAX:4	DEFAULT		0	0	no_evidence		-
00405E52	PrividerTy::PaintPrivider	return		<RETURN>	/undefined	<UNASSIGNED>	DEFAULT		0	0	no_evidence		-
00405E57	thunk_FUN_00483f10	return		<RETURN>	/undefined4	EAX:4	DEFAULT		0	0	no_evidence		-
00405E5C	thunk_FUN_004d7b50	return		<RETURN>	/undefined4	EAX:4	DEFAULT		0	0	no_evidence		-
00405E61	HelpPanelTy::TTreeProc	return		<RETURN>	/undefined	<UNASSIGNED>	DEFAULT		0	0	no_evidence		-
00405E66	thunk_FUN_00484020	return		<RETURN>	/undefined4	EAX:4	DEFAULT		0	0	no_evidence		-
00405E75	thunk_FUN_004cc130	return		<RETURN>	/undefined4	EAX:4	DEFAULT		0	0	no_evidence		-
00405E84	thunk_FUN_00580450	parameter	0	param_1	/undefined4	Stack[0x4]:4	DEFAULT		0	0	no_evidence		-
00405E84	thunk_FUN_00580450	parameter	1	param_2	/undefined4	Stack[0x8]:4	DEFAULT		0	0	no_evidence		-
00405E84	thunk_FUN_00580450	parameter	2	param_3	/undefined4	Stack[0xc]:4	DEFAULT		0	0	no_evidence		-
00405E84	thunk_FUN_00580450	parameter	3	param_4	/undefined4	Stack[0x10]:4	DEFAULT		0	0	no_evidence		-
00405E84	thunk_FUN_00580450	parameter	4	param_5	/undefined4	Stack[0x14]:4	DEFAULT		0	0	no_evidence		-
00405E84	thunk_FUN_00580450	return		<RETURN>	/undefined4	EAX:4	DEFAULT		0	0	no_evidence		-
00405E89	WaitTy::DoneWait	return		<RETURN>	/undefined	<UNASSIGNED>	DEFAULT		0	0	no_evidence		-
00405E8E	BldLabPanelTy::Update	return		<RETURN>	/undefined	<UNASSIGNED>	DEFAULT		0	0	no_evidence		-
00405E98	thunk_FUN_0067f180	return		<RETURN>	/undefined4	EAX:4	DEFAULT		0	0	no_evidence		-
00405E9D	thunk_FUN_005682c0	return		<RETURN>	/undefined	<UNASSIGNED>	DEFAULT		0	0	no_evidence		-
00405EAC	thunk_FUN_0064f000	return		<RETURN>	/undefined4	EAX:4	DEFAULT		0	0	no_evidence		-
00405EB1	thunk_FUN_005fea50	return		<RETURN>	/undefined	<UNASSIGNED>	DEFAULT		0	0	no_evidence		-
00405EB6	TLOBaseTy::sub_004E2AD0	return		<RETURN>	/undefined4	EAX:4	DEFAULT		0	0	no_evidence		-
00405EBB	ResearchPanelTy::PaintUpdBut	return		<RETURN>	/undefined	<UNASSIGNED>	DEFAULT		0	0	no_evidence		-
00405EC5	thunk_FUN_0068e690	return		<RETURN>	/undefined4	EAX:4	DEFAULT		0	0	no_evidence		-
00405ECA	STManRuinC::sub_00631880	parameter	2	param_2	/undefined4	Stack[0x8]:4	DEFAULT		0	0	no_evidence		-
00405ECF	MReportTy::CreateBut	parameter	1	param_1	/undefined4	Stack[0x4]:4	DEFAULT		0	0	no_evidence		-
00405ECF	MReportTy::CreateBut	parameter	2	param_2	/undefined4	Stack[0x8]:4	DEFAULT		0	0	no_evidence		-
00405ECF	MReportTy::CreateBut	parameter	3	param_3	/undefined4	Stack[0xc]:4	DEFAULT		0	0	no_evidence		-
00405ECF	MReportTy::CreateBut	parameter	4	param_4	/undefined4	Stack[0x10]:4	DEFAULT		0	0	no_evidence		-
00405ECF	MReportTy::CreateBut	parameter	5	param_5	/undefined4	Stack[0x14]:4	DEFAULT		0	0	no_evidence		-
00405ECF	MReportTy::CreateBut	parameter	6	param_6	/undefined4	Stack[0x18]:4	DEFAULT		0	0	no_evidence		-
00405ECF	MReportTy::CreateBut	parameter	7	param_7	/undefined4	Stack[0x1c]:4	DEFAULT		0	0	no_evidence		-
00405ECF	MReportTy::CreateBut	parameter	8	param_8	/undefined4	Stack[0x20]:4	DEFAULT		0	0	no_evidence		-
00405ECF	MReportTy::CreateBut	return		<RETURN>	/undefined4	EAX:4	DEFAULT		0	0	no_evidence		-
00405EE3	thunk_FUN_006a0070	return		<RETURN>	/undefined	<UNASSIGNED>	DEFAULT		0	0	no_evidence		-
00405EE8	thunk_FUN_004e0250	return		<RETURN>	/undefined	<UNASSIGNED>	DEFAULT		0	0	no_evidence		-
00405EF2	thunk_FUN_005862e0	return		<RETURN>	/undefined	<UNASSIGNED>	DEFAULT		0	0	no_evidence		-
00405EF7	OptPanelTy::Notification	return		<RETURN>	/undefined	<UNASSIGNED>	DEFAULT		0	0	no_evidence		-
00405EFC	thunk_FUN_00632e30	return		<RETURN>	/undefined4	EAX:4	DEFAULT		0	0	no_evidence		-
00405F01	thunk_FUN_0064e5c0	parameter	0	param_1	/undefined1	Stack[0x4]:1	DEFAULT		0	0	no_evidence		-
00405F01	thunk_FUN_0064e5c0	parameter	3	param_4	/undefined4	Stack[0x10]:4	DEFAULT		0	0	no_evidence		-
00405F01	thunk_FUN_0064e5c0	return		<RETURN>	/undefined	<UNASSIGNED>	DEFAULT		0	0	no_evidence		-
00405F06	STFishC::LifeFish	return		<RETURN>	/undefined	<UNASSIGNED>	DEFAULT		0	0	no_evidence		-
00405F0B	STFishC::sub_004162F0	return		<RETURN>	/undefined	<UNASSIGNED>	DEFAULT		0	0	no_evidence		-
00405F10	MainMenuTy::CloseButtons	return		<RETURN>	/undefined	<UNASSIGNED>	DEFAULT		0	0	no_evidence		-
00405F15	VisibleClassTy::sub_0055B7F0	return		<RETURN>	/undefined	<UNASSIGNED>	DEFAULT		0	0	no_evidence		-
00405F1A	thunk_FUN_0064fb00	return		<RETURN>	/undefined4	EAX:4	DEFAULT		0	0	no_evidence		-
0040CDB0	FUN_0040cdb0	return		<RETURN>	/undefined	<UNASSIGNED>	DEFAULT		0	0	no_evidence		-
0040EB90	FUN_0040eb90	return		<RETURN>	/undefined4	EAX:4	DEFAULT		0	0	no_evidence		-
0040F270	FUN_0040f270	return		<RETURN>	/undefined4	EAX:4	DEFAULT		0	0	no_evidence		-
00412B80	FUN_00412b80	return		<RETURN>	/undefined4	EAX:4	DEFAULT		0	0	no_evidence		-
00412DE0	FUN_00412de0	return		<RETURN>	/undefined4	EAX:4	DEFAULT		0	0	no_evidence		-
00413170	FUN_00413170	return		<RETURN>	/undefined4	EAX:4	DEFAULT		0	0	no_evidence		-
004137F0	FUN_004137f0	return		<RETURN>	/undefined4	EAX:4	DEFAULT		0	0	no_evidence		-
00413AF0	FUN_00413af0	return		<RETURN>	/undefined	<UNASSIGNED>	DEFAULT		0	0	no_evidence		-
00414980	FUN_00414980	return		<RETURN>	/undefined	<UNASSIGNED>	DEFAULT		0	0	no_evidence		-
00414A70	FUN_00414a70	return		<RETURN>	/undefined	<UNASSIGNED>	DEFAULT		0	0	no_evidence		-
00415050	FUN_00415050	parameter	0	param_1	/undefined4	Stack[0x4]:4	DEFAULT		0	0	no_evidence		-
00415050	FUN_00415050	parameter	1	param_2	/undefined4	Stack[0x8]:4	DEFAULT		0	0	no_evidence		-
00415050	FUN_00415050	parameter	2	param_3	/undefined4	Stack[0xc]:4	DEFAULT		0	0	no_evidence		-
00415050	FUN_00415050	parameter	5	param_6	/undefined4	Stack[0x18]:4	DEFAULT		0	0	no_evidence		-
00415590	STGroupBoatC::Way3DGrpGetDistrPoint	parameter	4	param_5	/undefined4	Stack[0x14]:4	DEFAULT		0	0	no_evidence		-
00415B10	FUN_00415b10	return		<RETURN>	/undefined	<UNASSIGNED>	DEFAULT		0	0	no_evidence		-
00415B30	sub_00415B30	return		<RETURN>	/undefined4	EAX:4	DEFAULT		0	0	no_evidence		-
00415ED0	STJellyGunC::sub_00415ED0	return		<RETURN>	/undefined4	EAX:4	DEFAULT	/short	2	2	width_mismatch	{/short=2}	00415ED0 returns return of STJellyGunC::sub_00415ED0; MOVSX at 0046CB92 establishes signed source width 2 @ 0046CB92 | 00415ED0 returns return of STJellyGunC::sub_00415ED0; MOVSX at 0046CD54 establishes signed source width 2 @ 0046CD54
00416270	FUN_00416270	return		<RETURN>	/undefined	<UNASSIGNED>	DEFAULT		0	0	no_evidence		-
004162B0	STFishC::sub_004162B0	return		<RETURN>	/undefined	<UNASSIGNED>	DEFAULT		0	0	no_evidence		-
004162F0	STFishC::sub_004162F0	return		<RETURN>	/undefined	<UNASSIGNED>	DEFAULT		0	0	no_evidence		-
00416330	FUN_00416330	return		<RETURN>	/undefined1	AL:1	DEFAULT		0	0	no_evidence		-
00416350	FUN_00416350	return		<RETURN>	/undefined1	AL:1	DEFAULT		0	0	no_evidence		-
00416390	FUN_00416390	return		<RETURN>	/undefined4	EAX:4	DEFAULT		0	0	no_evidence		-
004168B0	FUN_004168b0	return		<RETURN>	/undefined	<UNASSIGNED>	DEFAULT		0	0	no_evidence		-
004168D0	FUN_004168d0	parameter	2	param_3	/undefined4	Stack[0xc]:4	DEFAULT		0	0	no_evidence		-
004168D0	FUN_004168d0	return		<RETURN>	/undefined2	AX:2	DEFAULT		0	0	no_evidence		-
00416DB0	FUN_00416db0	parameter	2	param_3	/undefined4	Stack[0xc]:4	DEFAULT		0	0	no_evidence		-
00416DB0	FUN_00416db0	return		<RETURN>	/undefined2	AX:2	DEFAULT		0	0	no_evidence		-
00417740	FUN_00417740	return		<RETURN>	/undefined4	EAX:4	DEFAULT		0	0	no_evidence		-
00417830	FUN_00417830	return		<RETURN>	/undefined4	EAX:4	DEFAULT		0	0	no_evidence		-
00417A20	FUN_00417a20	return		<RETURN>	/undefined4	EAX:4	DEFAULT		0	0	no_evidence		-
00417D30	TLOBaseTy::sub_00417D30	return		<RETURN>	/undefined4	EAX:4	DEFAULT		0	0	no_evidence		-
00417E70	FUN_00417e70	return		<RETURN>	/undefined4	EAX:4	DEFAULT		0	0	no_evidence		-
00417EE0	FUN_00417ee0	return		<RETURN>	/undefined4	EAX:4	DEFAULT		0	0	no_evidence		-
00418010	FUN_00418010	return		<RETURN>	/undefined	<UNASSIGNED>	DEFAULT		0	0	no_evidence		-
00418030	SubmarineTitans::Recovered::HiddenThis::AnonReceiver_004167A0::FUN_00418030	return		<RETURN>	/undefined4	EAX:4	DEFAULT		0	0	no_evidence		-
00418990	FUN_00418990	return		<RETURN>	/undefined	<UNASSIGNED>	DEFAULT		0	0	no_evidence		-
004189B0	FUN_004189b0	return		<RETURN>	/undefined	<UNASSIGNED>	DEFAULT		0	0	no_evidence		-
004189D0	STGameObjC::MoveStep	return		<RETURN>	/undefined4	EAX:4	DEFAULT		0	0	no_evidence		-
00418CE0	FUN_00418ce0	return		<RETURN>	/undefined	<UNASSIGNED>	DEFAULT		0	0	no_evidence		-
00419A90	FUN_00419a90	return		<RETURN>	/undefined4	EAX:4	DEFAULT		0	0	no_evidence		-
00419C50	FUN_00419c50	return		<RETURN>	/undefined	<UNASSIGNED>	DEFAULT		0	0	no_evidence		-
00419C70	TLOEmbryoTy::sub_00419C70	parameter	1	param_2	/undefined4	EDX:4	DEFAULT		0	0	no_evidence		-
00419C70	TLOEmbryoTy::sub_00419C70	return		<RETURN>	/undefined4	EAX:4	DEFAULT		0	0	no_evidence		-
00419CF0	TLOEmbryoTy::sub_00419CF0	parameter	1	param_2	/undefined4	EDX:4	DEFAULT	/uint	0	1	insufficient_independent_evidence	{/uint=1}	004B9FA0 -> 00419CF0 @ 004BACBB; unproven partial register write at 004BACB4
00419D30	TLOBaseTy::sub_00419D30	return		<RETURN>	/undefined	<UNASSIGNED>	DEFAULT		0	0	no_evidence		-
00419DB0	FUN_00419db0	return		<RETURN>	/undefined	<UNASSIGNED>	DEFAULT		0	0	no_evidence		-
00419DD0	FUN_00419dd0	return		<RETURN>	/undefined	<UNASSIGNED>	DEFAULT		0	0	no_evidence		-
00419DF0	STGameObjC::SetSelfCheckFlag	return		<RETURN>	/undefined	<UNASSIGNED>	DEFAULT		0	0	no_evidence		-
0041A680	STGameObjC::ResetSelfCheckFlag	return		<RETURN>	/undefined	<UNASSIGNED>	DEFAULT		0	0	no_evidence		-
0041AB60	FUN_0041ab60	return		<RETURN>	/undefined	<UNASSIGNED>	DEFAULT		0	0	no_evidence		-
0041AB90	FUN_0041ab90	return		<RETURN>	/undefined	<UNASSIGNED>	DEFAULT		0	0	no_evidence		-
0041ABC0	FUN_0041abc0	return		<RETURN>	/undefined	<UNASSIGNED>	DEFAULT		0	0	no_evidence		-
0041ABF0	FUN_0041abf0	return		<RETURN>	/undefined	<UNASSIGNED>	DEFAULT		0	0	no_evidence		-
0041AC40	FUN_0041ac40	return		<RETURN>	/undefined	<UNASSIGNED>	DEFAULT		0	0	no_evidence		-
0041AC90	FUN_0041ac90	return		<RETURN>	/undefined	<UNASSIGNED>	DEFAULT		0	0	no_evidence		-
0041ACC0	FUN_0041acc0	return		<RETURN>	/undefined	<UNASSIGNED>	DEFAULT		0	0	no_evidence		-
0041ACF0	FUN_0041acf0	return		<RETURN>	/undefined	<UNASSIGNED>	DEFAULT		0	0	no_evidence		-
0041AD20	FUN_0041ad20	return		<RETURN>	/undefined	<UNASSIGNED>	DEFAULT		0	0	no_evidence		-
0041AD50	FUN_0041ad50	return		<RETURN>	/undefined	<UNASSIGNED>	DEFAULT		0	0	no_evidence		-
0041AD80	FUN_0041ad80	return		<RETURN>	/undefined	<UNASSIGNED>	DEFAULT		0	0	no_evidence		-
0041ADB0	FUN_0041adb0	return		<RETURN>	/undefined	<UNASSIGNED>	DEFAULT		0	0	no_evidence		-
0041ADE0	FUN_0041ade0	return		<RETURN>	/undefined	<UNASSIGNED>	DEFAULT		0	0	no_evidence		-
0041AE10	FUN_0041ae10	return		<RETURN>	/undefined	<UNASSIGNED>	DEFAULT		0	0	no_evidence		-
0041AE40	FUN_0041ae40	return		<RETURN>	/undefined	<UNASSIGNED>	DEFAULT		0	0	no_evidence		-
0041AE80	FUN_0041ae80	return		<RETURN>	/undefined	<UNASSIGNED>	DEFAULT		0	0	no_evidence		-
0041AEA0	FUN_0041aea0	return		<RETURN>	/undefined	<UNASSIGNED>	DEFAULT		0	0	no_evidence		-
0041AEE0	FUN_0041aee0	return		<RETURN>	/undefined	<UNASSIGNED>	DEFAULT		0	0	no_evidence		-
0041AF10	FUN_0041af10	return		<RETURN>	/undefined	<UNASSIGNED>	DEFAULT		0	0	no_evidence		-
0041C2C0	FUN_0041c2c0	return		<RETURN>	/undefined	<UNASSIGNED>	DEFAULT		0	0	no_evidence		-
0041C2E0	FUN_0041c2e0	return		<RETURN>	/undefined	<UNASSIGNED>	DEFAULT		0	0	no_evidence		-
0041C340	FUN_0041c340	return		<RETURN>	/undefined	<UNASSIGNED>	DEFAULT		0	0	no_evidence		-
0041C380	FUN_0041c380	return		<RETURN>	/undefined	<UNASSIGNED>	DEFAULT		0	0	no_evidence		-
0041C3F0	TLOEmbryoTy::sub_0041C3F0	return		<RETURN>	/undefined	<UNASSIGNED>	DEFAULT		0	0	no_evidence		-
0041C5A0	sub_0041C5A0	return		<RETURN>	/undefined	<UNASSIGNED>	DEFAULT		0	0	no_evidence		-
0041C6E0	FUN_0041c6e0	return		<RETURN>	/undefined	<UNASSIGNED>	DEFAULT		0	0	no_evidence		-
0041C710	FUN_0041c710	return		<RETURN>	/undefined4	EAX:4	DEFAULT		0	0	no_evidence		-
0041CDA0	VisibleClassTy::sub_0041CDA0	return		<RETURN>	/undefined4	EAX:4	DEFAULT		0	0	no_evidence		-
0041CE40	FUN_0041ce40	return		<RETURN>	/undefined	<UNASSIGNED>	DEFAULT		0	0	no_evidence		-
0041CFF0	FUN_0041cff0	return		<RETURN>	/undefined	<UNASSIGNED>	DEFAULT		0	0	no_evidence		-
0041D1A0	STMineSetC::sub_0041D1A0	return		<RETURN>	/undefined	<UNASSIGNED>	DEFAULT		0	0	no_evidence		-
0041D2B0	STMineSetC::sub_0041D2B0	return		<RETURN>	/undefined	<UNASSIGNED>	DEFAULT		0	0	no_evidence		-
0041D3E0	FUN_0041d3e0	return		<RETURN>	/undefined	<UNASSIGNED>	DEFAULT		0	0	no_evidence		-
0041D4F0	FUN_0041d4f0	return		<RETURN>	/undefined	<UNASSIGNED>	DEFAULT		0	0	no_evidence		-
0041D7A0	FUN_0041d7a0	return		<RETURN>	/undefined	<UNASSIGNED>	DEFAULT		0	0	no_evidence		-
0041D7C0	FUN_0041d7c0	return		<RETURN>	/undefined	<UNASSIGNED>	DEFAULT		0	0	no_evidence		-
0041D7E0	FUN_0041d7e0	return		<RETURN>	/undefined	<UNASSIGNED>	DEFAULT		0	0	no_evidence		-
0041D820	FUN_0041d820	return		<RETURN>	/undefined	<UNASSIGNED>	DEFAULT		0	0	no_evidence		-
0041D860	FUN_0041d860	return		<RETURN>	/undefined	<UNASSIGNED>	DEFAULT		0	0	no_evidence		-
0041D8A0	FUN_0041d8a0	return		<RETURN>	/undefined	<UNASSIGNED>	DEFAULT		0	0	no_evidence		-
0041D8C0	FUN_0041d8c0	return		<RETURN>	/undefined	<UNASSIGNED>	DEFAULT		0	0	no_evidence		-
0041D8E0	FUN_0041d8e0	return		<RETURN>	/undefined	<UNASSIGNED>	DEFAULT		0	0	no_evidence		-
0041DA10	FUN_0041da10	return		<RETURN>	/undefined	<UNASSIGNED>	DEFAULT		0	0	no_evidence		-
0041DA30	FUN_0041da30	return		<RETURN>	/undefined	<UNASSIGNED>	DEFAULT		0	0	no_evidence		-
0041DBC0	FUN_0041dbc0	return		<RETURN>	/undefined	<UNASSIGNED>	DEFAULT		0	0	no_evidence		-
0041DBE0	FUN_0041dbe0	parameter	0	param_1	/undefined4	Stack[0x4]:4	DEFAULT		0	0	no_evidence		-
0041DBE0	FUN_0041dbe0	return		<RETURN>	/undefined4	EAX:4	DEFAULT		0	0	no_evidence		-
0041DC40	FUN_0041dc40	return		<RETURN>	/undefined	<UNASSIGNED>	DEFAULT		0	0	no_evidence		-
0041DD00	FUN_0041dd00	return		<RETURN>	/undefined	<UNASSIGNED>	DEFAULT		0	0	no_evidence		-
0041E510	FUN_0041e510	return		<RETURN>	/undefined	<UNASSIGNED>	DEFAULT		0	0	no_evidence		-
0041F310	FUN_0041f310	return		<RETURN>	/undefined	<UNASSIGNED>	DEFAULT		0	0	no_evidence		-
0041F350	FUN_0041f350	return		<RETURN>	/undefined4	EAX:4	DEFAULT		0	0	no_evidence		-
0041F370	FUN_0041f370	return		<RETURN>	/undefined	<UNASSIGNED>	DEFAULT		0	0	no_evidence		-
0041F3B0	FUN_0041f3b0	return		<RETURN>	/undefined	<UNASSIGNED>	DEFAULT		0	0	no_evidence		-
0041F630	FUN_0041f630	return		<RETURN>	/undefined	<UNASSIGNED>	DEFAULT		0	0	no_evidence		-
0041F970	STSprGameObjC::sub_0041F970	return		<RETURN>	/undefined	<UNASSIGNED>	DEFAULT		0	0	no_evidence		-
0041F9B0	STSprGameObjC::CheckRay	return		<RETURN>	/undefined4	EAX:4	DEFAULT		0	0	no_evidence		-
00420AE0	STSprGameObjC::LoadLifeFrame	return		<RETURN>	/undefined	<UNASSIGNED>	DEFAULT		0	0	no_evidence		-
004210C0	FUN_004210c0	return		<RETURN>	/undefined	<UNASSIGNED>	DEFAULT		0	0	no_evidence		-
00422210	STAllPlayersC::RestoreGObjData	return		<RETURN>	/undefined	<UNASSIGNED>	DEFAULT		0	0	no_evidence		-
00422E20	FUN_00422e20	return		<RETURN>	/undefined	<UNASSIGNED>	DEFAULT		0	0	no_evidence		-
00422FF0	FUN_00422ff0	return		<RETURN>	/undefined	<UNASSIGNED>	DEFAULT		0	0	no_evidence		-
00423120	FUN_00423120	return		<RETURN>	/undefined4	EAX:4	DEFAULT		0	0	no_evidence		-
00423140	FUN_00423140	return		<RETURN>	/undefined	<UNASSIGNED>	DEFAULT		0	0	no_evidence		-
004231A0	FUN_004231a0	return		<RETURN>	/undefined	<UNASSIGNED>	DEFAULT		0	0	no_evidence		-
004231E0	FUN_004231e0	return		<RETURN>	/undefined	<UNASSIGNED>	DEFAULT		0	0	no_evidence		-
00423200	FUN_00423200	return		<RETURN>	/undefined	<UNASSIGNED>	DEFAULT		0	0	no_evidence		-
004232E0	FUN_004232e0	return		<RETURN>	/undefined	<UNASSIGNED>	DEFAULT		0	0	no_evidence		-
00423300	FUN_00423300	return		<RETURN>	/undefined4	EAX:4	DEFAULT		0	0	no_evidence		-
00423320	FUN_00423320	parameter	1	param_1	/undefined4	Stack[0x4]:4	DEFAULT		0	0	no_evidence		-
00423320	FUN_00423320	return		<RETURN>	/undefined	<UNASSIGNED>	DEFAULT		0	0	no_evidence		-
004233A0	FUN_004233a0	return		<RETURN>	/undefined4	EAX:4	DEFAULT		0	0	no_evidence		-
004233C0	FUN_004233c0	return		<RETURN>	/undefined2	AX:2	DEFAULT		0	0	no_evidence		-
004237D0	FUN_004237d0	return		<RETURN>	/undefined4	EAX:4	DEFAULT		0	0	no_evidence		-
00423B50	STGroupC::AddObjs	return		<RETURN>	/undefined4	EAX:4	DEFAULT		0	0	no_evidence		-
00423C70	FUN_00423c70	return		<RETURN>	/undefined4	EAX:4	DEFAULT		0	0	no_evidence		-
00423D80	FUN_00423d80	return		<RETURN>	/undefined4	EAX:4	DEFAULT		0	0	no_evidence		-
00423E00	FUN_00423e00	return		<RETURN>	/undefined	<UNASSIGNED>	DEFAULT		0	0	no_evidence		-
00423E30	FUN_00423e30	return		<RETURN>	/undefined	<UNASSIGNED>	DEFAULT		0	0	no_evidence		-
00423E70	FUN_00423e70	return		<RETURN>	/undefined	<UNASSIGNED>	DEFAULT	pointer:/STGameObjC	1	1	width_mismatch	{pointer:/STGameObjC=1}	00423E70 returns return of STAllPlayersC::GetObjPtr @ 00423E89
00423EA0	STGroupC::FUN_00423ea0	parameter	1	param_1	/undefined4	Stack[0x4]:4	DEFAULT		0	0	no_evidence		-
00423EA0	STGroupC::FUN_00423ea0	parameter	2	param_2	/undefined4	Stack[0x8]:4	DEFAULT		0	0	no_evidence		-
00424360	STGroupC::RestoreGrpData	return		<RETURN>	/undefined	<UNASSIGNED>	DEFAULT		0	0	no_evidence		-
004244D0	FUN_004244d0	return		<RETURN>	/undefined	<UNASSIGNED>	DEFAULT		0	0	no_evidence		-
004244F0	STGroupC::FUN_004244f0	parameter	1	param_1	/undefined4	Stack[0x4]:4	DEFAULT		0	0	no_evidence		-
004244F0	STGroupC::FUN_004244f0	parameter	2	param_2	/undefined4	Stack[0x8]:4	DEFAULT		0	0	no_evidence		-
00424510	STGroupC::FUN_00424510	parameter	1	param_1	/undefined4	Stack[0x4]:4	DEFAULT		0	0	no_evidence		-
00424510	STGroupC::FUN_00424510	parameter	2	param_2	/undefined4	Stack[0x8]:4	DEFAULT		0	0	no_evidence		-
00424530	FUN_00424530	return		<RETURN>	/undefined	<UNASSIGNED>	DEFAULT		0	0	no_evidence		-
00424620	FUN_00424620	return		<RETURN>	/undefined	<UNASSIGNED>	DEFAULT		0	0	no_evidence		-
00424710	FUN_00424710	return		<RETURN>	/undefined	<UNASSIGNED>	DEFAULT		0	0	no_evidence		-
00424730	FUN_00424730	return		<RETURN>	/undefined	<UNASSIGNED>	DEFAULT		0	0	no_evidence		-
00424750	FUN_00424750	return		<RETURN>	/undefined	<UNASSIGNED>	DEFAULT		0	0	no_evidence		-
00424770	FUN_00424770	return		<RETURN>	/undefined	<UNASSIGNED>	DEFAULT		0	0	no_evidence		-
00424790	FUN_00424790	return		<RETURN>	/undefined4	EAX:4	DEFAULT		0	0	no_evidence		-
004247B0	STGroupC::SetAVPar	return		<RETURN>	/undefined	<UNASSIGNED>	DEFAULT		0	0	no_evidence		-
004248A0	FUN_004248a0	parameter	1	param_1	/undefined4	Stack[0x4]:4	DEFAULT		0	0	no_evidence		-
004248A0	FUN_004248a0	return		<RETURN>	/undefined	<UNASSIGNED>	DEFAULT		0	0	no_evidence		-
00427090	SubmarineTitans::Recovered::HiddenThis::AnonReceiver_004248D0::sub_00427090	return		<RETURN>	/undefined4	EAX:4	DEFAULT		0	0	no_evidence		-
00427BB0	SubmarineTitans::Recovered::HiddenThis::AnonReceiver_004248D0::FUN_00427bb0	return		<RETURN>	/undefined4	EAX:4	DEFAULT		0	0	no_evidence		-
00428A10	FUN_00428a10	return		<RETURN>	/undefined4	EAX:4	DEFAULT		0	0	no_evidence		-
00428AA0	FUN_00428aa0	return		<RETURN>	/undefined4	EAX:4	DEFAULT		0	0	no_evidence		-
00428CE0	FUN_00428ce0	return		<RETURN>	/undefined4	EAX:4	DEFAULT		0	0	no_evidence		-
00428DC0	FUN_00428dc0	parameter	4	param_5	/undefined4	Stack[0x14]:4	DEFAULT		0	0	no_evidence		-
00428DC0	FUN_00428dc0	return		<RETURN>	/undefined	<UNASSIGNED>	DEFAULT		0	0	no_evidence		-
00428E50	FUN_00428e50	return		<RETURN>	/undefined	<UNASSIGNED>	DEFAULT		0	0	no_evidence		-
0042A780	FUN_0042a780	return		<RETURN>	/undefined	<UNASSIGNED>	DEFAULT		0	0	no_evidence		-
0042A860	FUN_0042a860	return		<RETURN>	/undefined	<UNASSIGNED>	DEFAULT		0	0	no_evidence		-
0042A990	FUN_0042a990	return		<RETURN>	/undefined4	EAX:4	DEFAULT		0	0	no_evidence		-
0042A9C0	FUN_0042a9c0	return		<RETURN>	/undefined4	EAX:4	DEFAULT		0	0	no_evidence		-
0042A9F0	FUN_0042a9f0	return		<RETURN>	/undefined	<UNASSIGNED>	DEFAULT		0	0	no_evidence		-
0042AAC0	FUN_0042aac0	return		<RETURN>	/undefined	<UNASSIGNED>	DEFAULT		0	0	no_evidence		-
0042B7D0	STAllPlayersC::AddObjsToGroup	return		<RETURN>	/undefined4	EAX:4	DEFAULT		0	0	no_evidence		-
0042BB30	STAllPlayersC::AddObjToTmp	return		<RETURN>	/undefined4	EAX:4	DEFAULT		0	0	no_evidence		-
0042BEA0	STAllPlayersC::AddObjToTmp2	return		<RETURN>	/undefined4	EAX:4	DEFAULT		0	0	no_evidence		-
0042C1C0	STAllPlayersC::AddObjsToTmp	return		<RETURN>	/undefined4	EAX:4	DEFAULT		0	0	no_evidence		-
0042C300	FUN_0042c300	return		<RETURN>	/undefined4	EAX:4	DEFAULT		0	0	no_evidence		-
0042C4B0	STAllPlayersC::DelObjsFromTmp	parameter	1	param_1	/undefined4	Stack[0x4]:4	DEFAULT		0	0	no_evidence		-
0042C4B0	STAllPlayersC::DelObjsFromTmp	return		<RETURN>	/undefined4	EAX:4	DEFAULT		0	0	no_evidence		-
0042C5F0	STAllPlayersC::DelObjFromTmps	return		<RETURN>	/undefined4	EAX:4	DEFAULT		0	0	no_evidence		-
0042CDE0	STAllPlayersC::PushTV	return		<RETURN>	/undefined4	EAX:4	DEFAULT		0	0	no_evidence		-
0042D370	STAllPlayersC::SetActivityToObjs	return		<RETURN>	/undefined	<UNASSIGNED>	DEFAULT		0	0	no_evidence		-
0042D6B0	STAllPlayersC::RemoveActiveTV	return		<RETURN>	/undefined	<UNASSIGNED>	DEFAULT		0	0	no_evidence		-
0042D980	STAllPlayersC::GetActiveCenter	return		<RETURN>	/undefined4	EAX:4	DEFAULT		0	0	no_evidence		-
0042E210	STAllPlayersC::RegisterObject	return		<RETURN>	/undefined4	EAX:4	DEFAULT		0	0	no_evidence		-
0042EFD0	STAllPlayersC::RegisterGroup	return		<RETURN>	/undefined4	EAX:4	DEFAULT		0	0	no_evidence		-
0042F140	STAllPlayersC::UnRegisterGroup	return		<RETURN>	/undefined4	EAX:4	DEFAULT		0	0	no_evidence		-
0042F2B0	STAllPlayersC::UnRegisterObject	return		<RETURN>	/undefined4	EAX:4	DEFAULT		0	0	no_evidence		-
00430470	STAllPlayersC::RegisterTorpedo	return		<RETURN>	/undefined4	EAX:4	DEFAULT		0	0	no_evidence		-
00430620	STAllPlayersC::IsTorpLive	return		<RETURN>	/undefined4	EAX:4	DEFAULT		0	0	no_evidence		-
00430750	FUN_00430750	return		<RETURN>	/undefined1	AL:1	DEFAULT		0	0	no_evidence		-
00430910	FUN_00430910	return		<RETURN>	/undefined4	EAX:4	DEFAULT		0	0	no_evidence		-
00430960	STAllPlayersC::UnRegisterTorpedo	return		<RETURN>	/undefined4	EAX:4	DEFAULT		0	0	no_evidence		-
004314E0	STAllPlayersC::FramePick	return		<RETURN>	/undefined	<UNASSIGNED>	DEFAULT		0	0	no_evidence		-
00433E90	STAllPlayersC::PointPick	return		<RETURN>	/undefined	<UNASSIGNED>	DEFAULT		0	0	no_evidence		-
00435060	STAllPlayersC::SelfCheckObjControl	return		<RETURN>	/undefined	<UNASSIGNED>	DEFAULT		0	0	no_evidence		-
004353B0	FUN_004353b0	return		<RETURN>	/undefined	<UNASSIGNED>	DEFAULT		0	0	no_evidence		-
004354E0	STAllPlayersC::ReplaceObject	parameter	2	param_2	/undefined4	Stack[0x8]:4	DEFAULT	/uint	0	1	insufficient_independent_evidence	{/uint=1}	004D32C0 -> 004354E0 @ 004D3986; unproven partial register write at 004D3972
004354E0	STAllPlayersC::ReplaceObject	parameter	3	param_3	/undefined4	Stack[0xc]:4	DEFAULT	/uint	0	1	insufficient_independent_evidence	{/uint=1}	004D32C0 -> 004354E0 @ 004D3986; unproven partial register write at 004D3976
004354E0	STAllPlayersC::ReplaceObject	return		<RETURN>	/undefined	<UNASSIGNED>	DEFAULT		0	0	no_evidence		-
00435820	FUN_00435820	return		<RETURN>	/undefined	<UNASSIGNED>	DEFAULT	/int	1	1	width_mismatch	{/int=1}	00435820 returns return of ST3DSMAPContext::sub_006EB350 @ 0043583B
00435930	STAllPlayersC::GetCursorType	parameter	1	param_1	/undefined4	Stack[0x4]:4	DEFAULT	/SubmarineTitans/Recovered/Enums/Global_sub_00435B90_param_3Enum	0	1	insufficient_independent_evidence	{/SubmarineTitans/Recovered/Enums/Global_sub_00435B90_param_3Enum=1}	00435930 -> 00435B90 @ 00435B00
00435930	STAllPlayersC::GetCursorType	parameter	3	param_3	/undefined4	Stack[0xc]:4	DEFAULT		0	0	no_evidence		-
00435930	STAllPlayersC::GetCursorType	parameter	5	param_5	/undefined4	Stack[0x14]:4	DEFAULT		0	0	no_evidence		-
00435930	STAllPlayersC::GetCursorType	parameter	6	param_6	/undefined4	Stack[0x18]:4	DEFAULT		0	0	no_evidence		-
00435B90	FUN_00435b90	parameter	4	param_5	/undefined4	Stack[0x14]:4	DEFAULT		0	0	no_evidence		-
00438E30	STAllPlayersC::SaveTmp	return		<RETURN>	/undefined	<UNASSIGNED>	DEFAULT		0	0	no_evidence		-
00439100	STAllPlayersC::RestoreTmp	return		<RETURN>	/undefined	<UNASSIGNED>	DEFAULT		0	0	no_evidence		-
0043AAF0	STAllPlayersC::GetCamPoint	return		<RETURN>	/undefined4	EAX:4	DEFAULT		0	0	no_evidence		-
0043AE40	STAllPlayersC::SetActivePanel	return		<RETURN>	/undefined	<UNASSIGNED>	DEFAULT		0	0	no_evidence		-
0043BEB0	STAllPlayersC::GetPanelInfo	parameter	1	param_1	/undefined4	Stack[0x4]:4	DEFAULT		0	0	no_evidence		-
0043BEB0	STAllPlayersC::GetPanelInfo	return		<RETURN>	/undefined	<UNASSIGNED>	DEFAULT		0	0	no_evidence		-
0043E420	FUN_0043e420	return		<RETURN>	/undefined	<UNASSIGNED>	DEFAULT		0	0	no_evidence		-
0043E9A0	FUN_0043e9a0	return		<RETURN>	/undefined4	EAX:4	DEFAULT		0	0	no_evidence		-
0043F380	FUN_0043f380	return		<RETURN>	/undefined4	EAX:4	DEFAULT		0	0	no_evidence		-
0043FC50	FUN_0043fc50	return		<RETURN>	/undefined	<UNASSIGNED>	DEFAULT		0	0	no_evidence		-
00440700	FUN_00440700	return		<RETURN>	/undefined	<UNASSIGNED>	DEFAULT		0	0	no_evidence		-
00440750	FUN_00440750	return		<RETURN>	/undefined	<UNASSIGNED>	DEFAULT		0	0	no_evidence		-
004407A0	FUN_004407a0	parameter	1	param_2	/undefined4	Stack[0x8]:4	DEFAULT	/uint	0	1	insufficient_independent_evidence	{/uint=1}	004945C0 -> 004407A0 @ 004947A6; unproven partial register write at 0049479A
004407A0	FUN_004407a0	parameter	2	param_3	/undefined4	Stack[0xc]:4	DEFAULT	/uint	0	1	insufficient_independent_evidence	{/uint=1}	004945C0 -> 004407A0 @ 004947A6; unproven partial register write at 00494796
004407A0	FUN_004407a0	return		<RETURN>	/undefined	<UNASSIGNED>	DEFAULT		0	0	no_evidence		-
00440820	FUN_00440820	parameter	1	param_2	/undefined4	Stack[0x8]:4	DEFAULT		0	0	no_evidence		-
00440820	FUN_00440820	return		<RETURN>	/undefined	<UNASSIGNED>	DEFAULT		0	0	no_evidence		-
00440990	STAllPlayersC::_ChangeDock	parameter	0	param_1	/undefined4	Stack[0x4]:4	DEFAULT		0	0	no_evidence		-
00442300	STAllPlayersC::_AddMDPairs	return		<RETURN>	/undefined4	EAX:4	DEFAULT		0	0	no_evidence		-
00442B40	STAllPlayersC::_SubMDObject	return		<RETURN>	/undefined4	EAX:4	DEFAULT		0	0	no_evidence		-
00444E70	FUN_00444e70	return		<RETURN>	/undefined	<UNASSIGNED>	DEFAULT		0	0	no_evidence		-
004458D0	STAllPlayersC::GetBoatWeaponInfo	return		<RETURN>	/undefined4	EAX:4	DEFAULT		0	0	no_evidence		-
004461B0	STAllPlayersC::_DeleteGuardBoat	return		<RETURN>	/undefined4	EAX:4	DEFAULT		0	0	no_evidence		-
00446520	STAllPlayersC::DeleteGuardBoat	return		<RETURN>	/undefined	<UNASSIGNED>	DEFAULT		0	0	no_evidence		-
00446910	STAllPlayersC::DeletePGPairs	return		<RETURN>	/undefined	<UNASSIGNED>	DEFAULT		0	0	no_evidence		-
00446A70	FUN_00446a70	return		<RETURN>	/undefined	<UNASSIGNED>	DEFAULT		0	0	no_evidence		-
00446F80	STAllPlayersC::DistributeGuardBoats	return		<RETURN>	/undefined	<UNASSIGNED>	DEFAULT		0	0	no_evidence		-
00448120	STAllPlayersC::PutOnPlaceGuardBoats	return		<RETURN>	/undefined	<UNASSIGNED>	DEFAULT		0	0	no_evidence		-
00449B60	STAllPlayersC::DestroyObjectMsg	parameter	4	param_4	/undefined4	Stack[0x10]:4	DEFAULT		0	0	no_evidence		-
00449B60	STAllPlayersC::DestroyObjectMsg	return		<RETURN>	/undefined4	EAX:4	DEFAULT		0	0	no_evidence		-
00449CE0	STAllPlayersC::RegisterArtefact	return		<RETURN>	/undefined4	EAX:4	DEFAULT		0	0	no_evidence		-
00449E60	STAllPlayersC::UnRegisterArtefact	return		<RETURN>	/undefined4	EAX:4	DEFAULT		0	0	no_evidence		-
00449FD0	STAllPlayersC::RegisterMine	return		<RETURN>	/undefined4	EAX:4	DEFAULT		0	0	no_evidence		-
0044A150	STAllPlayersC::UnRegisterMine	return		<RETURN>	/undefined4	EAX:4	DEFAULT		0	0	no_evidence		-
0044A2C0	STAllPlayersC::RegisterDeposit	return		<RETURN>	/undefined4	EAX:4	DEFAULT		0	0	no_evidence		-
0044A440	STAllPlayersC::UnRegisterDeposit	return		<RETURN>	/undefined4	EAX:4	DEFAULT		0	0	no_evidence		-
0044A5B0	STAllPlayersC::RegisterContainer	return		<RETURN>	/undefined4	EAX:4	DEFAULT		0	0	no_evidence		-
0044A730	STAllPlayersC::UnRegisterContainer	return		<RETURN>	/undefined4	EAX:4	DEFAULT		0	0	no_evidence		-
0044A8A0	STAllPlayersC::RegisterBlot	return		<RETURN>	/undefined4	EAX:4	DEFAULT		0	0	no_evidence		-
0044AA20	STAllPlayersC::UnRegisterBlot	return		<RETURN>	/undefined4	EAX:4	DEFAULT		0	0	no_evidence		-
0044B030	STAllPlayersC::ActivateTV	return		<RETURN>	/undefined	<UNASSIGNED>	DEFAULT		0	0	no_evidence		-
0044B5F0	STAllPlayersC::SelectObjects	return		<RETURN>	/undefined	<UNASSIGNED>	DEFAULT		0	0	no_evidence		-
0044CC90	FUN_0044cc90	parameter	2	param_3	/undefined4	Stack[0xc]:4	DEFAULT		0	0	no_evidence		-
0044CC90	FUN_0044cc90	return		<RETURN>	/undefined	<UNASSIGNED>	DEFAULT		0	0	no_evidence		-
0044CD20	FUN_0044cd20	parameter	2	param_3	/undefined4	Stack[0xc]:4	DEFAULT		0	0	no_evidence		-
0044CDB0	FUN_0044cdb0	return		<RETURN>	/undefined	<UNASSIGNED>	DEFAULT		0	0	no_evidence		-
0044CE40	FUN_0044ce40	parameter	0	param_1	/undefined4	ECX:4	DEFAULT		0	0	no_evidence		-
0044E1F0	FUN_0044e1f0	return		<RETURN>	/undefined2	AX:2	DEFAULT		0	0	no_evidence		-
0044E220	FUN_0044e220	return		<RETURN>	/undefined	<UNASSIGNED>	DEFAULT		0	0	no_evidence		-
0044E260	FUN_0044e260	return		<RETURN>	/undefined	<UNASSIGNED>	DEFAULT		0	0	no_evidence		-
0044EDE0	FUN_0044ede0	return		<RETURN>	/undefined	<UNASSIGNED>	DEFAULT		0	0	no_evidence		-
0045EF00	STBoatC::CmdToObj	return		<RETURN>	/undefined	<UNASSIGNED>	DEFAULT		0	0	no_evidence		-
0045F6C0	STBoatC::sub_0045F6C0	return		<RETURN>	/undefined4	EAX:4	DEFAULT		0	0	no_evidence		-
0045F980	FUN_0045f980	return		<RETURN>	/undefined4	EAX:4	DEFAULT		0	0	no_evidence		-
0045FD30	STBoatC::StopMove	return		<RETURN>	/undefined4	EAX:4	DEFAULT		0	0	no_evidence		-
0045FF10	FUN_0045ff10	return		<RETURN>	/undefined4	EAX:4	DEFAULT		0	0	no_evidence		-
0045FF30	FUN_0045ff30	return		<RETURN>	/undefined4	EAX:4	DEFAULT		0	0	no_evidence		-
0045FF50	STBoatC::sub_0045FF50	return		<RETURN>	/undefined4	EAX:4	DEFAULT		0	0	no_evidence		-
004602B0	STBoatC::sub_004602B0	return		<RETURN>	/undefined	<UNASSIGNED>	DEFAULT		0	0	no_evidence		-
004602E0	FUN_004602e0	return		<RETURN>	/undefined	<UNASSIGNED>	DEFAULT		0	0	no_evidence		-
00465C60	STBoatC::LoadRC	parameter	2	param_2	/undefined4	Stack[0x8]:4	DEFAULT		0	0	no_evidence		-
0046C980	STBoatC::BackBuild	parameter	2	param_2	/undefined4	Stack[0x8]:4	DEFAULT		0	0	no_evidence		-
0046C980	STBoatC::BackBuild	parameter	3	param_3	/undefined4	Stack[0xc]:4	DEFAULT		0	0	no_evidence		-
0046CF20	STBoatC::CreateGame	parameter	2	param_2	/undefined4	Stack[0x8]:4	DEFAULT		0	0	no_evidence		-
0046D400	FUN_0046d400	parameter	1	param_2	/undefined4	EDX:4	DEFAULT		0	0	no_evidence		-
0046D400	FUN_0046d400	return		<RETURN>	/undefined	<UNASSIGNED>	DEFAULT		0	0	no_evidence		-
004714D0	STBoatC::BackToDok	parameter	2	param_2	/undefined4	Stack[0x8]:4	DEFAULT		0	0	no_evidence		-
004714D0	STBoatC::BackToDok	parameter	3	param_3	/undefined4	Stack[0xc]:4	DEFAULT		0	0	no_evidence		-
004732D0	FUN_004732d0	return		<RETURN>	/undefined	<UNASSIGNED>	DEFAULT	/int	1	1	width_mismatch	{/int=1}	004732D0 returns return of FUN_004620f0 @ 004732DD
004761B0	STBoatC::SetMine	parameter	2	param_2	/undefined4	Stack[0x8]:4	DEFAULT		0	0	no_evidence		-
004769F0	FUN_004769f0	return		<RETURN>	/undefined	<UNASSIGNED>	DEFAULT	/int	1	1	width_mismatch	{/int=1}	004769F0 returns return of STBoatC::sub_00460360 @ 004769FD
00476CC0	FUN_00476cc0	return		<RETURN>	/undefined	<UNASSIGNED>	DEFAULT	/int	1	1	width_mismatch	{/int=1}	00476CC0 returns return of STBoatC::sub_00460360 @ 00476CCD
004795E0	FUN_004795e0	return		<RETURN>	/undefined	<UNASSIGNED>	DEFAULT	/int	1	1	width_mismatch	{/int=1}	004795E0 returns return of STBoatC::sub_00460360 @ 004795ED
0047C050	STBoatC::Bring	return		<RETURN>	/undefined4	EAX:4	DEFAULT		0	0	no_evidence		-
0047DF00	STBoatC::Dismant	parameter	2	param_2	/undefined4	Stack[0x8]:4	DEFAULT		0	0	no_evidence		-
0047FAD0	STBoatC::BackDismant	parameter	2	param_2	/undefined4	Stack[0x8]:4	DEFAULT		0	0	no_evidence		-
004803B0	FUN_004803b0	return		<RETURN>	/undefined	<UNASSIGNED>	DEFAULT	/int	1	1	width_mismatch	{/int=1}	004803B0 returns return of STBoatC::sub_00460360 @ 004803BD
00480600	FUN_00480600	return		<RETURN>	/undefined4	EAX:4	DEFAULT		0	0	no_evidence		-
00481520	STBoatC::sub_00481520	return		<RETURN>	/undefined	<UNASSIGNED>	DEFAULT		0	0	no_evidence		-
00482450	STBoatC::GetExplosionInfo	return		<RETURN>	/undefined4	EAX:4	DEFAULT		0	0	no_evidence		-
004827F0	STBoatC::ExpIsOver	return		<RETURN>	/undefined	<UNASSIGNED>	DEFAULT		0	0	no_evidence		-
00482A00	STBoatC::ChangeActivity	return		<RETURN>	/undefined	<UNASSIGNED>	DEFAULT		0	0	no_evidence		-
00482DB0	FUN_00482db0	parameter	1	param_2	/undefined4	EDX:4	DEFAULT		0	0	no_evidence		-
00483300	FUN_00483300	parameter	1	param_2	/undefined4	EDX:4	DEFAULT		0	0	no_evidence		-
00483830	FUN_00483830	return		<RETURN>	/undefined	<UNASSIGNED>	DEFAULT		0	0	no_evidence		-
00483880	FUN_00483880	return		<RETURN>	/undefined	<UNASSIGNED>	DEFAULT		0	0	no_evidence		-
004838B0	FUN_004838b0	return		<RETURN>	/undefined	<UNASSIGNED>	DEFAULT		0	0	no_evidence		-
004838E0	SubmarineTitans::Recovered::HiddenThis::AnonReceiver_004603B0::FUN_004838e0	return		<RETURN>	/undefined4	EAX:4	DEFAULT		0	0	no_evidence		-
00483E30	FUN_00483e30	return		<RETURN>	/undefined4	EAX:4	DEFAULT		0	0	no_evidence		-
00483F10	FUN_00483f10	return		<RETURN>	/undefined4	EAX:4	DEFAULT		0	0	no_evidence		-
00484020	FUN_00484020	return		<RETURN>	/undefined4	EAX:4	DEFAULT		0	0	no_evidence		-
00486A60	FUN_00486a60	return		<RETURN>	/undefined	<UNASSIGNED>	DEFAULT		0	0	no_evidence		-
00486AA0	FUN_00486aa0	return		<RETURN>	/undefined	<UNASSIGNED>	DEFAULT		0	0	no_evidence		-
00486AF0	FUN_00486af0	return		<RETURN>	/undefined	<UNASSIGNED>	DEFAULT		0	0	no_evidence		-
00486B60	FUN_00486b60	return		<RETURN>	/undefined	<UNASSIGNED>	DEFAULT		0	0	no_evidence		-
00486E20	FUN_00486e20	return		<RETURN>	/undefined	<UNASSIGNED>	DEFAULT		0	0	no_evidence		-
00488890	FUN_00488890	return		<RETURN>	/undefined	<UNASSIGNED>	DEFAULT		0	0	no_evidence		-
00488D10	FUN_00488d10	return		<RETURN>	/undefined	<UNASSIGNED>	DEFAULT		0	0	no_evidence		-
00488EE0	FUN_00488ee0	return		<RETURN>	/undefined	<UNASSIGNED>	DEFAULT	/int	1	1	width_mismatch	{/int=1}	00488EE0 returns return of FUN_004e8030 @ 00488F18
00488F30	STBoatC::GetInfo16	return		<RETURN>	/undefined	<UNASSIGNED>	DEFAULT		0	0	no_evidence		-
004898C0	FUN_004898c0	return		<RETURN>	/undefined	<UNASSIGNED>	DEFAULT		0	0	no_evidence		-
00489950	FUN_00489950	return		<RETURN>	/undefined	<UNASSIGNED>	DEFAULT		0	0	no_evidence		-
004899A0	STBoatC::GetDefenceTarget	return		<RETURN>	/undefined4	EAX:4	DEFAULT		0	0	no_evidence		-
0048A910	FUN_0048a910	return		<RETURN>	/undefined	<UNASSIGNED>	DEFAULT		0	0	no_evidence		-
0048CC80	STBoatC::_AddDefenceShots	return		<RETURN>	/undefined	<UNASSIGNED>	DEFAULT		0	0	no_evidence		-
0048D130	STBoatC::SetNewMD	parameter	6	param_6	/undefined4	Stack[0x18]:4	DEFAULT		0	0	no_evidence		-
0048DBA0	STBoatC::sub_0048DBA0	return		<RETURN>	/undefined	<UNASSIGNED>	DEFAULT		0	0	no_evidence		-
0048DC90	FUN_0048dc90	return		<RETURN>	/undefined	<UNASSIGNED>	DEFAULT		0	0	no_evidence		-
0048DCC0	FUN_0048dcc0	return		<RETURN>	/undefined	<UNASSIGNED>	DEFAULT		0	0	no_evidence		-
0048DF40	FUN_0048df40	parameter	1	param_2	/undefined4	EDX:4	DEFAULT		0	0	no_evidence		-
0048DFD0	STBoatC::sub_0048DFD0	return		<RETURN>	/undefined4	EAX:4	DEFAULT		0	0	no_evidence		-
0048FA80	FUN_0048fa80	return		<RETURN>	/undefined4	EAX:4	DEFAULT		0	0	no_evidence		-
004900E0	STBoatC::RestoreBoatData	return		<RETURN>	/undefined	<UNASSIGNED>	DEFAULT		0	0	no_evidence		-
00490570	STBoatC::sub_00490570	return		<RETURN>	/undefined4	EAX:4	DEFAULT		0	0	no_evidence		-
004907E0	FUN_004907e0	return		<RETURN>	/undefined	<UNASSIGNED>	DEFAULT		0	0	no_evidence		-
00490A00	FUN_00490a00	return		<RETURN>	/undefined	<UNASSIGNED>	DEFAULT		0	0	no_evidence		-
00490B30	FUN_00490b30	return		<RETURN>	/undefined	<UNASSIGNED>	DEFAULT		0	0	no_evidence		-
00490CA0	FUN_00490ca0	return		<RETURN>	/undefined	<UNASSIGNED>	DEFAULT		0	0	no_evidence		-
00490CD0	STBoatC::sub_00490CD0	parameter	1	param_1	/undefined4	Stack[0x4]:4	DEFAULT		0	0	no_evidence		-
00490CD0	STBoatC::sub_00490CD0	parameter	2	param_2	/undefined4	Stack[0x8]:4	DEFAULT		0	0	no_evidence		-
00490CD0	STBoatC::sub_00490CD0	return		<RETURN>	/undefined	<UNASSIGNED>	DEFAULT		0	0	no_evidence		-
00490D90	FUN_00490d90	return		<RETURN>	/undefined4	EAX:4	DEFAULT		0	0	no_evidence		-
00490E00	FUN_00490e00	return		<RETURN>	/undefined	<UNASSIGNED>	DEFAULT		0	0	no_evidence		-
00490E90	FUN_00490e90	return		<RETURN>	/undefined	<UNASSIGNED>	DEFAULT		0	0	no_evidence		-
00490ED0	FUN_00490ed0	return		<RETURN>	/undefined	<UNASSIGNED>	DEFAULT		0	0	no_evidence		-
00490F60	FUN_00490f60	return		<RETURN>	/undefined	<UNASSIGNED>	DEFAULT		0	0	no_evidence		-
00491070	STBoatC::ReleaseLoad	parameter	1	param_1	/undefined4	Stack[0x4]:4	DEFAULT		0	0	no_evidence		-
00491070	STBoatC::ReleaseLoad	return		<RETURN>	/undefined	<UNASSIGNED>	DEFAULT		0	0	no_evidence		-
00491180	FUN_00491180	return		<RETURN>	/undefined	<UNASSIGNED>	DEFAULT		0	0	no_evidence		-
004911B0	FUN_004911b0	parameter	1	param_1	/undefined4	Stack[0x4]:4	DEFAULT		0	0	no_evidence		-
004911B0	FUN_004911b0	return		<RETURN>	/undefined4	EAX:4	DEFAULT		0	0	no_evidence		-
00491200	FUN_00491200	return		<RETURN>	/undefined4	EAX:4	DEFAULT		0	0	no_evidence		-
00491240	STBoatC::PrepareForLoading	return		<RETURN>	/undefined	<UNASSIGNED>	DEFAULT		0	0	no_evidence		-
00491600	FUN_00491600	return		<RETURN>	/undefined	<UNASSIGNED>	DEFAULT		0	0	no_evidence		-
00491720	FUN_00491720	parameter	1	param_2	/undefined4	EDX:4	DEFAULT		0	0	no_evidence		-
00491720	FUN_00491720	return		<RETURN>	/undefined	<UNASSIGNED>	DEFAULT		0	0	no_evidence		-
00491930	FUN_00491930	return		<RETURN>	/undefined	<UNASSIGNED>	DEFAULT		0	0	no_evidence		-
00491980	FUN_00491980	return		<RETURN>	/undefined4	EAX:4	DEFAULT		0	0	no_evidence		-
004919C0	STBoatC::GetCellForLoading	return		<RETURN>	/undefined4	EAX:4	DEFAULT		0	0	no_evidence		-
00491FB0	STBoatC::ReadyForLoading	return		<RETURN>	/undefined	<UNASSIGNED>	DEFAULT		0	0	no_evidence		-
00492080	STBoatC::NotReadyForLoading	return		<RETURN>	/undefined	<UNASSIGNED>	DEFAULT		0	0	no_evidence		-
00492280	STBoatC::CancelLoading	return		<RETURN>	/undefined	<UNASSIGNED>	DEFAULT		0	0	no_evidence		-
00492370	FUN_00492370	return		<RETURN>	/undefined4	EAX:4	DEFAULT		0	0	no_evidence		-
00492390	STBoatC::sub_00492390	return		<RETURN>	/undefined	<UNASSIGNED>	DEFAULT		0	0	no_evidence		-
00492420	STBoatC::sub_00492420	return		<RETURN>	/undefined	<UNASSIGNED>	DEFAULT		0	0	no_evidence		-
00492550	FUN_00492550	return		<RETURN>	/undefined4	EAX:4	DEFAULT		0	0	no_evidence		-
004926C0	STBoatC::sub_004926C0	return		<RETURN>	/undefined4	EAX:4	DEFAULT		0	0	no_evidence		-
00492B20	FUN_00492b20	return		<RETURN>	/undefined4	EAX:4	DEFAULT		0	0	no_evidence		-
00492F30	FUN_00492f30	parameter	1	param_2	/undefined4	EDX:4	DEFAULT		0	0	no_evidence		-
00493050	FUN_00493050	return		<RETURN>	/undefined4	EAX:4	DEFAULT		0	0	no_evidence		-
00493110	FUN_00493110	return		<RETURN>	/undefined	<UNASSIGNED>	DEFAULT		0	0	no_evidence		-
00493250	FUN_00493250	return		<RETURN>	/undefined	<UNASSIGNED>	DEFAULT		0	0	no_evidence		-
00493340	STBoatC::CheckForReplenisher	return		<RETURN>	/undefined4	EAX:4	DEFAULT		0	0	no_evidence		-
004934B0	FUN_004934b0	return		<RETURN>	/undefined4	EAX:4	DEFAULT		0	0	no_evidence		-
00493610	SubmarineTitans::Recovered::HiddenThis::AnonReceiver_00493610::FUN_00493610	return		<RETURN>	/undefined4	EAX:4	DEFAULT		0	0	no_evidence		-
00493CA0	FUN_00493ca0	return		<RETURN>	/undefined	<UNASSIGNED>	DEFAULT	/int	1	1	width_mismatch	{/int=1}	00493CA0 returns return of FUN_004e8030 @ 00493CB2
00493CD0	FUN_00493cd0	return		<RETURN>	/undefined4	EAX:4	DEFAULT		0	0	no_evidence		-
00493D10	FUN_00493d10	return		<RETURN>	/undefined	<UNASSIGNED>	DEFAULT		0	0	no_evidence		-
00494160	FUN_00494160	return		<RETURN>	/undefined	<UNASSIGNED>	DEFAULT		0	0	no_evidence		-
00494DF0	FUN_00494df0	return		<RETURN>	/undefined	<UNASSIGNED>	DEFAULT		0	0	no_evidence		-
00494F00	FUN_00494f00	return		<RETURN>	/undefined	<UNASSIGNED>	DEFAULT		0	0	no_evidence		-
00495010	FUN_00495010	parameter	1	param_1	/undefined4	Stack[0x4]:4	DEFAULT		0	0	no_evidence		-
00495010	FUN_00495010	return		<RETURN>	/undefined	<UNASSIGNED>	DEFAULT		0	0	no_evidence		-
004956C0	FUN_004956c0	parameter	1	param_1	/undefined4	Stack[0x4]:4	DEFAULT		0	0	no_evidence		-
00495750	FUN_00495750	return		<RETURN>	/undefined4	EAX:4	DEFAULT		0	0	no_evidence		-
00495E50	FUN_00495e50	return		<RETURN>	/undefined	<UNASSIGNED>	DEFAULT		0	0	no_evidence		-
00495EC0	DumpClassC::WritePtr	return		<RETURN>	/undefined4	EAX:4	DEFAULT		0	0	no_evidence		-
00495FF0	FUN_00495ff0	return		<RETURN>	/undefined4	EAX:4	DEFAULT		0	0	no_evidence		-
004960D0	FUN_004960d0	return		<RETURN>	/undefined4	EAX:4	DEFAULT		0	0	no_evidence		-
00496140	FUN_00496140	return		<RETURN>	/undefined4	EAX:4	DEFAULT		0	0	no_evidence		-
004969F0	FUN_004969f0	parameter	2	param_3	/undefined4	Stack[0xc]:4	DEFAULT		0	0	no_evidence		-
004969F0	FUN_004969f0	parameter	3	param_4	/undefined4	Stack[0x10]:4	DEFAULT		0	0	no_evidence		-
004969F0	FUN_004969f0	parameter	5	param_6	/undefined4	Stack[0x18]:4	DEFAULT		0	0	no_evidence		-
004969F0	FUN_004969f0	return		<RETURN>	/undefined	<UNASSIGNED>	DEFAULT		0	0	no_evidence		-
00496A90	FUN_00496a90	parameter	3	param_4	/undefined4	Stack[0x10]:4	DEFAULT		0	0	no_evidence		-
00496B30	FUN_00496b30	return		<RETURN>	/undefined	<UNASSIGNED>	DEFAULT		0	0	no_evidence		-
00496CC0	FUN_00496cc0	parameter	3	param_4	/undefined4	Stack[0x10]:4	DEFAULT		0	0	no_evidence		-
00496CC0	FUN_00496cc0	return		<RETURN>	/undefined	<UNASSIGNED>	DEFAULT		0	0	no_evidence		-
00496E40	FUN_00496e40	parameter	2	param_3	/undefined4	Stack[0xc]:4	DEFAULT		0	0	no_evidence		-
00496F00	FUN_00496f00	return		<RETURN>	/undefined4	EAX:4	DEFAULT		0	0	no_evidence		-
00496F70	FUN_00496f70	parameter	2	param_3	/undefined4	Stack[0xc]:4	DEFAULT		0	0	no_evidence		-
00496F70	FUN_00496f70	return		<RETURN>	/undefined	<UNASSIGNED>	DEFAULT		0	0	no_evidence		-
00497000	FUN_00497000	return		<RETURN>	/undefined	<UNASSIGNED>	DEFAULT		0	0	no_evidence		-
00497110	FUN_00497110	return		<RETURN>	/undefined	<UNASSIGNED>	DEFAULT		0	0	no_evidence		-
00497370	FUN_00497370	return		<RETURN>	/undefined4	EAX:4	DEFAULT		0	0	no_evidence		-
004977C0	FUN_004977c0	return		<RETURN>	/undefined	<UNASSIGNED>	DEFAULT		0	0	no_evidence		-
00497850	FUN_00497850	return		<RETURN>	/undefined4	EAX:4	DEFAULT		0	0	no_evidence		-
00497920	FUN_00497920	parameter	3	param_4	/undefined4	Stack[0x10]:4	DEFAULT		24	0	conflicting_evidence	{/int=23, /uint=1}	0040BC90 -> 00497920 @ 0040BDD6; FUN_0040bc90 parameter param_1 | 0040CE20 -> 00497920 @ 0040CF6B; MOVSX at 0040CF58 establishes signed source width 2 | 0040CE20 -> 00497920 @ 0040CF8A; MOVSX at 0040CF78 establishes signed source width 2 | 0040CE20 -> 00497920 @ 0040D0C7; MOVSX at 0040D0B6 establishes signed source width 2 | 0040CE20 -> 00497920 @ 0040D0E6; MOVSX at 0040D0D4 establishes signed source width 2 | 0040CE20 -> 00497920 @ 0040D104; MOVSX at 0040D0F3 establishes signed source width 2 | 0040CE20 -> 00497920 @ 0040D23D; MOVSX at 0040D22B establishes signed source width 2 | 0040CE20 -> 00497920 @ 0040D25D; MOVSX at 0040D24A establishes signed source width 2 | 0040CE20 -> 00497920 @ 0040D27C; MOVSX at 0040D26A establishes signed source width 2 | 0040CE20 -> 00497920 @ 0040D2DC; MOVSX at 0040D2CD establishes signed source width 2 | 0040CE20 -> 00497920 @ 0040D320; MOVSX at 0040D30F establishes signed source width 2 | 0040CE20 -> 00497920 @ 0040D35D; MOVSX at 0040D34B establishes signed source width 2 | 0040D540 -> 00497920 @ 0040D792; MOVSX at 0040D780 establishes signed source width 2 | 0040D540 -> 00497920 @ 0040D80C; MOVSX at 0040D7FD establishes signed source width 2 | 0040D540 -> 00497920 @ 0040D82B; MOVSX at 0040D819 establishes signed source width 2 | 0040D540 -> 00497920 @ 0040D967; MOVSX at 0040D955 establishes signed source width 2 | 0040D540 -> 00497920 @ 0040D987; MOVSX at 0040D974 establishes signed source width 2 | 0040D540 -> 00497920 @ 0040DACC; MOVSX at 0040DABA establishes signed source width 2 | 0040D540 -> 00497920 @ 0040DAEC; MOVSX at 0040DAD9 establishes signed source width 2 | 0040D540 -> 00497920 @ 0040DB6E; MOVSX at 0040DB5F establishes signed source width 2 | 0040D540 -> 00497920 @ 0040DBB2; MOVSX at 0040DBA1 establishes signed source width 2 | 0040D540 -> 00497920 @ 0040DBF7; MOVSX at 0040DBE5 establishes signed source width 2 | 0049794D TEST AX,AX classifies dword parameter loaded at 0049794A | 00497952 CMP AX,word ptr [0x007fb244] classifies dword parameter loaded at 0049794A
00497CD0	STGroupBoatC::InitWay	return		<RETURN>	/undefined4	EAX:4	DEFAULT		0	0	no_evidence		-
00499750	STGroupBoatC::ReMakePVecAndTgtList	return		<RETURN>	/undefined4	EAX:4	DEFAULT		0	0	no_evidence		-
004999C0	STGroupBoatC::ReMakePVecAndTgtListExt	return		<RETURN>	/undefined4	EAX:4	DEFAULT		0	0	no_evidence		-
00499B80	STGroupBoatC::MakePVec	return		<RETURN>	/undefined4	EAX:4	DEFAULT		0	0	no_evidence		-
00499DE0	STGroupBoatC::DistributeTargets	return		<RETURN>	/undefined4	EAX:4	DEFAULT		0	0	no_evidence		-
0049A620	STGroupBoatC::GrpMove	return		<RETURN>	/undefined4	EAX:4	DEFAULT		0	0	no_evidence		-
0049A940	STGroupBoatC::GrpMove	return		<RETURN>	/undefined4	EAX:4	DEFAULT		0	0	no_evidence		-
0049AAF0	STGroupBoatC::GrpAttack	return		<RETURN>	/undefined4	EAX:4	DEFAULT		0	0	no_evidence		-
0049B4C0	STGroupBoatC::GrpGoToDeep	return		<RETURN>	/undefined4	EAX:4	DEFAULT		0	0	no_evidence		-
0049C210	STGroupBoatC::GrpLoadRC	return		<RETURN>	/undefined4	EAX:4	DEFAULT		0	0	no_evidence		-
0049CD30	STGroupBoatC::GrpBuild	return		<RETURN>	/undefined4	EAX:4	DEFAULT		0	0	no_evidence		-
0049D230	STGroupBoatC::GrpUnLoadRC	return		<RETURN>	/undefined4	EAX:4	DEFAULT		0	0	no_evidence		-
0049D750	STGroupBoatC::GrpRepare	return		<RETURN>	/undefined4	EAX:4	DEFAULT		0	0	no_evidence		-
0049DB40	STGroupBoatC::GrpGuard	return		<RETURN>	/undefined4	EAX:4	DEFAULT		0	0	no_evidence		-
0049DFA0	STGroupBoatC::GrpLoadObj	return		<RETURN>	/undefined4	EAX:4	DEFAULT		0	0	no_evidence		-
0049EA00	STGroupBoatC::SetMine	return		<RETURN>	/undefined4	EAX:4	DEFAULT		0	0	no_evidence		-
0049ED40	STGroupBoatC::DCBomb	return		<RETURN>	/undefined4	EAX:4	DEFAULT		0	0	no_evidence		-
0049F100	STGroupBoatC::Capture	return		<RETURN>	/undefined4	EAX:4	DEFAULT		0	0	no_evidence		-
0049F640	STGroupBoatC::Recharge	return		<RETURN>	/undefined4	EAX:4	DEFAULT		0	0	no_evidence		-
0049F900	STGroupBoatC::Teleport	return		<RETURN>	/undefined4	EAX:4	DEFAULT		0	0	no_evidence		-
004A0040	STGroupBoatC::GrpDismant	return		<RETURN>	/undefined4	EAX:4	DEFAULT		0	0	no_evidence		-
004A0990	STGroupBoatC::GrpRepSub	return		<RETURN>	/undefined4	EAX:4	DEFAULT		0	0	no_evidence		-
004A0EE0	FUN_004a0ee0	return		<RETURN>	/undefined	<UNASSIGNED>	DEFAULT		0	0	no_evidence		-
004A0FA0	STGroupBoatC::RechargeNewCmd	return		<RETURN>	/undefined	<UNASSIGNED>	DEFAULT		0	0	no_evidence		-
004A3430	STGroupBoatC::DistributeMD	return		<RETURN>	/undefined	<UNASSIGNED>	DEFAULT		0	0	no_evidence		-
004A3CD0	STGroupBoatC::DistributeDock	return		<RETURN>	/undefined	<UNASSIGNED>	DEFAULT		0	0	no_evidence		-
004A4240	STGroupBoatC::ChangeMDNotify	return		<RETURN>	/undefined	<UNASSIGNED>	DEFAULT		0	0	no_evidence		-
004A4D60	STGroupBoatC::ChangeMDNotify	return		<RETURN>	/undefined	<UNASSIGNED>	DEFAULT		0	0	no_evidence		-
004A67A0	STGroupBoatC::RestoreGrpBData	return		<RETURN>	/undefined	<UNASSIGNED>	DEFAULT		0	0	no_evidence		-
004A7490	STGroupBoatC::ReMakePatrolPoints	return		<RETURN>	/undefined	<UNASSIGNED>	DEFAULT		0	0	no_evidence		-
004A7E30	STGroupBoatC::sub_004A7E30	return		<RETURN>	/undefined4	EAX:4	DEFAULT		0	0	no_evidence		-
004A80A0	STGroupBoatC::SetPatrolCmdToBoat	return		<RETURN>	/undefined	<UNASSIGNED>	DEFAULT		0	0	no_evidence		-
004A8220	FUN_004a8220	return		<RETURN>	/undefined	<UNASSIGNED>	DEFAULT		0	0	no_evidence		-
004A8340	STGroupBoatC::GetDepotForAttack	return		<RETURN>	/undefined	<UNASSIGNED>	DEFAULT		0	0	no_evidence		-
004A85B0	STGroupBoatC::StartReceiveOrderSound	return		<RETURN>	/undefined	<UNASSIGNED>	DEFAULT		0	0	no_evidence		-
004A87A0	STGroupBoatC::IsAgAtt	return		<RETURN>	/undefined4	EAX:4	DEFAULT		0	0	no_evidence		-
004A8F20	FUN_004a8f20	return		<RETURN>	/undefined	<UNASSIGNED>	DEFAULT		0	0	no_evidence		-
004A8FC0	OpticClassC::InitOptic	return		<RETURN>	/undefined	<UNASSIGNED>	DEFAULT		0	0	no_evidence		-
004A9540	OpticClassC::ReInitOptic	return		<RETURN>	/undefined	<UNASSIGNED>	DEFAULT		0	0	no_evidence		-
004A9C80	FUN_004a9c80	return		<RETURN>	/undefined	<UNASSIGNED>	DEFAULT		0	0	no_evidence		-
004A9D60	FUN_004a9d60	return		<RETURN>	/undefined4	EAX:4	DEFAULT		0	0	no_evidence		-
004A9FB0	FUN_004a9fb0	return		<RETURN>	/undefined4	EAX:4	DEFAULT		0	0	no_evidence		-
004AA200	FUN_004aa200	return		<RETURN>	/undefined4	EAX:4	DEFAULT		0	0	no_evidence		-
004AA450	FUN_004aa450	return		<RETURN>	/undefined4	EAX:4	DEFAULT		0	0	no_evidence		-
004AA6A0	FUN_004aa6a0	return		<RETURN>	/undefined4	EAX:4	DEFAULT		0	0	no_evidence		-
004AA8D0	FUN_004aa8d0	return		<RETURN>	/undefined4	EAX:4	DEFAULT		0	0	no_evidence		-
004AAB00	FUN_004aab00	return		<RETURN>	/undefined4	EAX:4	DEFAULT		0	0	no_evidence		-
004AAD30	FUN_004aad30	return		<RETURN>	/undefined4	EAX:4	DEFAULT		0	0	no_evidence		-
004AAF60	FUN_004aaf60	return		<RETURN>	/undefined	<UNASSIGNED>	DEFAULT		0	0	no_evidence		-
004AB030	FUN_004ab030	return		<RETURN>	/undefined1	AL:1	DEFAULT		0	0	no_evidence		-
004AB070	OpticClassC::sub_004AB070	return		<RETURN>	/undefined4	EAX:4	DEFAULT		0	0	no_evidence		-
004AB270	FUN_004ab270	return		<RETURN>	/undefined	<UNASSIGNED>	DEFAULT		0	0	no_evidence		-
004AB300	FUN_004ab300	return		<RETURN>	/undefined	<UNASSIGNED>	DEFAULT		0	0	no_evidence		-
004AB470	FUN_004ab470	return		<RETURN>	/undefined	<UNASSIGNED>	DEFAULT		0	0	no_evidence		-
004AB530	FUN_004ab530	return		<RETURN>	/undefined	<UNASSIGNED>	DEFAULT		0	0	no_evidence		-
004AB650	FUN_004ab650	return		<RETURN>	/undefined	<UNASSIGNED>	DEFAULT		0	0	no_evidence		-
004AB810	FUN_004ab810	return		<RETURN>	/undefined	<UNASSIGNED>	DEFAULT		0	0	no_evidence		-
004AB880	STT3DSprC::LoadSequence	return		<RETURN>	/undefined4	EAX:4	DEFAULT		0	0	no_evidence		-
004ABB30	STT3DSprC::UnLoadSequence	return		<RETURN>	/undefined4	EAX:4	DEFAULT		0	0	no_evidence		-
004ABCE0	FUN_004abce0	return		<RETURN>	/undefined4	EAX:4	DEFAULT		0	0	no_evidence		-
004ABE40	STT3DSprC::SetCurFase	return		<RETURN>	/undefined4	EAX:4	DEFAULT		0	0	no_evidence		-
004ABF00	STT3DSprC::SetCurShad	return		<RETURN>	/undefined4	EAX:4	DEFAULT		0	0	no_evidence		-
004AC040	STT3DSprC::ShowCurFase	return		<RETURN>	/undefined4	EAX:4	DEFAULT		0	0	no_evidence		-
004AC1A0	STT3DSprC::StartShow	return		<RETURN>	/undefined4	EAX:4	DEFAULT		0	0	no_evidence		-
004AC410	STT3DSprC::StopShow	return		<RETURN>	/undefined4	EAX:4	DEFAULT		0	0	no_evidence		-
004AC5A0	FUN_004ac5a0	parameter	2	param_2	/undefined4	Stack[0x8]:4	DEFAULT		0	0	no_evidence		-
004AC5A0	FUN_004ac5a0	return		<RETURN>	/undefined4	EAX:4	DEFAULT		0	0	no_evidence		-
004AC610	FUN_004ac610	return		<RETURN>	/undefined4	EAX:4	DEFAULT		0	0	no_evidence		-
004AC910	FUN_004ac910	return		<RETURN>	/undefined4	EAX:4	DEFAULT		0	0	no_evidence		-
004AC9E0	FUN_004ac9e0	return		<RETURN>	/undefined4	EAX:4	DEFAULT		0	0	no_evidence		-
004ACCD0	FUN_004accd0	return		<RETURN>	/undefined4	EAX:4	DEFAULT		0	0	no_evidence		-
004ACD30	STT3DSprC::sub_004ACD30	return		<RETURN>	/undefined4	EAX:4	DEFAULT		0	0	no_evidence		-
004ACD60	FUN_004acd60	parameter	2	param_2	/undefined4	Stack[0x8]:4	DEFAULT		0	0	no_evidence		-
004ACD90	FUN_004acd90	return		<RETURN>	/undefined	<UNASSIGNED>	DEFAULT		0	0	no_evidence		-
004ACDD0	FUN_004acdd0	return		<RETURN>	/undefined4	EAX:4	DEFAULT		0	0	no_evidence		-
004ACE00	FUN_004ace00	parameter	3	param_3	/undefined4	Stack[0xc]:4	DEFAULT		0	0	no_evidence		-
004ACE30	STT3DSprC::sub_004ACE30	return		<RETURN>	/undefined	<UNASSIGNED>	DEFAULT		0	0	no_evidence		-
004AD070	STT3DSprC::sub_004AD070	return		<RETURN>	/undefined	<UNASSIGNED>	DEFAULT		0	0	no_evidence		-
004AD0E0	FUN_004ad0e0	return		<RETURN>	/undefined	<UNASSIGNED>	DEFAULT		0	0	no_evidence		-
004AD1A0	FUN_004ad1a0	return		<RETURN>	/undefined	<UNASSIGNED>	DEFAULT		0	0	no_evidence		-
004AD1F0	STT3DSprC::Init	parameter	1	param_1	/undefined4	Stack[0x4]:4	DEFAULT		0	0	no_evidence		-
004AD1F0	STT3DSprC::Init	return		<RETURN>	/undefined4	EAX:4	DEFAULT		0	0	no_evidence		-
004AD310	FUN_004ad310	return		<RETURN>	/undefined	<UNASSIGNED>	DEFAULT		0	0	no_evidence		-
004AD360	FUN_004ad360	parameter	1	param_1	/undefined4	Stack[0x4]:4	DEFAULT		0	0	no_evidence		-
004AD360	FUN_004ad360	return		<RETURN>	/undefined	<UNASSIGNED>	DEFAULT		0	0	no_evidence		-
004AD3C0	STT3DSprC::sub_004AD3C0	return		<RETURN>	/undefined	<UNASSIGNED>	DEFAULT		0	0	no_evidence		-
004AD400	FUN_004ad400	return		<RETURN>	/undefined	<UNASSIGNED>	DEFAULT		0	0	no_evidence		-
004AD430	FUN_004ad430	return		<RETURN>	/undefined	<UNASSIGNED>	DEFAULT		0	0	no_evidence		-
004AD460	FUN_004ad460	return		<RETURN>	/undefined	<UNASSIGNED>	DEFAULT		0	0	no_evidence		-
004AD4F0	FUN_004ad4f0	return		<RETURN>	/undefined	<UNASSIGNED>	DEFAULT		0	0	no_evidence		-
004AD550	FUN_004ad550	return		<RETURN>	/undefined	<UNASSIGNED>	DEFAULT		0	0	no_evidence		-
004AD5E0	FUN_004ad5e0	return		<RETURN>	/undefined	<UNASSIGNED>	DEFAULT		0	0	no_evidence		-
004AD610	FUN_004ad610	return		<RETURN>	/undefined1	AL:1	DEFAULT		0	0	no_evidence		-
004AD630	FUN_004ad630	parameter	1	param_1	/undefined4	Stack[0x4]:4	DEFAULT		0	0	no_evidence		-
004AD630	FUN_004ad630	return		<RETURN>	/undefined	<UNASSIGNED>	DEFAULT		0	0	no_evidence		-
004AD6C0	FUN_004ad6c0	parameter	1	param_2	/undefined4	Stack[0x8]:4	DEFAULT		0	0	no_evidence		-
004AD740	FUN_004ad740	parameter	1	param_2	/undefined4	Stack[0x8]:4	DEFAULT		0	0	no_evidence		-
004AD740	FUN_004ad740	return		<RETURN>	/undefined	<UNASSIGNED>	DEFAULT	/int	1	1	width_mismatch	{/int=1}	004AD740 returns return of SubmarineTitans::Recovered::HiddenThis::AnonReceiver_004248D0::FUN_00424e10 @ 004AD779
004AE080	FUN_004ae080	return		<RETURN>	/undefined	<UNASSIGNED>	DEFAULT		0	0	no_evidence		-
004AE0B0	FUN_004ae0b0	return		<RETURN>	/undefined4	EAX:4	DEFAULT		0	0	no_evidence		-
004AF080	FUN_004af080	parameter	7	param_8	/undefined4	Stack[0x20]:4	DEFAULT	/int	0	1	insufficient_independent_evidence	{/int=1}	004B0D10 -> 004AF080 @ 004B0E36; FUN_004b0d10 parameter param_8
004AF080	FUN_004af080	return		<RETURN>	/undefined4	EAX:4	DEFAULT		0	0	no_evidence		-
004AFFA0	FUN_004affa0	parameter	0	param_1	/undefined4	Stack[0x4]:4	DEFAULT		0	0	no_evidence		-
004AFFA0	FUN_004affa0	return		<RETURN>	/undefined4	EAX:4	DEFAULT		0	0	no_evidence		-
004B0250	FUN_004b0250	return		<RETURN>	/undefined4	EAX:4	DEFAULT		0	0	no_evidence		-
004B0D10	FUN_004b0d10	return		<RETURN>	/undefined4	EAX:4	DEFAULT		0	0	no_evidence		-
004B0F20	FUN_004b0f20	parameter	8	param_9	/undefined4	Stack[0x24]:4	DEFAULT		0	0	no_evidence		-
004B0F20	FUN_004b0f20	parameter	9	param_10	/undefined4	Stack[0x28]:4	DEFAULT		0	0	no_evidence		-
004B0F20	FUN_004b0f20	return		<RETURN>	/undefined	<UNASSIGNED>	DEFAULT		0	0	no_evidence		-
004B1040	FUN_004b1040	parameter	8	param_9	/undefined4	Stack[0x24]:4	DEFAULT		0	0	no_evidence		-
004B1040	FUN_004b1040	parameter	9	param_10	/undefined4	Stack[0x28]:4	DEFAULT		0	0	no_evidence		-
004B1040	FUN_004b1040	return		<RETURN>	/undefined	<UNASSIGNED>	DEFAULT		0	0	no_evidence		-
004B1690	FUN_004b1690	return		<RETURN>	/undefined4	EAX:4	DEFAULT		0	0	no_evidence		-
004B1FB0	FUN_004b1fb0	return		<RETURN>	/undefined4	EAX:4	DEFAULT		0	0	no_evidence		-
004B2390	FUN_004b2390	return		<RETURN>	/undefined4	EAX:4	DEFAULT		0	0	no_evidence		-
004B2520	FUN_004b2520	return		<RETURN>	/undefined4	EAX:4	DEFAULT		0	0	no_evidence		-
004B2D10	FUN_004b2d10	return		<RETURN>	/undefined4	EAX:4	DEFAULT		0	0	no_evidence		-
004B31C0	FUN_004b31c0	return		<RETURN>	/undefined4	EAX:4	DEFAULT		0	0	no_evidence		-
004B6D20	FUN_004b6d20	return		<RETURN>	/undefined4	EAX:4	DEFAULT		0	0	no_evidence		-
004B6D70	FUN_004b6d70	parameter	1	param_2	/undefined4	EDX:4	DEFAULT		0	0	no_evidence		-
004B6D70	FUN_004b6d70	return		<RETURN>	/undefined4	EAX:4	DEFAULT		0	0	no_evidence		-
004B6E30	FUN_004b6e30	return		<RETURN>	/undefined4	EAX:4	DEFAULT		0	0	no_evidence		-
004B6FC0	FUN_004b6fc0	return		<RETURN>	/undefined4	EAX:4	DEFAULT		0	0	no_evidence		-
004B7140	FUN_004b7140	parameter	0	param_1	/undefined4	Stack[0x4]:4	DEFAULT	/uint	0	1	insufficient_independent_evidence	{/uint=1}	00652810 -> 004B7140 @ 00655541; unproven partial register write at 00655537
004B71C0	FUN_004b71c0	return		<RETURN>	/undefined4	EAX:4	DEFAULT		0	0	no_evidence		-
004B71F0	FUN_004b71f0	parameter	0	param_1	/undefined4	Stack[0x4]:4	DEFAULT		0	0	no_evidence		-
004B7240	FUN_004b7240	parameter	0	param_1	/undefined4	Stack[0x4]:4	DEFAULT		0	0	no_evidence		-
004B72B0	FUN_004b72b0	return		<RETURN>	/undefined4	EAX:4	DEFAULT		0	0	no_evidence		-
004B72E0	FUN_004b72e0	return		<RETURN>	/undefined4	EAX:4	DEFAULT		0	0	no_evidence		-
004B7350	FUN_004b7350	return		<RETURN>	/undefined4	EAX:4	DEFAULT		0	0	no_evidence		-
004B7520	FUN_004b7520	return		<RETURN>	/undefined4	EAX:4	DEFAULT		0	0	no_evidence		-
004B76D0	FUN_004b76d0	return		<RETURN>	/undefined	<UNASSIGNED>	DEFAULT		0	0	no_evidence		-
004B7710	FUN_004b7710	return		<RETURN>	/undefined	<UNASSIGNED>	DEFAULT		0	0	no_evidence		-
004B7750	FUN_004b7750	return		<RETURN>	/undefined4	EAX:4	DEFAULT		0	0	no_evidence		-
004B79C0	FUN_004b79c0	return		<RETURN>	/undefined4	EAX:4	DEFAULT		0	0	no_evidence		-
004B7A60	FUN_004b7a60	return		<RETURN>	/undefined	<UNASSIGNED>	DEFAULT		0	0	no_evidence		-
004B7A80	FUN_004b7a80	return		<RETURN>	/undefined4	EAX:4	DEFAULT		0	0	no_evidence		-
004B7AA0	FUN_004b7aa0	return		<RETURN>	/undefined4	EAX:4	DEFAULT		0	0	no_evidence		-
004B7B20	FUN_004b7b20	return		<RETURN>	/undefined	<UNASSIGNED>	DEFAULT		0	0	no_evidence		-
004B7D00	FUN_004b7d00	return		<RETURN>	/undefined4	EAX:4	DEFAULT		0	0	no_evidence		-
004B7E30	FUN_004b7e30	return		<RETURN>	/undefined4	EAX:4	DEFAULT		0	0	no_evidence		-
004B7F90	TLOBaseTy::sub_004B7F90	return		<RETURN>	/undefined4	EAX:4	DEFAULT		0	0	no_evidence		-
004B8C80	FUN_004b8c80	return		<RETURN>	/undefined4	EAX:4	DEFAULT		0	0	no_evidence		-
004B98E0	TLOBaseTy::sub_004B98E0	parameter	1	param_1	/undefined4	Stack[0x4]:4	DEFAULT		0	0	no_evidence		-
004B9920	FUN_004b9920	return		<RETURN>	/undefined4	EAX:4	DEFAULT		0	0	no_evidence		-
004B9A40	TLOBaseTy::sub_004B9A40	return		<RETURN>	/undefined4	EAX:4	DEFAULT		0	0	no_evidence		-
004B9BB0	FUN_004b9bb0	parameter	3	param_3	/undefined2	Stack[0xc]:2	DEFAULT	/ushort	0	1	insufficient_independent_evidence	{/ushort=1}	004B9FA0 -> 004B9BB0 @ 004BB031; literal 65535 at 004BB022
004B9BB0	FUN_004b9bb0	return		<RETURN>	/undefined4	EAX:4	DEFAULT		0	0	no_evidence		-
004B9D20	FUN_004b9d20	return		<RETURN>	/undefined4	EAX:4	DEFAULT		0	0	no_evidence		-
004B9D90	FUN_004b9d90	return		<RETURN>	/undefined4	EAX:4	DEFAULT		0	0	no_evidence		-
004BE110	FUN_004be110	return		<RETURN>	/undefined	<UNASSIGNED>	DEFAULT		0	0	no_evidence		-
004BE180	FUN_004be180	parameter	1	param_1	/undefined4	Stack[0x4]:4	DEFAULT		0	0	no_evidence		-
004BE180	FUN_004be180	return		<RETURN>	/undefined	<UNASSIGNED>	DEFAULT		0	0	no_evidence		-
004BE1A0	FUN_004be1a0	return		<RETURN>	/undefined	<UNASSIGNED>	DEFAULT		0	0	no_evidence		-
004BE200	FUN_004be200	return		<RETURN>	/undefined	<UNASSIGNED>	DEFAULT		0	0	no_evidence		-
004BE240	FUN_004be240	return		<RETURN>	/undefined	<UNASSIGNED>	DEFAULT		0	0	no_evidence		-
004BE290	FUN_004be290	return		<RETURN>	/undefined	<UNASSIGNED>	DEFAULT		0	0	no_evidence		-
004BE320	FUN_004be320	return		<RETURN>	/undefined4	EAX:4	DEFAULT		0	0	no_evidence		-
004BE3D0	FUN_004be3d0	return		<RETURN>	/undefined	<UNASSIGNED>	DEFAULT		0	0	no_evidence		-
004BE470	FUN_004be470	return		<RETURN>	/undefined	<UNASSIGNED>	DEFAULT		0	0	no_evidence		-
004BE500	TLOBaseTy::SetActivity	return		<RETURN>	/undefined	<UNASSIGNED>	DEFAULT		0	0	no_evidence		-
004BE6C0	FUN_004be6c0	return		<RETURN>	/undefined	<UNASSIGNED>	DEFAULT		0	0	no_evidence		-
004C21A0	FUN_004c21a0	return		<RETURN>	/undefined4	EAX:4	DEFAULT		0	0	no_evidence		-
004C2810	FUN_004c2810	return		<RETURN>	/undefined	<UNASSIGNED>	DEFAULT		0	0	no_evidence		-
004C2840	FUN_004c2840	return		<RETURN>	/undefined	<UNASSIGNED>	DEFAULT		0	0	no_evidence		-
004C28B0	FUN_004c28b0	return		<RETURN>	/undefined	<UNASSIGNED>	DEFAULT		0	0	no_evidence		-
004C2950	FUN_004c2950	return		<RETURN>	/undefined	<UNASSIGNED>	DEFAULT		0	0	no_evidence		-
004C2C10	FUN_004c2c10	return		<RETURN>	/undefined4	EAX:4	DEFAULT		0	0	no_evidence		-
004C2D40	FUN_004c2d40	return		<RETURN>	/undefined4	EAX:4	DEFAULT		0	0	no_evidence		-
004C2E60	FUN_004c2e60	return		<RETURN>	/undefined4	EAX:4	DEFAULT		0	0	no_evidence		-
004C2F70	TLOBaseTy::sub_004C2F70	return		<RETURN>	/undefined4	EAX:4	DEFAULT		0	0	no_evidence		-
004C3020	FUN_004c3020	return		<RETURN>	/undefined4	EAX:4	DEFAULT		0	0	no_evidence		-
004C34A0	TLOBaseTy::sub_004C34A0	return		<RETURN>	/undefined4	EAX:4	DEFAULT		0	0	no_evidence		-
004C4550	TLOBaseTy::sub_004C4550	return		<RETURN>	/undefined4	EAX:4	DEFAULT		0	0	no_evidence		-
004C5350	FUN_004c5350	parameter	5	param_5	/undefined4	Stack[0x14]:4	DEFAULT		0	0	no_evidence		-
004C56B0	TLOBaseTy::sub_004C56B0	return		<RETURN>	/undefined4	EAX:4	DEFAULT		0	0	no_evidence		-
004C5BD0	FUN_004c5bd0	return		<RETURN>	/undefined4	EAX:4	DEFAULT		0	0	no_evidence		-
004C5E60	FUN_004c5e60	return		<RETURN>	/undefined4	EAX:4	DEFAULT		0	0	no_evidence		-
004C5EB0	FUN_004c5eb0	return		<RETURN>	/undefined4	EAX:4	DEFAULT		0	0	no_evidence		-
004C5F30	FUN_004c5f30	return		<RETURN>	/undefined4	EAX:4	DEFAULT		0	0	no_evidence		-
004C6070	FUN_004c6070	return		<RETURN>	/undefined4	EAX:4	DEFAULT		0	0	no_evidence		-
004C61A0	TLOBldMark::sub_004C61A0	return		<RETURN>	/undefined4	EAX:4	DEFAULT		0	0	no_evidence		-
004C61E0	TLOBldMark::sub_004C61E0	return		<RETURN>	/undefined4	EAX:4	DEFAULT		0	0	no_evidence		-
004C6210	TLOBldMark::sub_004C6210	parameter	1	param_1	/undefined4	Stack[0x4]:4	DEFAULT		0	0	no_evidence		-
004C6210	TLOBldMark::sub_004C6210	parameter	2	param_2	/undefined4	Stack[0x8]:4	DEFAULT		0	0	no_evidence		-
004C6210	TLOBldMark::sub_004C6210	return		<RETURN>	/undefined4	EAX:4	DEFAULT		0	0	no_evidence		-
004C63F0	TLOBldMark::sub_004C63F0	return		<RETURN>	/undefined4	EAX:4	DEFAULT		0	0	no_evidence		-
004C6440	TLOBldMark::sub_004C6440	return		<RETURN>	/undefined4	EAX:4	DEFAULT		0	0	no_evidence		-
004C6B50	FUN_004c6b50	return		<RETURN>	/undefined4	EAX:4	DEFAULT		0	0	no_evidence		-
004C6BB0	FUN_004c6bb0	parameter	1	param_1	/undefined4	Stack[0x4]:4	DEFAULT		0	0	no_evidence		-
004C6BB0	FUN_004c6bb0	parameter	2	param_2	/undefined4	Stack[0x8]:4	DEFAULT		0	0	no_evidence		-
004C6BB0	FUN_004c6bb0	parameter	3	param_3	/undefined4	Stack[0xc]:4	DEFAULT		0	0	no_evidence		-
004C6BB0	FUN_004c6bb0	return		<RETURN>	/undefined4	EAX:4	DEFAULT		0	0	no_evidence		-
004C6C70	TLOBaseTy::sub_004C6C70	parameter	1	param_1	/undefined4	Stack[0x4]:4	DEFAULT		0	0	no_evidence		-
004C6C70	TLOBaseTy::sub_004C6C70	parameter	2	param_2	/undefined4	Stack[0x8]:4	DEFAULT		0	0	no_evidence		-
004C6C70	TLOBaseTy::sub_004C6C70	parameter	3	param_3	/undefined4	Stack[0xc]:4	DEFAULT		0	0	no_evidence		-
004C6C70	TLOBaseTy::sub_004C6C70	return		<RETURN>	/undefined4	EAX:4	DEFAULT		0	0	no_evidence		-
004C6D00	FUN_004c6d00	return		<RETURN>	/undefined4	EAX:4	DEFAULT		0	0	no_evidence		-
004C7070	TLOBaseTy::sub_004C7070	return		<RETURN>	/undefined4	EAX:4	DEFAULT		0	0	no_evidence		-
004C71F0	FUN_004c71f0	return		<RETURN>	/undefined	<UNASSIGNED>	DEFAULT		0	0	no_evidence		-
004C7230	FUN_004c7230	return		<RETURN>	/undefined	<UNASSIGNED>	DEFAULT		0	0	no_evidence		-
004C7260	FUN_004c7260	return		<RETURN>	/undefined4	EAX:4	DEFAULT		0	0	no_evidence		-
004C7460	TLOBaseTy::sub_004C7460	return		<RETURN>	/undefined4	EAX:4	DEFAULT		0	0	no_evidence		-
004C7C50	FUN_004c7c50	return		<RETURN>	/undefined4	EAX:4	DEFAULT		0	0	no_evidence		-
004C7CC0	TLOBaseTy::FUN_004c7cc0	parameter	6	param_6	/undefined4	Stack[0x18]:4	DEFAULT		0	0	no_evidence		-
004C7CC0	TLOBaseTy::FUN_004c7cc0	return		<RETURN>	/undefined4	EAX:4	DEFAULT		0	0	no_evidence		-
004C84C0	FUN_004c84c0	return		<RETURN>	/undefined4	EAX:4	DEFAULT		0	0	no_evidence		-
004C91A0	FUN_004c91a0	return		<RETURN>	/undefined4	EAX:4	DEFAULT		0	0	no_evidence		-
004C9430	FUN_004c9430	return		<RETURN>	/undefined4	EAX:4	DEFAULT		0	0	no_evidence		-
004C94B0	TLOBaseTy::procResult	return		<RETURN>	/undefined4	EAX:4	DEFAULT		0	0	no_evidence		-
004CA7B0	TLOBaseTy::sub_004CA7B0	return		<RETURN>	/undefined4	EAX:4	DEFAULT		0	0	no_evidence		-
004CAFC0	TLOBaseTy::sub_004CAFC0	return		<RETURN>	/undefined	<UNASSIGNED>	DEFAULT		0	0	no_evidence		-
004CBA10	FUN_004cba10	return		<RETURN>	/undefined4	EAX:4	DEFAULT		0	0	no_evidence		-
004CBA30	TLOBaseTy::sub_004CBA30	return		<RETURN>	/undefined4	EAX:4	DEFAULT		0	0	no_evidence		-
004CBAD0	FUN_004cbad0	return		<RETURN>	/undefined4	EAX:4	DEFAULT		0	0	no_evidence		-
004CBE10	FUN_004cbe10	return		<RETURN>	/undefined4	EAX:4	DEFAULT		0	0	no_evidence		-
004CBF30	TLOBaseTy::sub_004CBF30	return		<RETURN>	/undefined	<UNASSIGNED>	DEFAULT		0	0	no_evidence		-
004CBF70	FUN_004cbf70	return		<RETURN>	/undefined4	EAX:4	DEFAULT		0	0	no_evidence		-
004CBFB0	FUN_004cbfb0	return		<RETURN>	/undefined4	EAX:4	DEFAULT		0	0	no_evidence		-
004CC040	FUN_004cc040	return		<RETURN>	/undefined4	EAX:4	DEFAULT		0	0	no_evidence		-
004CC130	FUN_004cc130	return		<RETURN>	/undefined4	EAX:4	DEFAULT		0	0	no_evidence		-
004CC220	FUN_004cc220	return		<RETURN>	/undefined4	EAX:4	DEFAULT		0	0	no_evidence		-
004CC330	TLOBaseTy::sub_004CC330	return		<RETURN>	/undefined4	EAX:4	DEFAULT		0	0	no_evidence		-
004CC370	FUN_004cc370	return		<RETURN>	/undefined4	EAX:4	DEFAULT		0	0	no_evidence		-
004CC7F0	FUN_004cc7f0	return		<RETURN>	/undefined4	EAX:4	DEFAULT		0	0	no_evidence		-
004CC880	TLOBaseTy::sub_004CC880	parameter	1	param_1	/undefined4	Stack[0x4]:4	DEFAULT		0	0	no_evidence		-
004CC880	TLOBaseTy::sub_004CC880	return		<RETURN>	/undefined4	EAX:4	DEFAULT		0	0	no_evidence		-
004CC900	TLOBaseTy::sub_004CC900	return		<RETURN>	/undefined4	EAX:4	DEFAULT		0	0	no_evidence		-
004CC9C0	FUN_004cc9c0	return		<RETURN>	/undefined4	EAX:4	DEFAULT		0	0	no_evidence		-
004CCAD0	FUN_004ccad0	return		<RETURN>	/undefined	<UNASSIGNED>	DEFAULT		0	0	no_evidence		-
004CCC10	FUN_004ccc10	return		<RETURN>	/undefined	<UNASSIGNED>	DEFAULT		0	0	no_evidence		-
004CD390	FUN_004cd390	return		<RETURN>	/undefined4	EAX:4	DEFAULT		0	0	no_evidence		-
004CD3E0	FUN_004cd3e0	parameter	2	param_2	/undefined4	Stack[0x8]:4	DEFAULT		0	0	no_evidence		-
004CD3E0	FUN_004cd3e0	return		<RETURN>	/undefined4	EAX:4	DEFAULT		0	0	no_evidence		-
004CD480	FUN_004cd480	return		<RETURN>	/undefined4	EAX:4	DEFAULT		0	0	no_evidence		-
004CD6F0	FUN_004cd6f0	return		<RETURN>	/undefined4	EAX:4	DEFAULT		0	0	no_evidence		-
004CD790	FUN_004cd790	return		<RETURN>	/undefined4	EAX:4	DEFAULT		0	0	no_evidence		-
004CDEB0	FUN_004cdeb0	parameter	1	param_1	/undefined4	Stack[0x4]:4	DEFAULT		0	0	no_evidence		-
004CDEB0	FUN_004cdeb0	return		<RETURN>	/undefined4	EAX:4	DEFAULT		0	0	no_evidence		-
004CDEF0	FUN_004cdef0	return		<RETURN>	/undefined4	EAX:4	DEFAULT		0	0	no_evidence		-
004CDF80	FUN_004cdf80	return		<RETURN>	/undefined4	EAX:4	DEFAULT		0	0	no_evidence		-
004CDFD0	FUN_004cdfd0	return		<RETURN>	/undefined4	EAX:4	DEFAULT		0	0	no_evidence		-
004CE0F0	FUN_004ce0f0	return		<RETURN>	/undefined	<UNASSIGNED>	DEFAULT		0	0	no_evidence		-
004CE250	FUN_004ce250	return		<RETURN>	/undefined4	EAX:4	DEFAULT		0	0	no_evidence		-
004CE670	FUN_004ce670	return		<RETURN>	/undefined4	EAX:4	DEFAULT		0	0	no_evidence		-
004CE700	FUN_004ce700	return		<RETURN>	/undefined	<UNASSIGNED>	DEFAULT		0	0	no_evidence		-
004CE720	FUN_004ce720	return		<RETURN>	/undefined	<UNASSIGNED>	DEFAULT		0	0	no_evidence		-
004CE860	TLOBaseTy::sub_004CE860	return		<RETURN>	/undefined4	EAX:4	DEFAULT		0	0	no_evidence		-
004CEB00	TLOBaseTy::sub_004CEB00	return		<RETURN>	/undefined4	EAX:4	DEFAULT		0	0	no_evidence		-
004CF3E0	FUN_004cf3e0	return		<RETURN>	/undefined4	EAX:4	DEFAULT		0	0	no_evidence		-
004CF410	FUN_004cf410	return		<RETURN>	/undefined4	EAX:4	DEFAULT		0	0	no_evidence		-
004CF450	FUN_004cf450	return		<RETURN>	/undefined4	EAX:4	DEFAULT		0	0	no_evidence		-
004CF4E0	TLOBaseTy::FUN_004cf4e0	parameter	1	param_1	/undefined4	Stack[0x4]:4	DEFAULT		0	0	no_evidence		-
004CF4E0	TLOBaseTy::FUN_004cf4e0	parameter	2	param_2	/undefined4	Stack[0x8]:4	DEFAULT		0	0	no_evidence		-
004CF4E0	TLOBaseTy::FUN_004cf4e0	parameter	3	param_3	/undefined4	Stack[0xc]:4	DEFAULT		0	0	no_evidence		-
004CF4E0	TLOBaseTy::FUN_004cf4e0	parameter	4	param_4	/undefined4	Stack[0x10]:4	DEFAULT		0	0	no_evidence		-
004CF4E0	TLOBaseTy::FUN_004cf4e0	parameter	5	param_5	/undefined4	Stack[0x14]:4	DEFAULT		0	0	no_evidence		-
004CF4E0	TLOBaseTy::FUN_004cf4e0	return		<RETURN>	/undefined4	EAX:4	DEFAULT		0	0	no_evidence		-
004CF640	FUN_004cf640	return		<RETURN>	/undefined	<UNASSIGNED>	DEFAULT		0	0	no_evidence		-
004CFA00	TLOBaseTy::sub_004CFA00	return		<RETURN>	/undefined	<UNASSIGNED>	DEFAULT		0	0	no_evidence		-
004CFBE0	FUN_004cfbe0	return		<RETURN>	/undefined	<UNASSIGNED>	DEFAULT		0	0	no_evidence		-
004CFDE0	FUN_004cfde0	return		<RETURN>	/undefined	<UNASSIGNED>	DEFAULT		0	0	no_evidence		-
004CFFF0	FUN_004cfff0	return		<RETURN>	/undefined	<UNASSIGNED>	DEFAULT		0	0	no_evidence		-
004D01F0	FUN_004d01f0	return		<RETURN>	/undefined4	EAX:4	DEFAULT		0	0	no_evidence		-
004D0310	FUN_004d0310	return		<RETURN>	/undefined4	EAX:4	DEFAULT		0	0	no_evidence		-
004D0670	FUN_004d0670	return		<RETURN>	/undefined4	EAX:4	DEFAULT		0	0	no_evidence		-
004D08C0	FUN_004d08c0	return		<RETURN>	/undefined4	EAX:4	DEFAULT		0	0	no_evidence		-
004D08E0	FUN_004d08e0	return		<RETURN>	/undefined4	EAX:4	DEFAULT		0	0	no_evidence		-
004D0900	FUN_004d0900	return		<RETURN>	/undefined4	EAX:4	DEFAULT		0	0	no_evidence		-
004D0970	FUN_004d0970	return		<RETURN>	/undefined4	EAX:4	DEFAULT		0	0	no_evidence		-
004D0A80	FUN_004d0a80	return		<RETURN>	/undefined4	EAX:4	DEFAULT		0	0	no_evidence		-
004D0F00	FUN_004d0f00	return		<RETURN>	/undefined4	EAX:4	DEFAULT		0	0	no_evidence		-
004D0F80	FUN_004d0f80	return		<RETURN>	/undefined	<UNASSIGNED>	DEFAULT		0	0	no_evidence		-
004D0FA0	FUN_004d0fa0	return		<RETURN>	/undefined	<UNASSIGNED>	DEFAULT		0	0	no_evidence		-
004D10A0	TLOEmbryoTy::sub_004D10A0	return		<RETURN>	/undefined4	EAX:4	DEFAULT		0	0	no_evidence		-
004D2760	FUN_004d2760	return		<RETURN>	/undefined4	EAX:4	DEFAULT		0	0	no_evidence		-
004D2FD0	FUN_004d2fd0	return		<RETURN>	/undefined4	EAX:4	DEFAULT		0	0	no_evidence		-
004D3290	FUN_004d3290	return		<RETURN>	/undefined	<UNASSIGNED>	DEFAULT		0	0	no_evidence		-
004D32C0	FUN_004d32c0	return		<RETURN>	/undefined4	EAX:4	DEFAULT		0	0	no_evidence		-
004D5470	FUN_004d5470	return		<RETURN>	/undefined4	EAX:4	DEFAULT		0	0	no_evidence		-
004D6590	FUN_004d6590	return		<RETURN>	/undefined4	EAX:4	DEFAULT		0	0	no_evidence		-
004D67B0	TLOBaseTy::SetActivity	return		<RETURN>	/undefined	<UNASSIGNED>	DEFAULT		0	0	no_evidence		-
004D6890	FUN_004d6890	return		<RETURN>	/undefined	<UNASSIGNED>	DEFAULT		0	0	no_evidence		-
004D6930	FUN_004d6930	return		<RETURN>	/undefined	<UNASSIGNED>	DEFAULT		0	0	no_evidence		-
004D6BE0	FUN_004d6be0	return		<RETURN>	/undefined	<UNASSIGNED>	DEFAULT		0	0	no_evidence		-
004D6C00	FUN_004d6c00	return		<RETURN>	/undefined	<UNASSIGNED>	DEFAULT		0	0	no_evidence		-
004D6C20	FUN_004d6c20	return		<RETURN>	/undefined	<UNASSIGNED>	DEFAULT		0	0	no_evidence		-
004D6C50	FUN_004d6c50	return		<RETURN>	/undefined	<UNASSIGNED>	DEFAULT		0	0	no_evidence		-
004D6C70	FUN_004d6c70	return		<RETURN>	/undefined	<UNASSIGNED>	DEFAULT		0	0	no_evidence		-
004D6C90	FUN_004d6c90	parameter	1	param_1	/undefined4	Stack[0x4]:4	DEFAULT		0	0	no_evidence		-
004D6C90	FUN_004d6c90	return		<RETURN>	/undefined4	EAX:4	DEFAULT		0	0	no_evidence		-
004D6D30	FUN_004d6d30	return		<RETURN>	/undefined	<UNASSIGNED>	DEFAULT		0	0	no_evidence		-
004D6D50	FUN_004d6d50	return		<RETURN>	/undefined	<UNASSIGNED>	DEFAULT		0	0	no_evidence		-
004D7010	FUN_004d7010	return		<RETURN>	/undefined	<UNASSIGNED>	DEFAULT		0	0	no_evidence		-
004D7040	FUN_004d7040	return		<RETURN>	/undefined4	EAX:4	DEFAULT		0	0	no_evidence		-
004D7270	FUN_004d7270	return		<RETURN>	/undefined4	EAX:4	DEFAULT		0	0	no_evidence		-
004D7390	FUN_004d7390	return		<RETURN>	/undefined	<UNASSIGNED>	DEFAULT	/uint	1	1	width_mismatch	{/uint=1}	004D7390 returns zeroed full register at 004D7395 @ 004D7397
004D73B0	FUN_004d73b0	return		<RETURN>	/undefined4	EAX:4	DEFAULT		0	0	no_evidence		-
004D7480	FUN_004d7480	parameter	2	param_3	/undefined4	Stack[0xc]:4	DEFAULT	/int	0	1	insufficient_independent_evidence	{/int=1}	004749C0 -> 004D7480 @ 004751BF; /STBoatC+0x18
004D7480	FUN_004d7480	return		<RETURN>	/undefined4	EAX:4	DEFAULT		0	0	no_evidence		-
004D7570	FUN_004d7570	return		<RETURN>	/undefined4	EAX:4	DEFAULT		0	0	no_evidence		-
004D76E0	FUN_004d76e0	return		<RETURN>	/undefined4	EAX:4	DEFAULT		0	0	no_evidence		-
004D78E0	FUN_004d78e0	return		<RETURN>	/undefined4	EAX:4	DEFAULT		0	0	no_evidence		-
004D7B10	FUN_004d7b10	return		<RETURN>	/undefined4	EAX:4	DEFAULT		0	0	no_evidence		-
004D7B50	FUN_004d7b50	return		<RETURN>	/undefined4	EAX:4	DEFAULT		0	0	no_evidence		-
004D7B90	FUN_004d7b90	return		<RETURN>	/undefined4	EAX:4	DEFAULT		0	0	no_evidence		-
004D7BD0	FUN_004d7bd0	return		<RETURN>	/undefined4	EAX:4	DEFAULT		0	0	no_evidence		-
004D7C10	FUN_004d7c10	return		<RETURN>	/undefined4	EAX:4	DEFAULT		0	0	no_evidence		-
004D7D30	FUN_004d7d30	return		<RETURN>	/undefined4	EAX:4	DEFAULT		0	0	no_evidence		-
004D7E50	FUN_004d7e50	return		<RETURN>	/undefined4	EAX:4	DEFAULT		0	0	no_evidence		-
004D7F70	FUN_004d7f70	return		<RETURN>	/undefined4	EAX:4	DEFAULT		0	0	no_evidence		-
004D8080	FUN_004d8080	parameter	2	param_3	/undefined4	Stack[0xc]:4	DEFAULT		0	0	no_evidence		-
004D80D0	FUN_004d80d0	return		<RETURN>	/undefined4	EAX:4	DEFAULT		0	0	no_evidence		-
004D8110	FUN_004d8110	parameter	0	param_1	/undefined4	Stack[0x4]:4	DEFAULT		0	0	no_evidence		-
004D8110	FUN_004d8110	return		<RETURN>	/undefined4	EAX:4	DEFAULT		0	0	no_evidence		-
004D8190	FUN_004d8190	return		<RETURN>	/undefined	<UNASSIGNED>	DEFAULT		0	0	no_evidence		-
004D8230	FUN_004d8230	return		<RETURN>	/undefined4	EAX:4	DEFAULT		0	0	no_evidence		-
004D8320	FUN_004d8320	parameter	0	param_1	/undefined4	Stack[0x4]:4	DEFAULT		0	0	no_evidence		-
004D8320	FUN_004d8320	return		<RETURN>	/undefined4	EAX:4	DEFAULT		0	0	no_evidence		-
004D8360	FUN_004d8360	return		<RETURN>	/undefined4	EAX:4	DEFAULT		0	0	no_evidence		-
004D83D0	FUN_004d83d0	parameter	0	param_1	/undefined1	Stack[0x4]:1	DEFAULT		0	0	no_evidence		-
004D83D0	FUN_004d83d0	return		<RETURN>	/undefined4	EAX:4	DEFAULT		0	0	no_evidence		-
004D8530	FUN_004d8530	return		<RETURN>	/undefined	<UNASSIGNED>	DEFAULT		0	0	no_evidence		-
004D85B0	FUN_004d85b0	return		<RETURN>	/undefined	<UNASSIGNED>	DEFAULT		0	0	no_evidence		-
004D86A0	FUN_004d86a0	return		<RETURN>	/undefined4	EAX:4	DEFAULT		0	0	no_evidence		-
004D8870	FUN_004d8870	return		<RETURN>	/undefined4	EAX:4	DEFAULT		0	0	no_evidence		-
004D88B0	FUN_004d88b0	parameter	1	param_2	/undefined4	Stack[0x8]:4	DEFAULT		0	0	no_evidence		-
004D88B0	FUN_004d88b0	return		<RETURN>	/undefined4	EAX:4	DEFAULT		0	0	no_evidence		-
004D89B0	FUN_004d89b0	return		<RETURN>	/undefined4	EAX:4	DEFAULT		0	0	no_evidence		-
004D89F0	FUN_004d89f0	parameter	1	param_2	/undefined4	Stack[0x8]:4	DEFAULT		0	0	no_evidence		-
004D89F0	FUN_004d89f0	return		<RETURN>	/undefined4	EAX:4	DEFAULT		0	0	no_evidence		-
004D8AF0	FUN_004d8af0	return		<RETURN>	/undefined4	EAX:4	DEFAULT		0	0	no_evidence		-
004D8B30	FUN_004d8b30	parameter	1	param_2	/undefined4	Stack[0x8]:4	DEFAULT		0	0	no_evidence		-
004D8B30	FUN_004d8b30	return		<RETURN>	/undefined4	EAX:4	DEFAULT		0	0	no_evidence		-
004D8B70	FUN_004d8b70	return		<RETURN>	/undefined4	EAX:4	DEFAULT		0	0	no_evidence		-
004D8D00	FUN_004d8d00	return		<RETURN>	/undefined4	EAX:4	DEFAULT		0	0	no_evidence		-
004D8D40	FUN_004d8d40	return		<RETURN>	/undefined4	EAX:4	DEFAULT		0	0	no_evidence		-
004D8DB0	FUN_004d8db0	return		<RETURN>	/undefined4	EAX:4	DEFAULT		0	0	no_evidence		-
004D8E30	FUN_004d8e30	return		<RETURN>	/undefined4	EAX:4	DEFAULT		0	0	no_evidence		-
004D8E70	FUN_004d8e70	parameter	3	param_3	/undefined4	Stack[0xc]:4	DEFAULT		0	0	no_evidence		-
004D8E70	FUN_004d8e70	return		<RETURN>	/undefined4	EAX:4	DEFAULT		0	0	no_evidence		-
004D8F80	FUN_004d8f80	return		<RETURN>	/undefined4	EAX:4	DEFAULT		0	0	no_evidence		-
004D9000	FUN_004d9000	return		<RETURN>	/undefined4	EAX:4	DEFAULT		0	0	no_evidence		-
004D9350	FUN_004d9350	return		<RETURN>	/undefined4	EAX:4	DEFAULT		0	0	no_evidence		-
004D95A0	FUN_004d95a0	return		<RETURN>	/undefined4	EAX:4	DEFAULT		0	0	no_evidence		-
004D9620	FUN_004d9620	return		<RETURN>	/undefined4	EAX:4	DEFAULT		0	0	no_evidence		-
004D96B0	FUN_004d96b0	return		<RETURN>	/undefined4	EAX:4	DEFAULT		0	0	no_evidence		-
004D9700	FUN_004d9700	return		<RETURN>	/undefined4	EAX:4	DEFAULT		0	0	no_evidence		-
004D9790	FUN_004d9790	return		<RETURN>	/undefined4	EAX:4	DEFAULT		0	0	no_evidence		-
004D9820	FUN_004d9820	return		<RETURN>	/undefined4	EAX:4	DEFAULT		0	0	no_evidence		-
004D9B20	FUN_004d9b20	return		<RETURN>	/undefined4	EAX:4	DEFAULT		0	0	no_evidence		-
004D9BB0	FUN_004d9bb0	return		<RETURN>	/undefined	<UNASSIGNED>	DEFAULT		0	0	no_evidence		-
004D9BD0	FUN_004d9bd0	return		<RETURN>	/undefined4	EAX:4	DEFAULT		0	0	no_evidence		-
004D9C20	FUN_004d9c20	return		<RETURN>	/undefined4	EAX:4	DEFAULT		0	0	no_evidence		-
004D9C60	FUN_004d9c60	return		<RETURN>	/undefined4	EAX:4	DEFAULT		0	0	no_evidence		-
004D9C80	FUN_004d9c80	return		<RETURN>	/undefined4	EAX:4	DEFAULT		0	0	no_evidence		-
004D9FE0	FUN_004d9fe0	return		<RETURN>	/undefined4	EAX:4	DEFAULT		0	0	no_evidence		-
004DA230	FUN_004da230	return		<RETURN>	/undefined4	EAX:4	DEFAULT		0	0	no_evidence		-
004DA2B0	FUN_004da2b0	return		<RETURN>	/undefined4	EAX:4	DEFAULT		0	0	no_evidence		-
004DA340	FUN_004da340	return		<RETURN>	/undefined	<UNASSIGNED>	DEFAULT		0	0	no_evidence		-
004DA390	FUN_004da390	return		<RETURN>	/undefined4	EAX:4	DEFAULT		0	0	no_evidence		-
004DA9C0	FUN_004da9c0	parameter	0	param_1	/undefined4	ECX:4	DEFAULT		0	0	no_evidence		-
004DA9C0	FUN_004da9c0	return		<RETURN>	/undefined4	EAX:4	DEFAULT		0	0	no_evidence		-
004DB020	FUN_004db020	parameter	1	param_2	/undefined4	Stack[0x8]:4	DEFAULT		0	0	no_evidence		-
004DB020	FUN_004db020	return		<RETURN>	/undefined4	EAX:4	DEFAULT		0	0	no_evidence		-
004DB0A0	FUN_004db0a0	return		<RETURN>	/undefined4	EAX:4	DEFAULT		0	0	no_evidence		-
004DB0F0	FUN_004db0f0	return		<RETURN>	/undefined4	EAX:4	DEFAULT		0	0	no_evidence		-
004DB160	STAllPlayersC::sub_004DB160	parameter	2	param_2	/undefined4	Stack[0x8]:4	DEFAULT		0	0	no_evidence		-
004DB160	STAllPlayersC::sub_004DB160	return		<RETURN>	/undefined	<UNASSIGNED>	DEFAULT		0	0	no_evidence		-
004DB980	FUN_004db980	return		<RETURN>	/undefined4	EAX:4	DEFAULT		0	0	no_evidence		-
004DBA20	FUN_004dba20	return		<RETURN>	/undefined	<UNASSIGNED>	DEFAULT		0	0	no_evidence		-
004DBA70	FUN_004dba70	return		<RETURN>	/undefined4	EAX:4	DEFAULT		0	0	no_evidence		-
004DBB10	FUN_004dbb10	return		<RETURN>	/undefined4	EAX:4	DEFAULT		0	0	no_evidence		-
004DBB60	FUN_004dbb60	return		<RETURN>	/undefined4	EAX:4	DEFAULT		0	0	no_evidence		-
004DBCC0	FUN_004dbcc0	return		<RETURN>	/undefined4	EAX:4	DEFAULT		0	0	no_evidence		-
004DBE00	FUN_004dbe00	return		<RETURN>	/undefined4	EAX:4	DEFAULT		0	0	no_evidence		-
004DBF30	FUN_004dbf30	return		<RETURN>	/undefined4	EAX:4	DEFAULT		0	0	no_evidence		-
004DC1E0	FUN_004dc1e0	return		<RETURN>	/undefined	<UNASSIGNED>	DEFAULT		0	0	no_evidence		-
004DC220	FUN_004dc220	return		<RETURN>	/undefined4	EAX:4	DEFAULT		0	0	no_evidence		-
004DC240	FUN_004dc240	return		<RETURN>	/undefined4	EAX:4	DEFAULT		0	0	no_evidence		-
004DC260	FUN_004dc260	return		<RETURN>	/undefined4	EAX:4	DEFAULT		0	0	no_evidence		-
004DC470	FUN_004dc470	return		<RETURN>	/undefined4	EAX:4	DEFAULT		0	0	no_evidence		-
004DC4B0	FUN_004dc4b0	return		<RETURN>	/undefined	<UNASSIGNED>	DEFAULT		0	0	no_evidence		-
004DC660	FUN_004dc660	return		<RETURN>	/undefined4	EAX:4	DEFAULT		0	0	no_evidence		-
004DC720	FUN_004dc720	return		<RETURN>	/undefined4	EAX:4	DEFAULT		0	0	no_evidence		-
004DC760	FUN_004dc760	return		<RETURN>	/undefined4	EAX:4	DEFAULT		0	0	no_evidence		-
004DCAA0	FUN_004dcaa0	return		<RETURN>	/undefined	<UNASSIGNED>	DEFAULT		0	0	no_evidence		-
004DCBF0	FUN_004dcbf0	return		<RETURN>	/undefined4	EAX:4	DEFAULT		0	0	no_evidence		-
004DCC80	FUN_004dcc80	return		<RETURN>	/undefined4	EAX:4	DEFAULT		0	0	no_evidence		-
004DCCF0	FUN_004dccf0	return		<RETURN>	/undefined4	EAX:4	DEFAULT		0	0	no_evidence		-
004DCE00	FUN_004dce00	return		<RETURN>	/undefined4	EAX:4	DEFAULT		0	0	no_evidence		-
004DD070	FUN_004dd070	return		<RETURN>	/undefined4	EAX:4	DEFAULT		0	0	no_evidence		-
004DD240	FUN_004dd240	return		<RETURN>	/undefined4	EAX:4	DEFAULT		0	0	no_evidence		-
004DD260	FUN_004dd260	return		<RETURN>	/undefined4	EAX:4	DEFAULT		0	0	no_evidence		-
004DD2B0	FUN_004dd2b0	return		<RETURN>	/undefined4	EAX:4	DEFAULT		0	0	no_evidence		-
004DD350	FUN_004dd350	return		<RETURN>	/undefined4	EAX:4	DEFAULT		0	0	no_evidence		-
004DD460	FUN_004dd460	return		<RETURN>	/undefined4	EAX:4	DEFAULT		0	0	no_evidence		-
004DD500	FUN_004dd500	parameter	1	param_2	/undefined4	EDX:4	DEFAULT		0	0	no_evidence		-
004DD500	FUN_004dd500	return		<RETURN>	/undefined4	EAX:4	DEFAULT		0	0	no_evidence		-
004DD570	FUN_004dd570	return		<RETURN>	/undefined4	EAX:4	DEFAULT		0	0	no_evidence		-
004DD6C0	FUN_004dd6c0	parameter	1	param_1	/undefined4	Stack[0x4]:4	DEFAULT		0	0	no_evidence		-
004DD6C0	FUN_004dd6c0	return		<RETURN>	/undefined4	EAX:4	DEFAULT		0	0	no_evidence		-
004DD700	FUN_004dd700	return		<RETURN>	/undefined4	EAX:4	DEFAULT		0	0	no_evidence		-
004DD740	FUN_004dd740	return		<RETURN>	/undefined4	EAX:4	DEFAULT		0	0	no_evidence		-
004DD7C0	FUN_004dd7c0	return		<RETURN>	/undefined4	EAX:4	DEFAULT		0	0	no_evidence		-
004DD880	FUN_004dd880	return		<RETURN>	/undefined4	EAX:4	DEFAULT		0	0	no_evidence		-
004DDB30	FUN_004ddb30	return		<RETURN>	/undefined4	EAX:4	DEFAULT		0	0	no_evidence		-
004DDBA0	FUN_004ddba0	return		<RETURN>	/undefined4	EAX:4	DEFAULT		0	0	no_evidence		-
004DDC30	FUN_004ddc30	return		<RETURN>	/undefined4	EAX:4	DEFAULT		0	0	no_evidence		-
004DDCC0	FUN_004ddcc0	return		<RETURN>	/undefined4	EAX:4	DEFAULT		0	0	no_evidence		-
004DDD50	FUN_004ddd50	return		<RETURN>	/undefined4	EAX:4	DEFAULT		0	0	no_evidence		-
004DE030	FUN_004de030	return		<RETURN>	/undefined4	EAX:4	DEFAULT		0	0	no_evidence		-
004DE0D0	FUN_004de0d0	return		<RETURN>	/undefined4	EAX:4	DEFAULT		0	0	no_evidence		-
004DE1E0	FUN_004de1e0	return		<RETURN>	/undefined4	EAX:4	DEFAULT		0	0	no_evidence		-
004DE300	FUN_004de300	return		<RETURN>	/undefined4	EAX:4	DEFAULT		0	0	no_evidence		-
004DE7B0	FUN_004de7b0	return		<RETURN>	/undefined4	EAX:4	DEFAULT		0	0	no_evidence		-
004DE7D0	TLOBaseTy::sub_004DE7D0	parameter	1	param_1	/undefined4	Stack[0x4]:4	DEFAULT		0	0	no_evidence		-
004DE7D0	TLOBaseTy::sub_004DE7D0	parameter	2	param_2	/undefined4	Stack[0x8]:4	DEFAULT		0	0	no_evidence		-
004DE7D0	TLOBaseTy::sub_004DE7D0	return		<RETURN>	/undefined4	EAX:4	DEFAULT		0	0	no_evidence		-
004DE820	FUN_004de820	return		<RETURN>	/undefined4	EAX:4	DEFAULT		0	0	no_evidence		-
004DEA40	FUN_004dea40	return		<RETURN>	/undefined	<UNASSIGNED>	DEFAULT		0	0	no_evidence		-
004DEA90	FUN_004dea90	return		<RETURN>	/undefined	<UNASSIGNED>	DEFAULT		0	0	no_evidence		-
004DEBA0	FUN_004deba0	return		<RETURN>	/undefined4	EAX:4	DEFAULT		0	0	no_evidence		-
004DEBD0	FUN_004debd0	return		<RETURN>	/undefined4	EAX:4	DEFAULT		0	0	no_evidence		-
004DEC10	FUN_004dec10	return		<RETURN>	/undefined4	EAX:4	DEFAULT		0	0	no_evidence		-
004DEEB0	FUN_004deeb0	return		<RETURN>	/undefined	<UNASSIGNED>	DEFAULT		0	0	no_evidence		-
004DEF50	FUN_004def50	return		<RETURN>	/undefined4	EAX:4	DEFAULT		0	0	no_evidence		-
004DEFF0	FUN_004deff0	return		<RETURN>	/undefined4	EAX:4	DEFAULT		0	0	no_evidence		-
004DF100	FUN_004df100	return		<RETURN>	/undefined4	EAX:4	DEFAULT		0	0	no_evidence		-
004DF1A0	FUN_004df1a0	return		<RETURN>	/undefined4	EAX:4	DEFAULT		0	0	no_evidence		-
004DF2B0	FUN_004df2b0	return		<RETURN>	/undefined4	EAX:4	DEFAULT		0	0	no_evidence		-
004DF370	FUN_004df370	return		<RETURN>	/undefined4	EAX:4	DEFAULT		0	0	no_evidence		-
004DF3B0	FUN_004df3b0	return		<RETURN>	/undefined4	EAX:4	DEFAULT		0	0	no_evidence		-
004DF6F0	FUN_004df6f0	return		<RETURN>	/undefined	<UNASSIGNED>	DEFAULT		0	0	no_evidence		-
004DF8C0	FUN_004df8c0	return		<RETURN>	/undefined4	EAX:4	DEFAULT		0	0	no_evidence		-
004DF8F0	FUN_004df8f0	return		<RETURN>	/undefined4	EAX:4	DEFAULT		0	0	no_evidence		-
004DF910	FUN_004df910	return		<RETURN>	/undefined4	EAX:4	DEFAULT		0	0	no_evidence		-
004DF950	FUN_004df950	return		<RETURN>	/undefined4	EAX:4	DEFAULT		0	0	no_evidence		-
004DF9F0	TLOBaseTy::sub_004DF9F0	return		<RETURN>	/undefined4	EAX:4	DEFAULT		0	0	no_evidence		-
004DFB00	FUN_004dfb00	return		<RETURN>	/undefined4	EAX:4	DEFAULT		0	0	no_evidence		-
004DFE90	FUN_004dfe90	return		<RETURN>	/undefined4	EAX:4	DEFAULT		0	0	no_evidence		-
004DFF30	FUN_004dff30	return		<RETURN>	/undefined4	EAX:4	DEFAULT		0	0	no_evidence		-
004E0040	FUN_004e0040	return		<RETURN>	/undefined4	EAX:4	DEFAULT		0	0	no_evidence		-
004E0250	FUN_004e0250	return		<RETURN>	/undefined	<UNASSIGNED>	DEFAULT		0	0	no_evidence		-
004E03E0	FUN_004e03e0	return		<RETURN>	/undefined4	EAX:4	DEFAULT		0	0	no_evidence		-
004E04A0	FUN_004e04a0	return		<RETURN>	/undefined4	EAX:4	DEFAULT		0	0	no_evidence		-
004E0830	FUN_004e0830	return		<RETURN>	/undefined4	EAX:4	DEFAULT		0	0	no_evidence		-
004E1310	FUN_004e1310	return		<RETURN>	/undefined4	EAX:4	DEFAULT		0	0	no_evidence		-
004E13A0	FUN_004e13a0	return		<RETURN>	/undefined4	EAX:4	DEFAULT		0	0	no_evidence		-
004E1490	FUN_004e1490	return		<RETURN>	/undefined4	EAX:4	DEFAULT		0	0	no_evidence		-
004E15F0	FUN_004e15f0	return		<RETURN>	/undefined4	EAX:4	DEFAULT		0	0	no_evidence		-
004E16D0	FUN_004e16d0	return		<RETURN>	/undefined4	EAX:4	DEFAULT		0	0	no_evidence		-
004E18E0	FUN_004e18e0	return		<RETURN>	/undefined4	EAX:4	DEFAULT		0	0	no_evidence		-
004E1E30	FUN_004e1e30	return		<RETURN>	/undefined4	EAX:4	DEFAULT		0	0	no_evidence		-
004E2040	FUN_004e2040	return		<RETURN>	/undefined4	EAX:4	DEFAULT		0	0	no_evidence		-
004E20D0	FUN_004e20d0	parameter	4	param_4	/undefined4	Stack[0x10]:4	DEFAULT	/int	0	1	insufficient_independent_evidence	{/int=1}	0046F5C0 -> 004E20D0 @ 004706A7; /STBoatC+0x716
004E20D0	FUN_004e20d0	return		<RETURN>	/undefined4	EAX:4	DEFAULT		0	0	no_evidence		-
004E2190	FUN_004e2190	return		<RETURN>	/undefined4	EAX:4	DEFAULT		0	0	no_evidence		-
004E2200	FUN_004e2200	parameter	3	param_3	/undefined4	Stack[0xc]:4	DEFAULT		0	0	no_evidence		-
004E2200	FUN_004e2200	return		<RETURN>	/undefined4	EAX:4	DEFAULT		0	0	no_evidence		-
004E22A0	FUN_004e22a0	return		<RETURN>	/undefined4	EAX:4	DEFAULT		0	0	no_evidence		-
004E27E0	FUN_004e27e0	return		<RETURN>	/undefined4	EAX:4	DEFAULT		0	0	no_evidence		-
004E28D0	FUN_004e28d0	return		<RETURN>	/undefined4	EAX:4	DEFAULT		0	0	no_evidence		-
004E2970	FUN_004e2970	return		<RETURN>	/undefined4	EAX:4	DEFAULT		0	0	no_evidence		-
004E2A90	FUN_004e2a90	return		<RETURN>	/undefined4	EAX:4	DEFAULT		0	0	no_evidence		-
004E2AD0	TLOBaseTy::sub_004E2AD0	return		<RETURN>	/undefined4	EAX:4	DEFAULT		0	0	no_evidence		-
004E2C30	TLOBaseTy::FUN_004e2c30	return		<RETURN>	/undefined4	EAX:4	DEFAULT		0	0	no_evidence		-
004E3120	TLOBaseTy::sub_004E3120	return		<RETURN>	/undefined4	EAX:4	DEFAULT		0	0	no_evidence		-
004E3200	FUN_004e3200	return		<RETURN>	/undefined	<UNASSIGNED>	DEFAULT		0	0	no_evidence		-
004E3880	FUN_004e3880	return		<RETURN>	/undefined4	EAX:4	DEFAULT		0	0	no_evidence		-
004E3910	FUN_004e3910	return		<RETURN>	/undefined4	EAX:4	DEFAULT		0	0	no_evidence		-
004E4070	FUN_004e4070	return		<RETURN>	/undefined4	EAX:4	DEFAULT		0	0	no_evidence		-
004E4090	FUN_004e4090	return		<RETURN>	/undefined4	EAX:4	DEFAULT		0	0	no_evidence		-
004E4140	FUN_004e4140	return		<RETURN>	/undefined4	EAX:4	DEFAULT		0	0	no_evidence		-
004E41F0	FUN_004e41f0	parameter	1	param_2	/undefined4	Stack[0x8]:4	DEFAULT		0	0	no_evidence		-
004E42E0	FUN_004e42e0	return		<RETURN>	/undefined	<UNASSIGNED>	DEFAULT		0	0	no_evidence		-
004E4410	FUN_004e4410	return		<RETURN>	/undefined4	EAX:4	DEFAULT		0	0	no_evidence		-
004E4440	FUN_004e4440	parameter	1	param_2	/undefined4	Stack[0x8]:4	DEFAULT		0	0	no_evidence		-
004E4440	FUN_004e4440	return		<RETURN>	/undefined	<UNASSIGNED>	DEFAULT		0	0	no_evidence		-
004E4480	FUN_004e4480	return		<RETURN>	/undefined4	EAX:4	DEFAULT		0	0	no_evidence		-
004E4520	FUN_004e4520	return		<RETURN>	/undefined4	EAX:4	DEFAULT		0	0	no_evidence		-
004E4630	FUN_004e4630	return		<RETURN>	/undefined	<UNASSIGNED>	DEFAULT		0	0	no_evidence		-
004E4670	FUN_004e4670	return		<RETURN>	/undefined4	EAX:4	DEFAULT		0	0	no_evidence		-
004E46F0	FUN_004e46f0	return		<RETURN>	/undefined4	EAX:4	DEFAULT		0	0	no_evidence		-
004E48D0	FUN_004e48d0	return		<RETURN>	/undefined4	EAX:4	DEFAULT		0	0	no_evidence		-
004E48F0	FUN_004e48f0	return		<RETURN>	/undefined4	EAX:4	DEFAULT		0	0	no_evidence		-
004E4990	FUN_004e4990	return		<RETURN>	/undefined4	EAX:4	DEFAULT		0	0	no_evidence		-
004E4AA0	FUN_004e4aa0	return		<RETURN>	/undefined4	EAX:4	DEFAULT		0	0	no_evidence		-
004E4B10	FUN_004e4b10	return		<RETURN>	/undefined4	EAX:4	DEFAULT		0	0	no_evidence		-
004E4B60	FUN_004e4b60	return		<RETURN>	/undefined4	EAX:4	DEFAULT		0	0	no_evidence		-
004E4D60	FUN_004e4d60	return		<RETURN>	/undefined4	EAX:4	DEFAULT		0	0	no_evidence		-
004E4E90	FUN_004e4e90	return		<RETURN>	/undefined4	EAX:4	DEFAULT		0	0	no_evidence		-
004E4F30	FUN_004e4f30	return		<RETURN>	/undefined4	EAX:4	DEFAULT		0	0	no_evidence		-
004E5140	FUN_004e5140	return		<RETURN>	/undefined	<UNASSIGNED>	DEFAULT		0	0	no_evidence		-
004E51B0	FUN_004e51b0	return		<RETURN>	/undefined4	EAX:4	DEFAULT		0	0	no_evidence		-
004E5A10	FUN_004e5a10	return		<RETURN>	/undefined	<UNASSIGNED>	DEFAULT		0	0	no_evidence		-
004E5A80	FUN_004e5a80	return		<RETURN>	/undefined	<UNASSIGNED>	DEFAULT		0	0	no_evidence		-
004E5AF0	FUN_004e5af0	return		<RETURN>	/undefined	<UNASSIGNED>	DEFAULT		0	0	no_evidence		-
004E5B80	FUN_004e5b80	return		<RETURN>	/undefined	<UNASSIGNED>	DEFAULT		0	0	no_evidence		-
004E5DC0	FUN_004e5dc0	return		<RETURN>	/undefined	<UNASSIGNED>	DEFAULT		0	0	no_evidence		-
004E5EB0	FUN_004e5eb0	return		<RETURN>	/undefined	<UNASSIGNED>	DEFAULT		0	0	no_evidence		-
004E6010	FUN_004e6010	return		<RETURN>	/undefined4	EAX:4	DEFAULT		0	0	no_evidence		-
004E6080	FUN_004e6080	parameter	2	param_3	/undefined4	Stack[0xc]:4	DEFAULT		0	0	no_evidence		-
004E6080	FUN_004e6080	return		<RETURN>	/undefined	<UNASSIGNED>	DEFAULT		0	0	no_evidence		-
004E60D0	FUN_004e60d0	return		<RETURN>	/undefined4	EAX:4	DEFAULT	/short	7	7	width_mismatch	{/short=7}	004E60D0 returns return of FUN_004e60d0; MOVSX at 00488FB0 establishes signed source width 2 @ 00488FB0 | 004E60D0 returns return of FUN_004e60d0; MOVSX at 00488FD0 establishes signed source width 2 @ 00488FD0 | 004E60D0 returns return of FUN_004e60d0; MOVSX at 00488FF1 establishes signed source width 2 @ 00488FF1 | 004E60D0 returns return of FUN_004e60d0; MOVSX at 00489019 establishes signed source width 2 @ 00489019 | 004E60D0 returns return of FUN_004e60d0; MOVSX at 0048903C establishes signed source width 2 @ 0048903C | 004E60D0 returns return of FUN_004e60d0; MOVSX at 0048905B establishes signed source width 2 @ 0048905B | 004E60D0 returns return of FUN_004e60d0; MOVSX at 0048907A establishes signed source width 2 @ 0048907A
004E6140	FUN_004e6140	return		<RETURN>	/undefined1	AL:1	DEFAULT		0	0	no_evidence		-
004E6190	FUN_004e6190	return		<RETURN>	/undefined	<UNASSIGNED>	DEFAULT		0	0	no_evidence		-
004E6210	FUN_004e6210	return		<RETURN>	/undefined	<UNASSIGNED>	DEFAULT		0	0	no_evidence		-
004E6280	FUN_004e6280	return		<RETURN>	/undefined4	EAX:4	DEFAULT		0	0	no_evidence		-
004E6310	FUN_004e6310	return		<RETURN>	/undefined	<UNASSIGNED>	DEFAULT		0	0	no_evidence		-
004E6680	FUN_004e6680	return		<RETURN>	/undefined	<UNASSIGNED>	DEFAULT		0	0	no_evidence		-
004E6B40	FUN_004e6b40	return		<RETURN>	/undefined	<UNASSIGNED>	DEFAULT		0	0	no_evidence		-
004E6D00	FUN_004e6d00	return		<RETURN>	/undefined	<UNASSIGNED>	DEFAULT		0	0	no_evidence		-
004E6E10	FUN_004e6e10	return		<RETURN>	/undefined	<UNASSIGNED>	DEFAULT		0	0	no_evidence		-
004E70F0	FUN_004e70f0	return		<RETURN>	/undefined	<UNASSIGNED>	DEFAULT		0	0	no_evidence		-
004E7230	FUN_004e7230	return		<RETURN>	/undefined	<UNASSIGNED>	DEFAULT		0	0	no_evidence		-
004E7390	FUN_004e7390	return		<RETURN>	/undefined	<UNASSIGNED>	DEFAULT		0	0	no_evidence		-
004E76E0	FUN_004e76e0	return		<RETURN>	/undefined4	EAX:4	DEFAULT		0	0	no_evidence		-
004E7980	FUN_004e7980	return		<RETURN>	/undefined4	EAX:4	DEFAULT		0	0	no_evidence		-
004E7D70	FUN_004e7d70	return		<RETURN>	/undefined4	EAX:4	DEFAULT		0	0	no_evidence		-
004E7E10	FUN_004e7e10	return		<RETURN>	/undefined4	EAX:4	DEFAULT		0	0	no_evidence		-
004E7EB0	FUN_004e7eb0	return		<RETURN>	/undefined	<UNASSIGNED>	DEFAULT		0	0	no_evidence		-
004E7F20	FUN_004e7f20	return		<RETURN>	/undefined4	EAX:4	DEFAULT		0	0	no_evidence		-
004E80F0	FUN_004e80f0	return		<RETURN>	/undefined4	EAX:4	DEFAULT		0	0	no_evidence		-
004E81B0	FUN_004e81b0	return		<RETURN>	/undefined4	EAX:4	DEFAULT		0	0	no_evidence		-
004E8230	FUN_004e8230	return		<RETURN>	/undefined4	EAX:4	DEFAULT		0	0	no_evidence		-
004E82B0	FUN_004e82b0	return		<RETURN>	/undefined	<UNASSIGNED>	DEFAULT		0	0	no_evidence		-
004E8B10	FUN_004e8b10	return		<RETURN>	/undefined4	EAX:4	DEFAULT		0	0	no_evidence		-
004E8CC0	FUN_004e8cc0	return		<RETURN>	/undefined4	EAX:4	DEFAULT		0	0	no_evidence		-
004E8D40	FUN_004e8d40	return		<RETURN>	/undefined	<UNASSIGNED>	DEFAULT		0	0	no_evidence		-
004E8DC0	FUN_004e8dc0	return		<RETURN>	/undefined4	EAX:4	DEFAULT		0	0	no_evidence		-
004E8E50	FUN_004e8e50	return		<RETURN>	/undefined	<UNASSIGNED>	DEFAULT		0	0	no_evidence		-
004E8F90	FUN_004e8f90	return		<RETURN>	/undefined4	EAX:4	DEFAULT		0	0	no_evidence		-
004E9050	FUN_004e9050	return		<RETURN>	/undefined4	EAX:4	DEFAULT		0	0	no_evidence		-
004E91E0	FUN_004e91e0	return		<RETURN>	/undefined4	EAX:4	DEFAULT		0	0	no_evidence		-
004E95C0	FUN_004e95c0	return		<RETURN>	/undefined4	EAX:4	DEFAULT		0	0	no_evidence		-
004E9650	FUN_004e9650	return		<RETURN>	/undefined4	EAX:4	DEFAULT		0	0	no_evidence		-
004E96C0	FUN_004e96c0	return		<RETURN>	/undefined4	EAX:4	DEFAULT		0	0	no_evidence		-
004E9960	FUN_004e9960	return		<RETURN>	/undefined4	EAX:4	DEFAULT		0	0	no_evidence		-
004E99E0	FUN_004e99e0	parameter	1	param_1	/undefined4	Stack[0x4]:4	DEFAULT		0	0	no_evidence		-
004E99E0	FUN_004e99e0	parameter	2	param_2	/undefined4	Stack[0x8]:4	DEFAULT		0	0	no_evidence		-
004E99E0	FUN_004e99e0	parameter	3	param_3	/undefined4	Stack[0xc]:4	DEFAULT		0	0	no_evidence		-
004E99E0	FUN_004e99e0	return		<RETURN>	/undefined4	EAX:4	DEFAULT		0	0	no_evidence		-
004E9B10	FUN_004e9b10	return		<RETURN>	/undefined4	EAX:4	DEFAULT		0	0	no_evidence		-
004E9BB0	FUN_004e9bb0	return		<RETURN>	/undefined4	EAX:4	DEFAULT		0	0	no_evidence		-
004E9C00	FUN_004e9c00	return		<RETURN>	/undefined	<UNASSIGNED>	DEFAULT		0	0	no_evidence		-
004E9C20	FUN_004e9c20	return		<RETURN>	/undefined4	EAX:4	DEFAULT		0	0	no_evidence		-
004EA460	FUN_004ea460	return		<RETURN>	/undefined4	EAX:4	DEFAULT		0	0	no_evidence		-
004EA530	FUN_004ea530	return		<RETURN>	/undefined4	EAX:4	DEFAULT		0	0	no_evidence		-
004EA620	TLOBaseTy::sub_004EA620	return		<RETURN>	/undefined4	EAX:4	DEFAULT		0	0	no_evidence		-
004EA6E0	FUN_004ea6e0	parameter	3	param_4	/undefined4	Stack[0x10]:4	DEFAULT		0	0	no_evidence		-
004EA6E0	FUN_004ea6e0	return		<RETURN>	/undefined	<UNASSIGNED>	DEFAULT		0	0	no_evidence		-
004EA7A0	FUN_004ea7a0	return		<RETURN>	/undefined4	EAX:4	DEFAULT		0	0	no_evidence		-
004EA7E0	FUN_004ea7e0	return		<RETURN>	/undefined4	EAX:4	DEFAULT		0	0	no_evidence		-
004EA870	FUN_004ea870	return		<RETURN>	/undefined4	EAX:4	DEFAULT		0	0	no_evidence		-
004EAA20	TLOBaseTy::sub_004EAA20	return		<RETURN>	/undefined4	EAX:4	DEFAULT		0	0	no_evidence		-
004EAD90	FUN_004ead90	return		<RETURN>	/undefined4	EAX:4	DEFAULT		0	0	no_evidence		-
004EAF60	FUN_004eaf60	return		<RETURN>	/undefined4	EAX:4	DEFAULT		0	0	no_evidence		-
004EAF90	FUN_004eaf90	return		<RETURN>	/undefined4	EAX:4	DEFAULT		0	0	no_evidence		-
004EB010	STAllPlayersC::sub_004EB010	return		<RETURN>	/undefined4	EAX:4	DEFAULT		0	0	no_evidence		-
004EB150	FUN_004eb150	return		<RETURN>	/undefined4	EAX:4	DEFAULT		0	0	no_evidence		-
004EB300	FUN_004eb300	return		<RETURN>	/undefined4	EAX:4	DEFAULT		0	0	no_evidence		-
004EB600	FUN_004eb600	return		<RETURN>	/undefined	<UNASSIGNED>	DEFAULT		0	0	no_evidence		-
004EB6D0	FUN_004eb6d0	return		<RETURN>	/undefined4	EAX:4	DEFAULT		0	0	no_evidence		-
004EBAB0	FUN_004ebab0	return		<RETURN>	/undefined4	EAX:4	DEFAULT		0	0	no_evidence		-
004EBCB0	FUN_004ebcb0	return		<RETURN>	/undefined	<UNASSIGNED>	DEFAULT		0	0	no_evidence		-
004EBDA0	FUN_004ebda0	parameter	4	param_4	/undefined4	Stack[0x10]:4	DEFAULT		0	0	no_evidence		-
004EBDA0	FUN_004ebda0	parameter	5	param_5	/undefined4	Stack[0x14]:4	DEFAULT		0	0	no_evidence		-
004EBDA0	FUN_004ebda0	parameter	6	param_6	/undefined4	Stack[0x18]:4	DEFAULT		0	0	no_evidence		-
004EBDA0	FUN_004ebda0	return		<RETURN>	/undefined	<UNASSIGNED>	DEFAULT		0	0	no_evidence		-
004EBF10	FUN_004ebf10	return		<RETURN>	/undefined	<UNASSIGNED>	DEFAULT		0	0	no_evidence		-
004EBFD0	FUN_004ebfd0	return		<RETURN>	/undefined	<UNASSIGNED>	DEFAULT		0	0	no_evidence		-
004EC050	FUN_004ec050	return		<RETURN>	/undefined4	EAX:4	DEFAULT		0	0	no_evidence		-
004EC0F0	FUN_004ec0f0	return		<RETURN>	/undefined4	EAX:4	DEFAULT		0	0	no_evidence		-
004EC2A0	FUN_004ec2a0	return		<RETURN>	/undefined4	EAX:4	DEFAULT		0	0	no_evidence		-
004EC400	FUN_004ec400	return		<RETURN>	/undefined4	EAX:4	DEFAULT		0	0	no_evidence		-
004EC6C0	FUN_004ec6c0	return		<RETURN>	/undefined4	EAX:4	DEFAULT		0	0	no_evidence		-
004EC6E0	FUN_004ec6e0	return		<RETURN>	/undefined4	EAX:4	DEFAULT		0	0	no_evidence		-
004EC700	FUN_004ec700	return		<RETURN>	/undefined	<UNASSIGNED>	DEFAULT		0	0	no_evidence		-
004EC900	FUN_004ec900	return		<RETURN>	/undefined	<UNASSIGNED>	DEFAULT		0	0	no_evidence		-
004ECAC0	FUN_004ecac0	return		<RETURN>	/undefined4	EAX:4	DEFAULT		0	0	no_evidence		-
004ECB60	FUN_004ecb60	return		<RETURN>	/undefined4	EAX:4	DEFAULT		0	0	no_evidence		-
004ECCF0	FUN_004eccf0	return		<RETURN>	/undefined4	EAX:4	DEFAULT		0	0	no_evidence		-
004ECDD0	FUN_004ecdd0	return		<RETURN>	/undefined	<UNASSIGNED>	DEFAULT		0	0	no_evidence		-
004ECDF0	FUN_004ecdf0	return		<RETURN>	/undefined4	EAX:4	DEFAULT		0	0	no_evidence		-
004ECE40	FUN_004ece40	return		<RETURN>	/undefined4	EAX:4	DEFAULT		0	0	no_evidence		-
004ECE80	FUN_004ece80	return		<RETURN>	/undefined4	EAX:4	DEFAULT		0	0	no_evidence		-
004ECEA0	FUN_004ecea0	return		<RETURN>	/undefined4	EAX:4	DEFAULT		0	0	no_evidence		-
004ED210	FUN_004ed210	return		<RETURN>	/undefined4	EAX:4	DEFAULT		0	0	no_evidence		-
004ED430	FUN_004ed430	return		<RETURN>	/undefined4	EAX:4	DEFAULT		0	0	no_evidence		-
004ED4B0	FUN_004ed4b0	return		<RETURN>	/undefined4	EAX:4	DEFAULT		0	0	no_evidence		-
004ED630	BehPanelTy::InitBehPanel	return		<RETURN>	/undefined	<UNASSIGNED>	DEFAULT		0	0	no_evidence		-
004EDDF0	BehPanelTy::DoneBehPanel	return		<RETURN>	/undefined	<UNASSIGNED>	DEFAULT		0	0	no_evidence		-
004EDF30	BehPanelTy::ShiftControls	return		<RETURN>	/undefined	<UNASSIGNED>	DEFAULT		0	0	no_evidence		-
004EE0A0	BehPanelTy::Update	return		<RETURN>	/undefined	<UNASSIGNED>	DEFAULT		0	0	no_evidence		-
004EE350	BehPanelTy::PaintBBut	return		<RETURN>	/undefined	<UNASSIGNED>	DEFAULT		0	0	no_evidence		-
004EEA40	BldBoatPanelTy::InitBldBoatPanel	return		<RETURN>	/undefined	<UNASSIGNED>	DEFAULT		0	0	no_evidence		-
004EEF20	FUN_004eef20	return		<RETURN>	/undefined	<UNASSIGNED>	DEFAULT		0	0	no_evidence		-
004EEFB0	FUN_004eefb0	return		<RETURN>	/undefined	<UNASSIGNED>	DEFAULT		0	0	no_evidence		-
004EF020	BldBoatPanelTy::Update	return		<RETURN>	/undefined	<UNASSIGNED>	DEFAULT		0	0	no_evidence		-
004EF320	BldBoatPanelTy::PaintBldBut	return		<RETURN>	/undefined	<UNASSIGNED>	DEFAULT		0	0	no_evidence		-
004EFB60	BldLabPanelTy::InitBldLabPanel	return		<RETURN>	/undefined	<UNASSIGNED>	DEFAULT		0	0	no_evidence		-
004EFD10	BldLabPanelTy::Update	return		<RETURN>	/undefined	<UNASSIGNED>	DEFAULT		0	0	no_evidence		-
004EFE20	BldLabPanelTy::sub_004EFE20	return		<RETURN>	/undefined	<UNASSIGNED>	DEFAULT		0	0	no_evidence		-
004EFFE0	BldLabPanelTy::PaintUpdBut	return		<RETURN>	/undefined	<UNASSIGNED>	DEFAULT		0	0	no_evidence		-
004F05C0	BldObjPanelTy::InitBldObjPanel	return		<RETURN>	/undefined	<UNASSIGNED>	DEFAULT		0	0	no_evidence		-
004F0A60	FUN_004f0a60	return		<RETURN>	/undefined	<UNASSIGNED>	DEFAULT		0	0	no_evidence		-
004F0AF0	FUN_004f0af0	return		<RETURN>	/undefined	<UNASSIGNED>	DEFAULT		0	0	no_evidence		-
004F0B60	BldObjPanelTy::Update	return		<RETURN>	/undefined	<UNASSIGNED>	DEFAULT		0	0	no_evidence		-
004F0E60	BldObjPanelTy::PaintBldBut	return		<RETURN>	/undefined	<UNASSIGNED>	DEFAULT		0	0	no_evidence		-
004F1390	CPanelTy::OutProc	parameter	2	param_2	/undefined4	Stack[0x8]:4	DEFAULT		0	0	no_evidence		-
004F1390	CPanelTy::OutProc	parameter	3	param_3	/undefined4	Stack[0xc]:4	DEFAULT		0	0	no_evidence		-
004F1390	CPanelTy::OutProc	parameter	6	param_6	/undefined4	Stack[0x18]:4	DEFAULT		0	0	no_evidence		-
004F1390	CPanelTy::OutProc	parameter	7	param_7	/undefined4	Stack[0x1c]:4	DEFAULT		0	0	no_evidence		-
004F1390	CPanelTy::OutProc	return		<RETURN>	/undefined	<UNASSIGNED>	DEFAULT		0	0	no_evidence		-
004F1460	CPanelTy::OutProc	parameter	2	param_2	/undefined4	Stack[0x8]:4	DEFAULT		0	0	no_evidence		-
004F1460	CPanelTy::OutProc	parameter	3	param_3	/undefined4	Stack[0xc]:4	DEFAULT		0	0	no_evidence		-
004F1460	CPanelTy::OutProc	parameter	6	param_6	/undefined4	Stack[0x18]:4	DEFAULT		0	0	no_evidence		-
004F1460	CPanelTy::OutProc	parameter	7	param_7	/undefined4	Stack[0x1c]:4	DEFAULT		0	0	no_evidence		-
004F1460	CPanelTy::OutProc	return		<RETURN>	/undefined	<UNASSIGNED>	DEFAULT		0	0	no_evidence		-
004F1530	CPanelTy::OutProc	parameter	2	param_2	/undefined4	Stack[0x8]:4	DEFAULT		0	0	no_evidence		-
004F1530	CPanelTy::OutProc	parameter	3	param_3	/undefined4	Stack[0xc]:4	DEFAULT		0	0	no_evidence		-
004F1530	CPanelTy::OutProc	parameter	6	param_6	/undefined4	Stack[0x18]:4	DEFAULT		0	0	no_evidence		-
004F1530	CPanelTy::OutProc	parameter	7	param_7	/undefined4	Stack[0x1c]:4	DEFAULT		0	0	no_evidence		-
004F1530	CPanelTy::OutProc	return		<RETURN>	/undefined	<UNASSIGNED>	DEFAULT		0	0	no_evidence		-
004F19D0	FUN_004f19d0	return		<RETURN>	/undefined4	EAX:4	DEFAULT		0	0	no_evidence		-
004F1D20	FUN_004f1d20	return		<RETURN>	/undefined	<UNASSIGNED>	DEFAULT		0	0	no_evidence		-
004F1D90	CPanelTy::PaintDamageXY	parameter	3	param_3	/undefined4	Stack[0xc]:4	DEFAULT		0	0	no_evidence		-
004F2130	CPanelTy::PaintCostsXY	return		<RETURN>	/undefined	<UNASSIGNED>	DEFAULT		0	0	no_evidence		-
004F2E40	CPanelTy::SetButStruct	parameter	3	param_3	/undefined4	Stack[0xc]:4	DEFAULT		0	0	no_evidence		-
004F2E40	CPanelTy::SetButStruct	parameter	10	param_10	/undefined4	Stack[0x28]:4	DEFAULT		0	0	no_evidence		-
004F3130	CPanelTy::CreateBut	parameter	2	param_2	/undefined4	Stack[0x8]:4	DEFAULT		0	0	no_evidence		-
004F3130	CPanelTy::CreateBut	parameter	8	param_8	/undefined4	Stack[0x20]:4	DEFAULT		0	0	no_evidence		-
004F3130	CPanelTy::CreateBut	parameter	9	param_9	/undefined4	Stack[0x24]:4	DEFAULT		0	0	no_evidence		-
004F3130	CPanelTy::CreateBut	parameter	15	param_15	/undefined4	Stack[0x3c]:4	DEFAULT		0	0	no_evidence		-
004F3130	CPanelTy::CreateBut	parameter	16	param_16	/undefined4	Stack[0x40]:4	DEFAULT		0	0	no_evidence		-
004F3130	CPanelTy::CreateBut	return		<RETURN>	/undefined4	EAX:4	DEFAULT		0	0	no_evidence		-
004F3A30	CPanelTy::PaintTxtBut	return		<RETURN>	/undefined	<UNASSIGNED>	DEFAULT		0	0	no_evidence		-
004F3FE0	CPanelTy::PaintLBut	return		<RETURN>	/undefined	<UNASSIGNED>	DEFAULT		0	0	no_evidence		-
004F4640	FUN_004f4640	return		<RETURN>	/undefined	<UNASSIGNED>	DEFAULT		0	0	no_evidence		-
004F4950	FUN_004f4950	return		<RETURN>	/undefined	<UNASSIGNED>	DEFAULT		0	0	no_evidence		-
004F4C70	FUN_004f4c70	return		<RETURN>	/undefined	<UNASSIGNED>	DEFAULT		0	0	no_evidence		-
004F5690	CPanelTy::InitCPanel	return		<RETURN>	/undefined	<UNASSIGNED>	DEFAULT		0	0	no_evidence		-
004F7800	CPanelTy::DoneCPanel	return		<RETURN>	/undefined	<UNASSIGNED>	DEFAULT		0	0	no_evidence		-
004F8020	CPanelTy::sub_004F8020	return		<RETURN>	/undefined	<UNASSIGNED>	DEFAULT		0	0	no_evidence		-
004F80A0	CPanelTy::PaintTV	return		<RETURN>	/undefined	<UNASSIGNED>	DEFAULT		0	0	no_evidence		-
004F9120	CPanelTy::sub_004F9120	parameter	3	param_3	/undefined4	Stack[0xc]:4	DEFAULT		0	0	no_evidence		-
004F91A0	FUN_004f91a0	return		<RETURN>	/undefined	<UNASSIGNED>	DEFAULT		0	0	no_evidence		-
004F9260	FUN_004f9260	return		<RETURN>	/undefined	<UNASSIGNED>	DEFAULT		0	0	no_evidence		-
004F92B0	CPanelTy::OutText	parameter	2	param_2	/undefined4	Stack[0x8]:4	DEFAULT		0	0	no_evidence		-
004F92B0	CPanelTy::OutText	return		<RETURN>	/undefined	<UNASSIGNED>	DEFAULT		0	0	no_evidence		-
004F9480	CPanelTy::OutText	parameter	3	param_3	/undefined4	Stack[0xc]:4	DEFAULT		0	0	no_evidence		-
004F9480	CPanelTy::OutText	return		<RETURN>	/undefined	<UNASSIGNED>	DEFAULT		0	0	no_evidence		-
004F95B0	CPanelTy::OutText	parameter	2	param_2	/undefined4	Stack[0x8]:4	DEFAULT		0	0	no_evidence		-
004F95B0	CPanelTy::OutText	return		<RETURN>	/undefined	<UNASSIGNED>	DEFAULT		0	0	no_evidence		-
004F96A0	CPanelTy::PlayBrief	return		<RETURN>	/undefined	<UNASSIGNED>	DEFAULT		0	0	no_evidence		-
004F9ED0	CPanelTy::SwitchCPanel	return		<RETURN>	/undefined	<UNASSIGNED>	DEFAULT		0	0	no_evidence		-
004FA3B0	CPanelTy::sub_004FA3B0	return		<RETURN>	/undefined	<UNASSIGNED>	DEFAULT		0	0	no_evidence		-
004FA400	CPanelTy::ShiftControls	return		<RETURN>	/undefined4	EAX:4	DEFAULT		0	0	no_evidence		-
004FA870	CPanelTy::sub_004FA870	return		<RETURN>	/undefined	<UNASSIGNED>	DEFAULT		0	0	no_evidence		-
004FAD20	CPanelTy::sub_004FAD20	return		<RETURN>	/undefined	<UNASSIGNED>	DEFAULT		0	0	no_evidence		-
004FAD60	CPanelTy::sub_004FAD60	return		<RETURN>	/undefined	<UNASSIGNED>	DEFAULT		0	0	no_evidence		-
004FAE90	CPanelTy::sub_004FAE90	return		<RETURN>	/undefined	<UNASSIGNED>	DEFAULT		0	0	no_evidence		-
004FAFF0	CPanelTy::sub_004FAFF0	return		<RETURN>	/undefined	<UNASSIGNED>	DEFAULT		0	0	no_evidence		-
004FE960	CPanelTy::PaintInfoBoat	return		<RETURN>	/undefined	<UNASSIGNED>	DEFAULT		0	0	no_evidence		-
004FEE10	CPanelTy::PaintInfoObj	return		<RETURN>	/undefined	<UNASSIGNED>	DEFAULT		0	0	no_evidence		-
004FF380	CPanelTy::Update1Panel	return		<RETURN>	/undefined	<UNASSIGNED>	DEFAULT		0	0	no_evidence		-
004FFE90	CPanelTy::Update5Panel	return		<RETURN>	/undefined	<UNASSIGNED>	DEFAULT		0	0	no_evidence		-
00500BD0	CPanelTy::PaintNewDeep	return		<RETURN>	/undefined	<UNASSIGNED>	DEFAULT		0	0	no_evidence		-
00501410	CPanelTy::PaintBRLife	return		<RETURN>	/undefined	<UNASSIGNED>	DEFAULT		0	0	no_evidence		-
00501A10	CPanelTy::sub_00501A10	return		<RETURN>	/undefined	<UNASSIGNED>	DEFAULT		0	0	no_evidence		-
00501D00	FUN_00501d00	return		<RETURN>	/undefined	<UNASSIGNED>	DEFAULT		0	0	no_evidence		-
00501FF0	CPanelTy::Update2PanelWB	return		<RETURN>	/undefined	<UNASSIGNED>	DEFAULT		0	0	no_evidence		-
00502330	FUN_00502330	return		<RETURN>	/undefined	<UNASSIGNED>	DEFAULT		0	0	no_evidence		-
00502360	CPanelTy::SetControlBoat	return		<RETURN>	/undefined	<UNASSIGNED>	DEFAULT		0	0	no_evidence		-
00502FC0	CPanelTy::Update2PanelSI	return		<RETURN>	/undefined	<UNASSIGNED>	DEFAULT		0	0	no_evidence		-
00503450	CPanelTy::SetControlBoatSI	return		<RETURN>	/undefined	<UNASSIGNED>	DEFAULT		0	0	no_evidence		-
005040A0	CPanelTy::PaintMap	return		<RETURN>	/undefined	<UNASSIGNED>	DEFAULT		0	0	no_evidence		-
00504210	CPanelTy::UpdateStackPanel	return		<RETURN>	/undefined	<UNASSIGNED>	DEFAULT		0	0	no_evidence		-
00504B80	CPanelTy::PaintNameRes	return		<RETURN>	/undefined	<UNASSIGNED>	DEFAULT		0	0	no_evidence		-
00504E60	CPanelTy::PaintIDSObj	return		<RETURN>	/undefined	<UNASSIGNED>	DEFAULT		0	0	no_evidence		-
00506040	CPanelTy::sub_00506040	return		<RETURN>	/undefined	<UNASSIGNED>	DEFAULT		0	0	no_evidence		-
005061C0	CPanelTy::PaintCtrlObj	return		<RETURN>	/undefined	<UNASSIGNED>	DEFAULT		0	0	no_evidence		-
00507F60	CPanelTy::Update4PanelWB	return		<RETURN>	/undefined	<UNASSIGNED>	DEFAULT		0	0	no_evidence		-
005097B0	FUN_005097b0	return		<RETURN>	/undefined	<UNASSIGNED>	DEFAULT		0	0	no_evidence		-
005097E0	CPanelTy::SetControlObj	return		<RETURN>	/undefined	<UNASSIGNED>	DEFAULT		0	0	no_evidence		-
0050A340	CPanelTy::PaintCtrlObjSI	return		<RETURN>	/undefined	<UNASSIGNED>	DEFAULT		0	0	no_evidence		-
0050C620	CPanelTy::Update4PanelSI	return		<RETURN>	/undefined	<UNASSIGNED>	DEFAULT		0	0	no_evidence		-
0050E7D0	CPanelTy::SetControlObjSI	return		<RETURN>	/undefined	<UNASSIGNED>	DEFAULT		0	0	no_evidence		-
0050FD60	FrmPanelTy::InitFrmPanel	return		<RETURN>	/undefined	<UNASSIGNED>	DEFAULT		0	0	no_evidence		-
00510250	FrmPanelTy::DoneFrmPanel	return		<RETURN>	/undefined	<UNASSIGNED>	DEFAULT		0	0	no_evidence		-
00510370	FrmPanelTy::ShiftControls	return		<RETURN>	/undefined	<UNASSIGNED>	DEFAULT		0	0	no_evidence		-
005104B0	FrmPanelTy::Update	return		<RETURN>	/undefined	<UNASSIGNED>	DEFAULT		0	0	no_evidence		-
005105E0	FrmPanelTy::PaintBut	return		<RETURN>	/undefined	<UNASSIGNED>	DEFAULT		0	0	no_evidence		-
00510E30	HelpPanelTy::InitHelpPanel	return		<RETURN>	/undefined	<UNASSIGNED>	DEFAULT		0	0	no_evidence		-
00511760	HelpPanelTy::DoneHelpPanel	return		<RETURN>	/undefined	<UNASSIGNED>	DEFAULT		0	0	no_evidence		-
00511AB0	HelpPanelTy::CheckBkView	return		<RETURN>	/undefined	<UNASSIGNED>	DEFAULT		0	0	no_evidence		-
00511FA0	HelpPanelTy::SetPanel	return		<RETURN>	/undefined4	EAX:4	DEFAULT		0	0	no_evidence		-
005121F0	FUN_005121f0	return		<RETURN>	/undefined4	EAX:4	DEFAULT		0	0	no_evidence		-
005123A0	HelpPanelTy::CreateList	return		<RETURN>	/undefined	<UNASSIGNED>	DEFAULT		0	0	no_evidence		-
00512830	HelpPanelTy::CreateSlider	return		<RETURN>	/undefined	<UNASSIGNED>	DEFAULT		0	0	no_evidence		-
00512BE0	HelpPanelTy::sub_00512BE0	return		<RETURN>	/undefined	<UNASSIGNED>	DEFAULT		0	0	no_evidence		-
00513030	HelpPanelTy::ChangeTree	return		<RETURN>	/undefined	<UNASSIGNED>	DEFAULT		0	0	no_evidence		-
005134B0	HelpPanelTy::PutToSHlp	return		<RETURN>	/undefined	<UNASSIGNED>	DEFAULT		0	0	no_evidence		-
005135F0	HelpPanelTy::HomeBut	return		<RETURN>	/undefined	<UNASSIGNED>	DEFAULT		0	0	no_evidence		-
00513810	HelpPanelTy::BackBut	return		<RETURN>	/undefined	<UNASSIGNED>	DEFAULT		0	0	no_evidence		-
00513A40	HelpPanelTy::IndexBut	return		<RETURN>	/undefined	<UNASSIGNED>	DEFAULT		0	0	no_evidence		-
00513BC0	HelpPanelTy::PrevBut	return		<RETURN>	/undefined	<UNASSIGNED>	DEFAULT		0	0	no_evidence		-
00513FA0	HelpPanelTy::NextBut	return		<RETURN>	/undefined	<UNASSIGNED>	DEFAULT		0	0	no_evidence		-
00514330	HelpPanelTy::BwdBut	return		<RETURN>	/undefined	<UNASSIGNED>	DEFAULT		0	0	no_evidence		-
005145E0	HelpPanelTy::FwdBut	return		<RETURN>	/undefined	<UNASSIGNED>	DEFAULT		0	0	no_evidence		-
005148A0	HelpPanelTy::sub_005148A0	return		<RETURN>	/undefined	<UNASSIGNED>	DEFAULT		0	0	no_evidence		-
00514BC0	HelpPanelTy::sub_00514BC0	return		<RETURN>	/undefined	<UNASSIGNED>	DEFAULT		0	0	no_evidence		-
00514F10	HelpPanelTy::PrepMissObj	return		<RETURN>	/undefined	<UNASSIGNED>	DEFAULT		0	0	no_evidence		-
00515180	HelpPanelTy::sub_00515180	return		<RETURN>	/undefined	<UNASSIGNED>	DEFAULT		0	0	no_evidence		-
00515900	HelpPanelTy::DrawWeapon	return		<RETURN>	/undefined4	EAX:4	DEFAULT		0	0	no_evidence		-
00515E30	HelpPanelTy::AddLinks	return		<RETURN>	/undefined	<UNASSIGNED>	DEFAULT		0	0	no_evidence		-
00516480	HelpPanelTy::TTreeProc	return		<RETURN>	/undefined	<UNASSIGNED>	DEFAULT		0	0	no_evidence		-
00516A40	HelpPanelTy::TechProc	return		<RETURN>	/undefined	<UNASSIGNED>	DEFAULT		0	0	no_evidence		-
00517A50	HelpPanelTy::RCProc	return		<RETURN>	/undefined	<UNASSIGNED>	DEFAULT		0	0	no_evidence		-
00518C20	HelpPanelTy::SubProc	return		<RETURN>	/undefined	<UNASSIGNED>	DEFAULT		0	0	no_evidence		-
0051A100	HelpPanelTy::ObjProc	return		<RETURN>	/undefined	<UNASSIGNED>	DEFAULT		0	0	no_evidence		-
0051B5A0	HelpPanelTy::ArmProc	return		<RETURN>	/undefined	<UNASSIGNED>	DEFAULT		0	0	no_evidence		-
0051C980	HelpPanelTy::SpecProc	return		<RETURN>	/undefined	<UNASSIGNED>	DEFAULT		0	0	no_evidence		-
0051D360	HelpPanelTy::NatProc	return		<RETURN>	/undefined	<UNASSIGNED>	DEFAULT		0	0	no_evidence		-
0051D540	HelpPanelTy::TipProc	return		<RETURN>	/undefined	<UNASSIGNED>	DEFAULT		0	0	no_evidence		-
0051DA70	HelpPanelTy::sub_0051DA70	return		<RETURN>	/undefined	<UNASSIGNED>	DEFAULT		0	0	no_evidence		-
0051FAC0	FUN_0051fac0	parameter	4	param_4	/undefined4	Stack[0x10]:4	DEFAULT		0	0	no_evidence		-
0051FF50	InfocPanelTy::InitInfocPanel	return		<RETURN>	/undefined	<UNASSIGNED>	DEFAULT		0	0	no_evidence		-
005204D0	InfocPanelTy::DoneInfocPanel	return		<RETURN>	/undefined	<UNASSIGNED>	DEFAULT		0	0	no_evidence		-
005205E0	InfocPanelTy::ShiftControls	return		<RETURN>	/undefined	<UNASSIGNED>	DEFAULT		0	0	no_evidence		-
005206F0	InfocPanelTy::Update	return		<RETURN>	/undefined	<UNASSIGNED>	DEFAULT		0	0	no_evidence		-
00520D10	InfocPanelTy::PaintInfoc	return		<RETURN>	/undefined	<UNASSIGNED>	DEFAULT		0	0	no_evidence		-
00521900	IntercomPanelTy::PreInitIntercomPanel	return		<RETURN>	/undefined	<UNASSIGNED>	DEFAULT		0	0	no_evidence		-
005219E0	IntercomPanelTy::InitIntercomPanel	return		<RETURN>	/undefined	<UNASSIGNED>	DEFAULT		0	0	no_evidence		-
00521B90	IntercomPanelTy::DoneIntercomPanel	return		<RETURN>	/undefined	<UNASSIGNED>	DEFAULT		0	0	no_evidence		-
00521CF0	FUN_00521cf0	return		<RETURN>	/undefined	<UNASSIGNED>	DEFAULT		0	0	no_evidence		-
00522810	FUN_00522810	return		<RETURN>	/undefined	<UNASSIGNED>	DEFAULT		0	0	no_evidence		-
005252C0	FUN_005252c0	return		<RETURN>	/undefined	<UNASSIGNED>	DEFAULT		0	0	no_evidence		-
00525890	FUN_00525890	return		<RETURN>	/undefined4	EAX:4	DEFAULT		0	0	no_evidence		-
00525EF0	FUN_00525ef0	return		<RETURN>	/undefined4	EAX:4	DEFAULT		0	0	no_evidence		-
005260B0	FUN_005260b0	parameter	1	param_2	/undefined1	Stack[0x8]:1	DEFAULT	/byte	0	1	insufficient_independent_evidence	{/byte=1}	004F96A0 -> 005260B0 @ 004F99FC; unproven partial register write at 004F99F2
005260B0	FUN_005260b0	return		<RETURN>	/undefined	<UNASSIGNED>	DEFAULT	pointer:/char	6	6	width_mismatch	{pointer:/char=6}	005260B0 returns return of FUN_00526100 @ 005260E6 | 005260B0 returns used as parameter 1 of Library::Ourlib::MFIMG::mfQmtLoad @ 004F8786 | 005260B0 returns used as parameter 1 of Library::Ourlib::MFIMG::mfQmtLoad @ 004F888B | 005260B0 returns used as parameter 1 of Library::Ourlib::MFIMG::mfQmtLoad @ 004F99B6 | 005260B0 returns used as parameter 1 of Library::Ourlib::MFIMG::mfQmtLoad @ 004F9AB6 | 005260B0 returns used as parameter 1 of Library::Ourlib::MFIMG::mfQmtLoad @ 004F9D9F
005272B0	FUN_005272b0	return		<RETURN>	/undefined4	EAX:4	DEFAULT		0	0	no_evidence		-
005293C0	FUN_005293c0	return		<RETURN>	/undefined4	EAX:4	DEFAULT		0	0	no_evidence		-
00529480	FUN_00529480	return		<RETURN>	/undefined4	EAX:4	DEFAULT		0	0	no_evidence		-
00529D80	FUN_00529d80	return		<RETURN>	/undefined4	EAX:4	DEFAULT		0	0	no_evidence		-
00529F90	FUN_00529f90	return		<RETURN>	/undefined4	EAX:4	DEFAULT		0	0	no_evidence		-
00529FE0	FUN_00529fe0	return		<RETURN>	/undefined4	EAX:4	DEFAULT		0	0	no_evidence		-
0052A030	FUN_0052a030	return		<RETURN>	/undefined4	EAX:4	DEFAULT		0	0	no_evidence		-
0052A080	FUN_0052a080	return		<RETURN>	/undefined4	EAX:4	DEFAULT		0	0	no_evidence		-
0052A0D0	FUN_0052a0d0	return		<RETURN>	/undefined4	EAX:4	DEFAULT		0	0	no_evidence		-
0052A140	FUN_0052a140	return		<RETURN>	/undefined4	EAX:4	DEFAULT		0	0	no_evidence		-
0052A190	FUN_0052a190	return		<RETURN>	/undefined4	EAX:4	DEFAULT		0	0	no_evidence		-
0052A1E0	FUN_0052a1e0	return		<RETURN>	/undefined4	EAX:4	DEFAULT		0	0	no_evidence		-
0052A230	FUN_0052a230	return		<RETURN>	/undefined4	EAX:4	DEFAULT		0	0	no_evidence		-
0052A280	FUN_0052a280	return		<RETURN>	/undefined4	EAX:4	DEFAULT		0	0	no_evidence		-
0052A2D0	FUN_0052a2d0	return		<RETURN>	/undefined4	EAX:4	DEFAULT		0	0	no_evidence		-
0052A320	FUN_0052a320	return		<RETURN>	/undefined4	EAX:4	DEFAULT		0	0	no_evidence		-
0052A390	FUN_0052a390	return		<RETURN>	/undefined4	EAX:4	DEFAULT		0	0	no_evidence		-
0052A3E0	FUN_0052a3e0	return		<RETURN>	/undefined4	EAX:4	DEFAULT		0	0	no_evidence		-
0052A4D0	FUN_0052a4d0	return		<RETURN>	/undefined4	EAX:4	DEFAULT		0	0	no_evidence		-
0052A540	FUN_0052a540	return		<RETURN>	/undefined4	EAX:4	DEFAULT		0	0	no_evidence		-
0052A5C0	FUN_0052a5c0	return		<RETURN>	/undefined4	EAX:4	DEFAULT		0	0	no_evidence		-
0052A640	FUN_0052a640	return		<RETURN>	/undefined4	EAX:4	DEFAULT		0	0	no_evidence		-
0052A6C0	FUN_0052a6c0	return		<RETURN>	/undefined4	EAX:4	DEFAULT		0	0	no_evidence		-
0052A6F0	FUN_0052a6f0	return		<RETURN>	/undefined4	EAX:4	DEFAULT		0	0	no_evidence		-
0052A730	FUN_0052a730	return		<RETURN>	/undefined4	EAX:4	DEFAULT		0	0	no_evidence		-
0052A770	FUN_0052a770	return		<RETURN>	/undefined4	EAX:4	DEFAULT		0	0	no_evidence		-
0052AB40	CreateMiniMap	return		<RETURN>	/undefined	<UNASSIGNED>	DEFAULT		0	0	no_evidence		-
0052AF50	FUN_0052af50	return		<RETURN>	/undefined	<UNASSIGNED>	DEFAULT		0	0	no_evidence		-
0052AF90	FUN_0052af90	return		<RETURN>	/undefined	<UNASSIGNED>	DEFAULT		0	0	no_evidence		-
0052AFE0	CPanelTy::sub_0052AFE0	return		<RETURN>	/undefined	<UNASSIGNED>	DEFAULT		0	0	no_evidence		-
0052BC30	MoneyTy::sub_0052BC30	return		<RETURN>	/undefined	<UNASSIGNED>	DEFAULT		0	0	no_evidence		-
0052CCE0	FUN_0052cce0	return		<RETURN>	/undefined	<UNASSIGNED>	DEFAULT		0	0	no_evidence		-
0052D0A0	PopUpTy::OutProc	parameter	3	param_3	/undefined4	Stack[0xc]:4	DEFAULT		0	0	no_evidence		-
0052D0A0	PopUpTy::OutProc	parameter	6	param_6	/undefined4	Stack[0x18]:4	DEFAULT		0	0	no_evidence		-
0052D0A0	PopUpTy::OutProc	parameter	7	param_7	/undefined4	Stack[0x1c]:4	DEFAULT		0	0	no_evidence		-
0052D0A0	PopUpTy::OutProc	return		<RETURN>	/undefined	<UNASSIGNED>	DEFAULT		0	0	no_evidence		-
0052D320	FUN_0052d320	return		<RETURN>	/undefined	<UNASSIGNED>	DEFAULT		0	0	no_evidence		-
0052D370	PopUpTy::AddStr	return		<RETURN>	/undefined	<UNASSIGNED>	DEFAULT		0	0	no_evidence		-
0052D690	PopUpTy::ChangeNumStr	return		<RETURN>	/undefined	<UNASSIGNED>	DEFAULT		0	0	no_evidence		-
0052D980	PopUpTy::ChangeState	return		<RETURN>	/undefined	<UNASSIGNED>	DEFAULT		0	0	no_evidence		-
0052DB90	PopUpTy::Clear	return		<RETURN>	/undefined	<UNASSIGNED>	DEFAULT		0	0	no_evidence		-
0052E500	OptPanelTy::PreInitOptPanel	return		<RETURN>	/undefined	<UNASSIGNED>	DEFAULT		0	0	no_evidence		-
0052E5E0	OptPanelTy::InitOptPanel	return		<RETURN>	/undefined	<UNASSIGNED>	DEFAULT		0	0	no_evidence		-
0052E8F0	OptPanelTy::DoneOptPanel	return		<RETURN>	/undefined	<UNASSIGNED>	DEFAULT		0	0	no_evidence		-
0052EB50	OptPanelTy::CreateSlider	parameter	5	param_5	/undefined4	Stack[0x14]:4	DEFAULT		0	0	no_evidence		-
0052EB50	OptPanelTy::CreateSlider	parameter	6	param_6	/undefined4	Stack[0x18]:4	DEFAULT		0	0	no_evidence		-
0052EB50	OptPanelTy::CreateSlider	return		<RETURN>	/undefined4	EAX:4	DEFAULT		0	0	no_evidence		-
0052EDF0	OptPanelTy::PaintVolume	return		<RETURN>	/undefined	<UNASSIGNED>	DEFAULT		0	0	no_evidence		-
0052EFB0	OptPanelTy::PaintDblBut	return		<RETURN>	/undefined	<UNASSIGNED>	DEFAULT		0	0	no_evidence		-
0052F2B0	OptPanelTy::SwitchOptPanel	return		<RETURN>	/undefined	<UNASSIGNED>	DEFAULT		0	0	no_evidence		-
0052F7E0	OptPanelTy::SwitchOptPanelOff	return		<RETURN>	/undefined	<UNASSIGNED>	DEFAULT		0	0	no_evidence		-
0052FB00	OptPanelTy::SetOptControls	return		<RETURN>	/undefined	<UNASSIGNED>	DEFAULT		0	0	no_evidence		-
005325B0	OptPanelTy::PrepAsses	return		<RETURN>	/undefined	<UNASSIGNED>	DEFAULT		0	0	no_evidence		-
00532CE0	OptPanelTy::sub_00532CE0	return		<RETURN>	/undefined	<UNASSIGNED>	DEFAULT		0	0	no_evidence		-
00533470	OptPanelTy::CheckFiles	return		<RETURN>	/undefined4	EAX:4	DEFAULT		0	0	no_evidence		-
005335E0	FUN_005335e0	return		<RETURN>	/undefined	<UNASSIGNED>	DEFAULT		0	0	no_evidence		-
00533880	OptPanelTy::Question	return		<RETURN>	/undefined	<UNASSIGNED>	DEFAULT		0	0	no_evidence		-
00533A10	OptPanelTy::Notification	return		<RETURN>	/undefined	<UNASSIGNED>	DEFAULT		0	0	no_evidence		-
00533B80	FUN_00533b80	return		<RETURN>	/undefined	<UNASSIGNED>	DEFAULT		0	0	no_evidence		-
005381B0	PanelTy::InitPanel	return		<RETURN>	/undefined	<UNASSIGNED>	DEFAULT		0	0	no_evidence		-
00538390	PanelTy::DonePanel	return		<RETURN>	/undefined	<UNASSIGNED>	DEFAULT		0	0	no_evidence		-
005385C0	UPanelTy::OutProc	parameter	2	param_2	/undefined4	Stack[0x8]:4	DEFAULT		0	0	no_evidence		-
005385C0	UPanelTy::OutProc	parameter	3	param_3	/undefined4	Stack[0xc]:4	DEFAULT		0	0	no_evidence		-
005385C0	UPanelTy::OutProc	parameter	6	param_6	/undefined4	Stack[0x18]:4	DEFAULT		0	0	no_evidence		-
005385C0	UPanelTy::OutProc	parameter	7	param_7	/undefined4	Stack[0x1c]:4	DEFAULT		0	0	no_evidence		-
005385C0	UPanelTy::OutProc	return		<RETURN>	/undefined	<UNASSIGNED>	DEFAULT		0	0	no_evidence		-
00538690	PanelTy::CreateBut	parameter	1	param_1	/undefined4	Stack[0x4]:4	DEFAULT		0	0	no_evidence		-
00538690	PanelTy::CreateBut	parameter	9	param_9	/undefined4	Stack[0x24]:4	DEFAULT		0	0	no_evidence		-
00538690	PanelTy::CreateBut	parameter	10	param_10	/undefined4	Stack[0x28]:4	DEFAULT		0	0	no_evidence		-
00538690	PanelTy::CreateBut	parameter	13	param_13	/undefined4	Stack[0x34]:4	DEFAULT		0	0	no_evidence		-
00538690	PanelTy::CreateBut	parameter	15	param_15	/undefined4	Stack[0x3c]:4	DEFAULT		0	0	no_evidence		-
00538690	PanelTy::CreateBut	return		<RETURN>	/undefined4	EAX:4	DEFAULT		0	0	no_evidence		-
005389E0	PanelTy::PaintBut	return		<RETURN>	/undefined	<UNASSIGNED>	DEFAULT		0	0	no_evidence		-
00538BA0	PanelTy::PaintTxtBut	return		<RETURN>	/undefined	<UNASSIGNED>	DEFAULT		0	0	no_evidence		-
00538DB0	PanelTy::PaintIBut	return		<RETURN>	/undefined	<UNASSIGNED>	DEFAULT		0	0	no_evidence		-
00538FC0	PanelTy::PaintLBut	return		<RETURN>	/undefined	<UNASSIGNED>	DEFAULT		0	0	no_evidence		-
00539280	PausePanelTy::InitPausePanel	return		<RETURN>	/undefined	<UNASSIGNED>	DEFAULT		0	0	no_evidence		-
00539490	PausePanelTy::DonePausePanel	return		<RETURN>	/undefined	<UNASSIGNED>	DEFAULT		0	0	no_evidence		-
005395B0	PausePanelTy::SwitchPausePanel	return		<RETURN>	/undefined	<UNASSIGNED>	DEFAULT		0	0	no_evidence		-
00539B90	PlayPanelTy::InitPlayPanel	return		<RETURN>	/undefined	<UNASSIGNED>	DEFAULT		0	0	no_evidence		-
0053A380	PlayPanelTy::DonePlayPanel	return		<RETURN>	/undefined	<UNASSIGNED>	DEFAULT		0	0	no_evidence		-
0053A540	PlayPanelTy::sub_0053A540	return		<RETURN>	/undefined	<UNASSIGNED>	DEFAULT		0	0	no_evidence		-
0053A6B0	PlayPanelTy::SwitchOptPanel	return		<RETURN>	/undefined	<UNASSIGNED>	DEFAULT		0	0	no_evidence		-
0053A820	PlayPanelTy::SetPanel	return		<RETURN>	/undefined4	EAX:4	DEFAULT		0	0	no_evidence		-
0053AC00	PlayPanelTy::PaintPlayPanel	return		<RETURN>	/undefined	<UNASSIGNED>	DEFAULT		0	0	no_evidence		-
0053C120	ResearchPanelTy::InitResearchPanel	return		<RETURN>	/undefined	<UNASSIGNED>	DEFAULT		0	0	no_evidence		-
0053C490	FUN_0053c490	return		<RETURN>	/undefined	<UNASSIGNED>	DEFAULT		0	0	no_evidence		-
0053C500	ResearchPanelTy::Update	return		<RETURN>	/undefined	<UNASSIGNED>	DEFAULT		0	0	no_evidence		-
0053C820	ResearchPanelTy::PaintUpdBut	return		<RETURN>	/undefined	<UNASSIGNED>	DEFAULT		0	0	no_evidence		-
0053CEF0	SAMPanelTy::InitSAMPanel	return		<RETURN>	/undefined	<UNASSIGNED>	DEFAULT		0	0	no_evidence		-
0053D1A0	SAMPanelTy::DoneSAMPanel	return		<RETURN>	/undefined	<UNASSIGNED>	DEFAULT		0	0	no_evidence		-
0053D290	SAMPanelTy::ShiftControls	return		<RETURN>	/undefined	<UNASSIGNED>	DEFAULT		0	0	no_evidence		-
0053D3B0	SAMPanelTy::Update	return		<RETURN>	/undefined	<UNASSIGNED>	DEFAULT		0	0	no_evidence		-
0053D7A0	UPanelTy::PaintBut	return		<RETURN>	/undefined	<UNASSIGNED>	DEFAULT		0	0	no_evidence		-
0053D920	UPanelTy::PaintTxtBut	return		<RETURN>	/undefined	<UNASSIGNED>	DEFAULT		0	0	no_evidence		-
0053DAF0	UPanelTy::PaintIBut	return		<RETURN>	/undefined	<UNASSIGNED>	DEFAULT		0	0	no_evidence		-
0053DCC0	UPanelTy::PaintLBut	return		<RETURN>	/undefined	<UNASSIGNED>	DEFAULT		0	0	no_evidence		-
0053DEA0	UPanelTy::CreateBut	parameter	1	param_1	/undefined4	Stack[0x4]:4	DEFAULT		0	0	no_evidence		-
0053DEA0	UPanelTy::CreateBut	parameter	7	param_7	/undefined4	Stack[0x1c]:4	DEFAULT		0	0	no_evidence		-
0053DEA0	UPanelTy::CreateBut	parameter	8	param_8	/undefined4	Stack[0x20]:4	DEFAULT		0	0	no_evidence		-
0053DEA0	UPanelTy::CreateBut	parameter	11	param_11	/undefined4	Stack[0x2c]:4	DEFAULT		0	0	no_evidence		-
0053DEA0	UPanelTy::CreateBut	parameter	13	param_13	/undefined4	Stack[0x34]:4	DEFAULT		0	0	no_evidence		-
0053DEA0	UPanelTy::CreateBut	parameter	14	param_14	/undefined4	Stack[0x38]:4	DEFAULT		0	0	no_evidence		-
0053DEA0	UPanelTy::CreateBut	return		<RETURN>	/undefined4	EAX:4	DEFAULT		0	0	no_evidence		-
0053E1C0	UPanelTy::CreateTab	parameter	9	param_9	/undefined4	Stack[0x24]:4	DEFAULT		0	0	no_evidence		-
0053E1C0	UPanelTy::CreateTab	parameter	10	param_10	/undefined4	Stack[0x28]:4	DEFAULT		0	0	no_evidence		-
0053E1C0	UPanelTy::CreateTab	return		<RETURN>	/undefined4	EAX:4	DEFAULT		0	0	no_evidence		-
0053E3F0	SpecPanelTy::InitPanel	parameter	3	param_3	/undefined4	Stack[0xc]:4	DEFAULT		0	0	no_evidence		-
0053E3F0	SpecPanelTy::InitPanel	parameter	7	param_7	/undefined4	Stack[0x1c]:4	DEFAULT		0	0	no_evidence		-
0053E3F0	SpecPanelTy::InitPanel	parameter	8	param_8	/undefined4	Stack[0x20]:4	DEFAULT		0	0	no_evidence		-
0053E640	SpecPanelTy::DonePanel	return		<RETURN>	/undefined	<UNASSIGNED>	DEFAULT		0	0	no_evidence		-
0053E760	SpecPanelTy::SwitchPanel	return		<RETURN>	/undefined	<UNASSIGNED>	DEFAULT		0	0	no_evidence		-
0053E920	SpecPanelTy::SetPanel	return		<RETURN>	/undefined4	EAX:4	DEFAULT		0	0	no_evidence		-
0053EF20	ProdPanelTy::InitProdPanel	parameter	3	param_3	/undefined4	Stack[0xc]:4	DEFAULT		0	0	no_evidence		-
0053EF20	ProdPanelTy::InitProdPanel	parameter	14	text	/undefined4	Stack[0x38]:4	ANALYSIS	pointer:/char	5	5	automatic_candidate	{pointer:/char=5}	004EEA40 -> 0053EF20 @ 004EEBFB; return of FUN_00571240 | 004EFB60 -> 0053EF20 @ 004EFC57; string at 007C1900 | 004F05C0 -> 0053EF20 @ 004F0740; return of FUN_00571240 | 0053C120 -> 0053EF20 @ 0053C257; string at 007C771C | 0053EF20 -> 00538690 @ 0053F0F2
0053F220	ProdPanelTy::DoneProdPanel	return		<RETURN>	/undefined	<UNASSIGNED>	DEFAULT		0	0	no_evidence		-
0053F3A0	ProdPanelTy::SwitchPanel	return		<RETURN>	/undefined	<UNASSIGNED>	DEFAULT		0	0	no_evidence		-
0053F650	ProdPanelTy::SetPanel	return		<RETURN>	/undefined4	EAX:4	DEFAULT		0	0	no_evidence		-
0053F940	ProdPanelTy::CreateSlider	parameter	5	param_5	/undefined4	Stack[0x14]:4	DEFAULT		0	0	no_evidence		-
0053F940	ProdPanelTy::CreateSlider	parameter	7	param_7	/undefined4	Stack[0x1c]:4	DEFAULT		0	0	no_evidence		-
0053F940	ProdPanelTy::CreateSlider	parameter	8	param_8	/undefined4	Stack[0x20]:4	DEFAULT		0	0	no_evidence		-
0053FCD0	ProdPanelTy::PaintTab	return		<RETURN>	/undefined	<UNASSIGNED>	DEFAULT		0	0	no_evidence		-
0053FEE0	ProdPanelTy::PaintTab	return		<RETURN>	/undefined	<UNASSIGNED>	DEFAULT		0	0	no_evidence		-
005403C0	PutDDX	return		<RETURN>	/undefined	<UNASSIGNED>	DEFAULT		0	0	no_evidence		-
00540760	DibPut	return		<RETURN>	/undefined	<UNASSIGNED>	DEFAULT		0	0	no_evidence		-
00540890	StartServTy::WrTextDDX	return		<RETURN>	/undefined	<UNASSIGNED>	DEFAULT		0	0	no_evidence		-
00540A60	StartServTy::WrSarrDDX	parameter	10	param_10	/undefined4	Stack[0x28]:4	DEFAULT		0	0	no_evidence		-
00540A60	StartServTy::WrSarrDDX	return		<RETURN>	/undefined	<UNASSIGNED>	DEFAULT		0	0	no_evidence		-
00540DC0	SetAccelerator	parameter	1	param_2	/undefined4	Stack[0x8]:4	DEFAULT		0	0	no_evidence		-
00540DC0	SetAccelerator	parameter	2	param_3	/undefined4	Stack[0xc]:4	DEFAULT		0	0	no_evidence		-
00540DC0	SetAccelerator	parameter	3	param_4	/undefined4	Stack[0x10]:4	DEFAULT		0	0	no_evidence		-
00540DC0	SetAccelerator	parameter	5	param_6	/undefined4	Stack[0x18]:4	DEFAULT		0	0	no_evidence		-
00540DC0	SetAccelerator	return		<RETURN>	/undefined	<UNASSIGNED>	DEFAULT		0	0	no_evidence		-
00541030	DelAllAccelerators	return		<RETURN>	/undefined	<UNASSIGNED>	DEFAULT		0	0	no_evidence		-
005412B0	FUN_005412b0	return		<RETURN>	/undefined	<UNASSIGNED>	DEFAULT		0	0	no_evidence		-
005416A0	FUN_005416a0	return		<RETURN>	/undefined	<UNASSIGNED>	DEFAULT		0	0	no_evidence		-
005419E0	FUN_005419e0	return		<RETURN>	/undefined	<UNASSIGNED>	DEFAULT		0	0	no_evidence		-
00541CF0	FUN_00541cf0	return		<RETURN>	/undefined	<UNASSIGNED>	DEFAULT		0	0	no_evidence		-
00541F60	FUN_00541f60	return		<RETURN>	/undefined	<UNASSIGNED>	DEFAULT		0	0	no_evidence		-
005421D0	FUN_005421d0	return		<RETURN>	/undefined	<UNASSIGNED>	DEFAULT		0	0	no_evidence		-
00542480	InterSystemC::CreateSystemObjects	return		<RETURN>	/undefined	<UNASSIGNED>	DEFAULT		0	0	no_evidence		-
005424A0	InterSystemC::CreateInterfObjects	return		<RETURN>	/undefined4	EAX:4	DEFAULT		0	0	no_evidence		-
00542D80	CreateInterSystem	return		<RETURN>	/undefined	<UNASSIGNED>	DEFAULT		0	0	no_evidence		-
00543410	FUN_00543410	parameter	0	param_1	/undefined4	Stack[0x4]:4	DEFAULT		0	0	no_evidence		-
00543410	FUN_00543410	parameter	1	param_2	/undefined4	Stack[0x8]:4	DEFAULT		0	0	no_evidence		-
00543410	FUN_00543410	return		<RETURN>	/undefined	<UNASSIGNED>	DEFAULT		0	0	no_evidence		-
00543600	CursorClassTy::InitCursor	parameter	1	param_1	/undefined4	Stack[0x4]:4	DEFAULT		0	0	no_evidence		-
00543600	CursorClassTy::InitCursor	return		<RETURN>	/undefined	<UNASSIGNED>	DEFAULT		0	0	no_evidence		-
00543830	CursorClassTy::DoneCursor	return		<RETURN>	/undefined	<UNASSIGNED>	DEFAULT		0	0	no_evidence		-
00543990	CursorClassTy::ReInitCursorSpr	return		<RETURN>	/undefined	<UNASSIGNED>	DEFAULT		0	0	no_evidence		-
00543AD0	CursorClassTy::SetImages	parameter	1	param_1	/undefined4	Stack[0x4]:4	DEFAULT		0	0	no_evidence		-
00543AD0	CursorClassTy::SetImages	parameter	3	param_3	/undefined4	Stack[0xc]:4	DEFAULT		0	0	no_evidence		-
00543C90	CursorClassTy::DrawSprite	return		<RETURN>	/undefined	<UNASSIGNED>	DEFAULT		0	0	no_evidence		-
00543FA0	CursorClassTy::CursDrawInit	return		<RETURN>	/undefined	<UNASSIGNED>	DEFAULT		0	0	no_evidence		-
00544100	FUN_00544100	return		<RETURN>	/undefined	<UNASSIGNED>	DEFAULT		0	0	no_evidence		-
005441A0	CursorClassTy::AddSysAcc	return		<RETURN>	/undefined	<UNASSIGNED>	DEFAULT		0	0	no_evidence		-
00544460	CursorClassTy::DelSysAcc	return		<RETURN>	/undefined	<UNASSIGNED>	DEFAULT		0	0	no_evidence		-
005446C0	CursorClassTy::AddOpticAcc	return		<RETURN>	/undefined	<UNASSIGNED>	DEFAULT		0	0	no_evidence		-
00544800	CursorClassTy::DelOpticAcc	return		<RETURN>	/undefined	<UNASSIGNED>	DEFAULT		0	0	no_evidence		-
00548B90	FUN_00548b90	return		<RETURN>	/undefined4	EAX:4	DEFAULT		0	0	no_evidence		-
00548BC0	FUN_00548bc0	return		<RETURN>	/undefined4	EAX:4	DEFAULT		0	0	no_evidence		-
00548C40	CursorClassTy::TakeCmdToRun	return		<RETURN>	/undefined	<UNASSIGNED>	DEFAULT		0	0	no_evidence		-
0054B540	CursorClassTy::sub_0054B540	return		<RETURN>	/undefined	<UNASSIGNED>	DEFAULT		0	0	no_evidence		-
0054B630	CursorClassTy::sub_0054B630	parameter	2	param_2	/undefined4	Stack[0x8]:4	DEFAULT		0	0	no_evidence		-
0054B9A0	FUN_0054b9a0	return		<RETURN>	/undefined4	EAX:4	DEFAULT		0	0	no_evidence		-
0054BE70	CPanelTy::OutProc	parameter	2	param_2	/undefined4	Stack[0x8]:4	DEFAULT		0	0	no_evidence		-
0054BE70	CPanelTy::OutProc	parameter	3	param_3	/undefined4	Stack[0xc]:4	DEFAULT		0	0	no_evidence		-
0054BE70	CPanelTy::OutProc	parameter	6	param_6	/undefined4	Stack[0x18]:4	DEFAULT		0	0	no_evidence		-
0054BE70	CPanelTy::OutProc	parameter	7	param_7	/undefined4	Stack[0x1c]:4	DEFAULT		0	0	no_evidence		-
0054BE70	CPanelTy::OutProc	return		<RETURN>	/undefined	<UNASSIGNED>	DEFAULT		0	0	no_evidence		-
0054BF40	CursorClassTy::SetGCType	return		<RETURN>	/undefined4	EAX:4	DEFAULT		0	0	no_evidence		-
0054C740	CreatePlaySystem	return		<RETURN>	/undefined	<UNASSIGNED>	DEFAULT		0	0	no_evidence		-
0054CA10	FUN_0054ca10	parameter	1	param_2	/undefined4	Stack[0x8]:4	DEFAULT		0	0	no_evidence		-
0054CBB0	FUN_0054cbb0	return		<RETURN>	/undefined4	EAX:4	DEFAULT		0	0	no_evidence		-
0054CC20	STPlaySystemC::CreateGameObject	parameter	2	param_2	/undefined4	Stack[0x8]:4	DEFAULT		0	0	no_evidence		-
0054CC20	STPlaySystemC::CreateGameObject	parameter	3	param_3	/undefined4	Stack[0xc]:4	DEFAULT		0	0	no_evidence		-
0054CC20	STPlaySystemC::CreateGameObject	parameter	4	param_4	/undefined4	Stack[0x10]:4	DEFAULT		0	0	no_evidence		-
0054CC20	STPlaySystemC::CreateGameObject	parameter	5	param_5	/undefined4	Stack[0x14]:4	DEFAULT		0	0	no_evidence		-
0054CD90	FUN_0054cd90	return		<RETURN>	/undefined4	EAX:4	DEFAULT		0	0	no_evidence		-
0054CDB0	FUN_0054cdb0	return		<RETURN>	/undefined4	EAX:4	DEFAULT		0	0	no_evidence		-
0054CDD0	FUN_0054cdd0	parameter	5	param_6	/undefined4	Stack[0x18]:4	DEFAULT		0	0	no_evidence		-
0054CF00	FUN_0054cf00	parameter	4	param_4	/undefined4	Stack[0x10]:4	DEFAULT		0	0	no_evidence		-
0054CF70	FUN_0054cf70	return		<RETURN>	/undefined	<UNASSIGNED>	DEFAULT		0	0	no_evidence		-
0054CFA0	FUN_0054cfa0	return		<RETURN>	/undefined	<UNASSIGNED>	DEFAULT		0	0	no_evidence		-
0054CFC0	STPlaySystemC::InitSystem	return		<RETURN>	/undefined4	EAX:4	DEFAULT		0	0	no_evidence		-
0054D180	STPlaySystemC::DoneSystem	return		<RETURN>	/undefined	<UNASSIGNED>	DEFAULT		0	0	no_evidence		-
0054D640	STPlaySystemC::Life	return		<RETURN>	/undefined4	EAX:4	DEFAULT		0	0	no_evidence		-
0054EB20	FUN_0054eb20	return		<RETURN>	/undefined4	EAX:4	DEFAULT		0	0	no_evidence		-
0054EBB0	STPlaySystemC::sub_0054EBB0	return		<RETURN>	/undefined	<UNASSIGNED>	DEFAULT		0	0	no_evidence		-
0054EDF0	FUN_0054edf0	return		<RETURN>	/undefined	<UNASSIGNED>	DEFAULT		0	0	no_evidence		-
0054EEE0	STPlaySystemC::SetCtrlCmd	parameter	1	param_1	/undefined1	Stack[0x4]:1	DEFAULT	/byte	0	1	insufficient_independent_evidence	{/byte=1}	0054EDF0 -> 0054EEE0 @ 0054EE87; unproven partial register write at 0054EE7B
0054EEE0	STPlaySystemC::SetCtrlCmd	return		<RETURN>	/undefined	<UNASSIGNED>	DEFAULT		0	0	no_evidence		-
00550380	FUN_00550380	return		<RETURN>	/undefined	<UNASSIGNED>	DEFAULT		0	0	no_evidence		-
005503C0	FUN_005503c0	return		<RETURN>	/undefined	<UNASSIGNED>	DEFAULT		0	0	no_evidence		-
005508F0	FUN_005508f0	return		<RETURN>	/undefined	<UNASSIGNED>	DEFAULT		0	0	no_evidence		-
00550BB0	FUN_00550bb0	return		<RETURN>	/undefined	<UNASSIGNED>	DEFAULT		0	0	no_evidence		-
00550DB0	TradePanelTy::InitTradePanel	return		<RETURN>	/undefined	<UNASSIGNED>	DEFAULT		0	0	no_evidence		-
005512F0	TradePanelTy::DoneTradePanel	return		<RETURN>	/undefined	<UNASSIGNED>	DEFAULT		0	0	no_evidence		-
00551460	TradePanelTy::SetModeControls	return		<RETURN>	/undefined	<UNASSIGNED>	DEFAULT		0	0	no_evidence		-
00551690	TradePanelTy::ShiftControls	return		<RETURN>	/undefined	<UNASSIGNED>	DEFAULT		0	0	no_evidence		-
00551800	TradePanelTy::sub_00551800	return		<RETURN>	/undefined	<UNASSIGNED>	DEFAULT		0	0	no_evidence		-
00551B10	TradePanelTy::sub_00551B10	return		<RETURN>	/undefined	<UNASSIGNED>	DEFAULT		0	0	no_evidence		-
00551BA0	TradePanelTy::PaintPanel	return		<RETURN>	/undefined	<UNASSIGNED>	DEFAULT		0	0	no_evidence		-
00551EC0	TradePanelTy::PaintIndicators	return		<RETURN>	/undefined	<UNASSIGNED>	DEFAULT		0	0	no_evidence		-
00552160	TradePanelTy::sub_00552160	return		<RETURN>	/undefined4	EAX:4	DEFAULT		0	0	no_evidence		-
005521B0	TradePanelTy::Update	return		<RETURN>	/undefined	<UNASSIGNED>	DEFAULT		0	0	no_evidence		-
005528B0	UpgPanelTy::InitUpgPanel	return		<RETURN>	/undefined	<UNASSIGNED>	DEFAULT		0	0	no_evidence		-
00552A30	UpgPanelTy::DoneUpgPanel	return		<RETURN>	/undefined	<UNASSIGNED>	DEFAULT		0	0	no_evidence		-
00552AF0	UpgPanelTy::ShiftControls	return		<RETURN>	/undefined	<UNASSIGNED>	DEFAULT		0	0	no_evidence		-
00552BC0	UpgPanelTy::Update	return		<RETURN>	/undefined	<UNASSIGNED>	DEFAULT		0	0	no_evidence		-
00553060	FUN_00553060	return		<RETURN>	/undefined4	EAX:4	DEFAULT		0	0	no_evidence		-
005531F0	FUN_005531f0	return		<RETURN>	/undefined	<UNASSIGNED>	DEFAULT		0	0	no_evidence		-
00553270	FUN_00553270	return		<RETURN>	/undefined	<UNASSIGNED>	DEFAULT		0	0	no_evidence		-
00553410	FUN_00553410	return		<RETURN>	/undefined	<UNASSIGNED>	DEFAULT		0	0	no_evidence		-
00553480	FUN_00553480	return		<RETURN>	/undefined	<UNASSIGNED>	DEFAULT		0	0	no_evidence		-
00553B00	FUN_00553b00	return		<RETURN>	/undefined	<UNASSIGNED>	DEFAULT		0	0	no_evidence		-
00553C20	FUN_00553c20	return		<RETURN>	/undefined	<UNASSIGNED>	DEFAULT		0	0	no_evidence		-
00553D40	FUN_00553d40	return		<RETURN>	/undefined	<UNASSIGNED>	DEFAULT		0	0	no_evidence		-
00553DB0	FUN_00553db0	return		<RETURN>	/undefined	<UNASSIGNED>	DEFAULT		0	0	no_evidence		-
00553E20	FUN_00553e20	return		<RETURN>	/undefined	<UNASSIGNED>	DEFAULT		0	0	no_evidence		-
005544E0	cLoadingTy::delete	return		<RETURN>	/undefined	<UNASSIGNED>	DEFAULT		0	0	no_evidence		-
00554660	cLoadingTy::ShowScr	return		<RETURN>	/undefined	<UNASSIGNED>	DEFAULT		0	0	no_evidence		-
005547D0	FUN_005547d0	return		<RETURN>	/undefined	<UNASSIGNED>	DEFAULT		0	0	no_evidence		-
00554800	cLoadingTy::InitParam	parameter	5	param_5	/undefined4	Stack[0x14]:4	DEFAULT		0	0	no_evidence		-
00554800	cLoadingTy::InitParam	return		<RETURN>	/undefined	<UNASSIGNED>	DEFAULT		0	0	no_evidence		-
00554A50	cLoadingTy::sub_00554A50	return		<RETURN>	/undefined	<UNASSIGNED>	DEFAULT		0	0	no_evidence		-
00554AD0	cLoadingTy::DrawLine	return		<RETURN>	/undefined	<UNASSIGNED>	DEFAULT		0	0	no_evidence		-
00554C80	cLoadingTy::DrawLineCR	return		<RETURN>	/undefined	<UNASSIGNED>	DEFAULT		0	0	no_evidence		-
00554F20	cLoadingTy::SetProcess	parameter	1	param_1	/undefined4	Stack[0x4]:4	DEFAULT		0	0	no_evidence		-
00555040	cLoadingTy::SetState	return		<RETURN>	/undefined	<UNASSIGNED>	DEFAULT		0	0	no_evidence		-
00555600	FUN_00555600	parameter	0	param_1	/undefined4	Stack[0x4]:4	DEFAULT		0	0	no_evidence		-
00555600	FUN_00555600	return		<RETURN>	/undefined	<UNASSIGNED>	DEFAULT		0	0	no_evidence		-
00555650	FUN_00555650	return		<RETURN>	/undefined	<UNASSIGNED>	DEFAULT		0	0	no_evidence		-
00555680	cLoadingTy::sub_00555680	return		<RETURN>	/undefined	<UNASSIGNED>	DEFAULT		0	0	no_evidence		-
005557B0	FUN_005557b0	return		<RETURN>	/undefined	<UNASSIGNED>	DEFAULT		0	0	no_evidence		-
00555840	FUN_00555840	parameter	0	param_1	/undefined4	Stack[0x4]:4	DEFAULT		0	0	no_evidence		-
00555880	FUN_00555880	return		<RETURN>	/undefined4	EAX:4	DEFAULT		0	0	no_evidence		-
00555910	TraksClassTy::DrawTrakSprite	return		<RETURN>	/undefined	<UNASSIGNED>	DEFAULT		0	0	no_evidence		-
00555E80	TraksClassTy::TraksExec	return		<RETURN>	/undefined	<UNASSIGNED>	DEFAULT		0	0	no_evidence		-
00556170	TraksClassTy::PrepareAfterSave	return		<RETURN>	/undefined	<UNASSIGNED>	DEFAULT		0	0	no_evidence		-
00556DD0	TraksClassTy::TraksCreateCollection	return		<RETURN>	/undefined4	EAX:4	DEFAULT		0	0	no_evidence		-
005578D0	VisibleClassTy::InitData	return		<RETURN>	/undefined	<UNASSIGNED>	DEFAULT		0	0	no_evidence		-
00557C90	VisibleClassTy::Init	return		<RETURN>	/undefined	<UNASSIGNED>	DEFAULT		0	0	no_evidence		-
005585F0	Visible::PrepareAfterSave	return		<RETURN>	/undefined	<UNASSIGNED>	DEFAULT		0	0	no_evidence		-
005594A0	VisibleClassTy::sub_005594A0	parameter	6	param_6	/undefined4	Stack[0x18]:4	DEFAULT		0	0	no_evidence		-
005597A0	VisibleClassTy::SetZoneDes	parameter	6	param_6	/undefined4	Stack[0x18]:4	DEFAULT		0	0	no_evidence		-
005599D0	VisibleClassTy::sub_005599D0	return		<RETURN>	/undefined	<UNASSIGNED>	DEFAULT		0	0	no_evidence		-
00559B30	VisibleClassTy::SetZoneAst	return		<RETURN>	/undefined	<UNASSIGNED>	DEFAULT		0	0	no_evidence		-
00559D60	VisibleClassTy::sub_00559D60	return		<RETURN>	/undefined	<UNASSIGNED>	DEFAULT		0	0	no_evidence		-
00559EC0	VisibleClassTy::SetZoneTsh	parameter	6	param_6	/undefined4	Stack[0x18]:4	DEFAULT		0	0	no_evidence		-
0055A110	VisibleClassTy::sub_0055A110	return		<RETURN>	/undefined	<UNASSIGNED>	DEFAULT		0	0	no_evidence		-
0055A270	VisibleClassTy::SetZoneMin1	parameter	6	param_6	/undefined4	Stack[0x18]:4	DEFAULT		0	0	no_evidence		-
0055A270	VisibleClassTy::SetZoneMin1	return		<RETURN>	/undefined	<UNASSIGNED>	DEFAULT		0	0	no_evidence		-
0055A4C0	VisibleClassTy::sub_0055A4C0	return		<RETURN>	/undefined	<UNASSIGNED>	DEFAULT		0	0	no_evidence		-
0055A620	VisibleClassTy::SetZoneMin2	parameter	6	param_6	/undefined4	Stack[0x18]:4	DEFAULT		0	0	no_evidence		-
0055A620	VisibleClassTy::SetZoneMin2	return		<RETURN>	/undefined	<UNASSIGNED>	DEFAULT		0	0	no_evidence		-
0055A870	VisibleClassTy::sub_0055A870	return		<RETURN>	/undefined	<UNASSIGNED>	DEFAULT		0	0	no_evidence		-
0055A9D0	VisibleClassTy::VisHoleCreate	parameter	6	param_6	/undefined4	Stack[0x18]:4	DEFAULT		0	0	no_evidence		-
0055AB50	VisibleClassTy::VisHoleExec	return		<RETURN>	/undefined	<UNASSIGNED>	DEFAULT		0	0	no_evidence		-
0055AD00	VisibleClassTy::sub_0055AD00	parameter	3	param_3	/undefined4	Stack[0xc]:4	DEFAULT		0	0	no_evidence		-
0055AD00	VisibleClassTy::sub_0055AD00	return		<RETURN>	/undefined4	EAX:4	DEFAULT		0	0	no_evidence		-
0055AFB0	FUN_0055afb0	parameter	3	param_3	/undefined4	Stack[0xc]:4	DEFAULT		0	0	no_evidence		-
0055AFB0	FUN_0055afb0	return		<RETURN>	/undefined4	EAX:4	DEFAULT		0	0	no_evidence		-
0055B1C0	VisibleClassTy::sub_0055B1C0	parameter	3	param_3	/undefined4	Stack[0xc]:4	DEFAULT		0	0	no_evidence		-
0055B1C0	VisibleClassTy::sub_0055B1C0	return		<RETURN>	/undefined4	EAX:4	DEFAULT		0	0	no_evidence		-
0055B3D0	FUN_0055b3d0	parameter	3	param_3	/undefined4	Stack[0xc]:4	DEFAULT		0	0	no_evidence		-
0055B3D0	FUN_0055b3d0	return		<RETURN>	/undefined4	EAX:4	DEFAULT		0	0	no_evidence		-
0055B5E0	FUN_0055b5e0	parameter	3	param_3	/undefined4	Stack[0xc]:4	DEFAULT		0	0	no_evidence		-
0055B5E0	FUN_0055b5e0	return		<RETURN>	/undefined4	EAX:4	DEFAULT		0	0	no_evidence		-
0055B7F0	VisibleClassTy::sub_0055B7F0	return		<RETURN>	/undefined	<UNASSIGNED>	DEFAULT		0	0	no_evidence		-
0055BB00	VisibleClassTy::sub_0055BB00	parameter	7	param_7	/undefined4	Stack[0x1c]:4	DEFAULT	/uint	0	1	insufficient_independent_evidence	{/uint=1}	00559B30 -> 0055BB00 @ 00559BF0; VisibleClassTy::SetZoneAst parameter param_6
0055BCB0	FUN_0055bcb0	return		<RETURN>	/undefined	<UNASSIGNED>	DEFAULT		0	0	no_evidence		-
0055BD80	FUN_0055bd80	return		<RETURN>	/undefined	<UNASSIGNED>	DEFAULT	/int	1	1	width_mismatch	{/int=1}	0055BD80 returns return of Library::MSVCRT::FUN_0072ece0 @ 0055BD8B
0055BDD0	FUN_0055bdd0	return		<RETURN>	/undefined	<UNASSIGNED>	DEFAULT		0	0	no_evidence		-
0055BEB0	FUN_0055beb0	return		<RETURN>	/undefined	<UNASSIGNED>	DEFAULT		0	0	no_evidence		-
0055BF20	FUN_0055bf20	parameter	1	param_1	/undefined4	Stack[0x4]:4	DEFAULT		0	0	no_evidence		-
0055C0E0	FUN_0055c0e0	parameter	2	param_2	/undefined4	Stack[0x8]:4	DEFAULT		0	0	no_evidence		-
0055C0E0	FUN_0055c0e0	return		<RETURN>	/undefined	<UNASSIGNED>	DEFAULT		0	0	no_evidence		-
0055C180	FUN_0055c180	return		<RETURN>	/undefined	<UNASSIGNED>	DEFAULT		0	0	no_evidence		-
0055C260	FUN_0055c260	return		<RETURN>	/undefined	<UNASSIGNED>	DEFAULT		0	0	no_evidence		-
0055C290	FUN_0055c290	return		<RETURN>	/undefined	<UNASSIGNED>	DEFAULT		0	0	no_evidence		-
0055C2E0	FUN_0055c2e0	return		<RETURN>	/undefined	<UNASSIGNED>	DEFAULT		0	0	no_evidence		-
0055C500	FUN_0055c500	return		<RETURN>	/undefined	<UNASSIGNED>	DEFAULT		0	0	no_evidence		-
0055C550	FUN_0055c550	return		<RETURN>	/undefined	<UNASSIGNED>	DEFAULT		0	0	no_evidence		-
0055C590	FUN_0055c590	parameter	0	param_1	/undefined4	Stack[0x4]:4	DEFAULT		0	0	no_evidence		-
0055C590	FUN_0055c590	return		<RETURN>	/undefined	<UNASSIGNED>	DEFAULT		0	0	no_evidence		-
0055C6C0	FUN_0055c6c0	return		<RETURN>	/undefined	<UNASSIGNED>	DEFAULT		0	0	no_evidence		-
0055C740	FUN_0055c740	return		<RETURN>	/undefined	<UNASSIGNED>	DEFAULT		0	0	no_evidence		-
0055C790	FUN_0055c790	parameter	1	param_1	/undefined4	Stack[0x4]:4	DEFAULT		0	0	no_evidence		-
0055C790	FUN_0055c790	return		<RETURN>	/undefined	<UNASSIGNED>	DEFAULT		0	0	no_evidence		-
0055C7E0	FUN_0055c7e0	parameter	1	param_1	/undefined4	Stack[0x4]:4	DEFAULT		0	0	no_evidence		-
0055C7E0	FUN_0055c7e0	return		<RETURN>	/undefined	<UNASSIGNED>	DEFAULT		0	0	no_evidence		-
0055C830	FUN_0055c830	parameter	3	param_3	/undefined4	Stack[0xc]:4	DEFAULT		0	0	no_evidence		-
0055C830	FUN_0055c830	return		<RETURN>	/undefined	<UNASSIGNED>	DEFAULT		0	0	no_evidence		-
0055D410	FUN_0055d410	return		<RETURN>	/undefined	<UNASSIGNED>	DEFAULT		0	0	no_evidence		-
0055D440	FUN_0055d440	return		<RETURN>	/undefined	<UNASSIGNED>	DEFAULT		0	0	no_evidence		-
0055D480	FUN_0055d480	return		<RETURN>	/undefined	<UNASSIGNED>	DEFAULT		0	0	no_evidence		-
0055D4C0	FUN_0055d4c0	return		<RETURN>	/undefined	<UNASSIGNED>	DEFAULT		0	0	no_evidence		-
0055D500	FUN_0055d500	parameter	1	param_1	/undefined4	Stack[0x4]:4	DEFAULT		0	0	no_evidence		-
0055D500	FUN_0055d500	parameter	2	param_2	/undefined4	Stack[0x8]:4	DEFAULT		0	0	no_evidence		-
0055D500	FUN_0055d500	return		<RETURN>	/undefined	<UNASSIGNED>	DEFAULT		0	0	no_evidence		-
0055D550	FUN_0055d550	return		<RETURN>	/undefined	<UNASSIGNED>	DEFAULT		0	0	no_evidence		-
0055D630	FUN_0055d630	parameter	1	param_1	/undefined4	Stack[0x4]:4	DEFAULT		0	0	no_evidence		-
0055D630	FUN_0055d630	parameter	3	param_3	/undefined4	Stack[0xc]:4	DEFAULT		0	0	no_evidence		-
0055D630	FUN_0055d630	return		<RETURN>	/undefined	<UNASSIGNED>	DEFAULT		0	0	no_evidence		-
0055D670	FUN_0055d670	parameter	1	param_1	/undefined4	Stack[0x4]:4	DEFAULT		0	0	no_evidence		-
0055D670	FUN_0055d670	parameter	2	param_2	/undefined4	Stack[0x8]:4	DEFAULT		0	0	no_evidence		-
0055D670	FUN_0055d670	return		<RETURN>	/undefined	<UNASSIGNED>	DEFAULT		0	0	no_evidence		-
0055D6B0	FUN_0055d6b0	return		<RETURN>	/undefined	<UNASSIGNED>	DEFAULT		0	0	no_evidence		-
0055D6F0	FUN_0055d6f0	return		<RETURN>	/undefined	<UNASSIGNED>	DEFAULT		0	0	no_evidence		-
0055DBF0	DarkScreen	return		<RETURN>	/undefined	<UNASSIGNED>	DEFAULT		0	0	no_evidence		-
0055DCD0	SetPalette	return		<RETURN>	/undefined	<UNASSIGNED>	DEFAULT		0	0	no_evidence		-
0055DDF0	FUN_0055ddf0	return		<RETURN>	/undefined	<UNASSIGNED>	DEFAULT		0	0	no_evidence		-
0055DEE0	FUN_0055dee0	return		<RETURN>	/undefined	<UNASSIGNED>	DEFAULT		0	0	no_evidence		-
0055F410	AiCalcDispositionAreas	return		<RETURN>	/undefined	<UNASSIGNED>	DEFAULT		0	0	no_evidence		-
00562E10	FUN_00562e10	parameter	0	param_1	/undefined4	Stack[0x4]:4	DEFAULT		0	0	no_evidence		-
00562E10	FUN_00562e10	parameter	1	param_2	/undefined4	Stack[0x8]:4	DEFAULT		0	0	no_evidence		-
00562E10	FUN_00562e10	return		<RETURN>	/undefined	<UNASSIGNED>	DEFAULT		0	0	no_evidence		-
00562F50	AiAiCalcMinesFields	return		<RETURN>	/undefined	<UNASSIGNED>	DEFAULT		0	0	no_evidence		-
00564DD0	FUN_00564dd0	parameter	0	param_1	/undefined4	Stack[0x4]:4	DEFAULT		0	0	no_evidence		-
00564DD0	FUN_00564dd0	parameter	1	param_2	/undefined4	Stack[0x8]:4	DEFAULT		0	0	no_evidence		-
00564DD0	FUN_00564dd0	return		<RETURN>	/undefined	<UNASSIGNED>	DEFAULT		0	0	no_evidence		-
00566970	SoundManagerTy::sub_00566970	return		<RETURN>	/undefined	<UNASSIGNED>	DEFAULT		0	0	no_evidence		-
00566AA0	SoundManagerTy::sub_00566AA0	return		<RETURN>	/undefined	<UNASSIGNED>	DEFAULT		0	0	no_evidence		-
00566BD0	FUN_00566bd0	return		<RETURN>	/undefined	<UNASSIGNED>	DEFAULT		0	0	no_evidence		-
00566E70	FUN_00566e70	parameter	1	param_1	/undefined4	Stack[0x4]:4	DEFAULT	/WinDef.h/HWND	0	1	insufficient_independent_evidence	{/WinDef.h/HWND=1}	00571320 -> 00566E70 @ 00571381; FUN_00571320 parameter param_1
00566E70	FUN_00566e70	return		<RETURN>	/undefined	<UNASSIGNED>	DEFAULT		0	0	no_evidence		-
00566FF0	FUN_00566ff0	return		<RETURN>	/undefined	<UNASSIGNED>	DEFAULT		0	0	no_evidence		-
005672A0	FUN_005672a0	return		<RETURN>	/undefined	<UNASSIGNED>	DEFAULT		0	0	no_evidence		-
005672E0	FUN_005672e0	return		<RETURN>	/undefined	<UNASSIGNED>	DEFAULT		0	0	no_evidence		-
00567330	FUN_00567330	return		<RETURN>	/undefined	<UNASSIGNED>	DEFAULT		0	0	no_evidence		-
00567490	FUN_00567490	return		<RETURN>	/undefined	<UNASSIGNED>	DEFAULT		0	0	no_evidence		-
00567510	FUN_00567510	return		<RETURN>	/undefined	<UNASSIGNED>	DEFAULT		0	0	no_evidence		-
00567C10	FUN_00567c10	return		<RETURN>	/undefined	<UNASSIGNED>	DEFAULT		0	0	no_evidence		-
00568010	FUN_00568010	return		<RETURN>	/undefined	<UNASSIGNED>	DEFAULT		0	0	no_evidence		-
005682C0	FUN_005682c0	return		<RETURN>	/undefined	<UNASSIGNED>	DEFAULT		0	0	no_evidence		-
005686C0	FUN_005686c0	parameter	1	param_1	/undefined4	Stack[0x4]:4	DEFAULT		0	0	no_evidence		-
005686C0	FUN_005686c0	return		<RETURN>	/undefined	<UNASSIGNED>	DEFAULT		0	0	no_evidence		-
00568780	FUN_00568780	return		<RETURN>	/undefined4	EAX:4	DEFAULT		0	0	no_evidence		-
00568850	FUN_00568850	return		<RETURN>	/undefined	<UNASSIGNED>	DEFAULT		0	0	no_evidence		-
00568940	FUN_00568940	return		<RETURN>	/undefined	<UNASSIGNED>	DEFAULT		0	0	no_evidence		-
00568BC0	FUN_00568bc0	return		<RETURN>	/undefined	<UNASSIGNED>	DEFAULT		0	0	no_evidence		-
00568C50	SoundClassTy::CheckFader	return		<RETURN>	/undefined	<UNASSIGNED>	DEFAULT		0	0	no_evidence		-
0056A130	FUN_0056a130	return		<RETURN>	/undefined	<UNASSIGNED>	DEFAULT		0	0	no_evidence		-
0056A2A0	FUN_0056a2a0	return		<RETURN>	/undefined4	EAX:4	DEFAULT		0	0	no_evidence		-
0056A500	FUN_0056a500	return		<RETURN>	/undefined4	EAX:4	DEFAULT		0	0	no_evidence		-
0056A5F0	STAppC::STAppC	parameter	1	param_1	/undefined4	Stack[0x4]:4	DEFAULT		0	0	no_evidence		-
0056A820	FUN_0056a820	return		<RETURN>	/undefined	<UNASSIGNED>	DEFAULT		0	0	no_evidence		-
0056A840	FUN_0056a840	return		<RETURN>	/undefined	<UNASSIGNED>	DEFAULT		0	0	no_evidence		-
0056A8D0	FUN_0056a8d0	return		<RETURN>	/undefined	<UNASSIGNED>	DEFAULT		0	0	no_evidence		-
0056AA00	FUN_0056aa00	return		<RETURN>	/undefined	<UNASSIGNED>	DEFAULT		0	0	no_evidence		-
0056ABC0	FUN_0056abc0	return		<RETURN>	/undefined	<UNASSIGNED>	DEFAULT		0	0	no_evidence		-
0056ADC0	STAppC::InitApp	parameter	2	param_2	/undefined4	Stack[0x8]:4	DEFAULT		0	0	no_evidence		-
0056ADC0	STAppC::InitApp	parameter	3	param_3	/undefined4	Stack[0xc]:4	DEFAULT		0	0	no_evidence		-
0056ADC0	STAppC::InitApp	return		<RETURN>	/undefined4	EAX:4	DEFAULT		0	0	no_evidence		-
0056C750	STAppC::DoneApp	return		<RETURN>	/undefined	<UNASSIGNED>	DEFAULT		0	0	no_evidence		-
0056D1F0	STAppC::CommonFunction	return		<RETURN>	/undefined4	EAX:4	DEFAULT		0	0	no_evidence		-
0056D740	STAppC::ChangeResolution	return		<RETURN>	/undefined	<UNASSIGNED>	DEFAULT		0	0	no_evidence		-
0056DB80	STAppC::StartGame	return		<RETURN>	/undefined	<UNASSIGNED>	DEFAULT		0	0	no_evidence		-
0056E9E0	STAppC::sub_0056E9E0	return		<RETURN>	/undefined4	EAX:4	DEFAULT		0	0	no_evidence		-
0056EBE0	STAppC::sub_0056EBE0	return		<RETURN>	/undefined	<UNASSIGNED>	DEFAULT		0	0	no_evidence		-
0056EE90	STAppC::sub_0056EE90	return		<RETURN>	/undefined	<UNASSIGNED>	DEFAULT		0	0	no_evidence		-
0056EF50	STAppC::sub_0056EF50	return		<RETURN>	/undefined	<UNASSIGNED>	DEFAULT		0	0	no_evidence		-
0056F040	STAppC::sub_0056F040	return		<RETURN>	/undefined	<UNASSIGNED>	DEFAULT		0	0	no_evidence		-
0056F250	FUN_0056f250	return		<RETURN>	/undefined	<UNASSIGNED>	DEFAULT		0	0	no_evidence		-
0056F930	FUN_0056f930	return		<RETURN>	/undefined4	EAX:4	DEFAULT		0	0	no_evidence		-
00571320	FUN_00571320	return		<RETURN>	/undefined	<UNASSIGNED>	DEFAULT		0	0	no_evidence		-
00571400	STAppC::ReadCmdPlay	return		<RETURN>	/undefined	<UNASSIGNED>	DEFAULT		0	0	no_evidence		-
005718D0	FUN_005718d0	return		<RETURN>	/undefined	<UNASSIGNED>	DEFAULT		0	0	no_evidence		-
00571E40	FUN_00571e40	return		<RETURN>	/undefined4	EAX:4	DEFAULT		0	0	no_evidence		-
00572920	FUN_00572920	return		<RETURN>	/undefined4	EAX:4	DEFAULT		0	0	no_evidence		-
00572BA0	FUN_00572ba0	return		<RETURN>	/undefined4	EAX:4	DEFAULT		0	0	no_evidence		-
00572D30	FUN_00572d30	return		<RETURN>	/undefined4	EAX:4	DEFAULT		0	0	no_evidence		-
005738D0	FUN_005738d0	return		<RETURN>	/undefined4	EAX:4	DEFAULT		0	0	no_evidence		-
005739A0	FUN_005739a0	return		<RETURN>	/undefined	<UNASSIGNED>	DEFAULT		0	0	no_evidence		-
00574520	thunk_FUN_00574540	return		<RETURN>	/undefined	<UNASSIGNED>	DEFAULT		0	0	no_evidence		-
00574540	FUN_00574540	return		<RETURN>	/undefined	<UNASSIGNED>	DEFAULT		0	0	no_evidence		-
00574560	thunk_FUN_00574580	return		<RETURN>	/undefined	<UNASSIGNED>	DEFAULT		0	0	no_evidence		-
00574580	FUN_00574580	return		<RETURN>	/undefined	<UNASSIGNED>	DEFAULT		0	0	no_evidence		-
005745A0	thunk_FUN_005745c0	return		<RETURN>	/undefined	<UNASSIGNED>	DEFAULT		0	0	no_evidence		-
005745C0	FUN_005745c0	return		<RETURN>	/undefined	<UNASSIGNED>	DEFAULT		0	0	no_evidence		-
005745E0	FUN_005745e0	return		<RETURN>	/undefined	<UNASSIGNED>	DEFAULT		0	0	no_evidence		-
00575030	FUN_00575030	return		<RETURN>	/undefined	<UNASSIGNED>	DEFAULT		0	0	no_evidence		-
00575120	FUN_00575120	return		<RETURN>	/undefined	<UNASSIGNED>	DEFAULT		0	0	no_evidence		-
005751F0	LandInit	return		<RETURN>	/undefined	<UNASSIGNED>	DEFAULT		0	0	no_evidence		-
00575460	FUN_00575460	return		<RETURN>	/undefined	<UNASSIGNED>	DEFAULT		0	0	no_evidence		-
00575640	FUN_00575640	return		<RETURN>	/undefined	<UNASSIGNED>	DEFAULT		0	0	no_evidence		-
005759D0	thunk_FUN_005759f0	return		<RETURN>	/undefined	<UNASSIGNED>	DEFAULT		0	0	no_evidence		-
005759F0	FUN_005759f0	return		<RETURN>	/undefined	<UNASSIGNED>	DEFAULT	pointer:/STAppC	1	1	width_mismatch	{pointer:/STAppC=1}	005759F0 returns return of STAppC::STAppC @ 005759FF
00575A10	FUN_00575a10	parameter	1	param_2	/undefined4	Stack[0x8]:4	DEFAULT		0	0	no_evidence		-
00575A10	FUN_00575a10	parameter	2	param_3	/undefined4	Stack[0xc]:4	DEFAULT		0	0	no_evidence		-
00575A10	FUN_00575a10	return		<RETURN>	/undefined4	EAX:4	DEFAULT		0	0	no_evidence		-
00576AD0	BaseSystemC::CreateSystemObjects	return		<RETURN>	/undefined4	EAX:4	DEFAULT		0	0	no_evidence		-
00576BB0	CreateBaseSystem	return		<RETURN>	/undefined	<UNASSIGNED>	DEFAULT		0	0	no_evidence		-
00576CE0	DestroyBaseSystem	return		<RETURN>	/undefined	<UNASSIGNED>	DEFAULT		0	0	no_evidence		-
00576E10	GameSystemC::CreateSystemObjects	return		<RETURN>	/undefined4	EAX:4	DEFAULT		0	0	no_evidence		-
00576EF0	GameSystemC::InitSystem	return		<RETURN>	/undefined4	EAX:4	DEFAULT		0	0	no_evidence		-
005770D0	GameSystemC::DoneSystem	return		<RETURN>	/undefined	<UNASSIGNED>	DEFAULT		0	0	no_evidence		-
00577280	CreateGameSystem	return		<RETURN>	/undefined	<UNASSIGNED>	DEFAULT		0	0	no_evidence		-
00577440	FUN_00577440	return		<RETURN>	/undefined	<UNASSIGNED>	DEFAULT		0	0	no_evidence		-
00577690	FUN_00577690	return		<RETURN>	/undefined	<UNASSIGNED>	DEFAULT		0	0	no_evidence		-
00578200	DebugSystemC::CreateSystemObjects	return		<RETURN>	/undefined4	EAX:4	DEFAULT		0	0	no_evidence		-
005782D0	FUN_005782d0	return		<RETURN>	/undefined	<UNASSIGNED>	DEFAULT		0	0	no_evidence		-
00578370	FUN_00578370	return		<RETURN>	/undefined	<UNASSIGNED>	DEFAULT		0	0	no_evidence		-
005783F0	FUN_005783f0	return		<RETURN>	/undefined	<UNASSIGNED>	DEFAULT		0	0	no_evidence		-
00578430	FUN_00578430	return		<RETURN>	/undefined4	EAX:4	DEFAULT		0	0	no_evidence		-
00578520	FUN_00578520	parameter	1	param_1	/undefined4	Stack[0x4]:4	DEFAULT		0	0	no_evidence		-
00578520	FUN_00578520	return		<RETURN>	/undefined4	EAX:4	DEFAULT		0	0	no_evidence		-
00578560	STCrabC::SetSprRange	return		<RETURN>	/undefined	<UNASSIGNED>	DEFAULT		0	0	no_evidence		-
005792E0	FUN_005792e0	parameter	1	param_1	/undefined4	Stack[0x4]:4	DEFAULT		0	0	no_evidence		-
00579350	FUN_00579350	return		<RETURN>	/undefined	<UNASSIGNED>	DEFAULT		0	0	no_evidence		-
005797B0	FUN_005797b0	return		<RETURN>	/undefined4	EAX:4	DEFAULT		0	0	no_evidence		-
0057A0B0	FUN_0057a0b0	parameter	0	param_1	/undefined4	Stack[0x4]:4	DEFAULT		0	0	no_evidence		-
0057A0B0	FUN_0057a0b0	parameter	1	param_2	/undefined4	Stack[0x8]:4	DEFAULT		0	0	no_evidence		-
0057A0B0	FUN_0057a0b0	parameter	2	param_3	/undefined4	Stack[0xc]:4	DEFAULT		0	0	no_evidence		-
0057A0B0	FUN_0057a0b0	parameter	3	param_4	/undefined4	Stack[0x10]:4	DEFAULT		0	0	no_evidence		-
0057A0B0	FUN_0057a0b0	parameter	4	param_5	/undefined4	Stack[0x14]:4	DEFAULT		0	0	no_evidence		-
0057A0B0	FUN_0057a0b0	return		<RETURN>	/undefined4	EAX:4	DEFAULT		0	0	no_evidence		-
0057A140	FUN_0057a140	return		<RETURN>	/undefined	<UNASSIGNED>	DEFAULT		0	0	no_evidence		-
0057A2C0	FUN_0057a2c0	return		<RETURN>	/undefined4	EAX:4	DEFAULT		0	0	no_evidence		-
0057B350	FUN_0057b350	return		<RETURN>	/undefined4	EAX:4	DEFAULT		0	0	no_evidence		-
0057B670	FUN_0057b670	return		<RETURN>	/undefined4	EAX:4	DEFAULT		0	0	no_evidence		-
0057B990	FUN_0057b990	parameter	0	param_1	/undefined4	Stack[0x4]:4	DEFAULT		0	0	no_evidence		-
0057B990	FUN_0057b990	parameter	1	param_2	/undefined4	Stack[0x8]:4	DEFAULT		0	0	no_evidence		-
0057B990	FUN_0057b990	parameter	4	param_5	/undefined2	Stack[0x14]:2	DEFAULT	/ushort	0	1	insufficient_independent_evidence	{/ushort=1}	0057BA30 -> 0057B990 @ 0057BB9F; unproven partial register write at 0057BB86
0057B990	FUN_0057b990	parameter	5	param_6	/undefined4	Stack[0x18]:4	DEFAULT		0	0	no_evidence		-
0057B990	FUN_0057b990	parameter	6	param_7	/undefined4	Stack[0x1c]:4	DEFAULT		0	0	no_evidence		-
0057B990	FUN_0057b990	return		<RETURN>	/undefined	<UNASSIGNED>	DEFAULT		0	0	no_evidence		-
0057BD70	FUN_0057bd70	return		<RETURN>	/undefined4	EAX:4	DEFAULT		0	0	no_evidence		-
0057BEE0	FUN_0057bee0	parameter	1	param_1	/undefined4	Stack[0x4]:4	DEFAULT		0	0	no_evidence		-
0057BEE0	FUN_0057bee0	return		<RETURN>	/undefined4	EAX:4	DEFAULT		0	0	no_evidence		-
0057BF20	STFishC::sub_0057BF20	return		<RETURN>	/undefined	<UNASSIGNED>	DEFAULT		0	0	no_evidence		-
0057CB30	FUN_0057cb30	return		<RETURN>	/undefined	<UNASSIGNED>	DEFAULT		0	0	no_evidence		-
0057CB80	FUN_0057cb80	parameter	1	param_1	/undefined4	Stack[0x4]:4	DEFAULT		0	0	no_evidence		-
0057CC90	FUN_0057cc90	return		<RETURN>	/undefined4	EAX:4	DEFAULT		0	0	no_evidence		-
0057CD70	STFishC::LifeFish	return		<RETURN>	/undefined	<UNASSIGNED>	DEFAULT		0	0	no_evidence		-
0057D420	FUN_0057d420	return		<RETURN>	/undefined4	EAX:4	DEFAULT		0	0	no_evidence		-
0057D5F0	STFishC::sub_0057D5F0	return		<RETURN>	/undefined4	EAX:4	DEFAULT		0	0	no_evidence		-
0057D700	STFishC::sub_0057D700	return		<RETURN>	/undefined4	EAX:4	DEFAULT		0	0	no_evidence		-
0057DF20	FUN_0057df20	parameter	0	param_1	/undefined4	Stack[0x4]:4	DEFAULT		0	0	no_evidence		-
0057DF20	FUN_0057df20	parameter	1	param_2	/undefined4	Stack[0x8]:4	DEFAULT		0	0	no_evidence		-
0057DF20	FUN_0057df20	parameter	2	param_3	/undefined4	Stack[0xc]:4	DEFAULT		0	0	no_evidence		-
0057DF20	FUN_0057df20	parameter	3	param_4	/undefined4	Stack[0x10]:4	DEFAULT		0	0	no_evidence		-
0057DF20	FUN_0057df20	parameter	4	param_5	/undefined4	Stack[0x14]:4	DEFAULT		0	0	no_evidence		-
0057DF20	FUN_0057df20	parameter	5	param_6	/undefined4	Stack[0x18]:4	DEFAULT		0	0	no_evidence		-
0057DF20	FUN_0057df20	return		<RETURN>	/undefined4	EAX:4	DEFAULT		0	0	no_evidence		-
0057F240	FUN_0057f240	return		<RETURN>	/undefined1	AL:1	DEFAULT		0	0	no_evidence		-
005800E0	FUN_005800e0	return		<RETURN>	/undefined	<UNASSIGNED>	DEFAULT		0	0	no_evidence		-
005801C0	FUN_005801c0	return		<RETURN>	/undefined	<UNASSIGNED>	DEFAULT		0	0	no_evidence		-
005802A0	STResourceC::sub_005802A0	parameter	1	param_1	/undefined4	Stack[0x4]:4	DEFAULT		0	0	no_evidence		-
005802A0	STResourceC::sub_005802A0	parameter	2	param_2	/undefined4	Stack[0x8]:4	DEFAULT		0	0	no_evidence		-
005802A0	STResourceC::sub_005802A0	return		<RETURN>	/undefined	<UNASSIGNED>	DEFAULT		0	0	no_evidence		-
00580380	FUN_00580380	return		<RETURN>	/undefined	<UNASSIGNED>	DEFAULT		0	0	no_evidence		-
005803E0	FUN_005803e0	return		<RETURN>	/undefined	<UNASSIGNED>	DEFAULT		0	0	no_evidence		-
00580450	FUN_00580450	parameter	0	param_1	/undefined4	Stack[0x4]:4	DEFAULT		0	0	no_evidence		-
00580450	FUN_00580450	parameter	1	param_2	/undefined4	Stack[0x8]:4	DEFAULT		0	0	no_evidence		-
00580450	FUN_00580450	parameter	2	param_3	/undefined4	Stack[0xc]:4	DEFAULT		0	0	no_evidence		-
00580450	FUN_00580450	parameter	3	param_4	/undefined4	Stack[0x10]:4	DEFAULT		0	0	no_evidence		-
00580450	FUN_00580450	parameter	4	param_5	/undefined4	Stack[0x14]:4	DEFAULT		0	0	no_evidence		-
00580450	FUN_00580450	return		<RETURN>	/undefined4	EAX:4	DEFAULT		0	0	no_evidence		-
005804F0	FUN_005804f0	parameter	1	param_1	/undefined4	Stack[0x4]:4	DEFAULT		0	0	no_evidence		-
005804F0	FUN_005804f0	return		<RETURN>	/undefined	<UNASSIGNED>	DEFAULT		0	0	no_evidence		-
00580570	FUN_00580570	return		<RETURN>	/undefined	<UNASSIGNED>	DEFAULT		0	0	no_evidence		-
005805C0	STDcResourcC::sub_005805C0	return		<RETURN>	/undefined4	EAX:4	DEFAULT		0	0	no_evidence		-
00580700	FUN_00580700	return		<RETURN>	/undefined	<UNASSIGNED>	DEFAULT		0	0	no_evidence		-
00580780	FUN_00580780	return		<RETURN>	/undefined	<UNASSIGNED>	DEFAULT		0	0	no_evidence		-
00580860	FUN_00580860	return		<RETURN>	/undefined	<UNASSIGNED>	DEFAULT		0	0	no_evidence		-
005808A0	FUN_005808a0	return		<RETURN>	/undefined	<UNASSIGNED>	DEFAULT		0	0	no_evidence		-
005808E0	FUN_005808e0	return		<RETURN>	/undefined	<UNASSIGNED>	DEFAULT		0	0	no_evidence		-
00580910	FUN_00580910	return		<RETURN>	/undefined	<UNASSIGNED>	DEFAULT		0	0	no_evidence		-
005809E0	FUN_005809e0	return		<RETURN>	/undefined4	EAX:4	DEFAULT		0	0	no_evidence		-
00580D30	STResourceC::sub_00580D30	return		<RETURN>	/undefined	<UNASSIGNED>	DEFAULT		0	0	no_evidence		-
00580DC0	FUN_00580dc0	return		<RETURN>	/undefined4	EAX:4	DEFAULT		0	0	no_evidence		-
00580F50	FUN_00580f50	return		<RETURN>	/undefined	<UNASSIGNED>	DEFAULT		0	0	no_evidence		-
00580FA0	FUN_00580fa0	return		<RETURN>	/undefined	<UNASSIGNED>	DEFAULT		0	0	no_evidence		-
00580FF0	FUN_00580ff0	parameter	1	param_2	/undefined2	Stack[0x8]:2	DEFAULT	/ushort	0	1	insufficient_independent_evidence	{/ushort=1}	005804F0 -> 00580FF0 @ 0058053D; FUN_005804f0 parameter param_3
00580FF0	FUN_00580ff0	return		<RETURN>	/undefined	<UNASSIGNED>	DEFAULT		0	0	no_evidence		-
00581060	FUN_00581060	return		<RETURN>	/undefined	<UNASSIGNED>	DEFAULT		0	0	no_evidence		-
00581120	FUN_00581120	parameter	0	param_1	/undefined4	Stack[0x4]:4	DEFAULT		0	0	no_evidence		-
00581120	FUN_00581120	parameter	1	param_2	/undefined4	Stack[0x8]:4	DEFAULT		0	0	no_evidence		-
00581120	FUN_00581120	parameter	2	param_3	/undefined4	Stack[0xc]:4	DEFAULT		0	0	no_evidence		-
00581120	FUN_00581120	parameter	3	param_4	/undefined4	Stack[0x10]:4	DEFAULT		0	0	no_evidence		-
00581120	FUN_00581120	parameter	4	param_5	/undefined4	Stack[0x14]:4	DEFAULT		0	0	no_evidence		-
00581120	FUN_00581120	parameter	5	param_6	/undefined4	Stack[0x18]:4	DEFAULT		0	0	no_evidence		-
00581120	FUN_00581120	parameter	6	param_7	/undefined4	Stack[0x1c]:4	DEFAULT		0	0	no_evidence		-
00581120	FUN_00581120	return		<RETURN>	/undefined4	EAX:4	DEFAULT		0	0	no_evidence		-
005811C0	FUN_005811c0	return		<RETURN>	/undefined	<UNASSIGNED>	DEFAULT		0	0	no_evidence		-
00581200	FUN_00581200	return		<RETURN>	/undefined	<UNASSIGNED>	DEFAULT		0	0	no_evidence		-
00581AC0	STJellyManC::Error	parameter	1	param_1	/undefined4	Stack[0x4]:4	DEFAULT		0	0	no_evidence		-
00581AC0	STJellyManC::Error	parameter	3	param_3	/undefined4	Stack[0xc]:4	DEFAULT		0	0	no_evidence		-
00581AC0	STJellyManC::Error	return		<RETURN>	/undefined4	EAX:4	DEFAULT		0	0	no_evidence		-
00581B80	FUN_00581b80	return		<RETURN>	/undefined	<UNASSIGNED>	DEFAULT		0	0	no_evidence		-
005822B0	FUN_005822b0	parameter	1	param_1	/undefined4	Stack[0x4]:4	DEFAULT		0	0	no_evidence		-
005822B0	FUN_005822b0	return		<RETURN>	/undefined	<UNASSIGNED>	DEFAULT		0	0	no_evidence		-
005822E0	FUN_005822e0	return		<RETURN>	/undefined4	EAX:4	DEFAULT		0	0	no_evidence		-
005823B0	FUN_005823b0	return		<RETURN>	/undefined	<UNASSIGNED>	DEFAULT		0	0	no_evidence		-
00582460	FUN_00582460	parameter	0	param_1	/undefined4	Stack[0x4]:4	DEFAULT		0	0	no_evidence		-
00582460	FUN_00582460	parameter	1	param_2	/undefined4	Stack[0x8]:4	DEFAULT	pointer:/int	0	1	insufficient_independent_evidence	{pointer:/int=1}	00581AC0 -> 00582460 @ 00581B44; STJellyManC::Error parameter param_2
00582460	FUN_00582460	parameter	2	param_3	/undefined4	Stack[0xc]:4	DEFAULT		0	0	no_evidence		-
00582460	FUN_00582460	parameter	3	param_4	/undefined4	Stack[0x10]:4	DEFAULT		0	0	no_evidence		-
00582460	FUN_00582460	parameter	4	param_5	/undefined4	Stack[0x14]:4	DEFAULT		0	0	no_evidence		-
00582460	FUN_00582460	parameter	5	param_6	/undefined4	Stack[0x18]:4	DEFAULT		0	0	no_evidence		-
00582460	FUN_00582460	parameter	6	param_7	/undefined4	Stack[0x1c]:4	DEFAULT		0	0	no_evidence		-
00582460	FUN_00582460	parameter	7	param_8	/undefined4	Stack[0x20]:4	DEFAULT		0	0	no_evidence		-
00582460	FUN_00582460	parameter	8	param_9	/undefined4	Stack[0x24]:4	DEFAULT		0	0	no_evidence		-
00582460	FUN_00582460	parameter	9	param_10	/undefined4	Stack[0x28]:4	DEFAULT		0	0	no_evidence		-
00582460	FUN_00582460	parameter	11	param_12	/undefined2	Stack[0x30]:2	DEFAULT	/ushort	0	1	insufficient_independent_evidence	{/ushort=1}	00581AC0 -> 00582460 @ 00581B44; literal 65535 at 00581B0D
00582460	FUN_00582460	return		<RETURN>	/undefined4	EAX:4	DEFAULT		0	0	no_evidence		-
00582580	STJellyGunC::sub_00582580	return		<RETURN>	/undefined	<UNASSIGNED>	DEFAULT		0	0	no_evidence		-
005825C0	STJellyGunC::LifeGun	return		<RETURN>	/undefined	<UNASSIGNED>	DEFAULT		0	0	no_evidence		-
00584060	STJellyGunC::sub_00584060	return		<RETURN>	/undefined4	EAX:4	DEFAULT		0	0	no_evidence		-
00584380	STJellyGunC::sub_00584380	return		<RETURN>	/undefined4	EAX:4	DEFAULT		0	0	no_evidence		-
005844B0	FUN_005844b0	parameter	1	param_1	/undefined4	Stack[0x4]:4	DEFAULT		0	0	no_evidence		-
005844B0	FUN_005844b0	return		<RETURN>	/undefined	<UNASSIGNED>	DEFAULT		0	0	no_evidence		-
005845B0	FUN_005845b0	return		<RETURN>	/undefined4	EAX:4	DEFAULT		0	0	no_evidence		-
00584950	FUN_00584950	return		<RETURN>	/undefined	<UNASSIGNED>	DEFAULT		0	0	no_evidence		-
00584A30	FUN_00584a30	parameter	0	param_1	/undefined4	Stack[0x4]:4	DEFAULT		0	0	no_evidence		-
00584A30	FUN_00584a30	parameter	1	param_2	/undefined4	Stack[0x8]:4	DEFAULT		0	0	no_evidence		-
00584A30	FUN_00584a30	parameter	2	param_3	/undefined4	Stack[0xc]:4	DEFAULT		0	0	no_evidence		-
00584A30	FUN_00584a30	parameter	3	param_4	/undefined4	Stack[0x10]:4	DEFAULT		0	0	no_evidence		-
00584A30	FUN_00584a30	parameter	4	param_5	/undefined4	Stack[0x14]:4	DEFAULT		0	0	no_evidence		-
00584A30	FUN_00584a30	parameter	5	param_6	/undefined4	Stack[0x18]:4	DEFAULT		0	0	no_evidence		-
00584A30	FUN_00584a30	parameter	6	param_7	/undefined4	Stack[0x1c]:4	DEFAULT		0	0	no_evidence		-
00584A30	FUN_00584a30	parameter	7	param_8	/undefined4	Stack[0x20]:4	DEFAULT		0	0	no_evidence		-
00584A30	FUN_00584a30	return		<RETURN>	/undefined4	EAX:4	DEFAULT		0	0	no_evidence		-
00584AD0	FUN_00584ad0	return		<RETURN>	/undefined	<UNASSIGNED>	DEFAULT		0	0	no_evidence		-
00584B10	FUN_00584b10	return		<RETURN>	/undefined	<UNASSIGNED>	DEFAULT		0	0	no_evidence		-
00584D10	FUN_00584d10	return		<RETURN>	/undefined	<UNASSIGNED>	DEFAULT		0	0	no_evidence		-
00585020	FUN_00585020	return		<RETURN>	/undefined	<UNASSIGNED>	DEFAULT		0	0	no_evidence		-
00585890	FUN_00585890	return		<RETURN>	/undefined	<UNASSIGNED>	DEFAULT		0	0	no_evidence		-
005861D0	FUN_005861d0	return		<RETURN>	/undefined	<UNASSIGNED>	DEFAULT		0	0	no_evidence		-
00586240	FUN_00586240	parameter	3	param_4	/undefined4	Stack[0x10]:4	DEFAULT		0	0	no_evidence		-
00586240	FUN_00586240	parameter	4	param_5	/undefined4	Stack[0x14]:4	DEFAULT		0	0	no_evidence		-
00586240	FUN_00586240	parameter	5	param_6	/undefined4	Stack[0x18]:4	DEFAULT		0	0	no_evidence		-
00586240	FUN_00586240	return		<RETURN>	/undefined4	EAX:4	DEFAULT		0	0	no_evidence		-
005862E0	FUN_005862e0	return		<RETURN>	/undefined	<UNASSIGNED>	DEFAULT		0	0	no_evidence		-
00586AF0	FUN_00586af0	return		<RETURN>	/undefined	<UNASSIGNED>	DEFAULT		0	0	no_evidence		-
00589740	FUN_00589740	return		<RETURN>	/undefined4	EAX:4	DEFAULT		0	0	no_evidence		-
00589970	FUN_00589970	return		<RETURN>	/undefined	<UNASSIGNED>	DEFAULT		0	0	no_evidence		-
00589A20	FUN_00589a20	return		<RETURN>	/undefined4	EAX:4	DEFAULT		0	0	no_evidence		-
00589B10	FUN_00589b10	parameter	1	param_1	/undefined4	Stack[0x4]:4	DEFAULT		0	0	no_evidence		-
00589B10	FUN_00589b10	return		<RETURN>	/undefined4	EAX:4	DEFAULT		0	0	no_evidence		-
00589B50	STOctopusC::SetSprRange	return		<RETURN>	/undefined	<UNASSIGNED>	DEFAULT		0	0	no_evidence		-
0058A8D0	STOctopusC::Bad	return		<RETURN>	/undefined	<UNASSIGNED>	DEFAULT		0	0	no_evidence		-
0058A970	FUN_0058a970	parameter	1	param_1	/undefined4	Stack[0x4]:4	DEFAULT		0	0	no_evidence		-
0058A9E0	FUN_0058a9e0	return		<RETURN>	/undefined	<UNASSIGNED>	DEFAULT		0	0	no_evidence		-
0058AF70	STOctopusC::sub_0058AF70	return		<RETURN>	/undefined4	EAX:4	DEFAULT		0	0	no_evidence		-
0058B190	STOctopusC::sub_0058B190	return		<RETURN>	/undefined4	EAX:4	DEFAULT		0	0	no_evidence		-
0058B980	FUN_0058b980	parameter	0	param_1	/undefined4	Stack[0x4]:4	DEFAULT		0	0	no_evidence		-
0058B980	FUN_0058b980	parameter	1	param_2	/undefined4	Stack[0x8]:4	DEFAULT		0	0	no_evidence		-
0058B980	FUN_0058b980	parameter	2	param_3	/undefined4	Stack[0xc]:4	DEFAULT		0	0	no_evidence		-
0058B980	FUN_0058b980	parameter	3	param_4	/undefined4	Stack[0x10]:4	DEFAULT		0	0	no_evidence		-
0058B980	FUN_0058b980	parameter	4	param_5	/undefined4	Stack[0x14]:4	DEFAULT		0	0	no_evidence		-
0058B980	FUN_0058b980	parameter	5	param_6	/undefined4	Stack[0x18]:4	DEFAULT		0	0	no_evidence		-
0058B980	FUN_0058b980	return		<RETURN>	/undefined4	EAX:4	DEFAULT		0	0	no_evidence		-
0058BAB0	FUN_0058bab0	parameter	0	param_1	/undefined4	Stack[0x4]:4	DEFAULT		0	0	no_evidence		-
0058BAB0	FUN_0058bab0	parameter	1	param_2	/undefined4	Stack[0x8]:4	DEFAULT		0	0	no_evidence		-
0058BAB0	FUN_0058bab0	parameter	2	param_3	/undefined4	Stack[0xc]:4	DEFAULT		0	0	no_evidence		-
0058BAB0	FUN_0058bab0	parameter	3	param_4	/undefined4	Stack[0x10]:4	DEFAULT		0	0	no_evidence		-
0058BAB0	FUN_0058bab0	parameter	4	param_5	/undefined4	Stack[0x14]:4	DEFAULT		0	0	no_evidence		-
0058BAB0	FUN_0058bab0	return		<RETURN>	/undefined4	EAX:4	DEFAULT		0	0	no_evidence		-
0058BB50	FUN_0058bb50	return		<RETURN>	/undefined	<UNASSIGNED>	DEFAULT		0	0	no_evidence		-
0058BB90	FUN_0058bb90	return		<RETURN>	/undefined	<UNASSIGNED>	DEFAULT		0	0	no_evidence		-
0058BD90	FUN_0058bd90	return		<RETURN>	/undefined	<UNASSIGNED>	DEFAULT		0	0	no_evidence		-
0058C560	FUN_0058c560	return		<RETURN>	/undefined	<UNASSIGNED>	DEFAULT		0	0	no_evidence		-
0058CF90	FUN_0058cf90	parameter	1	param_1	/undefined4	Stack[0x4]:4	DEFAULT		0	0	no_evidence		-
0058CF90	FUN_0058cf90	parameter	2	param_2	/undefined2	Stack[0x8]:2	DEFAULT	/ushort	0	1	insufficient_independent_evidence	{/ushort=1}	004CCC10 -> 0058CF90 @ 004CD139; unproven partial register write at 004CD12D
0058CF90	FUN_0058cf90	return		<RETURN>	/undefined	<UNASSIGNED>	DEFAULT		0	0	no_evidence		-
0058CFC0	FUN_0058cfc0	return		<RETURN>	/undefined	<UNASSIGNED>	DEFAULT		0	0	no_evidence		-
0058CFE0	FUN_0058cfe0	return		<RETURN>	/undefined4	EAX:4	DEFAULT		0	0	no_evidence		-
0058D080	FUN_0058d080	return		<RETURN>	/undefined4	EAX:4	DEFAULT		0	0	no_evidence		-
0058D160	FUN_0058d160	return		<RETURN>	/undefined4	EAX:4	DEFAULT		0	0	no_evidence		-
0058D480	FUN_0058d480	parameter	3	param_4	/undefined4	Stack[0x10]:4	DEFAULT		0	0	no_evidence		-
0058D5E0	FUN_0058d5e0	parameter	4	param_5	/undefined4	Stack[0x14]:4	DEFAULT		0	0	no_evidence		-
0058D6F0	FUN_0058d6f0	return		<RETURN>	/undefined4	EAX:4	DEFAULT		0	0	no_evidence		-
0058D720	FUN_0058d720	return		<RETURN>	/undefined	<UNASSIGNED>	DEFAULT		0	0	no_evidence		-
0058E440	FUN_0058e440	return		<RETURN>	/undefined4	EAX:4	DEFAULT		0	0	no_evidence		-
0058E530	FUN_0058e530	parameter	1	param_1	/undefined4	Stack[0x4]:4	DEFAULT		0	0	no_evidence		-
0058E530	FUN_0058e530	return		<RETURN>	/undefined4	EAX:4	DEFAULT		0	0	no_evidence		-
0058E570	STSharkC::LifeShark	return		<RETURN>	/undefined	<UNASSIGNED>	DEFAULT		0	0	no_evidence		-
0058EEB0	FUN_0058eeb0	return		<RETURN>	/undefined	<UNASSIGNED>	DEFAULT		0	0	no_evidence		-
0058F030	FUN_0058f030	return		<RETURN>	/undefined4	EAX:4	DEFAULT		0	0	no_evidence		-
00590010	STSharkC::CreateShark	parameter	4	param_4	/undefined4	Stack[0x10]:4	DEFAULT		0	0	no_evidence		-
00590010	STSharkC::CreateShark	parameter	5	param_5	/undefined4	Stack[0x14]:4	DEFAULT		0	0	no_evidence		-
00590010	STSharkC::CreateShark	parameter	6	param_6	/undefined4	Stack[0x18]:4	DEFAULT		0	0	no_evidence		-
00590010	STSharkC::CreateShark	parameter	7	param_7	/undefined4	Stack[0x1c]:4	DEFAULT		0	0	no_evidence		-
00590010	STSharkC::CreateShark	parameter	8	param_8	/undefined4	Stack[0x20]:4	DEFAULT		0	0	no_evidence		-
00590010	STSharkC::CreateShark	parameter	9	param_9	/undefined4	Stack[0x24]:4	DEFAULT		0	0	no_evidence		-
00590010	STSharkC::CreateShark	return		<RETURN>	/undefined4	EAX:4	DEFAULT		0	0	no_evidence		-
00590130	FUN_00590130	parameter	1	param_1	/undefined4	Stack[0x4]:4	DEFAULT		0	0	no_evidence		-
00590130	FUN_00590130	return		<RETURN>	/undefined	<UNASSIGNED>	DEFAULT		0	0	no_evidence		-
00590150	FUN_00590150	return		<RETURN>	/undefined	<UNASSIGNED>	DEFAULT		0	0	no_evidence		-
00590170	MAdvTy::InitMAdv	return		<RETURN>	/undefined	<UNASSIGNED>	DEFAULT		0	0	no_evidence		-
00590410	MAdvTy::DoneMAdv	return		<RETURN>	/undefined	<UNASSIGNED>	DEFAULT		0	0	no_evidence		-
005907D0	MAdvTy::NoneMAdv	return		<RETURN>	/undefined	<UNASSIGNED>	DEFAULT		0	0	no_evidence		-
00590860	MAdvTy::sub_00590860	return		<RETURN>	/undefined	<UNASSIGNED>	DEFAULT		0	0	no_evidence		-
00590B40	CampaignTy::InitCampaign	parameter	1	param_1	/undefined4	Stack[0x4]:4	DEFAULT		0	0	no_evidence		-
00590B40	CampaignTy::InitCampaign	return		<RETURN>	/undefined	<UNASSIGNED>	DEFAULT		0	0	no_evidence		-
005916F0	CampaignTy::DoneCampaign	return		<RETURN>	/undefined	<UNASSIGNED>	DEFAULT		0	0	no_evidence		-
00591BF0	CampaignTy::NoneCampaign	return		<RETURN>	/undefined	<UNASSIGNED>	DEFAULT		0	0	no_evidence		-
00592340	CampaignTy::LightPalette	return		<RETURN>	/undefined	<UNASSIGNED>	DEFAULT		0	0	no_evidence		-
00592470	CampaignTy::CloseButtons	return		<RETURN>	/undefined	<UNASSIGNED>	DEFAULT		0	0	no_evidence		-
005925A0	CampaignTy::sub_005925A0	return		<RETURN>	/undefined	<UNASSIGNED>	DEFAULT		0	0	no_evidence		-
00592620	CampaignTy::sub_00592620	return		<RETURN>	/undefined	<UNASSIGNED>	DEFAULT		0	0	no_evidence		-
005926E0	CampaignTy::AnimationCampaign	return		<RETURN>	/undefined	<UNASSIGNED>	DEFAULT		0	0	no_evidence		-
005939E0	ComboTy::OutBmpProc	parameter	2	param_2	/undefined4	Stack[0x8]:4	DEFAULT		0	0	no_evidence		-
005939E0	ComboTy::OutBmpProc	parameter	3	param_3	/undefined4	Stack[0xc]:4	DEFAULT		0	0	no_evidence		-
005939E0	ComboTy::OutBmpProc	parameter	6	param_6	/undefined4	Stack[0x18]:4	DEFAULT		0	0	no_evidence		-
005939E0	ComboTy::OutBmpProc	parameter	7	param_7	/undefined4	Stack[0x1c]:4	DEFAULT		0	0	no_evidence		-
005939E0	ComboTy::OutBmpProc	return		<RETURN>	/undefined	<UNASSIGNED>	DEFAULT		0	0	no_evidence		-
00593B50	ComboTy::InitCombo	return		<RETURN>	/undefined	<UNASSIGNED>	DEFAULT		0	0	no_evidence		-
005941D0	ComboTy::DoneCombo	return		<RETURN>	/undefined	<UNASSIGNED>	DEFAULT		0	0	no_evidence		-
005943F0	ComboTy::sub_005943F0	return		<RETURN>	/undefined	<UNASSIGNED>	DEFAULT		0	0	no_evidence		-
00594850	FUN_00594850	return		<RETURN>	/undefined	<UNASSIGNED>	DEFAULT		0	0	no_evidence		-
00594B90	FSGSTy::OutChSlProc	parameter	2	param_2	/undefined4	Stack[0x8]:4	DEFAULT		0	0	no_evidence		-
00594B90	FSGSTy::OutChSlProc	parameter	3	param_3	/undefined4	Stack[0xc]:4	DEFAULT		0	0	no_evidence		-
00594B90	FSGSTy::OutChSlProc	return		<RETURN>	/undefined	<UNASSIGNED>	DEFAULT		0	0	no_evidence		-
00594EB0	FSGSTy::OutTRGlProc	return		<RETURN>	/undefined	<UNASSIGNED>	DEFAULT		0	0	no_evidence		-
005952B0	FSGSTy::OutSGlProc	return		<RETURN>	/undefined	<UNASSIGNED>	DEFAULT		0	0	no_evidence		-
005956C0	FSGSTy::OutLadProc	return		<RETURN>	/undefined	<UNASSIGNED>	DEFAULT		0	0	no_evidence		-
00595E40	FSGSTy::InitFSGS	return		<RETURN>	/undefined	<UNASSIGNED>	DEFAULT		0	0	no_evidence		-
005967F0	FSGSTy::DoneFSGS	return		<RETURN>	/undefined	<UNASSIGNED>	DEFAULT		0	0	no_evidence		-
00597120	FSGSTy::NoneFSGS	return		<RETURN>	/undefined	<UNASSIGNED>	DEFAULT		0	0	no_evidence		-
00597E70	FSGSTy::SetState	return		<RETURN>	/undefined	<UNASSIGNED>	DEFAULT		0	0	no_evidence		-
005999C0	FSGSTy::PrepBkgMess	return		<RETURN>	/undefined	<UNASSIGNED>	DEFAULT		0	0	no_evidence		-
00599BE0	FSGSTy::PaintLogLogin	return		<RETURN>	/undefined	<UNASSIGNED>	DEFAULT		0	0	no_evidence		-
00599E90	FSGSTy::PaintLogNew	return		<RETURN>	/undefined	<UNASSIGNED>	DEFAULT		0	0	no_evidence		-
0059A320	FSGSTy::PaintLogPsw	return		<RETURN>	/undefined	<UNASSIGNED>	DEFAULT		0	0	no_evidence		-
0059A640	FSGSTy::PaintGameNew	return		<RETURN>	/undefined	<UNASSIGNED>	DEFAULT		0	0	no_evidence		-
0059A910	FSGSTy::PaintInfo	return		<RETURN>	/undefined	<UNASSIGNED>	DEFAULT		0	0	no_evidence		-
0059B2C0	FSGSTy::PaintLadder	return		<RETURN>	/undefined	<UNASSIGNED>	DEFAULT		0	0	no_evidence		-
0059B740	FSGSTy::CloseButtons	return		<RETURN>	/undefined	<UNASSIGNED>	DEFAULT		0	0	no_evidence		-
0059B820	FSGSTy::sub_0059B820	return		<RETURN>	/undefined	<UNASSIGNED>	DEFAULT		0	0	no_evidence		-
0059BE50	FSGSTy::sub_0059BE50	return		<RETURN>	/undefined	<UNASSIGNED>	DEFAULT		0	0	no_evidence		-
0059C520	FSGSTy::CreateCtrls	return		<RETURN>	/undefined	<UNASSIGNED>	DEFAULT		0	0	no_evidence		-
0059C700	FSGSTy::LoginCtrls	return		<RETURN>	/undefined	<UNASSIGNED>	DEFAULT		0	0	no_evidence		-
0059C9F0	FSGSTy::NewIDCtrls	return		<RETURN>	/undefined	<UNASSIGNED>	DEFAULT		0	0	no_evidence		-
0059CEE0	FSGSTy::PswCtrls	return		<RETURN>	/undefined	<UNASSIGNED>	DEFAULT		0	0	no_evidence		-
0059D240	FSGSTy::LicCtrls	return		<RETURN>	/undefined	<UNASSIGNED>	DEFAULT		0	0	no_evidence		-
0059D720	FSGSTy::InfoCtrls	return		<RETURN>	/undefined	<UNASSIGNED>	DEFAULT		0	0	no_evidence		-
0059DB20	FSGSTy::ChatCtrls	return		<RETURN>	/undefined	<UNASSIGNED>	DEFAULT		0	0	no_evidence		-
0059E7F0	FSGSTy::NewGameCtrls	return		<RETURN>	/undefined	<UNASSIGNED>	DEFAULT		0	0	no_evidence		-
0059EB00	FSGSTy::JoinGameCtrls	return		<RETURN>	/undefined	<UNASSIGNED>	DEFAULT		0	0	no_evidence		-
0059F260	FSGSTy::LadderCtrls	return		<RETURN>	/undefined	<UNASSIGNED>	DEFAULT		0	0	no_evidence		-
0059F670	FSGSTy::DeleteCtrls	return		<RETURN>	/undefined	<UNASSIGNED>	DEFAULT		0	0	no_evidence		-
005A0DC0	FSGSTy::ConnectProc	return		<RETURN>	/undefined	<UNASSIGNED>	DEFAULT		0	0	no_evidence		-
005A0FF0	FSGSTy::DoLogon	return		<RETURN>	/undefined	<UNASSIGNED>	DEFAULT		0	0	no_evidence		-
005A1160	FSGSTy::CheckUpdate	return		<RETURN>	/undefined	<UNASSIGNED>	DEFAULT		0	0	no_evidence		-
005A1430	FSGSTy::Download	parameter	1	param_1	/undefined4	Stack[0x4]:4	DEFAULT		0	0	no_evidence		-
005A1430	FSGSTy::Download	parameter	2	param_2	/undefined4	Stack[0x8]:4	DEFAULT		0	0	no_evidence		-
005A1430	FSGSTy::Download	return		<RETURN>	/undefined	<UNASSIGNED>	DEFAULT		0	0	no_evidence		-
005A1630	FSGSTy::Finished	return		<RETURN>	/undefined	<UNASSIGNED>	DEFAULT		0	0	no_evidence		-
005A1920	FSGSTy::SetBanner	parameter	2	param_2	/undefined4	Stack[0x8]:4	DEFAULT		0	0	no_evidence		-
005A1920	FSGSTy::SetBanner	return		<RETURN>	/undefined	<UNASSIGNED>	DEFAULT		0	0	no_evidence		-
005A1F00	FSGSTy::AddMessage	return		<RETURN>	/undefined	<UNASSIGNED>	DEFAULT		0	0	no_evidence		-
005A2380	FSGSTy::AddPlayer	return		<RETURN>	/undefined	<UNASSIGNED>	DEFAULT		0	0	no_evidence		-
005A26C0	FSGSTy::DelPlayer	return		<RETURN>	/undefined	<UNASSIGNED>	DEFAULT		0	0	no_evidence		-
005A2A60	FSGSTy::ChangePlayer	return		<RETURN>	/undefined	<UNASSIGNED>	DEFAULT		0	0	no_evidence		-
005A2C10	FSGSTy::ChangePlayerPing	parameter	1	param_1	/undefined4	Stack[0x4]:4	DEFAULT		0	0	no_evidence		-
005A2C10	FSGSTy::ChangePlayerPing	parameter	3	param_3	/undefined4	Stack[0xc]:4	DEFAULT		0	0	no_evidence		-
005A2C10	FSGSTy::ChangePlayerPing	return		<RETURN>	/undefined	<UNASSIGNED>	DEFAULT		0	0	no_evidence		-
005A2D70	FSGSTy::JoinChannel	return		<RETURN>	/undefined	<UNASSIGNED>	DEFAULT		0	0	no_evidence		-
005A2FF0	FSGSTy::SetChannelList	return		<RETURN>	/undefined	<UNASSIGNED>	DEFAULT		0	0	no_evidence		-
005A32F0	FSGSTy::CreateGame	return		<RETURN>	/undefined	<UNASSIGNED>	DEFAULT		0	0	no_evidence		-
005A3540	FSGSTy::SetGameList	return		<RETURN>	/undefined	<UNASSIGNED>	DEFAULT		0	0	no_evidence		-
005A3AB0	FSGSTy::SetInfo	return		<RETURN>	/undefined	<UNASSIGNED>	DEFAULT		0	0	no_evidence		-
005A40F0	FSGSTy::SetLadder	parameter	1	param_1	/undefined4	Stack[0x4]:4	DEFAULT		0	0	no_evidence		-
005A40F0	FSGSTy::SetLadder	parameter	2	param_2	/undefined4	Stack[0x8]:4	DEFAULT		0	0	no_evidence		-
005A40F0	FSGSTy::SetLadder	return		<RETURN>	/undefined	<UNASSIGNED>	DEFAULT		0	0	no_evidence		-
005AA6A0	HoloTy::OutHoloProc	return		<RETURN>	/undefined	<UNASSIGNED>	DEFAULT		0	0	no_evidence		-
005AB0A0	HoloTy::NextFas	return		<RETURN>	/undefined4	EAX:4	DEFAULT		0	0	no_evidence		-
005AB1D0	ChooseMapTy::OutListProc	parameter	3	param_3	/undefined4	Stack[0xc]:4	DEFAULT		0	0	no_evidence		-
005AB1D0	ChooseMapTy::OutListProc	return		<RETURN>	/undefined	<UNASSIGNED>	DEFAULT		0	0	no_evidence		-
005AB300	ChooseMapTy::InitChooseMap	parameter	1	param_1	/undefined1	Stack[0x4]:1	DEFAULT	/byte	0	1	insufficient_independent_evidence	{/byte=1}	005B0BA0 -> 005AB300 @ 005B0C4B; unproven partial register write at 005B0C44
005AB300	ChooseMapTy::InitChooseMap	return		<RETURN>	/undefined	<UNASSIGNED>	DEFAULT		0	0	no_evidence		-
005ACB30	ChooseMapTy::DoneChooseMap	return		<RETURN>	/undefined	<UNASSIGNED>	DEFAULT		0	0	no_evidence		-
005AD050	ChooseMapTy::PaintChooseMap	return		<RETURN>	/undefined	<UNASSIGNED>	DEFAULT		0	0	no_evidence		-
005AD390	ChooseMapTy::NoneChooseMap	return		<RETURN>	/undefined	<UNASSIGNED>	DEFAULT		0	0	no_evidence		-
005ADF10	ChooseMapTy::CloseButtons	return		<RETURN>	/undefined	<UNASSIGNED>	DEFAULT		0	0	no_evidence		-
005AE050	ChooseMapTy::ShowDescription	return		<RETURN>	/undefined	<UNASSIGNED>	DEFAULT		0	0	no_evidence		-
005AE840	ChooseMapTy::sub_005AE840	return		<RETURN>	/undefined	<UNASSIGNED>	DEFAULT		0	0	no_evidence		-
005AE950	ChooseMapTy::sub_005AE950	return		<RETURN>	/undefined	<UNASSIGNED>	DEFAULT		0	0	no_evidence		-
005AF350	ChooseMapTy::DeleteCtrls	return		<RETURN>	/undefined	<UNASSIGNED>	DEFAULT		0	0	no_evidence		-
005AFD00	ChooseMapTy::PrepFiles	return		<RETURN>	/undefined	<UNASSIGNED>	DEFAULT		0	0	no_evidence		-
005B2970	MainMenuTy::InitMainMenu	return		<RETURN>	/undefined	<UNASSIGNED>	DEFAULT		0	0	no_evidence		-
005B2F90	MainMenuTy::DoneMainMenu	return		<RETURN>	/undefined	<UNASSIGNED>	DEFAULT		0	0	no_evidence		-
005B3430	MainMenuTy::NoneMainMenu	return		<RETURN>	/undefined	<UNASSIGNED>	DEFAULT		0	0	no_evidence		-
005B3B00	MainMenuTy::LightPalette	return		<RETURN>	/undefined	<UNASSIGNED>	DEFAULT		0	0	no_evidence		-
005B3C30	MainMenuTy::CloseButtons	return		<RETURN>	/undefined	<UNASSIGNED>	DEFAULT		0	0	no_evidence		-
005B3D60	MainMenuTy::SetMode	return		<RETURN>	/undefined	<UNASSIGNED>	DEFAULT		0	0	no_evidence		-
005B48E0	MainMenuTy::AnimationMainMenu	return		<RETURN>	/undefined	<UNASSIGNED>	DEFAULT		0	0	no_evidence		-
005B5240	MMObjTy::InitSprBut	parameter	7	param_7	/undefined4	Stack[0x1c]:4	DEFAULT		0	0	no_evidence		-
005B5240	MMObjTy::InitSprBut	parameter	8	param_8	/undefined4	Stack[0x20]:4	DEFAULT		0	0	no_evidence		-
005B5240	MMObjTy::InitSprBut	parameter	9	param_9	/undefined4	Stack[0x24]:4	DEFAULT		0	0	no_evidence		-
005B5240	MMObjTy::InitSprBut	parameter	10	param_10	/undefined4	Stack[0x28]:4	DEFAULT		0	0	no_evidence		-
005B5240	MMObjTy::InitSprBut	parameter	15	param_15	/undefined4	Stack[0x3c]:4	DEFAULT		0	0	no_evidence		-
005B5240	MMObjTy::InitSprBut	parameter	16	param_16	/undefined4	Stack[0x40]:4	DEFAULT		0	0	no_evidence		-
005B5240	MMObjTy::InitSprBut	parameter	17	param_17	/undefined4	Stack[0x44]:4	DEFAULT		0	0	no_evidence		-
005B5510	MMObjTy::CreateSprBut	parameter	1	param_1	/undefined4	Stack[0x4]:4	DEFAULT		0	0	no_evidence		-
005B5510	MMObjTy::CreateSprBut	parameter	2	param_2	/undefined4	Stack[0x8]:4	DEFAULT	/uint	0	1	insufficient_independent_evidence	{/uint=1}	0059DB20 -> 005B5510 @ 0059E117; zeroed full register at 0059DFE2
005B5510	MMObjTy::CreateSprBut	parameter	3	param_3	/undefined4	Stack[0xc]:4	DEFAULT		0	0	no_evidence		-
005B5510	MMObjTy::CreateSprBut	parameter	4	param_4	/undefined4	Stack[0x10]:4	DEFAULT		0	0	no_evidence		-
005B5510	MMObjTy::CreateSprBut	parameter	5	param_5	/undefined4	Stack[0x14]:4	DEFAULT		0	0	no_evidence		-
005B5510	MMObjTy::CreateSprBut	parameter	6	param_6	/undefined4	Stack[0x18]:4	DEFAULT		0	0	no_evidence		-
005B5510	MMObjTy::CreateSprBut	parameter	7	param_7	/undefined4	Stack[0x1c]:4	DEFAULT		0	0	no_evidence		-
005B5510	MMObjTy::CreateSprBut	parameter	8	param_8	/undefined4	Stack[0x20]:4	DEFAULT		0	0	no_evidence		-
005B5510	MMObjTy::CreateSprBut	return		<RETURN>	/undefined4	EAX:4	DEFAULT		0	0	no_evidence		-
005B5A30	MMObjTy::PaintButDib	return		<RETURN>	/undefined	<UNASSIGNED>	DEFAULT		0	0	no_evidence		-
005B5BE0	ChooseMapTy::sub_005B5BE0	return		<RETURN>	/undefined	<UNASSIGNED>	DEFAULT		0	0	no_evidence		-
005B5F00	SettMapMTy::sub_005B5F00	return		<RETURN>	/undefined	<UNASSIGNED>	DEFAULT		0	0	no_evidence		-
005B6350	FUN_005b6350	parameter	1	param_1	/undefined4	Stack[0x4]:4	DEFAULT		0	0	no_evidence		-
005B66E0	FUN_005b66e0	return		<RETURN>	/undefined	<UNASSIGNED>	DEFAULT		0	0	no_evidence		-
005B6730	FUN_005b6730	return		<RETURN>	/undefined	<UNASSIGNED>	DEFAULT		0	0	no_evidence		-
005B69F0	ChatGlassTy::OutChGlProc	parameter	2	param_2	/undefined4	Stack[0x8]:4	DEFAULT		0	0	no_evidence		-
005B69F0	ChatGlassTy::OutChGlProc	parameter	3	param_3	/undefined4	Stack[0xc]:4	DEFAULT		0	0	no_evidence		-
005B69F0	ChatGlassTy::OutChGlProc	return		<RETURN>	/undefined	<UNASSIGNED>	DEFAULT		0	0	no_evidence		-
005B6B20	MMsgTy::InitMMsg	return		<RETURN>	/undefined	<UNASSIGNED>	DEFAULT		0	0	no_evidence		-
005B6F10	MMsgTy::DoneMMsg	return		<RETURN>	/undefined	<UNASSIGNED>	DEFAULT		0	0	no_evidence		-
005B6FF0	MMsgTy::HideSprites	return		<RETURN>	/undefined	<UNASSIGNED>	DEFAULT		0	0	no_evidence		-
005B7340	MMsgTy::PaintMMsg	return		<RETURN>	/undefined	<UNASSIGNED>	DEFAULT		0	0	no_evidence		-
005B7540	MMsgTy::NoneMMsg	return		<RETURN>	/undefined	<UNASSIGNED>	DEFAULT		0	0	no_evidence		-
005B7EF0	MMsgTy::SetMessage	return		<RETURN>	/undefined4	EAX:4	DEFAULT		0	0	no_evidence		-
005B87D0	MMsgTy::SetPanel	return		<RETURN>	/undefined4	EAX:4	DEFAULT		0	0	no_evidence		-
005B8C70	MMsgTy::HidePanel	return		<RETURN>	/undefined	<UNASSIGNED>	DEFAULT		0	0	no_evidence		-
005B8F40	MMsgTy::FUN_005b8f40	return		<RETURN>	/undefined	<UNASSIGNED>	DEFAULT		0	0	no_evidence		-
005B8F90	FUN_005b8f90	return		<RETURN>	/undefined	<UNASSIGNED>	DEFAULT		0	0	no_evidence		-
005B9010	MMsgTy::StatePanel	return		<RETURN>	/undefined	<UNASSIGNED>	DEFAULT		0	0	no_evidence		-
005B9170	MMsgTy::CloseSprBut	return		<RETURN>	/undefined	<UNASSIGNED>	DEFAULT		0	0	no_evidence		-
005B9730	PrividerTy::OutListProc	parameter	3	param_3	/undefined4	Stack[0xc]:4	DEFAULT		0	0	no_evidence		-
005B9730	PrividerTy::OutListProc	return		<RETURN>	/undefined	<UNASSIGNED>	DEFAULT		0	0	no_evidence		-
005B9860	MMMObjTy::OutLstProc	return		<RETURN>	/undefined	<UNASSIGNED>	DEFAULT		0	0	no_evidence		-
005B99F0	MMMObjTy::OutEdProc	parameter	2	param_2	/undefined4	Stack[0x8]:4	DEFAULT		0	0	no_evidence		-
005B99F0	MMMObjTy::OutEdProc	parameter	3	param_3	/undefined4	Stack[0xc]:4	DEFAULT		0	0	no_evidence		-
005B99F0	MMMObjTy::OutEdProc	return		<RETURN>	/undefined	<UNASSIGNED>	DEFAULT		0	0	no_evidence		-
005B9B10	PrividerTy::InitPrivider	return		<RETURN>	/undefined	<UNASSIGNED>	DEFAULT		0	0	no_evidence		-
005BA560	PrividerTy::DonePrivider	return		<RETURN>	/undefined	<UNASSIGNED>	DEFAULT		0	0	no_evidence		-
005BA8B0	PrividerTy::PaintPrivider	return		<RETURN>	/undefined	<UNASSIGNED>	DEFAULT		0	0	no_evidence		-
005BAAC0	PrividerTy::SetMode	return		<RETURN>	/undefined	<UNASSIGNED>	DEFAULT		0	0	no_evidence		-
005BAE00	PrividerTy::NonePrivider	return		<RETURN>	/undefined	<UNASSIGNED>	DEFAULT		0	0	no_evidence		-
005BB9F0	PrividerTy::sub_005BB9F0	return		<RETURN>	/undefined	<UNASSIGNED>	DEFAULT		0	0	no_evidence		-
005BBA40	FUN_005bba40	return		<RETURN>	/undefined	<UNASSIGNED>	DEFAULT		0	0	no_evidence		-
005BC050	PrividerTy::DeleteCtrls	return		<RETURN>	/undefined	<UNASSIGNED>	DEFAULT		0	0	no_evidence		-
005BD4B0	MReportTy::OutTGlProc	parameter	2	param_2	/undefined4	Stack[0x8]:4	DEFAULT		0	0	no_evidence		-
005BD4B0	MReportTy::OutTGlProc	parameter	3	param_3	/undefined4	Stack[0xc]:4	DEFAULT		0	0	no_evidence		-
005BD4B0	MReportTy::OutTGlProc	return		<RETURN>	/undefined	<UNASSIGNED>	DEFAULT		0	0	no_evidence		-
005BD7A0	MReportTy::InitMReport	parameter	1	param_1	/undefined1	Stack[0x4]:1	DEFAULT	/byte	0	1	insufficient_independent_evidence	{/byte=1}	005C1A90 -> 005BD7A0 @ 005C1B24; unproven partial register write at 005C1B20
005BD7A0	MReportTy::InitMReport	return		<RETURN>	/undefined	<UNASSIGNED>	DEFAULT		0	0	no_evidence		-
005BE310	MReportTy::DoneMReport	return		<RETURN>	/undefined	<UNASSIGNED>	DEFAULT		0	0	no_evidence		-
005BE5B0	MReportTy::PaintMReport	return		<RETURN>	/undefined	<UNASSIGNED>	DEFAULT		0	0	no_evidence		-
005BF860	MReportTy::NoneMReport	return		<RETURN>	/undefined	<UNASSIGNED>	DEFAULT		0	0	no_evidence		-
005BFD30	MReportTy::PaintMainScore	return		<RETURN>	/undefined	<UNASSIGNED>	DEFAULT		0	0	no_evidence		-
005C00D0	MReportTy::sub_005C00D0	return		<RETURN>	/undefined	<UNASSIGNED>	DEFAULT		0	0	no_evidence		-
005C0190	MReportTy::sub_005C0190	return		<RETURN>	/undefined	<UNASSIGNED>	DEFAULT		0	0	no_evidence		-
005C0230	FUN_005c0230	return		<RETURN>	/undefined	<UNASSIGNED>	DEFAULT		0	0	no_evidence		-
005C0980	MReportTy::CreateBut	parameter	1	param_1	/undefined4	Stack[0x4]:4	DEFAULT		0	0	no_evidence		-
005C0980	MReportTy::CreateBut	parameter	2	param_2	/undefined4	Stack[0x8]:4	DEFAULT		0	0	no_evidence		-
005C0980	MReportTy::CreateBut	parameter	3	param_3	/undefined4	Stack[0xc]:4	DEFAULT		0	0	no_evidence		-
005C0980	MReportTy::CreateBut	parameter	4	param_4	/undefined4	Stack[0x10]:4	DEFAULT		0	0	no_evidence		-
005C0980	MReportTy::CreateBut	parameter	5	param_5	/undefined4	Stack[0x14]:4	DEFAULT		0	0	no_evidence		-
005C0980	MReportTy::CreateBut	parameter	6	param_6	/undefined4	Stack[0x18]:4	DEFAULT		0	0	no_evidence		-
005C0980	MReportTy::CreateBut	parameter	7	param_7	/undefined4	Stack[0x1c]:4	DEFAULT		0	0	no_evidence		-
005C0980	MReportTy::CreateBut	parameter	8	param_8	/undefined4	Stack[0x20]:4	DEFAULT		0	0	no_evidence		-
005C0980	MReportTy::CreateBut	return		<RETURN>	/undefined4	EAX:4	DEFAULT		0	0	no_evidence		-
005C0E00	MReportTy::SetCtrl	return		<RETURN>	/undefined	<UNASSIGNED>	DEFAULT		0	0	no_evidence		-
005C1610	MReportTy::PaintTab	return		<RETURN>	/undefined	<UNASSIGNED>	DEFAULT		0	0	no_evidence		-
005C2760	FUN_005c2760	return		<RETURN>	/undefined	<UNASSIGNED>	DEFAULT		0	0	no_evidence		-
005C28C0	StartSystemTy::OutBmpProc	parameter	2	param_2	/undefined4	Stack[0x8]:4	DEFAULT		0	0	no_evidence		-
005C28C0	StartSystemTy::OutBmpProc	parameter	3	param_3	/undefined4	Stack[0xc]:4	DEFAULT		0	0	no_evidence		-
005C28C0	StartSystemTy::OutBmpProc	parameter	6	param_6	/undefined4	Stack[0x18]:4	DEFAULT		0	0	no_evidence		-
005C28C0	StartSystemTy::OutBmpProc	parameter	7	param_7	/undefined4	Stack[0x1c]:4	DEFAULT		0	0	no_evidence		-
005C28C0	StartSystemTy::OutBmpProc	return		<RETURN>	/undefined	<UNASSIGNED>	DEFAULT		0	0	no_evidence		-
005C29B0	SettMapMTy::sub_005C29B0	return		<RETURN>	/undefined	<UNASSIGNED>	DEFAULT		0	0	no_evidence		-
005C4930	SettMapTy::DoneSettMap	return		<RETURN>	/undefined	<UNASSIGNED>	DEFAULT		0	0	no_evidence		-
005C4E20	SettMapTy::PaintSettMap	return		<RETURN>	/undefined	<UNASSIGNED>	DEFAULT		0	0	no_evidence		-
005C5B60	SettMapTy::CloseButtons	return		<RETURN>	/undefined	<UNASSIGNED>	DEFAULT		0	0	no_evidence		-
005C5CA0	FUN_005c5ca0	return		<RETURN>	/undefined	<UNASSIGNED>	DEFAULT		0	0	no_evidence		-
005C5EB0	FUN_005c5eb0	return		<RETURN>	/undefined	<UNASSIGNED>	DEFAULT		0	0	no_evidence		-
005C6030	SettMapTy::CreateCtrls	return		<RETURN>	/undefined	<UNASSIGNED>	DEFAULT		0	0	no_evidence		-
005C6D40	SettMapTy::DeleteCtrls	return		<RETURN>	/undefined	<UNASSIGNED>	DEFAULT		0	0	no_evidence		-
005C7800	FUN_005c7800	return		<RETURN>	/undefined	<UNASSIGNED>	DEFAULT		0	0	no_evidence		-
005C8200	SubmarineTitans::Recovered::HiddenThis::AnonReceiver_004EEFB0::FUN_005c8200	return		<RETURN>	/undefined	<UNASSIGNED>	DEFAULT		0	0	no_evidence		-
005CBD00	SettMapMTy::InitSettMap	return		<RETURN>	/undefined	<UNASSIGNED>	DEFAULT		0	0	no_evidence		-
005CC2D0	SettMapMTy::DoneSettMap	return		<RETURN>	/undefined	<UNASSIGNED>	DEFAULT		0	0	no_evidence		-
005CC440	SettMapMTy::CreateCtrls	return		<RETURN>	/undefined	<UNASSIGNED>	DEFAULT		0	0	no_evidence		-
005CC840	SettMapMTy::DeleteCtrls	return		<RETURN>	/undefined	<UNASSIGNED>	DEFAULT		0	0	no_evidence		-
005CCC30	FUN_005ccc30	return		<RETURN>	/undefined	<UNASSIGNED>	DEFAULT		0	0	no_evidence		-
005CCD00	FUN_005ccd00	return		<RETURN>	/undefined	<UNASSIGNED>	DEFAULT		0	0	no_evidence		-
005CCE10	SettMapMTy::SetListCtrls	return		<RETURN>	/undefined	<UNASSIGNED>	DEFAULT		0	0	no_evidence		-
005CD430	SettMapMTy::PrepPlList	return		<RETURN>	/undefined	<UNASSIGNED>	DEFAULT		0	0	no_evidence		-
005CD9A0	SettMapMTy::ChgPlList	parameter	1	param_1	/undefined4	Stack[0x4]:4	DEFAULT		0	0	no_evidence		-
005CD9A0	SettMapMTy::ChgPlList	parameter	2	param_2	/undefined4	Stack[0x8]:4	DEFAULT		0	0	no_evidence		-
005CD9A0	SettMapMTy::ChgPlList	parameter	3	param_3	/undefined4	Stack[0xc]:4	DEFAULT		0	0	no_evidence		-
005CD9A0	SettMapMTy::ChgPlList	parameter	4	param_4	/undefined4	Stack[0x10]:4	DEFAULT		0	0	no_evidence		-
005CE0E0	SettMapMTy::NoneSettMap	return		<RETURN>	/undefined4	EAX:4	DEFAULT		0	0	no_evidence		-
005CFCD0	SettMapMTy::UpdatePing	parameter	2	param_2	/undefined4	Stack[0x8]:4	DEFAULT		0	0	no_evidence		-
005D1100	SettMapMTy::AddPlayerList	return		<RETURN>	/undefined	<UNASSIGNED>	DEFAULT		0	0	no_evidence		-
005D4E90	SettMapSTy::SetListCtrls	return		<RETURN>	/undefined	<UNASSIGNED>	DEFAULT		0	0	no_evidence		-
005D5160	SettMapSTy::PrepPlList	return		<RETURN>	/undefined	<UNASSIGNED>	DEFAULT		0	0	no_evidence		-
005D7A50	SIDTy::InitSID	return		<RETURN>	/undefined	<UNASSIGNED>	DEFAULT		0	0	no_evidence		-
005D7F80	SIDTy::DoneSID	return		<RETURN>	/undefined	<UNASSIGNED>	DEFAULT		0	0	no_evidence		-
005D8160	SIDTy::PaintSID	return		<RETURN>	/undefined	<UNASSIGNED>	DEFAULT		0	0	no_evidence		-
005D81F0	SIDTy::NoneSID	return		<RETURN>	/undefined	<UNASSIGNED>	DEFAULT		0	0	no_evidence		-
005D8450	SIDTy::CreateCtrls	return		<RETURN>	/undefined	<UNASSIGNED>	DEFAULT		0	0	no_evidence		-
005D8A90	SIDTy::DeleteCtrls	return		<RETURN>	/undefined	<UNASSIGNED>	DEFAULT		0	0	no_evidence		-
005DA130	FUN_005da130	return		<RETURN>	/undefined	<UNASSIGNED>	DEFAULT		0	0	no_evidence		-
005DA310	FUN_005da310	return		<RETURN>	/undefined	<UNASSIGNED>	DEFAULT		0	0	no_evidence		-
005DA610	StartSystemTy::StartSystemTy	parameter	1	param_1	/undefined4	Stack[0x4]:4	DEFAULT		0	0	no_evidence		-
005DA7A0	FUN_005da7a0	return		<RETURN>	/undefined4	EAX:4	DEFAULT		0	0	no_evidence		-
005DA940	StartSystemTy::sub_005DA940	return		<RETURN>	/undefined1	AL:1	DEFAULT		0	0	no_evidence		-
005DA980	FUN_005da980	return		<RETURN>	/undefined4	EAX:4	DEFAULT		0	0	no_evidence		-
005DAA60	FUN_005daa60	return		<RETURN>	/undefined	<UNASSIGNED>	DEFAULT		0	0	no_evidence		-
005DAA90	FUN_005daa90	return		<RETURN>	/undefined4	EAX:4	DEFAULT		0	0	no_evidence		-
005DAB70	FUN_005dab70	parameter	1	param_2	/undefined4	Stack[0x8]:4	DEFAULT		0	0	no_evidence		-
005DAB70	FUN_005dab70	return		<RETURN>	/undefined4	EAX:4	DEFAULT		0	0	no_evidence		-
005DAC80	StartSystemTy::GetIP	return		<RETURN>	/undefined	<UNASSIGNED>	DEFAULT		0	0	no_evidence		-
005DB030	FUN_005db030	parameter	1	param_2	/undefined4	Stack[0x8]:4	DEFAULT		0	0	no_evidence		-
005DB030	FUN_005db030	return		<RETURN>	/undefined4	EAX:4	DEFAULT		0	0	no_evidence		-
005DB4F0	StartSystemTy::LoadGraph	return		<RETURN>	/undefined4	EAX:4	DEFAULT		0	0	no_evidence		-
005DBE50	StartSystemTy::OutBmpProc	parameter	2	param_2	/undefined4	Stack[0x8]:4	DEFAULT		0	0	no_evidence		-
005DBE50	StartSystemTy::OutBmpProc	parameter	3	param_3	/undefined4	Stack[0xc]:4	DEFAULT		0	0	no_evidence		-
005DBE50	StartSystemTy::OutBmpProc	return		<RETURN>	/undefined	<UNASSIGNED>	DEFAULT		0	0	no_evidence		-
005DBF40	StartSystemTy::OutBmpProc	parameter	2	param_2	/undefined4	Stack[0x8]:4	DEFAULT		0	0	no_evidence		-
005DBF40	StartSystemTy::OutBmpProc	parameter	3	param_3	/undefined4	Stack[0xc]:4	DEFAULT		0	0	no_evidence		-
005DBF40	StartSystemTy::OutBmpProc	parameter	6	param_6	/undefined4	Stack[0x18]:4	DEFAULT		0	0	no_evidence		-
005DBF40	StartSystemTy::OutBmpProc	parameter	7	param_7	/undefined4	Stack[0x1c]:4	DEFAULT		0	0	no_evidence		-
005DBF40	StartSystemTy::OutBmpProc	return		<RETURN>	/undefined	<UNASSIGNED>	DEFAULT		0	0	no_evidence		-
005DCC10	StartSystemTy::InitSystem	return		<RETURN>	/undefined4	EAX:4	DEFAULT		0	0	no_evidence		-
005DCD90	StartSystemTy::CreateSystemObjects	return		<RETURN>	/undefined	<UNASSIGNED>	DEFAULT		0	0	no_evidence		-
005DD850	StartSystemTy::AddToChat	return		<RETURN>	/undefined	<UNASSIGNED>	DEFAULT		0	0	no_evidence		-
005DDB40	FUN_005ddb40	return		<RETURN>	/undefined4	EAX:4	DEFAULT		0	0	no_evidence		-
005DE270	StartSystemTy::CreateChatView	return		<RETURN>	/undefined	<UNASSIGNED>	DEFAULT		0	0	no_evidence		-
005DE5B0	FUN_005de5b0	return		<RETURN>	/undefined	<UNASSIGNED>	DEFAULT		0	0	no_evidence		-
005DE670	FUN_005de670	return		<RETURN>	/undefined	<UNASSIGNED>	DEFAULT		0	0	no_evidence		-
005DEB90	FUN_005deb90	return		<RETURN>	/undefined4	EAX:4	DEFAULT		0	0	no_evidence		-
005DEFE0	FUN_005defe0	return		<RETURN>	/undefined	<UNASSIGNED>	DEFAULT		0	0	no_evidence		-
005DF290	FUN_005df290	return		<RETURN>	/undefined	<UNASSIGNED>	DEFAULT	pointer:/ccFntTy	2	2	width_mismatch	{pointer:/ccFntTy=2}	005DF290 returns stored into /StartSystemTy+0x38 @ 005BD95A | 005DF290 returns stored into /StartSystemTy+0x38 @ 005C14EE
005DF530	MTaskTy::OutGlassBmpProc	parameter	2	param_2	/undefined4	Stack[0x8]:4	DEFAULT		0	0	no_evidence		-
005DF530	MTaskTy::OutGlassBmpProc	parameter	3	param_3	/undefined4	Stack[0xc]:4	DEFAULT		0	0	no_evidence		-
005DF530	MTaskTy::OutGlassBmpProc	parameter	6	param_6	/undefined4	Stack[0x18]:4	DEFAULT		0	0	no_evidence		-
005DF530	MTaskTy::OutGlassBmpProc	parameter	7	param_7	/undefined4	Stack[0x1c]:4	DEFAULT		0	0	no_evidence		-
005DF530	MTaskTy::OutGlassBmpProc	return		<RETURN>	/undefined	<UNASSIGNED>	DEFAULT		0	0	no_evidence		-
005DF640	MTaskTy::OutGlassTxtProc	parameter	3	param_3	/undefined4	Stack[0xc]:4	DEFAULT		0	0	no_evidence		-
005DF640	MTaskTy::OutGlassTxtProc	parameter	6	param_6	/undefined4	Stack[0x18]:4	DEFAULT		0	0	no_evidence		-
005DF640	MTaskTy::OutGlassTxtProc	parameter	7	param_7	/undefined4	Stack[0x1c]:4	DEFAULT		0	0	no_evidence		-
005DF640	MTaskTy::OutGlassTxtProc	return		<RETURN>	/undefined	<UNASSIGNED>	DEFAULT		0	0	no_evidence		-
005DF7C0	MTaskTy::OutGlassATxtProc	parameter	3	param_3	/undefined4	Stack[0xc]:4	DEFAULT		0	0	no_evidence		-
005DF7C0	MTaskTy::OutGlassATxtProc	parameter	6	param_6	/undefined4	Stack[0x18]:4	DEFAULT		0	0	no_evidence		-
005DF7C0	MTaskTy::OutGlassATxtProc	parameter	7	param_7	/undefined4	Stack[0x1c]:4	DEFAULT		0	0	no_evidence		-
005DF7C0	MTaskTy::OutGlassATxtProc	return		<RETURN>	/undefined	<UNASSIGNED>	DEFAULT		0	0	no_evidence		-
005DF930	FUN_005df930	return		<RETURN>	/undefined	<UNASSIGNED>	DEFAULT		0	0	no_evidence		-
005DF9B0	FUN_005df9b0	return		<RETURN>	/undefined	<UNASSIGNED>	DEFAULT		0	0	no_evidence		-
005DFA30	MTaskTy::InitMTask	parameter	2	param_2	/undefined1	Stack[0x8]:1	DEFAULT	/byte	0	1	insufficient_independent_evidence	{/byte=1}	005E4570 -> 005DFA30 @ 005E460B; unproven partial register write at 005E4603
005DFA30	MTaskTy::InitMTask	return		<RETURN>	/undefined	<UNASSIGNED>	DEFAULT		0	0	no_evidence		-
005E0470	MTaskTy::DoneMTask	return		<RETURN>	/undefined	<UNASSIGNED>	DEFAULT		0	0	no_evidence		-
005E0AC0	MTaskTy::NoneMTask	return		<RETURN>	/undefined	<UNASSIGNED>	DEFAULT		0	0	no_evidence		-
005E1330	MTaskTy::PlayScript	return		<RETURN>	/undefined	<UNASSIGNED>	DEFAULT		0	0	no_evidence		-
005E4180	MTaskTy::CreateBut	parameter	1	param_1	/undefined4	Stack[0x4]:4	DEFAULT		0	0	no_evidence		-
005E4180	MTaskTy::CreateBut	parameter	2	param_2	/undefined4	Stack[0x8]:4	DEFAULT		0	0	no_evidence		-
005E4180	MTaskTy::CreateBut	parameter	3	param_3	/undefined4	Stack[0xc]:4	DEFAULT		0	0	no_evidence		-
005E4180	MTaskTy::CreateBut	parameter	4	param_4	/undefined4	Stack[0x10]:4	DEFAULT		0	0	no_evidence		-
005E4180	MTaskTy::CreateBut	parameter	5	param_5	/undefined4	Stack[0x14]:4	DEFAULT		0	0	no_evidence		-
005E4180	MTaskTy::CreateBut	parameter	6	param_6	/undefined4	Stack[0x18]:4	DEFAULT		0	0	no_evidence		-
005E4180	MTaskTy::CreateBut	parameter	7	param_7	/undefined4	Stack[0x1c]:4	DEFAULT		0	0	no_evidence		-
005E4180	MTaskTy::CreateBut	parameter	8	param_8	/undefined4	Stack[0x20]:4	DEFAULT		0	0	no_evidence		-
005E4180	MTaskTy::CreateBut	return		<RETURN>	/undefined4	EAX:4	DEFAULT		0	0	no_evidence		-
005E58D0	MTestTy::InitMTest	return		<RETURN>	/undefined	<UNASSIGNED>	DEFAULT		0	0	no_evidence		-
005E5BA0	MTestTy::DoneMTest	return		<RETURN>	/undefined	<UNASSIGNED>	DEFAULT		0	0	no_evidence		-
005E5E30	MTestTy::NoneMTest	return		<RETURN>	/undefined	<UNASSIGNED>	DEFAULT		0	0	no_evidence		-
005E5F60	MTestTy::sub_005E5F60	return		<RETURN>	/undefined	<UNASSIGNED>	DEFAULT		0	0	no_evidence		-
005E6640	ChooseMapTy::OutListProc	parameter	3	param_3	/undefined4	Stack[0xc]:4	DEFAULT		0	0	no_evidence		-
005E6640	ChooseMapTy::OutListProc	return		<RETURN>	/undefined	<UNASSIGNED>	DEFAULT		0	0	no_evidence		-
005E6770	WaitTy::InitWait	parameter	1	param_1	/undefined4	Stack[0x4]:4	DEFAULT		0	0	no_evidence		-
005E6770	WaitTy::InitWait	parameter	2	param_2	/undefined4	Stack[0x8]:4	DEFAULT		0	0	no_evidence		-
005E6770	WaitTy::InitWait	return		<RETURN>	/undefined	<UNASSIGNED>	DEFAULT		0	0	no_evidence		-
005E7570	WaitTy::DoneWait	return		<RETURN>	/undefined	<UNASSIGNED>	DEFAULT		0	0	no_evidence		-
005E79B0	WaitTy::PaintWait	return		<RETURN>	/undefined	<UNASSIGNED>	DEFAULT		0	0	no_evidence		-
005E7FE0	WaitTy::ShowDescription	return		<RETURN>	/undefined	<UNASSIGNED>	DEFAULT		0	0	no_evidence		-
005E84D0	WaitTy::NoneWait	return		<RETURN>	/undefined	<UNASSIGNED>	DEFAULT		0	0	no_evidence		-
005E9830	WaitTy::CloseButtons	return		<RETURN>	/undefined	<UNASSIGNED>	DEFAULT		0	0	no_evidence		-
005E9A40	WaitTy::sub_005E9A40	return		<RETURN>	/undefined	<UNASSIGNED>	DEFAULT		0	0	no_evidence		-
005E9B50	WaitTy::CreateCtrls	return		<RETURN>	/undefined	<UNASSIGNED>	DEFAULT		0	0	no_evidence		-
005E9D70	WaitTy::DeleteCtrls	return		<RETURN>	/undefined	<UNASSIGNED>	DEFAULT		0	0	no_evidence		-
005EBD80	FUN_005ebd80	return		<RETURN>	/undefined4	EAX:4	DEFAULT		0	0	no_evidence		-
005EC510	FUN_005ec510	return		<RETURN>	/undefined	<UNASSIGNED>	DEFAULT		0	0	no_evidence		-
005EC550	FUN_005ec550	return		<RETURN>	/undefined	<UNASSIGNED>	DEFAULT		0	0	no_evidence		-
005EC5E0	FUN_005ec5e0	return		<RETURN>	/undefined4	EAX:4	DEFAULT		0	0	no_evidence		-
005EC620	FUN_005ec620	return		<RETURN>	/undefined	<UNASSIGNED>	DEFAULT		0	0	no_evidence		-
005EC640	FUN_005ec640	return		<RETURN>	/undefined	<UNASSIGNED>	DEFAULT	pointer:/char	1	1	width_mismatch	{pointer:/char=1}	005EC640 returns return of Library::MSVCRT::_strncpy @ 005EC667
005EC680	FUN_005ec680	return		<RETURN>	/undefined	<UNASSIGNED>	DEFAULT		0	0	no_evidence		-
005EC6A0	FUN_005ec6a0	return		<RETURN>	/undefined	<UNASSIGNED>	DEFAULT		0	0	no_evidence		-
005EC740	FUN_005ec740	parameter	1	param_2	/undefined4	Stack[0x8]:4	DEFAULT		0	0	no_evidence		-
005EC740	FUN_005ec740	return		<RETURN>	/undefined	<UNASSIGNED>	DEFAULT		0	0	no_evidence		-
005EC9F0	FUN_005ec9f0	return		<RETURN>	/undefined4	EAX:4	DEFAULT		0	0	no_evidence		-
005ECD70	FUN_005ecd70	parameter	6	param_6	/undefined4	Stack[0x18]:4	DEFAULT		0	0	no_evidence		-
005ECD70	FUN_005ecd70	return		<RETURN>	/undefined4	EAX:4	DEFAULT		0	0	no_evidence		-
005ECFE0	FUN_005ecfe0	return		<RETURN>	/undefined4	EAX:4	DEFAULT		0	0	no_evidence		-
005ED1C0	FUN_005ed1c0	return		<RETURN>	/undefined4	EAX:4	DEFAULT		0	0	no_evidence		-
005EDA50	FUN_005eda50	return		<RETURN>	/undefined4	EAX:4	DEFAULT		0	0	no_evidence		-
005EDC20	FUN_005edc20	return		<RETURN>	/undefined4	EAX:4	DEFAULT		0	0	no_evidence		-
005EDE30	FUN_005ede30	return		<RETURN>	/undefined4	EAX:4	DEFAULT		0	0	no_evidence		-
005EE010	FUN_005ee010	parameter	1	param_1	/undefined4	Stack[0x4]:4	DEFAULT		0	0	no_evidence		-
005EE010	FUN_005ee010	parameter	2	param_2	/undefined4	Stack[0x8]:4	DEFAULT		0	0	no_evidence		-
005EE010	FUN_005ee010	parameter	3	param_3	/undefined4	Stack[0xc]:4	DEFAULT		0	0	no_evidence		-
005EE010	FUN_005ee010	return		<RETURN>	/undefined4	EAX:4	DEFAULT		0	0	no_evidence		-
005EE3F0	FUN_005ee3f0	return		<RETURN>	/undefined4	EAX:4	DEFAULT		0	0	no_evidence		-
005EE670	FUN_005ee670	return		<RETURN>	/undefined	<UNASSIGNED>	DEFAULT		0	0	no_evidence		-
005EE6E0	FUN_005ee6e0	return		<RETURN>	/undefined4	EAX:4	DEFAULT		0	0	no_evidence		-
005EEFF0	FUN_005eeff0	return		<RETURN>	/undefined	<UNASSIGNED>	DEFAULT		0	0	no_evidence		-
005EF430	FUN_005ef430	return		<RETURN>	/undefined	<UNASSIGNED>	DEFAULT		0	0	no_evidence		-
005EF450	FUN_005ef450	return		<RETURN>	/undefined	<UNASSIGNED>	DEFAULT		0	0	no_evidence		-
005EF470	FUN_005ef470	return		<RETURN>	/undefined	<UNASSIGNED>	DEFAULT		0	0	no_evidence		-
005EF490	FUN_005ef490	return		<RETURN>	/undefined	<UNASSIGNED>	DEFAULT		0	0	no_evidence		-
005EF5D0	FUN_005ef5d0	return		<RETURN>	/undefined	<UNASSIGNED>	DEFAULT		0	0	no_evidence		-
005EF6C0	FUN_005ef6c0	return		<RETURN>	/undefined	<UNASSIGNED>	DEFAULT		0	0	no_evidence		-
005EFA30	FUN_005efa30	return		<RETURN>	/undefined	<UNASSIGNED>	DEFAULT		0	0	no_evidence		-
005EFA90	FUN_005efa90	parameter	1	param_1	/undefined4	Stack[0x4]:4	DEFAULT		0	0	no_evidence		-
005EFA90	FUN_005efa90	return		<RETURN>	/undefined	<UNASSIGNED>	DEFAULT		0	0	no_evidence		-
005EFAE0	FUN_005efae0	return		<RETURN>	/undefined4	EAX:4	DEFAULT		0	0	no_evidence		-
005EFB80	FUN_005efb80	return		<RETURN>	/undefined4	EAX:4	DEFAULT		0	0	no_evidence		-
005EFBD0	FUN_005efbd0	return		<RETURN>	/undefined	<UNASSIGNED>	DEFAULT		0	0	no_evidence		-
005EFC40	FUN_005efc40	return		<RETURN>	/undefined	<UNASSIGNED>	DEFAULT		0	0	no_evidence		-
005EFCD0	FUN_005efcd0	return		<RETURN>	/undefined	<UNASSIGNED>	DEFAULT		0	0	no_evidence		-
005F0050	FUN_005f0050	return		<RETURN>	/undefined	<UNASSIGNED>	DEFAULT		0	0	no_evidence		-
005F0090	FUN_005f0090	return		<RETURN>	/undefined	<UNASSIGNED>	DEFAULT		0	0	no_evidence		-
005F00B0	FUN_005f00b0	return		<RETURN>	/undefined	<UNASSIGNED>	DEFAULT		0	0	no_evidence		-
005F0150	FUN_005f0150	return		<RETURN>	/undefined	<UNASSIGNED>	DEFAULT		0	0	no_evidence		-
005F0240	FUN_005f0240	return		<RETURN>	/undefined	<UNASSIGNED>	DEFAULT		0	0	no_evidence		-
005F0280	FUN_005f0280	return		<RETURN>	/undefined	<UNASSIGNED>	DEFAULT		0	0	no_evidence		-
005F02C0	FUN_005f02c0	return		<RETURN>	/undefined	<UNASSIGNED>	DEFAULT		0	0	no_evidence		-
005F0310	FUN_005f0310	return		<RETURN>	/undefined	<UNASSIGNED>	DEFAULT		0	0	no_evidence		-
005F0360	FUN_005f0360	return		<RETURN>	/undefined	<UNASSIGNED>	DEFAULT		0	0	no_evidence		-
005F0380	FUN_005f0380	return		<RETURN>	/undefined	<UNASSIGNED>	DEFAULT		0	0	no_evidence		-
005F03D0	FUN_005f03d0	return		<RETURN>	/undefined	<UNASSIGNED>	DEFAULT		0	0	no_evidence		-
005F03F0	FUN_005f03f0	return		<RETURN>	/undefined	<UNASSIGNED>	DEFAULT		0	0	no_evidence		-
005F0410	FUN_005f0410	return		<RETURN>	/undefined	<UNASSIGNED>	DEFAULT		0	0	no_evidence		-
005F0430	FUN_005f0430	return		<RETURN>	/undefined	<UNASSIGNED>	DEFAULT		0	0	no_evidence		-
005F0450	STSprGameObjC::FUN_005f0450	parameter	1	param_1	/undefined4	Stack[0x4]:4	DEFAULT		0	0	no_evidence		-
005F0470	FUN_005f0470	return		<RETURN>	/undefined4	EAX:4	DEFAULT		0	0	no_evidence		-
005F04B0	FUN_005f04b0	return		<RETURN>	/undefined	<UNASSIGNED>	DEFAULT		0	0	no_evidence		-
005F05A0	FUN_005f05a0	parameter	2	param_2	/undefined2	Stack[0x8]:2	DEFAULT	/ushort	0	1	insufficient_independent_evidence	{/ushort=1}	005EDC20 -> 005F05A0 @ 005EDD87; unproven partial register write at 005EDD7C
005F05A0	FUN_005f05a0	return		<RETURN>	/undefined	<UNASSIGNED>	DEFAULT		0	0	no_evidence		-
005F0620	FUN_005f0620	return		<RETURN>	/undefined	<UNASSIGNED>	DEFAULT		0	0	no_evidence		-
005F06E0	FUN_005f06e0	return		<RETURN>	/undefined	<UNASSIGNED>	DEFAULT		0	0	no_evidence		-
005F07A0	FUN_005f07a0	return		<RETURN>	/undefined4	EAX:4	DEFAULT		0	0	no_evidence		-
005F09B0	FUN_005f09b0	return		<RETURN>	/undefined4	EAX:4	DEFAULT		0	0	no_evidence		-
005F0BA0	FUN_005f0ba0	return		<RETURN>	/undefined4	EAX:4	DEFAULT		0	0	no_evidence		-
005F0E20	FUN_005f0e20	parameter	1	param_1	/undefined4	Stack[0x4]:4	DEFAULT		0	0	no_evidence		-
005F0E20	FUN_005f0e20	return		<RETURN>	/undefined4	EAX:4	DEFAULT		0	0	no_evidence		-
005F0EC0	FUN_005f0ec0	parameter	2	param_3	/undefined4	Stack[0xc]:4	DEFAULT		3	0	conflicting_evidence	{/int=1, pointer:/void=2}	005F0F10 LEA ECX,[EAX + EAX*0x4] classifies dword parameter loaded at 005F0F08 | 005F0F40 LEA EDX,[EAX + ECX*0x8 + 0x64] classifies dword parameter loaded at 005F0F08 | 0064DB00 -> 005F0EC0 @ 0064DC41; MOVSX at 0064DC26 establishes signed source width 2
005F0EC0	FUN_005f0ec0	parameter	3	param_4	/undefined4	Stack[0x10]:4	DEFAULT		3	0	conflicting_evidence	{/int=1, pointer:/void=2}	005F0F51 LEA EDX,[ECX + ECX*0x4] classifies dword parameter loaded at 005F0F44 | 005F0F60 LEA EDX,[ECX + EDX*0x8 + 0x64] classifies dword parameter loaded at 005F0F44 | 0064DB00 -> 005F0EC0 @ 0064DC41; MOVSX at 0064DC30 establishes signed source width 2
005F0EC0	FUN_005f0ec0	parameter	4	param_5	/undefined4	Stack[0x14]:4	DEFAULT		2	0	conflicting_evidence	{/int=1, pointer:/void=1}	005F0F71 LEA ESI,[EDX + EDX*0x4] classifies dword parameter loaded at 005F0F6B | 0064DB00 -> 005F0EC0 @ 0064DC41; MOVSX at 0064DC2C establishes signed source width 2
005F0EC0	FUN_005f0ec0	parameter	7	param_8	/undefined4	Stack[0x20]:4	DEFAULT		0	0	no_evidence		-
005F0EC0	FUN_005f0ec0	parameter	8	param_9	/undefined4	Stack[0x24]:4	DEFAULT		0	0	no_evidence		-
005F0EC0	FUN_005f0ec0	return		<RETURN>	/undefined	<UNASSIGNED>	DEFAULT		0	0	no_evidence		-
005F1380	FUN_005f1380	return		<RETURN>	/undefined	<UNASSIGNED>	DEFAULT		0	0	no_evidence		-
005F13C0	FUN_005f13c0	return		<RETURN>	/undefined4	EAX:4	DEFAULT		0	0	no_evidence		-
005F15F0	FUN_005f15f0	parameter	3	param_3	/undefined2	Stack[0xc]:2	DEFAULT	/ushort	0	1	insufficient_independent_evidence	{/ushort=1}	005F23D0 -> 005F15F0 @ 005F26C1; literal 0 at 005F26BD
005F15F0	FUN_005f15f0	parameter	4	param_4	/undefined1	Stack[0x10]:1	DEFAULT	/byte	0	1	insufficient_independent_evidence	{/byte=1}	005F23D0 -> 005F15F0 @ 005F26C1; FUN_005f23d0 parameter param_4
005F15F0	FUN_005f15f0	parameter	5	param_5	/undefined2	Stack[0x14]:2	DEFAULT	/ushort	0	1	insufficient_independent_evidence	{/ushort=1}	005F23D0 -> 005F15F0 @ 005F26C1; literal 0 at 005F26BA
005F19A0	STManBasisC::sub_005F19A0	return		<RETURN>	/undefined	<UNASSIGNED>	DEFAULT		0	0	no_evidence		-
005F1D80	VisibleClassTy::sub_005F1D80	return		<RETURN>	/undefined4	EAX:4	DEFAULT		0	0	no_evidence		-
005F2110	STManBasisC::sub_005F2110	return		<RETURN>	/undefined4	EAX:4	DEFAULT		0	0	no_evidence		-
005F2330	STManBasisC::sub_005F2330	return		<RETURN>	/undefined	<UNASSIGNED>	DEFAULT		0	0	no_evidence		-
005F23D0	FUN_005f23d0	return		<RETURN>	/undefined4	EAX:4	DEFAULT		0	0	no_evidence		-
005F34B0	STBHEShellC::sub_005F34B0	return		<RETURN>	/undefined	<UNASSIGNED>	DEFAULT		0	0	no_evidence		-
005F3530	FUN_005f3530	parameter	1	param_2	/undefined4	Stack[0x8]:4	DEFAULT		0	0	no_evidence		-
005F35F0	STBHEShellC::sub_005F35F0	return		<RETURN>	/undefined4	EAX:4	DEFAULT		0	0	no_evidence		-
005F3B00	FUN_005f3b00	return		<RETURN>	/undefined	<UNASSIGNED>	DEFAULT		0	0	no_evidence		-
005F3B30	FUN_005f3b30	return		<RETURN>	/undefined4	EAX:4	DEFAULT		0	0	no_evidence		-
005F3BF0	STBHEShellC::sub_005F3BF0	parameter	3	param_3	/undefined4	Stack[0xc]:4	DEFAULT		0	0	no_evidence		-
005F3BF0	STBHEShellC::sub_005F3BF0	return		<RETURN>	/undefined4	EAX:4	DEFAULT		0	0	no_evidence		-
005F4680	STBHEShellC::sub_005F4680	return		<RETURN>	/undefined	<UNASSIGNED>	DEFAULT		0	0	no_evidence		-
005F4A30	FUN_005f4a30	return		<RETURN>	/undefined4	EAX:4	DEFAULT		0	0	no_evidence		-
005F4C50	STBHEShellC::sub_005F4C50	parameter	2	param_2	/undefined4	Stack[0x8]:4	DEFAULT		0	0	no_evidence		-
005F4C50	STBHEShellC::sub_005F4C50	return		<RETURN>	/undefined4	EAX:4	DEFAULT		0	0	no_evidence		-
005F53A0	STBHEShellC::sub_005F53A0	return		<RETURN>	/undefined	<UNASSIGNED>	DEFAULT		0	0	no_evidence		-
005F5C40	STBHEShellC::sub_005F5C40	return		<RETURN>	/undefined	<UNASSIGNED>	DEFAULT		0	0	no_evidence		-
005F5D10	STBHEShellC::sub_005F5D10	return		<RETURN>	/undefined	<UNASSIGNED>	DEFAULT		0	0	no_evidence		-
005F5E30	STBHEShellC::sub_005F5E30	parameter	1	param_1	/undefined4	Stack[0x4]:4	DEFAULT		0	0	no_evidence		-
005F5E30	STBHEShellC::sub_005F5E30	parameter	2	param_2	/undefined4	Stack[0x8]:4	DEFAULT		0	0	no_evidence		-
005F5E30	STBHEShellC::sub_005F5E30	parameter	3	param_3	/undefined4	Stack[0xc]:4	DEFAULT		0	0	no_evidence		-
005F5E30	STBHEShellC::sub_005F5E30	return		<RETURN>	/undefined	<UNASSIGNED>	DEFAULT		0	0	no_evidence		-
005F66B0	STColl3C::sub_005F66B0	return		<RETURN>	/undefined	<UNASSIGNED>	DEFAULT		0	0	no_evidence		-
005F6AD0	FUN_005f6ad0	return		<RETURN>	/undefined4	EAX:4	DEFAULT		0	0	no_evidence		-
005F6AF0	STColl3C::LoadImagSpr	return		<RETURN>	/undefined4	EAX:4	DEFAULT		0	0	no_evidence		-
005F6DF0	FUN_005f6df0	return		<RETURN>	/undefined	<UNASSIGNED>	DEFAULT		0	0	no_evidence		-
005F6EE0	FUN_005f6ee0	return		<RETURN>	/undefined	<UNASSIGNED>	DEFAULT		0	0	no_evidence		-
005F6F60	STColl3C::sub_005F6F60	return		<RETURN>	/undefined	<UNASSIGNED>	DEFAULT		0	0	no_evidence		-
005F8650	STColl3C::sub_005F8650	return		<RETURN>	/undefined4	EAX:4	DEFAULT		0	0	no_evidence		-
005F8810	FUN_005f8810	return		<RETURN>	/undefined	<UNASSIGNED>	DEFAULT		0	0	no_evidence		-
005F88D0	FUN_005f88d0	return		<RETURN>	/undefined4	EAX:4	DEFAULT		0	0	no_evidence		-
005F89F0	FUN_005f89f0	return		<RETURN>	/undefined4	EAX:4	DEFAULT		0	0	no_evidence		-
005F8BA0	FUN_005f8ba0	return		<RETURN>	/undefined4	EAX:4	DEFAULT		0	0	no_evidence		-
005F8CC0	FUN_005f8cc0	return		<RETURN>	/undefined	<UNASSIGNED>	DEFAULT		0	0	no_evidence		-
005F8D10	FUN_005f8d10	return		<RETURN>	/undefined4	EAX:4	DEFAULT		0	0	no_evidence		-
005F9050	FUN_005f9050	return		<RETURN>	/undefined4	EAX:4	DEFAULT		0	0	no_evidence		-
005F91E0	FUN_005f91e0	return		<RETURN>	/undefined	<UNASSIGNED>	DEFAULT		0	0	no_evidence		-
005F9310	FUN_005f9310	return		<RETURN>	/undefined1	AL:1	DEFAULT		0	0	no_evidence		-
005F9450	STColl3C::sub_005F9450	return		<RETURN>	/undefined	<UNASSIGNED>	DEFAULT		0	0	no_evidence		-
005F95B0	FUN_005f95b0	return		<RETURN>	/undefined4	EAX:4	DEFAULT		0	0	no_evidence		-
005F9BD0	FUN_005f9bd0	return		<RETURN>	/undefined	<UNASSIGNED>	DEFAULT		0	0	no_evidence		-
005F9CB0	FUN_005f9cb0	return		<RETURN>	/undefined4	EAX:4	DEFAULT		0	0	no_evidence		-
005F9E40	FUN_005f9e40	return		<RETURN>	/undefined	<UNASSIGNED>	DEFAULT		0	0	no_evidence		-
005F9F70	FUN_005f9f70	return		<RETURN>	/undefined	<UNASSIGNED>	DEFAULT		0	0	no_evidence		-
005F9FF0	FUN_005f9ff0	return		<RETURN>	/undefined	<UNASSIGNED>	DEFAULT		0	0	no_evidence		-
005FA030	FUN_005fa030	return		<RETURN>	/undefined	<UNASSIGNED>	DEFAULT		0	0	no_evidence		-
005FA070	STColl3C::sub_005FA070	return		<RETURN>	/undefined	<UNASSIGNED>	DEFAULT		0	0	no_evidence		-
005FA0B0	FUN_005fa0b0	return		<RETURN>	/undefined	<UNASSIGNED>	DEFAULT		0	0	no_evidence		-
005FA360	FUN_005fa360	return		<RETURN>	/undefined4	EAX:4	DEFAULT		0	0	no_evidence		-
005FA7F0	FUN_005fa7f0	parameter	1	param_1	/undefined4	Stack[0x4]:4	DEFAULT		0	0	no_evidence		-
005FA7F0	FUN_005fa7f0	parameter	2	param_2	/undefined4	Stack[0x8]:4	DEFAULT		0	0	no_evidence		-
005FA7F0	FUN_005fa7f0	parameter	3	param_3	/undefined4	Stack[0xc]:4	DEFAULT		0	0	no_evidence		-
005FA7F0	FUN_005fa7f0	return		<RETURN>	/undefined4	EAX:4	DEFAULT		0	0	no_evidence		-
005FA8B0	STColl3C::sub_005FA8B0	return		<RETURN>	/undefined4	EAX:4	DEFAULT		0	0	no_evidence		-
005FAA10	SubmarineTitans::Recovered::HiddenThis::AnonReceiver_00416270::FUN_005faa10	return		<RETURN>	/undefined4	EAX:4	DEFAULT		0	0	no_evidence		-
005FAC40	FUN_005fac40	return		<RETURN>	/undefined	<UNASSIGNED>	DEFAULT		0	0	no_evidence		-
005FADA0	FUN_005fada0	return		<RETURN>	/undefined4	EAX:4	DEFAULT		0	0	no_evidence		-
005FAF70	FUN_005faf70	parameter	2	param_2	/undefined4	Stack[0x8]:4	DEFAULT		0	0	no_evidence		-
005FAFB0	FUN_005fafb0	return		<RETURN>	/undefined	<UNASSIGNED>	DEFAULT		0	0	no_evidence		-
005FAFF0	FUN_005faff0	return		<RETURN>	/undefined	<UNASSIGNED>	DEFAULT		0	0	no_evidence		-
005FB030	FUN_005fb030	return		<RETURN>	/undefined	<UNASSIGNED>	DEFAULT		0	0	no_evidence		-
005FB100	FUN_005fb100	return		<RETURN>	/undefined	<UNASSIGNED>	DEFAULT		0	0	no_evidence		-
005FB170	FUN_005fb170	return		<RETURN>	/undefined	<UNASSIGNED>	DEFAULT		0	0	no_evidence		-
005FB540	FUN_005fb540	return		<RETURN>	/undefined4	EAX:4	DEFAULT		0	0	no_evidence		-
005FB5C0	FUN_005fb5c0	return		<RETURN>	/undefined	<UNASSIGNED>	DEFAULT		0	0	no_evidence		-
005FB600	FUN_005fb600	return		<RETURN>	/undefined4	EAX:4	DEFAULT		0	0	no_evidence		-
005FC3E0	STContainerC::sub_005FC3E0	return		<RETURN>	/undefined	<UNASSIGNED>	DEFAULT		0	0	no_evidence		-
005FC4A0	FUN_005fc4a0	return		<RETURN>	/undefined4	EAX:4	DEFAULT		0	0	no_evidence		-
005FCC70	FUN_005fcc70	return		<RETURN>	/undefined	<UNASSIGNED>	DEFAULT		0	0	no_evidence		-
005FCCB0	FUN_005fccb0	return		<RETURN>	/undefined	<UNASSIGNED>	DEFAULT		0	0	no_evidence		-
005FCD40	FUN_005fcd40	return		<RETURN>	/undefined4	EAX:4	DEFAULT		0	0	no_evidence		-
005FCD80	FUN_005fcd80	return		<RETURN>	/undefined	<UNASSIGNED>	DEFAULT		0	0	no_evidence		-
005FCDA0	FUN_005fcda0	return		<RETURN>	/undefined	<UNASSIGNED>	DEFAULT		0	0	no_evidence		-
005FCDC0	FUN_005fcdc0	return		<RETURN>	/undefined	<UNASSIGNED>	DEFAULT		0	0	no_evidence		-
005FCE30	FUN_005fce30	return		<RETURN>	/undefined	<UNASSIGNED>	DEFAULT		0	0	no_evidence		-
005FCE50	FUN_005fce50	return		<RETURN>	/undefined	<UNASSIGNED>	DEFAULT		0	0	no_evidence		-
005FCE70	FUN_005fce70	return		<RETURN>	/undefined	<UNASSIGNED>	DEFAULT	pointer:/char	1	1	width_mismatch	{pointer:/char=1}	005FCE70 returns return of Library::MSVCRT::_strncpy @ 005FCE97
005FCEB0	FUN_005fceb0	return		<RETURN>	/undefined	<UNASSIGNED>	DEFAULT		0	0	no_evidence		-
005FCF50	FUN_005fcf50	parameter	1	param_2	/undefined4	Stack[0x8]:4	DEFAULT		0	0	no_evidence		-
005FCF50	FUN_005fcf50	return		<RETURN>	/undefined	<UNASSIGNED>	DEFAULT		0	0	no_evidence		-
005FCFF0	FUN_005fcff0	parameter	0	param_1	/undefined4	Stack[0x4]:4	DEFAULT		0	0	no_evidence		-
005FCFF0	FUN_005fcff0	parameter	3	param_4	/undefined4	Stack[0x10]:4	DEFAULT		0	0	no_evidence		-
005FCFF0	FUN_005fcff0	parameter	4	param_5	/undefined4	Stack[0x14]:4	DEFAULT		3	0	conflicting_evidence	{/int=1, pointer:/void=2}	005FD04C LEA ECX,[EAX + EAX*0x4] classifies dword parameter loaded at 005FD040 | 005FD07D LEA EDX,[EAX + ECX*0x8 + 0x64] classifies dword parameter loaded at 005FD040 | 0064D890 -> 005FCFF0 @ 0064D9D1; MOVSX at 0064D9B7 establishes signed source width 2
005FCFF0	FUN_005fcff0	parameter	5	param_6	/undefined4	Stack[0x18]:4	DEFAULT		3	0	conflicting_evidence	{/int=1, pointer:/void=2}	005FD08E LEA EDX,[ECX + ECX*0x4] classifies dword parameter loaded at 005FD081 | 005FD09D LEA EDX,[ECX + EDX*0x8 + 0x64] classifies dword parameter loaded at 005FD081 | 0064D890 -> 005FCFF0 @ 0064D9D1; MOVSX at 0064D9B0 establishes signed source width 2
005FCFF0	FUN_005fcff0	parameter	6	param_7	/undefined4	Stack[0x1c]:4	DEFAULT		2	0	conflicting_evidence	{/int=1, pointer:/void=1}	005FD0B7 LEA ESI,[EDX + EDX*0x4] classifies dword parameter loaded at 005FD0AB | 0064D890 -> 005FCFF0 @ 0064D9D1; MOVSX at 0064D9BC establishes signed source width 2
005FCFF0	FUN_005fcff0	parameter	8	param_9	/undefined4	Stack[0x24]:4	DEFAULT		0	0	no_evidence		-
005FCFF0	FUN_005fcff0	return		<RETURN>	/undefined	<UNASSIGNED>	DEFAULT		0	0	no_evidence		-
005FD1B0	FUN_005fd1b0	parameter	0	param_1	/undefined4	Stack[0x4]:4	DEFAULT		0	0	no_evidence		-
005FD1B0	FUN_005fd1b0	parameter	1	param_2	/undefined4	Stack[0x8]:4	DEFAULT		0	0	no_evidence		-
005FD1B0	FUN_005fd1b0	parameter	2	param_3	/undefined4	Stack[0xc]:4	DEFAULT		0	0	no_evidence		-
005FD1B0	FUN_005fd1b0	parameter	3	param_4	/undefined4	Stack[0x10]:4	DEFAULT		0	0	no_evidence		-
005FD1B0	FUN_005fd1b0	parameter	7	param_8	/undefined4	Stack[0x20]:4	DEFAULT		0	0	no_evidence		-
005FD1B0	FUN_005fd1b0	parameter	8	param_9	/undefined4	Stack[0x24]:4	DEFAULT		0	0	no_evidence		-
005FD1B0	FUN_005fd1b0	parameter	9	param_10	/undefined4	Stack[0x28]:4	DEFAULT		0	0	no_evidence		-
005FD1B0	FUN_005fd1b0	parameter	11	param_12	/undefined4	Stack[0x30]:4	DEFAULT		0	0	no_evidence		-
005FD1B0	FUN_005fd1b0	parameter	12	param_13	/undefined4	Stack[0x34]:4	DEFAULT		0	0	no_evidence		-
005FD1B0	FUN_005fd1b0	return		<RETURN>	/undefined4	EAX:4	DEFAULT		0	0	no_evidence		-
005FD360	FUN_005fd360	return		<RETURN>	/undefined	<UNASSIGNED>	DEFAULT		0	0	no_evidence		-
005FD380	FUN_005fd380	return		<RETURN>	/undefined	<UNASSIGNED>	DEFAULT		0	0	no_evidence		-
005FD3A0	FUN_005fd3a0	return		<RETURN>	/undefined4	EAX:4	DEFAULT		0	0	no_evidence		-
005FD5C0	FUN_005fd5c0	return		<RETURN>	/undefined4	EAX:4	DEFAULT		0	0	no_evidence		-
005FD6A0	FUN_005fd6a0	return		<RETURN>	/undefined	<UNASSIGNED>	DEFAULT		0	0	no_evidence		-
005FD750	FUN_005fd750	parameter	5	param_6	/undefined4	Stack[0x18]:4	DEFAULT		0	0	no_evidence		-
005FD830	FUN_005fd830	return		<RETURN>	/undefined4	EAX:4	DEFAULT		0	0	no_evidence		-
005FDA60	FUN_005fda60	return		<RETURN>	/undefined	<UNASSIGNED>	DEFAULT		0	0	no_evidence		-
005FDB50	SubmarineTitans::Recovered::HiddenThis::AnonReceiver_005FDB50::FUN_005fdb50	return		<RETURN>	/undefined4	EAX:4	DEFAULT		0	0	no_evidence		-
005FE280	FUN_005fe280	return		<RETURN>	/undefined4	EAX:4	DEFAULT		0	0	no_evidence		-
005FE360	FUN_005fe360	return		<RETURN>	/undefined4	EAX:4	DEFAULT		0	0	no_evidence		-
005FE990	FUN_005fe990	return		<RETURN>	/undefined4	EAX:4	DEFAULT		0	0	no_evidence		-
005FEA50	FUN_005fea50	return		<RETURN>	/undefined	<UNASSIGNED>	DEFAULT		0	0	no_evidence		-
005FF150	FUN_005ff150	return		<RETURN>	/undefined	<UNASSIGNED>	DEFAULT		0	0	no_evidence		-
005FF1F0	FUN_005ff1f0	parameter	1	param_1	/undefined4	Stack[0x4]:4	DEFAULT		0	0	no_evidence		-
005FF3A0	FUN_005ff3a0	return		<RETURN>	/undefined4	EAX:4	DEFAULT		0	0	no_evidence		-
005FF430	FUN_005ff430	parameter	3	param_3	/undefined4	Stack[0xc]:4	DEFAULT		0	0	no_evidence		-
005FF430	FUN_005ff430	parameter	5	param_5	/undefined4	Stack[0x14]:4	DEFAULT		0	0	no_evidence		-
005FF430	FUN_005ff430	return		<RETURN>	/undefined4	EAX:4	DEFAULT		0	0	no_evidence		-
005FFF60	FUN_005fff60	return		<RETURN>	/undefined4	EAX:4	DEFAULT		0	0	no_evidence		-
00600110	FUN_00600110	return		<RETURN>	/undefined	<UNASSIGNED>	DEFAULT		0	0	no_evidence		-
00600580	FUN_00600580	return		<RETURN>	/undefined4	EAX:4	DEFAULT		0	0	no_evidence		-
00600750	FUN_00600750	return		<RETURN>	/undefined4	EAX:4	DEFAULT		0	0	no_evidence		-
00601D10	FUN_00601d10	parameter	6	param_7	/undefined4	Stack[0x1c]:4	DEFAULT		0	0	no_evidence		-
00601DB0	FUN_00601db0	return		<RETURN>	/undefined4	EAX:4	DEFAULT		0	0	no_evidence		-
006024B0	STDestC::sub_006024B0	return		<RETURN>	/undefined	<UNASSIGNED>	DEFAULT		0	0	no_evidence		-
00602660	STDestC::sub_00602660	return		<RETURN>	/undefined4	EAX:4	DEFAULT		0	0	no_evidence		-
00602700	FUN_00602700	return		<RETURN>	/undefined	<UNASSIGNED>	DEFAULT		0	0	no_evidence		-
00602740	FUN_00602740	return		<RETURN>	/undefined	<UNASSIGNED>	DEFAULT		0	0	no_evidence		-
006027F0	FUN_006027f0	return		<RETURN>	/undefined	<UNASSIGNED>	DEFAULT		0	0	no_evidence		-
00602880	FUN_00602880	return		<RETURN>	/undefined	<UNASSIGNED>	DEFAULT		0	0	no_evidence		-
006029C0	FUN_006029c0	return		<RETURN>	/undefined4	EAX:4	DEFAULT		0	0	no_evidence		-
00603090	FUN_00603090	return		<RETURN>	/undefined	<UNASSIGNED>	DEFAULT		0	0	no_evidence		-
00603120	STDestC::sub_00603120	return		<RETURN>	/undefined4	EAX:4	DEFAULT		0	0	no_evidence		-
006033D0	FUN_006033d0	return		<RETURN>	/undefined	<UNASSIGNED>	DEFAULT		0	0	no_evidence		-
00603470	FUN_00603470	return		<RETURN>	/undefined	<UNASSIGNED>	DEFAULT		0	0	no_evidence		-
006034E0	FUN_006034e0	parameter	7	param_8	/undefined4	Stack[0x20]:4	DEFAULT		0	0	no_evidence		-
006034E0	FUN_006034e0	return		<RETURN>	/undefined	<UNASSIGNED>	DEFAULT		0	0	no_evidence		-
006036A0	FUN_006036a0	return		<RETURN>	/undefined4	EAX:4	DEFAULT		0	0	no_evidence		-
00604120	STExplosion::sub_00604120	return		<RETURN>	/undefined	<UNASSIGNED>	DEFAULT		0	0	no_evidence		-
00604160	FUN_00604160	return		<RETURN>	/undefined	<UNASSIGNED>	DEFAULT		0	0	no_evidence		-
006042D0	FUN_006042d0	parameter	1	param_1	/undefined4	Stack[0x4]:4	DEFAULT		0	0	no_evidence		-
006042D0	FUN_006042d0	return		<RETURN>	/undefined	<UNASSIGNED>	DEFAULT		0	0	no_evidence		-
00604820	FUN_00604820	return		<RETURN>	/undefined	<UNASSIGNED>	DEFAULT		0	0	no_evidence		-
00604A00	FUN_00604a00	return		<RETURN>	/undefined4	EAX:4	DEFAULT		0	0	no_evidence		-
00604FC0	FUN_00604fc0	return		<RETURN>	/undefined4	EAX:4	DEFAULT		0	0	no_evidence		-
00605130	STExplosion::sub_00605130	return		<RETURN>	/undefined	<UNASSIGNED>	DEFAULT		0	0	no_evidence		-
006051B0	STExplosionC::LoadImagSpr	parameter	1	param_1	/undefined4	Stack[0x4]:4	DEFAULT		0	0	no_evidence		-
006051B0	STExplosionC::LoadImagSpr	parameter	2	param_2	/undefined4	Stack[0x8]:4	DEFAULT		0	0	no_evidence		-
006051B0	STExplosionC::LoadImagSpr	return		<RETURN>	/undefined4	EAX:4	DEFAULT		0	0	no_evidence		-
00605780	STExplosion::sub_00605780	return		<RETURN>	/undefined	<UNASSIGNED>	DEFAULT		0	0	no_evidence		-
006057C0	FUN_006057c0	return		<RETURN>	/undefined	<UNASSIGNED>	DEFAULT		0	0	no_evidence		-
00606050	STExplosion::sub_00606050	parameter	6	param_6	/undefined4	Stack[0x18]:4	DEFAULT		0	0	no_evidence		-
00606050	STExplosion::sub_00606050	parameter	8	param_8	/undefined4	Stack[0x20]:4	DEFAULT		0	0	no_evidence		-
00606050	STExplosion::sub_00606050	parameter	9	param_9	/undefined1	Stack[0x24]:1	DEFAULT	/byte	0	1	insufficient_independent_evidence	{/byte=1}	00603740 -> 00606050 @ 00603921; unproven partial register write at 006038E9
00606A50	FUN_00606a50	return		<RETURN>	/undefined4	EAX:4	DEFAULT		0	0	no_evidence		-
00606CD0	FUN_00606cd0	return		<RETURN>	/undefined4	EAX:4	DEFAULT		0	0	no_evidence		-
00606FD0	FUN_00606fd0	return		<RETURN>	/undefined4	EAX:4	DEFAULT		0	0	no_evidence		-
00607200	FUN_00607200	parameter	4	param_4	/undefined4	Stack[0x10]:4	DEFAULT		0	0	no_evidence		-
00607EE0	FUN_00607ee0	return		<RETURN>	/undefined4	EAX:4	DEFAULT		0	0	no_evidence		-
00608B50	FUN_00608b50	parameter	4	param_4	/undefined4	Stack[0x10]:4	DEFAULT		0	0	no_evidence		-
00608B50	FUN_00608b50	parameter	5	param_5	/undefined4	Stack[0x14]:4	DEFAULT		0	0	no_evidence		-
00608B50	FUN_00608b50	parameter	7	param_7	/undefined4	Stack[0x1c]:4	DEFAULT		0	0	no_evidence		-
00608B50	FUN_00608b50	parameter	8	param_8	/undefined4	Stack[0x20]:4	DEFAULT		0	0	no_evidence		-
00608B50	FUN_00608b50	parameter	9	param_9	/undefined1	Stack[0x24]:1	DEFAULT	/byte	0	1	insufficient_independent_evidence	{/byte=1}	00603740 -> 00608B50 @ 00603C13; unproven partial register write at 00603BDD
00608E90	FUN_00608e90	return		<RETURN>	/undefined4	EAX:4	DEFAULT		0	0	no_evidence		-
006099A0	FUN_006099a0	return		<RETURN>	/undefined	<UNASSIGNED>	DEFAULT		0	0	no_evidence		-
00609B90	STFieldC::InitSprSistem	return		<RETURN>	/undefined4	EAX:4	DEFAULT		0	0	no_evidence		-
00609CD0	STFieldC::sub_00609CD0	return		<RETURN>	/undefined	<UNASSIGNED>	DEFAULT		0	0	no_evidence		-
00609D60	STFieldC::LoadImagSpr	return		<RETURN>	/undefined4	EAX:4	DEFAULT		0	0	no_evidence		-
0060A000	FUN_0060a000	return		<RETURN>	/undefined4	EAX:4	DEFAULT		0	0	no_evidence		-
0060A430	FUN_0060a430	return		<RETURN>	/undefined	<UNASSIGNED>	DEFAULT		0	0	no_evidence		-
0060A470	FUN_0060a470	return		<RETURN>	/undefined	<UNASSIGNED>	DEFAULT		0	0	no_evidence		-
0060A4B0	FUN_0060a4b0	return		<RETURN>	/undefined4	EAX:4	DEFAULT		0	0	no_evidence		-
0060A940	FUN_0060a940	return		<RETURN>	/undefined	<UNASSIGNED>	DEFAULT		0	0	no_evidence		-
0060A9D0	FUN_0060a9d0	return		<RETURN>	/undefined	<UNASSIGNED>	DEFAULT		0	0	no_evidence		-
0060AA00	FUN_0060aa00	return		<RETURN>	/undefined	<UNASSIGNED>	DEFAULT		0	0	no_evidence		-
0060BC80	FUN_0060bc80	parameter	1	param_1	/undefined4	Stack[0x4]:4	DEFAULT		0	0	no_evidence		-
0060BC80	FUN_0060bc80	return		<RETURN>	/undefined	<UNASSIGNED>	DEFAULT		0	0	no_evidence		-
0060BD30	FUN_0060bd30	parameter	2	param_2	/undefined4	Stack[0x8]:4	DEFAULT		0	0	no_evidence		-
0060BDD0	FUN_0060bdd0	return		<RETURN>	/undefined4	EAX:4	DEFAULT		0	0	no_evidence		-
0060C2D0	FUN_0060c2d0	return		<RETURN>	/undefined	<UNASSIGNED>	DEFAULT		0	0	no_evidence		-
0060CA20	FUN_0060ca20	return		<RETURN>	/undefined4	EAX:4	DEFAULT		0	0	no_evidence		-
0060CB60	FUN_0060cb60	return		<RETURN>	/undefined4	EAX:4	DEFAULT		0	0	no_evidence		-
0060CEF0	FUN_0060cef0	return		<RETURN>	/undefined4	EAX:4	DEFAULT		0	0	no_evidence		-
0060D070	FUN_0060d070	return		<RETURN>	/undefined4	EAX:4	DEFAULT		0	0	no_evidence		-
0060D340	FUN_0060d340	return		<RETURN>	/undefined4	EAX:4	DEFAULT		0	0	no_evidence		-
0060D390	FUN_0060d390	return		<RETURN>	/undefined	<UNASSIGNED>	DEFAULT		0	0	no_evidence		-
0060D810	FUN_0060d810	parameter	1	param_1	/undefined4	Stack[0x4]:4	DEFAULT		0	0	no_evidence		-
0060D810	FUN_0060d810	parameter	2	param_2	/undefined4	Stack[0x8]:4	DEFAULT		0	0	no_evidence		-
0060D810	FUN_0060d810	return		<RETURN>	/undefined	<UNASSIGNED>	DEFAULT		0	0	no_evidence		-
0060D940	FUN_0060d940	return		<RETURN>	/undefined4	EAX:4	DEFAULT		0	0	no_evidence		-
0060DAB0	FUN_0060dab0	return		<RETURN>	/undefined4	EAX:4	DEFAULT		0	0	no_evidence		-
0060E210	FUN_0060e210	parameter	1	param_2	/undefined4	Stack[0x8]:4	DEFAULT		0	0	no_evidence		-
0060E210	FUN_0060e210	return		<RETURN>	/undefined4	EAX:4	DEFAULT		0	0	no_evidence		-
0060E470	FUN_0060e470	parameter	8	param_9	/undefined4	Stack[0x24]:4	DEFAULT		0	0	no_evidence		-
0060E470	FUN_0060e470	return		<RETURN>	/undefined4	EAX:4	DEFAULT		0	0	no_evidence		-
0060E680	FUN_0060e680	return		<RETURN>	/undefined4	EAX:4	DEFAULT		0	0	no_evidence		-
0060EA30	FUN_0060ea30	return		<RETURN>	/undefined4	EAX:4	DEFAULT		0	0	no_evidence		-
0060EC00	FUN_0060ec00	return		<RETURN>	/undefined	<UNASSIGNED>	DEFAULT		0	0	no_evidence		-
0060ECC0	FUN_0060ecc0	return		<RETURN>	/undefined4	EAX:4	DEFAULT		0	0	no_evidence		-
0060F940	FUN_0060f940	return		<RETURN>	/undefined4	EAX:4	DEFAULT		0	0	no_evidence		-
00613110	FUN_00613110	parameter	0	param_1	/undefined4	Stack[0x4]:4	DEFAULT		0	0	no_evidence		-
00613110	FUN_00613110	return		<RETURN>	/undefined4	EAX:4	DEFAULT		0	0	no_evidence		-
00613140	FUN_00613140	return		<RETURN>	/undefined4	EAX:4	DEFAULT		0	0	no_evidence		-
00613280	FUN_00613280	parameter	4	param_4	/undefined4	Stack[0x10]:4	DEFAULT		0	0	no_evidence		-
00613280	FUN_00613280	return		<RETURN>	/undefined	<UNASSIGNED>	DEFAULT		0	0	no_evidence		-
006132F0	STGenBombC::LoadImagSpr	return		<RETURN>	/undefined4	EAX:4	DEFAULT		0	0	no_evidence		-
006141B0	FUN_006141b0	return		<RETURN>	/undefined4	EAX:4	DEFAULT		0	0	no_evidence		-
00614400	FUN_00614400	return		<RETURN>	/undefined	<UNASSIGNED>	DEFAULT		0	0	no_evidence		-
00614BF0	FUN_00614bf0	return		<RETURN>	/undefined	<UNASSIGNED>	DEFAULT		0	0	no_evidence		-
00615390	FUN_00615390	return		<RETURN>	/undefined	<UNASSIGNED>	DEFAULT		0	0	no_evidence		-
00615430	FUN_00615430	return		<RETURN>	/undefined4	EAX:4	DEFAULT		0	0	no_evidence		-
00615860	FUN_00615860	return		<RETURN>	/undefined4	EAX:4	DEFAULT		0	0	no_evidence		-
00615AD0	FUN_00615ad0	return		<RETURN>	/undefined4	EAX:4	DEFAULT		0	0	no_evidence		-
00615E70	FUN_00615e70	return		<RETURN>	/undefined	<UNASSIGNED>	DEFAULT		0	0	no_evidence		-
00615FD0	FUN_00615fd0	parameter	2	param_2	/undefined4	Stack[0x8]:4	DEFAULT		0	0	no_evidence		-
00615FD0	FUN_00615fd0	return		<RETURN>	/undefined4	EAX:4	DEFAULT		0	0	no_evidence		-
00616280	FUN_00616280	return		<RETURN>	/undefined4	EAX:4	DEFAULT		0	0	no_evidence		-
006164E0	FUN_006164e0	return		<RETURN>	/undefined4	EAX:4	DEFAULT		0	0	no_evidence		-
006173A0	FUN_006173a0	return		<RETURN>	/undefined4	EAX:4	DEFAULT		0	0	no_evidence		-
00617880	FUN_00617880	return		<RETURN>	/undefined	<UNASSIGNED>	DEFAULT		0	0	no_evidence		-
006178C0	JumpManagC::CheckSystrm	return		<RETURN>	/undefined	<UNASSIGNED>	DEFAULT		0	0	no_evidence		-
006179D0	JumpManagC::sub_006179D0	return		<RETURN>	/undefined	<UNASSIGNED>	DEFAULT		0	0	no_evidence		-
00617A20	FUN_00617a20	parameter	2	param_2	/undefined4	Stack[0x8]:4	DEFAULT		0	0	no_evidence		-
00617A20	FUN_00617a20	parameter	3	param_3	/undefined4	Stack[0xc]:4	DEFAULT		0	0	no_evidence		-
00617A20	FUN_00617a20	return		<RETURN>	/undefined4	EAX:4	DEFAULT		0	0	no_evidence		-
00617AA0	FUN_00617aa0	return		<RETURN>	/undefined	<UNASSIGNED>	DEFAULT		0	0	no_evidence		-
00617B10	FUN_00617b10	parameter	1	param_1	/undefined4	Stack[0x4]:4	DEFAULT		0	0	no_evidence		-
00617B10	FUN_00617b10	parameter	2	param_2	/undefined4	Stack[0x8]:4	DEFAULT		0	0	no_evidence		-
00617B10	FUN_00617b10	parameter	3	param_3	/undefined4	Stack[0xc]:4	DEFAULT		0	0	no_evidence		-
00617B10	FUN_00617b10	parameter	4	param_4	/undefined4	Stack[0x10]:4	DEFAULT		0	0	no_evidence		-
00617B10	FUN_00617b10	parameter	5	param_5	/undefined4	Stack[0x14]:4	DEFAULT		0	0	no_evidence		-
00617B10	FUN_00617b10	parameter	6	param_6	/undefined4	Stack[0x18]:4	DEFAULT		0	0	no_evidence		-
00617C30	FUN_00617c30	return		<RETURN>	/undefined4	EAX:4	DEFAULT		0	0	no_evidence		-
00617EB0	FUN_00617eb0	return		<RETURN>	/undefined4	EAX:4	DEFAULT		0	0	no_evidence		-
00617ED0	FUN_00617ed0	return		<RETURN>	/undefined	<UNASSIGNED>	DEFAULT		0	0	no_evidence		-
00618240	FUN_00618240	return		<RETURN>	/undefined4	EAX:4	DEFAULT		0	0	no_evidence		-
00618900	FUN_00618900	return		<RETURN>	/undefined4	EAX:4	DEFAULT		0	0	no_evidence		-
006189C0	FUN_006189c0	return		<RETURN>	/undefined	<UNASSIGNED>	DEFAULT		0	0	no_evidence		-
00618AD0	JumpManagC::sub_00618AD0	return		<RETURN>	/undefined	<UNASSIGNED>	DEFAULT		0	0	no_evidence		-
00618B40	FUN_00618b40	parameter	1	param_1	/undefined4	Stack[0x4]:4	DEFAULT		0	0	no_evidence		-
00618B40	FUN_00618b40	parameter	2	param_2	/undefined2	Stack[0x8]:2	DEFAULT	/ushort	0	1	insufficient_independent_evidence	{/ushort=1}	004CCC10 -> 00618B40 @ 004CD101; unproven partial register write at 004CD0F5
00618B40	FUN_00618b40	return		<RETURN>	/undefined	<UNASSIGNED>	DEFAULT		0	0	no_evidence		-
006192E0	STJumpMineC::sub_006192E0	return		<RETURN>	/undefined	<UNASSIGNED>	DEFAULT		0	0	no_evidence		-
00619320	FUN_00619320	return		<RETURN>	/undefined	<UNASSIGNED>	DEFAULT		0	0	no_evidence		-
00619350	STJumpMineC::sub_00619350	return		<RETURN>	/undefined	<UNASSIGNED>	DEFAULT		2	0	conflicting_evidence	{/int=1, pointer:/byte=1}	00619350 returns return of Library::DKW::LIB::FUN_006aac70 @ 00619389 | 00619350 returns used as parameter 2 of STPlaySystemC::SaveObjData @ 00618EC9
006193A0	FUN_006193a0	return		<RETURN>	/undefined4	EAX:4	DEFAULT		0	0	no_evidence		-
006193E0	STJumpMineC::sub_006193E0	return		<RETURN>	/undefined4	EAX:4	DEFAULT		0	0	no_evidence		-
00619540	FUN_00619540	parameter	1	param_2	/undefined4	Stack[0x8]:4	DEFAULT		0	0	no_evidence		-
006195E0	STJumpMineC::LoadImagJMine	return		<RETURN>	/undefined4	EAX:4	DEFAULT		0	0	no_evidence		-
00619A20	STJumpMineC::sub_00619A20	return		<RETURN>	/undefined	<UNASSIGNED>	DEFAULT		0	0	no_evidence		-
0061B340	STJumpMineC::sub_0061B340	return		<RETURN>	/undefined4	EAX:4	DEFAULT		0	0	no_evidence		-
0061BDB0	FUN_0061bdb0	return		<RETURN>	/undefined4	EAX:4	DEFAULT		0	0	no_evidence		-
0061C5F0	FUN_0061c5f0	return		<RETURN>	/undefined4	EAX:4	DEFAULT		0	0	no_evidence		-
0061C910	FUN_0061c910	parameter	3	param_3	/undefined4	Stack[0xc]:4	DEFAULT		0	0	no_evidence		-
0061C910	FUN_0061c910	parameter	4	param_4	/undefined4	Stack[0x10]:4	DEFAULT		0	0	no_evidence		-
0061C910	FUN_0061c910	parameter	5	param_5	/undefined4	Stack[0x14]:4	DEFAULT		0	0	no_evidence		-
0061CA90	FUN_0061ca90	return		<RETURN>	/undefined4	EAX:4	DEFAULT		0	0	no_evidence		-
0061CFB0	FUN_0061cfb0	return		<RETURN>	/undefined	<UNASSIGNED>	DEFAULT		0	0	no_evidence		-
0061D080	FUN_0061d080	parameter	1	param_1	/undefined4	Stack[0x4]:4	DEFAULT		0	0	no_evidence		-
0061D080	FUN_0061d080	return		<RETURN>	/undefined	<UNASSIGNED>	DEFAULT		0	0	no_evidence		-
0061D0C0	FUN_0061d0c0	parameter	0	param_1	/undefined4	Stack[0x4]:4	DEFAULT		0	0	no_evidence		-
0061D0C0	FUN_0061d0c0	parameter	1	param_2	/undefined4	Stack[0x8]:4	DEFAULT		0	0	no_evidence		-
0061D0C0	FUN_0061d0c0	parameter	2	param_3	/undefined4	Stack[0xc]:4	DEFAULT		0	0	no_evidence		-
0061D0C0	FUN_0061d0c0	parameter	3	param_4	/undefined4	Stack[0x10]:4	DEFAULT		0	0	no_evidence		-
0061D0C0	FUN_0061d0c0	parameter	4	param_5	/undefined4	Stack[0x14]:4	DEFAULT		0	0	no_evidence		-
0061D0C0	FUN_0061d0c0	parameter	5	param_6	/undefined4	Stack[0x18]:4	DEFAULT		0	0	no_evidence		-
0061D0C0	FUN_0061d0c0	parameter	6	param_7	/undefined4	Stack[0x1c]:4	DEFAULT		0	0	no_evidence		-
0061D0C0	FUN_0061d0c0	parameter	7	param_8	/undefined4	Stack[0x20]:4	DEFAULT		0	0	no_evidence		-
0061D0C0	FUN_0061d0c0	parameter	8	param_9	/undefined4	Stack[0x24]:4	DEFAULT		0	0	no_evidence		-
0061D0C0	FUN_0061d0c0	parameter	9	param_10	/undefined4	Stack[0x28]:4	DEFAULT		0	0	no_evidence		-
0061D0C0	FUN_0061d0c0	parameter	10	param_11	/undefined4	Stack[0x2c]:4	DEFAULT		0	0	no_evidence		-
0061D0C0	FUN_0061d0c0	parameter	11	param_12	/undefined4	Stack[0x30]:4	DEFAULT		0	0	no_evidence		-
0061D0C0	FUN_0061d0c0	return		<RETURN>	/undefined4	EAX:4	DEFAULT		0	0	no_evidence		-
0061D650	STLightC::sub_0061D650	return		<RETURN>	/undefined	<UNASSIGNED>	DEFAULT		0	0	no_evidence		-
0061D6D0	STLightC::sub_0061D6D0	return		<RETURN>	/undefined	<UNASSIGNED>	DEFAULT		0	0	no_evidence		-
0061DB80	STLightC::LoadNextLight	return		<RETURN>	/undefined4	EAX:4	DEFAULT		0	0	no_evidence		-
0061DD40	FUN_0061dd40	return		<RETURN>	/undefined4	EAX:4	DEFAULT		0	0	no_evidence		-
0061DFE0	FUN_0061dfe0	return		<RETURN>	/undefined	<UNASSIGNED>	DEFAULT		0	0	no_evidence		-
0061E110	FUN_0061e110	return		<RETURN>	/undefined4	EAX:4	DEFAULT		0	0	no_evidence		-
0061E4F0	STLightC::sub_0061E4F0	return		<RETURN>	/undefined	<UNASSIGNED>	DEFAULT		0	0	no_evidence		-
0061E770	FUN_0061e770	return		<RETURN>	/undefined	<UNASSIGNED>	DEFAULT		0	0	no_evidence		-
0061E7F0	FUN_0061e7f0	return		<RETURN>	/undefined4	EAX:4	DEFAULT		0	0	no_evidence		-
0061F290	STLightC::sub_0061F290	return		<RETURN>	/undefined4	EAX:4	DEFAULT		0	0	no_evidence		-
0061F530	STLightC::sub_0061F530	return		<RETURN>	/undefined	<UNASSIGNED>	DEFAULT		0	0	no_evidence		-
0061F5C0	FUN_0061f5c0	parameter	0	param_1	/undefined4	Stack[0x4]:4	DEFAULT		0	0	no_evidence		-
0061F5C0	FUN_0061f5c0	return		<RETURN>	/undefined	<UNASSIGNED>	DEFAULT		0	0	no_evidence		-
0061FA40	FUN_0061fa40	return		<RETURN>	/undefined4	EAX:4	DEFAULT		0	0	no_evidence		-
0061FB70	FUN_0061fb70	parameter	1	param_1	/undefined4	Stack[0x4]:4	DEFAULT		0	0	no_evidence		-
0061FB70	FUN_0061fb70	parameter	2	param_2	/undefined4	Stack[0x8]:4	DEFAULT		0	0	no_evidence		-
0061FB70	FUN_0061fb70	parameter	3	param_3	/undefined4	Stack[0xc]:4	DEFAULT		0	0	no_evidence		-
0061FB70	FUN_0061fb70	parameter	4	param_4	/undefined4	Stack[0x10]:4	DEFAULT	/uint	0	1	insufficient_independent_evidence	{/uint=1}	0061F8B0 -> 0061FB70 @ 0061F948; FUN_0061f8b0 parameter param_3
0061FC00	FUN_0061fc00	return		<RETURN>	/undefined4	EAX:4	DEFAULT		0	0	no_evidence		-
0061FCC0	SndUnderAttMenegC::sub_0061FCC0	return		<RETURN>	/undefined	<UNASSIGNED>	DEFAULT		0	0	no_evidence		-
0061FDB0	FUN_0061fdb0	return		<RETURN>	/undefined	<UNASSIGNED>	DEFAULT		0	0	no_evidence		-
0061FE80	FUN_0061fe80	parameter	4	param_4	/undefined4	Stack[0x10]:4	DEFAULT		0	0	no_evidence		-
00620030	FUN_00620030	return		<RETURN>	/undefined4	EAX:4	DEFAULT		0	0	no_evidence		-
00620160	FUN_00620160	parameter	1	param_1	/undefined4	Stack[0x4]:4	DEFAULT		0	0	no_evidence		-
00620160	FUN_00620160	parameter	3	param_3	/undefined4	Stack[0xc]:4	DEFAULT	/int	0	1	insufficient_independent_evidence	{/int=1}	0061FE80 -> 00620160 @ 0061FED6; FUN_0061fe80 parameter param_2
00620160	FUN_00620160	parameter	4	param_4	/undefined4	Stack[0x10]:4	DEFAULT		0	0	no_evidence		-
006201F0	FUN_006201f0	return		<RETURN>	/undefined4	EAX:4	DEFAULT		0	0	no_evidence		-
006202B0	FUN_006202b0	parameter	3	param_3	/undefined4	Stack[0xc]:4	DEFAULT		0	0	no_evidence		-
006202B0	FUN_006202b0	return		<RETURN>	/undefined	<UNASSIGNED>	DEFAULT		0	0	no_evidence		-
006203F0	FUN_006203f0	return		<RETURN>	/undefined4	EAX:4	DEFAULT		0	0	no_evidence		-
00620520	FUN_00620520	parameter	1	param_1	/undefined4	Stack[0x4]:4	DEFAULT		0	0	no_evidence		-
00620520	FUN_00620520	parameter	3	param_3	/undefined4	Stack[0xc]:4	DEFAULT		0	0	no_evidence		-
00620520	FUN_00620520	parameter	4	param_4	/undefined4	Stack[0x10]:4	DEFAULT	/uint	0	1	insufficient_independent_evidence	{/uint=1}	006202B0 -> 00620520 @ 0062032F; FUN_006202b0 parameter param_4
006205B0	FUN_006205b0	return		<RETURN>	/undefined4	EAX:4	DEFAULT		0	0	no_evidence		-
00620780	FUN_00620780	return		<RETURN>	/undefined4	EAX:4	DEFAULT		0	0	no_evidence		-
006208B0	FUN_006208b0	parameter	1	param_1	/undefined4	Stack[0x4]:4	DEFAULT		0	0	no_evidence		-
006208B0	FUN_006208b0	parameter	2	param_2	/undefined4	Stack[0x8]:4	DEFAULT	/int	0	1	insufficient_independent_evidence	{/int=1}	00620670 -> 006208B0 @ 006206C6; FUN_00620670 parameter param_1
006208B0	FUN_006208b0	parameter	3	param_3	/undefined4	Stack[0xc]:4	DEFAULT	/int	0	1	insufficient_independent_evidence	{/int=1}	00620670 -> 006208B0 @ 006206C6; FUN_00620670 parameter param_2
006208B0	FUN_006208b0	parameter	4	param_4	/undefined4	Stack[0x10]:4	DEFAULT		0	0	no_evidence		-
00620940	FUN_00620940	return		<RETURN>	/undefined4	EAX:4	DEFAULT		0	0	no_evidence		-
00620A00	FUN_00620a00	return		<RETURN>	/undefined	<UNASSIGNED>	DEFAULT		0	0	no_evidence		-
00620B20	FUN_00620b20	return		<RETURN>	/undefined4	EAX:4	DEFAULT		0	0	no_evidence		-
00620C50	FUN_00620c50	parameter	1	param_1	/undefined4	Stack[0x4]:4	DEFAULT		0	0	no_evidence		-
00620C50	FUN_00620c50	parameter	3	param_3	/undefined4	Stack[0xc]:4	DEFAULT		0	0	no_evidence		-
00620C50	FUN_00620c50	parameter	4	param_4	/undefined4	Stack[0x10]:4	DEFAULT	/uint	0	1	insufficient_independent_evidence	{/uint=1}	00620A00 -> 00620C50 @ 00620A56; FUN_00620a00 parameter param_3
00620CE0	FUN_00620ce0	return		<RETURN>	/undefined4	EAX:4	DEFAULT		0	0	no_evidence		-
00620DA0	FUN_00620da0	parameter	2	param_2	/undefined4	Stack[0x8]:4	DEFAULT	/int	0	1	insufficient_independent_evidence	{/int=1}	0061FE80 -> 00620DA0 @ 0061FFAF; FUN_0061fe80 parameter param_2
00620DA0	FUN_00620da0	parameter	3	param_3	/undefined4	Stack[0xc]:4	DEFAULT		0	0	no_evidence		-
00620DA0	FUN_00620da0	return		<RETURN>	/undefined4	EAX:4	DEFAULT		0	0	no_evidence		-
00620E40	FUN_00620e40	return		<RETURN>	/undefined	<UNASSIGNED>	DEFAULT		0	0	no_evidence		-
00620F60	FUN_00620f60	return		<RETURN>	/undefined4	EAX:4	DEFAULT		0	0	no_evidence		-
00621090	FUN_00621090	parameter	1	param_1	/undefined4	Stack[0x4]:4	DEFAULT		0	0	no_evidence		-
00621090	FUN_00621090	parameter	3	param_3	/undefined4	Stack[0xc]:4	DEFAULT		0	0	no_evidence		-
00621090	FUN_00621090	parameter	4	param_4	/undefined4	Stack[0x10]:4	DEFAULT	/uint	0	1	insufficient_independent_evidence	{/uint=1}	00620E40 -> 00621090 @ 00620E95; FUN_00620e40 parameter param_3
00621120	FUN_00621120	return		<RETURN>	/undefined4	EAX:4	DEFAULT		0	0	no_evidence		-
006211E0	FUN_006211e0	return		<RETURN>	/undefined	<UNASSIGNED>	DEFAULT		0	0	no_evidence		-
00621300	FUN_00621300	return		<RETURN>	/undefined4	EAX:4	DEFAULT		0	0	no_evidence		-
00621430	FUN_00621430	parameter	1	param_1	/undefined4	Stack[0x4]:4	DEFAULT		0	0	no_evidence		-
00621430	FUN_00621430	parameter	3	param_3	/undefined4	Stack[0xc]:4	DEFAULT		0	0	no_evidence		-
00621430	FUN_00621430	parameter	4	param_4	/undefined4	Stack[0x10]:4	DEFAULT	/uint	0	1	insufficient_independent_evidence	{/uint=1}	006211E0 -> 00621430 @ 00621236; FUN_006211e0 parameter param_3
006214C0	FUN_006214c0	return		<RETURN>	/undefined4	EAX:4	DEFAULT		0	0	no_evidence		-
00621580	FUN_00621580	return		<RETURN>	/undefined	<UNASSIGNED>	DEFAULT		0	0	no_evidence		-
006216E0	FUN_006216e0	parameter	1	param_1	/undefined4	Stack[0x4]:4	DEFAULT		0	0	no_evidence		-
00621780	FUN_00621780	return		<RETURN>	/undefined	<UNASSIGNED>	DEFAULT		0	0	no_evidence		-
00621A70	FUN_00621a70	return		<RETURN>	/undefined	<UNASSIGNED>	DEFAULT		0	0	no_evidence		-
00622670	STMineSetC::sub_00622670	return		<RETURN>	/undefined	<UNASSIGNED>	DEFAULT		0	0	no_evidence		-
00622880	STMineSetC::sub_00622880	return		<RETURN>	/undefined	<UNASSIGNED>	DEFAULT		0	0	no_evidence		-
00622BA0	STMineSetC::sub_00622BA0	return		<RETURN>	/undefined4	EAX:4	DEFAULT		0	0	no_evidence		-
00623040	FUN_00623040	parameter	1	param_2	/undefined4	Stack[0x8]:4	DEFAULT		0	0	no_evidence		-
00623170	STMineSetC::LoadImagMineSet	return		<RETURN>	/undefined4	EAX:4	DEFAULT		0	0	no_evidence		-
00623600	FUN_00623600	return		<RETURN>	/undefined	<UNASSIGNED>	DEFAULT		0	0	no_evidence		-
006239A0	STMineSetC::sub_006239A0	return		<RETURN>	/undefined4	EAX:4	DEFAULT		0	0	no_evidence		-
00624140	FUN_00624140	return		<RETURN>	/undefined4	EAX:4	DEFAULT		0	0	no_evidence		-
00624570	FUN_00624570	return		<RETURN>	/undefined4	EAX:4	DEFAULT		0	0	no_evidence		-
00624920	STMineSetC::sub_00624920	return		<RETURN>	/undefined4	EAX:4	DEFAULT		0	0	no_evidence		-
006253B0	FUN_006253b0	parameter	0	param_1	/undefined4	Stack[0x4]:4	DEFAULT		0	0	no_evidence		-
006253B0	FUN_006253b0	parameter	1	param_2	/undefined4	Stack[0x8]:4	DEFAULT		0	0	no_evidence		-
006253B0	FUN_006253b0	parameter	4	param_5	/undefined4	Stack[0x14]:4	DEFAULT		0	0	no_evidence		-
006253B0	FUN_006253b0	return		<RETURN>	/undefined4	EAX:4	DEFAULT		0	0	no_evidence		-
006255B0	FUN_006255b0	parameter	2	param_2	/undefined4	Stack[0x8]:4	DEFAULT		0	0	no_evidence		-
006255B0	FUN_006255b0	return		<RETURN>	/undefined4	EAX:4	DEFAULT		0	0	no_evidence		-
00625730	STMineSetC::sub_00625730	return		<RETURN>	/undefined4	EAX:4	DEFAULT		0	0	no_evidence		-
006263B0	FUN_006263b0	return		<RETURN>	/undefined4	EAX:4	DEFAULT		0	0	no_evidence		-
006264D0	FUN_006264d0	return		<RETURN>	/undefined4	EAX:4	DEFAULT		0	0	no_evidence		-
00626BC0	FUN_00626bc0	return		<RETURN>	/undefined	<UNASSIGNED>	DEFAULT		0	0	no_evidence		-
00626C00	FUN_00626c00	return		<RETURN>	/undefined	<UNASSIGNED>	DEFAULT		0	0	no_evidence		-
00626C90	FUN_00626c90	return		<RETURN>	/undefined	<UNASSIGNED>	DEFAULT		0	0	no_evidence		-
00626D70	FUN_00626d70	return		<RETURN>	/undefined	<UNASSIGNED>	DEFAULT		0	0	no_evidence		-
00626E60	FUN_00626e60	return		<RETURN>	/undefined	<UNASSIGNED>	DEFAULT		0	0	no_evidence		-
00626EC0	FUN_00626ec0	return		<RETURN>	/undefined	<UNASSIGNED>	DEFAULT		0	0	no_evidence		-
00626F10	FUN_00626f10	return		<RETURN>	/undefined4	EAX:4	DEFAULT		0	0	no_evidence		-
00626FC0	FUN_00626fc0	return		<RETURN>	/undefined	<UNASSIGNED>	DEFAULT		0	0	no_evidence		-
00627050	FUN_00627050	return		<RETURN>	/undefined	<UNASSIGNED>	DEFAULT		0	0	no_evidence		-
00627170	FUN_00627170	return		<RETURN>	/undefined	<UNASSIGNED>	DEFAULT		0	0	no_evidence		-
00627200	FUN_00627200	parameter	1	param_1	/undefined4	Stack[0x4]:4	DEFAULT		0	0	no_evidence		-
00627200	FUN_00627200	return		<RETURN>	/undefined4	EAX:4	DEFAULT		0	0	no_evidence		-
00627250	FUN_00627250	return		<RETURN>	/undefined	<UNASSIGNED>	DEFAULT		0	0	no_evidence		-
00627280	FUN_00627280	return		<RETURN>	/undefined4	EAX:4	DEFAULT		0	0	no_evidence		-
00627400	STMineSetC::sub_00627400	parameter	1	param_1	/undefined4	Stack[0x4]:4	DEFAULT		0	0	no_evidence		-
00627400	STMineSetC::sub_00627400	return		<RETURN>	/undefined4	EAX:4	DEFAULT		0	0	no_evidence		-
00627650	FUN_00627650	parameter	1	param_1	/undefined4	Stack[0x4]:4	DEFAULT		0	0	no_evidence		-
00627650	FUN_00627650	return		<RETURN>	/undefined	<UNASSIGNED>	DEFAULT		0	0	no_evidence		-
00627670	FUN_00627670	return		<RETURN>	/undefined4	EAX:4	DEFAULT		0	0	no_evidence		-
00627700	FUN_00627700	return		<RETURN>	/undefined	<UNASSIGNED>	DEFAULT		0	0	no_evidence		-
00627790	FUN_00627790	return		<RETURN>	/undefined	<UNASSIGNED>	DEFAULT		0	0	no_evidence		-
00627850	FUN_00627850	parameter	0	param_1	/undefined4	Stack[0x4]:4	DEFAULT		0	0	no_evidence		-
00627850	FUN_00627850	parameter	1	param_2	/undefined4	Stack[0x8]:4	DEFAULT		0	0	no_evidence		-
00627850	FUN_00627850	parameter	2	param_3	/undefined4	Stack[0xc]:4	DEFAULT		0	0	no_evidence		-
00627850	FUN_00627850	parameter	3	param_4	/undefined4	Stack[0x10]:4	DEFAULT		0	0	no_evidence		-
00627850	FUN_00627850	parameter	7	param_8	/undefined4	Stack[0x20]:4	DEFAULT		0	0	no_evidence		-
00627850	FUN_00627850	parameter	9	param_10	/undefined4	Stack[0x28]:4	DEFAULT		0	0	no_evidence		-
00627850	FUN_00627850	return		<RETURN>	/undefined	<UNASSIGNED>	DEFAULT		0	0	no_evidence		-
00627A60	FUN_00627a60	return		<RETURN>	/undefined	<UNASSIGNED>	DEFAULT		0	0	no_evidence		-
00627D90	FUN_00627d90	parameter	0	param_1	/undefined4	Stack[0x4]:4	DEFAULT		0	0	no_evidence		-
00627D90	FUN_00627d90	return		<RETURN>	/undefined4	EAX:4	DEFAULT		0	0	no_evidence		-
00627DB0	FUN_00627db0	return		<RETURN>	/undefined	<UNASSIGNED>	DEFAULT		0	0	no_evidence		-
00627E80	FUN_00627e80	return		<RETURN>	/undefined	<UNASSIGNED>	DEFAULT		0	0	no_evidence		-
00629070	STParticleC::InitVisibelFlight	return		<RETURN>	/undefined4	EAX:4	DEFAULT		0	0	no_evidence		-
00629830	STParticleC::sub_00629830	return		<RETURN>	/undefined	<UNASSIGNED>	DEFAULT		0	0	no_evidence		-
006298A0	STParticleC::InitVisibelDeton	return		<RETURN>	/undefined4	EAX:4	DEFAULT		0	0	no_evidence		-
00629F20	STParticleC::sub_00629F20	return		<RETURN>	/undefined	<UNASSIGNED>	DEFAULT		0	0	no_evidence		-
00629F90	STParticleC::sub_00629F90	parameter	2	param_2	/undefined4	Stack[0x8]:4	DEFAULT	/uint	0	1	insufficient_independent_evidence	{/uint=1}	00627EB0 -> 00629F90 @ 00627F75; /STPlaySystemC+0xe4
00629F90	STParticleC::sub_00629F90	return		<RETURN>	/undefined4	EAX:4	DEFAULT		0	0	no_evidence		-
0062A8B0	FUN_0062a8b0	return		<RETURN>	/undefined4	EAX:4	DEFAULT		0	0	no_evidence		-
0062AB10	FUN_0062ab10	return		<RETURN>	/undefined4	EAX:4	DEFAULT		0	0	no_evidence		-
0062AEF0	STParticleC::sub_0062AEF0	return		<RETURN>	/undefined	<UNASSIGNED>	DEFAULT		0	0	no_evidence		-
0062AF40	FUN_0062af40	return		<RETURN>	/undefined	<UNASSIGNED>	DEFAULT		0	0	no_evidence		-
0062AF90	FUN_0062af90	return		<RETURN>	/undefined	<UNASSIGNED>	DEFAULT		0	0	no_evidence		-
0062B300	FUN_0062b300	return		<RETURN>	/undefined4	EAX:4	DEFAULT		0	0	no_evidence		-
0062B420	FUN_0062b420	parameter	1	param_2	/undefined4	Stack[0x8]:4	DEFAULT		0	0	no_evidence		-
0062B680	FUN_0062b680	parameter	6	param_7	/undefined4	Stack[0x1c]:4	DEFAULT		0	0	no_evidence		-
0062B680	FUN_0062b680	return		<RETURN>	/undefined	<UNASSIGNED>	DEFAULT		0	0	no_evidence		-
0062B770	FUN_0062b770	parameter	0	param_1	/undefined4	Stack[0x4]:4	DEFAULT		0	0	no_evidence		-
0062B770	FUN_0062b770	parameter	1	param_2	/undefined4	Stack[0x8]:4	DEFAULT		0	0	no_evidence		-
0062B770	FUN_0062b770	parameter	2	param_3	/undefined4	Stack[0xc]:4	DEFAULT		0	0	no_evidence		-
0062B770	FUN_0062b770	parameter	3	param_4	/undefined4	Stack[0x10]:4	DEFAULT		0	0	no_evidence		-
0062B770	FUN_0062b770	parameter	5	param_6	/undefined4	Stack[0x18]:4	DEFAULT		0	0	no_evidence		-
0062B770	FUN_0062b770	parameter	6	param_7	/undefined4	Stack[0x1c]:4	DEFAULT		0	0	no_evidence		-
0062B770	FUN_0062b770	parameter	7	param_8	/undefined4	Stack[0x20]:4	DEFAULT		0	0	no_evidence		-
0062B830	FUN_0062b830	parameter	3	param_4	/undefined4	Stack[0x10]:4	DEFAULT		0	0	no_evidence		-
0062B830	FUN_0062b830	parameter	5	param_6	/undefined4	Stack[0x18]:4	DEFAULT		0	0	no_evidence		-
0062B830	FUN_0062b830	parameter	6	param_7	/undefined4	Stack[0x1c]:4	DEFAULT		0	0	no_evidence		-
0062B830	FUN_0062b830	return		<RETURN>	/undefined	<UNASSIGNED>	DEFAULT		0	0	no_evidence		-
0062B990	FUN_0062b990	parameter	0	param_1	/undefined4	Stack[0x4]:4	DEFAULT		0	0	no_evidence		-
0062B990	FUN_0062b990	parameter	1	param_2	/undefined4	Stack[0x8]:4	DEFAULT		0	0	no_evidence		-
0062B990	FUN_0062b990	parameter	2	param_3	/undefined4	Stack[0xc]:4	DEFAULT		0	0	no_evidence		-
0062B990	FUN_0062b990	parameter	3	param_4	/undefined4	Stack[0x10]:4	DEFAULT		0	0	no_evidence		-
0062B990	FUN_0062b990	parameter	5	param_6	/undefined4	Stack[0x18]:4	DEFAULT		0	0	no_evidence		-
0062B990	FUN_0062b990	parameter	6	param_7	/undefined4	Stack[0x1c]:4	DEFAULT		0	0	no_evidence		-
0062B990	FUN_0062b990	return		<RETURN>	/undefined	<UNASSIGNED>	DEFAULT		0	0	no_evidence		-
0062BA50	FUN_0062ba50	return		<RETURN>	/undefined4	EAX:4	DEFAULT		0	0	no_evidence		-
0062BBC0	FUN_0062bbc0	parameter	8	param_9	/undefined4	Stack[0x24]:4	DEFAULT		0	0	no_evidence		-
0062BBC0	FUN_0062bbc0	parameter	9	param_10	/undefined4	Stack[0x28]:4	DEFAULT		0	0	no_evidence		-
0062BEC0	FUN_0062bec0	return		<RETURN>	/undefined	<UNASSIGNED>	DEFAULT		0	0	no_evidence		-
0062BFF0	FUN_0062bff0	return		<RETURN>	/undefined4	EAX:4	DEFAULT		0	0	no_evidence		-
0062CA00	FUN_0062ca00	return		<RETURN>	/undefined4	EAX:4	DEFAULT		0	0	no_evidence		-
0062CAC0	FUN_0062cac0	parameter	4	param_5	/undefined4	Stack[0x14]:4	DEFAULT		0	0	no_evidence		-
0062CAC0	FUN_0062cac0	return		<RETURN>	/undefined4	EAX:4	DEFAULT		0	0	no_evidence		-
0062CF50	STManRub3C::sub_0062CF50	return		<RETURN>	/undefined	<UNASSIGNED>	DEFAULT		0	0	no_evidence		-
0062D120	FUN_0062d120	return		<RETURN>	/undefined4	EAX:4	DEFAULT		0	0	no_evidence		-
0062D2D0	FUN_0062d2d0	parameter	4	param_4	/undefined4	Stack[0x10]:4	DEFAULT		0	0	no_evidence		-
0062D2D0	FUN_0062d2d0	return		<RETURN>	/undefined4	EAX:4	DEFAULT		0	0	no_evidence		-
0062DB10	FUN_0062db10	return		<RETURN>	/undefined	<UNASSIGNED>	DEFAULT		0	0	no_evidence		-
0062DD00	FUN_0062dd00	return		<RETURN>	/undefined	<UNASSIGNED>	DEFAULT		0	0	no_evidence		-
0062DD40	STManRub3C::sub_0062DD40	return		<RETURN>	/undefined	<UNASSIGNED>	DEFAULT		0	0	no_evidence		-
0062E0F0	FUN_0062e0f0	return		<RETURN>	/undefined	<UNASSIGNED>	DEFAULT		0	0	no_evidence		-
0062E130	STManRub3C::sub_0062E130	return		<RETURN>	/undefined	<UNASSIGNED>	DEFAULT		0	0	no_evidence		-
0062E170	FUN_0062e170	parameter	0	param_1	/undefined4	Stack[0x4]:4	DEFAULT		0	0	no_evidence		-
0062E170	FUN_0062e170	parameter	4	param_5	/undefined4	Stack[0x14]:4	DEFAULT	/int	0	1	insufficient_independent_evidence	{/int=1}	0062E240 -> 0062E170 @ 0062E335; FUN_0062e240 parameter param_5
0062E170	FUN_0062e170	parameter	5	param_6	/undefined4	Stack[0x18]:4	DEFAULT		0	0	no_evidence		-
0062E170	FUN_0062e170	parameter	6	param_7	/undefined4	Stack[0x1c]:4	DEFAULT		0	0	no_evidence		-
0062E170	FUN_0062e170	return		<RETURN>	/undefined	<UNASSIGNED>	DEFAULT		0	0	no_evidence		-
0062E240	FUN_0062e240	parameter	1	param_1	/undefined4	Stack[0x4]:4	DEFAULT		0	0	no_evidence		-
0062E240	FUN_0062e240	return		<RETURN>	/undefined	<UNASSIGNED>	DEFAULT		0	0	no_evidence		-
0062E3A0	FUN_0062e3a0	return		<RETURN>	/undefined	<UNASSIGNED>	DEFAULT		0	0	no_evidence		-
0062E440	FUN_0062e440	parameter	1	param_2	/undefined2	Stack[0x8]:2	DEFAULT		0	0	no_evidence		-
0062E440	FUN_0062e440	parameter	2	param_3	/undefined2	Stack[0xc]:2	DEFAULT		0	0	no_evidence		-
0062E440	FUN_0062e440	parameter	3	param_4	/undefined2	Stack[0x10]:2	DEFAULT		0	0	no_evidence		-
0062E440	FUN_0062e440	return		<RETURN>	/undefined4	EAX:4	DEFAULT		0	0	no_evidence		-
0062E490	FUN_0062e490	return		<RETURN>	/undefined4	EAX:4	DEFAULT		0	0	no_evidence		-
0062E520	FUN_0062e520	return		<RETURN>	/undefined	<UNASSIGNED>	DEFAULT	/uint	1	1	width_mismatch	{/uint=1}	0062E520 returns return of FUN_0062dbd0 @ 0062E531
0062E610	FUN_0062e610	return		<RETURN>	/undefined	<UNASSIGNED>	DEFAULT	/uint	1	1	width_mismatch	{/uint=1}	0062E610 returns return of FUN_0062dfd0 @ 0062E625
0062E640	FUN_0062e640	return		<RETURN>	/undefined4	EAX:4	DEFAULT		0	0	no_evidence		-
0062E6B0	FUN_0062e6b0	return		<RETURN>	/undefined4	EAX:4	DEFAULT		0	0	no_evidence		-
0062EF00	STRubbishC::sub_0062EF00	return		<RETURN>	/undefined4	EAX:4	DEFAULT		0	0	no_evidence		-
0062F080	FUN_0062f080	parameter	2	param_2	/undefined4	Stack[0x8]:4	DEFAULT		0	0	no_evidence		-
0062F080	FUN_0062f080	parameter	3	param_3	/undefined4	Stack[0xc]:4	DEFAULT		0	0	no_evidence		-
0062F080	FUN_0062f080	return		<RETURN>	/undefined4	EAX:4	DEFAULT		0	0	no_evidence		-
0062F0D0	FUN_0062f0d0	return		<RETURN>	/undefined	<UNASSIGNED>	DEFAULT		0	0	no_evidence		-
0062F150	FUN_0062f150	return		<RETURN>	/undefined	<UNASSIGNED>	DEFAULT		0	0	no_evidence		-
0062F3B0	STRubbishC::LoadImagSpr	parameter	3	param_3	/undefined4	Stack[0xc]:4	DEFAULT		0	0	no_evidence		-
0062F3B0	STRubbishC::LoadImagSpr	return		<RETURN>	/undefined4	EAX:4	DEFAULT		0	0	no_evidence		-
0062F6C0	FUN_0062f6c0	return		<RETURN>	/undefined4	EAX:4	DEFAULT		0	0	no_evidence		-
0062F7A0	FUN_0062f7a0	return		<RETURN>	/undefined	<UNASSIGNED>	DEFAULT		0	0	no_evidence		-
0062F830	FUN_0062f830	return		<RETURN>	/undefined4	EAX:4	DEFAULT		0	0	no_evidence		-
0062F900	STRubbishC::sub_0062F900	return		<RETURN>	/undefined	<UNASSIGNED>	DEFAULT		0	0	no_evidence		-
0062F940	FUN_0062f940	return		<RETURN>	/undefined	<UNASSIGNED>	DEFAULT	pointer:/byte	1	1	width_mismatch	{pointer:/byte=1}	0062F940 returns used as parameter 2 of STPlaySystemC::SaveObjData @ 0062EB26
0062FE00	FUN_0062fe00	return		<RETURN>	/undefined	<UNASSIGNED>	DEFAULT		0	0	no_evidence		-
00630000	FUN_00630000	return		<RETURN>	/undefined	<UNASSIGNED>	DEFAULT		0	0	no_evidence		-
00630160	FUN_00630160	return		<RETURN>	/undefined4	EAX:4	DEFAULT		0	0	no_evidence		-
006301B0	FUN_006301b0	return		<RETURN>	/undefined	<UNASSIGNED>	DEFAULT	/int	1	1	width_mismatch	{/int=1}	006301B0 returns return of STRubbishC::sub_0062FCA0 @ 006301BD
00630220	FUN_00630220	return		<RETURN>	/undefined4	EAX:4	DEFAULT		0	0	no_evidence		-
00630340	FUN_00630340	return		<RETURN>	/undefined4	EAX:4	DEFAULT		0	0	no_evidence		-
006308B0	FUN_006308b0	return		<RETURN>	/undefined	<UNASSIGNED>	DEFAULT		0	0	no_evidence		-
006308F0	STManRuinC::sub_006308F0	parameter	5	param_5	/undefined4	Stack[0x14]:4	DEFAULT		0	0	no_evidence		-
00630AC0	STManRuinC::sub_00630AC0	return		<RETURN>	/undefined4	EAX:4	DEFAULT		0	0	no_evidence		-
00630BB0	STManRuinC::sub_00630BB0	parameter	4	param_4	/undefined4	Stack[0x10]:4	DEFAULT		0	0	no_evidence		-
00630BB0	STManRuinC::sub_00630BB0	parameter	6	param_6	/undefined4	Stack[0x18]:4	DEFAULT	/int	0	1	insufficient_independent_evidence	{/int=1}	00631190 -> 00630BB0 @ 006311CA; STManRuinC::FUN_00631190 parameter param_7
00630C50	STManRuinC::sub_00630C50	parameter	1	param_1	/undefined4	Stack[0x4]:4	DEFAULT		0	0	no_evidence		-
00630FF0	FUN_00630ff0	return		<RETURN>	/undefined4	EAX:4	DEFAULT		0	0	no_evidence		-
00631010	STManRuinC::sub_00631010	return		<RETURN>	/undefined	<UNASSIGNED>	DEFAULT		0	0	no_evidence		-
00631190	STManRuinC::FUN_00631190	parameter	6	param_6	/undefined4	Stack[0x18]:4	DEFAULT		0	0	no_evidence		-
00631190	STManRuinC::FUN_00631190	return		<RETURN>	/undefined4	EAX:4	DEFAULT		0	0	no_evidence		-
00631220	STManRuinC::sub_00631220	return		<RETURN>	/undefined	<UNASSIGNED>	DEFAULT	pointer:/byte	1	1	width_mismatch	{pointer:/byte=1}	00631220 returns used as parameter 2 of STPlaySystemC::SaveObjData @ 00630702
00631390	STManRuinC::sub_00631390	return		<RETURN>	/undefined4	EAX:4	DEFAULT		0	0	no_evidence		-
00631450	STManRuinC::sub_00631450	return		<RETURN>	/undefined4	EAX:4	DEFAULT		0	0	no_evidence		-
00631510	STManRuinC::sub_00631510	parameter	1	param_1	/undefined4	Stack[0x4]:4	DEFAULT		0	0	no_evidence		-
00631510	STManRuinC::sub_00631510	return		<RETURN>	/undefined	<UNASSIGNED>	DEFAULT	/uint	1	1	width_mismatch	{/uint=1}	00631510 returns return of STManRuinC::sub_006308F0 @ 0063154D
00631560	STManRuinC::sub_00631560	return		<RETURN>	/undefined	<UNASSIGNED>	DEFAULT		0	0	no_evidence		-
006315D0	FUN_006315d0	return		<RETURN>	/undefined	<UNASSIGNED>	DEFAULT		0	0	no_evidence		-
00631880	STManRuinC::sub_00631880	parameter	2	param_2	/undefined4	Stack[0x8]:4	DEFAULT		0	0	no_evidence		-
00631910	FUN_00631910	parameter	1	param_1	/undefined4	Stack[0x4]:4	DEFAULT		0	0	no_evidence		-
00631910	FUN_00631910	parameter	2	param_2	/undefined4	Stack[0x8]:4	DEFAULT		0	0	no_evidence		-
00631910	FUN_00631910	parameter	3	param_3	/undefined4	Stack[0xc]:4	DEFAULT		0	0	no_evidence		-
00631910	FUN_00631910	parameter	4	param_4	/undefined4	Stack[0x10]:4	DEFAULT		0	0	no_evidence		-
00631910	FUN_00631910	parameter	7	param_7	/undefined4	Stack[0x1c]:4	DEFAULT		0	0	no_evidence		-
00631910	FUN_00631910	parameter	8	param_8	/undefined4	Stack[0x20]:4	DEFAULT		0	0	no_evidence		-
006319E0	FUN_006319e0	return		<RETURN>	/undefined4	EAX:4	DEFAULT		0	0	no_evidence		-
00631AA0	FUN_00631aa0	parameter	1	param_1	/undefined4	Stack[0x4]:4	DEFAULT		0	0	no_evidence		-
00631AA0	FUN_00631aa0	parameter	2	param_2	/undefined4	Stack[0x8]:4	DEFAULT		0	0	no_evidence		-
00631AA0	FUN_00631aa0	parameter	3	param_3	/undefined4	Stack[0xc]:4	DEFAULT		0	0	no_evidence		-
00631AA0	FUN_00631aa0	parameter	4	param_4	/undefined4	Stack[0x10]:4	DEFAULT		0	0	no_evidence		-
00631AA0	FUN_00631aa0	parameter	5	param_5	/undefined4	Stack[0x14]:4	DEFAULT		0	0	no_evidence		-
00631AA0	FUN_00631aa0	parameter	6	param_6	/undefined4	Stack[0x18]:4	DEFAULT		0	0	no_evidence		-
00631AA0	FUN_00631aa0	parameter	7	param_7	/undefined4	Stack[0x1c]:4	DEFAULT		0	0	no_evidence		-
00631AA0	FUN_00631aa0	parameter	8	param_8	/undefined4	Stack[0x20]:4	DEFAULT		0	0	no_evidence		-
00631B60	FUN_00631b60	return		<RETURN>	/undefined4	EAX:4	DEFAULT		0	0	no_evidence		-
00631C20	FUN_00631c20	parameter	4	param_4	/undefined4	Stack[0x10]:4	DEFAULT		0	0	no_evidence		-
00631C20	FUN_00631c20	parameter	5	param_5	/undefined4	Stack[0x14]:4	DEFAULT		0	0	no_evidence		-
00631C20	FUN_00631c20	parameter	6	param_6	/undefined4	Stack[0x18]:4	DEFAULT		0	0	no_evidence		-
00631C20	FUN_00631c20	return		<RETURN>	/undefined	<UNASSIGNED>	DEFAULT		0	0	no_evidence		-
00631E00	FUN_00631e00	return		<RETURN>	/undefined4	EAX:4	DEFAULT		0	0	no_evidence		-
00631F90	FUN_00631f90	return		<RETURN>	/undefined	<UNASSIGNED>	DEFAULT		0	0	no_evidence		-
00632030	FUN_00632030	return		<RETURN>	/undefined	<UNASSIGNED>	DEFAULT		0	0	no_evidence		-
006324C0	FUN_006324c0	parameter	2	param_2	/undefined4	Stack[0x8]:4	DEFAULT		0	0	no_evidence		-
00632650	FUN_00632650	parameter	3	param_3	/undefined4	Stack[0xc]:4	DEFAULT		0	0	no_evidence		-
00632650	FUN_00632650	return		<RETURN>	/undefined4	EAX:4	DEFAULT		0	0	no_evidence		-
00632A00	STTeamLissagC::InitVisibelSystem	return		<RETURN>	/undefined	<UNASSIGNED>	DEFAULT		0	0	no_evidence		-
00632E30	FUN_00632e30	return		<RETURN>	/undefined4	EAX:4	DEFAULT		0	0	no_evidence		-
00633770	FUN_00633770	return		<RETURN>	/undefined	<UNASSIGNED>	DEFAULT		0	0	no_evidence		-
00635A40	FUN_00635a40	return		<RETURN>	/undefined	<UNASSIGNED>	DEFAULT		0	0	no_evidence		-
00635BF0	FUN_00635bf0	return		<RETURN>	/undefined4	EAX:4	DEFAULT		0	0	no_evidence		-
00635DA0	FUN_00635da0	return		<RETURN>	/undefined4	EAX:4	DEFAULT		0	0	no_evidence		-
00635F50	FUN_00635f50	return		<RETURN>	/undefined	<UNASSIGNED>	DEFAULT		0	0	no_evidence		-
00636170	FUN_00636170	return		<RETURN>	/undefined4	EAX:4	DEFAULT		0	0	no_evidence		-
00636260	SubmarineTitans::Recovered::HiddenThis::AnonReceiver_00636260::FUN_00636260	return		<RETURN>	/undefined4	EAX:4	DEFAULT		0	0	no_evidence		-
00636750	FUN_00636750	return		<RETURN>	/undefined	<UNASSIGNED>	DEFAULT		0	0	no_evidence		-
006367D0	FUN_006367d0	return		<RETURN>	/undefined4	EAX:4	DEFAULT		0	0	no_evidence		-
00637180	FUN_00637180	return		<RETURN>	/undefined	<UNASSIGNED>	DEFAULT		0	0	no_evidence		-
006372E0	FUN_006372e0	return		<RETURN>	/undefined4	EAX:4	DEFAULT		0	0	no_evidence		-
00637350	FUN_00637350	parameter	7	param_8	/undefined4	Stack[0x20]:4	DEFAULT		0	0	no_evidence		-
006377B0	FUN_006377b0	return		<RETURN>	/undefined	<UNASSIGNED>	DEFAULT		0	0	no_evidence		-
00637C50	FUN_00637c50	return		<RETURN>	/undefined	<UNASSIGNED>	DEFAULT		0	0	no_evidence		-
00637D80	FUN_00637d80	return		<RETURN>	/undefined	<UNASSIGNED>	DEFAULT		0	0	no_evidence		-
00637E60	FUN_00637e60	return		<RETURN>	/undefined	<UNASSIGNED>	DEFAULT		0	0	no_evidence		-
00637F40	FUN_00637f40	return		<RETURN>	/undefined	<UNASSIGNED>	DEFAULT		0	0	no_evidence		-
00638070	FUN_00638070	return		<RETURN>	/undefined	<UNASSIGNED>	DEFAULT		0	0	no_evidence		-
00638230	FUN_00638230	parameter	0	param_1	/undefined4	Stack[0x4]:4	DEFAULT		0	0	no_evidence		-
00638230	FUN_00638230	return		<RETURN>	/undefined	<UNASSIGNED>	DEFAULT		0	0	no_evidence		-
006383E0	FUN_006383e0	parameter	3	param_4	/undefined4	Stack[0x10]:4	DEFAULT		0	0	no_evidence		-
006383E0	FUN_006383e0	parameter	6	param_7	/undefined4	Stack[0x1c]:4	DEFAULT		0	0	no_evidence		-
006383E0	FUN_006383e0	parameter	7	param_8	/undefined4	Stack[0x20]:4	DEFAULT		0	0	no_evidence		-
00638830	FUN_00638830	parameter	0	param_1	/undefined4	Stack[0x4]:4	DEFAULT		0	0	no_evidence		-
00638830	FUN_00638830	return		<RETURN>	/undefined	<UNASSIGNED>	DEFAULT		0	0	no_evidence		-
006389F0	FUN_006389f0	return		<RETURN>	/undefined4	EAX:4	DEFAULT		0	0	no_evidence		-
00638CA0	FUN_00638ca0	return		<RETURN>	/undefined4	EAX:4	DEFAULT		0	0	no_evidence		-
00639500	FUN_00639500	parameter	1	param_1	/undefined4	Stack[0x4]:4	DEFAULT	/uint	0	1	insufficient_independent_evidence	{/uint=1}	00638CA0 -> 00639500 @ 00638D0D; /STPlaySystemC+0xe4
00639500	FUN_00639500	return		<RETURN>	/undefined	<UNASSIGNED>	DEFAULT		0	0	no_evidence		-
00639630	FUN_00639630	return		<RETURN>	/undefined	<UNASSIGNED>	DEFAULT		0	0	no_evidence		-
00639990	FUN_00639990	return		<RETURN>	/undefined4	EAX:4	DEFAULT		0	0	no_evidence		-
00639C90	FUN_00639c90	return		<RETURN>	/undefined4	EAX:4	DEFAULT		0	0	no_evidence		-
0063C030	FUN_0063c030	parameter	1	param_1	/undefined4	Stack[0x4]:4	DEFAULT	/uint	0	1	insufficient_independent_evidence	{/uint=1}	00639C90 -> 0063C030 @ 00639D04; /STPlaySystemC+0xe4
0063C030	FUN_0063c030	return		<RETURN>	/undefined	<UNASSIGNED>	DEFAULT		0	0	no_evidence		-
0063CA50	FUN_0063ca50	parameter	1	param_1	/undefined4	Stack[0x4]:4	DEFAULT		0	0	no_evidence		-
0063CA50	FUN_0063ca50	return		<RETURN>	/undefined4	EAX:4	DEFAULT		0	0	no_evidence		-
0063CB30	FUN_0063cb30	return		<RETURN>	/undefined4	EAX:4	DEFAULT		0	0	no_evidence		-
0063CC10	FUN_0063cc10	return		<RETURN>	/undefined	<UNASSIGNED>	DEFAULT		0	0	no_evidence		-
0063CC50	FUN_0063cc50	return		<RETURN>	/undefined4	EAX:4	DEFAULT		0	0	no_evidence		-
0063D100	FUN_0063d100	return		<RETURN>	/undefined	<UNASSIGNED>	DEFAULT		0	0	no_evidence		-
0063D410	FUN_0063d410	return		<RETURN>	/undefined	<UNASSIGNED>	DEFAULT		0	0	no_evidence		-
0063D460	FUN_0063d460	parameter	1	param_1	/undefined4	Stack[0x4]:4	DEFAULT		0	0	no_evidence		-
0063D460	FUN_0063d460	parameter	2	param_2	/undefined4	Stack[0x8]:4	DEFAULT		0	0	no_evidence		-
0063D660	FUN_0063d660	return		<RETURN>	/undefined4	EAX:4	DEFAULT		0	0	no_evidence		-
0063DDB0	STTmMineC::FUN_0063ddb0	return		<RETURN>	/undefined	<UNASSIGNED>	DEFAULT		0	0	no_evidence		-
0063DE20	FUN_0063de20	return		<RETURN>	/undefined	<UNASSIGNED>	DEFAULT		0	0	no_evidence		-
0063DEF0	STTmMineC::LoadImagNuclear	return		<RETURN>	/undefined4	EAX:4	DEFAULT		0	0	no_evidence		-
0063E160	STTmMineC::LoadImagSpr	return		<RETURN>	/undefined4	EAX:4	DEFAULT		0	0	no_evidence		-
0063E660	FUN_0063e660	return		<RETURN>	/undefined	<UNASSIGNED>	DEFAULT		0	0	no_evidence		-
0063F340	FUN_0063f340	return		<RETURN>	/undefined	<UNASSIGNED>	DEFAULT		0	0	no_evidence		-
0063F3D0	STTmMineC::LoadImagVacuum	return		<RETURN>	/undefined4	EAX:4	DEFAULT		0	0	no_evidence		-
0063FE70	FUN_0063fe70	return		<RETURN>	/undefined	<UNASSIGNED>	DEFAULT		0	0	no_evidence		-
00640130	FUN_00640130	return		<RETURN>	/undefined	<UNASSIGNED>	DEFAULT		0	0	no_evidence		-
00640170	FUN_00640170	parameter	3	param_3	/undefined4	Stack[0xc]:4	DEFAULT		0	0	no_evidence		-
00640170	FUN_00640170	return		<RETURN>	/undefined4	EAX:4	DEFAULT		0	0	no_evidence		-
00640240	FUN_00640240	return		<RETURN>	/undefined	<UNASSIGNED>	DEFAULT		0	0	no_evidence		-
00640320	FUN_00640320	parameter	1	param_2	/undefined4	Stack[0x8]:4	DEFAULT		0	0	no_evidence		-
00640320	FUN_00640320	return		<RETURN>	/undefined	<UNASSIGNED>	DEFAULT		0	0	no_evidence		-
00640390	FUN_00640390	return		<RETURN>	/undefined	<UNASSIGNED>	DEFAULT		0	0	no_evidence		-
006404B0	FUN_006404b0	return		<RETURN>	/undefined	<UNASSIGNED>	DEFAULT		0	0	no_evidence		-
006405F0	FUN_006405f0	parameter	1	param_2	/undefined4	Stack[0x8]:4	DEFAULT		0	0	no_evidence		-
006405F0	FUN_006405f0	parameter	2	param_3	/undefined4	Stack[0xc]:4	DEFAULT		0	0	no_evidence		-
00643E20	FUN_00643e20	parameter	1	param_2	/undefined4	EDX:4	DEFAULT		0	0	no_evidence		-
00643E20	FUN_00643e20	return		<RETURN>	/undefined4	EAX:4	DEFAULT		0	0	no_evidence		-
006443C0	FUN_006443c0	return		<RETURN>	/undefined	<UNASSIGNED>	DEFAULT		0	0	no_evidence		-
00644410	SubmarineTitans::Recovered::HiddenThis::AnonReceiver_00644410::FUN_00644410	return		<RETURN>	/undefined	<UNASSIGNED>	DEFAULT		0	0	no_evidence		-
006451B0	STTorpC::SetDangerous	return		<RETURN>	/undefined4	EAX:4	DEFAULT		0	0	no_evidence		-
006452A0	STTorpC::ClearDangerous	return		<RETURN>	/undefined4	EAX:4	DEFAULT		0	0	no_evidence		-
006456C0	STTorpC::RestoreTorpData	return		<RETURN>	/undefined	<UNASSIGNED>	DEFAULT		0	0	no_evidence		-
00645D30	FUN_00645d30	return		<RETURN>	/undefined4	EAX:4	DEFAULT		0	0	no_evidence		-
00645F10	SubmarineTitans::Recovered::HiddenThis::AnonReceiver_00644410::sub_00645F10	return		<RETURN>	/undefined	<UNASSIGNED>	DEFAULT		0	0	no_evidence		-
00646110	FUN_00646110	return		<RETURN>	/undefined4	EAX:4	DEFAULT		0	0	no_evidence		-
00646D00	FUN_00646d00	return		<RETURN>	/undefined	<UNASSIGNED>	DEFAULT		0	0	no_evidence		-
00646D40	STVolcanoC::sub_00646D40	return		<RETURN>	/undefined	<UNASSIGNED>	DEFAULT	pointer:/byte	1	1	width_mismatch	{pointer:/byte=1}	00646D40 returns used as parameter 2 of STPlaySystemC::SaveObjData @ 006469B1
00646DB0	STVolcanoC::sub_00646DB0	return		<RETURN>	/undefined4	EAX:4	DEFAULT		0	0	no_evidence		-
006472B0	STVolcanoC::sub_006472B0	return		<RETURN>	/undefined4	EAX:4	DEFAULT		0	0	no_evidence		-
00647370	FUN_00647370	return		<RETURN>	/undefined	<UNASSIGNED>	DEFAULT		0	0	no_evidence		-
006473E0	FUN_006473e0	parameter	1	param_1	/undefined4	Stack[0x4]:4	DEFAULT		0	0	no_evidence		-
006474E0	STVolcanoC::LoadImagVolcano	return		<RETURN>	/undefined4	EAX:4	DEFAULT		0	0	no_evidence		-
00647960	FUN_00647960	return		<RETURN>	/undefined	<UNASSIGNED>	DEFAULT		0	0	no_evidence		-
006479E0	STVolcanoC::sub_006479E0	return		<RETURN>	/undefined	<UNASSIGNED>	DEFAULT		0	0	no_evidence		-
00647A60	FUN_00647a60	return		<RETURN>	/undefined	<UNASSIGNED>	DEFAULT		0	0	no_evidence		-
00647B40	FUN_00647b40	return		<RETURN>	/undefined	<UNASSIGNED>	DEFAULT		0	0	no_evidence		-
00647B60	FUN_00647b60	return		<RETURN>	/undefined4	EAX:4	DEFAULT		0	0	no_evidence		-
00647BA0	FUN_00647ba0	return		<RETURN>	/undefined4	EAX:4	DEFAULT		0	0	no_evidence		-
00647BE0	FUN_00647be0	return		<RETURN>	/undefined	<UNASSIGNED>	DEFAULT	/int	1	1	width_mismatch	{/int=1}	00647BE0 returns return of Library::DKW::TBL::FUN_006b5aa0 @ 00647BF4
00647C80	FUN_00647c80	return		<RETURN>	/undefined	<UNASSIGNED>	DEFAULT		0	0	no_evidence		-
00647CA0	FUN_00647ca0	return		<RETURN>	/undefined4	EAX:4	DEFAULT		0	0	no_evidence		-
00647CE0	FUN_00647ce0	parameter	2	param_2	/undefined4	Stack[0x8]:4	DEFAULT		0	0	no_evidence		-
00647CE0	FUN_00647ce0	return		<RETURN>	/undefined	<UNASSIGNED>	DEFAULT		0	0	no_evidence		-
00647D10	FUN_00647d10	return		<RETURN>	/undefined4	EAX:4	DEFAULT		0	0	no_evidence		-
00647D50	FUN_00647d50	return		<RETURN>	/undefined4	EAX:4	DEFAULT		0	0	no_evidence		-
00647D90	FUN_00647d90	parameter	1	param_1	/undefined4	Stack[0x4]:4	DEFAULT		0	0	no_evidence		-
00647D90	FUN_00647d90	parameter	2	param_2	/undefined4	Stack[0x8]:4	DEFAULT		0	0	no_evidence		-
00647D90	FUN_00647d90	return		<RETURN>	/undefined	<UNASSIGNED>	DEFAULT		0	0	no_evidence		-
00647ED0	FUN_00647ed0	return		<RETURN>	/undefined	<UNASSIGNED>	DEFAULT		0	0	no_evidence		-
00648400	FUN_00648400	parameter	1	param_2	/undefined4	Stack[0x8]:4	DEFAULT		0	0	no_evidence		-
006484F0	FUN_006484f0	return		<RETURN>	/undefined	<UNASSIGNED>	DEFAULT		0	0	no_evidence		-
00648A30	FUN_00648a30	return		<RETURN>	/undefined4	EAX:4	DEFAULT		0	0	no_evidence		-
00648FE0	CreateAi	return		<RETURN>	/undefined	<UNASSIGNED>	DEFAULT		0	0	no_evidence		-
0064A5B0	FUN_0064a5b0	return		<RETURN>	/undefined	<UNASSIGNED>	DEFAULT		0	0	no_evidence		-
0064A940	FUN_0064a940	return		<RETURN>	/undefined4	EAX:4	DEFAULT		0	0	no_evidence		-
0064CD10	FUN_0064cd10	return		<RETURN>	/undefined	<UNASSIGNED>	DEFAULT		0	0	no_evidence		-
0064CD30	FUN_0064cd30	return		<RETURN>	/undefined	<UNASSIGNED>	DEFAULT		0	0	no_evidence		-
0064D0E0	FUN_0064d0e0	parameter	3	param_3	/undefined4	Stack[0xc]:4	DEFAULT		0	0	no_evidence		-
0064D270	AiEventClassTy::__CreateObjPl	parameter	9	param_9	/undefined4	Stack[0x24]:4	DEFAULT		0	0	no_evidence		-
0064D270	AiEventClassTy::__CreateObjPl	parameter	10	param_10	/undefined4	Stack[0x28]:4	DEFAULT		0	0	no_evidence		-
0064D890	AiEventClassTy::_CreateRCCont	parameter	5	param_5	/undefined4	Stack[0x14]:4	DEFAULT		0	0	no_evidence		-
0064D890	AiEventClassTy::_CreateRCCont	parameter	6	param_6	/undefined4	Stack[0x18]:4	DEFAULT		0	0	no_evidence		-
0064DAC0	FUN_0064dac0	parameter	2	param_3	/undefined4	Stack[0xc]:4	DEFAULT		0	0	no_evidence		-
0064DB00	AiEventClassTy::_CreateArt	parameter	5	param_5	/undefined4	Stack[0x14]:4	DEFAULT		0	0	no_evidence		-
0064DB00	AiEventClassTy::_CreateArt	parameter	8	param_8	/undefined4	Stack[0x20]:4	DEFAULT		0	0	no_evidence		-
0064DD30	FUN_0064dd30	parameter	2	param_3	/undefined4	Stack[0xc]:4	DEFAULT		0	0	no_evidence		-
0064DD70	FUN_0064dd70	parameter	0	param_1	/undefined4	Stack[0x4]:4	DEFAULT		0	0	no_evidence		-
0064DD70	FUN_0064dd70	parameter	1	param_2	/undefined4	Stack[0x8]:4	DEFAULT		0	0	no_evidence		-
0064DD70	FUN_0064dd70	parameter	3	param_4	/undefined4	Stack[0x10]:4	DEFAULT		0	0	no_evidence		-
0064DD70	FUN_0064dd70	return		<RETURN>	/undefined4	EAX:4	DEFAULT		0	0	no_evidence		-
0064DDA0	AiEventClassTy::_CreateDest	parameter	8	param_8	/undefined4	Stack[0x20]:4	DEFAULT		0	0	no_evidence		-
0064DF30	FUN_0064df30	parameter	2	param_3	/undefined4	Stack[0xc]:4	DEFAULT		0	0	no_evidence		-
0064DF70	FUN_0064df70	parameter	0	param_1	/undefined4	Stack[0x4]:4	DEFAULT		0	0	no_evidence		-
0064DF70	FUN_0064df70	parameter	1	param_2	/undefined4	Stack[0x8]:4	DEFAULT		0	0	no_evidence		-
0064DFA0	AiEventClassTy::_CreateMine	parameter	5	param_5	/undefined4	Stack[0x14]:4	DEFAULT		0	0	no_evidence		-
0064DFA0	AiEventClassTy::_CreateMine	parameter	8	param_8	/undefined4	Stack[0x20]:4	DEFAULT		0	0	no_evidence		-
0064DFA0	AiEventClassTy::_CreateMine	parameter	9	param_9	/undefined4	Stack[0x24]:4	DEFAULT		0	0	no_evidence		-
0064E1F0	FUN_0064e1f0	parameter	2	param_3	/undefined4	Stack[0xc]:4	DEFAULT		0	0	no_evidence		-
0064E230	FUN_0064e230	parameter	0	param_1	/undefined4	Stack[0x4]:4	DEFAULT		0	0	no_evidence		-
0064E230	FUN_0064e230	parameter	1	param_2	/undefined4	Stack[0x8]:4	DEFAULT		0	0	no_evidence		-
0064E230	FUN_0064e230	parameter	3	param_4	/undefined4	Stack[0x10]:4	DEFAULT		0	0	no_evidence		-
0064E260	FUN_0064e260	parameter	0	param_1	/undefined4	Stack[0x4]:4	DEFAULT		0	0	no_evidence		-
0064E260	FUN_0064e260	parameter	1	param_2	/undefined4	Stack[0x8]:4	DEFAULT		0	0	no_evidence		-
0064E290	FUN_0064e290	parameter	0	param_1	/undefined4	Stack[0x4]:4	DEFAULT		0	0	no_evidence		-
0064E290	FUN_0064e290	parameter	1	param_2	/undefined4	Stack[0x8]:4	DEFAULT		0	0	no_evidence		-
0064E290	FUN_0064e290	return		<RETURN>	/undefined4	EAX:4	DEFAULT		0	0	no_evidence		-
0064E5C0	FUN_0064e5c0	parameter	0	param_1	/undefined1	Stack[0x4]:1	DEFAULT		0	0	no_evidence		-
0064E5C0	FUN_0064e5c0	parameter	3	param_4	/undefined4	Stack[0x10]:4	DEFAULT		0	0	no_evidence		-
0064E5C0	FUN_0064e5c0	return		<RETURN>	/undefined	<UNASSIGNED>	DEFAULT		0	0	no_evidence		-
0064E680	FUN_0064e680	return		<RETURN>	/undefined4	EAX:4	DEFAULT		0	0	no_evidence		-
0064E6C0	FUN_0064e6c0	return		<RETURN>	/undefined4	EAX:4	DEFAULT		0	0	no_evidence		-
0064E700	FUN_0064e700	return		<RETURN>	/undefined4	EAX:4	DEFAULT		0	0	no_evidence		-
0064E740	FUN_0064e740	return		<RETURN>	/undefined4	EAX:4	DEFAULT		0	0	no_evidence		-
0064E780	FUN_0064e780	return		<RETURN>	/undefined4	EAX:4	DEFAULT		0	0	no_evidence		-
0064E7C0	FUN_0064e7c0	return		<RETURN>	/undefined4	EAX:4	DEFAULT		0	0	no_evidence		-
0064E830	FUN_0064e830	return		<RETURN>	/undefined4	EAX:4	DEFAULT		0	0	no_evidence		-
0064E8C0	FUN_0064e8c0	return		<RETURN>	/undefined4	EAX:4	DEFAULT		0	0	no_evidence		-
0064E910	FUN_0064e910	return		<RETURN>	/undefined4	EAX:4	DEFAULT		0	0	no_evidence		-
0064E960	FUN_0064e960	return		<RETURN>	/undefined4	EAX:4	DEFAULT		0	0	no_evidence		-
0064E9A0	FUN_0064e9a0	return		<RETURN>	/undefined4	EAX:4	DEFAULT		0	0	no_evidence		-
0064EA10	FUN_0064ea10	return		<RETURN>	/undefined4	EAX:4	DEFAULT		0	0	no_evidence		-
0064EA60	FUN_0064ea60	return		<RETURN>	/undefined4	EAX:4	DEFAULT		0	0	no_evidence		-
0064EAA0	FUN_0064eaa0	return		<RETURN>	/undefined4	EAX:4	DEFAULT		0	0	no_evidence		-
0064EB60	FUN_0064eb60	return		<RETURN>	/undefined4	EAX:4	DEFAULT		0	0	no_evidence		-
0064EBA0	FUN_0064eba0	return		<RETURN>	/undefined4	EAX:4	DEFAULT		0	0	no_evidence		-
0064EDC0	FUN_0064edc0	return		<RETURN>	/undefined4	EAX:4	DEFAULT		0	0	no_evidence		-
0064EE00	FUN_0064ee00	return		<RETURN>	/undefined4	EAX:4	DEFAULT		0	0	no_evidence		-
0064EE40	FUN_0064ee40	return		<RETURN>	/undefined4	EAX:4	DEFAULT		0	0	no_evidence		-
0064EE90	FUN_0064ee90	return		<RETURN>	/undefined4	EAX:4	DEFAULT		0	0	no_evidence		-
0064EED0	FUN_0064eed0	return		<RETURN>	/undefined4	EAX:4	DEFAULT		0	0	no_evidence		-
0064EF10	FUN_0064ef10	return		<RETURN>	/undefined4	EAX:4	DEFAULT		0	0	no_evidence		-
0064EF50	FUN_0064ef50	return		<RETURN>	/undefined4	EAX:4	DEFAULT		0	0	no_evidence		-
0064F000	FUN_0064f000	return		<RETURN>	/undefined4	EAX:4	DEFAULT		0	0	no_evidence		-
0064F040	FUN_0064f040	return		<RETURN>	/undefined4	EAX:4	DEFAULT		0	0	no_evidence		-
0064F080	FUN_0064f080	return		<RETURN>	/undefined4	EAX:4	DEFAULT		0	0	no_evidence		-
0064F110	FUN_0064f110	return		<RETURN>	/undefined4	EAX:4	DEFAULT		0	0	no_evidence		-
0064F320	FUN_0064f320	return		<RETURN>	/undefined4	EAX:4	DEFAULT		0	0	no_evidence		-
0064F360	FUN_0064f360	return		<RETURN>	/undefined4	EAX:4	DEFAULT		0	0	no_evidence		-
0064F3B0	FUN_0064f3b0	return		<RETURN>	/undefined4	EAX:4	DEFAULT		0	0	no_evidence		-
0064F3F0	FUN_0064f3f0	return		<RETURN>	/undefined4	EAX:4	DEFAULT		0	0	no_evidence		-
0064F500	FUN_0064f500	return		<RETURN>	/undefined4	EAX:4	DEFAULT		0	0	no_evidence		-
0064F5A0	FUN_0064f5a0	return		<RETURN>	/undefined4	EAX:4	DEFAULT		0	0	no_evidence		-
0064F5E0	FUN_0064f5e0	return		<RETURN>	/undefined4	EAX:4	DEFAULT		0	0	no_evidence		-
0064F620	FUN_0064f620	return		<RETURN>	/undefined4	EAX:4	DEFAULT		0	0	no_evidence		-
0064F6E0	FUN_0064f6e0	return		<RETURN>	/undefined4	EAX:4	DEFAULT		0	0	no_evidence		-
0064F700	FUN_0064f700	return		<RETURN>	/undefined4	EAX:4	DEFAULT		0	0	no_evidence		-
0064F780	FUN_0064f780	return		<RETURN>	/undefined4	EAX:4	DEFAULT		0	0	no_evidence		-
0064F900	FUN_0064f900	return		<RETURN>	/undefined4	EAX:4	DEFAULT		0	0	no_evidence		-
0064F950	FUN_0064f950	return		<RETURN>	/undefined4	EAX:4	DEFAULT		0	0	no_evidence		-
0064FB00	FUN_0064fb00	return		<RETURN>	/undefined4	EAX:4	DEFAULT		0	0	no_evidence		-
0064FB80	FUN_0064fb80	return		<RETURN>	/undefined4	EAX:4	DEFAULT		0	0	no_evidence		-
0064FCE0	FUN_0064fce0	return		<RETURN>	/undefined4	EAX:4	DEFAULT		0	0	no_evidence		-
0064FD80	FUN_0064fd80	return		<RETURN>	/undefined4	EAX:4	DEFAULT		0	0	no_evidence		-
0064FEB0	FUN_0064feb0	return		<RETURN>	/undefined4	EAX:4	DEFAULT		0	0	no_evidence		-
0064FEF0	FUN_0064fef0	return		<RETURN>	/undefined4	EAX:4	DEFAULT		0	0	no_evidence		-
0064FF70	FUN_0064ff70	return		<RETURN>	/undefined4	EAX:4	DEFAULT		0	0	no_evidence		-
00650090	FUN_00650090	return		<RETURN>	/undefined4	EAX:4	DEFAULT		0	0	no_evidence		-
006501A0	FUN_006501a0	return		<RETURN>	/undefined4	EAX:4	DEFAULT		0	0	no_evidence		-
00650240	FUN_00650240	return		<RETURN>	/undefined4	EAX:4	DEFAULT		0	0	no_evidence		-
00650370	FUN_00650370	return		<RETURN>	/undefined4	EAX:4	DEFAULT		0	0	no_evidence		-
006503B0	FUN_006503b0	return		<RETURN>	/undefined4	EAX:4	DEFAULT		0	0	no_evidence		-
00650480	FUN_00650480	return		<RETURN>	/undefined4	EAX:4	DEFAULT		0	0	no_evidence		-
00650600	FUN_00650600	return		<RETURN>	/undefined4	EAX:4	DEFAULT		0	0	no_evidence		-
00650760	FUN_00650760	return		<RETURN>	/undefined4	EAX:4	DEFAULT		0	0	no_evidence		-
006507E0	FUN_006507e0	return		<RETURN>	/undefined4	EAX:4	DEFAULT		0	0	no_evidence		-
00650820	FUN_00650820	return		<RETURN>	/undefined4	EAX:4	DEFAULT		0	0	no_evidence		-
006508C0	FUN_006508c0	return		<RETURN>	/undefined4	EAX:4	DEFAULT		0	0	no_evidence		-
00650940	FUN_00650940	return		<RETURN>	/undefined4	EAX:4	DEFAULT		0	0	no_evidence		-
006509E0	FUN_006509e0	return		<RETURN>	/undefined4	EAX:4	DEFAULT		0	0	no_evidence		-
00650A20	FUN_00650a20	return		<RETURN>	/undefined4	EAX:4	DEFAULT		0	0	no_evidence		-
00650A90	FUN_00650a90	return		<RETURN>	/undefined4	EAX:4	DEFAULT		0	0	no_evidence		-
00650AD0	FUN_00650ad0	return		<RETURN>	/undefined4	EAX:4	DEFAULT		0	0	no_evidence		-
00650B10	FUN_00650b10	return		<RETURN>	/undefined4	EAX:4	DEFAULT		0	0	no_evidence		-
00650BD0	FUN_00650bd0	return		<RETURN>	/undefined4	EAX:4	DEFAULT		0	0	no_evidence		-
00650CF0	FUN_00650cf0	return		<RETURN>	/undefined4	EAX:4	DEFAULT		0	0	no_evidence		-
00650E10	FUN_00650e10	return		<RETURN>	/undefined4	EAX:4	DEFAULT		0	0	no_evidence		-
00650F50	FUN_00650f50	return		<RETURN>	/undefined4	EAX:4	DEFAULT		0	0	no_evidence		-
00651010	FUN_00651010	return		<RETURN>	/undefined4	EAX:4	DEFAULT		0	0	no_evidence		-
00651290	FUN_00651290	return		<RETURN>	/undefined4	EAX:4	DEFAULT		0	0	no_evidence		-
006513C0	FUN_006513c0	return		<RETURN>	/undefined4	EAX:4	DEFAULT		0	0	no_evidence		-
006515B0	FUN_006515b0	return		<RETURN>	/undefined4	EAX:4	DEFAULT		0	0	no_evidence		-
00651770	FUN_00651770	return		<RETURN>	/undefined4	EAX:4	DEFAULT		0	0	no_evidence		-
006519E0	FUN_006519e0	return		<RETURN>	/undefined4	EAX:4	DEFAULT		0	0	no_evidence		-
00651B40	FUN_00651b40	return		<RETURN>	/undefined4	EAX:4	DEFAULT		0	0	no_evidence		-
00651BD0	FUN_00651bd0	return		<RETURN>	/undefined4	EAX:4	DEFAULT		0	0	no_evidence		-
00651C60	FUN_00651c60	return		<RETURN>	/undefined4	EAX:4	DEFAULT		0	0	no_evidence		-
00651CD0	FUN_00651cd0	return		<RETURN>	/undefined4	EAX:4	DEFAULT		0	0	no_evidence		-
00651DF0	FUN_00651df0	return		<RETURN>	/undefined4	EAX:4	DEFAULT		0	0	no_evidence		-
00652700	FUN_00652700	return		<RETURN>	/undefined4	EAX:4	DEFAULT		0	0	no_evidence		-
006527D0	FUN_006527d0	return		<RETURN>	/undefined4	EAX:4	DEFAULT		0	0	no_evidence		-
0065BD20	FUN_0065bd20	parameter	5	param_5	/undefined4	Stack[0x14]:4	DEFAULT		0	0	no_evidence		-
0065BD20	FUN_0065bd20	return		<RETURN>	/undefined	<UNASSIGNED>	DEFAULT		0	0	no_evidence		-
0065D0F0	FUN_0065d0f0	return		<RETURN>	/undefined	<UNASSIGNED>	DEFAULT		0	0	no_evidence		-
0065D590	FUN_0065d590	return		<RETURN>	/undefined	<UNASSIGNED>	DEFAULT		0	0	no_evidence		-
0065D600	FUN_0065d600	return		<RETURN>	/undefined	<UNASSIGNED>	DEFAULT		0	0	no_evidence		-
0065D630	FUN_0065d630	parameter	1	param_2	/undefined4	EDX:4	DEFAULT		0	0	no_evidence		-
0065D630	FUN_0065d630	return		<RETURN>	/undefined	<UNASSIGNED>	DEFAULT		0	0	no_evidence		-
0065D6E0	AiFltClassTy::sub_0065D6E0	parameter	1	param_2	/undefined4	EDX:4	DEFAULT		0	0	no_evidence		-
0065D6E0	AiFltClassTy::sub_0065D6E0	return		<RETURN>	/undefined	<UNASSIGNED>	DEFAULT		0	0	no_evidence		-
0065D720	AiFltClassTy::sub_0065D720	parameter	1	param_2	/undefined4	EDX:4	DEFAULT		0	0	no_evidence		-
0065D720	AiFltClassTy::sub_0065D720	return		<RETURN>	/undefined	<UNASSIGNED>	DEFAULT		0	0	no_evidence		-
0065D9C0	AiFltClassTy::sub_0065D9C0	return		<RETURN>	/undefined2	AX:2	DEFAULT		0	0	no_evidence		-
0065DA10	AiFltClassTy::sub_0065DA10	parameter	1	param_2	/undefined4	EDX:4	DEFAULT		0	0	no_evidence		-
0065DC00	FUN_0065dc00	parameter	1	param_2	/undefined4	EDX:4	DEFAULT		0	0	no_evidence		-
0065DD30	FUN_0065dd30	parameter	1	param_2	/undefined4	EDX:4	DEFAULT		0	0	no_evidence		-
0065E070	FUN_0065e070	parameter	1	param_2	/undefined4	EDX:4	DEFAULT		0	0	no_evidence		-
0065E360	AiFltClassTy::sub_0065E360	parameter	1	param_2	/undefined4	EDX:4	DEFAULT		0	0	no_evidence		-
0065E3B0	FUN_0065e3b0	parameter	1	param_2	/undefined4	EDX:4	DEFAULT		0	0	no_evidence		-
0065E450	FUN_0065e450	parameter	1	param_2	/undefined4	EDX:4	DEFAULT		0	0	no_evidence		-
0065E6C0	FUN_0065e6c0	parameter	1	param_2	/undefined4	EDX:4	DEFAULT		0	0	no_evidence		-
0065E6C0	FUN_0065e6c0	return		<RETURN>	/undefined	<UNASSIGNED>	DEFAULT		0	0	no_evidence		-
0065E700	FUN_0065e700	parameter	1	param_2	/undefined4	EDX:4	DEFAULT		0	0	no_evidence		-
0065E700	FUN_0065e700	return		<RETURN>	/undefined4	EAX:4	DEFAULT		0	0	no_evidence		-
0065E860	FUN_0065e860	return		<RETURN>	/undefined4	EAX:4	DEFAULT		0	0	no_evidence		-
0065E900	FUN_0065e900	return		<RETURN>	/undefined4	EAX:4	DEFAULT		0	0	no_evidence		-
0065E9A0	FUN_0065e9a0	parameter	6	param_6	/undefined4	Stack[0x18]:4	DEFAULT	/uint	0	1	insufficient_independent_evidence	{/uint=1}	00664960 -> 0065E9A0 @ 00666160; unproven partial register write at 00666132
0065E9A0	FUN_0065e9a0	return		<RETURN>	/undefined4	EAX:4	DEFAULT		0	0	no_evidence		-
0065EB70	FUN_0065eb70	parameter	7	param_7	/undefined4	Stack[0x1c]:4	DEFAULT	/uint	0	1	insufficient_independent_evidence	{/uint=1}	00664960 -> 0065EB70 @ 006665A0; unproven partial register write at 00666573
0065EF70	FUN_0065ef70	return		<RETURN>	/undefined4	EAX:4	DEFAULT		0	0	no_evidence		-
0065F5C0	AiFltClassTy::sub_0065F5C0	return		<RETURN>	/undefined4	EAX:4	DEFAULT		0	0	no_evidence		-
0065F980	AiFltClassTy::sub_0065F980	return		<RETURN>	/undefined	<UNASSIGNED>	DEFAULT		0	0	no_evidence		-
0065FD00	FUN_0065fd00	parameter	1	param_2	/undefined4	EDX:4	DEFAULT		0	0	no_evidence		-
0065FD50	FUN_0065fd50	parameter	4	param_4	/undefined4	Stack[0x10]:4	DEFAULT		0	0	no_evidence		-
0065FD50	FUN_0065fd50	return		<RETURN>	/undefined4	EAX:4	DEFAULT		0	0	no_evidence		-
0065FE10	FUN_0065fe10	parameter	1	param_2	/undefined4	EDX:4	DEFAULT		0	0	no_evidence		-
0065FE10	FUN_0065fe10	return		<RETURN>	/undefined4	EAX:4	DEFAULT		0	0	no_evidence		-
00660010	FUN_00660010	return		<RETURN>	/undefined4	EAX:4	DEFAULT		0	0	no_evidence		-
00660180	SubmarineTitans::Recovered::HiddenThis::AnonReceiver_00660180::FUN_00660180	return		<RETURN>	/undefined4	EAX:4	DEFAULT		0	0	no_evidence		-
00660420	FUN_00660420	parameter	1	param_1	/undefined4	Stack[0x4]:4	DEFAULT		0	0	no_evidence		-
00660420	FUN_00660420	return		<RETURN>	/undefined4	EAX:4	DEFAULT		0	0	no_evidence		-
006604B0	FUN_006604b0	parameter	1	param_2	/undefined4	EDX:4	DEFAULT		0	0	no_evidence		-
006604B0	FUN_006604b0	parameter	2	param_3	/undefined4	Stack[0x4]:4	DEFAULT		0	0	no_evidence		-
006604B0	FUN_006604b0	return		<RETURN>	/undefined4	EAX:4	DEFAULT		0	0	no_evidence		-
00660540	FUN_00660540	parameter	1	param_1	/undefined4	Stack[0x4]:4	DEFAULT		0	0	no_evidence		-
00660540	FUN_00660540	parameter	5	param_5	/undefined2	Stack[0x14]:2	DEFAULT	/ushort	0	1	insufficient_independent_evidence	{/ushort=1}	00664960 -> 00660540 @ 006653F2; unproven partial register write at 006653C7
00660540	FUN_00660540	return		<RETURN>	/undefined4	EAX:4	DEFAULT		0	0	no_evidence		-
00660620	FUN_00660620	parameter	1	param_2	/undefined4	EDX:4	DEFAULT	/uint	0	1	insufficient_independent_evidence	{/uint=1}	00664960 -> 00660620 @ 00666AE9; unproven partial register write at 00666ADE
00660620	FUN_00660620	return		<RETURN>	/undefined4	EAX:4	DEFAULT		0	0	no_evidence		-
00660700	FUN_00660700	return		<RETURN>	/undefined4	EAX:4	DEFAULT		0	0	no_evidence		-
00660910	FUN_00660910	return		<RETURN>	/undefined4	EAX:4	DEFAULT		0	0	no_evidence		-
00660A40	FUN_00660a40	return		<RETURN>	/undefined4	EAX:4	DEFAULT		0	0	no_evidence		-
00660B50	FUN_00660b50	return		<RETURN>	/undefined4	EAX:4	DEFAULT		0	0	no_evidence		-
00660D40	FUN_00660d40	return		<RETURN>	/undefined	<UNASSIGNED>	DEFAULT		0	0	no_evidence		-
00660F70	AiFltClassTy::sub_00660F70	parameter	2	param_2	/undefined2	Stack[0x8]:2	DEFAULT	/short	0	1	insufficient_independent_evidence	{/short=1}	00662240 -> 00660F70 @ 00663608; literal -1 at 00663603
00660F70	AiFltClassTy::sub_00660F70	return		<RETURN>	/undefined	<UNASSIGNED>	DEFAULT		0	0	no_evidence		-
00661580	AiFltClassTy::sub_00661580	return		<RETURN>	/undefined	<UNASSIGNED>	DEFAULT		0	0	no_evidence		-
006616B0	FUN_006616b0	return		<RETURN>	/undefined	<UNASSIGNED>	DEFAULT		0	0	no_evidence		-
00661790	FUN_00661790	parameter	1	param_1	/undefined4	Stack[0x4]:4	DEFAULT		0	0	no_evidence		-
00661790	FUN_00661790	return		<RETURN>	/undefined	<UNASSIGNED>	DEFAULT		0	0	no_evidence		-
00661800	AiFltClassTy::sub_00661800	parameter	1	param_2	/undefined4	EDX:4	DEFAULT		0	0	no_evidence		-
006618E0	AiFltClassTy::GoToRepair	return		<RETURN>	/undefined	<UNASSIGNED>	DEFAULT		0	0	no_evidence		-
00661CA0	AiFltClassTy::sub_00661CA0	parameter	1	param_2	/undefined4	EDX:4	DEFAULT		0	0	no_evidence		-
00661CA0	AiFltClassTy::sub_00661CA0	return		<RETURN>	/undefined	<UNASSIGNED>	DEFAULT		0	0	no_evidence		-
00664540	SubmarineTitans::Recovered::HiddenThis::AnonReceiver_00664540::FUN_00664540	return		<RETURN>	/undefined4	EAX:4	DEFAULT		0	0	no_evidence		-
00664600	FUN_00664600	return		<RETURN>	/undefined4	EAX:4	DEFAULT		0	0	no_evidence		-
00664650	FUN_00664650	return		<RETURN>	/undefined4	EAX:4	DEFAULT		0	0	no_evidence		-
006646E0	FUN_006646e0	return		<RETURN>	/undefined4	EAX:4	DEFAULT		0	0	no_evidence		-
00664760	AiFltClassTy::sub_00664760	return		<RETURN>	/undefined	<UNASSIGNED>	DEFAULT		0	0	no_evidence		-
00664960	AiFltClassTy::sub_00664960	return		<RETURN>	/undefined	<UNASSIGNED>	DEFAULT		0	0	no_evidence		-
006686C0	FUN_006686c0	return		<RETURN>	/undefined	<UNASSIGNED>	DEFAULT		0	0	no_evidence		-
006686F0	FUN_006686f0	return		<RETURN>	/undefined4	EAX:4	DEFAULT		0	0	no_evidence		-
00668A30	FUN_00668a30	return		<RETURN>	/undefined4	EAX:4	DEFAULT		0	0	no_evidence		-
00668A70	FUN_00668a70	return		<RETURN>	/undefined4	EAX:4	DEFAULT		0	0	no_evidence		-
00668AA0	FUN_00668aa0	return		<RETURN>	/undefined4	EAX:4	DEFAULT		0	0	no_evidence		-
0066AC80	FUN_0066ac80	parameter	0	param_1	/undefined4	Stack[0x4]:4	DEFAULT		0	0	no_evidence		-
006728F0	FUN_006728f0	return		<RETURN>	/undefined4	EAX:4	DEFAULT		0	0	no_evidence		-
00672930	FUN_00672930	return		<RETURN>	/undefined4	EAX:4	DEFAULT		0	0	no_evidence		-
00672A30	FUN_00672a30	return		<RETURN>	/undefined	<UNASSIGNED>	DEFAULT		0	0	no_evidence		-
00672A70	FUN_00672a70	return		<RETURN>	/undefined	<UNASSIGNED>	DEFAULT		0	0	no_evidence		-
00672AF0	FUN_00672af0	return		<RETURN>	/undefined	<UNASSIGNED>	DEFAULT		0	0	no_evidence		-
00672B30	FUN_00672b30	return		<RETURN>	/undefined1	AL:1	DEFAULT		0	0	no_evidence		-
00673160	FUN_00673160	return		<RETURN>	/undefined	<UNASSIGNED>	DEFAULT	/int	1	1	width_mismatch	{/int=1}	00673160 returns return of Library::MSVCRT::__strcmpi @ 00673174
00673190	FUN_00673190	parameter	0	param_1	/undefined4	Stack[0x4]:4	DEFAULT		0	0	no_evidence		-
00673190	FUN_00673190	return		<RETURN>	/undefined	<UNASSIGNED>	DEFAULT		0	0	no_evidence		-
00673690	FUN_00673690	parameter	0	param_1	/undefined4	Stack[0x4]:4	DEFAULT		0	0	no_evidence		-
00673690	FUN_00673690	return		<RETURN>	/undefined	<UNASSIGNED>	DEFAULT		0	0	no_evidence		-
006736B0	FUN_006736b0	return		<RETURN>	/undefined	<UNASSIGNED>	DEFAULT		0	0	no_evidence		-
006748D0	FUN_006748d0	return		<RETURN>	/undefined4	EAX:4	DEFAULT		0	0	no_evidence		-
00674C10	FUN_00674c10	parameter	0	param_1	/undefined4	Stack[0x4]:4	DEFAULT		0	0	no_evidence		-
00674C10	FUN_00674c10	return		<RETURN>	/undefined4	EAX:4	DEFAULT		0	0	no_evidence		-
00674CE0	FUN_00674ce0	return		<RETURN>	/undefined	<UNASSIGNED>	DEFAULT		0	0	no_evidence		-
00674DE0	FUN_00674de0	parameter	0	param_1	/undefined4	Stack[0x4]:4	DEFAULT		0	0	no_evidence		-
00674DE0	FUN_00674de0	return		<RETURN>	/undefined4	EAX:4	DEFAULT		0	0	no_evidence		-
00674EB0	FUN_00674eb0	return		<RETURN>	/undefined	<UNASSIGNED>	DEFAULT		0	0	no_evidence		-
006756D0	FUN_006756d0	return		<RETURN>	/undefined	<UNASSIGNED>	DEFAULT		0	0	no_evidence		-
006757C0	FUN_006757c0	return		<RETURN>	/undefined	<UNASSIGNED>	DEFAULT		0	0	no_evidence		-
00675950	FUN_00675950	return		<RETURN>	/undefined4	EAX:4	DEFAULT		0	0	no_evidence		-
00675B10	FUN_00675b10	return		<RETURN>	/undefined4	EAX:4	DEFAULT		0	0	no_evidence		-
00675D30	FUN_00675d30	return		<RETURN>	/undefined	<UNASSIGNED>	DEFAULT		0	0	no_evidence		-
00675EA0	_AddObjGrpExch	return		<RETURN>	/undefined	<UNASSIGNED>	DEFAULT		0	0	no_evidence		-
00675FE0	_AddAllGrpExch	return		<RETURN>	/undefined	<UNASSIGNED>	DEFAULT		0	0	no_evidence		-
00676170	_GetStaffGrpExch	parameter	0	param_1	/undefined4	Stack[0x4]:4	DEFAULT		0	0	no_evidence		-
006765B0	FUN_006765b0	return		<RETURN>	/undefined	<UNASSIGNED>	DEFAULT		0	0	no_evidence		-
006766C0	FUN_006766c0	return		<RETURN>	/undefined	<UNASSIGNED>	DEFAULT		0	0	no_evidence		-
00676930	FUN_00676930	return		<RETURN>	/undefined	<UNASSIGNED>	DEFAULT		0	0	no_evidence		-
00676C40	FUN_00676c40	return		<RETURN>	/undefined	<UNASSIGNED>	DEFAULT		0	0	no_evidence		-
00676CE0	FUN_00676ce0	return		<RETURN>	/undefined	<UNASSIGNED>	DEFAULT		0	0	no_evidence		-
00676D80	_EnumPlObj	parameter	0	param_1	/undefined4	Stack[0x4]:4	DEFAULT		0	0	no_evidence		-
006771E0	FUN_006771e0	return		<RETURN>	/undefined	<UNASSIGNED>	DEFAULT		0	0	no_evidence		-
00677200	FUN_00677200	parameter	0	param_1	/undefined4	Stack[0x4]:4	DEFAULT		0	0	no_evidence		-
00677200	FUN_00677200	parameter	1	param_2	/undefined4	Stack[0x8]:4	DEFAULT		0	0	no_evidence		-
00677200	FUN_00677200	parameter	2	param_3	/undefined4	Stack[0xc]:4	DEFAULT		0	0	no_evidence		-
00677200	FUN_00677200	return		<RETURN>	/undefined4	EAX:4	DEFAULT		0	0	no_evidence		-
00677250	FUN_00677250	parameter	0	param_1	/undefined4	Stack[0x4]:4	DEFAULT		0	0	no_evidence		-
00677250	FUN_00677250	parameter	1	param_2	/undefined4	Stack[0x8]:4	DEFAULT		0	0	no_evidence		-
00677250	FUN_00677250	return		<RETURN>	/undefined4	EAX:4	DEFAULT		0	0	no_evidence		-
00677290	FUN_00677290	parameter	0	param_1	/undefined4	Stack[0x4]:4	DEFAULT		0	0	no_evidence		-
006773B0	FUN_006773b0	parameter	0	param_1	/undefined4	Stack[0x4]:4	DEFAULT		0	0	no_evidence		-
006774C0	FUN_006774c0	parameter	0	param_1	/undefined4	Stack[0x4]:4	DEFAULT		0	0	no_evidence		-
006775E0	FUN_006775e0	parameter	0	param_1	/undefined4	Stack[0x4]:4	DEFAULT		0	0	no_evidence		-
006777D0	FUN_006777d0	parameter	3	param_4	/undefined4	Stack[0x10]:4	DEFAULT		0	0	no_evidence		-
006778C0	FUN_006778c0	parameter	3	param_4	/undefined4	Stack[0x10]:4	DEFAULT		0	0	no_evidence		-
00677960	_EnumRCField	parameter	8	param_9	/undefined4	Stack[0x24]:4	DEFAULT		0	0	no_evidence		-
00677BC0	FUN_00677bc0	return		<RETURN>	/undefined	<UNASSIGNED>	DEFAULT		0	0	no_evidence		-
00677BE0	_EnumRCCont	parameter	10	param_11	/undefined4	Stack[0x2c]:4	DEFAULT		0	0	no_evidence		-
00677ED0	FUN_00677ed0	return		<RETURN>	/undefined	<UNASSIGNED>	DEFAULT		0	0	no_evidence		-
00677EF0	FUN_00677ef0	parameter	0	param_1	/undefined4	Stack[0x4]:4	DEFAULT		0	0	no_evidence		-
00677EF0	FUN_00677ef0	parameter	1	param_2	/undefined4	Stack[0x8]:4	DEFAULT		0	0	no_evidence		-
00677EF0	FUN_00677ef0	return		<RETURN>	/undefined4	EAX:4	DEFAULT		0	0	no_evidence		-
00677F20	FUN_00677f20	parameter	0	param_1	/undefined4	Stack[0x4]:4	DEFAULT		0	0	no_evidence		-
00677F20	FUN_00677f20	parameter	1	param_2	/undefined4	Stack[0x8]:4	DEFAULT		0	0	no_evidence		-
00677F20	FUN_00677f20	parameter	2	param_3	/undefined4	Stack[0xc]:4	DEFAULT		0	0	no_evidence		-
00677F20	FUN_00677f20	return		<RETURN>	/undefined4	EAX:4	DEFAULT		0	0	no_evidence		-
00677F40	_EnumArt	parameter	9	param_10	/undefined4	Stack[0x28]:4	DEFAULT		0	0	no_evidence		-
00678200	FUN_00678200	return		<RETURN>	/undefined	<UNASSIGNED>	DEFAULT		0	0	no_evidence		-
00678220	FUN_00678220	parameter	0	param_1	/undefined4	Stack[0x4]:4	DEFAULT		0	0	no_evidence		-
00678220	FUN_00678220	parameter	1	param_2	/undefined4	Stack[0x8]:4	DEFAULT		0	0	no_evidence		-
00678220	FUN_00678220	parameter	2	param_3	/undefined4	Stack[0xc]:4	DEFAULT		0	0	no_evidence		-
00678220	FUN_00678220	return		<RETURN>	/undefined4	EAX:4	DEFAULT		0	0	no_evidence		-
00678240	_EnumMines	parameter	11	param_12	/undefined4	Stack[0x30]:4	DEFAULT		0	0	no_evidence		-
00678560	FUN_00678560	return		<RETURN>	/undefined	<UNASSIGNED>	DEFAULT		0	0	no_evidence		-
00678580	FUN_00678580	parameter	0	param_1	/undefined4	Stack[0x4]:4	DEFAULT		0	0	no_evidence		-
00678580	FUN_00678580	parameter	1	param_2	/undefined4	Stack[0x8]:4	DEFAULT		0	0	no_evidence		-
00678580	FUN_00678580	parameter	2	param_3	/undefined4	Stack[0xc]:4	DEFAULT		0	0	no_evidence		-
00678580	FUN_00678580	return		<RETURN>	/undefined4	EAX:4	DEFAULT		0	0	no_evidence		-
006785A0	_EnumDest	parameter	9	param_10	/undefined4	Stack[0x28]:4	DEFAULT		0	0	no_evidence		-
00678870	FUN_00678870	return		<RETURN>	/undefined	<UNASSIGNED>	DEFAULT		0	0	no_evidence		-
00678890	FUN_00678890	parameter	0	param_1	/undefined4	Stack[0x4]:4	DEFAULT		0	0	no_evidence		-
00678890	FUN_00678890	parameter	1	param_2	/undefined4	Stack[0x8]:4	DEFAULT		0	0	no_evidence		-
00678890	FUN_00678890	parameter	2	param_3	/undefined4	Stack[0xc]:4	DEFAULT		0	0	no_evidence		-
00678890	FUN_00678890	return		<RETURN>	/undefined4	EAX:4	DEFAULT		0	0	no_evidence		-
00678950	FUN_00678950	parameter	1	param_1	/undefined4	Stack[0x4]:4	DEFAULT		0	0	no_evidence		-
00678950	FUN_00678950	parameter	2	param_2	/undefined4	Stack[0x8]:4	DEFAULT		0	0	no_evidence		-
00678950	FUN_00678950	return		<RETURN>	/undefined	<UNASSIGNED>	DEFAULT		0	0	no_evidence		-
00678D90	FUN_00678d90	return		<RETURN>	/undefined4	EAX:4	DEFAULT		0	0	no_evidence		-
00678FC0	AiPlrClassTy::sub_00678FC0	return		<RETURN>	/undefined	<UNASSIGNED>	DEFAULT		0	0	no_evidence		-
00679600	FUN_00679600	return		<RETURN>	/undefined	<UNASSIGNED>	DEFAULT		0	0	no_evidence		-
006799B0	FUN_006799b0	return		<RETURN>	/undefined	<UNASSIGNED>	DEFAULT		0	0	no_evidence		-
00679FE0	FUN_00679fe0	return		<RETURN>	/undefined	<UNASSIGNED>	DEFAULT		0	0	no_evidence		-
0067A020	AiPlrClassTy::sub_0067A020	return		<RETURN>	/undefined	<UNASSIGNED>	DEFAULT		0	0	no_evidence		-
0067A0C0	FUN_0067a0c0	return		<RETURN>	/undefined4	EAX:4	DEFAULT		0	0	no_evidence		-
0067A180	FUN_0067a180	return		<RETURN>	/undefined	<UNASSIGNED>	DEFAULT		0	0	no_evidence		-
0067A1B0	FUN_0067a1b0	return		<RETURN>	/undefined	<UNASSIGNED>	DEFAULT		0	0	no_evidence		-
0067A2D0	FUN_0067a2d0	return		<RETURN>	/undefined	<UNASSIGNED>	DEFAULT		0	0	no_evidence		-
0067A390	FUN_0067a390	return		<RETURN>	/undefined	<UNASSIGNED>	DEFAULT		0	0	no_evidence		-
0067B210	FUN_0067b210	return		<RETURN>	/undefined	<UNASSIGNED>	DEFAULT		0	0	no_evidence		-
0067B380	FUN_0067b380	return		<RETURN>	/undefined	<UNASSIGNED>	DEFAULT		0	0	no_evidence		-
0067B520	AiPlrClassTy::ExecTech	return		<RETURN>	/undefined	<UNASSIGNED>	DEFAULT		0	0	no_evidence		-
0067BA50	FUN_0067ba50	return		<RETURN>	/undefined4	EAX:4	DEFAULT		0	0	no_evidence		-
0067BE20	FUN_0067be20	parameter	1	param_2	/undefined4	EDX:4	DEFAULT		0	0	no_evidence		-
0067BE20	FUN_0067be20	return		<RETURN>	/undefined	<UNASSIGNED>	DEFAULT		0	0	no_evidence		-
0067BF60	FUN_0067bf60	return		<RETURN>	/undefined	<UNASSIGNED>	DEFAULT		0	0	no_evidence		-
0067BFD0	AiPlrClassTy::sub_0067BFD0	return		<RETURN>	/undefined	<UNASSIGNED>	DEFAULT		0	0	no_evidence		-
0067C110	AiPlrClassTy::sub_0067C110	return		<RETURN>	/undefined	<UNASSIGNED>	DEFAULT		0	0	no_evidence		-
0067C180	AiPlrClassTy::Offensive	return		<RETURN>	/undefined	<UNASSIGNED>	DEFAULT		0	0	no_evidence		-
0067CF30	FUN_0067cf30	parameter	1	param_2	/undefined2	Stack[0x8]:2	DEFAULT	/ushort	0	1	insufficient_independent_evidence	{/ushort=1}	00683C70 -> 0067CF30 @ 00685749; unproven partial register write at 00685739
0067CF30	FUN_0067cf30	parameter	3	param_4	/undefined4	Stack[0x10]:4	DEFAULT		0	0	no_evidence		-
0067D160	FUN_0067d160	return		<RETURN>	/undefined	<UNASSIGNED>	DEFAULT		0	0	no_evidence		-
0067E4A0	GetStrategName	parameter	0	param_1	/undefined4	Stack[0x4]:4	DEFAULT		0	0	no_evidence		-
0067E4A0	GetStrategName	parameter	1	param_2	/undefined4	Stack[0x8]:4	DEFAULT		0	0	no_evidence		-
0067EC60	FUN_0067ec60	parameter	0	param_1	/undefined4	Stack[0x4]:4	DEFAULT		0	0	no_evidence		-
0067ECE0	FUN_0067ece0	parameter	0	param_1	/undefined4	Stack[0x4]:4	DEFAULT		0	0	no_evidence		-
0067EE40	FUN_0067ee40	return		<RETURN>	/undefined4	EAX:4	DEFAULT		0	0	no_evidence		-
0067EE70	FUN_0067ee70	return		<RETURN>	/undefined4	EAX:4	DEFAULT		0	0	no_evidence		-
0067EEE0	FUN_0067eee0	return		<RETURN>	/undefined	<UNASSIGNED>	DEFAULT		0	0	no_evidence		-
0067EF20	FUN_0067ef20	return		<RETURN>	/undefined4	EAX:4	DEFAULT		0	0	no_evidence		-
0067F030	FUN_0067f030	return		<RETURN>	/undefined4	EAX:4	DEFAULT		0	0	no_evidence		-
0067F0F0	FUN_0067f0f0	return		<RETURN>	/undefined4	EAX:4	DEFAULT		0	0	no_evidence		-
0067F180	FUN_0067f180	return		<RETURN>	/undefined4	EAX:4	DEFAULT		0	0	no_evidence		-
0067F1D0	FUN_0067f1d0	return		<RETURN>	/undefined	<UNASSIGNED>	DEFAULT		0	0	no_evidence		-
0067F260	FUN_0067f260	return		<RETURN>	/undefined	<UNASSIGNED>	DEFAULT		0	0	no_evidence		-
0067F2B0	FUN_0067f2b0	return		<RETURN>	/undefined	<UNASSIGNED>	DEFAULT		0	0	no_evidence		-
0067F420	FUN_0067f420	return		<RETURN>	/undefined	<UNASSIGNED>	DEFAULT		0	0	no_evidence		-
0067F460	FUN_0067f460	return		<RETURN>	/undefined	<UNASSIGNED>	DEFAULT		0	0	no_evidence		-
0067F4B0	FUN_0067f4b0	return		<RETURN>	/undefined4	EAX:4	DEFAULT		0	0	no_evidence		-
0067F740	FUN_0067f740	parameter	1	param_2	/undefined4	Stack[0x8]:4	DEFAULT		0	0	no_evidence		-
0067F790	FUN_0067f790	return		<RETURN>	/undefined	<UNASSIGNED>	DEFAULT		0	0	no_evidence		-
0067F7D0	FUN_0067f7d0	return		<RETURN>	/undefined	<UNASSIGNED>	DEFAULT		0	0	no_evidence		-
0067FAB0	FUN_0067fab0	parameter	1	param_2	/undefined4	Stack[0x8]:4	DEFAULT		0	0	no_evidence		-
0067FB00	FUN_0067fb00	return		<RETURN>	/undefined	<UNASSIGNED>	DEFAULT		0	0	no_evidence		-
0067FB40	FUN_0067fb40	return		<RETURN>	/undefined	<UNASSIGNED>	DEFAULT		0	0	no_evidence		-
0067FF00	FUN_0067ff00	return		<RETURN>	/undefined4	EAX:4	DEFAULT		0	0	no_evidence		-
0067FF50	FUN_0067ff50	return		<RETURN>	/undefined4	EAX:4	DEFAULT		0	0	no_evidence		-
0067FFA0	FUN_0067ffa0	return		<RETURN>	/undefined4	EAX:4	DEFAULT		0	0	no_evidence		-
0067FFF0	FUN_0067fff0	return		<RETURN>	/undefined4	EAX:4	DEFAULT		0	0	no_evidence		-
00680040	FUN_00680040	return		<RETURN>	/undefined	<UNASSIGNED>	DEFAULT		0	0	no_evidence		-
00680070	FUN_00680070	return		<RETURN>	/undefined	<UNASSIGNED>	DEFAULT		0	0	no_evidence		-
00680270	FUN_00680270	return		<RETURN>	/undefined	<UNASSIGNED>	DEFAULT		0	0	no_evidence		-
006802A0	FUN_006802a0	return		<RETURN>	/undefined	<UNASSIGNED>	DEFAULT		0	0	no_evidence		-
00680310	FUN_00680310	return		<RETURN>	/undefined	<UNASSIGNED>	DEFAULT		0	0	no_evidence		-
00680340	FUN_00680340	parameter	1	param_2	/undefined4	Stack[0x8]:4	DEFAULT		0	0	no_evidence		-
00680340	FUN_00680340	parameter	2	param_3	/undefined4	Stack[0xc]:4	DEFAULT		0	0	no_evidence		-
00680340	FUN_00680340	parameter	3	param_4	/undefined4	Stack[0x10]:4	DEFAULT		0	0	no_evidence		-
00680340	FUN_00680340	return		<RETURN>	/undefined	<UNASSIGNED>	DEFAULT		0	0	no_evidence		-
00680550	FUN_00680550	parameter	0	param_1	/undefined1	Stack[0x4]:1	DEFAULT	/byte	0	1	insufficient_independent_evidence	{/byte=1}	00683C70 -> 00680550 @ 006855EF; unproven partial register write at 006855E7
00680550	FUN_00680550	return		<RETURN>	/undefined	<UNASSIGNED>	DEFAULT		0	0	no_evidence		-
00680650	FUN_00680650	parameter	1	param_2	/undefined4	Stack[0x8]:4	DEFAULT		0	0	no_evidence		-
00680710	FUN_00680710	parameter	1	param_2	/undefined4	Stack[0x8]:4	DEFAULT		0	0	no_evidence		-
00680890	FUN_00680890	return		<RETURN>	/undefined4	EAX:4	DEFAULT		0	0	no_evidence		-
006809F0	FUN_006809f0	return		<RETURN>	/undefined4	EAX:4	DEFAULT		0	0	no_evidence		-
00680B00	FUN_00680b00	return		<RETURN>	/undefined4	EAX:4	DEFAULT		0	0	no_evidence		-
00680B50	FUN_00680b50	return		<RETURN>	/undefined4	EAX:4	DEFAULT		0	0	no_evidence		-
00680BD0	FUN_00680bd0	return		<RETURN>	/undefined4	EAX:4	DEFAULT		0	0	no_evidence		-
00680C20	FUN_00680c20	return		<RETURN>	/undefined4	EAX:4	DEFAULT		0	0	no_evidence		-
00680C70	FUN_00680c70	return		<RETURN>	/undefined4	EAX:4	DEFAULT		0	0	no_evidence		-
00680D40	FUN_00680d40	return		<RETURN>	/undefined4	EAX:4	DEFAULT		0	0	no_evidence		-
00680E00	FUN_00680e00	return		<RETURN>	/undefined4	EAX:4	DEFAULT		0	0	no_evidence		-
00680EE0	FUN_00680ee0	return		<RETURN>	/undefined4	EAX:4	DEFAULT		0	0	no_evidence		-
00680FA0	FUN_00680fa0	return		<RETURN>	/undefined4	EAX:4	DEFAULT		0	0	no_evidence		-
00680FF0	FUN_00680ff0	return		<RETURN>	/undefined4	EAX:4	DEFAULT		0	0	no_evidence		-
00681070	FUN_00681070	return		<RETURN>	/undefined4	EAX:4	DEFAULT		0	0	no_evidence		-
00681140	FUN_00681140	return		<RETURN>	/undefined4	EAX:4	DEFAULT		0	0	no_evidence		-
00681280	FUN_00681280	return		<RETURN>	/undefined4	EAX:4	DEFAULT		0	0	no_evidence		-
006812D0	FUN_006812d0	return		<RETURN>	/undefined4	EAX:4	DEFAULT		0	0	no_evidence		-
00681400	FUN_00681400	return		<RETURN>	/undefined4	EAX:4	DEFAULT		0	0	no_evidence		-
006814A0	FUN_006814a0	return		<RETURN>	/undefined4	EAX:4	DEFAULT		0	0	no_evidence		-
00681540	FUN_00681540	return		<RETURN>	/undefined4	EAX:4	DEFAULT		0	0	no_evidence		-
00681670	FUN_00681670	return		<RETURN>	/undefined4	EAX:4	DEFAULT		0	0	no_evidence		-
006817A0	FUN_006817a0	return		<RETURN>	/undefined4	EAX:4	DEFAULT		0	0	no_evidence		-
006818B0	FUN_006818b0	return		<RETURN>	/undefined4	EAX:4	DEFAULT		0	0	no_evidence		-
006819A0	FUN_006819a0	return		<RETURN>	/undefined4	EAX:4	DEFAULT		0	0	no_evidence		-
00681AD0	FUN_00681ad0	return		<RETURN>	/undefined4	EAX:4	DEFAULT		0	0	no_evidence		-
00681BB0	FUN_00681bb0	return		<RETURN>	/undefined4	EAX:4	DEFAULT		0	0	no_evidence		-
00681CA0	FUN_00681ca0	return		<RETURN>	/undefined4	EAX:4	DEFAULT		0	0	no_evidence		-
00681E60	FUN_00681e60	return		<RETURN>	/undefined4	EAX:4	DEFAULT		0	0	no_evidence		-
00681EF0	FUN_00681ef0	return		<RETURN>	/undefined4	EAX:4	DEFAULT		0	0	no_evidence		-
00681F50	FUN_00681f50	return		<RETURN>	/undefined4	EAX:4	DEFAULT		0	0	no_evidence		-
00681F70	FUN_00681f70	return		<RETURN>	/undefined4	EAX:4	DEFAULT		0	0	no_evidence		-
00681FE0	FUN_00681fe0	return		<RETURN>	/undefined4	EAX:4	DEFAULT		0	0	no_evidence		-
00682050	FUN_00682050	return		<RETURN>	/undefined4	EAX:4	DEFAULT		0	0	no_evidence		-
006820F0	FUN_006820f0	return		<RETURN>	/undefined4	EAX:4	DEFAULT		0	0	no_evidence		-
006821D0	FUN_006821d0	return		<RETURN>	/undefined4	EAX:4	DEFAULT		0	0	no_evidence		-
00682270	thunk_FUN_00682290	return		<RETURN>	/undefined	<UNASSIGNED>	DEFAULT		0	0	no_evidence		-
00682290	FUN_00682290	return		<RETURN>	/undefined	<UNASSIGNED>	DEFAULT		0	0	no_evidence		-
006822C0	FUN_006822c0	return		<RETURN>	/undefined4	EAX:4	DEFAULT		0	0	no_evidence		-
00682340	FUN_00682340	return		<RETURN>	/undefined	<UNASSIGNED>	DEFAULT		0	0	no_evidence		-
006823A0	FUN_006823a0	parameter	1	param_2	/undefined2	Stack[0x8]:2	DEFAULT	pointer:/float	1	1	width_mismatch	{pointer:/float=1}	006823E0 -> 006823A0 @ 006823FE; FUN_006823e0 parameter param_2
006823E0	FUN_006823e0	return		<RETURN>	/undefined	<UNASSIGNED>	DEFAULT		0	0	no_evidence		-
00682720	FUN_00682720	return		<RETURN>	/undefined	<UNASSIGNED>	DEFAULT		0	0	no_evidence		-
006827A0	FUN_006827a0	return		<RETURN>	/undefined	<UNASSIGNED>	DEFAULT		0	0	no_evidence		-
00682850	FUN_00682850	return		<RETURN>	/undefined	<UNASSIGNED>	DEFAULT		0	0	no_evidence		-
006829B0	FUN_006829b0	return		<RETURN>	/undefined	<UNASSIGNED>	DEFAULT		0	0	no_evidence		-
00682CF0	FUN_00682cf0	return		<RETURN>	/undefined	<UNASSIGNED>	DEFAULT		0	0	no_evidence		-
00682D30	FUN_00682d30	return		<RETURN>	/undefined	<UNASSIGNED>	DEFAULT		0	0	no_evidence		-
00682D70	FUN_00682d70	return		<RETURN>	/undefined	<UNASSIGNED>	DEFAULT		0	0	no_evidence		-
00682EC0	FUN_00682ec0	return		<RETURN>	/undefined	<UNASSIGNED>	DEFAULT		0	0	no_evidence		-
00682FB0	FUN_00682fb0	return		<RETURN>	/undefined4	EAX:4	DEFAULT		0	0	no_evidence		-
00682FE0	FUN_00682fe0	return		<RETURN>	/undefined	<UNASSIGNED>	DEFAULT		0	0	no_evidence		-
00683010	FUN_00683010	return		<RETURN>	/undefined	<UNASSIGNED>	DEFAULT		0	0	no_evidence		-
00683040	FUN_00683040	return		<RETURN>	/undefined	<UNASSIGNED>	DEFAULT		0	0	no_evidence		-
006830F0	FUN_006830f0	return		<RETURN>	/undefined4	EAX:4	DEFAULT		0	0	no_evidence		-
00683120	FUN_00683120	return		<RETURN>	/undefined	<UNASSIGNED>	DEFAULT		0	0	no_evidence		-
00683150	FUN_00683150	return		<RETURN>	/undefined	<UNASSIGNED>	DEFAULT		0	0	no_evidence		-
006831F0	FUN_006831f0	return		<RETURN>	/undefined	<UNASSIGNED>	DEFAULT		0	0	no_evidence		-
00683220	FUN_00683220	return		<RETURN>	/undefined	<UNASSIGNED>	DEFAULT		0	0	no_evidence		-
00683250	FUN_00683250	return		<RETURN>	/undefined	<UNASSIGNED>	DEFAULT		0	0	no_evidence		-
00683280	FUN_00683280	return		<RETURN>	/undefined	<UNASSIGNED>	DEFAULT		0	0	no_evidence		-
006832B0	FUN_006832b0	return		<RETURN>	/undefined	<UNASSIGNED>	DEFAULT		0	0	no_evidence		-
006832E0	FUN_006832e0	return		<RETURN>	/undefined	<UNASSIGNED>	DEFAULT		0	0	no_evidence		-
006834F0	FUN_006834f0	return		<RETURN>	/undefined4	EAX:4	DEFAULT		0	0	no_evidence		-
00683520	FUN_00683520	return		<RETURN>	/undefined	<UNASSIGNED>	DEFAULT		0	0	no_evidence		-
00683560	FUN_00683560	return		<RETURN>	/undefined	<UNASSIGNED>	DEFAULT		0	0	no_evidence		-
00683590	FUN_00683590	return		<RETURN>	/undefined	<UNASSIGNED>	DEFAULT		0	0	no_evidence		-
0068CDA0	FUN_0068cda0	return		<RETURN>	/undefined	<UNASSIGNED>	DEFAULT		0	0	no_evidence		-
0068E190	FUN_0068e190	return		<RETURN>	/undefined4	EAX:4	DEFAULT		0	0	no_evidence		-
0068E690	FUN_0068e690	return		<RETURN>	/undefined4	EAX:4	DEFAULT		0	0	no_evidence		-
0068E730	AiTactClassTy::FUN_0068e730	return		<RETURN>	/undefined4	EAX:4	DEFAULT		0	0	no_evidence		-
0068E910	FUN_0068e910	return		<RETURN>	/undefined	<UNASSIGNED>	DEFAULT		0	0	no_evidence		-
0068E950	AiTactClassTy::ClaimSave	return		<RETURN>	/undefined	<UNASSIGNED>	DEFAULT		0	0	no_evidence		-
0068EA40	AiTactClassTy::ClaimRestore	return		<RETURN>	/undefined	<UNASSIGNED>	DEFAULT		0	0	no_evidence		-
0068EC70	AiTactClassTy::ExecClaim	return		<RETURN>	/undefined	<UNASSIGNED>	DEFAULT		0	0	no_evidence		-
0068F360	AiTactClassTy::GiveObjByFltType	return		<RETURN>	/undefined	<UNASSIGNED>	DEFAULT		0	0	no_evidence		-
0068F660	AiTactClassTy::GiveObjByGrpNum	return		<RETURN>	/undefined	<UNASSIGNED>	DEFAULT		0	0	no_evidence		-
0068F7E0	AiTactClassTy::InitDistrObj	return		<RETURN>	/undefined	<UNASSIGNED>	DEFAULT		0	0	no_evidence		-
0068F8F0	FUN_0068f8f0	return		<RETURN>	/undefined4	EAX:4	DEFAULT		0	0	no_evidence		-
0068FA00	FUN_0068fa00	return		<RETURN>	/undefined	<UNASSIGNED>	DEFAULT		0	0	no_evidence		-
0068FAC0	FUN_0068fac0	parameter	2	param_2	/undefined4	Stack[0x8]:4	DEFAULT		0	0	no_evidence		-
0068FB30	AiTactClassTy::BackFromRepair	return		<RETURN>	/undefined	<UNASSIGNED>	DEFAULT		0	0	no_evidence		-
00690330	FUN_00690330	parameter	2	param_2	/undefined4	Stack[0x8]:4	DEFAULT		0	0	no_evidence		-
00690330	FUN_00690330	return		<RETURN>	/undefined4	EAX:4	DEFAULT		0	0	no_evidence		-
006903A0	FUN_006903a0	parameter	2	param_2	/undefined4	Stack[0x8]:4	DEFAULT		0	0	no_evidence		-
006903E0	FUN_006903e0	parameter	1	param_1	/undefined4	Stack[0x4]:4	DEFAULT		0	0	no_evidence		-
006903E0	FUN_006903e0	return		<RETURN>	/undefined	<UNASSIGNED>	DEFAULT		0	0	no_evidence		-
00690450	FUN_00690450	parameter	2	param_2	/undefined4	Stack[0x8]:4	DEFAULT		0	0	no_evidence		-
00690450	FUN_00690450	return		<RETURN>	/undefined	<UNASSIGNED>	DEFAULT		0	0	no_evidence		-
006904D0	FUN_006904d0	parameter	2	param_2	/undefined4	Stack[0x8]:4	DEFAULT		0	0	no_evidence		-
00690650	AiTactClassTy::HelpOrganize	return		<RETURN>	/undefined	<UNASSIGNED>	DEFAULT		0	0	no_evidence		-
00690A40	AiTactClassTy::sub_00690A40	return		<RETURN>	/undefined	<UNASSIGNED>	DEFAULT		0	0	no_evidence		-
00690AB0	AiTactClassTy::sub_00690AB0	return		<RETURN>	/undefined	<UNASSIGNED>	DEFAULT		0	0	no_evidence		-
00690E90	FUN_00690e90	parameter	1	param_2	/undefined2	Stack[0x8]:2	DEFAULT	/ushort	0	1	insufficient_independent_evidence	{/ushort=1}	00683C70 -> 00690E90 @ 00685AA7; unproven partial register write at 00685A97
00690E90	FUN_00690e90	parameter	2	param_3	/undefined2	Stack[0xc]:2	DEFAULT	/ushort	0	1	insufficient_independent_evidence	{/ushort=1}	00683C70 -> 00690E90 @ 00685AA7; unproven partial register write at 00685A90
00691540	FUN_00691540	return		<RETURN>	/undefined	<UNASSIGNED>	DEFAULT		0	0	no_evidence		-
00691650	FUN_00691650	parameter	0	param_1	/undefined4	Stack[0x4]:4	DEFAULT		0	0	no_evidence		-
00691650	FUN_00691650	parameter	1	param_2	/undefined4	Stack[0x8]:4	DEFAULT		0	0	no_evidence		-
00691690	FUN_00691690	return		<RETURN>	/undefined	<UNASSIGNED>	DEFAULT		0	0	no_evidence		-
00692390	FUN_00692390	parameter	0	param_1	/undefined4	Stack[0x4]:4	DEFAULT		0	0	no_evidence		-
00692390	FUN_00692390	parameter	1	param_2	/undefined4	Stack[0x8]:4	DEFAULT		0	0	no_evidence		-
00692390	FUN_00692390	parameter	2	param_3	/undefined4	Stack[0xc]:4	DEFAULT		0	0	no_evidence		-
00692390	FUN_00692390	parameter	3	param_4	/undefined4	Stack[0x10]:4	DEFAULT		0	0	no_evidence		-
006923E0	FUN_006923e0	return		<RETURN>	/undefined4	EAX:4	DEFAULT		0	0	no_evidence		-
00692470	FUN_00692470	return		<RETURN>	/undefined4	EAX:4	DEFAULT		0	0	no_evidence		-
006924C0	FUN_006924c0	return		<RETURN>	/undefined4	EAX:4	DEFAULT		0	0	no_evidence		-
00692530	FUN_00692530	return		<RETURN>	/undefined4	EAX:4	DEFAULT		0	0	no_evidence		-
00692570	FUN_00692570	return		<RETURN>	/undefined4	EAX:4	DEFAULT		0	0	no_evidence		-
006925B0	FUN_006925b0	return		<RETURN>	/undefined4	EAX:4	DEFAULT		0	0	no_evidence		-
00692600	FUN_00692600	return		<RETURN>	/undefined	<UNASSIGNED>	DEFAULT		0	0	no_evidence		-
00692AE0	FUN_00692ae0	return		<RETURN>	/undefined4	EAX:4	DEFAULT		0	0	no_evidence		-
00692BA0	FUN_00692ba0	return		<RETURN>	/undefined	<UNASSIGNED>	DEFAULT		0	0	no_evidence		-
00693560	FUN_00693560	return		<RETURN>	/undefined4	EAX:4	DEFAULT		0	0	no_evidence		-
00693710	FUN_00693710	return		<RETURN>	/undefined	<UNASSIGNED>	DEFAULT		0	0	no_evidence		-
006937B0	FUN_006937b0	parameter	0	param_1	/undefined4	Stack[0x4]:4	DEFAULT		0	0	no_evidence		-
006937B0	FUN_006937b0	parameter	1	param_2	/undefined4	Stack[0x8]:4	DEFAULT		0	0	no_evidence		-
006937B0	FUN_006937b0	return		<RETURN>	/undefined	<UNASSIGNED>	DEFAULT		0	0	no_evidence		-
006939F0	FUN_006939f0	return		<RETURN>	/undefined4	EAX:4	DEFAULT		0	0	no_evidence		-
00693AD0	FUN_00693ad0	return		<RETURN>	/undefined	<UNASSIGNED>	DEFAULT		0	0	no_evidence		-
00693B20	FUN_00693b20	return		<RETURN>	/undefined	<UNASSIGNED>	DEFAULT		0	0	no_evidence		-
00693D00	SubmarineTitans::Recovered::HiddenThis::AnonReceiver_00693D00::FUN_00693d00	parameter	2	param_2	/undefined4	Stack[0x8]:4	DEFAULT		0	0	no_evidence		-
00693D00	SubmarineTitans::Recovered::HiddenThis::AnonReceiver_00693D00::FUN_00693d00	return		<RETURN>	/undefined4	EAX:4	DEFAULT		0	0	no_evidence		-
00693DC0	FUN_00693dc0	parameter	1	param_2	/undefined4	Stack[0x8]:4	DEFAULT		0	0	no_evidence		-
00693DC0	FUN_00693dc0	return		<RETURN>	/undefined4	EAX:4	DEFAULT		0	0	no_evidence		-
00693EB0	FUN_00693eb0	return		<RETURN>	/undefined4	EAX:4	DEFAULT		0	0	no_evidence		-
00694070	FUN_00694070	parameter	3	param_3	/undefined4	Stack[0xc]:4	DEFAULT		0	0	no_evidence		-
00694070	FUN_00694070	return		<RETURN>	/undefined	<UNASSIGNED>	DEFAULT		0	0	no_evidence		-
006940B0	FUN_006940b0	return		<RETURN>	/undefined	<UNASSIGNED>	DEFAULT		0	0	no_evidence		-
00694100	FUN_00694100	return		<RETURN>	/undefined	<UNASSIGNED>	DEFAULT		0	0	no_evidence		-
00694390	FUN_00694390	return		<RETURN>	/undefined	<UNASSIGNED>	DEFAULT		0	0	no_evidence		-
006943D0	FUN_006943d0	return		<RETURN>	/undefined4	EAX:4	DEFAULT		0	0	no_evidence		-
00694450	FUN_00694450	return		<RETURN>	/undefined	<UNASSIGNED>	DEFAULT		0	0	no_evidence		-
00694590	FUN_00694590	return		<RETURN>	/undefined	<UNASSIGNED>	DEFAULT		0	0	no_evidence		-
006945C0	FUN_006945c0	return		<RETURN>	/undefined	<UNASSIGNED>	DEFAULT		0	0	no_evidence		-
00694640	FUN_00694640	return		<RETURN>	/undefined4	EAX:4	DEFAULT		0	0	no_evidence		-
006946C0	FUN_006946c0	return		<RETURN>	/undefined4	EAX:4	DEFAULT		0	0	no_evidence		-
00694780	FUN_00694780	parameter	5	param_5	/undefined4	Stack[0x14]:4	DEFAULT		0	0	no_evidence		-
00694780	FUN_00694780	return		<RETURN>	/undefined4	EAX:4	DEFAULT		0	0	no_evidence		-
00694890	FUN_00694890	return		<RETURN>	/undefined	<UNASSIGNED>	DEFAULT		0	0	no_evidence		-
006948C0	thunk_FUN_00694890	return		<RETURN>	/undefined	<UNASSIGNED>	DEFAULT		0	0	no_evidence		-
00694BE0	CGenerate::sub_00694BE0	return		<RETURN>	/undefined	<UNASSIGNED>	DEFAULT		0	0	no_evidence		-
00694C30	CGenerate::sub_00694C30	return		<RETURN>	/undefined	<UNASSIGNED>	DEFAULT		0	0	no_evidence		-
00694C80	CGenerate::sub_00694C80	return		<RETURN>	/undefined	<UNASSIGNED>	DEFAULT		0	0	no_evidence		-
00694CD0	CGenerate::sub_00694CD0	return		<RETURN>	/undefined	<UNASSIGNED>	DEFAULT		0	0	no_evidence		-
00695010	FUN_00695010	return		<RETURN>	/undefined4	EAX:4	DEFAULT		0	0	no_evidence		-
00695140	FUN_00695140	return		<RETURN>	/undefined	<UNASSIGNED>	DEFAULT		0	0	no_evidence		-
00695A60	CGenerate::CteateField	parameter	3	param_3	/undefined4	Stack[0xc]:4	DEFAULT		0	0	no_evidence		-
00695A60	CGenerate::CteateField	parameter	4	param_4	/undefined4	Stack[0x10]:4	DEFAULT		0	0	no_evidence		-
00695A60	CGenerate::CteateField	parameter	5	param_5	/undefined4	Stack[0x14]:4	DEFAULT		0	0	no_evidence		-
00695A60	CGenerate::CteateField	return		<RETURN>	/undefined4	EAX:4	DEFAULT		0	0	no_evidence		-
00695C10	CGenerate::sub_00695C10	parameter	2	param_2	/undefined4	Stack[0x8]:4	DEFAULT		0	0	no_evidence		-
00695C10	CGenerate::sub_00695C10	parameter	4	param_4	/undefined4	Stack[0x10]:4	DEFAULT	/int	0	1	insufficient_independent_evidence	{/int=1}	00697390 -> 00695C10 @ 00697531; return of CGenerate::sub_00698CA0
00695C10	CGenerate::sub_00695C10	parameter	5	param_5	/undefined4	Stack[0x14]:4	DEFAULT		0	0	no_evidence		-
00695CD0	FUN_00695cd0	return		<RETURN>	/undefined	<UNASSIGNED>	DEFAULT		0	0	no_evidence		-
00696050	FUN_00696050	return		<RETURN>	/undefined	<UNASSIGNED>	DEFAULT		0	0	no_evidence		-
00696310	FUN_00696310	return		<RETURN>	/undefined	<UNASSIGNED>	DEFAULT		0	0	no_evidence		-
006964F0	CGenerate::sub_006964F0	return		<RETURN>	/undefined	<UNASSIGNED>	DEFAULT		0	0	no_evidence		-
00696790	CGenerate::sub_00696790	return		<RETURN>	/undefined	<UNASSIGNED>	DEFAULT		0	0	no_evidence		-
00696810	CGenerate::sub_00696810	return		<RETURN>	/undefined	<UNASSIGNED>	DEFAULT		0	0	no_evidence		-
00696940	CGenerate::sub_00696940	return		<RETURN>	/undefined	<UNASSIGNED>	DEFAULT		0	0	no_evidence		-
00696DC0	CGenerate::sub_00696DC0	return		<RETURN>	/undefined	<UNASSIGNED>	DEFAULT		0	0	no_evidence		-
00696EB0	FUN_00696eb0	return		<RETURN>	/undefined4	EAX:4	DEFAULT		0	0	no_evidence		-
00697160	FUN_00697160	return		<RETURN>	/undefined4	EAX:4	DEFAULT		0	0	no_evidence		-
006975F0	CGenerate::sub_006975F0	return		<RETURN>	/undefined	<UNASSIGNED>	DEFAULT		0	0	no_evidence		-
00697AF0	FUN_00697af0	return		<RETURN>	/undefined4	EAX:4	DEFAULT		0	0	no_evidence		-
00697C50	CGenerate::sub_00697C50	return		<RETURN>	/undefined4	EAX:4	DEFAULT		0	0	no_evidence		-
00697CF0	FUN_00697cf0	return		<RETURN>	/undefined	<UNASSIGNED>	DEFAULT		0	0	no_evidence		-
006988C0	CGenerate::sub_006988C0	return		<RETURN>	/undefined	<UNASSIGNED>	DEFAULT		0	0	no_evidence		-
00698DE0	FUN_00698de0	parameter	3	param_4	/undefined4	Stack[0x10]:4	DEFAULT		0	0	no_evidence		-
00698F90	FUN_00698f90	return		<RETURN>	/undefined4	EAX:4	DEFAULT		0	0	no_evidence		-
0069ACC0	FUN_0069acc0	return		<RETURN>	/undefined4	EAX:4	DEFAULT		0	0	no_evidence		-
0069ADA0	CGenerate::sub_0069ADA0	return		<RETURN>	/undefined	<UNASSIGNED>	DEFAULT		0	0	no_evidence		-
0069B530	FUN_0069b530	parameter	1	param_1	/undefined4	Stack[0x4]:4	DEFAULT		0	0	no_evidence		-
0069C360	FUN_0069c360	return		<RETURN>	/undefined4	EAX:4	DEFAULT		0	0	no_evidence		-
0069C670	FUN_0069c670	return		<RETURN>	/undefined	<UNASSIGNED>	DEFAULT		0	0	no_evidence		-
0069E4D0	FUN_0069e4d0	return		<RETURN>	/undefined	<UNASSIGNED>	DEFAULT		0	0	no_evidence		-
0069ECE0	FUN_0069ece0	return		<RETURN>	/undefined	<UNASSIGNED>	DEFAULT		0	0	no_evidence		-
0069F5C0	FUN_0069f5c0	return		<RETURN>	/undefined	<UNASSIGNED>	DEFAULT		0	0	no_evidence		-
0069F660	FUN_0069f660	parameter	0	param_1	/undefined4	Stack[0x4]:4	DEFAULT		0	0	no_evidence		-
0069F660	FUN_0069f660	return		<RETURN>	/undefined	<UNASSIGNED>	DEFAULT		0	0	no_evidence		-
0069FD70	FUN_0069fd70	return		<RETURN>	/undefined4	EAX:4	DEFAULT		0	0	no_evidence		-
006A0070	FUN_006a0070	return		<RETURN>	/undefined	<UNASSIGNED>	DEFAULT		0	0	no_evidence		-
006A0150	CGenerate::sub_006A0150	return		<RETURN>	/undefined4	EAX:4	DEFAULT		0	0	no_evidence		-
006A01D0	CGenerate::CreateMap	return		<RETURN>	/undefined4	EAX:4	DEFAULT		0	0	no_evidence		-
006A0470	CGenerate::sub_006A0470	return		<RETURN>	/undefined	<UNASSIGNED>	DEFAULT		0	0	no_evidence		-
006A0960	CGenerate::_saveObj	return		<RETURN>	/undefined4	EAX:4	DEFAULT		0	0	no_evidence		-
006A09F0	CGenerate::sub_006A09F0	return		<RETURN>	/undefined	<UNASSIGNED>	DEFAULT		0	0	no_evidence		-
006A0AE0	FUN_006a0ae0	parameter	3	param_3	/undefined4	Stack[0xc]:4	DEFAULT		0	0	no_evidence		-
006A0C00	FUN_006a0c00	return		<RETURN>	/undefined	<UNASSIGNED>	DEFAULT		0	0	no_evidence		-
006A0EF0	FUN_006a0ef0	return		<RETURN>	/undefined4	EAX:4	DEFAULT		0	0	no_evidence		-
006A12B0	FUN_006a12b0	return		<RETURN>	/undefined4	EAX:4	DEFAULT		0	0	no_evidence		-
006A1410	FUN_006a1410	parameter	6	param_7	/undefined4	Stack[0x1c]:4	DEFAULT		0	0	no_evidence		-
006A1620	FUN_006a1620	parameter	7	param_8	/undefined4	Stack[0x20]:4	DEFAULT		0	0	no_evidence		-
006A1620	FUN_006a1620	return		<RETURN>	/undefined	<UNASSIGNED>	DEFAULT		0	0	no_evidence		-
006A17B0	FUN_006a17b0	parameter	7	param_8	/undefined4	Stack[0x20]:4	DEFAULT		0	0	no_evidence		-
006A17B0	FUN_006a17b0	return		<RETURN>	/undefined4	EAX:4	DEFAULT		0	0	no_evidence		-
006A19D0	FUN_006a19d0	parameter	7	param_8	/undefined4	Stack[0x20]:4	DEFAULT		0	0	no_evidence		-
006A19D0	FUN_006a19d0	return		<RETURN>	/undefined4	EAX:4	DEFAULT		0	0	no_evidence		-
006A1BB0	FUN_006a1bb0	parameter	7	param_8	/undefined4	Stack[0x20]:4	DEFAULT		0	0	no_evidence		-
006A1BB0	FUN_006a1bb0	return		<RETURN>	/undefined4	EAX:4	DEFAULT		0	0	no_evidence		-
006A1C80	FUN_006a1c80	parameter	6	param_7	/undefined4	Stack[0x1c]:4	DEFAULT		0	0	no_evidence		-
006A1C80	FUN_006a1c80	return		<RETURN>	/undefined4	EAX:4	DEFAULT		0	0	no_evidence		-
006A1EB0	FUN_006a1eb0	parameter	7	param_8	/undefined4	Stack[0x20]:4	DEFAULT		0	0	no_evidence		-
006A1EB0	FUN_006a1eb0	return		<RETURN>	/undefined4	EAX:4	DEFAULT		0	0	no_evidence		-
006A20E0	FUN_006a20e0	return		<RETURN>	/undefined4	EAX:4	DEFAULT		0	0	no_evidence		-
006A21F0	FUN_006a21f0	parameter	6	param_7	/undefined4	Stack[0x1c]:4	DEFAULT		0	0	no_evidence		-
006A21F0	FUN_006a21f0	return		<RETURN>	/undefined4	EAX:4	DEFAULT		0	0	no_evidence		-
006A23A0	FUN_006a23a0	parameter	6	param_7	/undefined4	Stack[0x1c]:4	DEFAULT		0	0	no_evidence		-
006A23A0	FUN_006a23a0	return		<RETURN>	/undefined4	EAX:4	DEFAULT		0	0	no_evidence		-
006A2690	FUN_006a2690	parameter	4	param_5	/undefined4	Stack[0x14]:4	DEFAULT		0	0	no_evidence		-
006A2690	FUN_006a2690	parameter	7	param_8	/undefined4	Stack[0x20]:4	DEFAULT		0	0	no_evidence		-
006A2690	FUN_006a2690	return		<RETURN>	/undefined	<UNASSIGNED>	DEFAULT		0	0	no_evidence		-
006A2700	FUN_006a2700	parameter	8	param_9	/undefined4	Stack[0x24]:4	DEFAULT		0	0	no_evidence		-
006A2770	FUN_006a2770	parameter	6	param_7	/undefined4	Stack[0x1c]:4	DEFAULT		0	0	no_evidence		-
006A2770	FUN_006a2770	return		<RETURN>	/undefined4	EAX:4	DEFAULT		0	0	no_evidence		-
006A2920	FUN_006a2920	parameter	6	param_7	/undefined4	Stack[0x1c]:4	DEFAULT		0	0	no_evidence		-
006A2920	FUN_006a2920	return		<RETURN>	/undefined	<UNASSIGNED>	DEFAULT		0	0	no_evidence		-
006A2E50	FUN_006a2e50	parameter	4	param_5	/undefined4	Stack[0x14]:4	DEFAULT		0	0	no_evidence		-
006A2E50	FUN_006a2e50	return		<RETURN>	/undefined	<UNASSIGNED>	DEFAULT		0	0	no_evidence		-
006A3390	FUN_006a3390	return		<RETURN>	/undefined1	AL:1	DEFAULT		0	0	no_evidence		-
006A34E0	FUN_006a34e0	parameter	8	param_9	/undefined4	Stack[0x24]:4	DEFAULT		0	0	no_evidence		-
006A34E0	FUN_006a34e0	return		<RETURN>	/undefined4	EAX:4	DEFAULT		0	0	no_evidence		-
006A36E0	FUN_006a36e0	parameter	5	param_6	/undefined4	Stack[0x18]:4	DEFAULT		0	0	no_evidence		-
006A36E0	FUN_006a36e0	return		<RETURN>	/undefined4	EAX:4	DEFAULT		0	0	no_evidence		-
006A37B0	FUN_006a37b0	parameter	6	param_7	/undefined4	Stack[0x1c]:4	DEFAULT		0	0	no_evidence		-
006A37B0	FUN_006a37b0	return		<RETURN>	/undefined4	EAX:4	DEFAULT		0	0	no_evidence		-
006A3840	FUN_006a3840	parameter	6	param_7	/undefined4	Stack[0x1c]:4	DEFAULT		0	0	no_evidence		-
006A3840	FUN_006a3840	return		<RETURN>	/undefined4	EAX:4	DEFAULT		0	0	no_evidence		-
006A3930	FUN_006a3930	parameter	6	param_7	/undefined4	Stack[0x1c]:4	DEFAULT		0	0	no_evidence		-
006A3BE0	FUN_006a3be0	return		<RETURN>	/undefined	<UNASSIGNED>	DEFAULT	pointer:/int	1	1	width_mismatch	{pointer:/int=1}	006A3BE0 returns return of Library::MSVCRT::FUN_006a3c80 @ 006A3BFC
006A3C10	FUN_006a3c10	return		<RETURN>	/undefined	<UNASSIGNED>	DEFAULT	pointer:/int	1	1	width_mismatch	{pointer:/int=1}	006A3C10 returns return of Library::MSVCRT::FUN_006a3c80 @ 006A3C32
006A3C50	FUN_006a3c50	return		<RETURN>	/undefined	<UNASSIGNED>	DEFAULT	pointer:/int	1	1	width_mismatch	{pointer:/int=1}	006A3C50 returns return of Library::MSVCRT::FUN_006a3c80 @ 006A3C6A
006A3D10	FUN_006a3d10	return		<RETURN>	/undefined	<UNASSIGNED>	DEFAULT	pointer:/int	1	1	width_mismatch	{pointer:/int=1}	006A3D10 returns return of Library::MSVCRT::FUN_006a3d40 @ 006A3D26
006A4090	FUN_006a4090	return		<RETURN>	/undefined	<UNASSIGNED>	DEFAULT		0	0	no_evidence		-
006A4130	FUN_006a4130	return		<RETURN>	/undefined	<UNASSIGNED>	DEFAULT	pointer:/int	1	1	width_mismatch	{pointer:/int=1}	006A4130 returns return of Library::MSVCRT::FUN_006a4160 @ 006A414A
006A48E0	FUN_006a48e0	return		<RETURN>	/undefined	<UNASSIGNED>	DEFAULT		0	0	no_evidence		-
006A4910	FUN_006a4910	return		<RETURN>	/undefined	<UNASSIGNED>	DEFAULT	pointer:/int	1	1	width_mismatch	{pointer:/int=1}	006A4910 returns return of Library::MSVCRT::FUN_006a41e0 @ 006A4932
006A4950	Library::MSVCRT::FUN_006a4950	return		<RETURN>	/undefined	<UNASSIGNED>	DEFAULT		0	0	no_evidence		-
006A49C0	Library::MSVCRT::FUN_006a49c0	return		<RETURN>	/undefined	<UNASSIGNED>	DEFAULT		0	0	no_evidence		-
006A4EF0	FUN_006a4ef0	return		<RETURN>	/undefined	<UNASSIGNED>	DEFAULT		0	0	no_evidence		-
006A4F20	Library::MSVCRT::FUN_006a4f20	return		<RETURN>	/undefined4	EAX:4	DEFAULT		0	0	no_evidence		-
006A5050	FUN_006a5050	parameter	0	param_1	/undefined4	Stack[0x4]:4	DEFAULT		0	0	no_evidence		-
006A5050	FUN_006a5050	return		<RETURN>	/undefined4	EAX:4	DEFAULT		0	0	no_evidence		-
006A5080	Library::MSVCRT::FUN_006a5080	parameter	1	param_2	/undefined4	Stack[0x8]:4	DEFAULT		0	0	no_evidence		-
006A5080	Library::MSVCRT::FUN_006a5080	return		<RETURN>	/undefined	<UNASSIGNED>	DEFAULT		0	0	no_evidence		-
006A5130	FUN_006a5130	return		<RETURN>	/undefined4	EAX:4	DEFAULT		0	0	no_evidence		-
006A5210	FUN_006a5210	return		<RETURN>	/undefined4	EAX:4	DEFAULT		0	0	no_evidence		-
006A5560	FUN_006a5560	parameter	1	param_2	/undefined4	Stack[0x8]:4	DEFAULT		0	0	no_evidence		-
006A5560	FUN_006a5560	return		<RETURN>	/undefined	<UNASSIGNED>	DEFAULT		0	0	no_evidence		-
006A55D0	FUN_006a55d0	return		<RETURN>	/undefined4	EAX:4	DEFAULT		0	0	no_evidence		-
006A56B0	FUN_006a56b0	return		<RETURN>	/undefined4	EAX:4	DEFAULT		0	0	no_evidence		-
006A5770	FUN_006a5770	parameter	0	param_1	/undefined4	Stack[0x4]:4	DEFAULT		0	0	no_evidence		-
006A5770	FUN_006a5770	return		<RETURN>	/undefined4	EAX:4	DEFAULT		0	0	no_evidence		-
006A57A0	FUN_006a57a0	return		<RETURN>	/undefined	<UNASSIGNED>	DEFAULT		0	0	no_evidence		-
006A58B0	FUN_006a58b0	return		<RETURN>	/undefined4	EAX:4	DEFAULT		0	0	no_evidence		-
006A5990	FUN_006a5990	return		<RETURN>	/undefined	<UNASSIGNED>	DEFAULT		0	0	no_evidence		-
006A5BE0	FUN_006a5be0	return		<RETURN>	/undefined	<UNASSIGNED>	DEFAULT		0	0	no_evidence		-
006A5CD0	FUN_006a5cd0	return		<RETURN>	/undefined4	EAX:4	DEFAULT		0	0	no_evidence		-
006A5D60	FUN_006a5d60	return		<RETURN>	/undefined	<UNASSIGNED>	DEFAULT		0	0	no_evidence		-
006A5E90	FUN_006a5e90	return		<RETURN>	/undefined	<UNASSIGNED>	DEFAULT		0	0	no_evidence		-
006A5EB0	FUN_006a5eb0	return		<RETURN>	/undefined4	EAX:4	DEFAULT		0	0	no_evidence		-
006A5F20	FUN_006a5f20	return		<RETURN>	/undefined4	EAX:4	DEFAULT		0	0	no_evidence		-
006A6100	FUN_006a6100	return		<RETURN>	/undefined4	EAX:4	DEFAULT		0	0	no_evidence		-
006A64E0	FUN_006a64e0	return		<RETURN>	/undefined4	EAX:4	DEFAULT		0	0	no_evidence		-
006A6F00	FUN_006a6f00	return		<RETURN>	/undefined4	EAX:4	DEFAULT		0	0	no_evidence		-
006A76D0	FUN_006a76d0	return		<RETURN>	/undefined4	EAX:4	DEFAULT		0	0	no_evidence		-
006AACB0	FUN_006aacb0	return		<RETURN>	/undefined	<UNASSIGNED>	DEFAULT		0	0	no_evidence		-
006AAD10	FUN_006aad10	return		<RETURN>	/undefined	<UNASSIGNED>	DEFAULT		0	0	no_evidence		-
006AB090	FUN_006ab090	return		<RETURN>	/undefined4	EAX:4	DEFAULT		0	0	no_evidence		-
006ACE70	FUN_006ace70	parameter	0	param_1	/undefined4	ECX:4	DEFAULT		0	0	no_evidence		-
006ACE70	FUN_006ace70	return		<RETURN>	/undefined	<UNASSIGNED>	DEFAULT		0	0	no_evidence		-
006AD190	FUN_006ad190	parameter	0	param_1	/undefined4	Stack[0x4]:4	DEFAULT		0	0	no_evidence		-
006AD190	FUN_006ad190	return		<RETURN>	/undefined4	EAX:4	DEFAULT		0	0	no_evidence		-
006AD250	FUN_006ad250	return		<RETURN>	/undefined	<UNASSIGNED>	DEFAULT		0	0	no_evidence		-
006AD270	FUN_006ad270	return		<RETURN>	/undefined	<UNASSIGNED>	DEFAULT		0	0	no_evidence		-
006AD280	FUN_006ad280	parameter	0	param_1	/undefined4	Stack[0x4]:4	DEFAULT		0	0	no_evidence		-
006AD280	FUN_006ad280	return		<RETURN>	/undefined4	EAX:4	DEFAULT		0	0	no_evidence		-
006AD2A0	FUN_006ad2a0	return		<RETURN>	/undefined	<UNASSIGNED>	DEFAULT		0	0	no_evidence		-
006ADC30	FUN_006adc30	return		<RETURN>	/undefined4	EAX:4	DEFAULT		0	0	no_evidence		-
006AE230	FUN_006ae230	return		<RETURN>	/undefined4	EAX:4	DEFAULT		0	0	no_evidence		-
006AFF50	FUN_006aff50	return		<RETURN>	/undefined	<UNASSIGNED>	DEFAULT		0	0	no_evidence		-
006AFF5B	FUN_006aff5b	return		<RETURN>	/undefined	<UNASSIGNED>	DEFAULT		0	0	no_evidence		-
006AFFC0	FUN_006affc0	return		<RETURN>	/undefined	<UNASSIGNED>	DEFAULT		0	0	no_evidence		-
006B0020	FUN_006b0020	return		<RETURN>	/undefined	<UNASSIGNED>	DEFAULT		0	0	no_evidence		-
006B0060	FUN_006b0060	return		<RETURN>	/undefined	<UNASSIGNED>	DEFAULT		26	0	conflicting_evidence	{pointer:/SubmarineTitans/Recovered/DArraySpecializations/STBHEShellC_field_0169DArray=1, pointer:/SubmarineTitans/Recovered/DArraySpecializations/STFieldC_field_0234DArray=1, pointer:/SubmarineTitans/Recovered/DArraySpecializations/STLightC_field_00A3DArray=1, pointer:/SubmarineTitans/Recovered/DArraySpecializations/STManBasisC_field_0038DArray=1, pointer:/SubmarineTitans/Recovered/DArraySpecializations/STManRuinC_field_0038DArray=1, pointer:/SubmarineTitans/Recovered/DArrayTy=21}	006B0060 returns stored into /JumpManagC+0x5e @ 006181A8 | 006B0060 returns stored into /JumpManagC+0x62 @ 006181CC | 006B0060 returns stored into /JumpManagC+0x66 @ 006181EA | 006B0060 returns stored into /STBHEShellC+0x169 @ 005F5BB4 | 006B0060 returns stored into /STBoatC+0x47b @ 004903FC | 006B0060 returns stored into /STFieldC+0x234 @ 0060C1F3 | 006B0060 returns stored into /STGroupBoatC+0x103 @ 004A6EBA | 006B0060 returns stored into /STGroupBoatC+0x10f @ 004A6EE1 | 006B0060 returns stored into /STGroupBoatC+0x127 @ 004A6F08 | 006B0060 returns stored into /STGroupBoatC+0x160 @ 004A6F2F | 006B0060 returns stored into /STGroupBoatC+0x1ca @ 004A6F56 | 006B0060 returns stored into /STGroupBoatC+0x1ce @ 004A6F7D | 006B0060 returns stored into /STGroupBoatC+0x1d6 @ 004A6FCB | 006B0060 returns stored into /STGroupBoatC+0x1da @ 004A6FF2 | 006B0060 returns stored into /STGroupBoatC+0x20e @ 004A7040 | 006B0060 returns stored into /STGroupBoatC+0x226 @ 004A70B2 | 006B0060 returns stored into /STGroupBoatC+0x22a @ 004A70D9 | 006B0060 returns stored into /STGroupBoatC+0x22e @ 004A7100 | 006B0060 returns stored into /STGroupBoatC+0x24e @ 004A7127 | 006B0060 returns stored into /STGroupBoatC+0x266 @ 004A714E | 006B0060 returns stored into /STGroupBoatC+0xef @ 004A6E93 | 006B0060 returns stored into /STLightC+0xa3 @ 0061D974 | 006B0060 returns stored into /STManBasisC+0x38 @ 005F2147 | 006B0060 returns stored into /STManBasisC+0x3c @ 005F2160 | 006B0060 returns stored into /STManRuinC+0x38 @ 006313D5 | 006B0060 returns stored into /STTorpC+0x241 @ 00645740
006B01D0	FUN_006b01d0	return		<RETURN>	/undefined	<UNASSIGNED>	DEFAULT		0	0	no_evidence		-
006B0290	FUN_006b0290	return		<RETURN>	/undefined	<UNASSIGNED>	DEFAULT		0	0	no_evidence		-
006B0330	FUN_006b0330	return		<RETURN>	/undefined	<UNASSIGNED>	DEFAULT		0	0	no_evidence		-
006B03D0	FUN_006b03d0	return		<RETURN>	/undefined	<UNASSIGNED>	DEFAULT		0	0	no_evidence		-
006B0460	FUN_006b0460	return		<RETURN>	/undefined4	EAX:4	DEFAULT		0	0	no_evidence		-
006B0520	FUN_006b0520	return		<RETURN>	/undefined4	EAX:4	DEFAULT		0	0	no_evidence		-
006B0BA0	FUN_006b0ba0	parameter	1	param_2	/undefined4	Stack[0x8]:4	DEFAULT		0	0	no_evidence		-
006B0BA0	FUN_006b0ba0	parameter	2	param_3	/undefined4	Stack[0xc]:4	DEFAULT		0	0	no_evidence		-
006B0BA0	FUN_006b0ba0	parameter	3	param_4	/undefined4	Stack[0x10]:4	DEFAULT		0	0	no_evidence		-
006B0BA0	FUN_006b0ba0	return		<RETURN>	/undefined4	EAX:4	DEFAULT		0	0	no_evidence		-
006B0BE0	FUN_006b0be0	return		<RETURN>	/undefined4	EAX:4	DEFAULT		0	0	no_evidence		-
006B0CD0	FUN_006b0cd0	return		<RETURN>	/undefined4	EAX:4	DEFAULT		0	0	no_evidence		-
006B0DC0	FUN_006b0dc0	return		<RETURN>	/undefined	<UNASSIGNED>	DEFAULT		0	0	no_evidence		-
006B0E20	FUN_006b0e20	return		<RETURN>	/undefined	<UNASSIGNED>	DEFAULT		0	0	no_evidence		-
006B0E70	FUN_006b0e70	return		<RETURN>	/undefined	<UNASSIGNED>	DEFAULT		0	0	no_evidence		-
006B0ED0	FUN_006b0ed0	return		<RETURN>	/undefined	<UNASSIGNED>	DEFAULT		0	0	no_evidence		-
006B0F20	FUN_006b0f20	return		<RETURN>	/undefined	<UNASSIGNED>	DEFAULT		0	0	no_evidence		-
006B0F80	FUN_006b0f80	return		<RETURN>	/undefined4	EAX:4	DEFAULT		0	0	no_evidence		-
006B0FD0	FUN_006b0fd0	return		<RETURN>	/undefined4	EAX:4	DEFAULT		0	0	no_evidence		-
006B1030	FUN_006b1030	return		<RETURN>	/undefined4	EAX:4	DEFAULT		0	0	no_evidence		-
006B1090	FUN_006b1090	return		<RETURN>	/undefined	<UNASSIGNED>	DEFAULT		0	0	no_evidence		-
006B1110	FUN_006b1110	return		<RETURN>	/undefined	<UNASSIGNED>	DEFAULT		0	0	no_evidence		-
006B12A8	FUN_006b12a8	return		<RETURN>	/undefined4	EAX:4	DEFAULT		0	0	no_evidence		-
006B12BC	FUN_006b12bc	return		<RETURN>	/undefined4	EAX:4	DEFAULT		0	0	no_evidence		-
006B12DC	FUN_006b12dc	return		<RETURN>	/undefined4	EAX:4	DEFAULT		0	0	no_evidence		-
006B1940	FUN_006b1940	return		<RETURN>	/undefined4	EAX:4	DEFAULT		0	0	no_evidence		-
006B1960	FUN_006b1960	return		<RETURN>	/undefined4	EAX:4	DEFAULT		0	0	no_evidence		-
006B1CC0	FUN_006b1cc0	parameter	2	param_3	/undefined4	Stack[0xc]:4	DEFAULT		0	0	no_evidence		-
006B1CC0	FUN_006b1cc0	parameter	3	param_4	/undefined4	Stack[0x10]:4	DEFAULT		0	0	no_evidence		-
006B1CC0	FUN_006b1cc0	return		<RETURN>	/undefined	<UNASSIGNED>	DEFAULT		0	0	no_evidence		-
006B1D20	FUN_006b1d20	return		<RETURN>	/undefined	<UNASSIGNED>	DEFAULT		0	0	no_evidence		-
006B2020	FUN_006b2020	return		<RETURN>	/undefined	<UNASSIGNED>	DEFAULT		0	0	no_evidence		-
006B2300	FUN_006b2300	return		<RETURN>	/undefined	<UNASSIGNED>	DEFAULT	/int	1	1	width_mismatch	{/int=1}	006B2300 returns return of Library::DKW::DDX::FUN_006b1d50 @ 006B2329
006B2330	FUN_006b2330	return		<RETURN>	/undefined	<UNASSIGNED>	DEFAULT		0	0	no_evidence		-
006B23A0	FUN_006b23a0	return		<RETURN>	/undefined	<UNASSIGNED>	DEFAULT		0	0	no_evidence		-
006B23E0	FUN_006b23e0	return		<RETURN>	/undefined	<UNASSIGNED>	DEFAULT		0	0	no_evidence		-
006B2410	FUN_006b2410	return		<RETURN>	/undefined	<UNASSIGNED>	DEFAULT		0	0	no_evidence		-
006B2560	FUN_006b2560	return		<RETURN>	/undefined	<UNASSIGNED>	DEFAULT	/uint	1	1	width_mismatch	{/uint=1}	006B2560 returns return of FUN_006b2480 @ 006B257F
006B2710	FUN_006b2710	return		<RETURN>	/undefined	<UNASSIGNED>	DEFAULT		0	0	no_evidence		-
006B27B0	FUN_006b27b0	return		<RETURN>	/undefined	<UNASSIGNED>	DEFAULT		0	0	no_evidence		-
006B2800	FUN_006b2800	return		<RETURN>	/undefined	<UNASSIGNED>	DEFAULT		0	0	no_evidence		-
006B3020	FUN_006b3020	return		<RETURN>	/undefined	<UNASSIGNED>	DEFAULT		0	0	no_evidence		-
006B3040	FUN_006b3040	return		<RETURN>	/undefined4	EAX:4	DEFAULT		0	0	no_evidence		-
006B3070	FUN_006b3070	return		<RETURN>	/undefined	<UNASSIGNED>	DEFAULT		0	0	no_evidence		-
006B30D0	FUN_006b30d0	return		<RETURN>	/undefined4	EAX:4	DEFAULT		0	0	no_evidence		-
006B35D0	FUN_006b35d0	return		<RETURN>	/undefined4	EAX:4	DEFAULT		0	0	no_evidence		-
006B3A40	FUN_006b3a40	return		<RETURN>	/undefined	<UNASSIGNED>	DEFAULT		0	0	no_evidence		-
006B3AF0	FUN_006b3af0	return		<RETURN>	/undefined	<UNASSIGNED>	DEFAULT		0	0	no_evidence		-
006B3BB0	FUN_006b3bb0	return		<RETURN>	/undefined	<UNASSIGNED>	DEFAULT		0	0	no_evidence		-
006B3CA0	FUN_006b3ca0	parameter	0	param_1	/undefined4	Stack[0x4]:4	DEFAULT		0	0	no_evidence		-
006B3CA0	FUN_006b3ca0	return		<RETURN>	/undefined	<UNASSIGNED>	DEFAULT		0	0	no_evidence		-
006B3CC0	Library::DKW::DDX::FUN_006b3cc0	return		<RETURN>	/undefined	<UNASSIGNED>	DEFAULT		0	0	no_evidence		-
006B3DD0	Library::DKW::DDX::FUN_006b3dd0	parameter	1	param_2	/undefined4	Stack[0x8]:4	DEFAULT		0	0	no_evidence		-
006B3DD0	Library::DKW::DDX::FUN_006b3dd0	parameter	2	param_3	/undefined4	Stack[0xc]:4	DEFAULT		0	0	no_evidence		-
006B3DD0	Library::DKW::DDX::FUN_006b3dd0	parameter	5	param_6	/undefined4	Stack[0x18]:4	DEFAULT		0	0	no_evidence		-
006B3DD0	Library::DKW::DDX::FUN_006b3dd0	parameter	6	param_7	/undefined4	Stack[0x1c]:4	DEFAULT		0	0	no_evidence		-
006B3DD0	Library::DKW::DDX::FUN_006b3dd0	parameter	7	param_8	/undefined4	Stack[0x20]:4	DEFAULT		0	0	no_evidence		-
006B3DD0	Library::DKW::DDX::FUN_006b3dd0	parameter	8	param_9	/undefined4	Stack[0x24]:4	DEFAULT		0	0	no_evidence		-
006B3DD0	Library::DKW::DDX::FUN_006b3dd0	parameter	9	param_10	/undefined4	Stack[0x28]:4	DEFAULT		0	0	no_evidence		-
006B3DD0	Library::DKW::DDX::FUN_006b3dd0	parameter	10	param_11	/undefined4	Stack[0x2c]:4	DEFAULT		0	0	no_evidence		-
006B3F40	FUN_006b3f40	return		<RETURN>	/undefined	<UNASSIGNED>	DEFAULT	/int	1	1	width_mismatch	{/int=1}	006B3F40 returns return of FUN_006b4fa0 @ 006B3F70
006B3F80	FUN_006b3f80	return		<RETURN>	/undefined	<UNASSIGNED>	DEFAULT		0	0	no_evidence		-
006B4030	FUN_006b4030	return		<RETURN>	/undefined	<UNASSIGNED>	DEFAULT		0	0	no_evidence		-
006B40E0	FUN_006b40e0	return		<RETURN>	/undefined	<UNASSIGNED>	DEFAULT		0	0	no_evidence		-
006B4110	FUN_006b4110	return		<RETURN>	/undefined4	EAX:4	DEFAULT		0	0	no_evidence		-
006B4120	FUN_006b4120	return		<RETURN>	/undefined	<UNASSIGNED>	DEFAULT		0	0	no_evidence		-
006B4170	FUN_006b4170	return		<RETURN>	/undefined	<UNASSIGNED>	DEFAULT		0	0	no_evidence		-
006B4447	Library::DKW::DDX::thunk_FUN_006b4563	return		<RETURN>	/undefined	<UNASSIGNED>	DEFAULT		0	0	no_evidence		-
006B449D	Library::DKW::DDX::thunk_FUN_006b4563	return		<RETURN>	/undefined	<UNASSIGNED>	DEFAULT		0	0	no_evidence		-
006B4563	Library::DKW::DDX::FUN_006b4563	return		<RETURN>	/undefined	<UNASSIGNED>	DEFAULT		0	0	no_evidence		-
006B4640	FUN_006b4640	return		<RETURN>	/undefined	<UNASSIGNED>	DEFAULT	/int	1	1	width_mismatch	{/int=1}	006B4640 returns return of Library::DKW::DDX::FUN_006b42d0 @ 006B466E
006B48A0	FUN_006b48a0	return		<RETURN>	/undefined	<UNASSIGNED>	DEFAULT	/int	1	1	width_mismatch	{/int=1}	006B48A0 returns return of Library::DKW::DDX::FUN_006b4680 @ 006B48D2
006B4B20	FUN_006b4b20	return		<RETURN>	/undefined4	EAX:4	DEFAULT		0	0	no_evidence		-
006B50C0	FUN_006b50c0	return		<RETURN>	/undefined	<UNASSIGNED>	DEFAULT		4	0	conflicting_evidence	{/uint=1, pointer:/ushort=3}	006B50C0 returns stored into /CursorClassTy+0x4d2 @ 00543710 | 006B50C0 returns stored into /IntercomPanelTy+0x19c @ 00521AA8 | 006B50C0 returns stored into /OptPanelTy+0x1e5 @ 0052E75C | 006B50C0 returns used as parameter 2 of FUN_006b2410 @ 00599A8C
006B5110	Library::DKW::WGR::FUN_006b5110	return		<RETURN>	/undefined	<UNASSIGNED>	DEFAULT		0	0	no_evidence		-
006B5440	FUN_006b5440	return		<RETURN>	/undefined	<UNASSIGNED>	DEFAULT		0	0	no_evidence		-
006B5480	FUN_006b5480	return		<RETURN>	/undefined4	EAX:4	DEFAULT		0	0	no_evidence		-
006B5570	FUN_006b5570	return		<RETURN>	/undefined	<UNASSIGNED>	DEFAULT		0	0	no_evidence		-
006B5B10	FUN_006b5b10	return		<RETURN>	/undefined	<UNASSIGNED>	DEFAULT		0	0	no_evidence		-
006B5EE0	FUN_006b5ee0	return		<RETURN>	/undefined	<UNASSIGNED>	DEFAULT		0	0	no_evidence		-
006B6110	FUN_006b6110	return		<RETURN>	/undefined	<UNASSIGNED>	DEFAULT		0	0	no_evidence		-
006B61A0	FUN_006b61a0	return		<RETURN>	/undefined	<UNASSIGNED>	DEFAULT		0	0	no_evidence		-
006B6230	FUN_006b6230	parameter	2	param_3	/undefined4	Stack[0xc]:4	DEFAULT		0	0	no_evidence		-
006B6230	FUN_006b6230	parameter	3	param_4	/undefined4	Stack[0x10]:4	DEFAULT		0	0	no_evidence		-
006B6230	FUN_006b6230	return		<RETURN>	/undefined4	EAX:4	DEFAULT		0	0	no_evidence		-
006B6530	FUN_006b6530	parameter	1	param_2	/undefined4	Stack[0x8]:4	DEFAULT		0	0	no_evidence		-
006B6530	FUN_006b6530	return		<RETURN>	/undefined4	EAX:4	DEFAULT		0	0	no_evidence		-
006B66A0	FUN_006b66a0	parameter	1	param_2	/undefined4	Stack[0x8]:4	DEFAULT		0	0	no_evidence		-
006B66A0	FUN_006b66a0	parameter	2	param_3	/undefined4	Stack[0xc]:4	DEFAULT		0	0	no_evidence		-
006B66A0	FUN_006b66a0	parameter	3	param_4	/undefined4	Stack[0x10]:4	DEFAULT		0	0	no_evidence		-
006B6750	Library::DKW::DDX::FUN_006b6750	parameter	2	param_3	/undefined4	Stack[0xc]:4	DEFAULT		0	0	no_evidence		-
006B6750	Library::DKW::DDX::FUN_006b6750	parameter	3	param_4	/undefined4	Stack[0x10]:4	DEFAULT		0	0	no_evidence		-
006B68C0	FUN_006b68c0	return		<RETURN>	/undefined	<UNASSIGNED>	DEFAULT		0	0	no_evidence		-
006B6970	FUN_006b6970	return		<RETURN>	/undefined	<UNASSIGNED>	DEFAULT		0	0	no_evidence		-
006B69B0	Library::DKW::DDX::FUN_006b69b0	parameter	3	param_4	/undefined4	Stack[0x10]:4	DEFAULT		0	0	no_evidence		-
006B69B0	Library::DKW::DDX::FUN_006b69b0	parameter	4	param_5	/undefined4	Stack[0x14]:4	DEFAULT		0	0	no_evidence		-
006B7070	FUN_006b7070	return		<RETURN>	/undefined	<UNASSIGNED>	DEFAULT		0	0	no_evidence		-
006B7170	FUN_006b7170	parameter	0	param_1	/undefined4	Stack[0x4]:4	DEFAULT		0	0	no_evidence		-
006B7170	FUN_006b7170	parameter	2	param_3	/undefined4	Stack[0xc]:4	DEFAULT		0	0	no_evidence		-
006B7170	FUN_006b7170	parameter	3	param_4	/undefined4	Stack[0x10]:4	DEFAULT		0	0	no_evidence		-
006B7170	FUN_006b7170	return		<RETURN>	/undefined4	EAX:4	DEFAULT		0	0	no_evidence		-
006B73E0	FUN_006b73e0	return		<RETURN>	/undefined	<UNASSIGNED>	DEFAULT		0	0	no_evidence		-
006B7650	Library::DKW::DDX::FUN_006b7650	parameter	2	param_3	/undefined4	Stack[0xc]:4	DEFAULT		0	0	no_evidence		-
006B7650	Library::DKW::DDX::FUN_006b7650	parameter	3	param_4	/undefined4	Stack[0x10]:4	DEFAULT		0	0	no_evidence		-
006B7740	FUN_006b7740	return		<RETURN>	/undefined	<UNASSIGNED>	DEFAULT		0	0	no_evidence		-
006B7830	FUN_006b7830	return		<RETURN>	/undefined4	EAX:4	DEFAULT		0	0	no_evidence		-
006B78C0	FUN_006b78c0	return		<RETURN>	/undefined	<UNASSIGNED>	DEFAULT		0	0	no_evidence		-
006B7920	Library::DKW::SND::FUN_006b7920	return		<RETURN>	/undefined4	EAX:4	DEFAULT		0	0	no_evidence		-
006B7E00	Library::DKW::SND::FUN_006b7e00	return		<RETURN>	/undefined4	EAX:4	DEFAULT		0	0	no_evidence		-
006B7F00	Library::DKW::SND::FUN_006b7f00	parameter	2	param_3	/undefined4	Stack[0xc]:4	DEFAULT		0	0	no_evidence		-
006B7F00	Library::DKW::SND::FUN_006b7f00	parameter	3	param_4	/undefined4	Stack[0x10]:4	DEFAULT		0	0	no_evidence		-
006B7F00	Library::DKW::SND::FUN_006b7f00	return		<RETURN>	/undefined4	EAX:4	DEFAULT		0	0	no_evidence		-
006B7FF0	Library::DKW::SND::FUN_006b7ff0	return		<RETURN>	/undefined4	EAX:4	DEFAULT		0	0	no_evidence		-
006B80E0	Library::DKW::SND::FUN_006b80e0	parameter	2	param_3	/undefined4	Stack[0xc]:4	DEFAULT		0	0	no_evidence		-
006B80E0	Library::DKW::SND::FUN_006b80e0	return		<RETURN>	/undefined4	EAX:4	DEFAULT		0	0	no_evidence		-
006B81D0	FUN_006b81d0	return		<RETURN>	/undefined	<UNASSIGNED>	DEFAULT		0	0	no_evidence		-
006B8200	FUN_006b8200	return		<RETURN>	/undefined4	EAX:4	DEFAULT		0	0	no_evidence		-
006B8280	FUN_006b8280	return		<RETURN>	/undefined	<UNASSIGNED>	DEFAULT		0	0	no_evidence		-
006B8850	FUN_006b8850	return		<RETURN>	/undefined	<UNASSIGNED>	DEFAULT		0	0	no_evidence		-
006B8BC0	FUN_006b8bc0	return		<RETURN>	/undefined	<UNASSIGNED>	DEFAULT		0	0	no_evidence		-
006B92B0	FUN_006b92b0	return		<RETURN>	/undefined4	EAX:4	DEFAULT		0	0	no_evidence		-
006B94E0	FUN_006b94e0	parameter	1	param_2	/undefined4	Stack[0x8]:4	DEFAULT		0	0	no_evidence		-
006B94E0	FUN_006b94e0	return		<RETURN>	/undefined	<UNASSIGNED>	DEFAULT		0	0	no_evidence		-
006B9890	FUN_006b9890	return		<RETURN>	/undefined	<UNASSIGNED>	DEFAULT		0	0	no_evidence		-
006B98C0	FUN_006b98c0	return		<RETURN>	/undefined4	EAX:4	DEFAULT		0	0	no_evidence		-
006B9910	FUN_006b9910	return		<RETURN>	/undefined	<UNASSIGNED>	DEFAULT		0	0	no_evidence		-
006B9940	Library::DKW::DDX::FUN_006b9940	parameter	1	param_2	/undefined4	Stack[0x8]:4	DEFAULT		0	0	no_evidence		-
006B9940	Library::DKW::DDX::FUN_006b9940	parameter	2	param_3	/undefined4	Stack[0xc]:4	DEFAULT	/WinDef.h/HWND	0	1	insufficient_independent_evidence	{/WinDef.h/HWND=1}	006B9B20 -> 006B9940 @ 006B9B31; FUN_006b9b20 parameter param_2
006B9AA0	FUN_006b9aa0	return		<RETURN>	/undefined4	EAX:4	DEFAULT		0	0	no_evidence		-
006B9B20	FUN_006b9b20	return		<RETURN>	/undefined	<UNASSIGNED>	DEFAULT	/int	1	1	width_mismatch	{/int=1}	006B9B20 returns return of Library::DKW::DDX::FUN_006b9940 @ 006B9B37
006BA530	Library::DKW::DDX::FUN_006ba530	parameter	1	param_2	/undefined4	Stack[0x8]:4	DEFAULT		0	0	no_evidence		-
006BA740	FUN_006ba740	return		<RETURN>	/undefined	<UNASSIGNED>	DEFAULT		0	0	no_evidence		-
006BA760	FUN_006ba760	return		<RETURN>	/undefined	<UNASSIGNED>	DEFAULT		0	0	no_evidence		-
006BA7B0	FUN_006ba7b0	parameter	1	param_2	/undefined4	Stack[0x8]:4	DEFAULT		0	0	no_evidence		-
006BA7B0	FUN_006ba7b0	parameter	2	param_3	/undefined4	Stack[0xc]:4	DEFAULT		0	0	no_evidence		-
006BA9E0	Library::DKW::DDX::FUN_006ba9e0	parameter	5	param_6	/undefined4	Stack[0x18]:4	DEFAULT	/uint	0	1	insufficient_independent_evidence	{/uint=1}	005B3D60 -> 006BA9E0 @ 005B430E; zeroed full register at 005B427F
006BAB60	Library::DKW::DDX::FUN_006bab60	parameter	1	param_2	/undefined4	Stack[0x8]:4	DEFAULT		0	0	no_evidence		-
006BB690	FUN_006bb690	return		<RETURN>	/undefined4	EAX:4	DEFAULT		0	0	no_evidence		-
006BB6C0	FUN_006bb6c0	parameter	2	param_3	/undefined4	Stack[0xc]:4	DEFAULT		0	0	no_evidence		-
006BB6C0	FUN_006bb6c0	parameter	3	param_4	/undefined4	Stack[0x10]:4	DEFAULT		0	0	no_evidence		-
006BB780	FUN_006bb780	parameter	2	param_3	/undefined4	Stack[0xc]:4	DEFAULT		0	0	no_evidence		-
006BB780	FUN_006bb780	parameter	3	param_4	/undefined4	Stack[0x10]:4	DEFAULT		0	0	no_evidence		-
006BB980	FUN_006bb980	return		<RETURN>	/undefined	<UNASSIGNED>	DEFAULT		0	0	no_evidence		-
006BB9D0	FUN_006bb9d0	parameter	6	param_7	/undefined4	Stack[0x1c]:4	DEFAULT		0	0	no_evidence		-
006BB9D0	FUN_006bb9d0	parameter	7	param_8	/undefined4	Stack[0x20]:4	DEFAULT		0	0	no_evidence		-
006BBB00	FUN_006bbb00	parameter	1	param_2	/undefined4	Stack[0x8]:4	DEFAULT		0	0	no_evidence		-
006BBB00	FUN_006bbb00	return		<RETURN>	/undefined4	EAX:4	DEFAULT		0	0	no_evidence		-
006BBE40	FUN_006bbe40	return		<RETURN>	/undefined	<UNASSIGNED>	DEFAULT		0	0	no_evidence		-
006BBED0	FUN_006bbed0	parameter	3	param_4	/undefined4	Stack[0x10]:4	DEFAULT		0	0	no_evidence		-
006BBED0	FUN_006bbed0	return		<RETURN>	/undefined	<UNASSIGNED>	DEFAULT		0	0	no_evidence		-
006BBF50	FUN_006bbf50	parameter	1	param_2	/undefined4	Stack[0x8]:4	DEFAULT		0	0	no_evidence		-
006BBF50	FUN_006bbf50	return		<RETURN>	/undefined	<UNASSIGNED>	DEFAULT		0	0	no_evidence		-
006BC440	FUN_006bc440	return		<RETURN>	/undefined4	EAX:4	DEFAULT		0	0	no_evidence		-
006BC630	FUN_006bc630	return		<RETURN>	/undefined	<UNASSIGNED>	DEFAULT		0	0	no_evidence		-
006BC8F0	FUN_006bc8f0	return		<RETURN>	/undefined	<UNASSIGNED>	DEFAULT		0	0	no_evidence		-
006BCD10	FUN_006bcd10	return		<RETURN>	/undefined	<UNASSIGNED>	DEFAULT		0	0	no_evidence		-
006BD0C0	FUN_006bd0c0	return		<RETURN>	/undefined4	EAX:4	DEFAULT		0	0	no_evidence		-
006BD230	FUN_006bd230	return		<RETURN>	/undefined	<UNASSIGNED>	DEFAULT		0	0	no_evidence		-
006BD260	FUN_006bd260	return		<RETURN>	/undefined	<UNASSIGNED>	DEFAULT		0	0	no_evidence		-
006BD4B0	FUN_006bd4b0	return		<RETURN>	/undefined	<UNASSIGNED>	DEFAULT		0	0	no_evidence		-
006BF710	FUN_006bf710	return		<RETURN>	/undefined4	EAX:4	DEFAULT		0	0	no_evidence		-
006BF9F0	Library::DKW::DDX::FUN_006bf9f0	parameter	1	param_2	/undefined4	Stack[0x8]:4	DEFAULT		0	0	no_evidence		-
006BF9F0	Library::DKW::DDX::FUN_006bf9f0	parameter	2	param_3	/undefined4	Stack[0xc]:4	DEFAULT		0	0	no_evidence		-
006BF9F0	Library::DKW::DDX::FUN_006bf9f0	parameter	3	param_4	/undefined4	Stack[0x10]:4	DEFAULT		0	0	no_evidence		-
006BF9F0	Library::DKW::DDX::FUN_006bf9f0	parameter	4	param_5	/undefined4	Stack[0x14]:4	DEFAULT		0	0	no_evidence		-
006BF9F0	Library::DKW::DDX::FUN_006bf9f0	return		<RETURN>	/undefined4	EAX:4	DEFAULT		0	0	no_evidence		-
006BFB30	FUN_006bfb30	return		<RETURN>	/undefined	<UNASSIGNED>	DEFAULT		0	0	no_evidence		-
006BFB50	FUN_006bfb50	return		<RETURN>	/undefined	<UNASSIGNED>	DEFAULT		0	0	no_evidence		-
006BFB70	FUN_006bfb70	return		<RETURN>	/undefined	<UNASSIGNED>	DEFAULT		0	0	no_evidence		-
006BFBF0	FUN_006bfbf0	return		<RETURN>	/undefined	<UNASSIGNED>	DEFAULT		0	0	no_evidence		-
006C0800	FUN_006c0800	parameter	2	param_3	/undefined4	Stack[0xc]:4	DEFAULT		0	0	no_evidence		-
006C0800	FUN_006c0800	parameter	3	param_4	/undefined4	Stack[0x10]:4	DEFAULT		0	0	no_evidence		-
006C0800	FUN_006c0800	parameter	4	param_5	/undefined4	Stack[0x14]:4	DEFAULT		0	0	no_evidence		-
006C0800	FUN_006c0800	parameter	5	param_6	/undefined4	Stack[0x18]:4	DEFAULT		0	0	no_evidence		-
006C0800	FUN_006c0800	parameter	6	param_7	/undefined4	Stack[0x1c]:4	DEFAULT		0	0	no_evidence		-
006C0800	FUN_006c0800	parameter	7	param_8	/undefined4	Stack[0x20]:4	DEFAULT		0	0	no_evidence		-
006C0800	FUN_006c0800	parameter	8	param_9	/undefined4	Stack[0x24]:4	DEFAULT		0	0	no_evidence		-
006C0800	FUN_006c0800	parameter	9	param_10	/undefined4	Stack[0x28]:4	DEFAULT		0	0	no_evidence		-
006C0800	FUN_006c0800	return		<RETURN>	/undefined	<UNASSIGNED>	DEFAULT		0	0	no_evidence		-
006C08E0	FUN_006c08e0	return		<RETURN>	/undefined	<UNASSIGNED>	DEFAULT		0	0	no_evidence		-
006C1390	FUN_006c1390	return		<RETURN>	/undefined	<UNASSIGNED>	DEFAULT	/int	1	1	width_mismatch	{/int=1}	006C1390 returns return of Library::DKW::SND::FUN_006c0fb0 @ 006C13BF
006C13D0	Library::DKW::SND::FUN_006c13d0	parameter	2	param_3	/undefined4	Stack[0xc]:4	DEFAULT		0	0	no_evidence		-
006C13D0	Library::DKW::SND::FUN_006c13d0	return		<RETURN>	/undefined4	EAX:4	DEFAULT		0	0	no_evidence		-
006C14B0	Library::DKW::SND::FUN_006c14b0	parameter	0	param_1	/undefined4	Stack[0x4]:4	DEFAULT		0	0	no_evidence		-
006C14B0	Library::DKW::SND::FUN_006c14b0	return		<RETURN>	/undefined4	EAX:4	DEFAULT		0	0	no_evidence		-
006C14F0	FUN_006c14f0	return		<RETURN>	/undefined	<UNASSIGNED>	DEFAULT		0	0	no_evidence		-
006C1530	Library::DKW::SND::FUN_006c1530	parameter	0	param_1	/undefined4	Stack[0x4]:4	DEFAULT	/WinDef.h/HWND	0	1	insufficient_independent_evidence	{/WinDef.h/HWND=1}	00567180 -> 006C1530 @ 005671BF; FUN_00567180 parameter param_1
006C1530	Library::DKW::SND::FUN_006c1530	return		<RETURN>	/undefined4	EAX:4	DEFAULT		0	0	no_evidence		-
006C18D0	FUN_006c18d0	return		<RETURN>	/undefined4	EAX:4	DEFAULT		0	0	no_evidence		-
006C1950	FUN_006c1950	return		<RETURN>	/undefined4	EAX:4	DEFAULT		0	0	no_evidence		-
006C19D0	FUN_006c19d0	return		<RETURN>	/undefined4	EAX:4	DEFAULT		0	0	no_evidence		-
006C1BA0	FUN_006c1ba0	return		<RETURN>	/undefined	<UNASSIGNED>	DEFAULT		0	0	no_evidence		-
006C1C90	FUN_006c1c90	return		<RETURN>	/undefined	<UNASSIGNED>	DEFAULT		0	0	no_evidence		-
006C1CE0	Library::DKW::SND::FUN_006c1ce0	parameter	1	param_2	/undefined4	Stack[0x8]:4	DEFAULT	/int	0	1	insufficient_independent_evidence	{/int=1}	005682C0 -> 006C1CE0 @ 005685A6; FUN_005682c0 parameter param_1
006C1D80	Library::DKW::SND::FUN_006c1d80	parameter	1	param_2	/undefined4	Stack[0x8]:4	DEFAULT		0	0	no_evidence		-
006C1E20	FUN_006c1e20	return		<RETURN>	/undefined	<UNASSIGNED>	DEFAULT		0	0	no_evidence		-
006C1F00	FUN_006c1f00	return		<RETURN>	/undefined4	EAX:4	DEFAULT		0	0	no_evidence		-
006C1F90	FUN_006c1f90	return		<RETURN>	/undefined4	EAX:4	DEFAULT		0	0	no_evidence		-
006C2050	FUN_006c2050	return		<RETURN>	/undefined	<UNASSIGNED>	DEFAULT		0	0	no_evidence		-
006C2140	FUN_006c2140	parameter	0	param_1	/undefined4	Stack[0x4]:4	DEFAULT		0	0	no_evidence		-
006C2140	FUN_006c2140	return		<RETURN>	/undefined	<UNASSIGNED>	DEFAULT		0	0	no_evidence		-
006C2160	Library::DKW::SND::FUN_006c2160	parameter	0	param_1	/undefined4	Stack[0x4]:4	DEFAULT		0	0	no_evidence		-
006C2160	Library::DKW::SND::FUN_006c2160	parameter	1	param_2	/undefined4	Stack[0x8]:4	DEFAULT		0	0	no_evidence		-
006C2160	Library::DKW::SND::FUN_006c2160	parameter	2	param_3	/undefined4	Stack[0xc]:4	DEFAULT		0	0	no_evidence		-
006C2160	Library::DKW::SND::FUN_006c2160	parameter	3	param_4	/undefined4	Stack[0x10]:4	DEFAULT		0	0	no_evidence		-
006C2160	Library::DKW::SND::FUN_006c2160	parameter	4	param_5	/undefined4	Stack[0x14]:4	DEFAULT		0	0	no_evidence		-
006C2160	Library::DKW::SND::FUN_006c2160	parameter	5	param_6	/undefined4	Stack[0x18]:4	DEFAULT		0	0	no_evidence		-
006C2160	Library::DKW::SND::FUN_006c2160	parameter	6	param_7	/undefined4	Stack[0x1c]:4	DEFAULT		0	0	no_evidence		-
006C2160	Library::DKW::SND::FUN_006c2160	parameter	7	param_8	/undefined4	Stack[0x20]:4	DEFAULT		0	0	no_evidence		-
006C2160	Library::DKW::SND::FUN_006c2160	parameter	8	param_9	/undefined4	Stack[0x24]:4	DEFAULT		0	0	no_evidence		-
006C21E0	FUN_006c21e0	return		<RETURN>	/undefined	<UNASSIGNED>	DEFAULT	/int	1	1	width_mismatch	{/int=1}	006C21E0 returns return of Library::DKW::SND::FUN_006c0fb0 @ 006C221A
006C2220	Library::DKW::SND::FUN_006c2220	parameter	1	param_2	/undefined4	Stack[0x8]:4	DEFAULT		0	0	no_evidence		-
006C2220	Library::DKW::SND::FUN_006c2220	parameter	2	param_3	/undefined4	Stack[0xc]:4	DEFAULT		0	0	no_evidence		-
006C2220	Library::DKW::SND::FUN_006c2220	parameter	3	param_4	/undefined4	Stack[0x10]:4	DEFAULT		0	0	no_evidence		-
006C23F0	FUN_006c23f0	return		<RETURN>	/undefined4	EAX:4	DEFAULT		0	0	no_evidence		-
006C2460	FUN_006c2460	parameter	4	param_5	/undefined4	Stack[0x14]:4	DEFAULT		0	0	no_evidence		-
006C2460	FUN_006c2460	parameter	5	param_6	/undefined4	Stack[0x18]:4	DEFAULT		0	0	no_evidence		-
006C2460	FUN_006c2460	return		<RETURN>	/undefined	<UNASSIGNED>	DEFAULT		0	0	no_evidence		-
006C2A00	FUN_006c2a00	return		<RETURN>	/undefined4	EAX:4	DEFAULT		0	0	no_evidence		-
006C2AC0	FUN_006c2ac0	return		<RETURN>	/undefined	<UNASSIGNED>	DEFAULT		0	0	no_evidence		-
006C2AE0	Library::DKW::DV::FUN_006c2ae0	parameter	1	param_2	/undefined4	Stack[0x8]:4	DEFAULT		0	0	no_evidence		-
006C2CC0	Library::DKW::DV::FUN_006c2cc0	return		<RETURN>	/undefined4	EAX:4	DEFAULT		0	0	no_evidence		-
006C2D30	Library::DKW::DV::FUN_006c2d30	return		<RETURN>	/undefined	<UNASSIGNED>	DEFAULT		0	0	no_evidence		-
006C3340	FUN_006c3340	return		<RETURN>	/undefined	<UNASSIGNED>	DEFAULT		0	0	no_evidence		-
006C3720	FUN_006c3720	return		<RETURN>	/undefined4	EAX:4	DEFAULT		0	0	no_evidence		-
006C3800	Library::DKW::DV::FUN_006c3800	parameter	3	param_4	/undefined4	Stack[0x10]:4	DEFAULT		0	0	no_evidence		-
006C38D0	FUN_006c38d0	return		<RETURN>	/undefined	<UNASSIGNED>	DEFAULT		0	0	no_evidence		-
006C38F0	FUN_006c38f0	parameter	3	param_4	/undefined4	Stack[0x10]:4	DEFAULT		0	0	no_evidence		-
006C38F0	FUN_006c38f0	return		<RETURN>	/undefined4	EAX:4	DEFAULT		0	0	no_evidence		-
006C3AA0	FUN_006c3aa0	return		<RETURN>	/undefined	<UNASSIGNED>	DEFAULT		0	0	no_evidence		-
006C3D80	FUN_006c3d80	return		<RETURN>	/undefined	<UNASSIGNED>	DEFAULT		0	0	no_evidence		-
006C3F00	FUN_006c3f00	return		<RETURN>	/undefined4	EAX:4	DEFAULT		0	0	no_evidence		-
006C3F80	FUN_006c3f80	parameter	1	param_2	/undefined4	Stack[0x8]:4	DEFAULT		0	0	no_evidence		-
006C3F80	FUN_006c3f80	parameter	2	param_3	/undefined4	Stack[0xc]:4	DEFAULT		0	0	no_evidence		-
006C3F80	FUN_006c3f80	parameter	3	param_4	/undefined4	Stack[0x10]:4	DEFAULT		0	0	no_evidence		-
006C3F80	FUN_006c3f80	parameter	4	param_5	/undefined4	Stack[0x14]:4	DEFAULT		0	0	no_evidence		-
006C3F80	FUN_006c3f80	return		<RETURN>	/undefined	<UNASSIGNED>	DEFAULT		0	0	no_evidence		-
006C3FC0	FUN_006c3fc0	parameter	1	param_2	/undefined4	Stack[0x8]:4	DEFAULT		0	0	no_evidence		-
006C3FC0	FUN_006c3fc0	parameter	2	param_3	/undefined4	Stack[0xc]:4	DEFAULT		0	0	no_evidence		-
006C3FC0	FUN_006c3fc0	parameter	3	param_4	/undefined4	Stack[0x10]:4	DEFAULT		0	0	no_evidence		-
006C3FC0	FUN_006c3fc0	parameter	4	param_5	/undefined4	Stack[0x14]:4	DEFAULT		0	0	no_evidence		-
006C3FC0	FUN_006c3fc0	return		<RETURN>	/undefined	<UNASSIGNED>	DEFAULT		0	0	no_evidence		-
006C4350	Library::DKW::DDX::FUN_006c4350	parameter	2	param_3	/undefined4	Stack[0xc]:4	DEFAULT		0	0	no_evidence		-
006C4350	Library::DKW::DDX::FUN_006c4350	parameter	3	param_4	/undefined4	Stack[0x10]:4	DEFAULT		0	0	no_evidence		-
006C4480	FUN_006c4480	return		<RETURN>	/undefined	<UNASSIGNED>	DEFAULT		0	0	no_evidence		-
006C4A00	FUN_006c4a00	parameter	1	param_2	/undefined4	Stack[0x8]:4	DEFAULT		0	0	no_evidence		-
006C4A00	FUN_006c4a00	parameter	2	param_3	/undefined4	Stack[0xc]:4	DEFAULT		0	0	no_evidence		-
006C4A00	FUN_006c4a00	parameter	3	param_4	/undefined4	Stack[0x10]:4	DEFAULT		0	0	no_evidence		-
006C4A20	Library::DKW::FLC::FUN_006c4a20	parameter	0	param_1	/undefined4	Stack[0x4]:4	DEFAULT		0	0	no_evidence		-
006C5210	FUN_006c5210	parameter	1	param_2	/undefined4	Stack[0x8]:4	DEFAULT		0	0	no_evidence		-
006C5210	FUN_006c5210	parameter	4	param_5	/undefined4	Stack[0x14]:4	DEFAULT		0	0	no_evidence		-
006C52E0	FUN_006c52e0	parameter	2	param_3	/undefined4	Stack[0xc]:4	DEFAULT		0	0	no_evidence		-
006C52E0	FUN_006c52e0	parameter	4	param_5	/undefined4	Stack[0x14]:4	DEFAULT		0	0	no_evidence		-
006C53B0	Library::DKW::DDX::FUN_006c53b0	parameter	5	param_6	/undefined4	Stack[0x18]:4	DEFAULT		0	0	no_evidence		-
006C55B6	Library::DKW::DDX::thunk_FUN_006c5951	return		<RETURN>	/undefined	<UNASSIGNED>	DEFAULT		0	0	no_evidence		-
006C56EB	Library::DKW::DDX::thunk_FUN_006c5951	return		<RETURN>	/undefined	<UNASSIGNED>	DEFAULT		0	0	no_evidence		-
006C5951	Library::DKW::DDX::FUN_006c5951	return		<RETURN>	/undefined	<UNASSIGNED>	DEFAULT		0	0	no_evidence		-
006C5A10	FUN_006c5a10	return		<RETURN>	/undefined	<UNASSIGNED>	DEFAULT		0	0	no_evidence		-
006C5B00	FUN_006c5b00	return		<RETURN>	/undefined	<UNASSIGNED>	DEFAULT		0	0	no_evidence		-
006C5BF0	FUN_006c5bf0	return		<RETURN>	/undefined	<UNASSIGNED>	DEFAULT		0	0	no_evidence		-
006C5D00	FUN_006c5d00	return		<RETURN>	/undefined	<UNASSIGNED>	DEFAULT		0	0	no_evidence		-
006C5E00	FUN_006c5e00	return		<RETURN>	/undefined	<UNASSIGNED>	DEFAULT		0	0	no_evidence		-
006C5F90	FUN_006c5f90	return		<RETURN>	/undefined	<UNASSIGNED>	DEFAULT		0	0	no_evidence		-
006C6100	FUN_006c6100	return		<RETURN>	/undefined	<UNASSIGNED>	DEFAULT		0	0	no_evidence		-
006C6290	FUN_006c6290	return		<RETURN>	/undefined	<UNASSIGNED>	DEFAULT		0	0	no_evidence		-
006C6410	FUN_006c6410	return		<RETURN>	/undefined4	EAX:4	DEFAULT		0	0	no_evidence		-
006C6450	FUN_006c6450	parameter	1	param_2	/undefined4	Stack[0x8]:4	DEFAULT		0	0	no_evidence		-
006C6450	FUN_006c6450	return		<RETURN>	/undefined4	EAX:4	DEFAULT		0	0	no_evidence		-
006C6470	Library::DKW::DDX::FUN_006c6470	parameter	6	param_7	/undefined4	Stack[0x1c]:4	DEFAULT		0	0	no_evidence		-
006C6660	Library::DKW::DDX::FUN_006c6660	parameter	6	param_7	/undefined4	Stack[0x1c]:4	DEFAULT		0	0	no_evidence		-
006C6850	FUN_006c6850	parameter	5	param_6	/undefined4	Stack[0x18]:4	DEFAULT		0	0	no_evidence		-
006C6850	FUN_006c6850	return		<RETURN>	/undefined	<UNASSIGNED>	DEFAULT		0	0	no_evidence		-
006C6A60	FUN_006c6a60	return		<RETURN>	/undefined	<UNASSIGNED>	DEFAULT		0	0	no_evidence		-
006C6A90	FUN_006c6a90	return		<RETURN>	/undefined	<UNASSIGNED>	DEFAULT		0	0	no_evidence		-
006C7030	FUN_006c7030	return		<RETURN>	/undefined	<UNASSIGNED>	DEFAULT		0	0	no_evidence		-
006C7240	FUN_006c7240	return		<RETURN>	/undefined4	EAX:4	DEFAULT		0	0	no_evidence		-
006C72F0	FUN_006c72f0	return		<RETURN>	/undefined	<UNASSIGNED>	DEFAULT		0	0	no_evidence		-
006C7430	FUN_006c7430	return		<RETURN>	/undefined	<UNASSIGNED>	DEFAULT		0	0	no_evidence		-
006C7570	FUN_006c7570	return		<RETURN>	/undefined	<UNASSIGNED>	DEFAULT		0	0	no_evidence		-
006C76B0	FUN_006c76b0	return		<RETURN>	/undefined	<UNASSIGNED>	DEFAULT		0	0	no_evidence		-
006C7B20	FUN_006c7b20	return		<RETURN>	/undefined4	EAX:4	DEFAULT		0	0	no_evidence		-
006C7B90	FUN_006c7b90	parameter	1	param_2	/undefined4	Stack[0x8]:4	DEFAULT		0	0	no_evidence		-
006C7B90	FUN_006c7b90	parameter	2	param_3	/undefined4	Stack[0xc]:4	DEFAULT		0	0	no_evidence		-
006C7B90	FUN_006c7b90	return		<RETURN>	/undefined	<UNASSIGNED>	DEFAULT		0	0	no_evidence		-
006C7C50	Library::DKW::GPC::FUN_006c7c50	parameter	0	param_1	/undefined4	Stack[0x4]:4	DEFAULT		0	0	no_evidence		-
006C7D00	FUN_006c7d00	parameter	1	param_2	/undefined4	Stack[0x8]:4	DEFAULT		0	0	no_evidence		-
006C7D00	FUN_006c7d00	parameter	2	param_3	/undefined4	Stack[0xc]:4	DEFAULT		0	0	no_evidence		-
006C7D00	FUN_006c7d00	return		<RETURN>	/undefined	<UNASSIGNED>	DEFAULT		0	0	no_evidence		-
006C7DC0	Library::DKW::GPC::FUN_006c7dc0	parameter	0	param_1	/undefined4	Stack[0x4]:4	DEFAULT		0	0	no_evidence		-
006C7E80	FUN_006c7e80	return		<RETURN>	/undefined4	EAX:4	DEFAULT		0	0	no_evidence		-
006C7E90	FUN_006c7e90	parameter	1	param_2	/undefined4	Stack[0x8]:4	DEFAULT		0	0	no_evidence		-
006C7E90	FUN_006c7e90	return		<RETURN>	/undefined	<UNASSIGNED>	DEFAULT		0	0	no_evidence		-
006C7EA0	FUN_006c7ea0	parameter	1	param_2	/undefined4	Stack[0x8]:4	DEFAULT		0	0	no_evidence		-
006C7F10	FUN_006c7f10	return		<RETURN>	/undefined	<UNASSIGNED>	DEFAULT		0	0	no_evidence		-
006C8290	FUN_006c8290	return		<RETURN>	/undefined	<UNASSIGNED>	DEFAULT	/uint	1	1	width_mismatch	{/uint=1}	006C8290 returns return of FUN_006c82bb @ 006C82A2
006C82BB	FUN_006c82bb	parameter	0	param_1	/undefined4	ECX:4	DEFAULT		0	0	no_evidence		-
006C8910	FUN_006c8910	return		<RETURN>	/undefined	<UNASSIGNED>	DEFAULT	pointer:/byte	1	1	width_mismatch	{pointer:/byte=1}	006C8910 returns used as parameter 1 of FUN_00680890 @ 00680A54
006C8E20	Library::DKW::FIO::FUN_006c8e20	return		<RETURN>	/undefined4	EAX:4	DEFAULT		0	0	no_evidence		-
006C8E60	FUN_006c8e60	return		<RETURN>	/undefined	<UNASSIGNED>	DEFAULT		0	0	no_evidence		-
006C8EC0	FUN_006c8ec0	return		<RETURN>	/undefined4	EAX:4	DEFAULT		0	0	no_evidence		-
006CEBE0	FUN_006cebe0	return		<RETURN>	/undefined	<UNASSIGNED>	DEFAULT		0	0	no_evidence		-
006CEE60	FUN_006cee60	return		<RETURN>	/undefined	<UNASSIGNED>	DEFAULT		0	0	no_evidence		-
006CF415	FUN_006cf415	return		<RETURN>	/undefined	<UNASSIGNED>	DEFAULT		0	0	no_evidence		-
006CF54E	thunk_FUN_006cf415	return		<RETURN>	/undefined	<UNASSIGNED>	DEFAULT		0	0	no_evidence		-
006CF5FF	thunk_FUN_006cf415	return		<RETURN>	/undefined	<UNASSIGNED>	DEFAULT		0	0	no_evidence		-
006CF7B8	thunk_FUN_006cf8e4	return		<RETURN>	/undefined	<UNASSIGNED>	DEFAULT		0	0	no_evidence		-
006CF84E	thunk_FUN_006cf8e4	return		<RETURN>	/undefined	<UNASSIGNED>	DEFAULT		0	0	no_evidence		-
006CF8E4	FUN_006cf8e4	return		<RETURN>	/undefined	<UNASSIGNED>	DEFAULT		0	0	no_evidence		-
006CFBE0	FUN_006cfbe0	return		<RETURN>	/undefined	<UNASSIGNED>	DEFAULT		0	0	no_evidence		-
006CFD90	FUN_006cfd90	return		<RETURN>	/undefined4	EAX:4	DEFAULT		0	0	no_evidence		-
006CFEB0	FUN_006cfeb0	return		<RETURN>	/undefined4	EAX:4	DEFAULT		0	0	no_evidence		-
006D0020	FUN_006d0020	parameter	1	param_2	/undefined4	Stack[0x8]:4	DEFAULT		0	0	no_evidence		-
006D0020	FUN_006d0020	parameter	2	param_3	/undefined4	Stack[0xc]:4	DEFAULT		0	0	no_evidence		-
006D0020	FUN_006d0020	return		<RETURN>	/undefined	<UNASSIGNED>	DEFAULT		0	0	no_evidence		-
006D00D0	FUN_006d00d0	return		<RETURN>	/undefined	<UNASSIGNED>	DEFAULT		0	0	no_evidence		-
006D0150	FUN_006d0150	return		<RETURN>	/undefined	<UNASSIGNED>	DEFAULT		0	0	no_evidence		-
006D0200	FUN_006d0200	return		<RETURN>	/undefined	<UNASSIGNED>	DEFAULT		0	0	no_evidence		-
006D02E0	FUN_006d02e0	return		<RETURN>	/undefined	<UNASSIGNED>	DEFAULT		0	0	no_evidence		-
006D0330	FUN_006d0330	return		<RETURN>	/undefined	<UNASSIGNED>	DEFAULT		0	0	no_evidence		-
006D0390	FUN_006d0390	return		<RETURN>	/undefined	<UNASSIGNED>	DEFAULT		0	0	no_evidence		-
006D03E0	FUN_006d03e0	return		<RETURN>	/undefined	<UNASSIGNED>	DEFAULT		0	0	no_evidence		-
006D0460	FUN_006d0460	return		<RETURN>	/undefined	<UNASSIGNED>	DEFAULT		0	0	no_evidence		-
006D0570	FUN_006d0570	return		<RETURN>	/undefined	<UNASSIGNED>	DEFAULT		0	0	no_evidence		-
006D05B0	FUN_006d05b0	return		<RETURN>	/undefined	<UNASSIGNED>	DEFAULT		0	0	no_evidence		-
006D0680	FUN_006d0680	return		<RETURN>	/undefined4	EAX:4	DEFAULT		0	0	no_evidence		-
006D07D0	FUN_006d07d0	return		<RETURN>	/undefined	<UNASSIGNED>	DEFAULT		0	0	no_evidence		-
006D0820	FUN_006d0820	return		<RETURN>	/undefined	<UNASSIGNED>	DEFAULT		0	0	no_evidence		-
006D0CC0	FUN_006d0cc0	return		<RETURN>	/undefined	<UNASSIGNED>	DEFAULT	/int	1	1	width_mismatch	{/int=1}	006D0CC0 returns return of Library::DKW::DDX::FUN_006d0a20 @ 006D0CE9
006D0CF0	FUN_006d0cf0	return		<RETURN>	/undefined4	EAX:4	DEFAULT		0	0	no_evidence		-
006D11F0	FUN_006d11f0	return		<RETURN>	/undefined	<UNASSIGNED>	DEFAULT		0	0	no_evidence		-
006D1250	FUN_006d1250	return		<RETURN>	/undefined	<UNASSIGNED>	DEFAULT		0	0	no_evidence		-
006D1350	FUN_006d1350	return		<RETURN>	/undefined	<UNASSIGNED>	DEFAULT		0	0	no_evidence		-
006D13C0	FUN_006d13c0	return		<RETURN>	/undefined	<UNASSIGNED>	DEFAULT		0	0	no_evidence		-
006D1A10	FUN_006d1a10	return		<RETURN>	/undefined	<UNASSIGNED>	DEFAULT		0	0	no_evidence		-
006D1A50	FUN_006d1a50	return		<RETURN>	/undefined	<UNASSIGNED>	DEFAULT		0	0	no_evidence		-
006D1A90	FUN_006d1a90	return		<RETURN>	/undefined	<UNASSIGNED>	DEFAULT		0	0	no_evidence		-
006D1EC0	FUN_006d1ec0	parameter	6	param_7	/undefined4	Stack[0x1c]:4	DEFAULT		0	0	no_evidence		-
006D1EC0	FUN_006d1ec0	parameter	7	param_8	/undefined4	Stack[0x20]:4	DEFAULT		0	0	no_evidence		-
006D2510	FUN_006d2510	return		<RETURN>	/undefined	<UNASSIGNED>	DEFAULT		0	0	no_evidence		-
006D2530	FUN_006d2530	return		<RETURN>	/undefined	<UNASSIGNED>	DEFAULT		0	0	no_evidence		-
006D2560	FUN_006d2560	return		<RETURN>	/undefined	<UNASSIGNED>	DEFAULT		0	0	no_evidence		-
006D25A0	FUN_006d25a0	return		<RETURN>	/undefined	<UNASSIGNED>	DEFAULT		0	0	no_evidence		-
006D25E0	FUN_006d25e0	return		<RETURN>	/undefined	<UNASSIGNED>	DEFAULT		0	0	no_evidence		-
006D26D0	FUN_006d26d0	return		<RETURN>	/undefined	<UNASSIGNED>	DEFAULT		0	0	no_evidence		-
006D2820	FUN_006d2820	return		<RETURN>	/undefined	<UNASSIGNED>	DEFAULT		0	0	no_evidence		-
006D3D80	FUN_006d3d80	return		<RETURN>	/undefined	<UNASSIGNED>	DEFAULT		0	0	no_evidence		-
006D4220	Library::DKW::FMM::FUN_006d4220	parameter	3	param_4	/undefined4	Stack[0x10]:4	DEFAULT		0	0	no_evidence		-
006D46A0	FUN_006d46a0	return		<RETURN>	/undefined	<UNASSIGNED>	DEFAULT		0	0	no_evidence		-
006D4A40	Library::DKW::FMM::FUN_006d4a40	return		<RETURN>	/undefined4	EAX:4	DEFAULT		0	0	no_evidence		-
006D4AA0	Library::DKW::FMM::FUN_006d4aa0	parameter	2	param_3	/undefined4	Stack[0xc]:4	DEFAULT		0	0	no_evidence		-
006D4B30	Library::DKW::FMM::FUN_006d4b30	return		<RETURN>	/undefined4	EAX:4	DEFAULT		0	0	no_evidence		-
006D4BA0	Library::DKW::FMM::FUN_006d4ba0	parameter	2	param_3	/undefined4	Stack[0xc]:4	DEFAULT		0	0	no_evidence		-
006D4CF0	FUN_006d4cf0	return		<RETURN>	/undefined4	EAX:4	DEFAULT		0	0	no_evidence		-
006D4EF0	FUN_006d4ef0	parameter	1	param_2	/undefined4	Stack[0x8]:4	DEFAULT		0	0	no_evidence		-
006D4F70	FUN_006d4f70	parameter	1	param_2	/undefined4	Stack[0x8]:4	DEFAULT		0	0	no_evidence		-
006D4F70	FUN_006d4f70	parameter	2	param_3	/undefined4	Stack[0xc]:4	DEFAULT		0	0	no_evidence		-
006D4FD0	FUN_006d4fd0	return		<RETURN>	/undefined	<UNASSIGNED>	DEFAULT		0	0	no_evidence		-
006D4FF0	FUN_006d4ff0	parameter	1	param_1	/undefined4	Stack[0x4]:4	DEFAULT		0	0	no_evidence		-
006D50E0	FUN_006d50e0	return		<RETURN>	/undefined	<UNASSIGNED>	DEFAULT		0	0	no_evidence		-
006D5110	FUN_006d5110	parameter	1	param_2	/undefined4	Stack[0x8]:4	DEFAULT		0	0	no_evidence		-
006D5110	FUN_006d5110	parameter	2	param_3	/undefined4	Stack[0xc]:4	DEFAULT		0	0	no_evidence		-
006D5110	FUN_006d5110	return		<RETURN>	/undefined	<UNASSIGNED>	DEFAULT		0	0	no_evidence		-
006D5130	FUN_006d5130	return		<RETURN>	/undefined	<UNASSIGNED>	DEFAULT		0	0	no_evidence		-
006D5150	FUN_006d5150	return		<RETURN>	/undefined	<UNASSIGNED>	DEFAULT		0	0	no_evidence		-
006D51A0	FUN_006d51a0	return		<RETURN>	/undefined	<UNASSIGNED>	DEFAULT		0	0	no_evidence		-
006D5230	FUN_006d5230	return		<RETURN>	/undefined4	EAX:4	DEFAULT		0	0	no_evidence		-
006D5260	FUN_006d5260	return		<RETURN>	/undefined4	EAX:4	DEFAULT		0	0	no_evidence		-
006D54C0	FUN_006d54c0	return		<RETURN>	/undefined4	EAX:4	DEFAULT		0	0	no_evidence		-
006D5720	FUN_006d5720	parameter	1	param_1	/undefined4	Stack[0x4]:4	DEFAULT		0	0	no_evidence		-
006D5720	FUN_006d5720	parameter	3	param_3	/undefined4	Stack[0xc]:4	DEFAULT		0	0	no_evidence		-
006D5720	FUN_006d5720	parameter	4	param_4	/undefined4	Stack[0x10]:4	DEFAULT		0	0	no_evidence		-
006D5780	FUN_006d5780	return		<RETURN>	/undefined	<UNASSIGNED>	DEFAULT		0	0	no_evidence		-
006D5790	FUN_006d5790	parameter	1	param_2	/undefined4	Stack[0x8]:4	DEFAULT		0	0	no_evidence		-
006D5790	FUN_006d5790	parameter	2	param_3	/undefined4	Stack[0xc]:4	DEFAULT		0	0	no_evidence		-
006D5790	FUN_006d5790	return		<RETURN>	/undefined	<UNASSIGNED>	DEFAULT		0	0	no_evidence		-
006D57B0	FUN_006d57b0	return		<RETURN>	/undefined	<UNASSIGNED>	DEFAULT		0	0	no_evidence		-
006D57D0	FUN_006d57d0	return		<RETURN>	/undefined	<UNASSIGNED>	DEFAULT		0	0	no_evidence		-
006D58C0	FUN_006d58c0	return		<RETURN>	/undefined4	EAX:4	DEFAULT		0	0	no_evidence		-
006D5CD0	FUN_006d5cd0	parameter	1	param_1	/undefined4	Stack[0x4]:4	DEFAULT		0	0	no_evidence		-
006D5CD0	FUN_006d5cd0	parameter	2	param_2	/undefined4	Stack[0x8]:4	DEFAULT		0	0	no_evidence		-
006D5D20	FUN_006d5d20	parameter	1	param_2	/undefined4	Stack[0x8]:4	DEFAULT		0	0	no_evidence		-
006D5D20	FUN_006d5d20	parameter	2	param_3	/undefined4	Stack[0xc]:4	DEFAULT		0	0	no_evidence		-
006D5D20	FUN_006d5d20	return		<RETURN>	/undefined	<UNASSIGNED>	DEFAULT		0	0	no_evidence		-
006D5D40	FUN_006d5d40	return		<RETURN>	/undefined	<UNASSIGNED>	DEFAULT		0	0	no_evidence		-
006D5D60	FUN_006d5d60	return		<RETURN>	/undefined	<UNASSIGNED>	DEFAULT		0	0	no_evidence		-
006D5DF0	FUN_006d5df0	return		<RETURN>	/undefined4	EAX:4	DEFAULT		0	0	no_evidence		-
006D6090	FUN_006d6090	return		<RETURN>	/undefined	<UNASSIGNED>	DEFAULT		0	0	no_evidence		-
006D6110	FUN_006d6110	parameter	1	param_1	/undefined4	Stack[0x4]:4	DEFAULT		0	0	no_evidence		-
006D6110	FUN_006d6110	return		<RETURN>	/undefined	<UNASSIGNED>	DEFAULT		0	0	no_evidence		-
006D6120	FUN_006d6120	return		<RETURN>	/undefined	<UNASSIGNED>	DEFAULT		0	0	no_evidence		-
006D6140	FUN_006d6140	return		<RETURN>	/undefined	<UNASSIGNED>	DEFAULT		0	0	no_evidence		-
006D6160	FUN_006d6160	parameter	1	param_1	/undefined4	Stack[0x4]:4	DEFAULT		0	0	no_evidence		-
006D6160	FUN_006d6160	parameter	2	param_2	/undefined4	Stack[0x8]:4	DEFAULT		0	0	no_evidence		-
006D6160	FUN_006d6160	parameter	3	param_3	/undefined4	Stack[0xc]:4	DEFAULT		0	0	no_evidence		-
006D6160	FUN_006d6160	parameter	4	param_4	/undefined4	Stack[0x10]:4	DEFAULT		0	0	no_evidence		-
006D6160	FUN_006d6160	parameter	5	param_5	/undefined4	Stack[0x14]:4	DEFAULT		0	0	no_evidence		-
006D61C0	FUN_006d61c0	return		<RETURN>	/undefined	<UNASSIGNED>	DEFAULT		0	0	no_evidence		-
006D61E0	FUN_006d61e0	return		<RETURN>	/undefined	<UNASSIGNED>	DEFAULT		0	0	no_evidence		-
006D6250	FUN_006d6250	return		<RETURN>	/undefined	<UNASSIGNED>	DEFAULT	/int	1	1	width_mismatch	{/int=1}	006D6250 returns return of FUN_00748dae @ 006D6261
006D6270	FUN_006d6270	return		<RETURN>	/undefined	<UNASSIGNED>	DEFAULT		0	0	no_evidence		-
006D7000	FUN_006d7000	return		<RETURN>	/undefined4	EAX:4	DEFAULT		0	0	no_evidence		-
006D7060	FUN_006d7060	parameter	1	param_1	/undefined4	Stack[0x4]:4	DEFAULT		0	0	no_evidence		-
006D7060	FUN_006d7060	return		<RETURN>	/undefined	<UNASSIGNED>	DEFAULT		0	0	no_evidence		-
006D70B0	FUN_006d70b0	parameter	1	param_1	/undefined4	Stack[0x4]:4	DEFAULT		0	0	no_evidence		-
006D70B0	FUN_006d70b0	parameter	3	param_3	/undefined4	Stack[0xc]:4	DEFAULT		0	0	no_evidence		-
006D70B0	FUN_006d70b0	parameter	4	param_4	/undefined4	Stack[0x10]:4	DEFAULT		0	0	no_evidence		-
006D7100	FUN_006d7100	parameter	1	param_2	/undefined4	Stack[0x8]:4	DEFAULT		0	0	no_evidence		-
006D7100	FUN_006d7100	parameter	2	param_3	/undefined4	Stack[0xc]:4	DEFAULT		0	0	no_evidence		-
006D7100	FUN_006d7100	return		<RETURN>	/undefined	<UNASSIGNED>	DEFAULT		0	0	no_evidence		-
006D7120	FUN_006d7120	return		<RETURN>	/undefined	<UNASSIGNED>	DEFAULT		0	0	no_evidence		-
006D7140	FUN_006d7140	return		<RETURN>	/undefined	<UNASSIGNED>	DEFAULT		0	0	no_evidence		-
006D7160	FUN_006d7160	return		<RETURN>	/undefined	<UNASSIGNED>	DEFAULT		0	0	no_evidence		-
006D7170	FUN_006d7170	return		<RETURN>	/undefined	<UNASSIGNED>	DEFAULT		0	0	no_evidence		-
006D7180	FUN_006d7180	return		<RETURN>	/undefined	<UNASSIGNED>	DEFAULT		0	0	no_evidence		-
006D7190	FUN_006d7190	return		<RETURN>	/undefined	<UNASSIGNED>	DEFAULT		0	0	no_evidence		-
006D71D0	FUN_006d71d0	return		<RETURN>	/undefined4	EAX:4	DEFAULT		0	0	no_evidence		-
006D7310	FUN_006d7310	parameter	0	param_1	/undefined4	Stack[0x4]:4	DEFAULT		0	0	no_evidence		-
006D7310	FUN_006d7310	return		<RETURN>	/undefined	<UNASSIGNED>	DEFAULT		0	0	no_evidence		-
006D7330	FUN_006d7330	return		<RETURN>	/undefined	<UNASSIGNED>	DEFAULT	/int	1	1	width_mismatch	{/int=1}	006D7330 returns return of FUN_0074ceb2 @ 006D7343
006D7380	FUN_006d7380	return		<RETURN>	/undefined4	EAX:4	DEFAULT		0	0	no_evidence		-
006D7430	FUN_006d7430	return		<RETURN>	/undefined	<UNASSIGNED>	DEFAULT		0	0	no_evidence		-
006D7440	FUN_006d7440	return		<RETURN>	/undefined	<UNASSIGNED>	DEFAULT		0	0	no_evidence		-
006D7450	FUN_006d7450	return		<RETURN>	/undefined	<UNASSIGNED>	DEFAULT		0	0	no_evidence		-
006D7460	FUN_006d7460	return		<RETURN>	/undefined	<UNASSIGNED>	DEFAULT		0	0	no_evidence		-
006D7470	FUN_006d7470	return		<RETURN>	/undefined	<UNASSIGNED>	DEFAULT		0	0	no_evidence		-
006D7480	FUN_006d7480	return		<RETURN>	/undefined	<UNASSIGNED>	DEFAULT		0	0	no_evidence		-
006D7490	FUN_006d7490	return		<RETURN>	/undefined	<UNASSIGNED>	DEFAULT		0	0	no_evidence		-
006D74A0	FUN_006d74a0	return		<RETURN>	/undefined	<UNASSIGNED>	DEFAULT		0	0	no_evidence		-
006D74B0	FUN_006d74b0	return		<RETURN>	/undefined	<UNASSIGNED>	DEFAULT		0	0	no_evidence		-
006D74C0	FUN_006d74c0	return		<RETURN>	/undefined	<UNASSIGNED>	DEFAULT		0	0	no_evidence		-
006D74D0	FUN_006d74d0	return		<RETURN>	/undefined	<UNASSIGNED>	DEFAULT		0	0	no_evidence		-
006D74E0	FUN_006d74e0	return		<RETURN>	/undefined	<UNASSIGNED>	DEFAULT		0	0	no_evidence		-
006D74F0	FUN_006d74f0	return		<RETURN>	/undefined	<UNASSIGNED>	DEFAULT		0	0	no_evidence		-
006D7500	FUN_006d7500	return		<RETURN>	/undefined	<UNASSIGNED>	DEFAULT		0	0	no_evidence		-
006D7510	FUN_006d7510	return		<RETURN>	/undefined	<UNASSIGNED>	DEFAULT		0	0	no_evidence		-
006D7520	FUN_006d7520	return		<RETURN>	/undefined	<UNASSIGNED>	DEFAULT		0	0	no_evidence		-
006D7530	FUN_006d7530	return		<RETURN>	/undefined	<UNASSIGNED>	DEFAULT		0	0	no_evidence		-
006D7540	FUN_006d7540	return		<RETURN>	/undefined	<UNASSIGNED>	DEFAULT		0	0	no_evidence		-
006D7770	FUN_006d7770	return		<RETURN>	/undefined	<UNASSIGNED>	DEFAULT		0	0	no_evidence		-
006D7830	FUN_006d7830	parameter	5	param_6	/undefined1	Stack[0x18]:1	DEFAULT	/byte	0	1	insufficient_independent_evidence	{/byte=1}	006C7570 -> 006D7830 @ 006C75D5; FUN_006c7570 parameter param_8
006D7830	FUN_006d7830	return		<RETURN>	/undefined	<UNASSIGNED>	DEFAULT		0	0	no_evidence		-
006D7CA0	FUN_006d7ca0	return		<RETURN>	/undefined	<UNASSIGNED>	DEFAULT		0	0	no_evidence		-
006D8260	Library::DKW::DDX::FUN_006d8260	parameter	3	param_4	/undefined4	Stack[0x10]:4	DEFAULT		0	0	no_evidence		-
006D86E0	FUN_006d86e0	return		<RETURN>	/undefined	<UNASSIGNED>	DEFAULT		0	0	no_evidence		-
006D8A60	FUN_006d8a60	return		<RETURN>	/undefined	<UNASSIGNED>	DEFAULT		0	0	no_evidence		-
006DA1A0	FUN_006da1a0	return		<RETURN>	/undefined	<UNASSIGNED>	DEFAULT		0	0	no_evidence		-
006DA4F0	FUN_006da4f0	return		<RETURN>	/undefined	<UNASSIGNED>	DEFAULT		0	0	no_evidence		-
006DA660	FUN_006da660	parameter	0	param_1	/undefined4	Stack[0x4]:4	DEFAULT		0	0	no_evidence		-
006DA660	FUN_006da660	parameter	1	param_2	/undefined4	Stack[0x8]:4	DEFAULT		0	0	no_evidence		-
006DA660	FUN_006da660	return		<RETURN>	/undefined	<UNASSIGNED>	DEFAULT		0	0	no_evidence		-
006DAD00	Library::DKW::DDX::FUN_006dad00	parameter	5	param_6	/undefined4	Stack[0x18]:4	DEFAULT		0	0	no_evidence		-
006DAD00	Library::DKW::DDX::FUN_006dad00	parameter	10	param_11	/undefined1	Stack[0x2c]:1	DEFAULT		0	0	no_evidence		-
006DAEA0	FUN_006daea0	parameter	5	param_6	/undefined4	Stack[0x18]:4	DEFAULT		0	0	no_evidence		-
006DAEA0	FUN_006daea0	parameter	6	param_7	/undefined1	Stack[0x1c]:1	DEFAULT		0	0	no_evidence		-
006DAEA0	FUN_006daea0	return		<RETURN>	/undefined	<UNASSIGNED>	DEFAULT	/int	1	1	width_mismatch	{/int=1}	006DAEA0 returns return of Library::DKW::DDX::FUN_006dad00 @ 006DAECB
006DB0D0	FUN_006db0d0	return		<RETURN>	/undefined	<UNASSIGNED>	DEFAULT		0	0	no_evidence		-
006DB1F0	FUN_006db1f0	return		<RETURN>	/undefined	<UNASSIGNED>	DEFAULT		0	0	no_evidence		-
006DB610	FUN_006db610	return		<RETURN>	/undefined4	EAX:4	DEFAULT		0	0	no_evidence		-
006DB630	FUN_006db630	return		<RETURN>	/undefined4	EAX:4	DEFAULT		0	0	no_evidence		-
006DB6D0	FUN_006db6d0	return		<RETURN>	/undefined	<UNASSIGNED>	DEFAULT	/int	1	1	width_mismatch	{/int=1}	006DB6D0 returns return of Library::DKW::STR::FUN_006db640 @ 006DB6E0
006DBAB0	ST3DSMAPContext::sub_006DBAB0	return		<RETURN>	/undefined	<UNASSIGNED>	DEFAULT		0	0	no_evidence		-
006DBCA0	FUN_006dbca0	return		<RETURN>	/undefined	<UNASSIGNED>	DEFAULT		0	0	no_evidence		-
006DBD20	ST3DSMAPContext::sub_006DBD20	parameter	1	param_2	/undefined4	Stack[0x4]:4	DEFAULT		0	0	no_evidence		-
006DBD20	ST3DSMAPContext::sub_006DBD20	parameter	3	param_4	/undefined4	Stack[0xc]:4	DEFAULT		0	0	no_evidence		-
006DBD20	ST3DSMAPContext::sub_006DBD20	parameter	6	param_7	/undefined4	Stack[0x18]:4	DEFAULT		0	0	no_evidence		-
006DBD20	ST3DSMAPContext::sub_006DBD20	parameter	7	param_8	/undefined4	Stack[0x1c]:4	DEFAULT		0	0	no_evidence		-
006DBD20	ST3DSMAPContext::sub_006DBD20	parameter	8	param_9	/undefined4	Stack[0x20]:4	DEFAULT		0	0	no_evidence		-
006DBD20	ST3DSMAPContext::sub_006DBD20	parameter	9	param_10	/undefined4	Stack[0x24]:4	DEFAULT		0	0	no_evidence		-
006DC050	ST3DSMAPContext::sub_006DC050	parameter	1	param_2	/undefined4	Stack[0x4]:4	DEFAULT		0	0	no_evidence		-
006DC050	ST3DSMAPContext::sub_006DC050	parameter	3	param_4	/undefined4	Stack[0xc]:4	DEFAULT		0	0	no_evidence		-
006DC050	ST3DSMAPContext::sub_006DC050	parameter	6	param_7	/undefined4	Stack[0x18]:4	DEFAULT		0	0	no_evidence		-
006DC050	ST3DSMAPContext::sub_006DC050	parameter	7	param_8	/undefined4	Stack[0x1c]:4	DEFAULT		0	0	no_evidence		-
006DC050	ST3DSMAPContext::sub_006DC050	parameter	8	param_9	/undefined4	Stack[0x20]:4	DEFAULT		0	0	no_evidence		-
006DC050	ST3DSMAPContext::sub_006DC050	parameter	9	param_10	/undefined4	Stack[0x24]:4	DEFAULT		0	0	no_evidence		-
006DC050	ST3DSMAPContext::sub_006DC050	parameter	10	param_11	/undefined4	Stack[0x28]:4	DEFAULT		0	0	no_evidence		-
006DC050	ST3DSMAPContext::sub_006DC050	parameter	11	param_12	/undefined4	Stack[0x2c]:4	DEFAULT		0	0	no_evidence		-
006DC050	ST3DSMAPContext::sub_006DC050	parameter	12	param_13	/undefined4	Stack[0x30]:4	DEFAULT		0	0	no_evidence		-
006DC050	ST3DSMAPContext::sub_006DC050	parameter	13	param_14	/undefined4	Stack[0x34]:4	DEFAULT		0	0	no_evidence		-
006DC050	ST3DSMAPContext::sub_006DC050	parameter	14	param_15	/undefined8	Stack[0x38]:8	DEFAULT		0	0	no_evidence		-
006DC050	ST3DSMAPContext::sub_006DC050	parameter	15	param_16	/undefined8	Stack[0x40]:8	DEFAULT		0	0	no_evidence		-
006DC320	FUN_006dc320	return		<RETURN>	/undefined	<UNASSIGNED>	DEFAULT		0	0	no_evidence		-
006DCD60	FUN_006dcd60	return		<RETURN>	/undefined	<UNASSIGNED>	DEFAULT		0	0	no_evidence		-
006DD050	Library::Ourlib::STREND::FUN_006dd050	return		<RETURN>	/undefined	<UNASSIGNED>	DEFAULT		0	0	no_evidence		-
006DD610	ST3DSMAPContext::sub_006DD610	parameter	3	param_3	/undefined4	Stack[0xc]:4	DEFAULT		0	0	no_evidence		-
006DD610	ST3DSMAPContext::sub_006DD610	parameter	5	param_5	/undefined4	Stack[0x14]:4	DEFAULT		0	0	no_evidence		-
006DD660	Library::Ourlib::STREND::FUN_006dd660	return		<RETURN>	/undefined	<UNASSIGNED>	DEFAULT		0	0	no_evidence		-
006DD6E0	Library::Ourlib::STREND::FUN_006dd6e0	parameter	1	param_1	/undefined4	Stack[0x4]:4	DEFAULT		0	0	no_evidence		-
006DD6E0	Library::Ourlib::STREND::FUN_006dd6e0	parameter	2	param_2	/undefined4	Stack[0x8]:4	DEFAULT		0	0	no_evidence		-
006DD6E0	Library::Ourlib::STREND::FUN_006dd6e0	parameter	3	param_3	/undefined4	Stack[0xc]:4	DEFAULT		0	0	no_evidence		-
006DD6E0	Library::Ourlib::STREND::FUN_006dd6e0	parameter	4	param_4	/undefined4	Stack[0x10]:4	DEFAULT		0	0	no_evidence		-
006DD6E0	Library::Ourlib::STREND::FUN_006dd6e0	parameter	5	param_5	/undefined4	Stack[0x14]:4	DEFAULT	/double	1	1	width_mismatch	{/double=1}	006DBD20 -> 006DD6E0 @ 006DBE80; ST3DSMAPContext::sub_006DBD20 parameter param_11
006DD6E0	Library::Ourlib::STREND::FUN_006dd6e0	parameter	6	param_6	/undefined4	Stack[0x18]:4	DEFAULT		0	0	no_evidence		-
006DD6E0	Library::Ourlib::STREND::FUN_006dd6e0	parameter	7	param_7	/undefined4	Stack[0x1c]:4	DEFAULT	/double	1	1	width_mismatch	{/double=1}	006DBD20 -> 006DD6E0 @ 006DBE80; ST3DSMAPContext::sub_006DBD20 parameter param_12
006DD6E0	Library::Ourlib::STREND::FUN_006dd6e0	parameter	8	param_8	/undefined4	Stack[0x20]:4	DEFAULT		0	0	no_evidence		-
006DD6E0	Library::Ourlib::STREND::FUN_006dd6e0	return		<RETURN>	/undefined	<UNASSIGNED>	DEFAULT		0	0	no_evidence		-
006DD800	ST3DSMAPContext::sub_006DD800	return		<RETURN>	/undefined	<UNASSIGNED>	DEFAULT		0	0	no_evidence		-
006DD870	ST3DSMAPContext::sub_006DD870	return		<RETURN>	/undefined	<UNASSIGNED>	DEFAULT		0	0	no_evidence		-
006DDA90	ST3DSMAPContext::sub_006DDA90	return		<RETURN>	/undefined	<UNASSIGNED>	DEFAULT		0	0	no_evidence		-
006DDAE0	ST3DSMAPContext::sub_006DDAE0	return		<RETURN>	/undefined	<UNASSIGNED>	DEFAULT		0	0	no_evidence		-
006DDB70	ST3DSMAPContext::sub_006DDB70	return		<RETURN>	/undefined	<UNASSIGNED>	DEFAULT		0	0	no_evidence		-
006DDBB0	ST3DSMAPContext::sub_006DDBB0	return		<RETURN>	/undefined	<UNASSIGNED>	DEFAULT		0	0	no_evidence		-
006DDBD0	FUN_006ddbd0	return		<RETURN>	/undefined4	EAX:4	DEFAULT		0	0	no_evidence		-
006DDD50	ST3DSMAPContext::sub_006DDD50	return		<RETURN>	/undefined	<UNASSIGNED>	DEFAULT		0	0	no_evidence		-
006DE9C0	ST3DSMAPContext::sub_006DE9C0	return		<RETURN>	/undefined	<UNASSIGNED>	DEFAULT		0	0	no_evidence		-
006E1050	ST3DSMAPContext::sub_006E1050	return		<RETURN>	/undefined	<UNASSIGNED>	DEFAULT		0	0	no_evidence		-
006E1460	ST3DSMAPContext::sub_006E1460	parameter	1	param_1	/undefined4	Stack[0x4]:4	DEFAULT		0	0	conflicting_evidence	{/double=1, pointer:/double=1}	006E1460 -> 006E1320 @ 006E14EC | 006E1460 -> 006E1460 @ 006E1BD9; /SubmarineTitans/Recovered/LibraryContexts/ST3DSMAPContext+0x98
006E1460	ST3DSMAPContext::sub_006E1460	parameter	2	param_2	/undefined4	Stack[0x8]:4	DEFAULT		0	0	no_evidence		-
006E1460	ST3DSMAPContext::sub_006E1460	parameter	3	param_3	/undefined4	Stack[0xc]:4	DEFAULT		0	0	conflicting_evidence	{/double=1, pointer:/double=1}	006E1460 -> 006E1320 @ 006E14EC | 006E1460 -> 006E1460 @ 006E1BD9; /SubmarineTitans/Recovered/LibraryContexts/ST3DSMAPContext+0xa0
006E1460	ST3DSMAPContext::sub_006E1460	parameter	4	param_4	/undefined4	Stack[0x10]:4	DEFAULT		0	0	no_evidence		-
006E1460	ST3DSMAPContext::sub_006E1460	return		<RETURN>	/undefined4	EAX:4	DEFAULT		0	0	no_evidence		-
006E1C20	ST3DSMAPContext::sub_006E1C20	return		<RETURN>	/undefined4	EAX:4	DEFAULT		0	0	no_evidence		-
006E1DD0	FUN_006e1dd0	return		<RETURN>	/undefined4	EAX:4	DEFAULT		0	0	no_evidence		-
006E2970	ST3DSMAPContext::sub_006E2970	parameter	3	param_3	/undefined4	Stack[0xc]:4	DEFAULT	/float	0	1	insufficient_independent_evidence	{/float=1}	0054A9B0 -> 006E2970 @ 0054AC85; SubmarineTitans::Recovered::HiddenThis::AnonReceiver_0054A9B0::FUN_0054a9b0 parameter param_3
006E29D0	Library::Ourlib::STREND::FUN_006e29d0	return		<RETURN>	/undefined	<UNASSIGNED>	DEFAULT		0	0	no_evidence		-
006E2B60	FUN_006e2b60	return		<RETURN>	/undefined	<UNASSIGNED>	DEFAULT		0	0	no_evidence		-
006E2C30	FUN_006e2c30	return		<RETURN>	/undefined	<UNASSIGNED>	DEFAULT		0	0	no_evidence		-
006E2D00	ST3DSMAPContext::sub_006E2D00	return		<RETURN>	/undefined2	AX:2	DEFAULT		0	0	no_evidence		-
006E2D50	FUN_006e2d50	return		<RETURN>	/undefined	<UNASSIGNED>	DEFAULT		0	0	no_evidence		-
006E2F90	Library::Ourlib::STREND::FUN_006e2f90	return		<RETURN>	/undefined4	EAX:4	DEFAULT		0	0	no_evidence		-
006E3100	Library::Ourlib::STREND::FUN_006e3100	return		<RETURN>	/undefined4	EAX:4	DEFAULT		0	0	no_evidence		-
006E3450	FUN_006e3450	return		<RETURN>	/undefined4	EAX:4	DEFAULT		0	0	no_evidence		-
006E34C0	AppClassTy::AppClassTy	parameter	1	param_1	/undefined4	Stack[0x4]:4	DEFAULT		0	0	no_evidence		-
006E34C0	AppClassTy::AppClassTy	parameter	2	param_2	/undefined4	Stack[0x8]:4	DEFAULT		0	0	no_evidence		-
006E3510	AppClassTy::InitApp	parameter	1	param_1	/undefined4	Stack[0x4]:4	DEFAULT		0	0	no_evidence		-
006E3510	AppClassTy::InitApp	return		<RETURN>	/undefined4	EAX:4	DEFAULT		0	0	no_evidence		-
006E36E0	AppClassTy::DoneApp	return		<RETURN>	/undefined	<UNASSIGNED>	DEFAULT		0	0	no_evidence		-
006E3810	AppClassTy::CreateObject	parameter	2	param_2	/undefined4	Stack[0x8]:4	DEFAULT		0	0	no_evidence		-
006E3970	AppClassTy::DeleteObject	return		<RETURN>	/undefined	<UNASSIGNED>	DEFAULT		0	0	no_evidence		-
006E3A70	FUN_006e3a70	return		<RETURN>	/undefined	<UNASSIGNED>	DEFAULT		0	0	no_evidence		-
006E3A90	FUN_006e3a90	return		<RETURN>	/undefined	<UNASSIGNED>	DEFAULT		0	0	no_evidence		-
006E3DB0	FUN_006e3db0	return		<RETURN>	/undefined	<UNASSIGNED>	DEFAULT	/int	1	1	width_mismatch	{/int=1}	006E3DB0 returns return of AppClassTy::SendMessage @ 006E3DC5
006E4290	FUN_006e4290	parameter	0	param_1	/undefined4	Stack[0x4]:4	DEFAULT		0	0	no_evidence		-
006E4290	FUN_006e4290	parameter	1	param_2	/undefined4	Stack[0x8]:4	DEFAULT		0	0	no_evidence		-
006E4290	FUN_006e4290	parameter	2	param_3	/undefined4	Stack[0xc]:4	DEFAULT		0	0	no_evidence		-
006E4290	FUN_006e4290	parameter	3	param_4	/undefined4	Stack[0x10]:4	DEFAULT		0	0	no_evidence		-
006E4290	FUN_006e4290	return		<RETURN>	/undefined	<UNASSIGNED>	DEFAULT	/int	1	1	width_mismatch	{/int=1}	006E4290 returns return of AppClassTy::AddDecodeMessage @ 006E42BA
006E42C0	FUN_006e42c0	return		<RETURN>	/undefined4	EAX:4	DEFAULT		0	0	no_evidence		-
006E4340	FUN_006e4340	parameter	2	param_2	/undefined4	Stack[0x8]:4	DEFAULT		0	0	no_evidence		-
006E4340	FUN_006e4340	parameter	3	param_3	/undefined4	Stack[0xc]:4	DEFAULT		0	0	no_evidence		-
006E4340	FUN_006e4340	parameter	4	param_4	/undefined4	Stack[0x10]:4	DEFAULT		0	0	no_evidence		-
006E4340	FUN_006e4340	return		<RETURN>	/undefined	<UNASSIGNED>	DEFAULT		0	0	no_evidence		-
006E45A0	FUN_006e45a0	return		<RETURN>	/undefined	<UNASSIGNED>	DEFAULT	/int	1	1	width_mismatch	{/int=1}	006E45A0 returns return of FUN_006e4540 @ 006E45B1
006E45C0	FUN_006e45c0	return		<RETURN>	/undefined4	EAX:4	DEFAULT		0	0	no_evidence		-
006E4620	FUN_006e4620	return		<RETURN>	/undefined4	EAX:4	DEFAULT		0	0	no_evidence		-
006E4B80	FUN_006e4b80	return		<RETURN>	/undefined	<UNASSIGNED>	DEFAULT		0	0	no_evidence		-
006E4BB0	FUN_006e4bb0	return		<RETURN>	/undefined	<UNASSIGNED>	DEFAULT		0	0	no_evidence		-
006E4C30	FUN_006e4c30	return		<RETURN>	/undefined	<UNASSIGNED>	DEFAULT		0	0	no_evidence		-
006E4FA0	FUN_006e4fa0	return		<RETURN>	/undefined	<UNASSIGNED>	DEFAULT		0	0	no_evidence		-
006E5150	STAppC::sub_006E5150	return		<RETURN>	/undefined4	EAX:4	DEFAULT		0	0	no_evidence		-
006E51C0	SystemClassTy::SystemClassTy	parameter	1	param_1	/undefined4	Stack[0x4]:4	DEFAULT		0	0	no_evidence		-
006E51C0	SystemClassTy::SystemClassTy	parameter	2	param_2	/undefined4	Stack[0x8]:4	DEFAULT		0	0	no_evidence		-
006E52D0	FUN_006e52d0	return		<RETURN>	/undefined	<UNASSIGNED>	DEFAULT		0	0	no_evidence		-
006E5360	StartSystemTy::sub_006E5360	return		<RETURN>	/undefined	<UNASSIGNED>	DEFAULT		0	0	no_evidence		-
006E5380	FUN_006e5380	return		<RETURN>	/undefined	<UNASSIGNED>	DEFAULT		0	0	no_evidence		-
006E54B0	SystemClassTy::_CreateObject	parameter	4	param_4	/undefined4	Stack[0x10]:4	DEFAULT		0	0	no_evidence		-
006E5580	SystemClassTy::CreateObject	parameter	4	param_4	/undefined4	Stack[0x10]:4	DEFAULT		0	0	no_evidence		-
006E5580	SystemClassTy::CreateObject	parameter	5	param_5	/undefined4	Stack[0x14]:4	DEFAULT		0	0	no_evidence		-
006E5670	FUN_006e5670	parameter	1	param_1	/undefined4	Stack[0x4]:4	DEFAULT		0	0	no_evidence		-
006E5670	FUN_006e5670	parameter	2	param_2	/undefined4	Stack[0x8]:4	DEFAULT		0	0	no_evidence		-
006E5670	FUN_006e5670	parameter	3	param_3	/undefined4	Stack[0xc]:4	DEFAULT		0	0	no_evidence		-
006E5670	FUN_006e5670	parameter	4	param_4	/undefined4	Stack[0x10]:4	DEFAULT		0	0	no_evidence		-
006E5670	FUN_006e5670	return		<RETURN>	/undefined	<UNASSIGNED>	DEFAULT		0	0	no_evidence		-
006E5690	FUN_006e5690	parameter	1	param_1	/undefined4	Stack[0x4]:4	DEFAULT		0	0	no_evidence		-
006E5690	FUN_006e5690	parameter	2	param_2	/undefined4	Stack[0x8]:4	DEFAULT		0	0	no_evidence		-
006E5690	FUN_006e5690	return		<RETURN>	/undefined	<UNASSIGNED>	DEFAULT		0	0	no_evidence		-
006E56B0	StartSystemTy::sub_006E56B0	return		<RETURN>	/undefined	<UNASSIGNED>	DEFAULT		0	0	no_evidence		-
006E5740	FUN_006e5740	return		<RETURN>	/undefined	<UNASSIGNED>	DEFAULT		0	0	no_evidence		-
006E57B0	STPlaySystemC::sub_006E57B0	return		<RETURN>	/undefined	<UNASSIGNED>	DEFAULT		0	0	no_evidence		-
006E5950	FUN_006e5950	return		<RETURN>	/undefined	<UNASSIGNED>	DEFAULT	/int	1	1	width_mismatch	{/int=1}	006E5950 returns return of SystemClassTy::SendMessage @ 006E5965
006E5C70	SystemClassTy::GetToAllObjects	parameter	1	param_1	/undefined4	Stack[0x4]:4	DEFAULT		0	0	no_evidence		-
006E5FB0	sub_006E5FB0	return		<RETURN>	/undefined	<UNASSIGNED>	DEFAULT		0	0	no_evidence		-
006E5FE0	FUN_006e5fe0	return		<RETURN>	/undefined	<UNASSIGNED>	DEFAULT		0	0	no_evidence		-
006E6000	FUN_006e6000	parameter	1	param_1	/undefined4	Stack[0x4]:4	DEFAULT		0	0	no_evidence		-
006E6000	FUN_006e6000	parameter	2	param_2	/undefined4	Stack[0x8]:4	DEFAULT		0	0	no_evidence		-
006E6000	FUN_006e6000	return		<RETURN>	/undefined	<UNASSIGNED>	DEFAULT		0	0	no_evidence		-
006E6020	FUN_006e6020	return		<RETURN>	/undefined	<UNASSIGNED>	DEFAULT	/int	1	1	width_mismatch	{/int=1}	006E6020 returns return of AppClassTy::PostMessage @ 006E603C
006E6040	FUN_006e6040	return		<RETURN>	/undefined	<UNASSIGNED>	DEFAULT	/int	1	1	width_mismatch	{/int=1}	006E6040 returns return of AppClassTy::PostNextMessage @ 006E605C
006E6060	FUN_006e6060	return		<RETURN>	/undefined	<UNASSIGNED>	DEFAULT		0	0	no_evidence		-
006E6080	FUN_006e6080	parameter	1	param_1	/undefined4	Stack[0x4]:4	DEFAULT		0	0	no_evidence		-
006E6080	FUN_006e6080	parameter	2	param_2	/undefined4	Stack[0x8]:4	DEFAULT		0	0	no_evidence		-
006E6080	FUN_006e6080	return		<RETURN>	/undefined	<UNASSIGNED>	DEFAULT		0	0	no_evidence		-
006E60A0	sub_006E60A0	return		<RETURN>	/undefined	<UNASSIGNED>	DEFAULT	/int	1	1	width_mismatch	{/int=1}	006E60A0 returns return of SystemClassTy::PostMessage @ 006E60BC
006E60C0	FUN_006e60c0	return		<RETURN>	/undefined	<UNASSIGNED>	DEFAULT	/int	1	1	width_mismatch	{/int=1}	006E60C0 returns return of SystemClassTy::PostNextMessage @ 006E60DC
006E6100	SystemWithNamedObjClassTy::SystemWithNamedObjClassTy	parameter	1	param_1	/undefined4	Stack[0x4]:4	DEFAULT		0	0	no_evidence		-
006E6100	SystemWithNamedObjClassTy::SystemWithNamedObjClassTy	parameter	2	param_2	/undefined4	Stack[0x8]:4	DEFAULT		0	0	no_evidence		-
006E6130	FUN_006e6130	parameter	1	param_1	/undefined4	Stack[0x4]:4	DEFAULT		0	0	no_evidence		-
006E6130	FUN_006e6130	parameter	2	param_2	/undefined4	Stack[0x8]:4	DEFAULT		0	0	no_evidence		-
006E6130	FUN_006e6130	return		<RETURN>	/undefined	<UNASSIGNED>	DEFAULT		0	0	no_evidence		-
006E6150	FUN_006e6150	parameter	1	param_1	/undefined4	Stack[0x4]:4	DEFAULT		0	0	no_evidence		-
006E6150	FUN_006e6150	parameter	2	param_2	/undefined4	Stack[0x8]:4	DEFAULT		0	0	no_evidence		-
006E6150	FUN_006e6150	parameter	3	param_3	/undefined4	Stack[0xc]:4	DEFAULT		0	0	no_evidence		-
006E6150	FUN_006e6150	parameter	4	param_4	/undefined4	Stack[0x10]:4	DEFAULT		0	0	no_evidence		-
006E6150	FUN_006e6150	return		<RETURN>	/undefined	<UNASSIGNED>	DEFAULT		0	0	no_evidence		-
006E6170	SystemWithNamedObjClassTy::CreateObject	parameter	4	param_4	/undefined4	Stack[0x10]:4	DEFAULT		0	0	no_evidence		-
006E6170	SystemWithNamedObjClassTy::CreateObject	parameter	5	param_5	/undefined4	Stack[0x14]:4	DEFAULT		0	0	no_evidence		-
006E6200	Library::Ourlib::SAPP::FUN_006e6200	parameter	5	param_5	/undefined4	Stack[0x14]:4	DEFAULT	pointer:/int	0	1	insufficient_independent_evidence	{pointer:/int=1}	0054CDD0 -> 006E6200 @ 0054CE37; FUN_0054cdd0 parameter param_5
006E6200	Library::Ourlib::SAPP::FUN_006e6200	parameter	6	param_6	/undefined4	Stack[0x18]:4	DEFAULT		0	0	no_evidence		-
006E6200	Library::Ourlib::SAPP::FUN_006e6200	return		<RETURN>	/undefined4	EAX:4	DEFAULT		0	0	no_evidence		-
006E62D0	STPlaySystemC::sub_006E62D0	return		<RETURN>	/undefined4	EAX:4	DEFAULT		0	0	no_evidence		-
006E6400	ST3DSMAPContext::sub_006E6400	parameter	2	param_2	/undefined4	Stack[0x8]:4	DEFAULT		0	0	no_evidence		-
006E6400	ST3DSMAPContext::sub_006E6400	parameter	3	param_3	/undefined4	Stack[0xc]:4	DEFAULT		0	0	no_evidence		-
006E6400	ST3DSMAPContext::sub_006E6400	parameter	4	param_4	/undefined4	Stack[0x10]:4	DEFAULT		0	0	no_evidence		-
006E6400	ST3DSMAPContext::sub_006E6400	return		<RETURN>	/undefined	<UNASSIGNED>	DEFAULT		0	0	no_evidence		-
006E6460	FUN_006e6460	parameter	1	param_1	/undefined4	Stack[0x4]:4	DEFAULT		0	0	no_evidence		-
006E6460	FUN_006e6460	parameter	3	param_3	/undefined2	Stack[0xc]:2	DEFAULT	/ushort	0	1	insufficient_independent_evidence	{/ushort=1}	0052AFE0 -> 006E6460 @ 0052B134; literal 151 at 0052B116
006E6460	FUN_006e6460	parameter	4	param_4	/undefined2	Stack[0x10]:2	DEFAULT	/ushort	0	1	insufficient_independent_evidence	{/ushort=1}	0052AFE0 -> 006E6460 @ 0052B134; literal 150 at 0052B111
006E6500	ST3DSMAPContext::sub_006E6500	return		<RETURN>	/undefined	<UNASSIGNED>	DEFAULT		0	0	no_evidence		-
006E6540	FUN_006e6540	parameter	1	param_2	/undefined4	Stack[0x8]:4	DEFAULT	/float	0	1	insufficient_independent_evidence	{/float=1}	0052B330 -> 006E6540 @ 0052B5A6; /CPanelTy+0xdd6
006E6540	FUN_006e6540	parameter	2	param_3	/undefined4	Stack[0xc]:4	DEFAULT		0	0	conflicting_evidence	{/float=1, /uint=1}	0052AFE0 -> 006E6540 @ 0052B1F4; CPanelTy::sub_0052AFE0 parameter param_1 | 0052B330 -> 006E6540 @ 0052B5A6; /CPanelTy+0xdda
006E6580	FUN_006e6580	return		<RETURN>	/undefined	<UNASSIGNED>	DEFAULT		0	0	no_evidence		-
006E65C0	FUN_006e65c0	parameter	1	param_1	/undefined4	Stack[0x4]:4	DEFAULT		0	0	no_evidence		-
006E65C0	FUN_006e65c0	return		<RETURN>	/undefined4	EAX:4	DEFAULT		0	0	no_evidence		-
006E6620	FUN_006e6620	return		<RETURN>	/undefined	<UNASSIGNED>	DEFAULT		0	0	no_evidence		-
006E6630	Library::Ourlib::ST3DSMAP::FUN_006e6630	parameter	2	param_2	/undefined1	Stack[0x8]:1	DEFAULT		0	0	no_evidence		-
006E6630	Library::Ourlib::ST3DSMAP::FUN_006e6630	parameter	3	param_3	/undefined1	Stack[0xc]:1	DEFAULT		0	0	no_evidence		-
006E6630	Library::Ourlib::ST3DSMAP::FUN_006e6630	parameter	4	param_4	/undefined1	Stack[0x10]:1	DEFAULT	/byte	0	1	insufficient_independent_evidence	{/byte=1}	0041F630 -> 006E6630 @ 0041F7FF; literal 0 at 0041F7F4
006E6630	Library::Ourlib::ST3DSMAP::FUN_006e6630	return		<RETURN>	/undefined4	EAX:4	DEFAULT		0	0	no_evidence		-
006E66F0	FUN_006e66f0	return		<RETURN>	/undefined	<UNASSIGNED>	DEFAULT		0	0	no_evidence		-
006E6710	ST3DSMAPContext::sub_006E6710	parameter	1	param_1	/undefined4	Stack[0x4]:4	DEFAULT		10	0	conflicting_evidence	{/int=9, /uint=1}	0041CE40 -> 006E6710 @ 0041CEFD; MOVSX at 0041CEC0 establishes signed source width 2 | 0041CFF0 -> 006E6710 @ 0041D0B4; MOVSX at 0041D077 establishes signed source width 2 | 0041D1A0 -> 006E6710 @ 0041D264; /STMineSetC+0x43; MOVSX at 0041D227 establishes signed source width 2 | 0041D3E0 -> 006E6710 @ 0041D4A4; MOVSX at 0041D467 establishes signed source width 2 | 0041DD00 -> 006E6710 @ 0041DDB7; MOVSX at 0041DD88 establishes signed source width 2 | 0041DD00 -> 006E6710 @ 0041DE41; zero-filled partial register load at 0041DDE0 | 0041DD00 -> 006E6710 @ 0041DECC; MOVSX at 0041DE8F establishes signed source width 2 | 0041DD00 -> 006E6710 @ 0041DF56; MOVSX at 0041DF27 establishes signed source width 2 | 0045FF50 -> 006E6710 @ 004600F2; /STBoatC+0x41; MOVSX at 004600C3 establishes signed source width 2 | 00479600 -> 006E6710 @ 0047A8AF; /STBoatC+0x43; MOVSX at 0047A872 establishes signed source width 2
006E6710	ST3DSMAPContext::sub_006E6710	parameter	2	param_2	/undefined4	Stack[0x8]:4	DEFAULT		7	0	conflicting_evidence	{/int=6, /uint=1}	0041CE40 -> 006E6710 @ 0041CEFD; MOVSX at 0041CEC0 establishes signed source width 2 | 0041CFF0 -> 006E6710 @ 0041D0B4; MOVSX at 0041D077 establishes signed source width 2 | 0041D1A0 -> 006E6710 @ 0041D264; /STMineSetC+0x43; MOVSX at 0041D227 establishes signed source width 2 | 0041D3E0 -> 006E6710 @ 0041D4A4; MOVSX at 0041D467 establishes signed source width 2 | 0041DD00 -> 006E6710 @ 0041DE41; zero-filled partial register load at 0041DDE0 | 0041DD00 -> 006E6710 @ 0041DECC; MOVSX at 0041DE8F establishes signed source width 2 | 00479600 -> 006E6710 @ 0047A8AF; /STBoatC+0x43; MOVSX at 0047A872 establishes signed source width 2
006E6710	ST3DSMAPContext::sub_006E6710	parameter	4	param_4	/undefined4	Stack[0x10]:4	DEFAULT		0	0	no_evidence		-
006E6710	ST3DSMAPContext::sub_006E6710	return		<RETURN>	/undefined	<UNASSIGNED>	DEFAULT		0	0	no_evidence		-
006E6780	ST3DSMAPContext::sub_006E6780	return		<RETURN>	/undefined	<UNASSIGNED>	DEFAULT		0	0	no_evidence		-
006E67C0	FUN_006e67c0	parameter	1	param_1	/undefined4	Stack[0x4]:4	DEFAULT		0	0	no_evidence		-
006E67C0	FUN_006e67c0	parameter	2	param_2	/undefined4	Stack[0x8]:4	DEFAULT		0	0	no_evidence		-
006E67C0	FUN_006e67c0	parameter	3	param_3	/undefined4	Stack[0xc]:4	DEFAULT		0	0	no_evidence		-
006E67C0	FUN_006e67c0	parameter	4	param_4	/undefined4	Stack[0x10]:4	DEFAULT		0	0	no_evidence		-
006E67C0	FUN_006e67c0	parameter	5	param_5	/undefined4	Stack[0x14]:4	DEFAULT		0	0	no_evidence		-
006E67C0	FUN_006e67c0	return		<RETURN>	/undefined	<UNASSIGNED>	DEFAULT		0	0	no_evidence		-
006E6830	FUN_006e6830	return		<RETURN>	/undefined	<UNASSIGNED>	DEFAULT		0	0	no_evidence		-
006E68C0	ST3DSMAPContext::sub_006E68C0	return		<RETURN>	/undefined4	EAX:4	DEFAULT		0	0	no_evidence		-
006E6AF0	ST3DSMAPContext::sub_006E6AF0	return		<RETURN>	/undefined	<UNASSIGNED>	DEFAULT		0	0	no_evidence		-
006E6FB0	ST3DSMAPContext::sub_006E6FB0	return		<RETURN>	/undefined	<UNASSIGNED>	DEFAULT		0	0	no_evidence		-
006E83F0	FUN_006e83f0	return		<RETURN>	/undefined	<UNASSIGNED>	DEFAULT		0	0	no_evidence		-
006E8460	FUN_006e8460	parameter	0	param_1	/undefined4	Stack[0x4]:4	DEFAULT		0	0	no_evidence		-
006E8460	FUN_006e8460	parameter	1	param_2	/undefined4	Stack[0x8]:4	DEFAULT		0	0	no_evidence		-
006E8460	FUN_006e8460	return		<RETURN>	/undefined	<UNASSIGNED>	DEFAULT		0	0	no_evidence		-
006E8580	ST3DSMAPContext::sub_006E8580	return		<RETURN>	/undefined	<UNASSIGNED>	DEFAULT		0	0	no_evidence		-
006E8630	ST3DSMAPContext::sub_006E8630	parameter	1	param_1	/undefined4	Stack[0x4]:4	DEFAULT		0	0	no_evidence		-
006E8630	ST3DSMAPContext::sub_006E8630	return		<RETURN>	/undefined	<UNASSIGNED>	DEFAULT		0	0	no_evidence		-
006E8640	ST3DSMAPContext::sub_006E8640	return		<RETURN>	/undefined	<UNASSIGNED>	DEFAULT		0	0	no_evidence		-
006E8660	ST3DSMAPContext::sub_006E8660	return		<RETURN>	/undefined4	EAX:4	DEFAULT		0	0	no_evidence		-
006E8840	FUN_006e8840	return		<RETURN>	/undefined	<UNASSIGNED>	DEFAULT		0	0	no_evidence		-
006E88C0	ST3DSMAPContext::sub_006E88C0	parameter	2	param_2	/undefined4	Stack[0x8]:4	DEFAULT		0	0	no_evidence		-
006E88C0	ST3DSMAPContext::sub_006E88C0	parameter	3	param_3	/undefined4	Stack[0xc]:4	DEFAULT		0	0	no_evidence		-
006E88C0	ST3DSMAPContext::sub_006E88C0	parameter	4	param_4	/undefined4	Stack[0x10]:4	DEFAULT		0	0	no_evidence		-
006E88C0	ST3DSMAPContext::sub_006E88C0	parameter	5	param_5	/undefined4	Stack[0x14]:4	DEFAULT		0	0	no_evidence		-
006E88C0	ST3DSMAPContext::sub_006E88C0	parameter	6	param_6	/undefined4	Stack[0x18]:4	DEFAULT		0	0	no_evidence		-
006E88C0	ST3DSMAPContext::sub_006E88C0	parameter	7	param_7	/undefined4	Stack[0x1c]:4	DEFAULT		0	0	no_evidence		-
006E88C0	ST3DSMAPContext::sub_006E88C0	parameter	8	param_8	/undefined4	Stack[0x20]:4	DEFAULT		0	0	no_evidence		-
006E88C0	ST3DSMAPContext::sub_006E88C0	parameter	10	param_10	/undefined4	Stack[0x28]:4	DEFAULT		0	0	no_evidence		-
006E88C0	ST3DSMAPContext::sub_006E88C0	parameter	11	param_11	/undefined4	Stack[0x2c]:4	DEFAULT		0	0	no_evidence		-
006E88C0	ST3DSMAPContext::sub_006E88C0	parameter	12	param_12	/undefined4	Stack[0x30]:4	DEFAULT		0	0	no_evidence		-
006E89B0	FUN_006e89b0	parameter	2	param_2	/undefined4	Stack[0x8]:4	DEFAULT		0	0	no_evidence		-
006E89B0	FUN_006e89b0	parameter	4	param_4	/undefined4	Stack[0x10]:4	DEFAULT		0	0	no_evidence		-
006E89B0	FUN_006e89b0	parameter	5	param_5	/undefined1	Stack[0x14]:1	DEFAULT	/byte	0	1	insufficient_independent_evidence	{/byte=1}	005449B0 -> 006E89B0 @ 00546D31; literal 69 at 00546D25
006E89B0	FUN_006e89b0	parameter	6	param_6	/undefined4	Stack[0x18]:4	DEFAULT		0	0	no_evidence		-
006E89B0	FUN_006e89b0	parameter	7	param_7	/undefined4	Stack[0x1c]:4	DEFAULT		0	0	no_evidence		-
006E89B0	FUN_006e89b0	parameter	8	param_8	/undefined4	Stack[0x20]:4	DEFAULT		0	0	no_evidence		-
006E89B0	FUN_006e89b0	parameter	10	param_10	/undefined4	Stack[0x28]:4	DEFAULT		0	0	no_evidence		-
006E89B0	FUN_006e89b0	parameter	11	param_11	/undefined4	Stack[0x2c]:4	DEFAULT		0	0	no_evidence		-
006E8B00	FUN_006e8b00	return		<RETURN>	/undefined	<UNASSIGNED>	DEFAULT		0	0	no_evidence		-
006E8BA0	Library::Ourlib::ST3DSMAP::SprClose	return		<RETURN>	/undefined	<UNASSIGNED>	DEFAULT		0	0	no_evidence		-
006E8C50	FUN_006e8c50	return		<RETURN>	/undefined	<UNASSIGNED>	DEFAULT		0	0	no_evidence		-
006E8C80	Library::Ourlib::ST3DSMAP::SprGlowLineMove	parameter	2	param_2	/undefined4	Stack[0x8]:4	DEFAULT		0	0	no_evidence		-
006E8C80	Library::Ourlib::ST3DSMAP::SprGlowLineMove	parameter	3	param_3	/undefined4	Stack[0xc]:4	DEFAULT		0	0	no_evidence		-
006E8C80	Library::Ourlib::ST3DSMAP::SprGlowLineMove	parameter	4	param_4	/undefined4	Stack[0x10]:4	DEFAULT		0	0	no_evidence		-
006E8C80	Library::Ourlib::ST3DSMAP::SprGlowLineMove	parameter	5	param_5	/undefined4	Stack[0x14]:4	DEFAULT		0	0	no_evidence		-
006E8C80	Library::Ourlib::ST3DSMAP::SprGlowLineMove	parameter	6	param_6	/undefined4	Stack[0x18]:4	DEFAULT		0	0	no_evidence		-
006E8C80	Library::Ourlib::ST3DSMAP::SprGlowLineMove	parameter	7	param_7	/undefined4	Stack[0x1c]:4	DEFAULT		0	0	no_evidence		-
006E8C80	Library::Ourlib::ST3DSMAP::SprGlowLineMove	return		<RETURN>	/undefined	<UNASSIGNED>	DEFAULT		0	0	no_evidence		-
006E8D20	Library::Ourlib::ST3DSMAP::SprGlowLineSetColors	parameter	2	param_2	/undefined4	Stack[0x8]:4	DEFAULT		0	0	no_evidence		-
006E8D20	Library::Ourlib::ST3DSMAP::SprGlowLineSetColors	parameter	3	param_3	/undefined4	Stack[0xc]:4	DEFAULT		0	0	no_evidence		-
006E8D20	Library::Ourlib::ST3DSMAP::SprGlowLineSetColors	return		<RETURN>	/undefined	<UNASSIGNED>	DEFAULT		0	0	no_evidence		-
006E8D90	Library::Ourlib::ST3DSMAP::SprGlowLineSetPat	parameter	2	param_2	/undefined4	Stack[0x8]:4	DEFAULT		0	0	no_evidence		-
006E8D90	Library::Ourlib::ST3DSMAP::SprGlowLineSetPat	return		<RETURN>	/undefined	<UNASSIGNED>	DEFAULT		0	0	no_evidence		-
006E8DF0	Library::Ourlib::ST3DSMAP::SprWireObjMove	parameter	2	param_2	/undefined4	Stack[0x8]:4	DEFAULT		0	0	no_evidence		-
006E8DF0	Library::Ourlib::ST3DSMAP::SprWireObjMove	parameter	3	param_3	/undefined4	Stack[0xc]:4	DEFAULT		0	0	no_evidence		-
006E8DF0	Library::Ourlib::ST3DSMAP::SprWireObjMove	parameter	4	param_4	/undefined4	Stack[0x10]:4	DEFAULT		0	0	no_evidence		-
006E8DF0	Library::Ourlib::ST3DSMAP::SprWireObjMove	return		<RETURN>	/undefined	<UNASSIGNED>	DEFAULT		0	0	no_evidence		-
006E8EA0	ST3DSMAPContext::sub_006E8EA0	return		<RETURN>	/undefined	<UNASSIGNED>	DEFAULT		0	0	no_evidence		-
006E9000	ST3DSMAPContext::sub_006E9000	parameter	1	param_1	/undefined4	Stack[0x4]:4	DEFAULT		0	0	no_evidence		-
006E9000	ST3DSMAPContext::sub_006E9000	parameter	4	param_4	/undefined4	Stack[0x10]:4	DEFAULT		0	0	no_evidence		-
006E9000	ST3DSMAPContext::sub_006E9000	parameter	5	param_5	/undefined4	Stack[0x14]:4	DEFAULT		0	0	no_evidence		-
006E9000	ST3DSMAPContext::sub_006E9000	parameter	6	param_6	/undefined4	Stack[0x18]:4	DEFAULT		0	0	no_evidence		-
006E9000	ST3DSMAPContext::sub_006E9000	parameter	7	param_7	/undefined4	Stack[0x1c]:4	DEFAULT		0	0	no_evidence		-
006E91A0	FUN_006e91a0	return		<RETURN>	/undefined	<UNASSIGNED>	DEFAULT	pointer:/uint	5	5	width_mismatch	{pointer:/uint=5}	006E91A0 returns forwarded through return of FUN_006e9490 @ 006E9502 | 006E91A0 returns forwarded through return of FUN_006e9dd0 @ 006E9E3B | 006E91A0 returns forwarded through return of FUN_006e9e60 @ 006E9ECD | 006E91A0 returns forwarded through return of ST3DSMAPContext::sub_006E9CB0 @ 006E9D1B | 006E91A0 returns forwarded through return of ST3DSMAPContext::sub_006E9D40 @ 006E9DAD
006E9210	Library::Ourlib::ST3DSMAP::SprSetSplit	return		<RETURN>	/undefined	<UNASSIGNED>	DEFAULT		0	0	no_evidence		-
006E92C0	Library::Ourlib::ST3DSMAP::SprSetDZ	return		<RETURN>	/undefined	<UNASSIGNED>	DEFAULT		0	0	no_evidence		-
006E9350	Library::Ourlib::ST3DSMAP::SprSetMask	return		<RETURN>	/undefined	<UNASSIGNED>	DEFAULT		0	0	no_evidence		-
006E93C0	FUN_006e93c0	return		<RETURN>	/undefined	<UNASSIGNED>	DEFAULT		0	0	no_evidence		-
006E9520	Library::Ourlib::ST3DSMAP::SprSetShadow	return		<RETURN>	/undefined	<UNASSIGNED>	DEFAULT		0	0	no_evidence		-
006E96D0	Library::Ourlib::ST3DSMAP::FUN_006e96d0	return		<RETURN>	/undefined	<UNASSIGNED>	DEFAULT		0	0	no_evidence		-
006E9770	Library::Ourlib::ST3DSMAP::SprSetColorsTbl	return		<RETURN>	/undefined	<UNASSIGNED>	DEFAULT		0	0	no_evidence		-
006E97C0	Library::Ourlib::ST3DSMAP::SprSetShadedColorsTbl	return		<RETURN>	/undefined	<UNASSIGNED>	DEFAULT		0	0	no_evidence		-
006E98E0	ST3DSMAPContext::sub_006E98E0	return		<RETURN>	/undefined4	EAX:4	DEFAULT		0	0	no_evidence		-
006E9A10	FUN_006e9a10	return		<RETURN>	/undefined	<UNASSIGNED>	DEFAULT		0	0	no_evidence		-
006E9AF0	Library::Ourlib::ST3DSMAP::SprSetIms	return		<RETURN>	/undefined4	EAX:4	DEFAULT		0	0	no_evidence		-
006EA270	ST3DSMAPContext::sub_006EA270	return		<RETURN>	/undefined	<UNASSIGNED>	DEFAULT		0	0	no_evidence		-
006EA340	FUN_006ea340	return		<RETURN>	/undefined	<UNASSIGNED>	DEFAULT		0	0	no_evidence		-
006EA3E0	Library::Ourlib::ST3DSMAP::SprSetLevAfter	return		<RETURN>	/undefined	<UNASSIGNED>	DEFAULT		0	0	no_evidence		-
006EA460	Library::Ourlib::ST3DSMAP::SprSetLevBefore	return		<RETURN>	/undefined	<UNASSIGNED>	DEFAULT		0	0	no_evidence		-
006EA4E0	Library::Ourlib::ST3DSMAP::SprSetLevBeforeLand	parameter	3	param_3	/undefined4	Stack[0xc]:4	DEFAULT		0	0	no_evidence		-
006EA4E0	Library::Ourlib::ST3DSMAP::SprSetLevBeforeLand	parameter	4	param_4	/undefined4	Stack[0x10]:4	DEFAULT		0	0	no_evidence		-
006EA960	Library::Ourlib::ST3DSMAP::SprMove	return		<RETURN>	/undefined	<UNASSIGNED>	DEFAULT		0	0	no_evidence		-
006EAAA0	Library::Ourlib::ST3DSMAP::SprShow	return		<RETURN>	/undefined4	EAX:4	DEFAULT		0	0	no_evidence		-
006EAB60	Library::Ourlib::ST3DSMAP::SprHide	return		<RETURN>	/undefined	<UNASSIGNED>	DEFAULT		0	0	no_evidence		-
006EACE0	Library::Ourlib::ST3DSMAP::SprGetMaxDims	return		<RETURN>	/undefined	<UNASSIGNED>	DEFAULT		0	0	no_evidence		-
006EAD40	FUN_006ead40	parameter	1	param_1	/undefined4	Stack[0x4]:4	DEFAULT		0	0	no_evidence		-
006EAD40	FUN_006ead40	parameter	2	param_2	/undefined4	Stack[0x8]:4	DEFAULT		0	0	no_evidence		-
006EAD40	FUN_006ead40	parameter	3	param_3	/undefined4	Stack[0xc]:4	DEFAULT		0	0	no_evidence		-
006EAD40	FUN_006ead40	parameter	4	param_4	/undefined4	Stack[0x10]:4	DEFAULT		0	0	no_evidence		-
006EAD40	FUN_006ead40	parameter	5	param_5	/undefined4	Stack[0x14]:4	DEFAULT		0	0	no_evidence		-
006EAD40	FUN_006ead40	parameter	6	param_6	/undefined4	Stack[0x18]:4	DEFAULT		0	0	no_evidence		-
006EAD40	FUN_006ead40	parameter	7	param_7	/undefined4	Stack[0x1c]:4	DEFAULT		0	0	no_evidence		-
006EB230	Library::Ourlib::ST3DSPR::SprInRect	return		<RETURN>	/undefined4	EAX:4	DEFAULT		0	0	no_evidence		-
006EB570	FUN_006eb570	return		<RETURN>	/undefined4	EAX:4	DEFAULT		0	0	no_evidence		-
006EBE40	FUN_006ebe40	return		<RETURN>	/undefined	<UNASSIGNED>	DEFAULT		0	0	no_evidence		-
006ECC70	FUN_006ecc70	return		<RETURN>	/undefined4	EAX:4	DEFAULT		0	0	no_evidence		-
006EF300	Library::Ourlib::MFSTMAP::mfTmapGetParam	parameter	0	param_1	/undefined4	Stack[0x4]:4	DEFAULT		0	0	no_evidence		-
006EF3E0	FUN_006ef3e0	parameter	1	param_2	/undefined4	Stack[0x8]:4	DEFAULT		0	0	no_evidence		-
006EFB70	Library::Ourlib::MFSTMAP::mfTMapErase	return		<RETURN>	/undefined	<UNASSIGNED>	DEFAULT		0	0	no_evidence		-
006EFC50	Library::Ourlib::MFSTMAP::mfTMapCreate	parameter	4	param_5	/undefined1	Stack[0x14]:1	DEFAULT	/byte	0	1	insufficient_independent_evidence	{/byte=1}	006A01D0 -> 006EFC50 @ 006A02C5; literal 32 at 006A02B9
006F02D0	FUN_006f02d0	return		<RETURN>	/undefined4	EAX:4	DEFAULT		0	0	no_evidence		-
006F0CD0	Library::Ourlib::MFSTMAP::FUN_006f0cd0	parameter	0	param_1	/undefined4	Stack[0x4]:4	DEFAULT		0	0	no_evidence		-
006F0D70	Library::Ourlib::MFSTMAP::mf3DXGetParam	parameter	0	param_1	/undefined4	Stack[0x4]:4	DEFAULT		0	0	no_evidence		-
006F1170	cMf32::delete	return		<RETURN>	/undefined	<UNASSIGNED>	DEFAULT		0	0	no_evidence		-
006F12B0	cMf32::ToBeg	parameter	1	param_1	/undefined4	Stack[0x4]:4	DEFAULT		0	0	no_evidence		-
006F12B0	cMf32::ToBeg	parameter	2	param_2	/undefined4	Stack[0x8]:4	DEFAULT		0	0	no_evidence		-
006F12B0	cMf32::ToBeg	return		<RETURN>	/undefined	<UNASSIGNED>	DEFAULT		0	0	no_evidence		-
006F1350	cMf32::ToEnd	parameter	1	param_1	/undefined4	Stack[0x4]:4	DEFAULT		0	0	no_evidence		-
006F1350	cMf32::ToEnd	parameter	2	param_2	/undefined4	Stack[0x8]:4	DEFAULT		0	0	no_evidence		-
006F1350	cMf32::ToEnd	return		<RETURN>	/undefined	<UNASSIGNED>	DEFAULT		0	0	no_evidence		-
006F17C0	cMf32::RecDel	return		<RETURN>	/undefined4	EAX:4	DEFAULT		0	0	no_evidence		-
006F1910	cMf32::RecRen	parameter	1	param_1	/undefined1	Stack[0x4]:1	DEFAULT	/byte	0	1	insufficient_independent_evidence	{/byte=1}	0071A250 -> 006F1910 @ 0071A264; literal 2 at 0071A262
006F1910	cMf32::RecRen	return		<RETURN>	/undefined4	EAX:4	DEFAULT		0	0	no_evidence		-
006F20E0	cMf32::RecMemFree	return		<RETURN>	/undefined	<UNASSIGNED>	DEFAULT		0	0	no_evidence		-
006F21A0	FUN_006f21a0	return		<RETURN>	/undefined	<UNASSIGNED>	DEFAULT		0	0	no_evidence		-
006F2AF0	cMf32::KeyRecGet	parameter	1	param_1	/undefined1	Stack[0x4]:1	DEFAULT		0	0	no_evidence		-
006F2C00	FUN_006f2c00	parameter	2	param_3	/undefined4	Stack[0xc]:4	DEFAULT		0	0	no_evidence		-
006F2FB0	Library::Ourlib::MFAOBJ::mfAObjLen	parameter	0	param_1	/undefined4	Stack[0x4]:4	DEFAULT		0	0	no_evidence		-
006F3050	Library::Ourlib::MFAOBJ::mfAObjParam	parameter	0	param_1	/undefined4	Stack[0x4]:4	DEFAULT		0	0	no_evidence		-
006F3110	Library::Ourlib::MFAOBJ::mfAObjSave	parameter	0	param_1	/undefined4	Stack[0x4]:4	DEFAULT		0	0	no_evidence		-
006F31D0	SubmarineTitans::Recovered::HiddenThis::AnonReceiver_006F31D0::sub_006F31D0	return		<RETURN>	/undefined	<UNASSIGNED>	DEFAULT		0	0	no_evidence		-
006F5760	FUN_006f5760	return		<RETURN>	/undefined	<UNASSIGNED>	DEFAULT		0	0	no_evidence		-
006F5BD0	FUN_006f5bd0	return		<RETURN>	/undefined1	AL:1	DEFAULT		0	0	no_evidence		-
006F5D80	FUN_006f5d80	return		<RETURN>	/undefined	<UNASSIGNED>	DEFAULT		0	0	no_evidence		-
006F6020	FUN_006f6020	return		<RETURN>	/undefined	<UNASSIGNED>	DEFAULT		0	0	no_evidence		-
006F6330	FUN_006f6330	return		<RETURN>	/undefined	<UNASSIGNED>	DEFAULT		0	0	no_evidence		-
006F66C0	FUN_006f66c0	return		<RETURN>	/undefined	<UNASSIGNED>	DEFAULT		0	0	no_evidence		-
006F6AE0	FUN_006f6ae0	return		<RETURN>	/undefined	<UNASSIGNED>	DEFAULT		0	0	no_evidence		-
006F6EA0	FUN_006f6ea0	return		<RETURN>	/undefined	<UNASSIGNED>	DEFAULT		0	0	no_evidence		-
006F72F0	FUN_006f72f0	return		<RETURN>	/undefined	<UNASSIGNED>	DEFAULT		0	0	no_evidence		-
006F77E0	FUN_006f77e0	return		<RETURN>	/undefined	<UNASSIGNED>	DEFAULT		0	0	no_evidence		-
006F7FC0	FUN_006f7fc0	return		<RETURN>	/undefined	<UNASSIGNED>	DEFAULT		0	0	no_evidence		-
006F81D0	FUN_006f81d0	return		<RETURN>	/undefined	<UNASSIGNED>	DEFAULT		0	0	no_evidence		-
006F8660	FUN_006f8660	return		<RETURN>	/undefined	<UNASSIGNED>	DEFAULT		0	0	no_evidence		-
006F8F00	FUN_006f8f00	return		<RETURN>	/undefined	<UNASSIGNED>	DEFAULT		0	0	no_evidence		-
006F9AD0	FUN_006f9ad0	return		<RETURN>	/undefined	<UNASSIGNED>	DEFAULT		0	0	no_evidence		-
006FA280	FUN_006fa280	return		<RETURN>	/undefined	<UNASSIGNED>	DEFAULT		0	0	no_evidence		-
006FA7A0	FUN_006fa7a0	return		<RETURN>	/undefined	<UNASSIGNED>	DEFAULT		0	0	no_evidence		-
006FADC0	FUN_006fadc0	return		<RETURN>	/undefined	<UNASSIGNED>	DEFAULT		0	0	no_evidence		-
006FB4A0	FUN_006fb4a0	return		<RETURN>	/undefined	<UNASSIGNED>	DEFAULT		0	0	no_evidence		-
006FBD40	FUN_006fbd40	return		<RETURN>	/undefined	<UNASSIGNED>	DEFAULT		0	0	no_evidence		-
006FC3E0	FUN_006fc3e0	return		<RETURN>	/undefined	<UNASSIGNED>	DEFAULT		0	0	no_evidence		-
006FCB30	FUN_006fcb30	return		<RETURN>	/undefined	<UNASSIGNED>	DEFAULT		0	0	no_evidence		-
006FD430	FUN_006fd430	return		<RETURN>	/undefined	<UNASSIGNED>	DEFAULT		0	0	no_evidence		-
006FDEA0	FUN_006fdea0	return		<RETURN>	/undefined	<UNASSIGNED>	DEFAULT		0	0	no_evidence		-
006FE570	FUN_006fe570	return		<RETURN>	/undefined	<UNASSIGNED>	DEFAULT		0	0	no_evidence		-
006FED50	FUN_006fed50	return		<RETURN>	/undefined	<UNASSIGNED>	DEFAULT		0	0	no_evidence		-
006FF690	FUN_006ff690	return		<RETURN>	/undefined	<UNASSIGNED>	DEFAULT		0	0	no_evidence		-
00700190	FUN_00700190	return		<RETURN>	/undefined	<UNASSIGNED>	DEFAULT		0	0	no_evidence		-
00700920	FUN_00700920	return		<RETURN>	/undefined	<UNASSIGNED>	DEFAULT		0	0	no_evidence		-
007012F0	FUN_007012f0	return		<RETURN>	/undefined	<UNASSIGNED>	DEFAULT		0	0	no_evidence		-
00701AD0	FUN_00701ad0	return		<RETURN>	/undefined	<UNASSIGNED>	DEFAULT		0	0	no_evidence		-
00703160	FUN_00703160	return		<RETURN>	/undefined	<UNASSIGNED>	DEFAULT		0	0	no_evidence		-
00703650	FUN_00703650	return		<RETURN>	/undefined	<UNASSIGNED>	DEFAULT		0	0	no_evidence		-
00703D40	FUN_00703d40	return		<RETURN>	/undefined	<UNASSIGNED>	DEFAULT		0	0	no_evidence		-
00704460	FUN_00704460	return		<RETURN>	/undefined	<UNASSIGNED>	DEFAULT		0	0	no_evidence		-
007055D0	FUN_007055d0	return		<RETURN>	/undefined	<UNASSIGNED>	DEFAULT		0	0	no_evidence		-
007059A0	FUN_007059a0	return		<RETURN>	/undefined	<UNASSIGNED>	DEFAULT		0	0	no_evidence		-
007068D0	FUN_007068d0	return		<RETURN>	/undefined	<UNASSIGNED>	DEFAULT		0	0	no_evidence		-
00706E30	FUN_00706e30	return		<RETURN>	/undefined	<UNASSIGNED>	DEFAULT		0	0	no_evidence		-
00707810	FUN_00707810	return		<RETURN>	/undefined	<UNASSIGNED>	DEFAULT		0	0	no_evidence		-
00708CA0	FUN_00708ca0	parameter	6	param_7	/undefined4	Stack[0x1c]:4	DEFAULT		0	0	no_evidence		-
00708CA0	FUN_00708ca0	return		<RETURN>	/undefined	<UNASSIGNED>	DEFAULT		0	0	no_evidence		-
00709670	FUN_00709670	return		<RETURN>	/undefined	<UNASSIGNED>	DEFAULT		0	0	no_evidence		-
007098A0	FUN_007098a0	return		<RETURN>	/undefined4	EAX:4	DEFAULT		0	0	no_evidence		-
0070A370	Library::Ourlib::MFRLOAD::mfRLoadRefreshAll	return		<RETURN>	/undefined4	EAX:4	DEFAULT		0	0	no_evidence		-
0070A4A0	Library::Ourlib::MFRLOAD::mfRLoadRefresh	return		<RETURN>	/undefined4	EAX:4	DEFAULT		0	0	no_evidence		-
0070A650	Library::Ourlib::MFIMG::mfImgGetLen	parameter	0	param_1	/undefined4	Stack[0x4]:4	DEFAULT		0	0	no_evidence		-
0070A7B0	Library::Ourlib::MFIMG::mfImgGetHeight	parameter	0	param_1	/undefined4	Stack[0x4]:4	DEFAULT		0	0	no_evidence		-
0070A870	Library::Ourlib::MFIMG::mfImgGetTransp	parameter	0	param_1	/undefined4	Stack[0x4]:4	DEFAULT		0	0	no_evidence		-
0070A930	Library::Ourlib::MFIMG::mfImgGetNumIms	parameter	0	param_1	/undefined4	Stack[0x4]:4	DEFAULT		0	0	no_evidence		-
0070A9F0	FUN_0070a9f0	return		<RETURN>	/undefined	<UNASSIGNED>	DEFAULT		9	0	conflicting_evidence	{/int=1, pointer:/ushort=8}	0070A9F0 returns return of Library::Ourlib::MFIMG::mfImgLoad @ 0070AA0E | 0070A9F0 returns stored into /StartSystemTy+0x2c @ 0059100F | 0070A9F0 returns stored into /StartSystemTy+0x2c @ 00595F1D | 0070A9F0 returns stored into /StartSystemTy+0x2c @ 005AB579 | 0070A9F0 returns stored into /StartSystemTy+0x2c @ 005B2CBC | 0070A9F0 returns stored into /StartSystemTy+0x2c @ 005B9BE5 | 0070A9F0 returns stored into /StartSystemTy+0x2c @ 005C2B9F | 0070A9F0 returns stored into /StartSystemTy+0x2c @ 005E6846 | 0070A9F0 returns used as parameter 1 of ccFntTy::SetSurf @ 004F592D
0070AA10	FUN_0070aa10	return		<RETURN>	/undefined	<UNASSIGNED>	DEFAULT	pointer:/ushort	1	1	width_mismatch	{pointer:/ushort=1}	0070AA10 returns return of Library::Ourlib::MFIMG::mfImgLoad @ 0070AA2E
0070AA30	FUN_0070aa30	return		<RETURN>	/undefined	<UNASSIGNED>	DEFAULT	pointer:/ushort	1	1	width_mismatch	{pointer:/ushort=1}	0070AA30 returns return of Library::Ourlib::MFIMG::mfImgLoad @ 0070AA4E
0070AA50	FUN_0070aa50	return		<RETURN>	/undefined	<UNASSIGNED>	DEFAULT	pointer:/ushort	1	1	width_mismatch	{pointer:/ushort=1}	0070AA50 returns return of Library::Ourlib::MFIMG::mfImgLoad @ 0070AA6E
0070AA70	FUN_0070aa70	return		<RETURN>	/undefined	<UNASSIGNED>	DEFAULT	pointer:/ushort	1	1	width_mismatch	{pointer:/ushort=1}	0070AA70 returns return of Library::Ourlib::MFIMG::mfImgLoad @ 0070AA8E
0070AA90	FUN_0070aa90	return		<RETURN>	/undefined	<UNASSIGNED>	DEFAULT	pointer:/ushort	1	1	width_mismatch	{pointer:/ushort=1}	0070AA90 returns return of Library::Ourlib::MFIMG::mfImgLoad @ 0070AAAE
0070AAB0	FUN_0070aab0	return		<RETURN>	/undefined	<UNASSIGNED>	DEFAULT	pointer:/ushort	1	1	width_mismatch	{pointer:/ushort=1}	0070AAB0 returns return of Library::Ourlib::MFIMG::mfImgLoad @ 0070AACE
0070AAD0	Library::Ourlib::MFIMG::mfGifLoadToDib	parameter	0	param_1	/undefined4	Stack[0x4]:4	DEFAULT		0	0	no_evidence		-
0070ABF0	FUN_0070abf0	return		<RETURN>	/undefined	<UNASSIGNED>	DEFAULT	pointer:/ushort	1	1	width_mismatch	{pointer:/ushort=1}	0070ABF0 returns return of Library::Ourlib::MFIMG::mfImgLoad @ 0070AC0E
0070AC10	Library::Ourlib::MFIMG::mfPcxLoadToDib	parameter	0	param_1	/undefined4	Stack[0x4]:4	DEFAULT		0	0	no_evidence		-
0070AD40	FUN_0070ad40	return		<RETURN>	/undefined	<UNASSIGNED>	DEFAULT	pointer:/ushort	1	1	width_mismatch	{pointer:/ushort=1}	0070AD40 returns return of Library::Ourlib::MFIMG::mfImgLoad @ 0070AD5E
0070AD60	Library::Ourlib::MFIMG::mfJpgLoadToDib	parameter	0	param_1	/undefined4	Stack[0x4]:4	DEFAULT		0	0	no_evidence		-
0070AD60	Library::Ourlib::MFIMG::mfJpgLoadToDib	return		<RETURN>	/undefined4	EAX:4	DEFAULT		0	0	no_evidence		-
0070B220	Library::Ourlib::MFIMG::mfImtGetNumIms	parameter	0	param_1	/undefined4	Stack[0x4]:4	DEFAULT		0	0	no_evidence		-
0070B2E0	Library::Ourlib::MFIMG::mfImtGetModeIms	parameter	0	param_1	/undefined4	Stack[0x4]:4	DEFAULT		0	0	no_evidence		-
0070B3A0	FUN_0070b3a0	return		<RETURN>	/undefined4	EAX:4	DEFAULT		11	0	conflicting_evidence	{pointer:/byte=9, pointer:/wingdi.h/BITMAPINFO=2}	0070B3A0 returns used as parameter 3 of PutDDX @ 00592C0A | 0070B3A0 returns used as parameter 3 of PutDDX @ 005B49F2 | 0070B3A0 returns used as parameter 4 of DibPut @ 004F00E4 | 0070B3A0 returns used as parameter 4 of DibPut @ 0050A87D | 0070B3A0 returns used as parameter 4 of DibPut @ 0050AE3C | 0070B3A0 returns used as parameter 4 of DibPut @ 0050B0F0 | 0070B3A0 returns used as parameter 4 of DibPut @ 0050BC65 | 0070B3A0 returns used as parameter 4 of DibPut @ 0053C941 | 0070B3A0 returns used as parameter 4 of DibPut @ 00552C6B | 0070B3A0 returns used as parameter 4 of DibPut @ 00552CDF | 0070B3A0 returns used as parameter 4 of DibPut @ 00552D58
0070B3C0	FUN_0070b3c0	return		<RETURN>	/undefined	<UNASSIGNED>	DEFAULT		0	0	no_evidence		-
0070B3D0	FUN_0070b3d0	return		<RETURN>	/undefined	<UNASSIGNED>	DEFAULT		0	0	no_evidence		-
0070B3E0	FUN_0070b3e0	return		<RETURN>	/undefined4	EAX:4	DEFAULT		0	0	no_evidence		-
0070B410	FUN_0070b410	return		<RETURN>	/undefined4	EAX:4	DEFAULT		0	0	no_evidence		-
0070B600	FUN_0070b600	return		<RETURN>	/undefined	<UNASSIGNED>	DEFAULT		0	0	no_evidence		-
0070B630	FUN_0070b630	parameter	0	param_1	/undefined4	Stack[0x4]:4	DEFAULT		0	0	no_evidence		-
0070B630	FUN_0070b630	return		<RETURN>	/undefined	<UNASSIGNED>	DEFAULT	/int	1	1	width_mismatch	{/int=1}	0070B630 returns return of Library::Ourlib::MFIMG::mfImgGetNumIms @ 0070B64C
0070B670	FUN_0070b670	return		<RETURN>	/undefined	<UNASSIGNED>	DEFAULT		0	0	no_evidence		-
0070B680	FUN_0070b680	return		<RETURN>	/undefined	<UNASSIGNED>	DEFAULT		0	0	no_evidence		-
0070B690	FUN_0070b690	return		<RETURN>	/undefined4	EAX:4	DEFAULT		0	0	no_evidence		-
0070B6B0	FUN_0070b6b0	return		<RETURN>	/undefined4	EAX:4	DEFAULT		0	0	no_evidence		-
0070C9A0	FUN_0070c9a0	return		<RETURN>	/undefined1	AL:1	DEFAULT	/uint	1	1	width_mismatch	{/uint=1}	0070C9A0 returns unproven partial register write at 0070C9D5 @ 0070C9D9
0070CAF0	FUN_0070caf0	return		<RETURN>	/undefined	<UNASSIGNED>	DEFAULT		0	0	no_evidence		-
0070CDC0	FUN_0070cdc0	return		<RETURN>	/undefined4	EAX:4	DEFAULT		0	0	no_evidence		-
00710560	ccFntTy::operator_delete	return		<RETURN>	/undefined	<UNASSIGNED>	DEFAULT		0	0	no_evidence		-
00710790	FUN_00710790	return		<RETURN>	/undefined	<UNASSIGNED>	DEFAULT		0	0	no_evidence		-
007109F0	FUN_007109f0	return		<RETURN>	/undefined	<UNASSIGNED>	DEFAULT		0	0	no_evidence		-
00710FB0	FUN_00710fb0	return		<RETURN>	/undefined	<UNASSIGNED>	DEFAULT		0	0	no_evidence		-
00711DA0	ccFntTy::WrArr	parameter	4	param_4	/undefined4	Stack[0x10]:4	DEFAULT		0	0	no_evidence		-
00711F70	ccFntTy::WrSarr	parameter	6	param_6	/undefined4	Stack[0x18]:4	DEFAULT		0	0	no_evidence		-
007121A0	FUN_007121a0	return		<RETURN>	/undefined4	EAX:4	DEFAULT		0	0	no_evidence		-
00713B00	cTypingTy::TypingInit	parameter	4	param_4	/undefined4	Stack[0x10]:4	DEFAULT		0	0	no_evidence		-
00713B00	cTypingTy::TypingInit	parameter	5	param_5	/undefined4	Stack[0x14]:4	DEFAULT		0	0	no_evidence		-
00713B00	cTypingTy::TypingInit	parameter	13	param_13	/undefined4	Stack[0x34]:4	DEFAULT		0	0	no_evidence		-
00713F30	cTypingTy::TypingInitSarr	parameter	4	param_4	/undefined4	Stack[0x10]:4	DEFAULT		0	0	no_evidence		-
00713F30	cTypingTy::TypingInitSarr	parameter	5	param_5	/undefined4	Stack[0x14]:4	DEFAULT		0	0	no_evidence		-
00713F30	cTypingTy::TypingInitSarr	parameter	13	param_13	/undefined4	Stack[0x34]:4	DEFAULT		0	0	no_evidence		-
00714B30	FUN_00714b30	return		<RETURN>	/undefined4	EAX:4	DEFAULT		0	0	no_evidence		-
00714C80	FUN_00714c80	return		<RETURN>	/undefined4	EAX:4	DEFAULT		0	0	no_evidence		-
00714FB0	FUN_00714fb0	return		<RETURN>	/undefined4	EAX:4	DEFAULT		0	0	no_evidence		-
00715050	Library::Ourlib::MFDARR::mfDarLoad	return		<RETURN>	/undefined4	EAX:4	DEFAULT		0	0	no_evidence		-
00715170	Library::Ourlib::MFDARR::mfDarSave	return		<RETURN>	/undefined4	EAX:4	DEFAULT		0	0	no_evidence		-
00715360	FUN_00715360	parameter	6	param_7	/undefined4	Stack[0x1c]:4	DEFAULT		0	0	no_evidence		-
00715630	Library::Ourlib::CONNECT::FUN_00715630	return		<RETURN>	/undefined4	EAX:4	DEFAULT		0	0	no_evidence		-
007158A0	SpriteClassTy::InitSprite	return		<RETURN>	/undefined4	EAX:4	DEFAULT		0	0	no_evidence		-
00715AB0	SpriteClassTy::CloseSprite	return		<RETURN>	/undefined4	EAX:4	DEFAULT		0	0	no_evidence		-
00715C60	SpriteClassTy::SetImagesReg	return		<RETURN>	/undefined4	EAX:4	DEFAULT		0	0	no_evidence		-
00716040	SpriteClassTy::SetImages	return		<RETURN>	/undefined4	EAX:4	DEFAULT		0	0	no_evidence		-
00716480	SpriteClassTy::SetImagesPtr	return		<RETURN>	/undefined4	EAX:4	DEFAULT		0	0	no_evidence		-
00716E60	Library::Ourlib::MFTSPR::mfTSprGetNumFas	parameter	0	param_1	/undefined4	Stack[0x4]:4	DEFAULT		0	0	no_evidence		-
00717380	FUN_00717380	return		<RETURN>	/undefined	<UNASSIGNED>	DEFAULT		0	0	no_evidence		-
007175D0	FUN_007175d0	return		<RETURN>	/undefined	<UNASSIGNED>	DEFAULT		0	0	no_evidence		-
007176F0	Library::Ourlib::STDARK::FUN_007176f0	parameter	6	param_6	/undefined4	Stack[0x18]:4	DEFAULT		0	0	no_evidence		-
007176F0	Library::Ourlib::STDARK::FUN_007176f0	parameter	7	param_7	/undefined4	Stack[0x1c]:4	DEFAULT		0	0	no_evidence		-
007176F0	Library::Ourlib::STDARK::FUN_007176f0	parameter	9	param_9	/undefined4	Stack[0x24]:4	DEFAULT		0	0	no_evidence		-
007176F0	Library::Ourlib::STDARK::FUN_007176f0	parameter	10	param_10	/undefined4	Stack[0x28]:4	DEFAULT		0	0	no_evidence		-
007176F0	Library::Ourlib::STDARK::FUN_007176f0	parameter	11	param_11	/undefined4	Stack[0x2c]:4	DEFAULT		0	0	no_evidence		-
007176F0	Library::Ourlib::STDARK::FUN_007176f0	parameter	12	param_12	/undefined4	Stack[0x30]:4	DEFAULT		0	0	no_evidence		-
007176F0	Library::Ourlib::STDARK::FUN_007176f0	return		<RETURN>	/undefined	<UNASSIGNED>	DEFAULT		0	0	no_evidence		-
00717870	ST3DSMAPContext::sub_00717870	return		<RETURN>	/undefined	<UNASSIGNED>	DEFAULT		0	0	no_evidence		-
007178C0	ST3DSMAPContext::sub_007178C0	return		<RETURN>	/undefined	<UNASSIGNED>	DEFAULT		0	0	no_evidence		-
00717910	FUN_00717910	return		<RETURN>	/undefined	<UNASSIGNED>	DEFAULT		0	0	no_evidence		-
00717970	FUN_00717970	return		<RETURN>	/undefined4	EAX:4	DEFAULT		0	0	no_evidence		-
00718080	Library::Ourlib::MFPLT::mfPltNum	parameter	0	param_1	/undefined4	Stack[0x4]:4	DEFAULT		0	0	no_evidence		-
007183C0	FUN_007183c0	parameter	0	param_1	/undefined4	ECX:4	DEFAULT		0	0	no_evidence		-
007183C0	FUN_007183c0	parameter	1	param_2	/undefined4	EDX:4	DEFAULT		0	0	no_evidence		-
00718500	Library::Ourlib::PALETTE::FUN_00718500	parameter	0	param_1	/undefined4	Stack[0x4]:4	DEFAULT		0	0	no_evidence		-
00719410	FUN_00719410	parameter	0	param_1	/undefined4	Stack[0x4]:4	DEFAULT		0	0	no_evidence		-
00719410	FUN_00719410	parameter	2	param_3	/undefined4	Stack[0xc]:4	DEFAULT		0	0	no_evidence		-
00719410	FUN_00719410	return		<RETURN>	/undefined4	EAX:4	DEFAULT		0	0	no_evidence		-
007194D0	FUN_007194d0	parameter	0	param_1	/undefined4	Stack[0x4]:4	DEFAULT		0	0	no_evidence		-
007194D0	FUN_007194d0	return		<RETURN>	/undefined4	EAX:4	DEFAULT		0	0	no_evidence		-
00719560	FUN_00719560	return		<RETURN>	/undefined4	EAX:4	DEFAULT		0	0	no_evidence		-
007195B0	FUN_007195b0	return		<RETURN>	/undefined4	EAX:4	DEFAULT		0	0	no_evidence		-
00719600	FUN_00719600	return		<RETURN>	/undefined4	EAX:4	DEFAULT		0	0	no_evidence		-
007196A0	FUN_007196a0	parameter	0	param_1	/undefined4	Stack[0x4]:4	DEFAULT		0	0	no_evidence		-
007196A0	FUN_007196a0	return		<RETURN>	/undefined4	EAX:4	DEFAULT		0	0	no_evidence		-
00719710	FUN_00719710	return		<RETURN>	/undefined4	EAX:4	DEFAULT		0	0	no_evidence		-
00719790	FUN_00719790	return		<RETURN>	/undefined4	EAX:4	DEFAULT		0	0	no_evidence		-
00719810	FUN_00719810	return		<RETURN>	/undefined4	EAX:4	DEFAULT		0	0	no_evidence		-
00719880	FUN_00719880	return		<RETURN>	/undefined4	EAX:4	DEFAULT		0	0	no_evidence		-
00719900	FUN_00719900	return		<RETURN>	/undefined4	EAX:4	DEFAULT		0	0	no_evidence		-
00719960	FUN_00719960	return		<RETURN>	/undefined4	EAX:4	DEFAULT		0	0	no_evidence		-
007199F0	FUN_007199f0	return		<RETURN>	/undefined4	EAX:4	DEFAULT		0	0	no_evidence		-
00719A60	FUN_00719a60	return		<RETURN>	/undefined4	EAX:4	DEFAULT		0	0	no_evidence		-
00719AE0	FUN_00719ae0	return		<RETURN>	/undefined4	EAX:4	DEFAULT		0	0	no_evidence		-
00719B40	FUN_00719b40	parameter	1	param_2	/undefined4	Stack[0x8]:4	DEFAULT		0	0	no_evidence		-
00719BB0	FUN_00719bb0	return		<RETURN>	/undefined4	EAX:4	DEFAULT		0	0	no_evidence		-
00719C60	FUN_00719c60	return		<RETURN>	/undefined	<UNASSIGNED>	DEFAULT		0	0	no_evidence		-
00719C90	FUN_00719c90	return		<RETURN>	/undefined	<UNASSIGNED>	DEFAULT		0	0	no_evidence		-
00719DF0	Library::Ourlib::MFWAV::mfWavGetType	parameter	0	param_1	/undefined4	Stack[0x4]:4	DEFAULT		0	0	no_evidence		-
0071A030	Library::Ourlib::MFWAV::mfWavSave	return		<RETURN>	/undefined4	EAX:4	DEFAULT		0	0	no_evidence		-
0071A110	Library::Ourlib::MFWAV::mfWavSaveFile	return		<RETURN>	/undefined4	EAX:4	DEFAULT		0	0	no_evidence		-
0071A230	FUN_0071a230	return		<RETURN>	/undefined	<UNASSIGNED>	DEFAULT		0	0	no_evidence		-
0071A250	FUN_0071a250	return		<RETURN>	/undefined	<UNASSIGNED>	DEFAULT		0	0	no_evidence		-
0071A4B0	FUN_0071a4b0	return		<RETURN>	/undefined	<UNASSIGNED>	DEFAULT		0	0	no_evidence		-
0071A530	Library::Ourlib::MFWAV::FUN_0071a530	return		<RETURN>	/undefined4	EAX:4	DEFAULT		0	0	no_evidence		-
0071A8D0	FUN_0071a8d0	return		<RETURN>	/undefined	<UNASSIGNED>	DEFAULT		0	0	no_evidence		-
0071AB30	Library::Ourlib::MFSARR::mfSarSave	return		<RETURN>	/undefined4	EAX:4	DEFAULT		0	0	no_evidence		-
0071AC40	Library::Ourlib::MFSARR::tSArrCat	return		<RETURN>	/undefined	<UNASSIGNED>	DEFAULT		0	0	no_evidence		-
0071ADB0	Library::Ourlib::MFANY::mfAnySave	return		<RETURN>	/undefined4	EAX:4	DEFAULT		0	0	no_evidence		-
0071B010	Library::Ourlib::MFANY::mfAnySaveFile	return		<RETURN>	/undefined4	EAX:4	DEFAULT		0	0	no_evidence		-
0071B630	Library::Ourlib::SINPUT::FUN_0071b630	return		<RETURN>	/undefined4	EAX:4	DEFAULT		0	0	no_evidence		-
0071B760	FUN_0071b760	return		<RETURN>	/undefined4	EAX:4	DEFAULT		0	0	no_evidence		-
0071B970	FUN_0071b970	return		<RETURN>	/undefined4	EAX:4	DEFAULT		0	0	no_evidence		-
0071C530	InputClassTy::DelAcc	return		<RETURN>	/undefined	<UNASSIGNED>	DEFAULT		0	0	no_evidence		-
0071C7C0	FUN_0071c7c0	return		<RETURN>	/undefined4	EAX:4	DEFAULT		0	0	no_evidence		-
0071C830	FUN_0071c830	return		<RETURN>	/undefined	<UNASSIGNED>	DEFAULT		0	0	no_evidence		-
0071C870	FUN_0071c870	return		<RETURN>	/undefined	<UNASSIGNED>	DEFAULT		0	0	no_evidence		-
0071C9F0	FUN_0071c9f0	return		<RETURN>	/undefined	<UNASSIGNED>	DEFAULT		0	0	no_evidence		-
0071CF60	FUN_0071cf60	return		<RETURN>	/undefined	<UNASSIGNED>	DEFAULT		0	0	no_evidence		-
0071CF80	FUN_0071cf80	return		<RETURN>	/undefined	<UNASSIGNED>	DEFAULT		0	0	no_evidence		-
0071E060	FUN_0071e060	return		<RETURN>	/undefined4	EAX:4	DEFAULT		0	0	no_evidence		-
007209D0	FUN_007209d0	parameter	1	param_1	/undefined4	Stack[0x4]:4	DEFAULT		0	0	no_evidence		-
00720E70	FUN_00720e70	return		<RETURN>	/undefined	<UNASSIGNED>	DEFAULT		0	0	no_evidence		-
00721080	FUN_00721080	return		<RETURN>	/undefined	<UNASSIGNED>	DEFAULT		0	0	no_evidence		-
00721520	FUN_00721520	return		<RETURN>	/undefined	<UNASSIGNED>	DEFAULT		0	0	no_evidence		-
00721830	FUN_00721830	return		<RETURN>	/undefined4	EAX:4	DEFAULT		0	0	no_evidence		-
00721CD0	Library::Ourlib::SEDIT::FUN_00721cd0	return		<RETURN>	/undefined	<UNASSIGNED>	DEFAULT		0	0	no_evidence		-
00722070	Library::Ourlib::SEDIT::FUN_00722070	return		<RETURN>	/undefined	<UNASSIGNED>	DEFAULT		0	0	no_evidence		-
007233D0	FUN_007233d0	parameter	1	param_1	/undefined4	Stack[0x4]:4	DEFAULT		0	0	no_evidence		-
00724D20	FUN_00724d20	return		<RETURN>	/undefined	<UNASSIGNED>	DEFAULT		0	0	no_evidence		-
00724D40	FUN_00724d40	return		<RETURN>	/undefined	<UNASSIGNED>	DEFAULT		0	0	no_evidence		-
00724E20	FUN_00724e20	return		<RETURN>	/undefined	<UNASSIGNED>	DEFAULT		0	0	no_evidence		-
007256A0	Library::Ourlib::MFPLA::mfPlaGetClust	parameter	0	param_1	/undefined4	Stack[0x4]:4	DEFAULT		0	0	no_evidence		-
00725910	FUN_00725910	parameter	2	param_3	/undefined4	Stack[0xc]:4	DEFAULT		0	0	no_evidence		-
00725910	FUN_00725910	parameter	4	param_5	/undefined4	Stack[0x14]:4	DEFAULT		0	0	no_evidence		-
00725C20	FUN_00725c20	parameter	1	param_2	/undefined4	Stack[0x8]:4	DEFAULT		0	0	no_evidence		-
00725C20	FUN_00725c20	return		<RETURN>	/undefined4	EAX:4	DEFAULT		0	0	no_evidence		-
00725E30	FUN_00725e30	return		<RETURN>	/undefined	<UNASSIGNED>	DEFAULT		0	0	no_evidence		-
00725E80	Library::Ourlib::MFSPR::mfSSprGetNumFas	parameter	0	param_1	/undefined4	Stack[0x4]:4	DEFAULT		0	0	no_evidence		-
00725F50	Library::Ourlib::MFSPR::mfMSprLoad	parameter	0	param_1	/undefined4	Stack[0x4]:4	DEFAULT		0	0	no_evidence		-
00726260	FUN_00726260	return		<RETURN>	/undefined	<UNASSIGNED>	DEFAULT		0	0	no_evidence		-
007262B0	Library::Ourlib::MFSPR::mfMSprGetNumFas	parameter	0	param_1	/undefined4	Stack[0x4]:4	DEFAULT		0	0	no_evidence		-
00726390	Library::Ourlib::MFSPR::mfMSprGetNumPl	parameter	0	param_1	/undefined4	Stack[0x4]:4	DEFAULT		0	0	no_evidence		-
00726470	Library::Ourlib::MFSPR::mfMSprGetWidth	parameter	0	param_1	/undefined4	Stack[0x4]:4	DEFAULT		0	0	no_evidence		-
00726550	Library::Ourlib::MFSPR::mfMSprGetHeigh	parameter	0	param_1	/undefined4	Stack[0x4]:4	DEFAULT		0	0	no_evidence		-
00726870	FUN_00726870	return		<RETURN>	/undefined	<UNASSIGNED>	DEFAULT		0	0	no_evidence		-
007268C0	Library::Ourlib::MFSPR::mfUSprGetNumFas	parameter	0	param_1	/undefined4	Stack[0x4]:4	DEFAULT		0	0	no_evidence		-
007269A0	Library::Ourlib::MFSPR::mfUSprGetSect	parameter	0	param_1	/undefined4	Stack[0x4]:4	DEFAULT		0	0	no_evidence		-
00726A80	Library::Ourlib::MFSPR::mfQSprLoad	parameter	0	param_1	/undefined4	Stack[0x4]:4	DEFAULT		0	0	no_evidence		-
00726BD0	FUN_00726bd0	return		<RETURN>	/undefined	<UNASSIGNED>	DEFAULT		0	0	no_evidence		-
00726C00	Library::Ourlib::MFSPR::mfQSprGetNumFas	parameter	0	param_1	/undefined4	Stack[0x4]:4	DEFAULT		0	0	no_evidence		-
00726D80	FUN_00726d80	return		<RETURN>	/undefined	<UNASSIGNED>	DEFAULT		0	0	no_evidence		-
00727230	FUN_00727230	return		<RETURN>	/undefined	<UNASSIGNED>	DEFAULT		0	0	no_evidence		-
007279B0	FUN_007279b0	return		<RETURN>	/undefined	<UNASSIGNED>	DEFAULT		0	0	no_evidence		-
00727C80	FUN_00727c80	return		<RETURN>	/undefined4	EAX:4	DEFAULT		0	0	no_evidence		-
00727DA0	SubmarineTitans::Recovered::HiddenThis::AnonReceiver_00727C80::FUN_00727da0	return		<RETURN>	/undefined	<UNASSIGNED>	DEFAULT		0	0	no_evidence		-
00728170	FUN_00728170	return		<RETURN>	/undefined	<UNASSIGNED>	DEFAULT		0	0	no_evidence		-
007282B0	SubmarineTitans::Recovered::HiddenThis::AnonReceiver_00727C80::FUN_007282b0	return		<RETURN>	/undefined	<UNASSIGNED>	DEFAULT		0	0	no_evidence		-
007285D0	FUN_007285d0	return		<RETURN>	/undefined	<UNASSIGNED>	DEFAULT		0	0	no_evidence		-
00728640	FUN_00728640	return		<RETURN>	/undefined	<UNASSIGNED>	DEFAULT		0	0	no_evidence		-
007287E0	FUN_007287e0	return		<RETURN>	/undefined4	EAX:4	DEFAULT		0	0	no_evidence		-
007288A0	FUN_007288a0	return		<RETURN>	/undefined	<UNASSIGNED>	DEFAULT		0	0	no_evidence		-
00728A80	SubmarineTitans::Recovered::HiddenThis::AnonReceiver_00728640::FUN_00728a80	return		<RETURN>	/undefined	<UNASSIGNED>	DEFAULT		0	0	no_evidence		-
00728DA0	FUN_00728da0	return		<RETURN>	/undefined4	EAX:4	DEFAULT		0	0	no_evidence		-
007292FF	thunk_FUN_007295bf	return		<RETURN>	/undefined	<UNASSIGNED>	DEFAULT		0	0	no_evidence		-
00729389	thunk_FUN_007295bf	return		<RETURN>	/undefined	<UNASSIGNED>	DEFAULT		0	0	no_evidence		-
007295BF	FUN_007295bf	return		<RETURN>	/undefined	<UNASSIGNED>	DEFAULT		0	0	no_evidence		-
007297E0	FUN_007297e0	return		<RETURN>	/undefined4	EAX:4	DEFAULT		0	0	no_evidence		-
0072A8A0	FUN_0072a8a0	return		<RETURN>	/undefined	<UNASSIGNED>	DEFAULT		0	0	no_evidence		-
0072A9D0	FUN_0072a9d0	return		<RETURN>	/undefined	<UNASSIGNED>	DEFAULT		0	0	no_evidence		-
0072AE80	FUN_0072ae80	return		<RETURN>	/undefined	<UNASSIGNED>	DEFAULT		0	0	no_evidence		-
0072AFC0	FUN_0072afc0	return		<RETURN>	/undefined	<UNASSIGNED>	DEFAULT		0	0	no_evidence		-
0072B070	FUN_0072b070	parameter	0	param_1	/undefined4	Stack[0x4]:4	DEFAULT		0	0	no_evidence		-
0072B070	FUN_0072b070	parameter	1	param_2	/undefined4	Stack[0x8]:4	DEFAULT		0	0	no_evidence		-
0072B070	FUN_0072b070	return		<RETURN>	/undefined	<UNASSIGNED>	DEFAULT		0	0	no_evidence		-
0072B090	FUN_0072b090	parameter	0	param_1	/undefined4	Stack[0x4]:4	DEFAULT		0	0	no_evidence		-
0072B090	FUN_0072b090	parameter	1	param_2	/undefined4	Stack[0x8]:4	DEFAULT		0	0	no_evidence		-
0072B090	FUN_0072b090	return		<RETURN>	/undefined	<UNASSIGNED>	DEFAULT		0	0	no_evidence		-
0072B0B0	FUN_0072b0b0	return		<RETURN>	/undefined	<UNASSIGNED>	DEFAULT		0	0	no_evidence		-
0072C624	D3DRM.DLL::D3DRMVectorModulus	return		<RETURN>	/undefined	<UNASSIGNED>	DEFAULT		0	0	no_evidence		-
0072C62A	DDRAW.DLL::DirectDrawCreate	return		<RETURN>	/undefined	<UNASSIGNED>	DEFAULT		0	0	no_evidence		-
0072D6A0	DINPUT.DLL::DirectInputCreateA	return		<RETURN>	/undefined	<UNASSIGNED>	DEFAULT		0	0	no_evidence		-
0072D6A6	DSOUND.DLL::Ordinal_2	return		<RETURN>	/undefined	<UNASSIGNED>	DEFAULT		0	0	no_evidence		-
0072D6AC	DSOUND.DLL::Ordinal_1	return		<RETURN>	/undefined	<UNASSIGNED>	DEFAULT		0	0	no_evidence		-
0072D6B2	DPLAYX.DLL::Ordinal_2	return		<RETURN>	/undefined	<UNASSIGNED>	DEFAULT		0	0	no_evidence		-
0072D6B8	DPLAYX.DLL::Ordinal_1	return		<RETURN>	/undefined	<UNASSIGNED>	DEFAULT		0	0	no_evidence		-
0072D6BE	DPLAYX.DLL::Ordinal_4	return		<RETURN>	/undefined	<UNASSIGNED>	DEFAULT		0	0	no_evidence		-
0072D86C	Library::MSVCRT::__global_unwind2	return		<RETURN>	/undefined	<UNASSIGNED>	DEFAULT		0	0	no_evidence		-
0072D8AE	Library::MSVCRT::__local_unwind2	return		<RETURN>	/undefined	<UNASSIGNED>	DEFAULT		0	0	no_evidence		-
0072D942	Library::MSVCRT::FUN_0072d942	return		<RETURN>	/undefined	<UNASSIGNED>	DEFAULT		0	0	no_evidence		-
0072DA21	Library::MSVCRT::FUN_0072da21	return		<RETURN>	/undefined	<UNASSIGNED>	DEFAULT		0	0	no_evidence		-
0072DA40	Library::MSVCRT::FUN_0072da40	return		<RETURN>	/undefined	<UNASSIGNED>	DEFAULT		0	0	no_evidence		-
0072DDB0	Library::MSVCRT::FUN_0072ddb0	return		<RETURN>	/undefined	<UNASSIGNED>	DEFAULT		0	0	no_evidence		-
0072DDE0	Library::MSVCRT::FUN_0072dde0	return		<RETURN>	/undefined	<UNASSIGNED>	DEFAULT		0	0	no_evidence		-
0072DDF0	Library::MSVCRT::FUN_0072ddf0	return		<RETURN>	/undefined	<UNASSIGNED>	DEFAULT		0	0	no_evidence		-
0072DE40	Library::MSVCRT::FUN_0072de40	parameter	0	param_1	/undefined4	Stack[0x4]:4	DEFAULT		0	0	no_evidence		-
0072DE40	Library::MSVCRT::FUN_0072de40	return		<RETURN>	/undefined4	EAX:4	DEFAULT		0	0	no_evidence		-
0072DEB0	Library::MSVCRT::xtoa	return		<RETURN>	/undefined	<UNASSIGNED>	DEFAULT		0	0	no_evidence		-
0072E030	Library::MSVCRT::x64toa	parameter	0	param_1	/undefined8	Stack[0x4]:8	DEFAULT		0	0	no_evidence		-
0072E030	Library::MSVCRT::x64toa	return		<RETURN>	/undefined	<UNASSIGNED>	DEFAULT		0	0	no_evidence		-
0072E2B0	Library::MSVCRT::FUN_0072e2b0	return		<RETURN>	/undefined	<UNASSIGNED>	DEFAULT		0	0	no_evidence		-
0072E440	Library::MSVCRT::__alldiv	return		<RETURN>	/undefined8	EDX:4,EAX:4	DEFAULT		0	0	no_evidence		-
0072E530	Library::MSVCRT::FUN_0072e530	return		<RETURN>	/undefined	<UNASSIGNED>	DEFAULT		0	0	no_evidence		-
0072E6B0	Library::MSVCRT::FUN_0072e6b0	return		<RETURN>	/undefined	<UNASSIGNED>	DEFAULT		0	0	no_evidence		-
0072E730	Library::MSVCRT::FUN_0072e730	return		<RETURN>	/undefined	<UNASSIGNED>	DEFAULT		0	0	no_evidence		-
0072E980	Library::MSVCRT::FUN_0072e980	parameter	2	param_3	/undefined4	Stack[0xc]:4	DEFAULT		0	0	no_evidence		-
0072EA70	Library::MSVCRT::FUN_0072ea70	return		<RETURN>	/undefined	<UNASSIGNED>	DEFAULT		0	0	no_evidence		-
0072EA90	Library::MSVCRT::FUN_0072ea90	return		<RETURN>	/undefined4	EAX:4	DEFAULT		0	0	no_evidence		-
0072ED00	Library::MSVCRT::FUN_0072ed00	return		<RETURN>	/undefined	<UNASSIGNED>	DEFAULT		0	0	no_evidence		-
0072EF40	Library::MSVCRT::FUN_0072ef40	return		<RETURN>	/undefined	<UNASSIGNED>	DEFAULT		0	0	no_evidence		-
0072EF80	Library::MSVCRT::FUN_0072ef80	return		<RETURN>	/undefined	<UNASSIGNED>	DEFAULT		0	0	no_evidence		-
0072EFC0	Library::MSVCRT::FUN_0072efc0	return		<RETURN>	/undefined	<UNASSIGNED>	DEFAULT		0	0	no_evidence		-
0072EFE0	Library::MSVCRT::FUN_0072efe0	return		<RETURN>	/undefined	<UNASSIGNED>	DEFAULT		0	0	no_evidence		-
0072F000	Library::MSVCRT::FUN_0072f000	return		<RETURN>	/undefined	<UNASSIGNED>	DEFAULT		0	0	no_evidence		-
0072F0E0	Library::MSVCRT::__initterm	return		<RETURN>	/undefined	<UNASSIGNED>	DEFAULT		0	0	no_evidence		-
0072F5D0	Library::MSVCRT::FUN_0072f5d0	return		<RETURN>	/undefined4	EAX:4	DEFAULT		0	0	no_evidence		-
0072FA00	Library::MSVCRT::FUN_0072fa00	return		<RETURN>	/undefined4	EAX:4	DEFAULT		0	0	no_evidence		-
0072FA10	Library::MSVCRT::__strcats	return		<RETURN>	/undefined	<UNASSIGNED>	DEFAULT		0	0	no_evidence		-
0072FA60	Library::MSVCRT::FUN_0072fa60	return		<RETURN>	/undefined4	EAX:4	DEFAULT		0	0	no_evidence		-
0072FBC0	Library::MSVCRT::___lc_lctostr	return		<RETURN>	/undefined	<UNASSIGNED>	DEFAULT		0	0	no_evidence		-
0072FF00	Library::MSVCRT::FUN_0072ff00	return		<RETURN>	/undefined	<UNASSIGNED>	DEFAULT		0	0	no_evidence		-
0072FF20	Library::MSVCRT::FUN_0072ff20	return		<RETURN>	/undefined8	EDX:4,EAX:4	DEFAULT		0	0	no_evidence		-
007301E0	Library::MSVCRT::FUN_007301e0	parameter	0	param_1	/undefined4	Stack[0x4]:4	DEFAULT		0	0	no_evidence		-
007301E0	Library::MSVCRT::FUN_007301e0	parameter	1	param_2	/undefined4	Stack[0x8]:4	DEFAULT		0	0	no_evidence		-
00730810	Library::MSVCRT::FUN_00730810	return		<RETURN>	/undefined	<UNASSIGNED>	DEFAULT		0	0	no_evidence		-
00730A50	Library::MSVCRT::shortsort	return		<RETURN>	/undefined	<UNASSIGNED>	DEFAULT		0	0	no_evidence		-
00730AC0	Library::MSVCRT::swap	return		<RETURN>	/undefined	<UNASSIGNED>	DEFAULT		0	0	no_evidence		-
00730C40	Library::MSVCRT::FUN_00730c40	return		<RETURN>	/undefined4	EAX:4	DEFAULT		0	0	no_evidence		-
00730D40	Library::MSVCRT::FUN_00730d40	parameter	0	param_1	/undefined4	Stack[0x4]:4	DEFAULT		0	0	no_evidence		-
00730D40	Library::MSVCRT::FUN_00730d40	return		<RETURN>	/undefined4	EAX:4	DEFAULT		0	0	no_evidence		-
00730D60	Library::MSVCRT::FUN_00730d60	return		<RETURN>	/undefined4	EAX:4	DEFAULT		0	0	no_evidence		-
00730DA0	Library::MSVCRT::FUN_00730da0	return		<RETURN>	/undefined	<UNASSIGNED>	DEFAULT		0	0	no_evidence		-
00730E80	Library::MSVCRT::FUN_00730e80	return		<RETURN>	/undefined4	EAX:4	DEFAULT		0	0	no_evidence		-
00730E90	Library::MSVCRT::FUN_00730e90	return		<RETURN>	/undefined	<UNASSIGNED>	DEFAULT		0	0	no_evidence		-
00730EA0	Library::MSVCRT::FUN_00730ea0	return		<RETURN>	/undefined4	EAX:4	DEFAULT		0	0	no_evidence		-
00730F00	Library::MSVCRT::__CrtSetReportFile	return		<RETURN>	/undefined4	EAX:4	DEFAULT		0	0	no_evidence		-
00730F80	Library::MSVCRT::FUN_00730f80	parameter	0	param_1	/undefined4	Stack[0x4]:4	DEFAULT		0	0	no_evidence		-
00730F80	Library::MSVCRT::FUN_00730f80	return		<RETURN>	/undefined4	EAX:4	DEFAULT		0	0	no_evidence		-
00730FA0	Library::MSVCRT::FUN_00730fa0	parameter	3	param_4	/undefined4	Stack[0x10]:4	DEFAULT		0	0	no_evidence		-
00730FA0	Library::MSVCRT::FUN_00730fa0	return		<RETURN>	/undefined4	EAX:4	DEFAULT		0	0	no_evidence		-
007318A0	Library::MSVCRT::FUN_007318a0	return		<RETURN>	/undefined	<UNASSIGNED>	DEFAULT		0	0	no_evidence		-
007318F0	Library::MSVCRT::FUN_007318f0	return		<RETURN>	/undefined4	EAX:4	DEFAULT		0	0	no_evidence		-
00731950	Library::MSVCRT::FUN_00731950	return		<RETURN>	/undefined	<UNASSIGNED>	DEFAULT		0	0	no_evidence		-
00731960	Library::MSVCRT::FUN_00731960	return		<RETURN>	/undefined4	EAX:4	DEFAULT		0	0	no_evidence		-
007319B0	Library::MSVCRT::FUN_007319b0	return		<RETURN>	/undefined	<UNASSIGNED>	DEFAULT		0	0	no_evidence		-
00731A50	Library::MSVCRT::FUN_00731a50	return		<RETURN>	/undefined4	EAX:4	DEFAULT		0	0	no_evidence		-
00731B40	Library::MSVCRT::FUN_00731b40	return		<RETURN>	/undefined4	EAX:4	DEFAULT		0	0	no_evidence		-
00731BA0	Library::MSVCRT::FUN_00731ba0	return		<RETURN>	/undefined	<UNASSIGNED>	DEFAULT		0	0	no_evidence		-
007329B0	Library::MSVCRT::FUN_007329b0	return		<RETURN>	/undefined4	EAX:4	DEFAULT		0	0	no_evidence		-
00732FA0	Library::MSVCRT::FUN_00732fa0	return		<RETURN>	/undefined	<UNASSIGNED>	DEFAULT		0	0	no_evidence		-
007330D0	Library::MSVCRT::FUN_007330d0	return		<RETURN>	/undefined4	EAX:4	DEFAULT		0	0	no_evidence		-
007336F0	Library::MSVCRT::entry	return		<RETURN>	/undefined	<UNASSIGNED>	DEFAULT		0	0	no_evidence		-
00733880	Library::MSVCRT::FUN_00733880	return		<RETURN>	/undefined	<UNASSIGNED>	DEFAULT		0	0	no_evidence		-
00733AD0	Library::MSVCRT::ctrlevent_capture	return		<RETURN>	/undefined4	EAX:4	DEFAULT		0	0	no_evidence		-
00733B40	Library::MSVCRT::FUN_00733b40	return		<RETURN>	/undefined4	EAX:4	DEFAULT		0	0	no_evidence		-
00733DC0	Library::MSVCRT::FUN_00733dc0	return		<RETURN>	/undefined4	EAX:4	DEFAULT		0	0	no_evidence		-
00733E80	Library::MSVCRT::FUN_00733e80	return		<RETURN>	/undefined	<UNASSIGNED>	DEFAULT		0	0	no_evidence		-
007341F0	Library::MSVCRT::FUN_007341f0	return		<RETURN>	/undefined	<UNASSIGNED>	DEFAULT		0	0	no_evidence		-
00734210	Library::MSVCRT::FUN_00734210	return		<RETURN>	/undefined	<UNASSIGNED>	DEFAULT		0	0	no_evidence		-
00734220	Library::MSVCRT::FUN_00734220	return		<RETURN>	/undefined	<UNASSIGNED>	DEFAULT		0	0	no_evidence		-
00734570	Library::MSVCRT::FUN_00734570	return		<RETURN>	/undefined	<UNASSIGNED>	DEFAULT		0	0	no_evidence		-
0073459A	Library::MSVCRT::FUN_0073459a	parameter	0	param_1	/undefined4	ECX:4	DEFAULT		0	0	no_evidence		-
0073459A	Library::MSVCRT::FUN_0073459a	return		<RETURN>	/undefined	<UNASSIGNED>	DEFAULT		0	0	no_evidence		-
00734930	Library::MSVCRT::FUN_00734930	return		<RETURN>	/undefined4	EAX:4	DEFAULT		0	0	no_evidence		-
00734990	Library::MSVCRT::FUN_00734990	return		<RETURN>	/undefined4	EAX:4	DEFAULT		0	0	no_evidence		-
007349F0	Library::MSVCRT::__setdefaultprecision	return		<RETURN>	/undefined	<UNASSIGNED>	DEFAULT		0	0	no_evidence		-
00734A10	Library::MSVCRT::FUN_00734a10	return		<RETURN>	/undefined4	EAX:4	DEFAULT		0	0	no_evidence		-
00734A70	Library::MSVCRT::__ms_p5_mp_test_fdiv	return		<RETURN>	/undefined	<UNASSIGNED>	DEFAULT		0	0	no_evidence		-
00734AC0	Library::MSVCRT::FUN_00734ac0	return		<RETURN>	/undefined	<UNASSIGNED>	DEFAULT		0	0	no_evidence		-
00734CD0	Library::MSVCRT::FUN_00734cd0	parameter	0	param_1	/undefined4	Stack[0x4]:4	DEFAULT		0	0	no_evidence		-
00734E90	Library::MSVCRT::FUN_00734e90	parameter	0	param_1	/undefined4	Stack[0x4]:4	DEFAULT		0	0	no_evidence		-
00735020	Library::MSVCRT::FUN_00735020	parameter	0	param_1	/undefined4	Stack[0x4]:4	DEFAULT		0	0	no_evidence		-
00735020	Library::MSVCRT::FUN_00735020	return		<RETURN>	/undefined	<UNASSIGNED>	DEFAULT		0	0	no_evidence		-
00735120	Library::MSVCRT::__cftoe_g	parameter	0	param_1	/undefined4	Stack[0x4]:4	DEFAULT		0	0	no_evidence		-
00735160	Library::MSVCRT::__cftof_g	parameter	0	param_1	/undefined4	Stack[0x4]:4	DEFAULT		0	0	no_evidence		-
007351F0	Library::MSVCRT::__shift	return		<RETURN>	/undefined	<UNASSIGNED>	DEFAULT		0	0	no_evidence		-
00735220	Library::MSVCRT::__aulldiv	return		<RETURN>	/undefined8	EDX:4,EAX:4	DEFAULT		0	0	no_evidence		-
00735290	Library::MSVCRT::__aullrem	return		<RETURN>	/undefined8	EDX:4,EAX:4	DEFAULT		0	0	no_evidence		-
00735330	Library::MSVCRT::FUN_00735330	parameter	1	param_2	/undefined4	Stack[0x8]:4	DEFAULT		0	0	no_evidence		-
00735330	Library::MSVCRT::FUN_00735330	parameter	2	param_3	/undefined4	Stack[0xc]:4	DEFAULT		0	0	no_evidence		-
00735390	Library::MSVCRT::FUN_00735390	parameter	1	param_2	/undefined4	Stack[0x8]:4	DEFAULT		0	0	no_evidence		-
00735390	Library::MSVCRT::FUN_00735390	parameter	2	param_3	/undefined4	Stack[0xc]:4	DEFAULT		0	0	no_evidence		-
00735390	Library::MSVCRT::FUN_00735390	parameter	3	param_4	/undefined4	Stack[0x10]:4	DEFAULT		0	0	no_evidence		-
00735390	Library::MSVCRT::FUN_00735390	parameter	4	param_5	/undefined4	Stack[0x14]:4	DEFAULT		0	0	no_evidence		-
00735400	Library::MSVCRT::FUN_00735400	parameter	3	param_4	/undefined4	Stack[0x10]:4	DEFAULT		0	0	no_evidence		-
00735400	Library::MSVCRT::FUN_00735400	parameter	5	param_6	/undefined4	Stack[0x18]:4	DEFAULT		0	0	no_evidence		-
007354C0	Library::MSVCRT::FUN_007354c0	parameter	3	param_4	/undefined4	Stack[0x10]:4	DEFAULT		0	0	no_evidence		-
007354C0	Library::MSVCRT::FUN_007354c0	parameter	4	param_5	/undefined4	Stack[0x14]:4	DEFAULT		0	0	no_evidence		-
007354C0	Library::MSVCRT::FUN_007354c0	parameter	5	param_6	/undefined4	Stack[0x18]:4	DEFAULT		0	0	no_evidence		-
007354C0	Library::MSVCRT::FUN_007354c0	parameter	7	param_8	/undefined4	Stack[0x20]:4	DEFAULT		0	0	no_evidence		-
00735590	Library::MSVCRT::FUN_00735590	return		<RETURN>	/undefined	<UNASSIGNED>	DEFAULT		0	0	no_evidence		-
00735DE0	Library::MSVCRT::__umatherr	parameter	2	param_3	/undefined4	Stack[0xc]:4	DEFAULT		0	0	no_evidence		-
00735DE0	Library::MSVCRT::__umatherr	parameter	3	param_4	/undefined4	Stack[0x10]:4	DEFAULT		0	0	no_evidence		-
00735DE0	Library::MSVCRT::__umatherr	parameter	4	param_5	/undefined4	Stack[0x14]:4	DEFAULT		0	0	no_evidence		-
00735DE0	Library::MSVCRT::__umatherr	parameter	5	param_6	/undefined4	Stack[0x18]:4	DEFAULT		0	0	no_evidence		-
00735DE0	Library::MSVCRT::__umatherr	parameter	6	param_7	/undefined4	Stack[0x1c]:4	DEFAULT		0	0	no_evidence		-
00735DE0	Library::MSVCRT::__umatherr	parameter	7	param_8	/undefined4	Stack[0x20]:4	DEFAULT		0	0	no_evidence		-
00735F00	Library::MSVCRT::FUN_00735f00	return		<RETURN>	/undefined4	EAX:4	DEFAULT		0	0	no_evidence		-
00735F80	Library::MSVCRT::FUN_00735f80	parameter	0	param_1	/undefined4	Stack[0x4]:4	DEFAULT		0	0	no_evidence		-
00735F80	Library::MSVCRT::FUN_00735f80	parameter	1	param_2	/undefined4	Stack[0x8]:4	DEFAULT		0	0	no_evidence		-
00735FC0	Library::MSVCRT::FUN_00735fc0	parameter	0	param_1	/undefined4	Stack[0x4]:4	DEFAULT		0	0	no_evidence		-
00735FC0	Library::MSVCRT::FUN_00735fc0	parameter	1	param_2	/undefined8	Stack[0x8]:8	DEFAULT		0	0	no_evidence		-
00735FF0	Library::MSVCRT::FUN_00735ff0	parameter	0	param_1	/undefined4	Stack[0x4]:4	DEFAULT		0	0	no_evidence		-
00735FF0	Library::MSVCRT::FUN_00735ff0	return		<RETURN>	/undefined	<UNASSIGNED>	DEFAULT		0	0	no_evidence		-
00736030	Library::MSVCRT::FUN_00736030	parameter	0	param_1	/undefined4	Stack[0x4]:4	DEFAULT		0	0	no_evidence		-
00736030	Library::MSVCRT::FUN_00736030	parameter	1	param_2	/undefined4	Stack[0x8]:4	DEFAULT		0	0	no_evidence		-
00736070	Library::MSVCRT::FUN_00736070	return		<RETURN>	/undefined4	EAX:4	DEFAULT		0	0	no_evidence		-
007362B0	Library::MSVCRT::FUN_007362b0	return		<RETURN>	/undefined	<UNASSIGNED>	DEFAULT		0	0	no_evidence		-
00736330	Library::MSVCRT::FUN_00736330	return		<RETURN>	/undefined4	EAX:4	DEFAULT		0	0	no_evidence		-
00736690	Library::MSVCRT::FUN_00736690	parameter	0	param_1	/undefined4	Stack[0x4]:4	DEFAULT		0	0	no_evidence		-
00736690	Library::MSVCRT::FUN_00736690	return		<RETURN>	/undefined4	EAX:4	DEFAULT		0	0	no_evidence		-
00736710	Library::MSVCRT::setSBCS	return		<RETURN>	/undefined	<UNASSIGNED>	DEFAULT		0	0	no_evidence		-
00736790	Library::MSVCRT::FUN_00736790	return		<RETURN>	/undefined	<UNASSIGNED>	DEFAULT		0	0	no_evidence		-
00736AA0	Library::MSVCRT::FUN_00736aa0	return		<RETURN>	/undefined4	EAX:4	DEFAULT		0	0	no_evidence		-
00736AC0	Library::MSVCRT::FUN_00736ac0	return		<RETURN>	/undefined	<UNASSIGNED>	DEFAULT		0	0	no_evidence		-
00736C90	Library::MSVCRT::FUN_00736c90	parameter	2	param_3	/undefined4	Stack[0xc]:4	DEFAULT		0	0	no_evidence		-
00737110	Library::MSVCRT::FUN_00737110	return		<RETURN>	/undefined4	EAX:4	DEFAULT		0	0	no_evidence		-
00737200	Library::MSVCRT::FUN_00737200	return		<RETURN>	/undefined	<UNASSIGNED>	DEFAULT		0	0	no_evidence		-
007372A0	Library::MSVCRT::FUN_007372a0	return		<RETURN>	/undefined4	EAX:4	DEFAULT		0	0	no_evidence		-
00737400	Library::MSVCRT::FUN_00737400	return		<RETURN>	/undefined	<UNASSIGNED>	DEFAULT		0	0	no_evidence		-
00738B80	Library::MSVCRT::FUN_00738b80	return		<RETURN>	/undefined	<UNASSIGNED>	DEFAULT		0	0	no_evidence		-
007392E0	Library::MSVCRT::___free_lc_time	return		<RETURN>	/undefined	<UNASSIGNED>	DEFAULT		0	0	no_evidence		-
007395F0	Library::MSVCRT::FUN_007395f0	return		<RETURN>	/undefined4	EAX:4	DEFAULT		0	0	no_evidence		-
007398A0	Library::MSVCRT::fix_grouping	return		<RETURN>	/undefined	<UNASSIGNED>	DEFAULT		0	0	no_evidence		-
00739920	Library::MSVCRT::FUN_00739920	return		<RETURN>	/undefined4	EAX:4	DEFAULT		0	0	no_evidence		-
00739C60	Library::MSVCRT::fix_grouping	return		<RETURN>	/undefined	<UNASSIGNED>	DEFAULT		0	0	no_evidence		-
00739CE0	Library::MSVCRT::FUN_00739ce0	return		<RETURN>	/undefined	<UNASSIGNED>	DEFAULT		0	0	no_evidence		-
00739D80	Library::MSVCRT::FUN_00739d80	return		<RETURN>	/undefined4	EAX:4	DEFAULT		0	0	no_evidence		-
0073A120	Library::MSVCRT::FUN_0073a120	return		<RETURN>	/undefined4	EAX:4	DEFAULT		0	0	no_evidence		-
0073A670	Library::MSVCRT::FUN_0073a670	return		<RETURN>	/undefined4	EAX:4	DEFAULT		0	0	no_evidence		-
0073A870	Library::MSVCRT::FUN_0073a870	return		<RETURN>	/undefined	<UNASSIGNED>	DEFAULT		0	0	no_evidence		-
0073A900	Library::MSVCRT::FUN_0073a900	return		<RETURN>	/undefined	<UNASSIGNED>	DEFAULT		0	0	no_evidence		-
0073ACF0	Library::MSVCRT::FUN_0073acf0	return		<RETURN>	/undefined	<UNASSIGNED>	DEFAULT		0	0	no_evidence		-
0073AE90	Library::MSVCRT::FUN_0073ae90	return		<RETURN>	/undefined	<UNASSIGNED>	DEFAULT		0	0	no_evidence		-
0073AF90	Library::MSVCRT::FUN_0073af90	return		<RETURN>	/undefined	<UNASSIGNED>	DEFAULT		0	0	no_evidence		-
0073B060	Library::MSVCRT::FUN_0073b060	return		<RETURN>	/undefined4	EAX:4	DEFAULT		0	0	no_evidence		-
0073B0B0	Library::MSVCRT::FUN_0073b0b0	return		<RETURN>	/undefined4	EAX:4	DEFAULT		0	0	no_evidence		-
0073B140	Library::MSVCRT::FUN_0073b140	return		<RETURN>	/undefined4	EAX:4	DEFAULT		0	0	no_evidence		-
0073C420	Library::MSVCRT::FUN_0073c420	return		<RETURN>	/undefined	<UNASSIGNED>	DEFAULT		0	0	no_evidence		-
0073C4A0	Library::MSVCRT::FUN_0073c4a0	return		<RETURN>	/undefined	<UNASSIGNED>	DEFAULT		0	0	no_evidence		-
0073C4E0	Library::MSVCRT::FUN_0073c4e0	return		<RETURN>	/undefined	<UNASSIGNED>	DEFAULT		0	0	no_evidence		-
0073C530	Library::MSVCRT::FUN_0073c530	return		<RETURN>	/undefined4	EAX:4	DEFAULT		0	0	no_evidence		-
0073C550	Library::MSVCRT::FUN_0073c550	return		<RETURN>	/undefined8	EDX:4,EAX:4	DEFAULT		0	0	no_evidence		-
0073C570	Library::MSVCRT::FUN_0073c570	return		<RETURN>	/undefined2	AX:2	DEFAULT		0	0	no_evidence		-
0073C610	Library::MSVCRT::FUN_0073c610	return		<RETURN>	/undefined	<UNASSIGNED>	DEFAULT		0	0	no_evidence		-
0073D050	Library::MSVCRT::FUN_0073d050	parameter	0	param_1	/undefined4	Stack[0x4]:4	DEFAULT		0	0	no_evidence		-
0073D050	Library::MSVCRT::FUN_0073d050	parameter	1	param_2	/undefined4	Stack[0x8]:4	DEFAULT		0	0	no_evidence		-
0073D050	Library::MSVCRT::FUN_0073d050	parameter	2	param_3	/undefined4	Stack[0xc]:4	DEFAULT		0	0	no_evidence		-
0073D3E0	Library::MSVCRT::FUN_0073d3e0	return		<RETURN>	/undefined	<UNASSIGNED>	DEFAULT		0	0	no_evidence		-
0073D530	Library::MSVCRT::FUN_0073d530	return		<RETURN>	/undefined	<UNASSIGNED>	DEFAULT		0	0	no_evidence		-
0073D610	Library::MSVCRT::FUN_0073d610	return		<RETURN>	/undefined	<UNASSIGNED>	DEFAULT		0	0	no_evidence		-
0073DC60	Library::MSVCRT::FUN_0073dc60	return		<RETURN>	/undefined	<UNASSIGNED>	DEFAULT		0	0	no_evidence		-
0073E020	Library::MSVCRT::FUN_0073e020	return		<RETURN>	/undefined	<UNASSIGNED>	DEFAULT		0	0	no_evidence		-
0073E230	Library::MSVCRT::__rt_probe_read4@4	return		<RETURN>	/undefined4	EAX:4	DEFAULT		0	0	no_evidence		-
0073E2C0	Library::MSVCRT::FUN_0073e2c0	return		<RETURN>	/undefined4	EAX:4	DEFAULT		0	0	no_evidence		-
0073E620	Library::MSVCRT::FUN_0073e620	return		<RETURN>	/undefined	<UNASSIGNED>	DEFAULT		0	0	no_evidence		-
0073E750	Library::MSVCRT::FUN_0073e750	return		<RETURN>	/undefined	<UNASSIGNED>	DEFAULT		0	0	no_evidence		-
0073E770	Library::MSVCRT::__cintrindisp2	parameter	0	param_1	/undefined4	ECX:4	DEFAULT		0	0	no_evidence		-
0073E770	Library::MSVCRT::__cintrindisp2	return		<RETURN>	/undefined	<UNASSIGNED>	DEFAULT		0	0	no_evidence		-
0073E7AE	Library::MSVCRT::__cintrindisp1	parameter	0	param_1	/undefined4	ECX:4	DEFAULT		0	0	no_evidence		-
0073E7AE	Library::MSVCRT::__cintrindisp1	return		<RETURN>	/undefined	<UNASSIGNED>	DEFAULT		0	0	no_evidence		-
0073E7E4	Library::MSVCRT::__ctrandisp2	return		<RETURN>	/undefined	<UNASSIGNED>	DEFAULT		0	0	no_evidence		-
0073E81E	Library::MSVCRT::FUN_0073e81e	return		<RETURN>	/undefined	<UNASSIGNED>	DEFAULT		0	0	no_evidence		-
0073E825	Library::MSVCRT::FUN_0073e825	return		<RETURN>	/undefined	<UNASSIGNED>	DEFAULT		0	0	no_evidence		-
0073E955	Library::MSVCRT::__ctrandisp1	return		<RETURN>	/undefined	<UNASSIGNED>	DEFAULT		0	0	no_evidence		-
0073E9C0	Library::MSVCRT::__trandisp1	parameter	0	param_1	/undefined4	ECX:4	DEFAULT		0	0	no_evidence		-
0073E9C0	Library::MSVCRT::__trandisp1	return		<RETURN>	/undefined	<UNASSIGNED>	DEFAULT		0	0	no_evidence		-
0073EA27	Library::MSVCRT::__trandisp2	parameter	0	param_1	/undefined4	ECX:4	DEFAULT		0	0	no_evidence		-
0073EA27	Library::MSVCRT::__trandisp2	return		<RETURN>	/undefined	<UNASSIGNED>	DEFAULT		0	0	no_evidence		-
0073F396	Library::MSVCRT::FUN_0073f396	parameter	0	param_1	/undefined4	Stack[0x4]:4	DEFAULT		0	0	no_evidence		-
0073F396	Library::MSVCRT::FUN_0073f396	return		<RETURN>	/undefined4	EAX:4	DEFAULT		0	0	no_evidence		-
0073F920	Library::MSVCRT::FUN_0073f920	return		<RETURN>	/undefined	<UNASSIGNED>	DEFAULT		0	0	no_evidence		-
0073F940	Library::MSVCRT::FUN_0073f940	return		<RETURN>	/undefined	<UNASSIGNED>	DEFAULT		0	0	no_evidence		-
0073F9D0	Library::MSVCRT::FUN_0073f9d0	return		<RETURN>	/undefined	<UNASSIGNED>	DEFAULT		0	0	no_evidence		-
0073FBB0	Library::MSVCRT::FUN_0073fbb0	return		<RETURN>	/undefined4	EAX:4	DEFAULT		0	0	no_evidence		-
0073FDC0	Library::MSVCRT::FUN_0073fdc0	return		<RETURN>	/undefined4	EAX:4	DEFAULT		0	0	no_evidence		-
0073FFE0	Library::MSVCRT::__CopyMan	return		<RETURN>	/undefined	<UNASSIGNED>	DEFAULT		0	0	no_evidence		-
00740030	Library::MSVCRT::__FillZeroMan	return		<RETURN>	/undefined	<UNASSIGNED>	DEFAULT		0	0	no_evidence		-
00740060	Library::MSVCRT::__IsZeroMan	return		<RETURN>	/undefined4	EAX:4	DEFAULT		0	0	no_evidence		-
007400A0	Library::MSVCRT::__ShrMan	return		<RETURN>	/undefined	<UNASSIGNED>	DEFAULT		0	0	no_evidence		-
00740190	Library::MSVCRT::FUN_00740190	return		<RETURN>	/undefined4	EAX:4	DEFAULT		0	0	no_evidence		-
007403E0	Library::MSVCRT::FUN_007403e0	return		<RETURN>	/undefined	<UNASSIGNED>	DEFAULT		0	0	no_evidence		-
00740400	Library::MSVCRT::FUN_00740400	return		<RETURN>	/undefined	<UNASSIGNED>	DEFAULT		0	0	no_evidence		-
007404E0	Library::MSVCRT::FUN_007404e0	return		<RETURN>	/undefined	<UNASSIGNED>	DEFAULT		0	0	no_evidence		-
00740520	Library::MSVCRT::FUN_00740520	return		<RETURN>	/undefined	<UNASSIGNED>	DEFAULT		0	0	no_evidence		-
00740560	Library::MSVCRT::FUN_00740560	return		<RETURN>	/undefined	<UNASSIGNED>	DEFAULT		0	0	no_evidence		-
007405A0	Library::MSVCRT::FUN_007405a0	return		<RETURN>	/undefined	<UNASSIGNED>	DEFAULT		0	0	no_evidence		-
00740700	Library::MSVCRT::FUN_00740700	parameter	2	param_3	/undefined4	Stack[0xc]:4	DEFAULT		0	0	no_evidence		-
00740E60	Library::MSVCRT::FUN_00740e60	return		<RETURN>	/undefined4	EAX:4	DEFAULT		0	0	no_evidence		-
00740F30	Library::MSVCRT::FUN_00740f30	return		<RETURN>	/undefined4	EAX:4	DEFAULT		0	0	no_evidence		-
00741940	Library::MSVCRT::FUN_00741940	return		<RETURN>	/undefined	<UNASSIGNED>	DEFAULT		0	0	no_evidence		-
00741AA0	Library::MSVCRT::FUN_00741aa0	parameter	0	param_1	/undefined1	Stack[0x4]:1	DEFAULT		0	0	no_evidence		-
00741AA0	Library::MSVCRT::FUN_00741aa0	return		<RETURN>	/undefined	<UNASSIGNED>	DEFAULT		0	0	no_evidence		-
007420C0	Library::MSVCRT::FID_conflict:_store_str	return		<RETURN>	/undefined	<UNASSIGNED>	DEFAULT		0	0	no_evidence		-
00742110	Library::MSVCRT::FUN_00742110	return		<RETURN>	/undefined	<UNASSIGNED>	DEFAULT		0	0	no_evidence		-
007421C0	Library::MSVCRT::FID_conflict:_store_number	return		<RETURN>	/undefined	<UNASSIGNED>	DEFAULT		0	0	no_evidence		-
00742270	Library::MSVCRT::FUN_00742270	return		<RETURN>	/undefined	<UNASSIGNED>	DEFAULT		0	0	no_evidence		-
00742790	Library::MSVCRT::FUN_00742790	return		<RETURN>	/undefined4	EAX:4	DEFAULT		0	0	no_evidence		-
00742CA0	Library::MSVCRT::FUN_00742ca0	return		<RETURN>	/undefined4	EAX:4	DEFAULT		0	0	no_evidence		-
00742E40	Library::MSVCRT::FUN_00742e40	return		<RETURN>	/undefined	<UNASSIGNED>	DEFAULT		0	0	no_evidence		-
00742FB0	Library::MSVCRT::FUN_00742fb0	return		<RETURN>	/undefined4	EAX:4	DEFAULT		0	0	no_evidence		-
007444B0	Library::MSVCRT::FUN_007444b0	return		<RETURN>	/undefined	<UNASSIGNED>	DEFAULT		0	0	no_evidence		-
007444D0	Library::MSVCRT::FUN_007444d0	return		<RETURN>	/undefined	<UNASSIGNED>	DEFAULT		0	0	no_evidence		-
007444F0	Library::MSVCRT::FUN_007444f0	return		<RETURN>	/undefined	<UNASSIGNED>	DEFAULT		0	0	no_evidence		-
00744510	Library::MSVCRT::FUN_00744510	return		<RETURN>	/undefined	<UNASSIGNED>	DEFAULT		0	0	no_evidence		-
00744530	Library::MSVCRT::FUN_00744530	return		<RETURN>	/undefined	<UNASSIGNED>	DEFAULT		0	0	no_evidence		-
00744550	Library::MSVCRT::FUN_00744550	return		<RETURN>	/undefined	<UNASSIGNED>	DEFAULT		0	0	no_evidence		-
00744570	Library::MSVCRT::FUN_00744570	return		<RETURN>	/undefined	<UNASSIGNED>	DEFAULT		0	0	no_evidence		-
00744590	Library::MSVCRT::FUN_00744590	return		<RETURN>	/undefined	<UNASSIGNED>	DEFAULT		0	0	no_evidence		-
007445B0	Library::MSVCRT::FUN_007445b0	return		<RETURN>	/undefined	<UNASSIGNED>	DEFAULT		0	0	no_evidence		-
007445D0	Library::MSVCRT::FUN_007445d0	return		<RETURN>	/undefined	<UNASSIGNED>	DEFAULT		0	0	no_evidence		-
00744630	Library::MSVCRT::FUN_00744630	return		<RETURN>	/undefined4	EAX:4	DEFAULT		0	0	no_evidence		-
00744750	Library::MSVCRT::FUN_00744750	return		<RETURN>	/undefined	<UNASSIGNED>	DEFAULT		0	0	no_evidence		-
007448D0	Library::MSVCRT::___addl	return		<RETURN>	/undefined4	EAX:4	DEFAULT		0	0	no_evidence		-
00744910	Library::MSVCRT::___add_12	return		<RETURN>	/undefined	<UNASSIGNED>	DEFAULT		0	0	no_evidence		-
007449C0	Library::MSVCRT::___shl_12	return		<RETURN>	/undefined	<UNASSIGNED>	DEFAULT		0	0	no_evidence		-
00744A20	Library::MSVCRT::___shr_12	return		<RETURN>	/undefined	<UNASSIGNED>	DEFAULT		0	0	no_evidence		-
00744A90	Library::MSVCRT::FUN_00744a90	return		<RETURN>	/undefined	<UNASSIGNED>	DEFAULT		0	0	no_evidence		-
00744E40	Library::MSVCRT::FUN_00744e40	return		<RETURN>	/undefined	<UNASSIGNED>	DEFAULT		0	0	no_evidence		-
00744E70	Library::MSVCRT::FUN_00744e70	return		<RETURN>	/undefined	<UNASSIGNED>	DEFAULT		0	0	no_evidence		-
007451F0	Library::MSVCRT::FUN_007451f0	return		<RETURN>	/undefined4	EAX:4	DEFAULT		0	0	no_evidence		-
007454F0	Library::MSVCRT::FUN_007454f0	return		<RETURN>	/undefined	<UNASSIGNED>	DEFAULT		0	0	no_evidence		-
00745A40	Library::MSVCRT::FUN_00745a40	return		<RETURN>	/undefined	<UNASSIGNED>	DEFAULT		0	0	no_evidence		-
00745E80	Library::MSVCRT::FUN_00745e80	return		<RETURN>	/undefined	<UNASSIGNED>	DEFAULT		0	0	no_evidence		-
00746170	Library::MSVCRT::FUN_00746170	return		<RETURN>	/undefined4	EAX:4	DEFAULT		0	0	no_evidence		-
00746670	Library::MSVCRT::FUN_00746670	return		<RETURN>	/undefined4	EAX:4	DEFAULT		0	0	no_evidence		-
00746B90	Library::MSVCRT::FUN_00746b90	return		<RETURN>	/undefined	<UNASSIGNED>	DEFAULT		0	0	no_evidence		-
00746C24	FUN_00746c24	parameter	1	param_1	/undefined4	Stack[0x4]:4	DEFAULT		0	0	no_evidence		-
00746C24	FUN_00746c24	parameter	3	param_3	/undefined4	Stack[0xc]:4	DEFAULT		0	0	no_evidence		-
00746C5E	FUN_00746c5e	return		<RETURN>	/undefined	<UNASSIGNED>	DEFAULT		0	0	no_evidence		-
00746C84	FUN_00746c84	return		<RETURN>	/undefined	<UNASSIGNED>	DEFAULT		0	0	no_evidence		-
00746CDA	FUN_00746cda	return		<RETURN>	/undefined4	EAX:4	DEFAULT		0	0	no_evidence		-
00746E65	FUN_00746e65	return		<RETURN>	/undefined	<UNASSIGNED>	DEFAULT		0	0	no_evidence		-
00746EE3	FUN_00746ee3	parameter	1	param_1	/undefined4	Stack[0x4]:4	DEFAULT		0	0	no_evidence		-
00746EE3	FUN_00746ee3	parameter	3	param_3	/undefined4	Stack[0xc]:4	DEFAULT		0	0	no_evidence		-
00746F2D	FUN_00746f2d	parameter	1	param_1	/undefined4	Stack[0x4]:4	DEFAULT		0	0	no_evidence		-
00746F2D	FUN_00746f2d	parameter	3	param_3	/undefined4	Stack[0xc]:4	DEFAULT		0	0	no_evidence		-
00746F77	FUN_00746f77	return		<RETURN>	/undefined	<UNASSIGNED>	DEFAULT		0	0	no_evidence		-
00746FAB	FUN_00746fab	return		<RETURN>	/undefined4	EAX:4	DEFAULT		0	0	no_evidence		-
00746FCE	FUN_00746fce	return		<RETURN>	/undefined	<UNASSIGNED>	DEFAULT		0	0	no_evidence		-
00746FEB	FUN_00746feb	return		<RETURN>	/undefined	<UNASSIGNED>	DEFAULT		0	0	no_evidence		-
00747029	FUN_00747029	return		<RETURN>	/undefined4	EAX:4	DEFAULT		0	0	no_evidence		-
00747212	FUN_00747212	return		<RETURN>	/undefined	<UNASSIGNED>	DEFAULT		0	0	no_evidence		-
0074728A	FUN_0074728a	return		<RETURN>	/undefined4	EAX:4	DEFAULT		0	0	no_evidence		-
0074731F	FUN_0074731f	return		<RETURN>	/undefined4	EAX:4	DEFAULT		0	0	no_evidence		-
0074736A	FUN_0074736a	return		<RETURN>	/undefined4	EAX:4	DEFAULT		0	0	no_evidence		-
007473FE	FUN_007473fe	return		<RETURN>	/undefined	<UNASSIGNED>	DEFAULT		0	0	no_evidence		-
00747406	FUN_00747406	parameter	1	param_1	/undefined4	Stack[0x4]:4	DEFAULT		0	0	no_evidence		-
00747406	FUN_00747406	parameter	3	param_3	/undefined4	Stack[0xc]:4	DEFAULT		0	0	no_evidence		-
00747406	FUN_00747406	return		<RETURN>	/undefined4	EAX:4	DEFAULT		0	0	no_evidence		-
00747429	FUN_00747429	parameter	1	param_1	/undefined4	Stack[0x4]:4	DEFAULT		0	0	no_evidence		-
00747429	FUN_00747429	parameter	2	param_2	/undefined4	Stack[0x8]:4	DEFAULT		0	0	no_evidence		-
00747429	FUN_00747429	return		<RETURN>	/undefined4	EAX:4	DEFAULT		0	0	no_evidence		-
0074747F	FUN_0074747f	return		<RETURN>	/undefined	<UNASSIGNED>	DEFAULT		0	0	no_evidence		-
0074748E	FUN_0074748e	return		<RETURN>	/undefined4	EAX:4	DEFAULT		0	0	no_evidence		-
00747603	FUN_00747603	return		<RETURN>	/undefined	<UNASSIGNED>	DEFAULT		0	0	no_evidence		-
00747622	FUN_00747622	return		<RETURN>	/undefined4	EAX:4	DEFAULT		0	0	no_evidence		-
0074766E	FUN_0074766e	return		<RETURN>	/undefined	<UNASSIGNED>	DEFAULT	/winnt.h/LONG	1	1	width_mismatch	{/winnt.h/LONG=1}	0074766E returns return of KERNEL32.DLL::InterlockedIncrement @ 0074767C
007476A9	FUN_007476a9	return		<RETURN>	/undefined4	EAX:4	DEFAULT		0	0	no_evidence		-
007477EA	FUN_007477ea	return		<RETURN>	/undefined4	EAX:4	DEFAULT		0	0	no_evidence		-
0074784F	FUN_0074784f	return		<RETURN>	/undefined4	EAX:4	DEFAULT		0	0	no_evidence		-
007478D8	FUN_007478d8	return		<RETURN>	/undefined	<UNASSIGNED>	DEFAULT		0	0	no_evidence		-
007478EB	FUN_007478eb	return		<RETURN>	/undefined4	EAX:4	DEFAULT		0	0	no_evidence		-
00747937	FUN_00747937	return		<RETURN>	/undefined	<UNASSIGNED>	DEFAULT	/winnt.h/LONG	1	1	width_mismatch	{/winnt.h/LONG=1}	00747937 returns return of KERNEL32.DLL::InterlockedIncrement @ 00747945
00747972	FUN_00747972	return		<RETURN>	/undefined4	EAX:4	DEFAULT		0	0	no_evidence		-
00747AF8	FUN_00747af8	return		<RETURN>	/undefined4	EAX:4	DEFAULT		0	0	no_evidence		-
00747B12	FUN_00747b12	parameter	1	param_1	/undefined4	Stack[0x4]:4	DEFAULT		0	0	no_evidence		-
00747B12	FUN_00747b12	parameter	2	param_2	/undefined4	Stack[0x8]:4	DEFAULT		0	0	no_evidence		-
00747B12	FUN_00747b12	parameter	3	param_3	/undefined4	Stack[0xc]:4	DEFAULT		0	0	no_evidence		-
00747B12	FUN_00747b12	parameter	4	param_4	/undefined4	Stack[0x10]:4	DEFAULT		0	0	no_evidence		-
00747B12	FUN_00747b12	parameter	6	param_6	/undefined4	Stack[0x18]:4	DEFAULT		0	0	no_evidence		-
00747BDF	FUN_00747bdf	return		<RETURN>	/undefined	<UNASSIGNED>	DEFAULT		0	0	no_evidence		-
00747C3D	FUN_00747c3d	return		<RETURN>	/undefined	<UNASSIGNED>	DEFAULT		0	0	no_evidence		-
00747C50	FUN_00747c50	return		<RETURN>	/undefined	<UNASSIGNED>	DEFAULT		0	0	no_evidence		-
00747F52	FUN_00747f52	return		<RETURN>	/undefined4	EAX:4	DEFAULT		0	0	no_evidence		-
00747F68	FUN_00747f68	return		<RETURN>	/undefined4	EAX:4	DEFAULT		0	0	no_evidence		-
00747F91	FUN_00747f91	return		<RETURN>	/undefined4	EAX:4	DEFAULT		0	0	no_evidence		-
007480A5	FUN_007480a5	return		<RETURN>	/undefined4	EAX:4	DEFAULT		0	0	no_evidence		-
00748102	FUN_00748102	return		<RETURN>	/undefined	<UNASSIGNED>	DEFAULT		0	0	no_evidence		-
00748130	FUN_00748130	return		<RETURN>	/undefined	<UNASSIGNED>	DEFAULT		0	0	no_evidence		-
00748186	FUN_00748186	return		<RETURN>	/undefined4	EAX:4	DEFAULT		0	0	no_evidence		-
007481E1	FUN_007481e1	return		<RETURN>	/undefined	<UNASSIGNED>	DEFAULT		0	0	no_evidence		-
00748211	FUN_00748211	return		<RETURN>	/undefined	<UNASSIGNED>	DEFAULT		0	0	no_evidence		-
0074827F	FUN_0074827f	return		<RETURN>	/undefined	<UNASSIGNED>	DEFAULT		0	0	no_evidence		-
00748287	FUN_00748287	return		<RETURN>	/undefined	<UNASSIGNED>	DEFAULT		0	0	no_evidence		-
00748296	FUN_00748296	return		<RETURN>	/undefined	<UNASSIGNED>	DEFAULT		0	0	no_evidence		-
00748299	FUN_00748299	return		<RETURN>	/undefined	<UNASSIGNED>	DEFAULT		0	0	no_evidence		-
007482A5	FUN_007482a5	return		<RETURN>	/undefined4	EAX:4	DEFAULT		0	0	no_evidence		-
007482AB	FUN_007482ab	parameter	1	param_2	/undefined4	Stack[0x8]:4	DEFAULT		0	0	no_evidence		-
007482AB	FUN_007482ab	return		<RETURN>	/undefined4	EAX:4	DEFAULT		0	0	no_evidence		-
007482D8	FUN_007482d8	parameter	1	param_2	/undefined4	Stack[0x8]:4	DEFAULT		0	0	no_evidence		-
007482D8	FUN_007482d8	parameter	2	param_3	/undefined4	Stack[0xc]:4	DEFAULT		0	0	no_evidence		-
007482D8	FUN_007482d8	parameter	3	param_4	/undefined4	Stack[0x10]:4	DEFAULT		0	0	no_evidence		-
007482D8	FUN_007482d8	parameter	4	param_5	/undefined4	Stack[0x14]:4	DEFAULT		0	0	no_evidence		-
007482D8	FUN_007482d8	parameter	5	param_6	/undefined8	Stack[0x18]:8	DEFAULT		0	0	no_evidence		-
007482D8	FUN_007482d8	return		<RETURN>	/undefined4	EAX:4	DEFAULT		0	0	no_evidence		-
00748308	CBaseOutputPin	parameter	1	param_1	/undefined4	Stack[0x4]:4	DEFAULT		0	0	no_evidence		-
00748308	CBaseOutputPin	parameter	2	param_2	/undefined4	Stack[0x8]:4	DEFAULT		0	0	no_evidence		-
00748308	CBaseOutputPin	parameter	3	param_3	/undefined4	Stack[0xc]:4	DEFAULT		0	0	no_evidence		-
00748308	CBaseOutputPin	parameter	4	param_4	/undefined4	Stack[0x10]:4	DEFAULT		0	0	no_evidence		-
00748339	FUN_00748339	return		<RETURN>	/undefined	<UNASSIGNED>	DEFAULT		0	0	no_evidence		-
0074837C	FUN_0074837c	return		<RETURN>	/undefined4	EAX:4	DEFAULT		0	0	no_evidence		-
007483B7	FUN_007483b7	return		<RETURN>	/undefined	<UNASSIGNED>	DEFAULT		0	0	no_evidence		-
00748481	FUN_00748481	return		<RETURN>	/undefined	<UNASSIGNED>	DEFAULT		0	0	no_evidence		-
007484AB	FUN_007484ab	return		<RETURN>	/undefined	<UNASSIGNED>	DEFAULT		0	0	no_evidence		-
007484C9	FUN_007484c9	return		<RETURN>	/undefined	<UNASSIGNED>	DEFAULT		0	0	no_evidence		-
007484DD	FUN_007484dd	return		<RETURN>	/undefined	<UNASSIGNED>	DEFAULT		0	0	no_evidence		-
007484F4	FUN_007484f4	return		<RETURN>	/undefined	<UNASSIGNED>	DEFAULT		0	0	no_evidence		-
0074850F	FUN_0074850f	return		<RETURN>	/undefined	<UNASSIGNED>	DEFAULT		0	0	no_evidence		-
00748517	FUN_00748517	return		<RETURN>	/undefined	<UNASSIGNED>	DEFAULT		0	0	no_evidence		-
0074851F	FUN_0074851f	return		<RETURN>	/undefined	<UNASSIGNED>	DEFAULT		0	0	no_evidence		-
00748527	FUN_00748527	return		<RETURN>	/undefined	<UNASSIGNED>	DEFAULT		0	0	no_evidence		-
0074853B	FUN_0074853b	return		<RETURN>	/undefined	<UNASSIGNED>	DEFAULT		0	0	no_evidence		-
0074854F	FUN_0074854f	parameter	1	param_1	/undefined4	Stack[0x4]:4	DEFAULT		0	0	no_evidence		-
0074854F	FUN_0074854f	parameter	2	param_2	/undefined4	Stack[0x8]:4	DEFAULT		0	0	no_evidence		-
0074854F	FUN_0074854f	parameter	3	param_3	/undefined4	Stack[0xc]:4	DEFAULT		0	0	no_evidence		-
0074854F	FUN_0074854f	parameter	4	param_4	/undefined4	Stack[0x10]:4	DEFAULT		0	0	no_evidence		-
0074854F	FUN_0074854f	parameter	5	param_5	/undefined8	Stack[0x14]:8	DEFAULT		0	0	no_evidence		-
0074854F	FUN_0074854f	return		<RETURN>	/undefined4	EAX:4	DEFAULT		0	0	no_evidence		-
0074857E	FUN_0074857e	parameter	1	param_1	/undefined4	Stack[0x4]:4	DEFAULT		0	0	no_evidence		-
0074857E	FUN_0074857e	parameter	2	param_2	/undefined4	Stack[0x8]:4	DEFAULT		0	0	no_evidence		-
0074857E	FUN_0074857e	parameter	3	param_3	/undefined4	Stack[0xc]:4	DEFAULT		0	0	no_evidence		-
0074857E	FUN_0074857e	parameter	4	param_4	/undefined4	Stack[0x10]:4	DEFAULT		0	0	no_evidence		-
007485EC	FUN_007485ec	return		<RETURN>	/undefined	<UNASSIGNED>	DEFAULT		0	0	no_evidence		-
0074868B	FUN_0074868b	return		<RETURN>	/undefined4	EAX:4	DEFAULT		0	0	no_evidence		-
007486DD	FUN_007486dd	return		<RETURN>	/undefined	<UNASSIGNED>	DEFAULT		0	0	no_evidence		-
00748946	FUN_00748946	return		<RETURN>	/undefined4	EAX:4	DEFAULT		0	0	no_evidence		-
0074896B	FUN_0074896b	return		<RETURN>	/undefined4	EAX:4	DEFAULT		0	0	no_evidence		-
00748990	FUN_00748990	return		<RETURN>	/undefined	<UNASSIGNED>	DEFAULT		0	0	no_evidence		-
007489A5	FUN_007489a5	return		<RETURN>	/undefined	<UNASSIGNED>	DEFAULT		0	0	no_evidence		-
007489C7	FUN_007489c7	return		<RETURN>	/undefined	<UNASSIGNED>	DEFAULT		0	0	no_evidence		-
007489CF	FUN_007489cf	return		<RETURN>	/undefined	<UNASSIGNED>	DEFAULT		0	0	no_evidence		-
007489F8	FUN_007489f8	return		<RETURN>	/undefined4	EAX:4	DEFAULT		0	0	no_evidence		-
00748A83	FUN_00748a83	parameter	1	param_1	/undefined4	Stack[0x4]:4	DEFAULT		0	0	no_evidence		-
00748A83	FUN_00748a83	parameter	2	param_2	/undefined4	Stack[0x8]:4	DEFAULT		0	0	no_evidence		-
00748A83	FUN_00748a83	parameter	3	param_3	/undefined4	Stack[0xc]:4	DEFAULT		0	0	no_evidence		-
00748A83	FUN_00748a83	parameter	4	param_4	/undefined4	Stack[0x10]:4	DEFAULT		0	0	no_evidence		-
00748A83	FUN_00748a83	parameter	5	param_5	/undefined4	Stack[0x14]:4	DEFAULT		0	0	no_evidence		-
00748A83	FUN_00748a83	return		<RETURN>	/undefined	<UNASSIGNED>	DEFAULT		0	0	no_evidence		-
00748AE7	FUN_00748ae7	return		<RETURN>	/undefined4	EAX:4	DEFAULT		0	0	no_evidence		-
00748B37	FUN_00748b37	return		<RETURN>	/undefined	<UNASSIGNED>	DEFAULT	/winnt.h/LONG	1	1	width_mismatch	{/winnt.h/LONG=1}	00748B37 returns return of KERNEL32.DLL::InterlockedIncrement @ 00748B45
00748BAE	FUN_00748bae	return		<RETURN>	/undefined	<UNASSIGNED>	DEFAULT		0	0	no_evidence		-
00748BC0	FUN_00748bc0	return		<RETURN>	/undefined	<UNASSIGNED>	DEFAULT		0	0	no_evidence		-
00748BCA	FUN_00748bca	return		<RETURN>	/undefined4	EAX:4	DEFAULT		0	0	no_evidence		-
00748C2F	FUN_00748c2f	return		<RETURN>	/undefined4	EAX:4	DEFAULT		0	0	no_evidence		-
00748C8E	FUN_00748c8e	return		<RETURN>	/undefined	<UNASSIGNED>	DEFAULT		0	0	no_evidence		-
00748CCA	FUN_00748cca	return		<RETURN>	/undefined	<UNASSIGNED>	DEFAULT		0	0	no_evidence		-
00748CFF	FUN_00748cff	return		<RETURN>	/undefined	<UNASSIGNED>	DEFAULT		0	0	no_evidence		-
00748D11	FUN_00748d11	return		<RETURN>	/undefined	<UNASSIGNED>	DEFAULT		0	0	no_evidence		-
00748D2B	FUN_00748d2b	return		<RETURN>	/undefined	<UNASSIGNED>	DEFAULT		0	0	no_evidence		-
00748D40	FUN_00748d40	return		<RETURN>	/undefined	<UNASSIGNED>	DEFAULT		0	0	no_evidence		-
00748D5A	FUN_00748d5a	return		<RETURN>	/undefined	<UNASSIGNED>	DEFAULT		0	0	no_evidence		-
00748D6E	FUN_00748d6e	return		<RETURN>	/undefined	<UNASSIGNED>	DEFAULT		0	0	no_evidence		-
00748D88	FUN_00748d88	return		<RETURN>	/undefined	<UNASSIGNED>	DEFAULT		0	0	no_evidence		-
00748D92	FUN_00748d92	return		<RETURN>	/undefined	<UNASSIGNED>	DEFAULT		0	0	no_evidence		-
00748DE3	FUN_00748de3	return		<RETURN>	/undefined4	EAX:4	DEFAULT		0	0	no_evidence		-
00748E2B	FUN_00748e2b	return		<RETURN>	/undefined4	EAX:4	DEFAULT		0	0	no_evidence		-
00748ECA	FUN_00748eca	return		<RETURN>	/undefined4	EAX:4	DEFAULT		0	0	no_evidence		-
00749024	FUN_00749024	parameter	1	param_1	/undefined4	Stack[0x4]:4	DEFAULT		0	0	no_evidence		-
00749091	FUN_00749091	return		<RETURN>	/undefined	<UNASSIGNED>	DEFAULT		0	0	no_evidence		-
007490C6	FUN_007490c6	return		<RETURN>	/undefined	<UNASSIGNED>	DEFAULT		0	0	no_evidence		-
00749106	FUN_00749106	return		<RETURN>	/undefined4	EAX:4	DEFAULT		0	0	no_evidence		-
007491C3	FUN_007491c3	return		<RETURN>	/undefined4	EAX:4	DEFAULT		0	0	no_evidence		-
00749212	FUN_00749212	return		<RETURN>	/undefined	<UNASSIGNED>	DEFAULT		0	0	no_evidence		-
00749299	FUN_00749299	return		<RETURN>	/undefined4	EAX:4	DEFAULT		0	0	no_evidence		-
0074939F	FUN_0074939f	return		<RETURN>	/undefined4	EAX:4	DEFAULT		0	0	no_evidence		-
007494D1	FUN_007494d1	return		<RETURN>	/undefined4	EAX:4	DEFAULT		0	0	no_evidence		-
007496E0	FUN_007496e0	return		<RETURN>	/undefined	<UNASSIGNED>	DEFAULT		0	0	no_evidence		-
0074987C	FUN_0074987c	return		<RETURN>	/undefined	<UNASSIGNED>	DEFAULT		0	0	no_evidence		-
007498EC	FUN_007498ec	return		<RETURN>	/undefined	<UNASSIGNED>	DEFAULT		0	0	no_evidence		-
00749989	FUN_00749989	return		<RETURN>	/undefined4	EAX:4	DEFAULT		0	0	no_evidence		-
00749A5E	FUN_00749a5e	return		<RETURN>	/undefined4	EAX:4	DEFAULT		0	0	no_evidence		-
00749A93	FUN_00749a93	parameter	2	param_2	/undefined4	Stack[0x8]:4	DEFAULT		0	0	no_evidence		-
00749B5F	FUN_00749b5f	return		<RETURN>	/undefined	<UNASSIGNED>	DEFAULT		0	0	no_evidence		-
00749BE1	FUN_00749be1	parameter	1	param_1	/undefined4	Stack[0x4]:4	DEFAULT		0	0	no_evidence		-
00749BE1	FUN_00749be1	parameter	2	param_2	/undefined4	Stack[0x8]:4	DEFAULT		0	0	no_evidence		-
00749BE1	FUN_00749be1	return		<RETURN>	/undefined4	EAX:4	DEFAULT		0	0	no_evidence		-
00749CA4	FUN_00749ca4	return		<RETURN>	/undefined	<UNASSIGNED>	DEFAULT		0	0	no_evidence		-
00749CEC	FUN_00749cec	return		<RETURN>	/undefined	<UNASSIGNED>	DEFAULT		0	0	no_evidence		-
00749D09	FUN_00749d09	return		<RETURN>	/undefined4	EAX:4	DEFAULT		0	0	no_evidence		-
00749D5F	FUN_00749d5f	return		<RETURN>	/undefined	<UNASSIGNED>	DEFAULT		0	0	no_evidence		-
00749DB2	FUN_00749db2	return		<RETURN>	/undefined	<UNASSIGNED>	DEFAULT		0	0	no_evidence		-
00749DF1	FUN_00749df1	return		<RETURN>	/undefined4	EAX:4	DEFAULT		0	0	no_evidence		-
00749E34	FUN_00749e34	return		<RETURN>	/undefined4	EAX:4	DEFAULT		0	0	no_evidence		-
0074A057	FUN_0074a057	return		<RETURN>	/undefined	<UNASSIGNED>	DEFAULT		0	0	no_evidence		-
0074A05B	FUN_0074a05b	return		<RETURN>	/undefined4	EAX:4	DEFAULT		0	0	no_evidence		-
0074A0C1	FUN_0074a0c1	return		<RETURN>	/undefined4	EAX:4	DEFAULT		0	0	no_evidence		-
0074A1A7	FUN_0074a1a7	return		<RETURN>	/undefined	<UNASSIGNED>	DEFAULT		0	0	no_evidence		-
0074A1C4	FUN_0074a1c4	return		<RETURN>	/undefined	<UNASSIGNED>	DEFAULT		0	0	no_evidence		-
0074A1C9	FUN_0074a1c9	return		<RETURN>	/undefined4	EAX:4	DEFAULT		0	0	no_evidence		-
0074A220	FUN_0074a220	return		<RETURN>	/undefined	<UNASSIGNED>	DEFAULT		0	0	no_evidence		-
0074A271	FUN_0074a271	return		<RETURN>	/undefined	<UNASSIGNED>	DEFAULT		0	0	no_evidence		-
0074A30E	FUN_0074a30e	return		<RETURN>	/undefined	<UNASSIGNED>	DEFAULT		0	0	no_evidence		-
0074A36E	FUN_0074a36e	return		<RETURN>	/undefined4	EAX:4	DEFAULT		0	0	no_evidence		-
0074A39B	FUN_0074a39b	return		<RETURN>	/undefined4	EAX:4	DEFAULT		0	0	no_evidence		-
0074A4D1	FUN_0074a4d1	parameter	1	param_1	/undefined4	Stack[0x4]:4	DEFAULT		0	0	no_evidence		-
0074A5D8	FUN_0074a5d8	return		<RETURN>	/undefined4	EAX:4	DEFAULT		0	0	no_evidence		-
0074A612	FUN_0074a612	return		<RETURN>	/undefined	<UNASSIGNED>	DEFAULT		0	0	no_evidence		-
0074A646	FUN_0074a646	return		<RETURN>	/undefined4	EAX:4	DEFAULT		0	0	no_evidence		-
0074A6CB	FUN_0074a6cb	return		<RETURN>	/undefined4	EAX:4	DEFAULT		0	0	no_evidence		-
0074A72A	FUN_0074a72a	return		<RETURN>	/undefined4	EAX:4	DEFAULT		0	0	no_evidence		-
0074A77D	FUN_0074a77d	return		<RETURN>	/undefined4	EAX:4	DEFAULT		0	0	no_evidence		-
0074A7E3	FUN_0074a7e3	return		<RETURN>	/undefined4	EAX:4	DEFAULT		0	0	no_evidence		-
0074A81D	FUN_0074a81d	parameter	1	param_1	/undefined4	Stack[0x4]:4	DEFAULT		0	0	no_evidence		-
0074A81D	FUN_0074a81d	return		<RETURN>	/undefined	<UNASSIGNED>	DEFAULT		0	0	no_evidence		-
0074A844	FUN_0074a844	return		<RETURN>	/undefined	<UNASSIGNED>	DEFAULT		0	0	no_evidence		-
0074A88B	FUN_0074a88b	return		<RETURN>	/undefined	<UNASSIGNED>	DEFAULT		0	0	no_evidence		-
0074A8EB	FUN_0074a8eb	return		<RETURN>	/undefined4	EAX:4	DEFAULT		0	0	no_evidence		-
0074A95F	FUN_0074a95f	parameter	2	param_2	/undefined4	Stack[0x8]:4	DEFAULT		0	0	no_evidence		-
0074AA28	FUN_0074aa28	return		<RETURN>	/undefined4	EAX:4	DEFAULT		0	0	no_evidence		-
0074AAE1	FUN_0074aae1	return		<RETURN>	/undefined	<UNASSIGNED>	DEFAULT		0	0	no_evidence		-
0074AAF7	FUN_0074aaf7	return		<RETURN>	/undefined	<UNASSIGNED>	DEFAULT		0	0	no_evidence		-
0074AB15	FUN_0074ab15	parameter	1	param_1	/undefined4	Stack[0x4]:4	DEFAULT		0	0	no_evidence		-
0074AB15	FUN_0074ab15	return		<RETURN>	/undefined	<UNASSIGNED>	DEFAULT		0	0	no_evidence		-
0074AB3D	FUN_0074ab3d	parameter	0	param_1	/undefined4	Stack[0x4]:4	DEFAULT		0	0	no_evidence		-
0074AB3D	FUN_0074ab3d	return		<RETURN>	/undefined4	EAX:4	DEFAULT		0	0	no_evidence		-
0074AB73	FUN_0074ab73	return		<RETURN>	/undefined	<UNASSIGNED>	DEFAULT		0	0	no_evidence		-
0074AB88	FUN_0074ab88	return		<RETURN>	/undefined	<UNASSIGNED>	DEFAULT		0	0	no_evidence		-
0074AB93	FUN_0074ab93	return		<RETURN>	/undefined	<UNASSIGNED>	DEFAULT		0	0	no_evidence		-
0074AB9E	FUN_0074ab9e	return		<RETURN>	/undefined	<UNASSIGNED>	DEFAULT		0	0	no_evidence		-
0074ABC4	FUN_0074abc4	parameter	2	param_2	/undefined4	Stack[0x8]:4	DEFAULT		0	0	no_evidence		-
0074AC41	FUN_0074ac41	return		<RETURN>	/undefined	<UNASSIGNED>	DEFAULT		0	0	no_evidence		-
0074AC6E	FUN_0074ac6e	return		<RETURN>	/undefined	<UNASSIGNED>	DEFAULT		0	0	no_evidence		-
0074AD27	FUN_0074ad27	return		<RETURN>	/undefined	<UNASSIGNED>	DEFAULT		0	0	no_evidence		-
0074AD32	FUN_0074ad32	return		<RETURN>	/undefined	<UNASSIGNED>	DEFAULT	/uint	1	1	width_mismatch	{/uint=1}	0074AD32 returns zeroed full register at 0074AD43 @ 0074AD46
0074AD49	FUN_0074ad49	parameter	1	param_1	/undefined4	Stack[0x4]:4	DEFAULT		0	0	no_evidence		-
0074AD60	FUN_0074ad60	return		<RETURN>	/undefined	<UNASSIGNED>	DEFAULT		0	0	no_evidence		-
0074AE16	FUN_0074ae16	return		<RETURN>	/undefined	<UNASSIGNED>	DEFAULT		0	0	no_evidence		-
0074AE34	FUN_0074ae34	return		<RETURN>	/undefined	<UNASSIGNED>	DEFAULT		0	0	no_evidence		-
0074AE67	FUN_0074ae67	return		<RETURN>	/undefined	<UNASSIGNED>	DEFAULT	/WinDef.h/DWORD	1	1	width_mismatch	{/WinDef.h/DWORD=1}	0074AE67 returns return of WINMM.DLL::timeGetTime @ 0074AE8B
0074AE8E	FUN_0074ae8e	return		<RETURN>	/undefined	<UNASSIGNED>	DEFAULT		0	0	no_evidence		-
0074AEE2	FUN_0074aee2	return		<RETURN>	/undefined	<UNASSIGNED>	DEFAULT		0	0	no_evidence		-
0074AEF2	FUN_0074aef2	return		<RETURN>	/undefined	<UNASSIGNED>	DEFAULT		0	0	no_evidence		-
0074AF26	FUN_0074af26	parameter	3	param_3	/undefined4	Stack[0xc]:4	DEFAULT		0	0	no_evidence		-
0074AF26	FUN_0074af26	parameter	4	param_4	/undefined4	Stack[0x10]:4	DEFAULT		0	0	no_evidence		-
0074AF26	FUN_0074af26	return		<RETURN>	/undefined4	EAX:4	DEFAULT		0	0	no_evidence		-
0074B442	FUN_0074b442	return		<RETURN>	/undefined	<UNASSIGNED>	DEFAULT		0	0	no_evidence		-
0074B445	FUN_0074b445	return		<RETURN>	/undefined	<UNASSIGNED>	DEFAULT		0	0	no_evidence		-
0074B469	FUN_0074b469	return		<RETURN>	/undefined4	EAX:4	DEFAULT		0	0	no_evidence		-
0074B49D	FUN_0074b49d	return		<RETURN>	/undefined4	EAX:4	DEFAULT		0	0	no_evidence		-
0074B4D1	FUN_0074b4d1	return		<RETURN>	/undefined4	EAX:4	DEFAULT		0	0	no_evidence		-
0074B52E	FUN_0074b52e	return		<RETURN>	/undefined4	EAX:4	DEFAULT		0	0	no_evidence		-
0074B5E6	FUN_0074b5e6	return		<RETURN>	/undefined4	EAX:4	DEFAULT		0	0	no_evidence		-
0074B668	FUN_0074b668	return		<RETURN>	/undefined	<UNASSIGNED>	DEFAULT		0	0	no_evidence		-
0074B68F	FUN_0074b68f	return		<RETURN>	/undefined	<UNASSIGNED>	DEFAULT		0	0	no_evidence		-
0074B6B7	FUN_0074b6b7	return		<RETURN>	/undefined	<UNASSIGNED>	DEFAULT		0	0	no_evidence		-
0074B719	FUN_0074b719	return		<RETURN>	/undefined	<UNASSIGNED>	DEFAULT		0	0	no_evidence		-
0074B763	FUN_0074b763	parameter	0	param_1	/undefined4	ECX:4	DEFAULT		0	0	no_evidence		-
0074B763	FUN_0074b763	return		<RETURN>	/undefined4	EAX:4	DEFAULT		0	0	no_evidence		-
0074B777	FUN_0074b777	return		<RETURN>	/undefined	<UNASSIGNED>	DEFAULT		0	0	no_evidence		-
0074B79E	FUN_0074b79e	return		<RETURN>	/undefined	<UNASSIGNED>	DEFAULT		0	0	no_evidence		-
0074B7B8	FUN_0074b7b8	parameter	1	param_1	/undefined4	Stack[0x4]:4	DEFAULT		0	0	no_evidence		-
0074B7E4	FUN_0074b7e4	parameter	1	param_1	/undefined4	Stack[0x4]:4	DEFAULT		0	0	no_evidence		-
0074B810	FUN_0074b810	return		<RETURN>	/undefined4	EAX:4	DEFAULT		0	0	no_evidence		-
0074B84E	FUN_0074b84e	return		<RETURN>	/undefined	<UNASSIGNED>	DEFAULT		0	0	no_evidence		-
0074B8A6	FUN_0074b8a6	return		<RETURN>	/undefined4	EAX:4	DEFAULT		0	0	no_evidence		-
0074B99C	FUN_0074b99c	return		<RETURN>	/undefined4	EAX:4	DEFAULT		0	0	no_evidence		-
0074BABB	FUN_0074babb	return		<RETURN>	/undefined	<UNASSIGNED>	DEFAULT		0	0	no_evidence		-
0074BB9A	FUN_0074bb9a	return		<RETURN>	/undefined4	EAX:4	DEFAULT		0	0	no_evidence		-
0074BBC6	FUN_0074bbc6	return		<RETURN>	/undefined4	EAX:4	DEFAULT		0	0	no_evidence		-
0074BC50	FUN_0074bc50	return		<RETURN>	/undefined	<UNASSIGNED>	DEFAULT		0	0	no_evidence		-
0074BD15	FUN_0074bd15	return		<RETURN>	/undefined4	EAX:4	DEFAULT		0	0	no_evidence		-
0074BDE0	FUN_0074bde0	parameter	1	param_1	/undefined4	Stack[0x4]:4	DEFAULT		0	0	no_evidence		-
0074BE28	FUN_0074be28	return		<RETURN>	/undefined	<UNASSIGNED>	DEFAULT		0	0	no_evidence		-
0074BE6A	FUN_0074be6a	return		<RETURN>	/undefined	<UNASSIGNED>	DEFAULT		0	0	no_evidence		-
0074BE72	FUN_0074be72	return		<RETURN>	/undefined	<UNASSIGNED>	DEFAULT		0	0	no_evidence		-
0074BE76	FUN_0074be76	return		<RETURN>	/undefined4	EAX:4	DEFAULT		0	0	no_evidence		-
0074BF23	FUN_0074bf23	return		<RETURN>	/undefined4	EAX:4	DEFAULT		0	0	no_evidence		-
0074BFA5	FUN_0074bfa5	return		<RETURN>	/undefined	<UNASSIGNED>	DEFAULT		0	0	no_evidence		-
0074BFA8	FUN_0074bfa8	return		<RETURN>	/undefined	<UNASSIGNED>	DEFAULT		0	0	no_evidence		-
0074BFAB	FUN_0074bfab	return		<RETURN>	/undefined	<UNASSIGNED>	DEFAULT		0	0	no_evidence		-
0074BFB0	FUN_0074bfb0	return		<RETURN>	/undefined	<UNASSIGNED>	DEFAULT		0	0	no_evidence		-
0074BFBA	FUN_0074bfba	return		<RETURN>	/undefined	<UNASSIGNED>	DEFAULT		0	0	no_evidence		-
0074C1C4	FUN_0074c1c4	return		<RETURN>	/undefined	<UNASSIGNED>	DEFAULT		0	0	no_evidence		-
0074C1CA	FUN_0074c1ca	return		<RETURN>	/undefined	<UNASSIGNED>	DEFAULT		0	0	no_evidence		-
0074C1DC	FUN_0074c1dc	return		<RETURN>	/undefined	<UNASSIGNED>	DEFAULT		0	0	no_evidence		-
0074C1EE	FUN_0074c1ee	return		<RETURN>	/undefined	<UNASSIGNED>	DEFAULT		0	0	no_evidence		-
0074C1F9	FUN_0074c1f9	return		<RETURN>	/undefined	<UNASSIGNED>	DEFAULT		0	0	no_evidence		-
0074C28A	FUN_0074c28a	return		<RETURN>	/undefined	<UNASSIGNED>	DEFAULT		0	0	no_evidence		-
0074C32D	FUN_0074c32d	parameter	1	param_1	/undefined4	Stack[0x4]:4	DEFAULT		0	0	no_evidence		-
0074C32D	FUN_0074c32d	parameter	2	param_2	/undefined4	Stack[0x8]:4	DEFAULT		0	0	no_evidence		-
0074C32D	FUN_0074c32d	parameter	3	param_3	/undefined4	Stack[0xc]:4	DEFAULT		0	0	no_evidence		-
0074C32D	FUN_0074c32d	parameter	4	param_4	/undefined4	Stack[0x10]:4	DEFAULT		0	0	no_evidence		-
0074C32D	FUN_0074c32d	parameter	5	param_5	/undefined8	Stack[0x14]:8	DEFAULT		0	0	no_evidence		-
0074C32D	FUN_0074c32d	return		<RETURN>	/undefined4	EAX:4	DEFAULT		0	0	no_evidence		-
0074C35B	FUN_0074c35b	return		<RETURN>	/undefined	<UNASSIGNED>	DEFAULT		0	0	no_evidence		-
0074C38F	FUN_0074c38f	parameter	1	param_1	/undefined4	Stack[0x4]:4	DEFAULT		0	0	no_evidence		-
0074C38F	FUN_0074c38f	parameter	3	param_3	/undefined4	Stack[0xc]:4	DEFAULT		0	0	no_evidence		-
0074C3F4	FUN_0074c3f4	parameter	1	param_1	/undefined4	Stack[0x4]:4	DEFAULT		0	0	no_evidence		-
0074C3F4	FUN_0074c3f4	return		<RETURN>	/undefined	<UNASSIGNED>	DEFAULT		0	0	no_evidence		-
0074C41B	FUN_0074c41b	return		<RETURN>	/undefined	<UNASSIGNED>	DEFAULT		0	0	no_evidence		-
0074C434	FUN_0074c434	parameter	1	param_1	/undefined4	Stack[0x4]:4	DEFAULT		0	0	no_evidence		-
0074C434	FUN_0074c434	return		<RETURN>	/undefined	<UNASSIGNED>	DEFAULT		0	0	no_evidence		-
0074C45B	FUN_0074c45b	parameter	1	param_1	/undefined4	Stack[0x4]:4	DEFAULT		0	0	no_evidence		-
0074C501	FUN_0074c501	return		<RETURN>	/undefined	<UNASSIGNED>	DEFAULT		0	0	no_evidence		-
0074C613	FUN_0074c613	parameter	1	param_2	/undefined4	Stack[0x8]:4	DEFAULT		0	0	no_evidence		-
0074C613	FUN_0074c613	parameter	2	param_3	/undefined4	Stack[0xc]:4	DEFAULT		0	0	no_evidence		-
0074C613	FUN_0074c613	parameter	3	param_4	/undefined4	Stack[0x10]:4	DEFAULT		0	0	no_evidence		-
0074C613	FUN_0074c613	parameter	4	param_5	/undefined4	Stack[0x14]:4	DEFAULT		0	0	no_evidence		-
0074C613	FUN_0074c613	parameter	5	param_6	/undefined8	Stack[0x18]:8	DEFAULT		0	0	no_evidence		-
0074C613	FUN_0074c613	return		<RETURN>	/undefined	<UNASSIGNED>	DEFAULT		0	0	no_evidence		-
0074C658	FUN_0074c658	parameter	1	param_1	/undefined4	Stack[0x4]:4	DEFAULT		0	0	no_evidence		-
0074C658	FUN_0074c658	parameter	3	param_3	/undefined4	Stack[0xc]:4	DEFAULT		0	0	no_evidence		-
0074C77C	FUN_0074c77c	parameter	1	param_1	/undefined4	Stack[0x4]:4	DEFAULT		0	0	no_evidence		-
0074C7B6	FUN_0074c7b6	return		<RETURN>	/undefined	<UNASSIGNED>	DEFAULT		0	0	no_evidence		-
0074C7CF	FUN_0074c7cf	parameter	1	param_1	/undefined4	Stack[0x4]:4	DEFAULT		0	0	no_evidence		-
0074C7CF	FUN_0074c7cf	return		<RETURN>	/undefined	<UNASSIGNED>	DEFAULT		0	0	no_evidence		-
0074C7F6	FUN_0074c7f6	return		<RETURN>	/undefined	<UNASSIGNED>	DEFAULT		0	0	no_evidence		-
0074C842	FUN_0074c842	return		<RETURN>	/undefined	<UNASSIGNED>	DEFAULT		0	0	no_evidence		-
0074C858	FUN_0074c858	return		<RETURN>	/undefined	<UNASSIGNED>	DEFAULT		0	0	no_evidence		-
0074C8A9	FUN_0074c8a9	return		<RETURN>	/undefined	<UNASSIGNED>	DEFAULT		0	0	no_evidence		-
0074C8EC	FUN_0074c8ec	return		<RETURN>	/undefined	<UNASSIGNED>	DEFAULT		0	0	no_evidence		-
0074C8F6	FUN_0074c8f6	return		<RETURN>	/undefined	<UNASSIGNED>	DEFAULT		0	0	no_evidence		-
0074C900	FUN_0074c900	return		<RETURN>	/undefined	<UNASSIGNED>	DEFAULT		0	0	no_evidence		-
0074C90A	FUN_0074c90a	return		<RETURN>	/undefined	<UNASSIGNED>	DEFAULT		0	0	no_evidence		-
0074C921	FUN_0074c921	return		<RETURN>	/undefined	<UNASSIGNED>	DEFAULT		0	0	no_evidence		-
0074C931	FUN_0074c931	return		<RETURN>	/undefined	<UNASSIGNED>	DEFAULT		0	0	no_evidence		-
0074C941	FUN_0074c941	return		<RETURN>	/undefined	<UNASSIGNED>	DEFAULT		0	0	no_evidence		-
0074C952	FUN_0074c952	parameter	1	param_1	/undefined4	Stack[0x4]:4	DEFAULT		0	0	no_evidence		-
0074C96C	FUN_0074c96c	return		<RETURN>	/undefined4	EAX:4	DEFAULT		0	0	no_evidence		-
0074CA21	FUN_0074ca21	return		<RETURN>	/undefined4	EAX:4	DEFAULT		0	0	no_evidence		-
0074CDC5	FUN_0074cdc5	parameter	1	param_1	/undefined4	Stack[0x4]:4	DEFAULT		0	0	no_evidence		-
0074CDC5	FUN_0074cdc5	parameter	3	param_3	/undefined4	Stack[0xc]:4	DEFAULT		0	0	no_evidence		-
0074CF2D	FUN_0074cf2d	return		<RETURN>	/undefined	<UNASSIGNED>	DEFAULT		0	0	no_evidence		-
0074CF58	FUN_0074cf58	parameter	1	param_1	/undefined4	Stack[0x4]:4	DEFAULT		0	0	no_evidence		-
0074CF93	FUN_0074cf93	return		<RETURN>	/undefined	<UNASSIGNED>	DEFAULT		0	0	no_evidence		-
0074CFC0	FUN_0074cfc0	parameter	1	param_1	/undefined4	Stack[0x4]:4	DEFAULT		0	0	no_evidence		-
0074CFC0	FUN_0074cfc0	parameter	3	param_3	/undefined4	Stack[0xc]:4	DEFAULT		0	0	no_evidence		-
0074D017	FUN_0074d017	return		<RETURN>	/undefined	<UNASSIGNED>	DEFAULT		0	0	no_evidence		-
0074D042	FUN_0074d042	parameter	1	param_1	/undefined4	Stack[0x4]:4	DEFAULT		0	0	no_evidence		-
0074D204	FUN_0074d204	return		<RETURN>	/undefined	<UNASSIGNED>	DEFAULT		0	0	no_evidence		-
0074D2B6	FUN_0074d2b6	return		<RETURN>	/undefined	<UNASSIGNED>	DEFAULT		0	0	no_evidence		-
0074D33D	FUN_0074d33d	parameter	1	param_1	/undefined4	Stack[0x4]:4	DEFAULT		0	0	no_evidence		-
0074D33D	FUN_0074d33d	return		<RETURN>	/undefined4	EAX:4	DEFAULT		0	0	no_evidence		-
0074D38B	FUN_0074d38b	return		<RETURN>	/undefined4	EAX:4	DEFAULT		0	0	no_evidence		-
0074D39E	FUN_0074d39e	return		<RETURN>	/undefined4	EAX:4	DEFAULT		0	0	no_evidence		-
0074D423	FUN_0074d423	return		<RETURN>	/undefined	<UNASSIGNED>	DEFAULT		0	0	no_evidence		-
0074D6DE	FUN_0074d6de	parameter	0	param_1	/undefined4	Stack[0x4]:4	DEFAULT		0	0	no_evidence		-
0074D6DE	FUN_0074d6de	return		<RETURN>	/undefined	<UNASSIGNED>	DEFAULT		0	0	no_evidence		-
0074D761	FUN_0074d761	return		<RETURN>	/undefined	<UNASSIGNED>	DEFAULT		0	0	no_evidence		-
0074DA81	FUN_0074da81	return		<RETURN>	/undefined8	EDX:4,EAX:4	DEFAULT		0	0	no_evidence		-
0074DCA1	FUN_0074dca1	return		<RETURN>	/undefined4	EAX:4	DEFAULT		0	0	no_evidence		-
0074DCF0	FUN_0074dcf0	parameter	0	param_1	/undefined4	Stack[0x4]:4	DEFAULT		0	0	no_evidence		-
0074DE7F	FUN_0074de7f	return		<RETURN>	/undefined	<UNASSIGNED>	DEFAULT		0	0	no_evidence		-
0074DE91	FUN_0074de91	return		<RETURN>	/undefined	<UNASSIGNED>	DEFAULT		0	0	no_evidence		-
0074DEB7	FUN_0074deb7	return		<RETURN>	/undefined4	EAX:4	DEFAULT		0	0	no_evidence		-
0074DEBA	FUN_0074deba	return		<RETURN>	/undefined4	EAX:4	DEFAULT		0	0	no_evidence		-
0074DEC2	FUN_0074dec2	return		<RETURN>	/undefined4	EAX:4	DEFAULT		0	0	no_evidence		-
0074DED7	FUN_0074ded7	return		<RETURN>	/undefined4	EAX:4	DEFAULT		0	0	no_evidence		-
0074DF72	FUN_0074df72	parameter	1	param_1	/undefined4	Stack[0x4]:4	DEFAULT		0	0	no_evidence		-
0074DF72	FUN_0074df72	return		<RETURN>	/undefined	<UNASSIGNED>	DEFAULT		0	0	no_evidence		-
0074DFB5	FUN_0074dfb5	parameter	1	param_1	/undefined4	Stack[0x4]:4	DEFAULT		0	0	no_evidence		-
0074DFB5	FUN_0074dfb5	return		<RETURN>	/undefined	<UNASSIGNED>	DEFAULT		0	0	no_evidence		-
0074DFF5	FUN_0074dff5	return		<RETURN>	/undefined4	EAX:4	DEFAULT		0	0	no_evidence		-
0074E079	FUN_0074e079	return		<RETURN>	/undefined	<UNASSIGNED>	DEFAULT		0	0	no_evidence		-
0074E0D6	FUN_0074e0d6	return		<RETURN>	/undefined4	EAX:4	DEFAULT		0	0	no_evidence		-
0074E122	FUN_0074e122	return		<RETURN>	/undefined	<UNASSIGNED>	DEFAULT		0	0	no_evidence		-
0074E17D	FUN_0074e17d	return		<RETURN>	/undefined4	EAX:4	DEFAULT		0	0	no_evidence		-
0074E1C9	FUN_0074e1c9	return		<RETURN>	/undefined4	EAX:4	DEFAULT		0	0	no_evidence		-
0074E2C1	FUN_0074e2c1	return		<RETURN>	/undefined	<UNASSIGNED>	DEFAULT		0	0	no_evidence		-
0074E2D9	FUN_0074e2d9	return		<RETURN>	/undefined	<UNASSIGNED>	DEFAULT		0	0	no_evidence		-
0074E2FF	FUN_0074e2ff	return		<RETURN>	/undefined	<UNASSIGNED>	DEFAULT		0	0	no_evidence		-
0074E31D	FUN_0074e31d	parameter	0	param_1	/undefined4	Stack[0x4]:4	DEFAULT		0	0	no_evidence		-
0074E31D	FUN_0074e31d	return		<RETURN>	/undefined4	EAX:4	DEFAULT		0	0	no_evidence		-
0074E337	FUN_0074e337	parameter	1	param_2	/undefined4	Stack[0x8]:4	DEFAULT	/int	0	1	insufficient_independent_evidence	{/int=1}	0074FC49 -> 0074E337 @ 0074FCED; FUN_0074fc49 parameter param_7
0074E337	FUN_0074e337	parameter	3	param_4	/undefined4	Stack[0x10]:4	DEFAULT		0	0	no_evidence		-
0074E40E	FUN_0074e40e	parameter	1	param_2	/undefined4	Stack[0x8]:4	DEFAULT		0	0	no_evidence		-
0074E40E	FUN_0074e40e	parameter	2	param_3	/undefined4	Stack[0xc]:4	DEFAULT		0	0	no_evidence		-
0074E40E	FUN_0074e40e	parameter	3	param_4	/undefined4	Stack[0x10]:4	DEFAULT		0	0	no_evidence		-
0074E40E	FUN_0074e40e	parameter	5	param_6	/undefined4	Stack[0x18]:4	DEFAULT		0	0	no_evidence		-
0074E450	FUN_0074e450	parameter	1	param_1	/undefined4	Stack[0x4]:4	DEFAULT		0	0	no_evidence		-
0074E46D	FUN_0074e46d	return		<RETURN>	/undefined	<UNASSIGNED>	DEFAULT		0	0	no_evidence		-
0074E4DA	FUN_0074e4da	parameter	1	param_2	/undefined4	Stack[0x8]:4	DEFAULT		0	0	no_evidence		-
0074E4DA	FUN_0074e4da	parameter	2	param_3	/undefined4	Stack[0xc]:4	DEFAULT		0	0	no_evidence		-
0074E4DA	FUN_0074e4da	parameter	3	param_4	/undefined4	Stack[0x10]:4	DEFAULT		0	0	no_evidence		-
0074E4DA	FUN_0074e4da	parameter	5	param_6	/undefined4	Stack[0x18]:4	DEFAULT		0	0	no_evidence		-
0074E4DA	FUN_0074e4da	return		<RETURN>	/undefined	<UNASSIGNED>	DEFAULT	/uint	1	1	width_mismatch	{/uint=1}	0074E4DA returns return of FUN_0074e40e @ 0074E4FB
0074E4FE	FUN_0074e4fe	parameter	1	param_2	/undefined4	Stack[0x8]:4	DEFAULT		0	0	no_evidence		-
0074E4FE	FUN_0074e4fe	parameter	3	param_4	/undefined4	Stack[0x10]:4	DEFAULT		0	0	no_evidence		-
0074E4FE	FUN_0074e4fe	parameter	4	param_5	/undefined4	Stack[0x14]:4	DEFAULT		0	0	no_evidence		-
0074E4FE	FUN_0074e4fe	parameter	5	param_6	/undefined4	Stack[0x18]:4	DEFAULT		0	0	no_evidence		-
0074E4FE	FUN_0074e4fe	parameter	6	param_7	/undefined4	Stack[0x1c]:4	DEFAULT		0	0	no_evidence		-
0074E4FE	FUN_0074e4fe	parameter	7	param_8	/undefined4	Stack[0x20]:4	DEFAULT		0	0	no_evidence		-
0074E4FE	FUN_0074e4fe	parameter	8	param_9	/undefined4	Stack[0x24]:4	DEFAULT		0	0	no_evidence		-
0074E560	FUN_0074e560	parameter	1	param_1	/undefined4	Stack[0x4]:4	DEFAULT		0	0	no_evidence		-
0074E57D	FUN_0074e57d	return		<RETURN>	/undefined	<UNASSIGNED>	DEFAULT		0	0	no_evidence		-
0074E5FE	FUN_0074e5fe	parameter	1	param_2	/undefined4	Stack[0x8]:4	DEFAULT		0	0	no_evidence		-
0074E5FE	FUN_0074e5fe	parameter	2	param_3	/undefined4	Stack[0xc]:4	DEFAULT		0	0	no_evidence		-
0074E5FE	FUN_0074e5fe	parameter	3	param_4	/undefined4	Stack[0x10]:4	DEFAULT		0	0	no_evidence		-
0074E5FE	FUN_0074e5fe	parameter	5	param_6	/undefined4	Stack[0x18]:4	DEFAULT		0	0	no_evidence		-
0074E5FE	FUN_0074e5fe	return		<RETURN>	/undefined	<UNASSIGNED>	DEFAULT	/uint	1	1	width_mismatch	{/uint=1}	0074E5FE returns return of FUN_0074e40e @ 0074E61F
0074E622	FUN_0074e622	parameter	1	param_2	/undefined4	Stack[0x8]:4	DEFAULT		0	0	no_evidence		-
0074E622	FUN_0074e622	parameter	3	param_4	/undefined4	Stack[0x10]:4	DEFAULT		0	0	no_evidence		-
0074E622	FUN_0074e622	parameter	4	param_5	/undefined4	Stack[0x14]:4	DEFAULT		0	0	no_evidence		-
0074E622	FUN_0074e622	parameter	5	param_6	/undefined4	Stack[0x18]:4	DEFAULT		0	0	no_evidence		-
0074E622	FUN_0074e622	parameter	6	param_7	/undefined4	Stack[0x1c]:4	DEFAULT		0	0	no_evidence		-
0074E622	FUN_0074e622	parameter	7	param_8	/undefined4	Stack[0x20]:4	DEFAULT		0	0	no_evidence		-
0074E622	FUN_0074e622	parameter	8	param_9	/undefined4	Stack[0x24]:4	DEFAULT		0	0	no_evidence		-
0074E684	FUN_0074e684	parameter	1	param_1	/undefined4	Stack[0x4]:4	DEFAULT		0	0	no_evidence		-
0074E6A1	FUN_0074e6a1	parameter	1	param_1	/undefined4	Stack[0x4]:4	DEFAULT		0	0	no_evidence		-
0074E6BE	FUN_0074e6be	return		<RETURN>	/undefined	<UNASSIGNED>	DEFAULT		0	0	no_evidence		-
0074E6F6	FUN_0074e6f6	return		<RETURN>	/undefined	<UNASSIGNED>	DEFAULT		0	0	no_evidence		-
0074E70A	FUN_0074e70a	return		<RETURN>	/undefined	<UNASSIGNED>	DEFAULT	/uint	1	1	width_mismatch	{/uint=1}	0074E70A returns return of FUN_0074e337 @ 0074E728
0074E72B	FUN_0074e72b	parameter	1	param_2	/undefined4	Stack[0x8]:4	DEFAULT		0	0	no_evidence		-
0074E72B	FUN_0074e72b	parameter	2	param_3	/undefined4	Stack[0xc]:4	DEFAULT		0	0	no_evidence		-
0074E72B	FUN_0074e72b	parameter	3	param_4	/undefined4	Stack[0x10]:4	DEFAULT		0	0	no_evidence		-
0074E72B	FUN_0074e72b	parameter	5	param_6	/undefined4	Stack[0x18]:4	DEFAULT		0	0	no_evidence		-
0074E72B	FUN_0074e72b	return		<RETURN>	/undefined	<UNASSIGNED>	DEFAULT	/uint	1	1	width_mismatch	{/uint=1}	0074E72B returns return of FUN_0074e40e @ 0074E74C
0074E74F	FUN_0074e74f	parameter	1	param_2	/undefined4	Stack[0x8]:4	DEFAULT		0	0	no_evidence		-
0074E74F	FUN_0074e74f	parameter	3	param_4	/undefined4	Stack[0x10]:4	DEFAULT		0	0	no_evidence		-
0074E74F	FUN_0074e74f	parameter	4	param_5	/undefined4	Stack[0x14]:4	DEFAULT		0	0	no_evidence		-
0074E74F	FUN_0074e74f	parameter	5	param_6	/undefined4	Stack[0x18]:4	DEFAULT		0	0	no_evidence		-
0074E74F	FUN_0074e74f	parameter	6	param_7	/undefined4	Stack[0x1c]:4	DEFAULT		0	0	no_evidence		-
0074E74F	FUN_0074e74f	parameter	7	param_8	/undefined4	Stack[0x20]:4	DEFAULT		0	0	no_evidence		-
0074E74F	FUN_0074e74f	parameter	8	param_9	/undefined4	Stack[0x24]:4	DEFAULT		0	0	no_evidence		-
0074E7B1	FUN_0074e7b1	parameter	1	param_1	/undefined4	Stack[0x4]:4	DEFAULT		0	0	no_evidence		-
0074E7F6	FUN_0074e7f6	return		<RETURN>	/undefined	<UNASSIGNED>	DEFAULT		0	0	no_evidence		-
0074E823	FUN_0074e823	return		<RETURN>	/undefined	<UNASSIGNED>	DEFAULT		0	0	no_evidence		-
0074E847	FUN_0074e847	return		<RETURN>	/undefined4	EAX:4	DEFAULT		0	0	no_evidence		-
0074E88E	FUN_0074e88e	return		<RETURN>	/undefined4	EAX:4	DEFAULT		0	0	no_evidence		-
0074E8DF	FUN_0074e8df	return		<RETURN>	/undefined4	EAX:4	DEFAULT		0	0	no_evidence		-
0074E930	FUN_0074e930	parameter	1	param_2	/undefined4	Stack[0x8]:4	DEFAULT		0	0	no_evidence		-
0074E962	FUN_0074e962	parameter	1	param_2	/undefined4	Stack[0x8]:4	DEFAULT		0	0	no_evidence		-
0074E994	FUN_0074e994	parameter	1	param_2	/undefined4	Stack[0x8]:4	DEFAULT		0	0	no_evidence		-
0074E9C6	FUN_0074e9c6	parameter	1	param_2	/undefined4	Stack[0x8]:4	DEFAULT		0	0	no_evidence		-
0074E9F8	FUN_0074e9f8	parameter	1	param_2	/undefined4	Stack[0x8]:4	DEFAULT		0	0	no_evidence		-
0074EA2A	FUN_0074ea2a	parameter	1	param_2	/undefined4	Stack[0x8]:4	DEFAULT		0	0	no_evidence		-
0074EA5C	FUN_0074ea5c	parameter	1	param_2	/undefined4	Stack[0x8]:4	DEFAULT		0	0	no_evidence		-
0074EA8E	FUN_0074ea8e	parameter	1	param_2	/undefined4	Stack[0x8]:4	DEFAULT		0	0	no_evidence		-
0074EA8E	FUN_0074ea8e	parameter	2	param_3	/undefined4	Stack[0xc]:4	DEFAULT		0	0	no_evidence		-
0074EA8E	FUN_0074ea8e	parameter	3	param_4	/undefined4	Stack[0x10]:4	DEFAULT		0	0	no_evidence		-
0074EA8E	FUN_0074ea8e	parameter	4	param_5	/undefined4	Stack[0x14]:4	DEFAULT		0	0	no_evidence		-
0074EA8E	FUN_0074ea8e	parameter	5	param_6	/undefined4	Stack[0x18]:4	DEFAULT		0	0	no_evidence		-
0074EACC	FUN_0074eacc	parameter	1	param_2	/undefined4	Stack[0x8]:4	DEFAULT		0	0	no_evidence		-
0074EACC	FUN_0074eacc	parameter	2	param_3	/undefined4	Stack[0xc]:4	DEFAULT		0	0	no_evidence		-
0074EACC	FUN_0074eacc	parameter	3	param_4	/undefined4	Stack[0x10]:4	DEFAULT		0	0	no_evidence		-
0074EACC	FUN_0074eacc	parameter	4	param_5	/undefined4	Stack[0x14]:4	DEFAULT		0	0	no_evidence		-
0074EB07	FUN_0074eb07	parameter	1	param_2	/undefined4	Stack[0x8]:4	DEFAULT		0	0	no_evidence		-
0074EB07	FUN_0074eb07	parameter	2	param_3	/undefined4	Stack[0xc]:4	DEFAULT		0	0	no_evidence		-
0074EB3C	FUN_0074eb3c	parameter	2	param_2	/undefined4	Stack[0x8]:4	DEFAULT		0	0	no_evidence		-
0074EB6B	FUN_0074eb6b	parameter	1	param_2	/undefined4	Stack[0x8]:4	DEFAULT		0	0	no_evidence		-
0074EB99	FUN_0074eb99	return		<RETURN>	/undefined	<UNASSIGNED>	DEFAULT	/int	1	1	width_mismatch	{/int=1}	0074EB99 returns return of FUN_0074eb3c @ 0074EBAB
0074EBAE	FUN_0074ebae	return		<RETURN>	/undefined	<UNASSIGNED>	DEFAULT	/int	1	1	width_mismatch	{/int=1}	0074EBAE returns return of FUN_0074eb3c @ 0074EBC0
0074EBC3	FUN_0074ebc3	return		<RETURN>	/undefined	<UNASSIGNED>	DEFAULT	/int	1	1	width_mismatch	{/int=1}	0074EBC3 returns return of FUN_0074eb3c @ 0074EBD5
0074EBD8	FUN_0074ebd8	parameter	1	param_2	/undefined4	Stack[0x8]:4	DEFAULT		0	0	no_evidence		-
0074EBD8	FUN_0074ebd8	parameter	2	param_3	/undefined4	Stack[0xc]:4	DEFAULT		0	0	no_evidence		-
0074EC0D	FUN_0074ec0d	parameter	1	param_2	/undefined4	Stack[0x8]:4	DEFAULT		0	0	no_evidence		-
0074EC87	FUN_0074ec87	parameter	1	param_2	/undefined4	Stack[0x8]:4	DEFAULT		0	0	no_evidence		-
0074ECBC	FUN_0074ecbc	parameter	1	param_2	/undefined4	Stack[0x8]:4	DEFAULT		0	0	no_evidence		-
0074ECF1	FUN_0074ecf1	parameter	1	param_2	/undefined8	Stack[0x8]:8	DEFAULT		0	0	no_evidence		-
0074ED2B	FUN_0074ed2b	parameter	1	param_2	/undefined4	Stack[0x8]:4	DEFAULT		0	0	no_evidence		-
0074ED60	FUN_0074ed60	parameter	1	param_2	/undefined8	Stack[0x8]:8	DEFAULT		0	0	no_evidence		-
0074ED9A	FUN_0074ed9a	parameter	1	param_2	/undefined4	Stack[0x8]:4	DEFAULT		0	0	no_evidence		-
0074EDCF	FUN_0074edcf	parameter	1	param_2	/undefined8	Stack[0x8]:8	DEFAULT		0	0	no_evidence		-
0074EE09	FUN_0074ee09	parameter	1	param_2	/undefined4	Stack[0x8]:4	DEFAULT		0	0	no_evidence		-
0074EE89	FUN_0074ee89	parameter	1	param_2	/undefined4	Stack[0x8]:4	DEFAULT		0	0	no_evidence		-
0074EEBE	FUN_0074eebe	parameter	1	param_2	/undefined4	Stack[0x8]:4	DEFAULT		0	0	no_evidence		-
0074EEF3	FUN_0074eef3	parameter	1	param_1	/undefined4	Stack[0x4]:4	DEFAULT		0	0	no_evidence		-
0074EF64	FUN_0074ef64	return		<RETURN>	/undefined	<UNASSIGNED>	DEFAULT		0	0	no_evidence		-
0074EFEA	FUN_0074efea	parameter	1	param_1	/undefined4	Stack[0x4]:4	DEFAULT		0	0	no_evidence		-
0074EFEA	FUN_0074efea	parameter	2	param_2	/undefined4	Stack[0x8]:4	DEFAULT		0	0	no_evidence		-
0074EFEA	FUN_0074efea	parameter	3	param_3	/undefined4	Stack[0xc]:4	DEFAULT		0	0	no_evidence		-
0074EFEA	FUN_0074efea	parameter	4	param_4	/undefined4	Stack[0x10]:4	DEFAULT		0	0	no_evidence		-
0074EFEA	FUN_0074efea	return		<RETURN>	/undefined4	EAX:4	DEFAULT		0	0	no_evidence		-
0074F026	FUN_0074f026	return		<RETURN>	/undefined	<UNASSIGNED>	DEFAULT		0	0	no_evidence		-
0074F03D	FUN_0074f03d	return		<RETURN>	/undefined	<UNASSIGNED>	DEFAULT		0	0	no_evidence		-
0074F04D	FUN_0074f04d	parameter	1	param_1	/undefined4	Stack[0x4]:4	DEFAULT		0	0	no_evidence		-
0074F0C0	FUN_0074f0c0	return		<RETURN>	/undefined	<UNASSIGNED>	DEFAULT		0	0	no_evidence		-
0074F0D0	FUN_0074f0d0	return		<RETURN>	/undefined	<UNASSIGNED>	DEFAULT		0	0	no_evidence		-
0074F0D8	FUN_0074f0d8	return		<RETURN>	/undefined4	EAX:4	DEFAULT		0	0	no_evidence		-
0074F158	FUN_0074f158	parameter	1	param_1	/undefined4	Stack[0x4]:4	DEFAULT		0	0	no_evidence		-
0074F158	FUN_0074f158	parameter	3	param_3	/undefined4	Stack[0xc]:4	DEFAULT		0	0	no_evidence		-
0074F158	FUN_0074f158	parameter	4	param_4	/undefined4	Stack[0x10]:4	DEFAULT		0	0	no_evidence		-
0074F1A9	FUN_0074f1a9	return		<RETURN>	/undefined4	EAX:4	DEFAULT		0	0	no_evidence		-
0074F1F0	FUN_0074f1f0	parameter	0	param_1	/undefined4	Stack[0x4]:4	DEFAULT		0	0	no_evidence		-
0074F368	FUN_0074f368	parameter	0	param_1	/undefined4	Stack[0x4]:4	DEFAULT		0	0	no_evidence		-
0074F368	FUN_0074f368	parameter	3	param_4	/undefined4	Stack[0x10]:4	DEFAULT		0	0	no_evidence		-
0074F368	FUN_0074f368	parameter	4	param_5	/undefined4	Stack[0x14]:4	DEFAULT		0	0	no_evidence		-
0074F368	FUN_0074f368	return		<RETURN>	/undefined4	EAX:4	DEFAULT		0	0	no_evidence		-
0074F3C0	FUN_0074f3c0	return		<RETURN>	/undefined4	EAX:4	DEFAULT		0	0	no_evidence		-
0074F59B	FUN_0074f59b	parameter	1	param_1	/undefined4	Stack[0x4]:4	DEFAULT		0	0	no_evidence		-
0074F59B	FUN_0074f59b	parameter	3	param_3	/undefined4	Stack[0xc]:4	DEFAULT		0	0	no_evidence		-
0074F59B	FUN_0074f59b	parameter	4	param_4	/undefined4	Stack[0x10]:4	DEFAULT		0	0	no_evidence		-
0074F5D8	FUN_0074f5d8	return		<RETURN>	/undefined4	EAX:4	DEFAULT		0	0	no_evidence		-
0074F75F	FUN_0074f75f	parameter	1	param_1	/undefined4	Stack[0x4]:4	DEFAULT		0	0	no_evidence		-
0074F77C	FUN_0074f77c	return		<RETURN>	/undefined	<UNASSIGNED>	DEFAULT		0	0	no_evidence		-
0074F7E9	FUN_0074f7e9	parameter	1	param_2	/undefined4	Stack[0x8]:4	DEFAULT		0	0	no_evidence		-
0074F7E9	FUN_0074f7e9	parameter	2	param_3	/undefined4	Stack[0xc]:4	DEFAULT		0	0	no_evidence		-
0074F7E9	FUN_0074f7e9	parameter	3	param_4	/undefined4	Stack[0x10]:4	DEFAULT		0	0	no_evidence		-
0074F7E9	FUN_0074f7e9	parameter	5	param_6	/undefined4	Stack[0x18]:4	DEFAULT		0	0	no_evidence		-
0074F7E9	FUN_0074f7e9	return		<RETURN>	/undefined	<UNASSIGNED>	DEFAULT	/uint	1	1	width_mismatch	{/uint=1}	0074F7E9 returns return of FUN_0074e40e @ 0074F80A
0074F80D	FUN_0074f80d	parameter	1	param_2	/undefined4	Stack[0x8]:4	DEFAULT		0	0	no_evidence		-
0074F80D	FUN_0074f80d	parameter	3	param_4	/undefined4	Stack[0x10]:4	DEFAULT		0	0	no_evidence		-
0074F80D	FUN_0074f80d	parameter	4	param_5	/undefined4	Stack[0x14]:4	DEFAULT		0	0	no_evidence		-
0074F80D	FUN_0074f80d	parameter	5	param_6	/undefined4	Stack[0x18]:4	DEFAULT		0	0	no_evidence		-
0074F80D	FUN_0074f80d	parameter	6	param_7	/undefined4	Stack[0x1c]:4	DEFAULT		0	0	no_evidence		-
0074F80D	FUN_0074f80d	parameter	7	param_8	/undefined4	Stack[0x20]:4	DEFAULT		0	0	no_evidence		-
0074F80D	FUN_0074f80d	parameter	8	param_9	/undefined4	Stack[0x24]:4	DEFAULT		0	0	no_evidence		-
0074F86F	FUN_0074f86f	parameter	1	param_1	/undefined4	Stack[0x4]:4	DEFAULT		0	0	no_evidence		-
0074F88C	FUN_0074f88c	return		<RETURN>	/undefined	<UNASSIGNED>	DEFAULT		0	0	no_evidence		-
0074F8F9	FUN_0074f8f9	parameter	1	param_2	/undefined4	Stack[0x8]:4	DEFAULT		0	0	no_evidence		-
0074F8F9	FUN_0074f8f9	parameter	2	param_3	/undefined4	Stack[0xc]:4	DEFAULT		0	0	no_evidence		-
0074F8F9	FUN_0074f8f9	parameter	3	param_4	/undefined4	Stack[0x10]:4	DEFAULT		0	0	no_evidence		-
0074F8F9	FUN_0074f8f9	parameter	5	param_6	/undefined4	Stack[0x18]:4	DEFAULT		0	0	no_evidence		-
0074F8F9	FUN_0074f8f9	return		<RETURN>	/undefined	<UNASSIGNED>	DEFAULT	/uint	1	1	width_mismatch	{/uint=1}	0074F8F9 returns return of FUN_0074e40e @ 0074F91A
0074F91D	FUN_0074f91d	parameter	1	param_2	/undefined4	Stack[0x8]:4	DEFAULT		0	0	no_evidence		-
0074F91D	FUN_0074f91d	parameter	3	param_4	/undefined4	Stack[0x10]:4	DEFAULT		0	0	no_evidence		-
0074F91D	FUN_0074f91d	parameter	4	param_5	/undefined4	Stack[0x14]:4	DEFAULT		0	0	no_evidence		-
0074F91D	FUN_0074f91d	parameter	5	param_6	/undefined4	Stack[0x18]:4	DEFAULT		0	0	no_evidence		-
0074F91D	FUN_0074f91d	parameter	6	param_7	/undefined4	Stack[0x1c]:4	DEFAULT		0	0	no_evidence		-
0074F91D	FUN_0074f91d	parameter	7	param_8	/undefined4	Stack[0x20]:4	DEFAULT		0	0	no_evidence		-
0074F91D	FUN_0074f91d	parameter	8	param_9	/undefined4	Stack[0x24]:4	DEFAULT		0	0	no_evidence		-
0074F97F	FUN_0074f97f	parameter	1	param_1	/undefined4	Stack[0x4]:4	DEFAULT		0	0	no_evidence		-
0074F99C	FUN_0074f99c	return		<RETURN>	/undefined	<UNASSIGNED>	DEFAULT		0	0	no_evidence		-
0074FA1D	FUN_0074fa1d	parameter	1	param_2	/undefined4	Stack[0x8]:4	DEFAULT		0	0	no_evidence		-
0074FA1D	FUN_0074fa1d	parameter	2	param_3	/undefined4	Stack[0xc]:4	DEFAULT		0	0	no_evidence		-
0074FA1D	FUN_0074fa1d	parameter	3	param_4	/undefined4	Stack[0x10]:4	DEFAULT		0	0	no_evidence		-
0074FA1D	FUN_0074fa1d	parameter	5	param_6	/undefined4	Stack[0x18]:4	DEFAULT		0	0	no_evidence		-
0074FA1D	FUN_0074fa1d	return		<RETURN>	/undefined	<UNASSIGNED>	DEFAULT	/uint	1	1	width_mismatch	{/uint=1}	0074FA1D returns return of FUN_0074e40e @ 0074FA3E
0074FA41	FUN_0074fa41	parameter	1	param_2	/undefined4	Stack[0x8]:4	DEFAULT		0	0	no_evidence		-
0074FA41	FUN_0074fa41	parameter	3	param_4	/undefined4	Stack[0x10]:4	DEFAULT		0	0	no_evidence		-
0074FA41	FUN_0074fa41	parameter	4	param_5	/undefined4	Stack[0x14]:4	DEFAULT		0	0	no_evidence		-
0074FA41	FUN_0074fa41	parameter	5	param_6	/undefined4	Stack[0x18]:4	DEFAULT		0	0	no_evidence		-
0074FA41	FUN_0074fa41	parameter	6	param_7	/undefined4	Stack[0x1c]:4	DEFAULT		0	0	no_evidence		-
0074FA41	FUN_0074fa41	parameter	7	param_8	/undefined4	Stack[0x20]:4	DEFAULT		0	0	no_evidence		-
0074FA41	FUN_0074fa41	parameter	8	param_9	/undefined4	Stack[0x24]:4	DEFAULT		0	0	no_evidence		-
0074FBF6	FUN_0074fbf6	return		<RETURN>	/undefined	<UNASSIGNED>	DEFAULT		0	0	no_evidence		-
0074FC49	FUN_0074fc49	parameter	5	param_5	/undefined4	Stack[0x14]:4	DEFAULT		0	0	no_evidence		-
0074FC49	FUN_0074fc49	parameter	6	param_6	/undefined4	Stack[0x18]:4	DEFAULT		0	0	no_evidence		-
0074FC49	FUN_0074fc49	parameter	13	param_13	/undefined4	Stack[0x34]:4	DEFAULT		0	0	no_evidence		-
0074FD33	FUN_0074fd33	return		<RETURN>	/undefined	<UNASSIGNED>	DEFAULT		0	0	no_evidence		-
0074FD4A	FUN_0074fd4a	return		<RETURN>	/undefined	<UNASSIGNED>	DEFAULT		0	0	no_evidence		-
0074FD5A	FUN_0074fd5a	return		<RETURN>	/undefined	<UNASSIGNED>	DEFAULT		0	0	no_evidence		-
0074FD86	FUN_0074fd86	return		<RETURN>	/undefined	<UNASSIGNED>	DEFAULT		0	0	no_evidence		-
0074FDAB	FUN_0074fdab	return		<RETURN>	/undefined	<UNASSIGNED>	DEFAULT		0	0	no_evidence		-
0074FE15	FUN_0074fe15	return		<RETURN>	/undefined	<UNASSIGNED>	DEFAULT		0	0	no_evidence		-
0074FE1D	FUN_0074fe1d	return		<RETURN>	/undefined	<UNASSIGNED>	DEFAULT		0	0	no_evidence		-
0074FEA4	FUN_0074fea4	return		<RETURN>	/undefined4	EAX:4	DEFAULT		0	0	no_evidence		-
0074FFD2	FUN_0074ffd2	return		<RETURN>	/undefined	<UNASSIGNED>	DEFAULT		0	0	no_evidence		-
00750080	FUN_00750080	parameter	3	param_3	/undefined8	Stack[0xc]:8	DEFAULT		0	0	no_evidence		-
00750080	FUN_00750080	parameter	10	param_10	/undefined4	Stack[0x2c]:4	DEFAULT		0	0	no_evidence		-
00750104	FUN_00750104	return		<RETURN>	/undefined4	EAX:4	DEFAULT		0	0	no_evidence		-
0075019F	FUN_0075019f	return		<RETURN>	/undefined4	EAX:4	DEFAULT		0	0	no_evidence		-
0075022F	FUN_0075022f	return		<RETURN>	/undefined4	EAX:4	DEFAULT		0	0	no_evidence		-
0075034D	FUN_0075034d	parameter	1	param_1	/undefined4	Stack[0x4]:4	DEFAULT		0	0	no_evidence		-
0075034D	FUN_0075034d	parameter	2	param_2	/undefined4	Stack[0x8]:4	DEFAULT		0	0	no_evidence		-
0075034D	FUN_0075034d	return		<RETURN>	/undefined4	EAX:4	DEFAULT		0	0	no_evidence		-
00750385	FUN_00750385	return		<RETURN>	/undefined4	EAX:4	DEFAULT		0	0	no_evidence		-
007503AA	FUN_007503aa	return		<RETURN>	/undefined4	EAX:4	DEFAULT		0	0	no_evidence		-
00750469	FUN_00750469	return		<RETURN>	/undefined4	EAX:4	DEFAULT		0	0	no_evidence		-
00750565	FUN_00750565	return		<RETURN>	/undefined	<UNASSIGNED>	DEFAULT		0	0	no_evidence		-
0075056F	FUN_0075056f	return		<RETURN>	/undefined	<UNASSIGNED>	DEFAULT		0	0	no_evidence		-
00750579	FUN_00750579	return		<RETURN>	/undefined	<UNASSIGNED>	DEFAULT		0	0	no_evidence		-
00750660	FUN_00750660	return		<RETURN>	/undefined	<UNASSIGNED>	DEFAULT		0	0	no_evidence		-
007508F0	FUN_007508f0	return		<RETURN>	/undefined4	EAX:4	DEFAULT		0	0	no_evidence		-
00750920	FUN_00750920	parameter	2	param_3	/undefined2	Stack[0xc]:2	DEFAULT		0	0	no_evidence		-
00750920	FUN_00750920	parameter	3	param_4	/undefined4	Stack[0x10]:4	DEFAULT		0	0	no_evidence		-
00750920	FUN_00750920	return		<RETURN>	/undefined	<UNASSIGNED>	DEFAULT		0	0	no_evidence		-
00750940	FUN_00750940	parameter	2	param_3	/undefined2	Stack[0xc]:2	DEFAULT		0	0	no_evidence		-
00750940	FUN_00750940	parameter	3	param_4	/undefined4	Stack[0x10]:4	DEFAULT		0	0	no_evidence		-
00750940	FUN_00750940	return		<RETURN>	/undefined	<UNASSIGNED>	DEFAULT		0	0	no_evidence		-
00750970	FUN_00750970	return		<RETURN>	/undefined	<UNASSIGNED>	DEFAULT		0	0	no_evidence		-
00750BA0	Library::DKW::DB::FUN_00750ba0	return		<RETURN>	/undefined	<UNASSIGNED>	DEFAULT		0	0	no_evidence		-
00750F10	FUN_00750f10	return		<RETURN>	/undefined4	EAX:4	DEFAULT		0	0	no_evidence		-
00750F20	FUN_00750f20	parameter	1	param_2	/undefined4	Stack[0x8]:4	DEFAULT		0	0	no_evidence		-
00750F20	FUN_00750f20	parameter	2	param_3	/undefined4	Stack[0xc]:4	DEFAULT		0	0	no_evidence		-
00750F20	FUN_00750f20	return		<RETURN>	/undefined	<UNASSIGNED>	DEFAULT		0	0	no_evidence		-
00750FB0	FUN_00750fb0	parameter	1	param_2	/undefined4	Stack[0x8]:4	DEFAULT		0	0	no_evidence		-
00750FB0	FUN_00750fb0	parameter	2	param_3	/undefined4	Stack[0xc]:4	DEFAULT		0	0	no_evidence		-
00750FB0	FUN_00750fb0	return		<RETURN>	/undefined	<UNASSIGNED>	DEFAULT		0	0	no_evidence		-
00751140	FUN_00751140	parameter	2	param_3	/undefined4	Stack[0xc]:4	DEFAULT		0	0	no_evidence		-
00751140	FUN_00751140	parameter	3	param_4	/undefined4	Stack[0x10]:4	DEFAULT		0	0	no_evidence		-
00751140	FUN_00751140	return		<RETURN>	/undefined	<UNASSIGNED>	DEFAULT	/int	1	1	width_mismatch	{/int=1}	00751140 returns return of FUN_00753f10 @ 00751160
007514F0	Library::DKW::PK::FUN_007514f0	return		<RETURN>	/undefined	<UNASSIGNED>	DEFAULT		0	0	no_evidence		-
007515E0	Library::DKW::PK::FUN_007515e0	return		<RETURN>	/undefined	<UNASSIGNED>	DEFAULT		0	0	no_evidence		-
00751B10	FUN_00751b10	return		<RETURN>	/undefined4	EAX:4	DEFAULT		0	0	no_evidence		-
00751C40	FUN_00751c40	parameter	0	param_1	/undefined4	Stack[0x4]:4	DEFAULT		0	0	no_evidence		-
00751C40	FUN_00751c40	return		<RETURN>	/undefined	<UNASSIGNED>	DEFAULT		0	0	no_evidence		-
00751E70	Library::DKW::JPG::FUN_00751e70	return		<RETURN>	/undefined4	EAX:4	DEFAULT		0	0	no_evidence		-
00751F30	Library::DKW::GPC::FUN_00751f30	parameter	0	param_1	/undefined4	Stack[0x4]:4	DEFAULT		0	0	no_evidence		-
00751FC0	Library::DKW::GPC::FUN_00751fc0	parameter	0	param_1	/undefined4	Stack[0x4]:4	DEFAULT		0	0	no_evidence		-
00752060	FUN_00752060	return		<RETURN>	/undefined	<UNASSIGNED>	DEFAULT	/winnt.h/LONG	1	1	width_mismatch	{/winnt.h/LONG=1}	00752060 returns return of KERNEL32.DLL::_llseek @ 00752075
00752080	FUN_00752080	return		<RETURN>	/undefined	<UNASSIGNED>	DEFAULT	/winnt.h/LONG	1	1	width_mismatch	{/winnt.h/LONG=1}	00752080 returns return of KERNEL32.DLL::_llseek @ 00752097
007521B0	FUN_007521b0	return		<RETURN>	/undefined4	EAX:4	DEFAULT		0	0	no_evidence		-
00752CF0	FUN_00752cf0	return		<RETURN>	/undefined	<UNASSIGNED>	DEFAULT		0	0	no_evidence		-
00752E10	FUN_00752e10	return		<RETURN>	/undefined	<UNASSIGNED>	DEFAULT	/int	1	1	width_mismatch	{/int=1}	00752E10 returns return of Library::DKW::DDX::FUN_006c53b0 @ 00752E33
00753020	FUN_00753020	return		<RETURN>	/undefined	<UNASSIGNED>	DEFAULT		0	0	no_evidence		-
00753050	FUN_00753050	return		<RETURN>	/undefined	<UNASSIGNED>	DEFAULT		0	0	no_evidence		-
007530F0	FUN_007530f0	parameter	3	param_4	/undefined4	Stack[0x10]:4	DEFAULT		0	0	no_evidence		-
00753260	FUN_00753260	return		<RETURN>	/undefined	<UNASSIGNED>	DEFAULT		0	0	no_evidence		-
00753300	Library::DKW::DB::FUN_00753300	parameter	2	param_3	/undefined2	Stack[0xc]:2	DEFAULT	/ushort	0	1	insufficient_independent_evidence	{/ushort=1}	00750970 -> 00753300 @ 00750985; literal 0 at 00750981
00753300	Library::DKW::DB::FUN_00753300	parameter	4	param_5	/undefined4	Stack[0x14]:4	DEFAULT		0	0	no_evidence		-
007537C0	Library::DKW::DB::FUN_007537c0	parameter	2	param_3	/undefined2	Stack[0xc]:2	DEFAULT		0	0	no_evidence		-
00753AE0	FUN_00753ae0	return		<RETURN>	/undefined	<UNASSIGNED>	DEFAULT	pointer:/int	1	1	width_mismatch	{pointer:/int=1}	00753AE0 returns return of Library::DKW::DB::FUN_00753920 @ 00753AF5
00753B00	FUN_00753b00	parameter	2	param_3	/undefined2	Stack[0xc]:2	DEFAULT		0	0	no_evidence		-
00753B00	FUN_00753b00	return		<RETURN>	/undefined	<UNASSIGNED>	DEFAULT		0	0	no_evidence		-
00753B80	FUN_00753b80	parameter	1	param_2	/undefined4	Stack[0x8]:4	DEFAULT		0	0	no_evidence		-
00753B80	FUN_00753b80	return		<RETURN>	/undefined	<UNASSIGNED>	DEFAULT		0	0	no_evidence		-
00753D90	Library::DKW::DB::FUN_00753d90	parameter	2	param_3	/undefined4	Stack[0xc]:4	DEFAULT		0	0	no_evidence		-
00753F10	FUN_00753f10	parameter	0	param_1	/undefined4	Stack[0x4]:4	DEFAULT		0	0	no_evidence		-
00753F10	FUN_00753f10	parameter	1	param_2	/undefined4	Stack[0x8]:4	DEFAULT	pointer:/char	0	1	insufficient_independent_evidence	{pointer:/char=1}	00751140 -> 00753F10 @ 00751157; FUN_00751140 parameter param_1
00753F10	FUN_00753f10	parameter	3	param_4	/undefined4	Stack[0x10]:4	DEFAULT		0	0	no_evidence		-
00753F10	FUN_00753f10	parameter	4	param_5	/undefined4	Stack[0x14]:4	DEFAULT		0	0	no_evidence		-
00753F10	FUN_00753f10	parameter	5	param_6	/undefined4	Stack[0x18]:4	DEFAULT		0	0	no_evidence		-
00753FA7	FUN_00753fa7	return		<RETURN>	/undefined	<UNASSIGNED>	DEFAULT		0	0	no_evidence		-
00753FD0	FUN_00753fd0	parameter	0	param_1	/undefined4	ECX:4	DEFAULT		0	0	no_evidence		-
00753FD0	FUN_00753fd0	parameter	1	param_2	/undefined4	EDX:4	DEFAULT		0	0	no_evidence		-
00753FD0	FUN_00753fd0	return		<RETURN>	/undefined8	EDX:4,EAX:4	DEFAULT		0	0	no_evidence		-
00754068	FUN_00754068	return		<RETURN>	/undefined	<UNASSIGNED>	DEFAULT		0	0	no_evidence		-
007540AC	FUN_007540ac	return		<RETURN>	/undefined	<UNASSIGNED>	DEFAULT		0	0	no_evidence		-
00754185	FUN_00754185	parameter	0	param_1	/undefined4	ECX:4	DEFAULT		0	0	no_evidence		-
00754185	FUN_00754185	parameter	1	param_2	/undefined4	EDX:4	DEFAULT		0	0	no_evidence		-
00754185	FUN_00754185	return		<RETURN>	/undefined	<UNASSIGNED>	DEFAULT		0	0	no_evidence		-
00754390	FUN_00754390	return		<RETURN>	/undefined4	EAX:4	DEFAULT		0	0	no_evidence		-
007543F0	FUN_007543f0	return		<RETURN>	/undefined4	EAX:4	DEFAULT		0	0	no_evidence		-
00754530	Library::DKW::JPG::FUN_00754530	parameter	4	param_5	/undefined4	Stack[0x14]:4	DEFAULT		0	0	no_evidence		-
00754AF0	FUN_00754af0	return		<RETURN>	/undefined	<UNASSIGNED>	DEFAULT		0	0	no_evidence		-
00754B80	FUN_00754b80	parameter	4	param_5	/undefined4	Stack[0x14]:4	DEFAULT		0	0	no_evidence		-
00754B80	FUN_00754b80	return		<RETURN>	/undefined	<UNASSIGNED>	DEFAULT		0	0	no_evidence		-
00754F40	FUN_00754f40	return		<RETURN>	/undefined4	EAX:4	DEFAULT		0	0	no_evidence		-
00754FD0	FUN_00754fd0	parameter	1	param_2	/undefined4	Stack[0x8]:4	DEFAULT		0	0	no_evidence		-
007553F0	FUN_007553f0	return		<RETURN>	/undefined4	EAX:4	DEFAULT		0	0	no_evidence		-
00755560	FUN_00755560	parameter	3	param_4	/undefined4	Stack[0x10]:4	DEFAULT		0	0	no_evidence		-
00755DA0	FUN_00755da0	return		<RETURN>	/undefined	<UNASSIGNED>	DEFAULT		0	0	no_evidence		-
00755E10	FUN_00755e10	parameter	2	param_3	/undefined4	Stack[0xc]:4	DEFAULT		0	0	no_evidence		-
00756200	Library::DKW::JPG::FUN_00756200	return		<RETURN>	/undefined	<UNASSIGNED>	DEFAULT		0	0	no_evidence		-
007562C0	FUN_007562c0	return		<RETURN>	/undefined	<UNASSIGNED>	DEFAULT		0	0	no_evidence		-
007562D0	FUN_007562d0	return		<RETURN>	/undefined	<UNASSIGNED>	DEFAULT		0	0	no_evidence		-
007562E0	Library::DKW::JPG::FUN_007562e0	parameter	2	param_3	/undefined4	Stack[0xc]:4	DEFAULT		0	0	no_evidence		-
007562E0	Library::DKW::JPG::FUN_007562e0	return		<RETURN>	/undefined	<UNASSIGNED>	DEFAULT		0	0	no_evidence		-
00756480	FUN_00756480	return		<RETURN>	/undefined	<UNASSIGNED>	DEFAULT		0	0	no_evidence		-
007565B0	Library::DKW::JPG::FUN_007565b0	return		<RETURN>	/undefined4	EAX:4	DEFAULT		0	0	no_evidence		-
00756600	Library::DKW::JPG::FUN_00756600	return		<RETURN>	/undefined4	EAX:4	DEFAULT		0	0	no_evidence		-
00756650	Library::DKW::JPG::FUN_00756650	return		<RETURN>	/undefined4	EAX:4	DEFAULT		0	0	no_evidence		-
00756720	Library::DKW::JPG::FUN_00756720	return		<RETURN>	/undefined4	EAX:4	DEFAULT		0	0	no_evidence		-
007568D0	Library::DKW::JPG::FUN_007568d0	parameter	1	param_2	/undefined4	Stack[0x8]:4	DEFAULT		0	0	no_evidence		-
007568D0	Library::DKW::JPG::FUN_007568d0	parameter	2	param_3	/undefined4	Stack[0xc]:4	DEFAULT		0	0	no_evidence		-
00756960	Library::DKW::JPG::FUN_00756960	parameter	1	param_2	/undefined4	Stack[0x8]:4	DEFAULT		0	0	no_evidence		-
00756A10	Library::DKW::JPG::FUN_00756a10	return		<RETURN>	/undefined	<UNASSIGNED>	DEFAULT		0	0	no_evidence		-
00756A80	Library::DKW::JPG::FUN_00756a80	return		<RETURN>	/undefined4	EAX:4	DEFAULT		0	0	no_evidence		-
00756B20	Library::DKW::JPG::FUN_00756b20	return		<RETURN>	/undefined	<UNASSIGNED>	DEFAULT		0	0	no_evidence		-
00756D40	FUN_00756d40	return		<RETURN>	/undefined4	EAX:4	DEFAULT		0	0	no_evidence		-
00756DD0	Library::DKW::JPG::FUN_00756dd0	return		<RETURN>	/undefined	<UNASSIGNED>	DEFAULT		0	0	no_evidence		-
00756E50	FUN_00756e50	return		<RETURN>	/undefined	<UNASSIGNED>	DEFAULT		0	0	no_evidence		-
00756E90	Library::DKW::JPG::FUN_00756e90	return		<RETURN>	/undefined	<UNASSIGNED>	DEFAULT		0	0	no_evidence		-
00757070	FUN_00757070	return		<RETURN>	/undefined	<UNASSIGNED>	DEFAULT		0	0	no_evidence		-
007570F0	Library::DKW::JPG::FUN_007570f0	return		<RETURN>	/undefined	<UNASSIGNED>	DEFAULT		0	0	no_evidence		-
00757250	FUN_00757250	return		<RETURN>	/undefined	<UNASSIGNED>	DEFAULT		0	0	no_evidence		-
00757280	FUN_00757280	parameter	1	param_2	/undefined4	Stack[0x8]:4	DEFAULT		0	0	no_evidence		-
00757280	FUN_00757280	return		<RETURN>	/undefined	<UNASSIGNED>	DEFAULT		0	0	no_evidence		-
00757300	Library::DKW::JPG::FUN_00757300	return		<RETURN>	/undefined4	EAX:4	DEFAULT		0	0	no_evidence		-
00757330	FUN_00757330	return		<RETURN>	/undefined	<UNASSIGNED>	DEFAULT		0	0	no_evidence		-
007574C0	FUN_007574c0	return		<RETURN>	/undefined	<UNASSIGNED>	DEFAULT		0	0	no_evidence		-
00757670	FUN_00757670	return		<RETURN>	/undefined	<UNASSIGNED>	DEFAULT		0	0	no_evidence		-
007576C0	FUN_007576c0	return		<RETURN>	/undefined	<UNASSIGNED>	DEFAULT		0	0	no_evidence		-
00757710	FUN_00757710	return		<RETURN>	/undefined	<UNASSIGNED>	DEFAULT		0	0	no_evidence		-
007578F0	Library::DKW::JPG::FUN_007578f0	return		<RETURN>	/undefined	<UNASSIGNED>	DEFAULT		0	0	no_evidence		-
007579A0	FUN_007579a0	return		<RETURN>	/undefined	<UNASSIGNED>	DEFAULT		0	0	no_evidence		-
00757AA0	Library::DKW::JPG::FUN_00757aa0	return		<RETURN>	/undefined	<UNASSIGNED>	DEFAULT		0	0	no_evidence		-
00757C90	FUN_00757c90	return		<RETURN>	/undefined	<UNASSIGNED>	DEFAULT		0	0	no_evidence		-
00757CD0	FUN_00757cd0	return		<RETURN>	/undefined4	EAX:4	DEFAULT		0	0	no_evidence		-
00757D90	FUN_00757d90	return		<RETURN>	/undefined4	EAX:4	DEFAULT		0	0	no_evidence		-
00757E60	FUN_00757e60	return		<RETURN>	/undefined	<UNASSIGNED>	DEFAULT		0	0	no_evidence		-
00757EF0	FUN_00757ef0	return		<RETURN>	/undefined4	EAX:4	DEFAULT		0	0	no_evidence		-
00758010	FUN_00758010	return		<RETURN>	/undefined4	EAX:4	DEFAULT		0	0	no_evidence		-
00758100	FUN_00758100	return		<RETURN>	/undefined4	EAX:4	DEFAULT		0	0	no_evidence		-
00758170	Library::DKW::JPG::FUN_00758170	return		<RETURN>	/undefined4	EAX:4	DEFAULT		0	0	no_evidence		-
00758490	Library::DKW::JPG::FUN_00758490	return		<RETURN>	/undefined	<UNASSIGNED>	DEFAULT		0	0	no_evidence		-
00758530	Library::DKW::JPG::FUN_00758530	parameter	1	param_2	/undefined4	Stack[0x8]:4	DEFAULT		0	0	no_evidence		-
00758530	Library::DKW::JPG::FUN_00758530	return		<RETURN>	/undefined4	EAX:4	DEFAULT		0	0	no_evidence		-
00758800	Library::DKW::JPG::FUN_00758800	return		<RETURN>	/undefined4	EAX:4	DEFAULT		0	0	no_evidence		-
00758A60	Library::DKW::JPG::FUN_00758a60	return		<RETURN>	/undefined4	EAX:4	DEFAULT		0	0	no_evidence		-
00758BC0	Library::DKW::JPG::FUN_00758bc0	return		<RETURN>	/undefined4	EAX:4	DEFAULT		0	0	no_evidence		-
00758DF0	Library::DKW::JPG::FUN_00758df0	return		<RETURN>	/undefined4	EAX:4	DEFAULT		0	0	no_evidence		-
00758FA0	Library::DKW::JPG::FUN_00758fa0	return		<RETURN>	/undefined4	EAX:4	DEFAULT		0	0	no_evidence		-
00759080	Library::DKW::JPG::FUN_00759080	return		<RETURN>	/undefined4	EAX:4	DEFAULT		0	0	no_evidence		-
00759120	FUN_00759120	return		<RETURN>	/undefined4	EAX:4	DEFAULT		0	0	no_evidence		-
00759190	FUN_00759190	return		<RETURN>	/undefined	<UNASSIGNED>	DEFAULT		0	0	no_evidence		-
007591D0	Library::DKW::JPG::FUN_007591d0	return		<RETURN>	/undefined	<UNASSIGNED>	DEFAULT		0	0	no_evidence		-
007593C0	Library::DKW::JPG::FUN_007593c0	return		<RETURN>	/undefined	<UNASSIGNED>	DEFAULT		0	0	no_evidence		-
007595F0	Library::DKW::JPG::FUN_007595f0	parameter	2	param_3	/undefined4	Stack[0xc]:4	DEFAULT		0	0	no_evidence		-
007595F0	Library::DKW::JPG::FUN_007595f0	parameter	3	param_4	/undefined4	Stack[0x10]:4	DEFAULT		0	0	no_evidence		-
007595F0	Library::DKW::JPG::FUN_007595f0	parameter	4	param_5	/undefined4	Stack[0x14]:4	DEFAULT		0	0	no_evidence		-
007595F0	Library::DKW::JPG::FUN_007595f0	parameter	5	param_6	/undefined4	Stack[0x18]:4	DEFAULT		0	0	no_evidence		-
007595F0	Library::DKW::JPG::FUN_007595f0	return		<RETURN>	/undefined	<UNASSIGNED>	DEFAULT		0	0	no_evidence		-
00759660	Library::DKW::JPG::FUN_00759660	parameter	2	param_3	/undefined4	Stack[0xc]:4	DEFAULT		0	0	no_evidence		-
00759660	Library::DKW::JPG::FUN_00759660	parameter	3	param_4	/undefined4	Stack[0x10]:4	DEFAULT		0	0	no_evidence		-
00759660	Library::DKW::JPG::FUN_00759660	parameter	4	param_5	/undefined4	Stack[0x14]:4	DEFAULT		0	0	no_evidence		-
00759660	Library::DKW::JPG::FUN_00759660	parameter	5	param_6	/undefined4	Stack[0x18]:4	DEFAULT		0	0	no_evidence		-
00759660	Library::DKW::JPG::FUN_00759660	return		<RETURN>	/undefined	<UNASSIGNED>	DEFAULT		0	0	no_evidence		-
007596D0	FUN_007596d0	return		<RETURN>	/undefined	<UNASSIGNED>	DEFAULT		0	0	no_evidence		-
00759860	Library::DKW::JPG::FUN_00759860	parameter	0	param_1	/undefined4	Stack[0x4]:4	DEFAULT		0	0	no_evidence		-
007599D0	FUN_007599d0	parameter	0	param_1	/undefined4	Stack[0x4]:4	DEFAULT		0	0	no_evidence		-
00759A80	Library::DKW::JPG::FUN_00759a80	parameter	0	param_1	/undefined4	Stack[0x4]:4	DEFAULT		0	0	no_evidence		-
00759BF0	FUN_00759bf0	parameter	0	param_1	/undefined4	Stack[0x4]:4	DEFAULT		0	0	no_evidence		-
00759CA0	Library::DKW::JPG::FUN_00759ca0	return		<RETURN>	/undefined	<UNASSIGNED>	DEFAULT		0	0	no_evidence		-
00759D90	FUN_00759d90	return		<RETURN>	/undefined	<UNASSIGNED>	DEFAULT		0	0	no_evidence		-
00759DD0	FUN_00759dd0	return		<RETURN>	/undefined	<UNASSIGNED>	DEFAULT		0	0	no_evidence		-
00759E00	FUN_00759e00	return		<RETURN>	/undefined	<UNASSIGNED>	DEFAULT		0	0	no_evidence		-
00759E30	FUN_00759e30	return		<RETURN>	/undefined	<UNASSIGNED>	DEFAULT		0	0	no_evidence		-
00759E50	FUN_00759e50	return		<RETURN>	/undefined	<UNASSIGNED>	DEFAULT		0	0	no_evidence		-
00759EB0	FUN_00759eb0	return		<RETURN>	/undefined	<UNASSIGNED>	DEFAULT		0	0	no_evidence		-
00759F00	FUN_00759f00	return		<RETURN>	/undefined	<UNASSIGNED>	DEFAULT		0	0	no_evidence		-
00759F30	FUN_00759f30	return		<RETURN>	/undefined	<UNASSIGNED>	DEFAULT		0	0	no_evidence		-
00759F50	Library::DKW::JPG::FUN_00759f50	return		<RETURN>	/undefined	<UNASSIGNED>	DEFAULT		0	0	no_evidence		-
0075A040	FUN_0075a040	return		<RETURN>	/undefined	<UNASSIGNED>	DEFAULT		0	0	no_evidence		-
0075A0F0	Library::DKW::JPG::FUN_0075a0f0	return		<RETURN>	/undefined	<UNASSIGNED>	DEFAULT		0	0	no_evidence		-
0075A180	FUN_0075a180	return		<RETURN>	/undefined	<UNASSIGNED>	DEFAULT		0	0	no_evidence		-
0075A2D0	FUN_0075a2d0	parameter	1	param_2	/undefined4	Stack[0x8]:4	DEFAULT		0	0	no_evidence		-
0075A2D0	FUN_0075a2d0	parameter	2	param_3	/undefined4	Stack[0xc]:4	DEFAULT		0	0	no_evidence		-
0075A2D0	FUN_0075a2d0	parameter	3	param_4	/undefined4	Stack[0x10]:4	DEFAULT		0	0	no_evidence		-
0075A2D0	FUN_0075a2d0	return		<RETURN>	/undefined	<UNASSIGNED>	DEFAULT		0	0	no_evidence		-
0075A350	FUN_0075a350	parameter	1	param_2	/undefined4	Stack[0x8]:4	DEFAULT		0	0	no_evidence		-
0075A350	FUN_0075a350	return		<RETURN>	/undefined	<UNASSIGNED>	DEFAULT		0	0	no_evidence		-
0075A490	FUN_0075a490	return		<RETURN>	/undefined	<UNASSIGNED>	DEFAULT		0	0	no_evidence		-
0075A590	FUN_0075a590	return		<RETURN>	/undefined	<UNASSIGNED>	DEFAULT		0	0	no_evidence		-
0075A640	FUN_0075a640	parameter	1	param_2	/undefined4	Stack[0x8]:4	DEFAULT		0	0	no_evidence		-
0075A640	FUN_0075a640	parameter	2	param_3	/undefined4	Stack[0xc]:4	DEFAULT		0	0	no_evidence		-
0075A640	FUN_0075a640	parameter	3	param_4	/undefined4	Stack[0x10]:4	DEFAULT		0	0	no_evidence		-
0075A640	FUN_0075a640	return		<RETURN>	/undefined	<UNASSIGNED>	DEFAULT		0	0	no_evidence		-
0075A670	FUN_0075a670	return		<RETURN>	/undefined	<UNASSIGNED>	DEFAULT		0	0	no_evidence		-
0075A780	FUN_0075a780	return		<RETURN>	/undefined	<UNASSIGNED>	DEFAULT		0	0	no_evidence		-
0075A7A0	FUN_0075a7a0	return		<RETURN>	/undefined	<UNASSIGNED>	DEFAULT		0	0	no_evidence		-
0075A800	FUN_0075a800	return		<RETURN>	/undefined	<UNASSIGNED>	DEFAULT		0	0	no_evidence		-
0075A860	FUN_0075a860	return		<RETURN>	/undefined4	EAX:4	DEFAULT		0	0	no_evidence		-
0075AAB0	FUN_0075aab0	return		<RETURN>	/undefined4	EAX:4	DEFAULT		0	0	no_evidence		-
0075AE60	FUN_0075ae60	return		<RETURN>	/undefined4	EAX:4	DEFAULT		0	0	no_evidence		-
0075B720	FUN_0075b720	return		<RETURN>	/undefined4	EAX:4	DEFAULT		0	0	no_evidence		-
0075B8E0	FUN_0075b8e0	return		<RETURN>	/undefined	<UNASSIGNED>	DEFAULT		0	0	no_evidence		-
0075B920	Library::DKW::JPG::FUN_0075b920	return		<RETURN>	/undefined	<UNASSIGNED>	DEFAULT		0	0	no_evidence		-
0075BA30	FUN_0075ba30	return		<RETURN>	/undefined4	EAX:4	DEFAULT		0	0	no_evidence		-
0075BE40	FUN_0075be40	return		<RETURN>	/undefined4	EAX:4	DEFAULT		0	0	no_evidence		-
0075BED0	FUN_0075bed0	return		<RETURN>	/undefined	<UNASSIGNED>	DEFAULT		0	0	no_evidence		-
0075BF40	Library::DKW::JPG::FUN_0075bf40	return		<RETURN>	/undefined	<UNASSIGNED>	DEFAULT		0	0	no_evidence		-
0075C180	FUN_0075c180	return		<RETURN>	/undefined4	EAX:4	DEFAULT		0	0	no_evidence		-
0075C3B0	FUN_0075c3b0	return		<RETURN>	/undefined4	EAX:4	DEFAULT		0	0	no_evidence		-
0075C440	FUN_0075c440	return		<RETURN>	/undefined4	EAX:4	DEFAULT		0	0	no_evidence		-
0075C680	FUN_0075c680	return		<RETURN>	/undefined4	EAX:4	DEFAULT		0	0	no_evidence		-
0075C790	FUN_0075c790	return		<RETURN>	/undefined4	EAX:4	DEFAULT		0	0	no_evidence		-
0075CB40	FUN_0075cb40	return		<RETURN>	/undefined	<UNASSIGNED>	DEFAULT		0	0	no_evidence		-
0075CBC0	Library::DKW::JPG::FUN_0075cbc0	return		<RETURN>	/undefined	<UNASSIGNED>	DEFAULT		0	0	no_evidence		-
0075CDF0	FUN_0075cdf0	return		<RETURN>	/undefined	<UNASSIGNED>	DEFAULT		0	0	no_evidence		-
0075CE80	Library::DKW::JPG::FUN_0075ce80	return		<RETURN>	/undefined	<UNASSIGNED>	DEFAULT		0	0	no_evidence		-
0075CF90	FUN_0075cf90	parameter	1	param_2	/undefined4	Stack[0x8]:4	DEFAULT		0	0	no_evidence		-
0075CF90	FUN_0075cf90	parameter	2	param_3	/undefined4	Stack[0xc]:4	DEFAULT		0	0	no_evidence		-
0075CF90	FUN_0075cf90	parameter	3	param_4	/undefined4	Stack[0x10]:4	DEFAULT		0	0	no_evidence		-
0075CF90	FUN_0075cf90	return		<RETURN>	/undefined	<UNASSIGNED>	DEFAULT		0	0	no_evidence		-
0075D010	FUN_0075d010	parameter	1	param_2	/undefined4	Stack[0x8]:4	DEFAULT		0	0	no_evidence		-
0075D010	FUN_0075d010	parameter	2	param_3	/undefined4	Stack[0xc]:4	DEFAULT		0	0	no_evidence		-
0075D010	FUN_0075d010	parameter	3	param_4	/undefined4	Stack[0x10]:4	DEFAULT		0	0	no_evidence		-
0075D010	FUN_0075d010	parameter	4	param_5	/undefined4	Stack[0x14]:4	DEFAULT		0	0	no_evidence		-
0075D010	FUN_0075d010	return		<RETURN>	/undefined	<UNASSIGNED>	DEFAULT		0	0	no_evidence		-
0075D0B0	FUN_0075d0b0	return		<RETURN>	/undefined	<UNASSIGNED>	DEFAULT		0	0	no_evidence		-
0075D150	Library::DKW::JPG::FUN_0075d150	return		<RETURN>	/undefined	<UNASSIGNED>	DEFAULT		0	0	no_evidence		-
0075D350	FUN_0075d350	return		<RETURN>	/undefined	<UNASSIGNED>	DEFAULT		0	0	no_evidence		-
0075D370	FUN_0075d370	parameter	3	param_4	/undefined4	Stack[0x10]:4	DEFAULT		0	0	no_evidence		-
0075D370	FUN_0075d370	return		<RETURN>	/undefined	<UNASSIGNED>	DEFAULT		0	0	no_evidence		-
0075D470	FUN_0075d470	parameter	0	param_1	/undefined4	Stack[0x4]:4	DEFAULT		0	0	no_evidence		-
0075D470	FUN_0075d470	parameter	1	param_2	/undefined4	Stack[0x8]:4	DEFAULT		0	0	no_evidence		-
0075D470	FUN_0075d470	parameter	2	param_3	/undefined4	Stack[0xc]:4	DEFAULT		0	0	no_evidence		-
0075D470	FUN_0075d470	return		<RETURN>	/undefined	<UNASSIGNED>	DEFAULT		0	0	no_evidence		-
0075D480	FUN_0075d480	return		<RETURN>	/undefined	<UNASSIGNED>	DEFAULT		0	0	no_evidence		-
0075D490	FUN_0075d490	return		<RETURN>	/undefined	<UNASSIGNED>	DEFAULT		0	0	no_evidence		-
0075D590	FUN_0075d590	parameter	1	param_2	/undefined4	Stack[0x8]:4	DEFAULT		0	0	no_evidence		-
0075D590	FUN_0075d590	return		<RETURN>	/undefined	<UNASSIGNED>	DEFAULT		0	0	no_evidence		-
0075D5F0	FUN_0075d5f0	parameter	1	param_2	/undefined4	Stack[0x8]:4	DEFAULT		0	0	no_evidence		-
0075D5F0	FUN_0075d5f0	return		<RETURN>	/undefined	<UNASSIGNED>	DEFAULT		0	0	no_evidence		-
0075D680	FUN_0075d680	return		<RETURN>	/undefined	<UNASSIGNED>	DEFAULT		0	0	no_evidence		-
0075D740	FUN_0075d740	return		<RETURN>	/undefined	<UNASSIGNED>	DEFAULT		0	0	no_evidence		-
0075D890	Library::DKW::JPG::FUN_0075d890	return		<RETURN>	/undefined	<UNASSIGNED>	DEFAULT		0	0	no_evidence		-
0075DB50	FUN_0075db50	return		<RETURN>	/undefined	<UNASSIGNED>	DEFAULT		0	0	no_evidence		-
0075DC70	FUN_0075dc70	return		<RETURN>	/undefined	<UNASSIGNED>	DEFAULT		0	0	no_evidence		-
0075DD00	FUN_0075dd00	return		<RETURN>	/undefined	<UNASSIGNED>	DEFAULT		0	0	no_evidence		-
0075DD30	FUN_0075dd30	return		<RETURN>	/undefined	<UNASSIGNED>	DEFAULT		0	0	no_evidence		-
0075DE90	FUN_0075de90	return		<RETURN>	/undefined	<UNASSIGNED>	DEFAULT		0	0	no_evidence		-
0075DF10	FUN_0075df10	return		<RETURN>	/undefined	<UNASSIGNED>	DEFAULT		0	0	no_evidence		-
0075DFE0	FUN_0075dfe0	return		<RETURN>	/undefined	<UNASSIGNED>	DEFAULT		0	0	no_evidence		-
0075E000	FUN_0075e000	parameter	1	param_2	/undefined4	Stack[0x8]:4	DEFAULT		0	0	no_evidence		-
0075E000	FUN_0075e000	parameter	3	param_4	/undefined4	Stack[0x10]:4	DEFAULT		0	0	no_evidence		-
0075E000	FUN_0075e000	return		<RETURN>	/undefined	<UNASSIGNED>	DEFAULT		0	0	no_evidence		-
0075E0C0	FUN_0075e0c0	parameter	1	param_2	/undefined4	Stack[0x8]:4	DEFAULT		0	0	no_evidence		-
0075E0C0	FUN_0075e0c0	parameter	3	param_4	/undefined4	Stack[0x10]:4	DEFAULT		0	0	no_evidence		-
0075E0C0	FUN_0075e0c0	return		<RETURN>	/undefined	<UNASSIGNED>	DEFAULT		0	0	no_evidence		-
0075E100	FUN_0075e100	return		<RETURN>	/undefined	<UNASSIGNED>	DEFAULT		0	0	no_evidence		-
0075E260	FUN_0075e260	return		<RETURN>	/undefined	<UNASSIGNED>	DEFAULT		0	0	no_evidence		-
0075E460	Library::DKW::JPG::FUN_0075e460	return		<RETURN>	/undefined	<UNASSIGNED>	DEFAULT		0	0	no_evidence		-
0075E580	FUN_0075e580	return		<RETURN>	/undefined	<UNASSIGNED>	DEFAULT		0	0	no_evidence		-
0075E630	Library::DKW::JPG::FUN_0075e630	return		<RETURN>	/undefined	<UNASSIGNED>	DEFAULT		0	0	no_evidence		-
0075E750	FUN_0075e750	parameter	2	param_3	/undefined4	Stack[0xc]:4	DEFAULT		0	0	no_evidence		-
0075E750	FUN_0075e750	return		<RETURN>	/undefined	<UNASSIGNED>	DEFAULT		0	0	no_evidence		-
0075E7D0	FUN_0075e7d0	return		<RETURN>	/undefined	<UNASSIGNED>	DEFAULT		0	0	no_evidence		-
0075E890	FUN_0075e890	return		<RETURN>	/undefined	<UNASSIGNED>	DEFAULT		0	0	no_evidence		-
0075E980	FUN_0075e980	return		<RETURN>	/undefined	<UNASSIGNED>	DEFAULT		0	0	no_evidence		-
0075EB40	FUN_0075eb40	return		<RETURN>	/undefined	<UNASSIGNED>	DEFAULT		0	0	no_evidence		-
0075EC80	FUN_0075ec80	return		<RETURN>	/undefined	<UNASSIGNED>	DEFAULT		0	0	no_evidence		-
0075EF30	FUN_0075ef30	return		<RETURN>	/undefined	<UNASSIGNED>	DEFAULT		0	0	no_evidence		-
0075EF60	FUN_0075ef60	return		<RETURN>	/undefined	<UNASSIGNED>	DEFAULT		0	0	no_evidence		-
0075F590	FUN_0075f590	return		<RETURN>	/undefined	<UNASSIGNED>	DEFAULT		0	0	no_evidence		-
0075F720	FUN_0075f720	return		<RETURN>	/undefined	<UNASSIGNED>	DEFAULT		0	0	no_evidence		-
0075F740	Library::DKW::JPG::FUN_0075f740	return		<RETURN>	/undefined	<UNASSIGNED>	DEFAULT		0	0	no_evidence		-
0075F7D0	FUN_0075f7d0	return		<RETURN>	/undefined	<UNASSIGNED>	DEFAULT		0	0	no_evidence		-
0075F9D0	FUN_0075f9d0	parameter	0	param_1	/undefined4	Stack[0x4]:4	DEFAULT		0	0	no_evidence		-
0075F9D0	FUN_0075f9d0	parameter	1	param_2	/undefined4	Stack[0x8]:4	DEFAULT		0	0	no_evidence		-
0075FA00	FUN_0075fa00	return		<RETURN>	/undefined	<UNASSIGNED>	DEFAULT		0	0	no_evidence		-
0075FB30	FUN_0075fb30	parameter	1	param_2	/undefined4	Stack[0x8]:4	DEFAULT		0	0	no_evidence		-
0075FB50	FUN_0075fb50	return		<RETURN>	/undefined	<UNASSIGNED>	DEFAULT		0	0	no_evidence		-
0075FBA0	Library::DKW::JPG::FUN_0075fba0	return		<RETURN>	/undefined	<UNASSIGNED>	DEFAULT		0	0	no_evidence		-
0075FCA0	FUN_0075fca0	return		<RETURN>	/undefined	<UNASSIGNED>	DEFAULT		0	0	no_evidence		-
0075FD80	FUN_0075fd80	return		<RETURN>	/undefined	<UNASSIGNED>	DEFAULT		0	0	no_evidence		-
0075FE30	FUN_0075fe30	return		<RETURN>	/undefined	<UNASSIGNED>	DEFAULT		0	0	no_evidence		-
0075FEE0	FUN_0075fee0	return		<RETURN>	/undefined	<UNASSIGNED>	DEFAULT		0	0	no_evidence		-
0075FFF0	FUN_0075fff0	return		<RETURN>	/undefined	<UNASSIGNED>	DEFAULT		0	0	no_evidence		-
00760100	FUN_00760100	return		<RETURN>	/undefined	<UNASSIGNED>	DEFAULT		0	0	no_evidence		-
007602E0	FUN_007602e0	parameter	0	param_1	/undefined4	Stack[0x4]:4	DEFAULT		0	0	no_evidence		-
007602E0	FUN_007602e0	return		<RETURN>	/undefined	<UNASSIGNED>	DEFAULT		0	0	no_evidence		-
00760300	FUN_00760300	parameter	0	param_1	/undefined4	Stack[0x4]:4	DEFAULT		0	0	no_evidence		-
00760320	FUN_00760320	parameter	0	param_1	/undefined4	Stack[0x4]:4	DEFAULT		0	0	no_evidence		-
00760320	FUN_00760320	return		<RETURN>	/undefined	<UNASSIGNED>	DEFAULT		0	0	no_evidence		-
00760340	FUN_00760340	parameter	0	param_1	/undefined4	Stack[0x4]:4	DEFAULT		0	0	no_evidence		-
00760340	FUN_00760340	return		<RETURN>	/undefined	<UNASSIGNED>	DEFAULT		0	0	no_evidence		-
00760360	FUN_00760360	parameter	0	param_1	/undefined4	Stack[0x4]:4	DEFAULT		0	0	no_evidence		-
00760360	FUN_00760360	parameter	1	param_2	/undefined4	Stack[0x8]:4	DEFAULT		0	0	no_evidence		-
00760360	FUN_00760360	parameter	2	param_3	/undefined4	Stack[0xc]:4	DEFAULT		0	0	no_evidence		-
00760360	FUN_00760360	return		<RETURN>	/undefined4	EAX:4	DEFAULT		0	0	no_evidence		-
00760370	Library::DKW::JPG::FUN_00760370	return		<RETURN>	/undefined	<UNASSIGNED>	DEFAULT		0	0	no_evidence		-
00760390	FUN_00760390	return		<RETURN>	/undefined4	EAX:4	DEFAULT		0	0	no_evidence		-
007603B0	FUN_007603b0	return		<RETURN>	/undefined	<UNASSIGNED>	DEFAULT		0	0	no_evidence		-
00760970	FUN_00760970	return		<RETURN>	/undefined	<UNASSIGNED>	DEFAULT		0	0	no_evidence		-
00760DF0	FUN_00760df0	return		<RETURN>	/undefined	<UNASSIGNED>	DEFAULT		0	0	no_evidence		-
007611C0	FUN_007611c0	return		<RETURN>	/undefined	<UNASSIGNED>	DEFAULT		0	0	no_evidence		-
00761550	FUN_00761550	return		<RETURN>	/undefined	<UNASSIGNED>	DEFAULT		0	0	no_evidence		-
00761770	FUN_00761770	return		<RETURN>	/undefined	<UNASSIGNED>	DEFAULT		0	0	no_evidence		-
00761960	FUN_00761960	return		<RETURN>	/undefined4	EAX:4	DEFAULT		0	0	no_evidence		-
00761A00	FUN_00761a00	return		<RETURN>	/undefined	<UNASSIGNED>	DEFAULT	/int	1	1	width_mismatch	{/int=1}	00761A00 returns return of FID_conflict:_remove @ 00761A10
