function_address	function	family	storage_local_parameter	conflicting_value_domains	machine_definitions	consumers	selected_fix	reason	status	pcode_anchor_verified	call_boundary_verified
0040AE40	STGroupBoatC::sub_0040AE40	local_lifetime	local_2c/mg0	pointer(pointer:/short) -> scalar(/int)	0040B92D:t1824 call_argument operand=0 target=006A8270	DEFAULT; direct=006A8270	unattachable High lifetime is represented by the exact address-stable per-use boundary 0040B92D:t1824|006A8270|0	exact call-boundary type is proven, but no same-width transparent p-code path reattaches that argument to one persistent HighSymbol; complete CALL-operand scan records an address-local source view only	neutralized	1	1
0040AE40		unattachable_call_argument_lifetime	generated per-use lifetime	anchors=0040B92D:t1824; target=006A8270; operand=0; locals=local_2c; transition=pointer:/short -> /int	verified by the matching Ghidra analyzer/export evidence	source audit kind=exact_machine_lifetime_call_view	exact source-only lifetime/view; Program ABI unchanged	Ghidra cannot persist this split without merging unrelated machine lifetimes	neutralized	1	1
0040BC90	STGroupBoatC::sub_0040BC90	local_lifetime	local_8/mg0	pointer(pointer:/short) -> scalar(/int)	0040BEC9:t858 call_argument operand=0 target=006A9190	DEFAULT; direct=006A9190	unattachable High lifetime is represented by the exact address-stable per-use boundary 0040BEC9:t858|006A9190|0	exact call-boundary type is proven, but no same-width transparent p-code path reattaches that argument to one persistent HighSymbol; complete CALL-operand scan records an address-local source view only	neutralized	1	1
0040BC90		unattachable_call_argument_lifetime	generated per-use lifetime	anchors=0040BEC9:t858; target=006A9190; operand=0; locals=local_8; transition=pointer:/short -> /int	verified by the matching Ghidra analyzer/export evidence	source audit kind=exact_machine_lifetime_call_view	exact source-only lifetime/view; Program ABI unchanged	Ghidra cannot persist this split without merging unrelated machine lifetimes	neutralized	1	1
0040EB90	FUN_0040eb90	local_lifetime	uVar12/mg0	scalar(/uint) -> scalar(/int)	0040EFC8:t1702 signed_scalar_role operand=-1 target=	INT_SRIGHT	retain neutral or current storage; require an exact per-use view	separate decompiler merge group; exact_type_votes=1; score=4; sources=[scalar_arithmetic]; one-way call conversion alone is review-only	review	1	1
0040EB90	FUN_0040eb90	local_lifetime	uVar12/mg1	scalar(/uint) -> scalar(/int)	0040EEC4:t1309 signed_scalar_role operand=-1 target=	INT_SRIGHT	retain neutral or current storage; require an exact per-use view	separate decompiler merge group; exact_type_votes=1; score=4; sources=[scalar_arithmetic]; one-way call conversion alone is review-only	review	1	1
0040F840	FUN_0040f840	local_lifetime	uVar8/mg1	scalar(/uint) -> scalar(/int)	0040FA9B:t1052 signed_scalar_role operand=-1 target=	INT_SRIGHT	retain neutral or current storage; require an exact per-use view	separate decompiler merge group; exact_type_votes=1; score=4; sources=[scalar_arithmetic]; one-way call conversion alone is review-only	review	1	1
0040F840	FUN_0040f840	local_lifetime	uVar9/mg1	scalar(/uint) -> scalar(/int)	0040FAB4:t1118 signed_scalar_role operand=-1 target=	INT_SRIGHT	retain neutral or current storage; require an exact per-use view	separate decompiler merge group; exact_type_votes=1; score=4; sources=[scalar_arithmetic]; one-way call conversion alone is review-only	review	1	1
00413AF0	FUN_00413af0	local_lifetime	uVar18/mg1	scalar(/uint) -> unknown	00413BAF:t226 signed_scalar_role operand=-1 target=	INT_SRIGHT	retain neutral or current storage; require an exact per-use view	incompatible exact lifetime types=[/int, /uint]	review	1	1
00414A70	FUN_00414a70	local_lifetime	uVar8/mg0	scalar(/uint) -> scalar(/int)	00414D75:t1721 signed_scalar_role operand=-1 target=	INT_SRIGHT	retain neutral or current storage; require an exact per-use view	separate decompiler merge group; exact_type_votes=1; score=4; sources=[scalar_arithmetic]; one-way call conversion alone is review-only	review	1	1
00414A70	FUN_00414a70	local_lifetime	uVar8/mg1	scalar(/uint) -> scalar(/int)	00414E20:t1646 signed_scalar_role operand=-1 target=	INT_SRIGHT	retain neutral or current storage; require an exact per-use view	separate decompiler merge group; exact_type_votes=1; score=4; sources=[scalar_arithmetic]; one-way call conversion alone is review-only	review	1	1
00416400	FUN_00416400	local_lifetime	uVar7/mg0	scalar(/uint) -> scalar(/int)	0041650E:t378 signed_scalar_role operand=-1 target=	INT_SRIGHT	retain neutral or current storage; require an exact per-use view	separate decompiler merge group; exact_type_votes=1; score=4; sources=[scalar_arithmetic]; one-way call conversion alone is review-only	review	1	1
00416400	FUN_00416400	local_lifetime	uVar7/mg1	scalar(/uint) -> scalar(/int)	00416522:t417 signed_scalar_role operand=-1 target=	INT_SRIGHT	retain neutral or current storage; require an exact per-use view	separate decompiler merge group; exact_type_votes=1; score=4; sources=[scalar_arithmetic]; one-way call conversion alone is review-only	review	1	1
00416400	FUN_00416400	local_lifetime	uVar7/mg2	scalar(/uint) -> scalar(/int)	00416533:t453 signed_scalar_role operand=-1 target=	INT_SRIGHT	retain neutral or current storage; require an exact per-use view	separate decompiler merge group; exact_type_votes=1; score=4; sources=[scalar_arithmetic]; one-way call conversion alone is review-only	review	1	1
00418030	SubmarineTitans::Recovered::HiddenThis::RecoveredReceiver_004167A0::FUN_00418030	local_lifetime	uVar11/mg0	scalar(/uint) -> scalar(/int)	004180B2:t162 signed_scalar_role operand=-1 target=	INT_SRIGHT	retain neutral or current storage; require an exact per-use view	separate decompiler merge group; exact_type_votes=1; score=4; sources=[scalar_arithmetic]; one-way call conversion alone is review-only	review	1	1
00418030	SubmarineTitans::Recovered::HiddenThis::RecoveredReceiver_004167A0::FUN_00418030	local_lifetime	uVar11/mg1	scalar(/uint) -> scalar(/int)	004180CC:t210 signed_scalar_role operand=-1 target=	INT_SRIGHT	retain neutral or current storage; require an exact per-use view	separate decompiler merge group; exact_type_votes=1; score=4; sources=[scalar_arithmetic]; one-way call conversion alone is review-only	review	1	1
00418030	SubmarineTitans::Recovered::HiddenThis::RecoveredReceiver_004167A0::FUN_00418030	local_lifetime	uVar11/mg2	scalar(/uint) -> scalar(/int)	004180E6:t258 signed_scalar_role operand=-1 target=	INT_SRIGHT	retain neutral or current storage; require an exact per-use view	separate decompiler merge group; exact_type_votes=1; score=4; sources=[scalar_arithmetic]; one-way call conversion alone is review-only	review	1	1
00418030	SubmarineTitans::Recovered::HiddenThis::RecoveredReceiver_004167A0::FUN_00418030	local_lifetime	uVar11/mg3	scalar(/uint) -> scalar(/int)	0041868A:t626 signed_scalar_role operand=-1 target=	INT_SRIGHT	retain neutral or current storage; require an exact per-use view	separate decompiler merge group; exact_type_votes=1; score=4; sources=[scalar_arithmetic]; one-way call conversion alone is review-only	review	1	1
00418030	SubmarineTitans::Recovered::HiddenThis::RecoveredReceiver_004167A0::FUN_00418030	local_lifetime	uVar11/mg4	scalar(/uint) -> scalar(/int)	004186A9:t680 signed_scalar_role operand=-1 target=	INT_SRIGHT	retain neutral or current storage; require an exact per-use view	separate decompiler merge group; exact_type_votes=1; score=4; sources=[scalar_arithmetic]; one-way call conversion alone is review-only	review	1	1
00418030	SubmarineTitans::Recovered::HiddenThis::RecoveredReceiver_004167A0::FUN_00418030	local_lifetime	uVar11/mg5	scalar(/uint) -> scalar(/int)	004186BA:t716 signed_scalar_role operand=-1 target=	INT_SRIGHT	retain neutral or current storage; require an exact per-use view	separate decompiler merge group; exact_type_votes=1; score=4; sources=[scalar_arithmetic]; one-way call conversion alone is review-only	review	1	1
00418D20		incoming_parameter_slot_lifetime	generated per-use lifetime	_param_4: short[2] -> int x86 stack slot	verified by the matching Ghidra analyzer/export evidence	source audit kind=promoted_parameter_slot_materialization	exact source-only lifetime/view; Program ABI unchanged	Ghidra cannot persist this split without merging unrelated machine lifetimes	neutralized	1	1
0041AF40	STGameObjC::GetMessage	local_lifetime	local_c/mg0	darray_pointer(pointer:/SubmarineTitans/Recovered/DArrayTy) -> unknown	0041B319:t1788 call_argument operand=0 target=006AE110	ANALYSIS; direct=006AE110	retain neutral or current storage; require an exact per-use view	incompatible exact lifetime types=[pointer:/SubmarineTitans/Recovered/DArrayTy, pointer:/int]	review	1	1
0041CDA0	VisibleClassTy::sub_0041CDA0	return_abi	EAX/x87 return	scalar(/undefined4) -> scalar(/bool)	all reachable callee return paths	all explicit return values are constants in {0,1}, but the source domain alone does not prove the x86 ABI return width; review STAbiConsistencyAnalyzer evidence: [1, 1, 1, 1, 0]	retain current machine-width return pending strict ABI proof	all explicit return values are constants in {0,1}, but the source domain alone does not prove the x86 ABI return width; review STAbiConsistencyAnalyzer evidence: [1, 1, 1, 1, 0]	review	1	1
0041E530	STSprGameObjC::GetMessage	local_lifetime	local_10/mg0	pointer(pointer:/STSprGameObjC) -> unknown	0041E554:t10625 typed_copy operand=0 target=	DEFAULT	retain neutral or current storage; require an exact per-use view	incompatible exact lifetime types=[pointer:/STGameObjC, pointer:/STSprGameObjC]	review	1	1
0041E530	STSprGameObjC::GetMessage	local_lifetime	puVar8/mg0	pointer(pointer:/undefined4) -> pointer(pointer:/STT3DSprC)	0041EF37:t3012 call_argument operand=0 target=00404264	ANALYSIS; direct=00404264; resolved=004AC410	retain neutral or current storage; require an exact per-use view	separate decompiler merge group; exact_type_votes=4; score=16; sources=[call_argument]; exact call-boundary type is proven, but no same-width transparent p-code path reattaches that argument to one persistent HighSymbol	review	1	1
0041E530	STSprGameObjC::GetMessage	local_lifetime	puVar8/mg0	pointer(pointer:/undefined4) -> pointer(pointer:/STT3DSprC)	0041EF3F:t3019 call_argument operand=0 target=00404264	ANALYSIS; direct=00404264; resolved=004AC410	retain neutral or current storage; require an exact per-use view	separate decompiler merge group; exact_type_votes=4; score=16; sources=[call_argument]; exact call-boundary type is proven, but no same-width transparent p-code path reattaches that argument to one persistent HighSymbol	review	1	1
0041E530	STSprGameObjC::GetMessage	local_lifetime	puVar8/mg0	pointer(pointer:/undefined4) -> pointer(pointer:/STT3DSprC)	0041EF9E:t3111 call_argument operand=0 target=00405240	ANALYSIS; direct=00405240; resolved=004AC1A0	retain neutral or current storage; require an exact per-use view	separate decompiler merge group; exact_type_votes=4; score=16; sources=[call_argument]; exact call-boundary type is proven, but no same-width transparent p-code path reattaches that argument to one persistent HighSymbol	review	1	1
0041E530	STSprGameObjC::GetMessage	local_lifetime	puVar8/mg0	pointer(pointer:/undefined4) -> pointer(pointer:/STT3DSprC)	0041EFB3:t3125 call_argument operand=0 target=00405240	ANALYSIS; direct=00405240; resolved=004AC1A0	retain neutral or current storage; require an exact per-use view	separate decompiler merge group; exact_type_votes=4; score=16; sources=[call_argument]; exact call-boundary type is proven, but no same-width transparent p-code path reattaches that argument to one persistent HighSymbol	review	1	1
0041E530	STSprGameObjC::GetMessage	local_lifetime	puVar8/mg1	pointer(pointer:/undefined4) -> pointer(pointer:/STT3DSprC)	0041EEBF:t2883 call_argument operand=0 target=00404264	ANALYSIS; direct=00404264; resolved=004AC410	retain neutral or current storage; require an exact per-use view	separate decompiler merge group; exact_type_votes=4; score=16; sources=[call_argument]; exact call-boundary type is proven, but no same-width transparent p-code path reattaches that argument to one persistent HighSymbol	review	1	1
0041E530	STSprGameObjC::GetMessage	local_lifetime	puVar8/mg1	pointer(pointer:/undefined4) -> pointer(pointer:/STT3DSprC)	0041EEC7:t2890 call_argument operand=0 target=00404264	ANALYSIS; direct=00404264; resolved=004AC410	retain neutral or current storage; require an exact per-use view	separate decompiler merge group; exact_type_votes=4; score=16; sources=[call_argument]; exact call-boundary type is proven, but no same-width transparent p-code path reattaches that argument to one persistent HighSymbol	review	1	1
0041E530	STSprGameObjC::GetMessage	local_lifetime	puVar8/mg1	pointer(pointer:/undefined4) -> pointer(pointer:/STT3DSprC)	0041EEF5:t2936 call_argument operand=0 target=00405240	ANALYSIS; direct=00405240; resolved=004AC1A0	retain neutral or current storage; require an exact per-use view	separate decompiler merge group; exact_type_votes=4; score=16; sources=[call_argument]; exact call-boundary type is proven, but no same-width transparent p-code path reattaches that argument to one persistent HighSymbol	review	1	1
0041E530	STSprGameObjC::GetMessage	local_lifetime	puVar8/mg1	pointer(pointer:/undefined4) -> pointer(pointer:/STT3DSprC)	0041EF0B:t2950 call_argument operand=0 target=00405240	ANALYSIS; direct=00405240; resolved=004AC1A0	retain neutral or current storage; require an exact per-use view	separate decompiler merge group; exact_type_votes=4; score=16; sources=[call_argument]; exact call-boundary type is proven, but no same-width transparent p-code path reattaches that argument to one persistent HighSymbol	review	1	1
0041F3B0	FUN_0041f3b0	local_lifetime	puVar1/mg0	pointer(pointer:/undefined4) -> pointer(pointer:/STT3DSprC)	0041F45F:t278 call_argument operand=0 target=00401064	ANALYSIS; direct=00401064; resolved=004ABE40	retain neutral or current storage; require an exact per-use view	separate decompiler merge group; exact_type_votes=4; score=16; sources=[call_argument]; exact call-boundary type is proven, but no same-width transparent p-code path reattaches that argument to one persistent HighSymbol	review	1	1
0041F3B0	FUN_0041f3b0	local_lifetime	puVar1/mg0	pointer(pointer:/undefined4) -> pointer(pointer:/STT3DSprC)	0041F468:t285 call_argument operand=0 target=004030BC	ANALYSIS; direct=004030BC; resolved=004AC040	retain neutral or current storage; require an exact per-use view	separate decompiler merge group; exact_type_votes=4; score=16; sources=[call_argument]; exact call-boundary type is proven, but no same-width transparent p-code path reattaches that argument to one persistent HighSymbol	review	1	1
0041F3B0	FUN_0041f3b0	local_lifetime	puVar1/mg0	pointer(pointer:/undefined4) -> pointer(pointer:/STT3DSprC)	0041F50C:t563 call_argument operand=0 target=00401064	ANALYSIS; direct=00401064; resolved=004ABE40	retain neutral or current storage; require an exact per-use view	separate decompiler merge group; exact_type_votes=4; score=16; sources=[call_argument]; exact call-boundary type is proven, but no same-width transparent p-code path reattaches that argument to one persistent HighSymbol	review	1	1
0041F3B0	FUN_0041f3b0	local_lifetime	puVar1/mg0	pointer(pointer:/undefined4) -> pointer(pointer:/STT3DSprC)	0041F515:t570 call_argument operand=0 target=004030BC	ANALYSIS; direct=004030BC; resolved=004AC040	retain neutral or current storage; require an exact per-use view	separate decompiler merge group; exact_type_votes=4; score=16; sources=[call_argument]; exact call-boundary type is proven, but no same-width transparent p-code path reattaches that argument to one persistent HighSymbol	review	1	1
0041F3B0	FUN_0041f3b0	local_lifetime	puVar1/mg1	pointer(pointer:/undefined4) -> pointer(pointer:/STT3DSprC)	0041F53A:t642 call_argument operand=0 target=00401064	ANALYSIS; direct=00401064; resolved=004ABE40	retain neutral or current storage; require an exact per-use view	separate decompiler merge group; exact_type_votes=4; score=16; sources=[call_argument]; exact call-boundary type is proven, but no same-width transparent p-code path reattaches that argument to one persistent HighSymbol	review	1	1
0041F3B0	FUN_0041f3b0	local_lifetime	puVar1/mg1	pointer(pointer:/undefined4) -> pointer(pointer:/STT3DSprC)	0041F543:t649 call_argument operand=0 target=004030BC	ANALYSIS; direct=004030BC; resolved=004AC040	retain neutral or current storage; require an exact per-use view	separate decompiler merge group; exact_type_votes=4; score=16; sources=[call_argument]; exact call-boundary type is proven, but no same-width transparent p-code path reattaches that argument to one persistent HighSymbol	review	1	1
0041F3B0	FUN_0041f3b0	local_lifetime	puVar1/mg1	pointer(pointer:/undefined4) -> pointer(pointer:/STT3DSprC)	0041F592:t750 call_argument operand=0 target=00401064	ANALYSIS; direct=00401064; resolved=004ABE40	retain neutral or current storage; require an exact per-use view	separate decompiler merge group; exact_type_votes=4; score=16; sources=[call_argument]; exact call-boundary type is proven, but no same-width transparent p-code path reattaches that argument to one persistent HighSymbol	review	1	1
0041F3B0	FUN_0041f3b0	local_lifetime	puVar1/mg1	pointer(pointer:/undefined4) -> pointer(pointer:/STT3DSprC)	0041F59B:t757 call_argument operand=0 target=004030BC	ANALYSIS; direct=004030BC; resolved=004AC040	retain neutral or current storage; require an exact per-use view	separate decompiler merge group; exact_type_votes=4; score=16; sources=[call_argument]; exact call-boundary type is proven, but no same-width transparent p-code path reattaches that argument to one persistent HighSymbol	review	1	1
0041F3B0	FUN_0041f3b0	local_lifetime	uVar3/mg0	scalar(/uint) -> scalar(/int)	0041F431:t1401 signed_scalar_role operand=-1 target=	INT_SDIV	retain neutral or current storage; require an exact per-use view	separate decompiler merge group; exact_type_votes=1; score=4; sources=[scalar_arithmetic]; one-way call conversion alone is review-only	review	1	1
0041F3B0	FUN_0041f3b0	local_lifetime	uVar3/mg2	scalar(/uint) -> scalar(/int)	0041F4E5:t1404 signed_scalar_role operand=-1 target=	INT_SDIV	retain neutral or current storage; require an exact per-use view	separate decompiler merge group; exact_type_votes=1; score=4; sources=[scalar_arithmetic]; one-way call conversion alone is review-only	review	1	1
00420340	STSprGameObjC::LoadActFrame	local_lifetime	this_00/mg0	pointer(pointer:/undefined4) -> pointer(pointer:/STT3DSprC)	004206B4:t1240 call_argument operand=0 target=00404183	ANALYSIS; direct=00404183; resolved=004AB880	retain neutral or current storage; require an exact per-use view	single undefined local lifetime; exact_type_votes=8; score=32; sources=[call_argument]; exact call-boundary type is proven, but no same-width transparent p-code path reattaches that argument to one persistent HighSymbol	review	1	1
00420340	STSprGameObjC::LoadActFrame	local_lifetime	this_00/mg0	pointer(pointer:/undefined4) -> pointer(pointer:/STT3DSprC)	004206E9:t1285 call_argument operand=0 target=00404183	ANALYSIS; direct=00404183; resolved=004AB880	retain neutral or current storage; require an exact per-use view	single undefined local lifetime; exact_type_votes=8; score=32; sources=[call_argument]; exact call-boundary type is proven, but no same-width transparent p-code path reattaches that argument to one persistent HighSymbol	review	1	1
00420340	STSprGameObjC::LoadActFrame	local_lifetime	this_00/mg0	pointer(pointer:/undefined4) -> pointer(pointer:/STT3DSprC)	004207A6:t1451 call_argument operand=0 target=00405240	ANALYSIS; direct=00405240; resolved=004AC1A0	retain neutral or current storage; require an exact per-use view	single undefined local lifetime; exact_type_votes=8; score=32; sources=[call_argument]; exact call-boundary type is proven, but no same-width transparent p-code path reattaches that argument to one persistent HighSymbol	review	1	1
00420340	STSprGameObjC::LoadActFrame	local_lifetime	this_00/mg0	pointer(pointer:/undefined4) -> pointer(pointer:/STT3DSprC)	004207BC:t1465 call_argument operand=0 target=00405240	ANALYSIS; direct=00405240; resolved=004AC1A0	retain neutral or current storage; require an exact per-use view	single undefined local lifetime; exact_type_votes=8; score=32; sources=[call_argument]; exact call-boundary type is proven, but no same-width transparent p-code path reattaches that argument to one persistent HighSymbol	review	1	1
00420340	STSprGameObjC::LoadActFrame	local_lifetime	this_00/mg0	pointer(pointer:/undefined4) -> pointer(pointer:/STT3DSprC)	004207CC:t1492 call_argument operand=0 target=00404264	ANALYSIS; direct=00404264; resolved=004AC410	retain neutral or current storage; require an exact per-use view	single undefined local lifetime; exact_type_votes=8; score=32; sources=[call_argument]; exact call-boundary type is proven, but no same-width transparent p-code path reattaches that argument to one persistent HighSymbol	review	1	1
00420340	STSprGameObjC::LoadActFrame	local_lifetime	this_00/mg0	pointer(pointer:/undefined4) -> pointer(pointer:/STT3DSprC)	004207D5:t1499 call_argument operand=0 target=00404264	ANALYSIS; direct=00404264; resolved=004AC410	retain neutral or current storage; require an exact per-use view	single undefined local lifetime; exact_type_votes=8; score=32; sources=[call_argument]; exact call-boundary type is proven, but no same-width transparent p-code path reattaches that argument to one persistent HighSymbol	review	1	1
00420340	STSprGameObjC::LoadActFrame	local_lifetime	this_00/mg0	pointer(pointer:/undefined4) -> pointer(pointer:/STT3DSprC)	00420809:t1545 call_argument operand=0 target=00405240	ANALYSIS; direct=00405240; resolved=004AC1A0	retain neutral or current storage; require an exact per-use view	single undefined local lifetime; exact_type_votes=8; score=32; sources=[call_argument]; exact call-boundary type is proven, but no same-width transparent p-code path reattaches that argument to one persistent HighSymbol	review	1	1
00420340	STSprGameObjC::LoadActFrame	local_lifetime	this_00/mg0	pointer(pointer:/undefined4) -> pointer(pointer:/STT3DSprC)	0042081E:t1559 call_argument operand=0 target=00405240	ANALYSIS; direct=00405240; resolved=004AC1A0	retain neutral or current storage; require an exact per-use view	single undefined local lifetime; exact_type_votes=8; score=32; sources=[call_argument]; exact call-boundary type is proven, but no same-width transparent p-code path reattaches that argument to one persistent HighSymbol	review	1	1
00420AE0	STSprGameObjC::LoadLifeFrame	local_lifetime	this_00/mg0	pointer(pointer:/undefined4) -> pointer(pointer:/STT3DSprC)	00420D97:t1290 call_argument operand=0 target=00404183	ANALYSIS; direct=00404183; resolved=004AB880	retain neutral or current storage; require an exact per-use view	single undefined local lifetime; exact_type_votes=4; score=16; sources=[call_argument]; exact call-boundary type is proven, but no same-width transparent p-code path reattaches that argument to one persistent HighSymbol	review	1	1
00420AE0	STSprGameObjC::LoadLifeFrame	local_lifetime	this_00/mg0	pointer(pointer:/undefined4) -> pointer(pointer:/STT3DSprC)	00420DCB:t1329 call_argument operand=0 target=00405240	ANALYSIS; direct=00405240; resolved=004AC1A0	retain neutral or current storage; require an exact per-use view	single undefined local lifetime; exact_type_votes=4; score=16; sources=[call_argument]; exact call-boundary type is proven, but no same-width transparent p-code path reattaches that argument to one persistent HighSymbol	review	1	1
00420AE0	STSprGameObjC::LoadLifeFrame	local_lifetime	this_00/mg0	pointer(pointer:/undefined4) -> pointer(pointer:/STT3DSprC)	00420DED:t1369 call_argument operand=0 target=00404183	ANALYSIS; direct=00404183; resolved=004AB880	retain neutral or current storage; require an exact per-use view	single undefined local lifetime; exact_type_votes=4; score=16; sources=[call_argument]; exact call-boundary type is proven, but no same-width transparent p-code path reattaches that argument to one persistent HighSymbol	review	1	1
00420AE0	STSprGameObjC::LoadLifeFrame	local_lifetime	this_00/mg0	pointer(pointer:/undefined4) -> pointer(pointer:/STT3DSprC)	00420E21:t1408 call_argument operand=0 target=00405240	ANALYSIS; direct=00405240; resolved=004AC1A0	retain neutral or current storage; require an exact per-use view	single undefined local lifetime; exact_type_votes=4; score=16; sources=[call_argument]; exact call-boundary type is proven, but no same-width transparent p-code path reattaches that argument to one persistent HighSymbol	review	1	1
00424E10	SubmarineTitans::Recovered::HiddenThis::RecoveredReceiver_004248D0::FUN_00424e10	local_lifetime	uVar20/mg2	scalar(/uint) -> scalar(/int)	004258B1:t4368 signed_scalar_role operand=-1 target=	INT_SRIGHT	retain neutral or current storage; require an exact per-use view	separate decompiler merge group; exact_type_votes=1; score=4; sources=[scalar_arithmetic]; one-way call conversion alone is review-only	review	1	1
00424E10	SubmarineTitans::Recovered::HiddenThis::RecoveredReceiver_004248D0::FUN_00424e10	local_lifetime	uVar22/mg1	scalar(/uint) -> scalar(/int)	0042665E:t5522 signed_scalar_role operand=-1 target=	INT_SRIGHT	retain neutral or current storage; require an exact per-use view	separate decompiler merge group; exact_type_votes=1; score=4; sources=[scalar_arithmetic]; one-way call conversion alone is review-only	review	1	1
00424E10	SubmarineTitans::Recovered::HiddenThis::RecoveredReceiver_004248D0::FUN_00424e10	local_lifetime	uVar22/mg2	scalar(/uint) -> scalar(/int)	00426688:t5609 signed_scalar_role operand=-1 target=	INT_SRIGHT	retain neutral or current storage; require an exact per-use view	separate decompiler merge group; exact_type_votes=1; score=4; sources=[scalar_arithmetic]; one-way call conversion alone is review-only	review	1	1
00424E10	SubmarineTitans::Recovered::HiddenThis::RecoveredReceiver_004248D0::FUN_00424e10	local_lifetime	uVar22/mg3	scalar(/uint) -> scalar(/int)	004266AF:t5694 signed_scalar_role operand=-1 target=	INT_SRIGHT	retain neutral or current storage; require an exact per-use view	separate decompiler merge group; exact_type_votes=1; score=4; sources=[scalar_arithmetic]; one-way call conversion alone is review-only	review	1	1
00424E10	SubmarineTitans::Recovered::HiddenThis::RecoveredReceiver_004248D0::FUN_00424e10	local_lifetime	uVar28/mg0	scalar(/uint) -> scalar(/int)	004258AA:t4333 signed_scalar_role operand=-1 target=	INT_SRIGHT	retain neutral or current storage; require an exact per-use view	separate decompiler merge group; exact_type_votes=1; score=4; sources=[scalar_arithmetic]; one-way call conversion alone is review-only	review	1	1
00424E10	SubmarineTitans::Recovered::HiddenThis::RecoveredReceiver_004248D0::FUN_00424e10	local_lifetime	uVar28/mg1	scalar(/uint) -> scalar(/int)	00425911:t4604 signed_scalar_role operand=-1 target=	INT_SRIGHT	retain neutral or current storage; require an exact per-use view	separate decompiler merge group; exact_type_votes=1; score=4; sources=[scalar_arithmetic]; one-way call conversion alone is review-only	review	1	1
00428E50	FUN_00428e50	local_lifetime	local_b4/mg0	scalar(/undefined8) -> floating(/double)	00428F00:t19012 floating_value_role operand=1 target=	FLOAT_DIV	persistent High lifetime already carries the proposed domain	single undefined local lifetime; exact_type_votes=2; score=24; sources=[floating_role]	resolved	1	1
00428E50	FUN_00428e50	local_lifetime	local_b4/mg0	scalar(/undefined8) -> floating(/double)	00428F3B:t19017 floating_value_role operand=1 target=	FLOAT_DIV	persistent High lifetime already carries the proposed domain	single undefined local lifetime; exact_type_votes=2; score=24; sources=[floating_role]	resolved	1	1
00428E50	FUN_00428e50	local_lifetime	pSVar8/mg1	pointer(pointer:/SubmarineTitans/Recovered/LibraryContexts/ST3DSMAPContext) -> unknown	004290B9:t760 call_argument operand=0 target=006E25D0	ANALYSIS; direct=006E25D0	retain neutral or current storage; require an exact per-use view	incompatible exact lifetime types=[pointer:/HoloTy, pointer:/SubmarineTitans/Recovered/LibraryContexts/ST3DSMAPContext]	review	1	1
0042A290	LoadLand	local_lifetime	param_1/mg0	pointer(pointer:/cMf32) -> scalar(/int)	0042A2D9:t85 call_argument operand=0 target=006EF640	DEFAULT; direct=006EF640	unattachable High lifetime is represented by the exact address-stable per-use boundary 0042A2D9:t85|006EF640|0	exact call-boundary type is proven, but no same-width transparent p-code path reattaches that argument to one persistent HighSymbol; complete CALL-operand scan records an address-local source view only	neutralized	1	1
0042A290		unattachable_call_argument_lifetime	generated per-use lifetime	anchors=0042A2D9:t85; target=006EF640; operand=0; locals=param_1; transition=pointer:/cMf32 -> /int	verified by the matching Ghidra analyzer/export evidence	source audit kind=exact_machine_lifetime_call_view	exact source-only lifetime/view; Program ABI unchanged	Ghidra cannot persist this split without merging unrelated machine lifetimes	neutralized	1	1
0042B5B0		output_buffer_post_call_lifetime	generated per-use lifetime	_param_1: exact full-word utility output storage	verified by the matching Ghidra analyzer/export evidence	source audit kind=machine_word_output_lifetime	exact source-only lifetime/view; Program ABI unchanged	Ghidra cannot persist this split without merging unrelated machine lifetimes	neutralized	1	1
0042B620	STAllPlayersC::GetObjPtr	local_lifetime	array/mg0	pointer(pointer:/SubmarineTitans/Recovered/DArraySpecializations/DArrayOf_STGameObjCPtr) -> unknown	0042B662:t688 typed_copy operand=0 target=	ANALYSIS	retain neutral or current storage; require an exact per-use view	incompatible exact lifetime types=[pointer:/SubmarineTitans/Recovered/DArraySpecializations/DArrayOf_STGameObjCPtr, pointer:/SubmarineTitans/Recovered/DArrayTy]	review	1	1
0042B620		output_buffer_post_call_lifetime	generated per-use lifetime	_objPtr: exact full-word utility output storage	verified by the matching Ghidra analyzer/export evidence	source audit kind=machine_word_output_lifetime	exact source-only lifetime/view; Program ABI unchanged	Ghidra cannot persist this split without merging unrelated machine lifetimes	neutralized	1	1
0042B760		output_buffer_post_call_lifetime	generated per-use lifetime	call 006ACC70 argument 3: param_1 -> _param_1 as STGroupBoatC *	verified by the matching Ghidra analyzer/export evidence	source audit kind=exact_output_lifetime_materialization	exact source-only lifetime/view; Program ABI unchanged	Ghidra cannot persist this split without merging unrelated machine lifetimes	neutralized	1	1
0042C300		incoming_parameter_slot_lifetime	generated per-use lifetime	_param_1: char[1] -> int x86 stack slot	verified by the matching Ghidra analyzer/export evidence	source audit kind=promoted_parameter_slot_materialization	exact source-only lifetime/view; Program ABI unchanged	Ghidra cannot persist this split without merging unrelated machine lifetimes	neutralized	1	1
0042C300		incoming_parameter_slot_lifetime	generated per-use lifetime	_param_4: char[1] -> int x86 stack slot	verified by the matching Ghidra analyzer/export evidence	source audit kind=promoted_parameter_slot_materialization	exact source-only lifetime/view; Program ABI unchanged	Ghidra cannot persist this split without merging unrelated machine lifetimes	neutralized	1	1
0042D980	STAllPlayersC::GetActiveCenter	local_lifetime	pSVar5/mg0	pointer(pointer:/STGameObjC) -> unknown	0042DDAC:t1522 call_return operand=-1 target=004028BA	ANALYSIS; direct=004028BA; resolved=0042B620	retain neutral or current storage; require an exact per-use view	incompatible exact lifetime types=[pointer:/STFishC, pointer:/STGameObjC]	review	1	1
0042D980	STAllPlayersC::GetActiveCenter	local_lifetime	pSVar5/mg1	pointer(pointer:/STGameObjC) -> unknown	0042DCF7:t1238 call_return operand=-1 target=004028BA	ANALYSIS; direct=004028BA; resolved=0042B620	retain neutral or current storage; require an exact per-use view	incompatible exact lifetime types=[pointer:/STFishC, pointer:/STGameObjC]	review	1	1
0042D980	STAllPlayersC::GetActiveCenter	local_lifetime	pSVar5/mg2	pointer(pointer:/STGameObjC) -> unknown	0042DC2B:t1077 call_return operand=-1 target=004028BA	ANALYSIS; direct=004028BA; resolved=0042B620	retain neutral or current storage; require an exact per-use view	incompatible exact lifetime types=[pointer:/STFishC, pointer:/STGameObjC]	review	1	1
0042D980	STAllPlayersC::GetActiveCenter	local_lifetime	pSVar5/mg3	pointer(pointer:/STGameObjC) -> unknown	0042DB34:t779 call_return operand=-1 target=004028BA	ANALYSIS; direct=004028BA; resolved=0042B620	retain neutral or current storage; require an exact per-use view	incompatible exact lifetime types=[pointer:/STFishC, pointer:/STGameObjC]	review	1	1
0042D980	STAllPlayersC::GetActiveCenter	local_lifetime	pSVar5/mg4	pointer(pointer:/STGameObjC) -> unknown	0042DA3C:t337 call_return operand=-1 target=004028BA	ANALYSIS; direct=004028BA; resolved=0042B620	retain neutral or current storage; require an exact per-use view	incompatible exact lifetime types=[pointer:/STFishC, pointer:/STGameObjC]	review	1	1
0042D980	STAllPlayersC::GetActiveCenter	local_lifetime	pSVar5/mg5	pointer(pointer:/STGameObjC) -> unknown	0042DA7B:t548 call_return operand=-1 target=004028BA	ANALYSIS; direct=004028BA; resolved=0042B620	retain neutral or current storage; require an exact per-use view	incompatible exact lifetime types=[pointer:/STFishC, pointer:/STGameObjC]	review	1	1
0042E210	STAllPlayersC::RegisterObject	local_lifetime	array/mg0	pointer(pointer:/SubmarineTitans/Recovered/DArraySpecializations/DArrayOf_STGameObjCPtr) -> darray_pointer(pointer:/SubmarineTitans/Recovered/DArrayTy)	0042E2F7:t266 call_argument operand=0 target=006AE140	ANALYSIS; direct=006AE140	retain neutral or current storage; require an exact per-use view	pointer-shaped local has only scalar consumers; exact_type_votes=1; score=4; sources=[call_argument]; one-way call conversion alone is review-only; exact call-boundary type is proven, but no same-width transparent p-code path reattaches that argument to one persistent HighSymbol	review	1	1
0042E210	STAllPlayersC::RegisterObject	local_lifetime	local_28/mg0	pointer(pointer:/SubmarineTitans/Recovered/DArraySpecializations/DArrayOf_STGameObjCPtr) -> darray_pointer(pointer:/SubmarineTitans/Recovered/DArrayTy)	0042E2F7:t266 call_argument operand=0 target=006AE140	ANALYSIS; direct=006AE140	retain neutral or current storage; require an exact per-use view	single receiver-alias lifetime; exact_type_votes=1; score=4; sources=[call_argument]; one-way call conversion alone is review-only; exact call-boundary type is proven, but no same-width transparent p-code path reattaches that argument to one persistent HighSymbol	review	1	1
0042E210	STAllPlayersC::RegisterObject	local_lifetime	local_c/mg0	pointer(pointer:/STGroupBoatC) -> unknown	0042EB23:t1500 call_return operand=-1 target=00405CF9	ANALYSIS; direct=00405CF9; resolved=0042B760	retain neutral or current storage; require an exact per-use view	incompatible exact lifetime types=[pointer:/STGroupBoatC, pointer:/STGroupC]	review	1	1
0042F2B0		incoming_parameter_slot_lifetime	generated per-use lifetime	_param_1: char[1] -> int x86 stack slot	verified by the matching Ghidra analyzer/export evidence	source audit kind=promoted_parameter_slot_materialization	exact source-only lifetime/view; Program ABI unchanged	Ghidra cannot persist this split without merging unrelated machine lifetimes	neutralized	1	1
0042F2B0	STAllPlayersC::UnRegisterObject	local_lifetime	array_00/mg0	pointer(pointer:/SubmarineTitans/Recovered/DArraySpecializations/DArrayOf_STGameObjCPtr) -> darray_pointer(pointer:/SubmarineTitans/Recovered/DArrayTy)	00430013:t1886 call_argument operand=0 target=006AE140	ANALYSIS; direct=006AE140	retain neutral or current storage; require an exact per-use view	pointer-shaped local has only scalar consumers; exact_type_votes=1; score=4; sources=[call_argument]; one-way call conversion alone is review-only; exact call-boundary type is proven, but no same-width transparent p-code path reattaches that argument to one persistent HighSymbol	review	1	1
0042F2B0	STAllPlayersC::UnRegisterObject	local_lifetime	local_14/mg0	pointer(pointer:/SubmarineTitans/Recovered/DArraySpecializations/DArrayOf_STGameObjCPtr) -> darray_pointer(pointer:/SubmarineTitans/Recovered/DArrayTy)	0042FFC5:t1816 call_argument operand=0 target=006AE140	ANALYSIS; direct=006AE140	retain neutral or current storage; require an exact per-use view	single receiver-alias lifetime; exact_type_votes=1; score=4; sources=[call_argument]; one-way call conversion alone is review-only; exact call-boundary type is proven, but no same-width transparent p-code path reattaches that argument to one persistent HighSymbol	review	1	1
004354E0		incoming_parameter_slot_lifetime	generated per-use lifetime	_param_1: char[1] -> int x86 stack slot	verified by the matching Ghidra analyzer/export evidence	source audit kind=promoted_parameter_slot_materialization	exact source-only lifetime/view; Program ABI unchanged	Ghidra cannot persist this split without merging unrelated machine lifetimes	neutralized	1	1
00435850		incoming_parameter_slot_lifetime	generated per-use lifetime	1 exact machine-word output address(es) redirected from narrow formal storage to the materialized x86 slot	verified by the matching Ghidra analyzer/export evidence	source audit kind=promoted_parameter_slot_address_repair	exact source-only lifetime/view; Program ABI unchanged	Ghidra cannot persist this split without merging unrelated machine lifetimes	neutralized	1	1
00435850		incoming_parameter_slot_lifetime	generated per-use lifetime	_param_1: char[1] -> int x86 stack slot	verified by the matching Ghidra analyzer/export evidence	source audit kind=promoted_parameter_slot_materialization	exact source-only lifetime/view; Program ABI unchanged	Ghidra cannot persist this split without merging unrelated machine lifetimes	neutralized	1	1
00435B90	FUN_00435b90	local_lifetime	param_4/mg0	pointer(pointer:/int) -> scalar(/uint)	00435BF1:t157 call_argument operand=1 target=006ACC70	ANALYSIS; direct=006ACC70	unattachable High lifetime is represented by the exact address-stable per-use boundary 00435BF1:t157|006ACC70|1	exact call-boundary type is proven, but no same-width transparent p-code path reattaches that argument to one persistent HighSymbol; complete CALL-operand scan records an address-local source view only	neutralized	1	1
00435B90	FUN_00435b90	local_lifetime	param_4/mg0	pointer(pointer:/int) -> scalar(/uint)	00435C7F:t3643 call_argument operand=1 target=006ACC70	ANALYSIS; direct=006ACC70	unattachable High lifetime is represented by the exact address-stable per-use boundary 00435C7F:t3643|006ACC70|1	exact call-boundary type is proven, but no same-width transparent p-code path reattaches that argument to one persistent HighSymbol; complete CALL-operand scan records an address-local source view only	neutralized	1	1
00435B90	FUN_00435b90	local_lifetime	param_4/mg0	pointer(pointer:/int) -> scalar(/uint)	00435CF4:t3073 call_argument operand=1 target=006ACC70	ANALYSIS; direct=006ACC70	unattachable High lifetime is represented by the exact address-stable per-use boundary 00435CF4:t3073|006ACC70|1	exact call-boundary type is proven, but no same-width transparent p-code path reattaches that argument to one persistent HighSymbol; complete CALL-operand scan records an address-local source view only	neutralized	1	1
00435B90	FUN_00435b90	local_lifetime	param_4/mg0	pointer(pointer:/int) -> scalar(/uint)	00435D76:t837 call_argument operand=1 target=006ACC70	ANALYSIS; direct=006ACC70	unattachable High lifetime is represented by the exact address-stable per-use boundary 00435D76:t837|006ACC70|1	exact call-boundary type is proven, but no same-width transparent p-code path reattaches that argument to one persistent HighSymbol; complete CALL-operand scan records an address-local source view only	neutralized	1	1
00435B90	FUN_00435b90	local_lifetime	param_4/mg0	pointer(pointer:/int) -> scalar(/uint)	00435DFF:t3475 call_argument operand=1 target=006ACC70	ANALYSIS; direct=006ACC70	unattachable High lifetime is represented by the exact address-stable per-use boundary 00435DFF:t3475|006ACC70|1	exact call-boundary type is proven, but no same-width transparent p-code path reattaches that argument to one persistent HighSymbol; complete CALL-operand scan records an address-local source view only	neutralized	1	1
00435B90	FUN_00435b90	local_lifetime	param_4/mg0	pointer(pointer:/int) -> scalar(/uint)	00435E7C:t3274 call_argument operand=1 target=006ACC70	ANALYSIS; direct=006ACC70	unattachable High lifetime is represented by the exact address-stable per-use boundary 00435E7C:t3274|006ACC70|1	exact call-boundary type is proven, but no same-width transparent p-code path reattaches that argument to one persistent HighSymbol; complete CALL-operand scan records an address-local source view only	neutralized	1	1
00435B90	FUN_00435b90	local_lifetime	param_4/mg0	pointer(pointer:/int) -> scalar(/uint)	00435F02:t446 call_argument operand=1 target=006ACC70	ANALYSIS; direct=006ACC70	unattachable High lifetime is represented by the exact address-stable per-use boundary 00435F02:t446|006ACC70|1	exact call-boundary type is proven, but no same-width transparent p-code path reattaches that argument to one persistent HighSymbol; complete CALL-operand scan records an address-local source view only	neutralized	1	1
00435B90	FUN_00435b90	local_lifetime	param_4/mg0	pointer(pointer:/int) -> scalar(/uint)	00435F8C:t1800 call_argument operand=1 target=006ACC70	ANALYSIS; direct=006ACC70	unattachable High lifetime is represented by the exact address-stable per-use boundary 00435F8C:t1800|006ACC70|1	exact call-boundary type is proven, but no same-width transparent p-code path reattaches that argument to one persistent HighSymbol; complete CALL-operand scan records an address-local source view only	neutralized	1	1
00435B90	FUN_00435b90	local_lifetime	param_4/mg0	pointer(pointer:/int) -> scalar(/uint)	00436012:t2370 call_argument operand=1 target=006ACC70	ANALYSIS; direct=006ACC70	unattachable High lifetime is represented by the exact address-stable per-use boundary 00436012:t2370|006ACC70|1	exact call-boundary type is proven, but no same-width transparent p-code path reattaches that argument to one persistent HighSymbol; complete CALL-operand scan records an address-local source view only	neutralized	1	1
00435B90	FUN_00435b90	local_lifetime	param_4/mg0	pointer(pointer:/int) -> scalar(/uint)	00436087:t2538 call_argument operand=1 target=006ACC70	ANALYSIS; direct=006ACC70	unattachable High lifetime is represented by the exact address-stable per-use boundary 00436087:t2538|006ACC70|1	exact call-boundary type is proven, but no same-width transparent p-code path reattaches that argument to one persistent HighSymbol; complete CALL-operand scan records an address-local source view only	neutralized	1	1
00435B90	FUN_00435b90	local_lifetime	param_4/mg0	pointer(pointer:/int) -> scalar(/uint)	004360FC:t636 call_argument operand=1 target=006ACC70	ANALYSIS; direct=006ACC70	unattachable High lifetime is represented by the exact address-stable per-use boundary 004360FC:t636|006ACC70|1	exact call-boundary type is proven, but no same-width transparent p-code path reattaches that argument to one persistent HighSymbol; complete CALL-operand scan records an address-local source view only	neutralized	1	1
00435B90	FUN_00435b90	local_lifetime	param_4/mg0	pointer(pointer:/int) -> scalar(/uint)	0043617E:t2907 call_argument operand=1 target=006ACC70	ANALYSIS; direct=006ACC70	unattachable High lifetime is represented by the exact address-stable per-use boundary 0043617E:t2907|006ACC70|1	exact call-boundary type is proven, but no same-width transparent p-code path reattaches that argument to one persistent HighSymbol; complete CALL-operand scan records an address-local source view only	neutralized	1	1
00435B90	FUN_00435b90	local_lifetime	param_4/mg0	pointer(pointer:/int) -> scalar(/uint)	004361FE:t2706 call_argument operand=1 target=006ACC70	ANALYSIS; direct=006ACC70	unattachable High lifetime is represented by the exact address-stable per-use boundary 004361FE:t2706|006ACC70|1	exact call-boundary type is proven, but no same-width transparent p-code path reattaches that argument to one persistent HighSymbol; complete CALL-operand scan records an address-local source view only	neutralized	1	1
00435B90	FUN_00435b90	local_lifetime	param_4/mg0	pointer(pointer:/int) -> scalar(/uint)	00436284:t1599 call_argument operand=1 target=006ACC70	ANALYSIS; direct=006ACC70	unattachable High lifetime is represented by the exact address-stable per-use boundary 00436284:t1599|006ACC70|1	exact call-boundary type is proven, but no same-width transparent p-code path reattaches that argument to one persistent HighSymbol; complete CALL-operand scan records an address-local source view only	neutralized	1	1
00435B90	FUN_00435b90	local_lifetime	param_4/mg0	pointer(pointer:/int) -> scalar(/uint)	00436301:t1398 call_argument operand=1 target=006ACC70	ANALYSIS; direct=006ACC70	unattachable High lifetime is represented by the exact address-stable per-use boundary 00436301:t1398|006ACC70|1	exact call-boundary type is proven, but no same-width transparent p-code path reattaches that argument to one persistent HighSymbol; complete CALL-operand scan records an address-local source view only	neutralized	1	1
00435B90	FUN_00435b90	local_lifetime	param_4/mg0	pointer(pointer:/int) -> scalar(/uint)	00436383:t1186 call_argument operand=1 target=006ACC70	ANALYSIS; direct=006ACC70	unattachable High lifetime is represented by the exact address-stable per-use boundary 00436383:t1186|006ACC70|1	exact call-boundary type is proven, but no same-width transparent p-code path reattaches that argument to one persistent HighSymbol; complete CALL-operand scan records an address-local source view only	neutralized	1	1
00435B90	FUN_00435b90	local_lifetime	param_4/mg0	pointer(pointer:/int) -> scalar(/uint)	0043640D:t2158 call_argument operand=1 target=006ACC70	ANALYSIS; direct=006ACC70	unattachable High lifetime is represented by the exact address-stable per-use boundary 0043640D:t2158|006ACC70|1	exact call-boundary type is proven, but no same-width transparent p-code path reattaches that argument to one persistent HighSymbol; complete CALL-operand scan records an address-local source view only	neutralized	1	1
00435B90	FUN_00435b90	local_lifetime	param_4/mg0	pointer(pointer:/int) -> scalar(/uint)	00436486:t1968 call_argument operand=1 target=006ACC70	ANALYSIS; direct=006ACC70	unattachable High lifetime is represented by the exact address-stable per-use boundary 00436486:t1968|006ACC70|1	exact call-boundary type is proven, but no same-width transparent p-code path reattaches that argument to one persistent HighSymbol; complete CALL-operand scan records an address-local source view only	neutralized	1	1
00435B90	FUN_00435b90	local_lifetime	param_4/mg0	pointer(pointer:/int) -> scalar(/uint)	00436503:t996 call_argument operand=1 target=006ACC70	ANALYSIS; direct=006ACC70	unattachable High lifetime is represented by the exact address-stable per-use boundary 00436503:t996|006ACC70|1	exact call-boundary type is proven, but no same-width transparent p-code path reattaches that argument to one persistent HighSymbol; complete CALL-operand scan records an address-local source view only	neutralized	1	1
00435B90	FUN_00435b90	local_lifetime	param_4/mg0	pointer(pointer:/int) -> scalar(/uint)	004365B9:t3917 call_argument operand=1 target=006ACC70	ANALYSIS; direct=006ACC70	unattachable High lifetime is represented by the exact address-stable per-use boundary 004365B9:t3917|006ACC70|1	exact call-boundary type is proven, but no same-width transparent p-code path reattaches that argument to one persistent HighSymbol; complete CALL-operand scan records an address-local source view only	neutralized	1	1
00435B90	FUN_00435b90	local_lifetime	param_4/mg0	pointer(pointer:/int) -> scalar(/uint)	004366E8:t4143 call_argument operand=1 target=006ACC70	ANALYSIS; direct=006ACC70	unattachable High lifetime is represented by the exact address-stable per-use boundary 004366E8:t4143|006ACC70|1	exact call-boundary type is proven, but no same-width transparent p-code path reattaches that argument to one persistent HighSymbol; complete CALL-operand scan records an address-local source view only	neutralized	1	1
00435B90	FUN_00435b90	local_lifetime	param_4/mg0	pointer(pointer:/int) -> scalar(/uint)	0043678F:t4404 call_argument operand=1 target=006ACC70	ANALYSIS; direct=006ACC70	unattachable High lifetime is represented by the exact address-stable per-use boundary 0043678F:t4404|006ACC70|1	exact call-boundary type is proven, but no same-width transparent p-code path reattaches that argument to one persistent HighSymbol; complete CALL-operand scan records an address-local source view only	neutralized	1	1
00435B90	FUN_00435b90	local_lifetime	param_4/mg0	pointer(pointer:/int) -> scalar(/uint)	00436802:t4569 call_argument operand=1 target=006ACC70	ANALYSIS; direct=006ACC70	unattachable High lifetime is represented by the exact address-stable per-use boundary 00436802:t4569|006ACC70|1	exact call-boundary type is proven, but no same-width transparent p-code path reattaches that argument to one persistent HighSymbol; complete CALL-operand scan records an address-local source view only	neutralized	1	1
00435B90	FUN_00435b90	local_lifetime	param_4/mg0	pointer(pointer:/int) -> scalar(/uint)	0043688D:t4774 call_argument operand=1 target=006ACC70	ANALYSIS; direct=006ACC70	unattachable High lifetime is represented by the exact address-stable per-use boundary 0043688D:t4774|006ACC70|1	exact call-boundary type is proven, but no same-width transparent p-code path reattaches that argument to one persistent HighSymbol; complete CALL-operand scan records an address-local source view only	neutralized	1	1
00435B90	FUN_00435b90	local_lifetime	param_4/mg0	pointer(pointer:/int) -> scalar(/uint)	00436944:t5078 call_argument operand=1 target=006ACC70	ANALYSIS; direct=006ACC70	unattachable High lifetime is represented by the exact address-stable per-use boundary 00436944:t5078|006ACC70|1	exact call-boundary type is proven, but no same-width transparent p-code path reattaches that argument to one persistent HighSymbol; complete CALL-operand scan records an address-local source view only	neutralized	1	1
00435B90	FUN_00435b90	local_lifetime	param_4/mg0	pointer(pointer:/int) -> scalar(/uint)	004369A1:t5218 call_argument operand=1 target=006ACC70	ANALYSIS; direct=006ACC70	unattachable High lifetime is represented by the exact address-stable per-use boundary 004369A1:t5218|006ACC70|1	exact call-boundary type is proven, but no same-width transparent p-code path reattaches that argument to one persistent HighSymbol; complete CALL-operand scan records an address-local source view only	neutralized	1	1
00435B90	FUN_00435b90	local_lifetime	param_4/mg0	pointer(pointer:/int) -> scalar(/uint)	00436A2B:t5609 call_argument operand=1 target=006ACC70	ANALYSIS; direct=006ACC70	unattachable High lifetime is represented by the exact address-stable per-use boundary 00436A2B:t5609|006ACC70|1	exact call-boundary type is proven, but no same-width transparent p-code path reattaches that argument to one persistent HighSymbol; complete CALL-operand scan records an address-local source view only	neutralized	1	1
00435B90		unattachable_call_argument_lifetime	generated per-use lifetime	anchors=00435BF1:t157,00435C7F:t3643,00435CF4:t3073,00435D76:t837,00435DFF:t3475,00435E7C:t3274,00435F02:t446,00435F8C:t1800,00436012:t2370,00436087:t2538,004360FC:t636,0043617E:t2907,004361FE:t2706,00436284:t1599,00436301:t1398,00436383:t1186,0043640D:t2158,00436486:t1968,00436503:t996,004365B9:t3917,004366E8:t4143,0043678F:t4404,00436802:t4569,0043688D:t4774,00436944:t5078,004369A1:t5218,00436A2B:t5609; target=006ACC70; operand=1; locals=param_4; transition=pointer:/int -> /uint	verified by the matching Ghidra analyzer/export evidence	source audit kind=exact_machine_lifetime_call_view	exact source-only lifetime/view; Program ABI unchanged	Ghidra cannot persist this split without merging unrelated machine lifetimes	neutralized	1	1
00435B90		unattachable_call_argument_lifetime	generated per-use lifetime	anchors=00435BF1:t157,00435C7F:t3643,00435CF4:t3073,00435D76:t837,00435DFF:t3475,00435E7C:t3274,00435F02:t446,00435F8C:t1800,00436012:t2370,00436087:t2538,004360FC:t636,0043617E:t2907,004361FE:t2706,00436284:t1599,00436301:t1398,00436383:t1186,0043640D:t2158,00436486:t1968,00436503:t996,004365B9:t3917,004366E8:t4143,0043678F:t4404,00436802:t4569,0043688D:t4774,00436944:t5078,004369A1:t5218,00436A2B:t5609; target=006ACC70; operand=1; locals=param_4; transition=pointer:/int -> /uint	verified by the matching Ghidra analyzer/export evidence	source audit kind=exact_machine_lifetime_call_view	exact source-only lifetime/view; Program ABI unchanged	Ghidra cannot persist this split without merging unrelated machine lifetimes	neutralized	1	1
00435B90		unattachable_call_argument_lifetime	generated per-use lifetime	anchors=00435BF1:t157,00435C7F:t3643,00435CF4:t3073,00435D76:t837,00435DFF:t3475,00435E7C:t3274,00435F02:t446,00435F8C:t1800,00436012:t2370,00436087:t2538,004360FC:t636,0043617E:t2907,004361FE:t2706,00436284:t1599,00436301:t1398,00436383:t1186,0043640D:t2158,00436486:t1968,00436503:t996,004365B9:t3917,004366E8:t4143,0043678F:t4404,00436802:t4569,0043688D:t4774,00436944:t5078,004369A1:t5218,00436A2B:t5609; target=006ACC70; operand=1; locals=param_4; transition=pointer:/int -> /uint	verified by the matching Ghidra analyzer/export evidence	source audit kind=exact_machine_lifetime_call_view	exact source-only lifetime/view; Program ABI unchanged	Ghidra cannot persist this split without merging unrelated machine lifetimes	neutralized	1	1
00435B90		unattachable_call_argument_lifetime	generated per-use lifetime	anchors=00435BF1:t157,00435C7F:t3643,00435CF4:t3073,00435D76:t837,00435DFF:t3475,00435E7C:t3274,00435F02:t446,00435F8C:t1800,00436012:t2370,00436087:t2538,004360FC:t636,0043617E:t2907,004361FE:t2706,00436284:t1599,00436301:t1398,00436383:t1186,0043640D:t2158,00436486:t1968,00436503:t996,004365B9:t3917,004366E8:t4143,0043678F:t4404,00436802:t4569,0043688D:t4774,00436944:t5078,004369A1:t5218,00436A2B:t5609; target=006ACC70; operand=1; locals=param_4; transition=pointer:/int -> /uint	verified by the matching Ghidra analyzer/export evidence	source audit kind=exact_machine_lifetime_call_view	exact source-only lifetime/view; Program ABI unchanged	Ghidra cannot persist this split without merging unrelated machine lifetimes	neutralized	1	1
00435B90		unattachable_call_argument_lifetime	generated per-use lifetime	anchors=00435BF1:t157,00435C7F:t3643,00435CF4:t3073,00435D76:t837,00435DFF:t3475,00435E7C:t3274,00435F02:t446,00435F8C:t1800,00436012:t2370,00436087:t2538,004360FC:t636,0043617E:t2907,004361FE:t2706,00436284:t1599,00436301:t1398,00436383:t1186,0043640D:t2158,00436486:t1968,00436503:t996,004365B9:t3917,004366E8:t4143,0043678F:t4404,00436802:t4569,0043688D:t4774,00436944:t5078,004369A1:t5218,00436A2B:t5609; target=006ACC70; operand=1; locals=param_4; transition=pointer:/int -> /uint	verified by the matching Ghidra analyzer/export evidence	source audit kind=exact_machine_lifetime_call_view	exact source-only lifetime/view; Program ABI unchanged	Ghidra cannot persist this split without merging unrelated machine lifetimes	neutralized	1	1
00435B90		unattachable_call_argument_lifetime	generated per-use lifetime	anchors=00435BF1:t157,00435C7F:t3643,00435CF4:t3073,00435D76:t837,00435DFF:t3475,00435E7C:t3274,00435F02:t446,00435F8C:t1800,00436012:t2370,00436087:t2538,004360FC:t636,0043617E:t2907,004361FE:t2706,00436284:t1599,00436301:t1398,00436383:t1186,0043640D:t2158,00436486:t1968,00436503:t996,004365B9:t3917,004366E8:t4143,0043678F:t4404,00436802:t4569,0043688D:t4774,00436944:t5078,004369A1:t5218,00436A2B:t5609; target=006ACC70; operand=1; locals=param_4; transition=pointer:/int -> /uint	verified by the matching Ghidra analyzer/export evidence	source audit kind=exact_machine_lifetime_call_view	exact source-only lifetime/view; Program ABI unchanged	Ghidra cannot persist this split without merging unrelated machine lifetimes	neutralized	1	1
00435B90		unattachable_call_argument_lifetime	generated per-use lifetime	anchors=00435BF1:t157,00435C7F:t3643,00435CF4:t3073,00435D76:t837,00435DFF:t3475,00435E7C:t3274,00435F02:t446,00435F8C:t1800,00436012:t2370,00436087:t2538,004360FC:t636,0043617E:t2907,004361FE:t2706,00436284:t1599,00436301:t1398,00436383:t1186,0043640D:t2158,00436486:t1968,00436503:t996,004365B9:t3917,004366E8:t4143,0043678F:t4404,00436802:t4569,0043688D:t4774,00436944:t5078,004369A1:t5218,00436A2B:t5609; target=006ACC70; operand=1; locals=param_4; transition=pointer:/int -> /uint	verified by the matching Ghidra analyzer/export evidence	source audit kind=exact_machine_lifetime_call_view	exact source-only lifetime/view; Program ABI unchanged	Ghidra cannot persist this split without merging unrelated machine lifetimes	neutralized	1	1
00435B90		unattachable_call_argument_lifetime	generated per-use lifetime	anchors=00435BF1:t157,00435C7F:t3643,00435CF4:t3073,00435D76:t837,00435DFF:t3475,00435E7C:t3274,00435F02:t446,00435F8C:t1800,00436012:t2370,00436087:t2538,004360FC:t636,0043617E:t2907,004361FE:t2706,00436284:t1599,00436301:t1398,00436383:t1186,0043640D:t2158,00436486:t1968,00436503:t996,004365B9:t3917,004366E8:t4143,0043678F:t4404,00436802:t4569,0043688D:t4774,00436944:t5078,004369A1:t5218,00436A2B:t5609; target=006ACC70; operand=1; locals=param_4; transition=pointer:/int -> /uint	verified by the matching Ghidra analyzer/export evidence	source audit kind=exact_machine_lifetime_call_view	exact source-only lifetime/view; Program ABI unchanged	Ghidra cannot persist this split without merging unrelated machine lifetimes	neutralized	1	1
00435B90		unattachable_call_argument_lifetime	generated per-use lifetime	anchors=00435BF1:t157,00435C7F:t3643,00435CF4:t3073,00435D76:t837,00435DFF:t3475,00435E7C:t3274,00435F02:t446,00435F8C:t1800,00436012:t2370,00436087:t2538,004360FC:t636,0043617E:t2907,004361FE:t2706,00436284:t1599,00436301:t1398,00436383:t1186,0043640D:t2158,00436486:t1968,00436503:t996,004365B9:t3917,004366E8:t4143,0043678F:t4404,00436802:t4569,0043688D:t4774,00436944:t5078,004369A1:t5218,00436A2B:t5609; target=006ACC70; operand=1; locals=param_4; transition=pointer:/int -> /uint	verified by the matching Ghidra analyzer/export evidence	source audit kind=exact_machine_lifetime_call_view	exact source-only lifetime/view; Program ABI unchanged	Ghidra cannot persist this split without merging unrelated machine lifetimes	neutralized	1	1
00435B90		unattachable_call_argument_lifetime	generated per-use lifetime	anchors=00435BF1:t157,00435C7F:t3643,00435CF4:t3073,00435D76:t837,00435DFF:t3475,00435E7C:t3274,00435F02:t446,00435F8C:t1800,00436012:t2370,00436087:t2538,004360FC:t636,0043617E:t2907,004361FE:t2706,00436284:t1599,00436301:t1398,00436383:t1186,0043640D:t2158,00436486:t1968,00436503:t996,004365B9:t3917,004366E8:t4143,0043678F:t4404,00436802:t4569,0043688D:t4774,00436944:t5078,004369A1:t5218,00436A2B:t5609; target=006ACC70; operand=1; locals=param_4; transition=pointer:/int -> /uint	verified by the matching Ghidra analyzer/export evidence	source audit kind=exact_machine_lifetime_call_view	exact source-only lifetime/view; Program ABI unchanged	Ghidra cannot persist this split without merging unrelated machine lifetimes	neutralized	1	1
00435B90		unattachable_call_argument_lifetime	generated per-use lifetime	anchors=00435BF1:t157,00435C7F:t3643,00435CF4:t3073,00435D76:t837,00435DFF:t3475,00435E7C:t3274,00435F02:t446,00435F8C:t1800,00436012:t2370,00436087:t2538,004360FC:t636,0043617E:t2907,004361FE:t2706,00436284:t1599,00436301:t1398,00436383:t1186,0043640D:t2158,00436486:t1968,00436503:t996,004365B9:t3917,004366E8:t4143,0043678F:t4404,00436802:t4569,0043688D:t4774,00436944:t5078,004369A1:t5218,00436A2B:t5609; target=006ACC70; operand=1; locals=param_4; transition=pointer:/int -> /uint	verified by the matching Ghidra analyzer/export evidence	source audit kind=exact_machine_lifetime_call_view	exact source-only lifetime/view; Program ABI unchanged	Ghidra cannot persist this split without merging unrelated machine lifetimes	neutralized	1	1
00435B90		unattachable_call_argument_lifetime	generated per-use lifetime	anchors=00435BF1:t157,00435C7F:t3643,00435CF4:t3073,00435D76:t837,00435DFF:t3475,00435E7C:t3274,00435F02:t446,00435F8C:t1800,00436012:t2370,00436087:t2538,004360FC:t636,0043617E:t2907,004361FE:t2706,00436284:t1599,00436301:t1398,00436383:t1186,0043640D:t2158,00436486:t1968,00436503:t996,004365B9:t3917,004366E8:t4143,0043678F:t4404,00436802:t4569,0043688D:t4774,00436944:t5078,004369A1:t5218,00436A2B:t5609; target=006ACC70; operand=1; locals=param_4; transition=pointer:/int -> /uint	verified by the matching Ghidra analyzer/export evidence	source audit kind=exact_machine_lifetime_call_view	exact source-only lifetime/view; Program ABI unchanged	Ghidra cannot persist this split without merging unrelated machine lifetimes	neutralized	1	1
00435B90		unattachable_call_argument_lifetime	generated per-use lifetime	anchors=00435BF1:t157,00435C7F:t3643,00435CF4:t3073,00435D76:t837,00435DFF:t3475,00435E7C:t3274,00435F02:t446,00435F8C:t1800,00436012:t2370,00436087:t2538,004360FC:t636,0043617E:t2907,004361FE:t2706,00436284:t1599,00436301:t1398,00436383:t1186,0043640D:t2158,00436486:t1968,00436503:t996,004365B9:t3917,004366E8:t4143,0043678F:t4404,00436802:t4569,0043688D:t4774,00436944:t5078,004369A1:t5218,00436A2B:t5609; target=006ACC70; operand=1; locals=param_4; transition=pointer:/int -> /uint	verified by the matching Ghidra analyzer/export evidence	source audit kind=exact_machine_lifetime_call_view	exact source-only lifetime/view; Program ABI unchanged	Ghidra cannot persist this split without merging unrelated machine lifetimes	neutralized	1	1
00435B90		unattachable_call_argument_lifetime	generated per-use lifetime	anchors=00435BF1:t157,00435C7F:t3643,00435CF4:t3073,00435D76:t837,00435DFF:t3475,00435E7C:t3274,00435F02:t446,00435F8C:t1800,00436012:t2370,00436087:t2538,004360FC:t636,0043617E:t2907,004361FE:t2706,00436284:t1599,00436301:t1398,00436383:t1186,0043640D:t2158,00436486:t1968,00436503:t996,004365B9:t3917,004366E8:t4143,0043678F:t4404,00436802:t4569,0043688D:t4774,00436944:t5078,004369A1:t5218,00436A2B:t5609; target=006ACC70; operand=1; locals=param_4; transition=pointer:/int -> /uint	verified by the matching Ghidra analyzer/export evidence	source audit kind=exact_machine_lifetime_call_view	exact source-only lifetime/view; Program ABI unchanged	Ghidra cannot persist this split without merging unrelated machine lifetimes	neutralized	1	1
00435B90		unattachable_call_argument_lifetime	generated per-use lifetime	anchors=00435BF1:t157,00435C7F:t3643,00435CF4:t3073,00435D76:t837,00435DFF:t3475,00435E7C:t3274,00435F02:t446,00435F8C:t1800,00436012:t2370,00436087:t2538,004360FC:t636,0043617E:t2907,004361FE:t2706,00436284:t1599,00436301:t1398,00436383:t1186,0043640D:t2158,00436486:t1968,00436503:t996,004365B9:t3917,004366E8:t4143,0043678F:t4404,00436802:t4569,0043688D:t4774,00436944:t5078,004369A1:t5218,00436A2B:t5609; target=006ACC70; operand=1; locals=param_4; transition=pointer:/int -> /uint	verified by the matching Ghidra analyzer/export evidence	source audit kind=exact_machine_lifetime_call_view	exact source-only lifetime/view; Program ABI unchanged	Ghidra cannot persist this split without merging unrelated machine lifetimes	neutralized	1	1
00435B90		unattachable_call_argument_lifetime	generated per-use lifetime	anchors=00435BF1:t157,00435C7F:t3643,00435CF4:t3073,00435D76:t837,00435DFF:t3475,00435E7C:t3274,00435F02:t446,00435F8C:t1800,00436012:t2370,00436087:t2538,004360FC:t636,0043617E:t2907,004361FE:t2706,00436284:t1599,00436301:t1398,00436383:t1186,0043640D:t2158,00436486:t1968,00436503:t996,004365B9:t3917,004366E8:t4143,0043678F:t4404,00436802:t4569,0043688D:t4774,00436944:t5078,004369A1:t5218,00436A2B:t5609; target=006ACC70; operand=1; locals=param_4; transition=pointer:/int -> /uint	verified by the matching Ghidra analyzer/export evidence	source audit kind=exact_machine_lifetime_call_view	exact source-only lifetime/view; Program ABI unchanged	Ghidra cannot persist this split without merging unrelated machine lifetimes	neutralized	1	1
00435B90		unattachable_call_argument_lifetime	generated per-use lifetime	anchors=00435BF1:t157,00435C7F:t3643,00435CF4:t3073,00435D76:t837,00435DFF:t3475,00435E7C:t3274,00435F02:t446,00435F8C:t1800,00436012:t2370,00436087:t2538,004360FC:t636,0043617E:t2907,004361FE:t2706,00436284:t1599,00436301:t1398,00436383:t1186,0043640D:t2158,00436486:t1968,00436503:t996,004365B9:t3917,004366E8:t4143,0043678F:t4404,00436802:t4569,0043688D:t4774,00436944:t5078,004369A1:t5218,00436A2B:t5609; target=006ACC70; operand=1; locals=param_4; transition=pointer:/int -> /uint	verified by the matching Ghidra analyzer/export evidence	source audit kind=exact_machine_lifetime_call_view	exact source-only lifetime/view; Program ABI unchanged	Ghidra cannot persist this split without merging unrelated machine lifetimes	neutralized	1	1
00435B90		unattachable_call_argument_lifetime	generated per-use lifetime	anchors=00435BF1:t157,00435C7F:t3643,00435CF4:t3073,00435D76:t837,00435DFF:t3475,00435E7C:t3274,00435F02:t446,00435F8C:t1800,00436012:t2370,00436087:t2538,004360FC:t636,0043617E:t2907,004361FE:t2706,00436284:t1599,00436301:t1398,00436383:t1186,0043640D:t2158,00436486:t1968,00436503:t996,004365B9:t3917,004366E8:t4143,0043678F:t4404,00436802:t4569,0043688D:t4774,00436944:t5078,004369A1:t5218,00436A2B:t5609; target=006ACC70; operand=1; locals=param_4; transition=pointer:/int -> /uint	verified by the matching Ghidra analyzer/export evidence	source audit kind=exact_machine_lifetime_call_view	exact source-only lifetime/view; Program ABI unchanged	Ghidra cannot persist this split without merging unrelated machine lifetimes	neutralized	1	1
00435B90		unattachable_call_argument_lifetime	generated per-use lifetime	anchors=00435BF1:t157,00435C7F:t3643,00435CF4:t3073,00435D76:t837,00435DFF:t3475,00435E7C:t3274,00435F02:t446,00435F8C:t1800,00436012:t2370,00436087:t2538,004360FC:t636,0043617E:t2907,004361FE:t2706,00436284:t1599,00436301:t1398,00436383:t1186,0043640D:t2158,00436486:t1968,00436503:t996,004365B9:t3917,004366E8:t4143,0043678F:t4404,00436802:t4569,0043688D:t4774,00436944:t5078,004369A1:t5218,00436A2B:t5609; target=006ACC70; operand=1; locals=param_4; transition=pointer:/int -> /uint	verified by the matching Ghidra analyzer/export evidence	source audit kind=exact_machine_lifetime_call_view	exact source-only lifetime/view; Program ABI unchanged	Ghidra cannot persist this split without merging unrelated machine lifetimes	neutralized	1	1
00435B90		unattachable_call_argument_lifetime	generated per-use lifetime	anchors=00435BF1:t157,00435C7F:t3643,00435CF4:t3073,00435D76:t837,00435DFF:t3475,00435E7C:t3274,00435F02:t446,00435F8C:t1800,00436012:t2370,00436087:t2538,004360FC:t636,0043617E:t2907,004361FE:t2706,00436284:t1599,00436301:t1398,00436383:t1186,0043640D:t2158,00436486:t1968,00436503:t996,004365B9:t3917,004366E8:t4143,0043678F:t4404,00436802:t4569,0043688D:t4774,00436944:t5078,004369A1:t5218,00436A2B:t5609; target=006ACC70; operand=1; locals=param_4; transition=pointer:/int -> /uint	verified by the matching Ghidra analyzer/export evidence	source audit kind=exact_machine_lifetime_call_view	exact source-only lifetime/view; Program ABI unchanged	Ghidra cannot persist this split without merging unrelated machine lifetimes	neutralized	1	1
00435B90		unattachable_call_argument_lifetime	generated per-use lifetime	anchors=00435BF1:t157,00435C7F:t3643,00435CF4:t3073,00435D76:t837,00435DFF:t3475,00435E7C:t3274,00435F02:t446,00435F8C:t1800,00436012:t2370,00436087:t2538,004360FC:t636,0043617E:t2907,004361FE:t2706,00436284:t1599,00436301:t1398,00436383:t1186,0043640D:t2158,00436486:t1968,00436503:t996,004365B9:t3917,004366E8:t4143,0043678F:t4404,00436802:t4569,0043688D:t4774,00436944:t5078,004369A1:t5218,00436A2B:t5609; target=006ACC70; operand=1; locals=param_4; transition=pointer:/int -> /uint	verified by the matching Ghidra analyzer/export evidence	source audit kind=exact_machine_lifetime_call_view	exact source-only lifetime/view; Program ABI unchanged	Ghidra cannot persist this split without merging unrelated machine lifetimes	neutralized	1	1
00435B90		unattachable_call_argument_lifetime	generated per-use lifetime	anchors=00435BF1:t157,00435C7F:t3643,00435CF4:t3073,00435D76:t837,00435DFF:t3475,00435E7C:t3274,00435F02:t446,00435F8C:t1800,00436012:t2370,00436087:t2538,004360FC:t636,0043617E:t2907,004361FE:t2706,00436284:t1599,00436301:t1398,00436383:t1186,0043640D:t2158,00436486:t1968,00436503:t996,004365B9:t3917,004366E8:t4143,0043678F:t4404,00436802:t4569,0043688D:t4774,00436944:t5078,004369A1:t5218,00436A2B:t5609; target=006ACC70; operand=1; locals=param_4; transition=pointer:/int -> /uint	verified by the matching Ghidra analyzer/export evidence	source audit kind=exact_machine_lifetime_call_view	exact source-only lifetime/view; Program ABI unchanged	Ghidra cannot persist this split without merging unrelated machine lifetimes	neutralized	1	1
00435B90		unattachable_call_argument_lifetime	generated per-use lifetime	anchors=00435BF1:t157,00435C7F:t3643,00435CF4:t3073,00435D76:t837,00435DFF:t3475,00435E7C:t3274,00435F02:t446,00435F8C:t1800,00436012:t2370,00436087:t2538,004360FC:t636,0043617E:t2907,004361FE:t2706,00436284:t1599,00436301:t1398,00436383:t1186,0043640D:t2158,00436486:t1968,00436503:t996,004365B9:t3917,004366E8:t4143,0043678F:t4404,00436802:t4569,0043688D:t4774,00436944:t5078,004369A1:t5218,00436A2B:t5609; target=006ACC70; operand=1; locals=param_4; transition=pointer:/int -> /uint	verified by the matching Ghidra analyzer/export evidence	source audit kind=exact_machine_lifetime_call_view	exact source-only lifetime/view; Program ABI unchanged	Ghidra cannot persist this split without merging unrelated machine lifetimes	neutralized	1	1
00435B90		unattachable_call_argument_lifetime	generated per-use lifetime	anchors=00435BF1:t157,00435C7F:t3643,00435CF4:t3073,00435D76:t837,00435DFF:t3475,00435E7C:t3274,00435F02:t446,00435F8C:t1800,00436012:t2370,00436087:t2538,004360FC:t636,0043617E:t2907,004361FE:t2706,00436284:t1599,00436301:t1398,00436383:t1186,0043640D:t2158,00436486:t1968,00436503:t996,004365B9:t3917,004366E8:t4143,0043678F:t4404,00436802:t4569,0043688D:t4774,00436944:t5078,004369A1:t5218,00436A2B:t5609; target=006ACC70; operand=1; locals=param_4; transition=pointer:/int -> /uint	verified by the matching Ghidra analyzer/export evidence	source audit kind=exact_machine_lifetime_call_view	exact source-only lifetime/view; Program ABI unchanged	Ghidra cannot persist this split without merging unrelated machine lifetimes	neutralized	1	1
00435B90		unattachable_call_argument_lifetime	generated per-use lifetime	anchors=00435BF1:t157,00435C7F:t3643,00435CF4:t3073,00435D76:t837,00435DFF:t3475,00435E7C:t3274,00435F02:t446,00435F8C:t1800,00436012:t2370,00436087:t2538,004360FC:t636,0043617E:t2907,004361FE:t2706,00436284:t1599,00436301:t1398,00436383:t1186,0043640D:t2158,00436486:t1968,00436503:t996,004365B9:t3917,004366E8:t4143,0043678F:t4404,00436802:t4569,0043688D:t4774,00436944:t5078,004369A1:t5218,00436A2B:t5609; target=006ACC70; operand=1; locals=param_4; transition=pointer:/int -> /uint	verified by the matching Ghidra analyzer/export evidence	source audit kind=exact_machine_lifetime_call_view	exact source-only lifetime/view; Program ABI unchanged	Ghidra cannot persist this split without merging unrelated machine lifetimes	neutralized	1	1
00435B90		unattachable_call_argument_lifetime	generated per-use lifetime	anchors=00435BF1:t157,00435C7F:t3643,00435CF4:t3073,00435D76:t837,00435DFF:t3475,00435E7C:t3274,00435F02:t446,00435F8C:t1800,00436012:t2370,00436087:t2538,004360FC:t636,0043617E:t2907,004361FE:t2706,00436284:t1599,00436301:t1398,00436383:t1186,0043640D:t2158,00436486:t1968,00436503:t996,004365B9:t3917,004366E8:t4143,0043678F:t4404,00436802:t4569,0043688D:t4774,00436944:t5078,004369A1:t5218,00436A2B:t5609; target=006ACC70; operand=1; locals=param_4; transition=pointer:/int -> /uint	verified by the matching Ghidra analyzer/export evidence	source audit kind=exact_machine_lifetime_call_view	exact source-only lifetime/view; Program ABI unchanged	Ghidra cannot persist this split without merging unrelated machine lifetimes	neutralized	1	1
00435B90		unattachable_call_argument_lifetime	generated per-use lifetime	anchors=00435BF1:t157,00435C7F:t3643,00435CF4:t3073,00435D76:t837,00435DFF:t3475,00435E7C:t3274,00435F02:t446,00435F8C:t1800,00436012:t2370,00436087:t2538,004360FC:t636,0043617E:t2907,004361FE:t2706,00436284:t1599,00436301:t1398,00436383:t1186,0043640D:t2158,00436486:t1968,00436503:t996,004365B9:t3917,004366E8:t4143,0043678F:t4404,00436802:t4569,0043688D:t4774,00436944:t5078,004369A1:t5218,00436A2B:t5609; target=006ACC70; operand=1; locals=param_4; transition=pointer:/int -> /uint	verified by the matching Ghidra analyzer/export evidence	source audit kind=exact_machine_lifetime_call_view	exact source-only lifetime/view; Program ABI unchanged	Ghidra cannot persist this split without merging unrelated machine lifetimes	neutralized	1	1
0043AAF0		incoming_parameter_slot_lifetime	generated per-use lifetime	_param_1: short[2] -> int x86 stack slot	verified by the matching Ghidra analyzer/export evidence	source audit kind=promoted_parameter_slot_materialization	exact source-only lifetime/view; Program ABI unchanged	Ghidra cannot persist this split without merging unrelated machine lifetimes	neutralized	1	1
0043AAF0	STAllPlayersC::GetCamPoint	local_lifetime	pSVar5/mg0	pointer(pointer:/STGameObjC) -> unknown	0043ABBD:t532 call_return operand=-1 target=004028BA	ANALYSIS; direct=004028BA; resolved=0042B620	retain neutral or current storage; require an exact per-use view	incompatible exact lifetime types=[pointer:/STFishC, pointer:/STGameObjC]	review	1	1
0043AAF0	STAllPlayersC::GetCamPoint	local_lifetime	pSVar5/mg1	pointer(pointer:/STGameObjC) -> unknown	0043AC3D:t733 call_return operand=-1 target=004028BA	ANALYSIS; direct=004028BA; resolved=0042B620	retain neutral or current storage; require an exact per-use view	incompatible exact lifetime types=[pointer:/STFishC, pointer:/STGameObjC]	review	1	1
0043AAF0	STAllPlayersC::GetCamPoint	local_lifetime	pSVar5/mg2	pointer(pointer:/STGameObjC) -> unknown	0043AD34:t207 call_return operand=-1 target=004028BA	ANALYSIS; direct=004028BA; resolved=0042B620	retain neutral or current storage; require an exact per-use view	incompatible exact lifetime types=[pointer:/STFishC, pointer:/STGameObjC]	review	1	1
0043AE40	STAllPlayersC::SetActivePanel	local_lifetime	pSVar7/mg0	pointer(pointer:/STGameObjC) -> unknown	0043B99C:t2998 call_return operand=-1 target=004028BA	ANALYSIS; direct=004028BA; resolved=0042B620	retain neutral or current storage; require an exact per-use view	incompatible exact lifetime types=[pointer:/STFishC, pointer:/STGameObjC]	review	1	1
0043AE40	STAllPlayersC::SetActivePanel	local_lifetime	pSVar7/mg1	pointer(pointer:/STGameObjC) -> unknown	0043B70C:t2318 call_return operand=-1 target=004028BA	ANALYSIS; direct=004028BA; resolved=0042B620	retain neutral or current storage; require an exact per-use view	incompatible exact lifetime types=[pointer:/STFishC, pointer:/STGameObjC]	review	1	1
0043AE40	STAllPlayersC::SetActivePanel	local_lifetime	pSVar7/mg2	pointer(pointer:/STGameObjC) -> unknown	0043B5A3:t1960 call_return operand=-1 target=004028BA	ANALYSIS; direct=004028BA; resolved=0042B620	retain neutral or current storage; require an exact per-use view	incompatible exact lifetime types=[pointer:/STFishC, pointer:/STGameObjC]	review	1	1
0043AE40	STAllPlayersC::SetActivePanel	local_lifetime	pSVar7/mg3	pointer(pointer:/STGameObjC) -> unknown	0043B4EF:t1813 call_return operand=-1 target=004028BA	ANALYSIS; direct=004028BA; resolved=0042B620	retain neutral or current storage; require an exact per-use view	incompatible exact lifetime types=[pointer:/STFishC, pointer:/STGameObjC]	review	1	1
0043AE40	STAllPlayersC::SetActivePanel	local_lifetime	pSVar7/mg4	pointer(pointer:/STGameObjC) -> unknown	0043B309:t1193 call_return operand=-1 target=004028BA	ANALYSIS; direct=004028BA; resolved=0042B620	retain neutral or current storage; require an exact per-use view	incompatible exact lifetime types=[pointer:/STFishC, pointer:/STGameObjC]	review	1	1
0043AE40	STAllPlayersC::SetActivePanel	local_lifetime	pSVar7/mg5	pointer(pointer:/STGameObjC) -> unknown	0043B0FC:t647 call_return operand=-1 target=004028BA	ANALYSIS; direct=004028BA; resolved=0042B620	retain neutral or current storage; require an exact per-use view	incompatible exact lifetime types=[pointer:/STFishC, pointer:/STGameObjC]	review	1	1
0043AE40	STAllPlayersC::SetActivePanel	local_lifetime	pSVar7/mg6	pointer(pointer:/STGameObjC) -> unknown	0043B1DE:t409 call_return operand=-1 target=004028BA	ANALYSIS; direct=004028BA; resolved=0042B620	retain neutral or current storage; require an exact per-use view	incompatible exact lifetime types=[pointer:/STFishC, pointer:/STGameObjC]	review	1	1
0043BEB0	STAllPlayersC::GetPanelInfo	local_lifetime	dVar10/mg1	scalar(/dword) -> scalar(/uint)	0043D188:t6242 call_argument operand=1 target=006ACC70	ANALYSIS; direct=006ACC70	retain neutral or current storage; require an exact per-use view	separate decompiler merge group; exact_type_votes=1; score=4; sources=[call_argument]; one-way call conversion alone is review-only; exact call-boundary type is proven, but no same-width transparent p-code path reattaches that argument to one persistent HighSymbol	review	1	1
0043BEB0	STAllPlayersC::GetPanelInfo	local_lifetime	pSVar11/mg0	pointer(pointer:/STGameObjC) -> unknown	0043C02A:t601 call_return operand=-1 target=004028BA	ANALYSIS; direct=004028BA; resolved=0042B620	retain neutral or current storage; require an exact per-use view	incompatible exact lifetime types=[pointer:/STFishC, pointer:/STGameObjC]	review	1	1
004407A0		output_buffer_post_call_lifetime	generated per-use lifetime	call 006ACC70 argument 3: param_1 -> _param_1 as STGroupBoatC *	verified by the matching Ghidra analyzer/export evidence	source audit kind=exact_output_lifetime_materialization	exact source-only lifetime/view; Program ABI unchanged	Ghidra cannot persist this split without merging unrelated machine lifetimes	neutralized	1	1
00440AA0	STAllPlayersC::_AssignDocks	local_lifetime	local_6c/mg0	darray_pointer(pointer:/SubmarineTitans/Recovered/DArrayTy) -> unknown	00440CE9:t805 call_argument operand=0 target=006ACC70	ANALYSIS; direct=006ACC70	retain neutral or current storage; require an exact per-use view	incompatible exact lifetime types=[/uint, pointer:/SubmarineTitans/Recovered/DArrayTy]	review	1	1
00440AA0	STAllPlayersC::_AssignDocks	local_lifetime	local_6c/mg0	darray_pointer(pointer:/SubmarineTitans/Recovered/DArrayTy) -> scalar(/uint)	0044161B:t4167 call_argument operand=1 target=006ACC70	ANALYSIS; direct=006ACC70	unattachable High lifetime is represented by the exact address-stable per-use boundary 0044161B:t4167|006ACC70|1	exact call-boundary type is proven, but no same-width transparent p-code path reattaches that argument to one persistent HighSymbol; complete CALL-operand scan records an address-local source view only	neutralized	1	1
00440AA0	STAllPlayersC::_AssignDocks	local_lifetime	pSVar4/mg3	pointer(pointer:/STGameObjC) -> unknown	00440F6D:t1640 call_return operand=-1 target=004028BA	ANALYSIS; direct=004028BA; resolved=0042B620	retain neutral or current storage; require an exact per-use view	incompatible exact lifetime types=[pointer:/STFishC, pointer:/STGameObjC]	review	1	1
00440AA0	STAllPlayersC::_AssignDocks	local_lifetime	pSVar4/mg4	pointer(pointer:/STGameObjC) -> unknown	00441044:t1913 call_return operand=-1 target=004028BA	ANALYSIS; direct=004028BA; resolved=0042B620	retain neutral or current storage; require an exact per-use view	incompatible exact lifetime types=[pointer:/STFishC, pointer:/STGameObjC]	review	1	1
00440AA0	STAllPlayersC::_AssignDocks	local_lifetime	pSVar4/mg5	pointer(pointer:/STGameObjC) -> unknown	0044110A:t2188 call_return operand=-1 target=004028BA	ANALYSIS; direct=004028BA; resolved=0042B620	retain neutral or current storage; require an exact per-use view	incompatible exact lifetime types=[pointer:/STFishC, pointer:/STGameObjC]	review	1	1
00440AA0	STAllPlayersC::_AssignDocks	local_lifetime	uStack_3a/mg0	scalar(/undefined4) -> scalar(/int)	004410C1:t2084 signed_scalar_role operand=-1 target=	INT_SDIV	retain neutral or current storage; require an exact per-use view	single undefined local lifetime; exact_type_votes=1; score=4; sources=[scalar_arithmetic]; one-way call conversion alone is review-only	review	1	1
00440AA0		unattachable_call_argument_lifetime	generated per-use lifetime	anchors=0044161B:t4167; target=006ACC70; operand=1; locals=local_6c; transition=pointer:/SubmarineTitans/Recovered/DArrayTy -> /uint	verified by the matching Ghidra analyzer/export evidence	source audit kind=exact_machine_lifetime_call_view	exact source-only lifetime/view; Program ABI unchanged	Ghidra cannot persist this split without merging unrelated machine lifetimes	neutralized	1	1
00441CE0	STAllPlayersC::_MakeMDPairs	local_lifetime	local_c/mg0	darray_pointer(pointer:/SubmarineTitans/Recovered/DArrayTy) -> scalar(/uint)	00441ED5:t687 call_argument operand=1 target=006ACC70	ANALYSIS; direct=006ACC70	unattachable High lifetime is represented by the exact address-stable per-use boundary 00441ED5:t687|006ACC70|1	single receiver-alias lifetime; exact_type_votes=1; score=4; sources=[call_argument]; one-way call conversion alone is review-only; exact call-boundary type is proven, but no same-width transparent p-code path reattaches that argument to one persistent HighSymbol	neutralized	1	1
00441CE0		unattachable_call_argument_lifetime	generated per-use lifetime	anchors=00441ED5:t687; target=006ACC70; operand=1; locals=local_c; transition=pointer:/SubmarineTitans/Recovered/DArrayTy -> /uint	verified by the matching Ghidra analyzer/export evidence	source audit kind=exact_machine_lifetime_call_view	exact source-only lifetime/view; Program ABI unchanged	Ghidra cannot persist this split without merging unrelated machine lifetimes	neutralized	1	1
00442300	STAllPlayersC::_AddMDPairs	local_lifetime	local_44/mg0	pointer(pointer:/STGameObjC) -> unknown	0044233C:t57 call_return operand=-1 target=004028BA	ANALYSIS; direct=004028BA; resolved=0042B620	retain neutral or current storage; require an exact per-use view	incompatible exact lifetime types=[pointer:/STFishC, pointer:/STGameObjC]	review	1	1
00442300	STAllPlayersC::_AddMDPairs	local_lifetime	pSVar4_mg1/mg0	pointer(pointer:/STGameObjC) -> unknown	0044279F:t1688 call_return operand=-1 target=004028BA	ANALYSIS; direct=004028BA; resolved=0042B620	retain neutral or current storage; require an exact per-use view	incompatible exact lifetime types=[pointer:/STFishC, pointer:/STGameObjC]	review	1	1
00442300	STAllPlayersC::_AddMDPairs	local_lifetime	pSVar4_mg3/mg0	pointer(pointer:/STGameObjC) -> unknown	00442517:t677 call_return operand=-1 target=004028BA	ANALYSIS; direct=004028BA; resolved=0042B620	retain neutral or current storage; require an exact per-use view	incompatible exact lifetime types=[pointer:/STFishC, pointer:/STGameObjC]	review	1	1
00442E50	STAllPlayersC::_AssignMDPairs	local_lifetime	dVar17/mg0	scalar(/dword) -> scalar(/uint)	0044363D:t2284 call_argument operand=1 target=006ACC70	ANALYSIS; direct=006ACC70	retain neutral or current storage; require an exact per-use view	separate decompiler merge group; exact_type_votes=1; score=4; sources=[call_argument]; one-way call conversion alone is review-only; exact call-boundary type is proven, but no same-width transparent p-code path reattaches that argument to one persistent HighSymbol	review	1	1
00442E50	STAllPlayersC::_AssignMDPairs	local_lifetime	dVar17/mg1	scalar(/dword) -> scalar(/uint)	004436BE:t2473 call_argument operand=1 target=006ACC70	ANALYSIS; direct=006ACC70	retain neutral or current storage; require an exact per-use view	separate decompiler merge group; exact_type_votes=1; score=4; sources=[call_argument]; one-way call conversion alone is review-only; exact call-boundary type is proven, but no same-width transparent p-code path reattaches that argument to one persistent HighSymbol	review	1	1
00442E50	STAllPlayersC::_AssignMDPairs	local_lifetime	local_30/mg0	darray_pointer(pointer:/SubmarineTitans/Recovered/DArrayTy) -> unknown	00443196:t1069 call_return operand=-1 target=006AE290	ANALYSIS; direct=006AE290	retain neutral or current storage; require an exact per-use view	incompatible exact lifetime types=[/uint, pointer:/SubmarineTitans/Recovered/DArrayTy]	review	1	1
00442E50	STAllPlayersC::_AssignMDPairs	local_lifetime	local_30/mg0	darray_pointer(pointer:/SubmarineTitans/Recovered/DArrayTy) -> scalar(/uint)	00443A37:t3623 call_argument operand=1 target=006AE290	ANALYSIS; direct=006AE290	unattachable High lifetime is represented by the exact address-stable per-use boundary 00443A37:t3623|006AE290|1	exact call-boundary type is proven, but no same-width transparent p-code path reattaches that argument to one persistent HighSymbol; complete CALL-operand scan records an address-local source view only	neutralized	1	1
00442E50	STAllPlayersC::_AssignMDPairs	local_lifetime	local_44/mg0	darray_pointer(pointer:/SubmarineTitans/Recovered/DArrayTy) -> scalar(/uint)	00443272:t1343 call_argument operand=1 target=006ACC70	ANALYSIS; direct=006ACC70	unattachable High lifetime is represented by the exact address-stable per-use boundary 00443272:t1343|006ACC70|1	single receiver-alias lifetime; exact_type_votes=1; score=4; sources=[call_argument]; one-way call conversion alone is review-only; exact call-boundary type is proven, but no same-width transparent p-code path reattaches that argument to one persistent HighSymbol	neutralized	1	1
00442E50	STAllPlayersC::_AssignMDPairs	local_lifetime	pDVar9/mg3	darray_pointer(pointer:/SubmarineTitans/Recovered/DArrayTy) -> scalar(/uint)	00443876:t3075 call_argument operand=1 target=006AE290	ANALYSIS; direct=006AE290	unattachable High lifetime is represented by the exact address-stable per-use boundary 00443876:t3075|006AE290|1	separate decompiler merge group; exact_type_votes=1; score=4; sources=[call_argument]; one-way call conversion alone is review-only; exact call-boundary type is proven, but no same-width transparent p-code path reattaches that argument to one persistent HighSymbol	neutralized	1	1
00442E50		unattachable_call_argument_lifetime	generated per-use lifetime	anchors=00443272:t1343; target=006ACC70; operand=1; locals=local_44; transition=pointer:/SubmarineTitans/Recovered/DArrayTy -> /uint	verified by the matching Ghidra analyzer/export evidence	source audit kind=exact_machine_lifetime_call_view	exact source-only lifetime/view; Program ABI unchanged	Ghidra cannot persist this split without merging unrelated machine lifetimes	neutralized	1	1
00442E50		unattachable_call_argument_lifetime	generated per-use lifetime	anchors=00443876:t3075,00443A37:t3623; target=006AE290; operand=1; locals=local_30,pDVar9; transition=pointer:/SubmarineTitans/Recovered/DArrayTy -> /uint	verified by the matching Ghidra analyzer/export evidence	source audit kind=exact_machine_lifetime_call_view	exact source-only lifetime/view; Program ABI unchanged	Ghidra cannot persist this split without merging unrelated machine lifetimes	neutralized	1	1
00442E50		unattachable_call_argument_lifetime	generated per-use lifetime	anchors=00443876:t3075,00443A37:t3623; target=006AE290; operand=1; locals=local_30,pDVar9; transition=pointer:/SubmarineTitans/Recovered/DArrayTy -> /uint	verified by the matching Ghidra analyzer/export evidence	source audit kind=exact_machine_lifetime_call_view	exact source-only lifetime/view; Program ABI unchanged	Ghidra cannot persist this split without merging unrelated machine lifetimes	neutralized	1	1
00443F30	STAllPlayersC::SaveAllPlData	local_lifetime	local_18/mg0	darray_pointer(pointer:/SubmarineTitans/Recovered/DArrayTy) -> scalar(/uint)	00444949:t3129 call_argument operand=1 target=006ACC70	ANALYSIS; direct=006ACC70	unattachable High lifetime is represented by the exact address-stable per-use boundary 00444949:t3129|006ACC70|1	single receiver-alias lifetime; exact_type_votes=1; score=4; sources=[call_argument]; one-way call conversion alone is review-only; exact call-boundary type is proven, but no same-width transparent p-code path reattaches that argument to one persistent HighSymbol	neutralized	1	1
00443F30		unattachable_call_argument_lifetime	generated per-use lifetime	anchors=00444949:t3129; target=006ACC70; operand=1; locals=local_18; transition=pointer:/SubmarineTitans/Recovered/DArrayTy -> /uint	verified by the matching Ghidra analyzer/export evidence	source audit kind=exact_machine_lifetime_call_view	exact source-only lifetime/view; Program ABI unchanged	Ghidra cannot persist this split without merging unrelated machine lifetimes	neutralized	1	1
00444E70	FUN_00444e70	local_lifetime	local_10/mg0	pointer(pointer:/SubmarineTitans/Recovered/PointerShapes/AnonShape_00444E70_523E22DE) -> scalar(/uint)	00445325:t1347 call_argument operand=1 target=006AE140	ANALYSIS; direct=006AE140	unattachable High lifetime is represented by the exact address-stable per-use boundary 00445325:t1347|006AE140|1	exact call-boundary type is proven, but no same-width transparent p-code path reattaches that argument to one persistent HighSymbol; complete CALL-operand scan records an address-local source view only	neutralized	1	1
00444E70		unattachable_call_argument_lifetime	generated per-use lifetime	anchors=00445325:t1347; target=006AE140; operand=1; locals=local_10; transition=pointer:/SubmarineTitans/Recovered/PointerShapes/AnonShape_00444E70_523E22DE -> /uint	verified by the matching Ghidra analyzer/export evidence	source audit kind=exact_machine_lifetime_call_view	exact source-only lifetime/view; Program ABI unchanged	Ghidra cannot persist this split without merging unrelated machine lifetimes	neutralized	1	1
00446F80		incoming_parameter_slot_lifetime	generated per-use lifetime	_param_1: char[1] -> int x86 stack slot	verified by the matching Ghidra analyzer/export evidence	source audit kind=promoted_parameter_slot_materialization	exact source-only lifetime/view; Program ABI unchanged	Ghidra cannot persist this split without merging unrelated machine lifetimes	neutralized	1	1
00446F80	STAllPlayersC::DistributeGuardBoats	local_lifetime	uVar3/mg1	scalar(/uint) -> scalar(/int)	00447256:t633 signed_scalar_role operand=-1 target=	INT_SRIGHT	retain neutral or current storage; require an exact per-use view	separate decompiler merge group; exact_type_votes=1; score=4; sources=[scalar_arithmetic]; one-way call conversion alone is review-only	review	1	1
00446F80	STAllPlayersC::DistributeGuardBoats	local_lifetime	uVar3/mg2	scalar(/uint) -> scalar(/int)	0044726E:t682 signed_scalar_role operand=-1 target=	INT_SRIGHT	retain neutral or current storage; require an exact per-use view	separate decompiler merge group; exact_type_votes=1; score=4; sources=[scalar_arithmetic]; one-way call conversion alone is review-only	review	1	1
00446F80	STAllPlayersC::DistributeGuardBoats	local_lifetime	uVar7/mg4	scalar(/uint) -> scalar(/int)	00447779:t4210 signed_scalar_role operand=-1 target=	INT_SRIGHT	retain neutral or current storage; require an exact per-use view	separate decompiler merge group; exact_type_votes=1; score=4; sources=[scalar_arithmetic]; one-way call conversion alone is review-only	review	1	1
00446F80	STAllPlayersC::DistributeGuardBoats	local_lifetime	uVar7/mg5	scalar(/uint) -> scalar(/int)	0044778D:t4259 signed_scalar_role operand=-1 target=	INT_SRIGHT	retain neutral or current storage; require an exact per-use view	separate decompiler merge group; exact_type_votes=1; score=4; sources=[scalar_arithmetic]; one-way call conversion alone is review-only	review	1	1
00448120		incoming_parameter_slot_lifetime	generated per-use lifetime	_param_4: short[2] -> int x86 stack slot	verified by the matching Ghidra analyzer/export evidence	source audit kind=promoted_parameter_slot_materialization	exact source-only lifetime/view; Program ABI unchanged	Ghidra cannot persist this split without merging unrelated machine lifetimes	neutralized	1	1
00448120	STAllPlayersC::PutOnPlaceGuardBoats	local_lifetime	local_24/mg0	pointer(pointer:/STBoatC) -> unknown	00448BD2:t3436 call_argument operand=0 target=00402EDC	ANALYSIS; direct=00402EDC; resolved=0045FF10	retain neutral or current storage; require an exact per-use view	incompatible exact lifetime types=[pointer:/STBoatC, pointer:/STGameObjC]	review	1	1
00448120	STAllPlayersC::PutOnPlaceGuardBoats	local_lifetime	pSVar8/mg0	pointer(pointer:/STBoatC) -> unknown	00448FF3:t4285 call_return operand=-1 target=004028BA	USE_SITE_OVERRIDE; direct=004028BA; resolved=0042B620	retain neutral or current storage; require an exact per-use view	incompatible exact lifetime types=[pointer:/STBoatC, pointer:/STGameObjC]	review	1	1
00448120	STAllPlayersC::PutOnPlaceGuardBoats	local_lifetime	pSVar8/mg1	pointer(pointer:/STBoatC) -> unknown	0044931B:t4874 call_argument operand=0 target=00402EDC	ANALYSIS; direct=00402EDC; resolved=0045FF10	retain neutral or current storage; require an exact per-use view	incompatible exact lifetime types=[pointer:/STBoatC, pointer:/STGameObjC]	review	1	1
00448120	STAllPlayersC::PutOnPlaceGuardBoats	local_lifetime	pSVar8/mg2	pointer(pointer:/STBoatC) -> unknown	00449166:t5305 call_return operand=-1 target=004028BA	USE_SITE_OVERRIDE; direct=004028BA; resolved=0042B620	retain neutral or current storage; require an exact per-use view	incompatible exact lifetime types=[pointer:/STBoatC, pointer:/STGameObjC]	review	1	1
00448120	STAllPlayersC::PutOnPlaceGuardBoats	local_lifetime	pSVar8/mg3	pointer(pointer:/STBoatC) -> unknown	00448ED5:t5937 call_argument operand=0 target=00402EDC	ANALYSIS; direct=00402EDC; resolved=0045FF10	retain neutral or current storage; require an exact per-use view	incompatible exact lifetime types=[pointer:/STBoatC, pointer:/STGameObjC]	review	1	1
00448120	STAllPlayersC::PutOnPlaceGuardBoats	local_lifetime	pSVar8/mg4	pointer(pointer:/STBoatC) -> unknown	00448D10:t647 call_return operand=-1 target=004028BA	USE_SITE_OVERRIDE; direct=004028BA; resolved=0042B620	retain neutral or current storage; require an exact per-use view	incompatible exact lifetime types=[pointer:/STBoatC, pointer:/STGameObjC]	review	1	1
00448120	STAllPlayersC::PutOnPlaceGuardBoats	local_lifetime	pSVar8/mg5	pointer(pointer:/STBoatC) -> unknown	00448525:t1731 call_argument operand=0 target=00402EDC	ANALYSIS; direct=00402EDC; resolved=0045FF10	retain neutral or current storage; require an exact per-use view	incompatible exact lifetime types=[pointer:/STBoatC, pointer:/STGameObjC]	review	1	1
00448120	STAllPlayersC::PutOnPlaceGuardBoats	local_lifetime	pSVar8/mg6	pointer(pointer:/STBoatC) -> unknown	00448643:t2162 call_return operand=-1 target=004028BA	USE_SITE_OVERRIDE; direct=004028BA; resolved=0042B620	retain neutral or current storage; require an exact per-use view	incompatible exact lifetime types=[pointer:/STBoatC, pointer:/STGameObjC]	review	1	1
00448120	STAllPlayersC::PutOnPlaceGuardBoats	local_lifetime	pSVar8/mg7	pointer(pointer:/STBoatC) -> unknown	004487EE:t2754 call_argument operand=0 target=00402EDC	ANALYSIS; direct=00402EDC; resolved=0045FF10	retain neutral or current storage; require an exact per-use view	incompatible exact lifetime types=[pointer:/STBoatC, pointer:/STGameObjC]	review	1	1
00448120	STAllPlayersC::PutOnPlaceGuardBoats	local_lifetime	pSVar8/mg8	pointer(pointer:/STBoatC) -> unknown	00448BE0:t3455 call_argument operand=0 target=00404DF9	ANALYSIS; direct=00404DF9; resolved=0045F400	retain neutral or current storage; require an exact per-use view	incompatible exact lifetime types=[pointer:/STBoatC, pointer:/STGameObjC]	review	1	1
00449B60	STAllPlayersC::DestroyObjectMsg	local_lifetime	array/mg0	pointer(pointer:/SubmarineTitans/Recovered/DArraySpecializations/DArrayOf_STGameObjCPtr) -> unknown	00449B9C:t683 typed_copy operand=0 target=	ANALYSIS	retain neutral or current storage; require an exact per-use view	incompatible exact lifetime types=[pointer:/SubmarineTitans/Recovered/DArraySpecializations/DArrayOf_STGameObjCPtr, pointer:/SubmarineTitans/Recovered/DArrayTy]	review	1	1
00449B60		output_buffer_post_call_lifetime	generated per-use lifetime	_param_1: exact full-word utility output storage	verified by the matching Ghidra analyzer/export evidence	source audit kind=machine_word_output_lifetime	exact source-only lifetime/view; Program ABI unchanged	Ghidra cannot persist this split without merging unrelated machine lifetimes	neutralized	1	1
0044B5F0	STAllPlayersC::SelectObjects	local_lifetime	this_00/mg0	pointer(pointer:/STGroupBoatC) -> unknown	0044BB7E:t1084 call_return operand=-1 target=00405CF9	ANALYSIS; direct=00405CF9; resolved=0042B760	retain neutral or current storage; require an exact per-use view	incompatible exact lifetime types=[pointer:/STGroupBoatC, pointer:/STGroupC]	review	1	1
0044EE30	STBoatC::GetMessage	local_lifetime	dVar15/mg1	scalar(/dword) -> scalar(/uint)	00450E60:t318681 unsigned_scalar_role operand=0 target=	INT_RIGHT	retain neutral or current storage; require an exact per-use view	separate decompiler merge group; exact_type_votes=1; score=4; sources=[scalar_arithmetic]; one-way call conversion alone is review-only	review	1	1
0044EE30	STBoatC::GetMessage	local_lifetime	dVar15/mg3	scalar(/dword) -> scalar(/uint)	0044F3D1:t318671 unsigned_scalar_role operand=0 target=	INT_RIGHT	retain neutral or current storage; require an exact per-use view	separate decompiler merge group; exact_type_votes=1; score=4; sources=[scalar_arithmetic]; one-way call conversion alone is review-only	review	1	1
0044EE30	STBoatC::GetMessage	local_lifetime	local_7c/mg0	pointer(pointer:/SubmarineTitans/Recovered/PointerShapes/RecoveredRecordView_0060EA30_C6688588) -> scalar(/uint)	0045A6AF:t15877 call_argument operand=0 target=006AAC70	ANALYSIS; direct=006AAC70	unattachable High lifetime is represented by the exact address-stable per-use boundary 0045A6AF:t15877|006AAC70|0	single receiver-alias lifetime; exact_type_votes=1; score=4; sources=[call_argument]; one-way call conversion alone is review-only; exact call-boundary type is proven, but no same-width transparent p-code path reattaches that argument to one persistent HighSymbol	neutralized	1	1
0044EE30	STBoatC::GetMessage	local_lifetime	puVar21/mg11	pointer(pointer:/undefined4) -> pointer(pointer:/STT3DSprC)	0044FEDF:t2864 call_argument operand=0 target=00404183	ANALYSIS; direct=00404183; resolved=004AB880	retain neutral or current storage; require an exact per-use view	separate decompiler merge group; exact_type_votes=12; score=48; sources=[call_argument]; exact call-boundary type is proven, but no same-width transparent p-code path reattaches that argument to one persistent HighSymbol	review	1	1
0044EE30	STBoatC::GetMessage	local_lifetime	puVar21/mg11	pointer(pointer:/undefined4) -> pointer(pointer:/STT3DSprC)	0044FFCB:t20074 call_argument operand=0 target=00401064	ANALYSIS; direct=00401064; resolved=004ABE40	retain neutral or current storage; require an exact per-use view	separate decompiler merge group; exact_type_votes=12; score=48; sources=[call_argument]; exact call-boundary type is proven, but no same-width transparent p-code path reattaches that argument to one persistent HighSymbol	review	1	1
0044EE30	STBoatC::GetMessage	local_lifetime	puVar21/mg11	pointer(pointer:/undefined4) -> pointer(pointer:/STT3DSprC)	00450047:t3097 call_argument operand=0 target=00401064	ANALYSIS; direct=00401064; resolved=004ABE40	retain neutral or current storage; require an exact per-use view	separate decompiler merge group; exact_type_votes=12; score=48; sources=[call_argument]; exact call-boundary type is proven, but no same-width transparent p-code path reattaches that argument to one persistent HighSymbol	review	1	1
0044EE30	STBoatC::GetMessage	local_lifetime	puVar21/mg11	pointer(pointer:/undefined4) -> pointer(pointer:/STT3DSprC)	00450054:t3110 call_argument operand=0 target=00401064	ANALYSIS; direct=00401064; resolved=004ABE40	retain neutral or current storage; require an exact per-use view	separate decompiler merge group; exact_type_votes=12; score=48; sources=[call_argument]; exact call-boundary type is proven, but no same-width transparent p-code path reattaches that argument to one persistent HighSymbol	review	1	1
0044EE30	STBoatC::GetMessage	local_lifetime	puVar21/mg11	pointer(pointer:/undefined4) -> pointer(pointer:/STT3DSprC)	0045008B:t3163 call_argument operand=0 target=00405240	ANALYSIS; direct=00405240; resolved=004AC1A0	retain neutral or current storage; require an exact per-use view	separate decompiler merge group; exact_type_votes=12; score=48; sources=[call_argument]; exact call-boundary type is proven, but no same-width transparent p-code path reattaches that argument to one persistent HighSymbol	review	1	1
0044EE30	STBoatC::GetMessage	local_lifetime	puVar21/mg11	pointer(pointer:/undefined4) -> pointer(pointer:/STT3DSprC)	004500A1:t3177 call_argument operand=0 target=00405240	ANALYSIS; direct=00405240; resolved=004AC1A0	retain neutral or current storage; require an exact per-use view	separate decompiler merge group; exact_type_votes=12; score=48; sources=[call_argument]; exact call-boundary type is proven, but no same-width transparent p-code path reattaches that argument to one persistent HighSymbol	review	1	1
0044EE30	STBoatC::GetMessage	local_lifetime	puVar21/mg11	pointer(pointer:/undefined4) -> pointer(pointer:/STT3DSprC)	004500E4:t3251 call_argument operand=0 target=00405240	ANALYSIS; direct=00405240; resolved=004AC1A0	retain neutral or current storage; require an exact per-use view	separate decompiler merge group; exact_type_votes=12; score=48; sources=[call_argument]; exact call-boundary type is proven, but no same-width transparent p-code path reattaches that argument to one persistent HighSymbol	review	1	1
0044EE30	STBoatC::GetMessage	local_lifetime	puVar21/mg11	pointer(pointer:/undefined4) -> pointer(pointer:/STT3DSprC)	004500F4:t3264 call_argument operand=0 target=00401064	ANALYSIS; direct=00401064; resolved=004ABE40	retain neutral or current storage; require an exact per-use view	separate decompiler merge group; exact_type_votes=12; score=48; sources=[call_argument]; exact call-boundary type is proven, but no same-width transparent p-code path reattaches that argument to one persistent HighSymbol	review	1	1
0044EE30	STBoatC::GetMessage	local_lifetime	puVar21/mg11	pointer(pointer:/undefined4) -> pointer(pointer:/STT3DSprC)	00450149:t3382 call_argument operand=0 target=004045D9	ANALYSIS; direct=004045D9; resolved=004AD3C0	retain neutral or current storage; require an exact per-use view	separate decompiler merge group; exact_type_votes=12; score=48; sources=[call_argument]; exact call-boundary type is proven, but no same-width transparent p-code path reattaches that argument to one persistent HighSymbol	review	1	1
0044EE30	STBoatC::GetMessage	local_lifetime	puVar21/mg11	pointer(pointer:/undefined4) -> pointer(pointer:/STT3DSprC)	0045018E:t3542 call_argument operand=0 target=004052FE	ANALYSIS; direct=004052FE; resolved=004ABF00	retain neutral or current storage; require an exact per-use view	separate decompiler merge group; exact_type_votes=12; score=48; sources=[call_argument]; exact call-boundary type is proven, but no same-width transparent p-code path reattaches that argument to one persistent HighSymbol	review	1	1
0044EE30	STBoatC::GetMessage	local_lifetime	puVar21/mg11	pointer(pointer:/undefined4) -> pointer(pointer:/STT3DSprC)	004501D7:t3619 call_argument operand=0 target=00404183	ANALYSIS; direct=00404183; resolved=004AB880	retain neutral or current storage; require an exact per-use view	separate decompiler merge group; exact_type_votes=12; score=48; sources=[call_argument]; exact call-boundary type is proven, but no same-width transparent p-code path reattaches that argument to one persistent HighSymbol	review	1	1
0044EE30	STBoatC::GetMessage	local_lifetime	puVar21/mg11	pointer(pointer:/undefined4) -> pointer(pointer:/STT3DSprC)	00450226:t3680 call_argument operand=0 target=00405240	ANALYSIS; direct=00405240; resolved=004AC1A0	retain neutral or current storage; require an exact per-use view	separate decompiler merge group; exact_type_votes=12; score=48; sources=[call_argument]; exact call-boundary type is proven, but no same-width transparent p-code path reattaches that argument to one persistent HighSymbol	review	1	1
0044EE30	STBoatC::GetMessage	local_lifetime	puVar21/mg2	pointer(pointer:/undefined4) -> pointer(pointer:/STT3DSprC)	0045AC77:t17709 call_argument operand=0 target=00404264	ANALYSIS; direct=00404264; resolved=004AC410	retain neutral or current storage; require an exact per-use view	separate decompiler merge group; exact_type_votes=8; score=32; sources=[call_argument]; exact call-boundary type is proven, but no same-width transparent p-code path reattaches that argument to one persistent HighSymbol	review	1	1
0044EE30	STBoatC::GetMessage	local_lifetime	puVar21/mg2	pointer(pointer:/undefined4) -> pointer(pointer:/STT3DSprC)	0045AC7F:t17716 call_argument operand=0 target=00404264	ANALYSIS; direct=00404264; resolved=004AC410	retain neutral or current storage; require an exact per-use view	separate decompiler merge group; exact_type_votes=8; score=32; sources=[call_argument]; exact call-boundary type is proven, but no same-width transparent p-code path reattaches that argument to one persistent HighSymbol	review	1	1
0044EE30	STBoatC::GetMessage	local_lifetime	puVar21/mg2	pointer(pointer:/undefined4) -> pointer(pointer:/STT3DSprC)	0045AC88:t17723 call_argument operand=0 target=00404264	ANALYSIS; direct=00404264; resolved=004AC410	retain neutral or current storage; require an exact per-use view	separate decompiler merge group; exact_type_votes=8; score=32; sources=[call_argument]; exact call-boundary type is proven, but no same-width transparent p-code path reattaches that argument to one persistent HighSymbol	review	1	1
0044EE30	STBoatC::GetMessage	local_lifetime	puVar21/mg2	pointer(pointer:/undefined4) -> pointer(pointer:/STT3DSprC)	0045AC91:t17730 call_argument operand=0 target=00404264	ANALYSIS; direct=00404264; resolved=004AC410	retain neutral or current storage; require an exact per-use view	separate decompiler merge group; exact_type_votes=8; score=32; sources=[call_argument]; exact call-boundary type is proven, but no same-width transparent p-code path reattaches that argument to one persistent HighSymbol	review	1	1
0044EE30	STBoatC::GetMessage	local_lifetime	puVar21/mg2	pointer(pointer:/undefined4) -> pointer(pointer:/STT3DSprC)	0045AC9A:t17737 call_argument operand=0 target=00404264	ANALYSIS; direct=00404264; resolved=004AC410	retain neutral or current storage; require an exact per-use view	separate decompiler merge group; exact_type_votes=8; score=32; sources=[call_argument]; exact call-boundary type is proven, but no same-width transparent p-code path reattaches that argument to one persistent HighSymbol	review	1	1
0044EE30	STBoatC::GetMessage	local_lifetime	puVar21/mg2	pointer(pointer:/undefined4) -> pointer(pointer:/STT3DSprC)	0045ACA3:t17744 call_argument operand=0 target=00404264	ANALYSIS; direct=00404264; resolved=004AC410	retain neutral or current storage; require an exact per-use view	separate decompiler merge group; exact_type_votes=8; score=32; sources=[call_argument]; exact call-boundary type is proven, but no same-width transparent p-code path reattaches that argument to one persistent HighSymbol	review	1	1
0044EE30	STBoatC::GetMessage	local_lifetime	puVar21/mg2	pointer(pointer:/undefined4) -> pointer(pointer:/STT3DSprC)	0045ACAC:t17751 call_argument operand=0 target=00404264	ANALYSIS; direct=00404264; resolved=004AC410	retain neutral or current storage; require an exact per-use view	separate decompiler merge group; exact_type_votes=8; score=32; sources=[call_argument]; exact call-boundary type is proven, but no same-width transparent p-code path reattaches that argument to one persistent HighSymbol	review	1	1
0044EE30	STBoatC::GetMessage	local_lifetime	puVar21/mg2	pointer(pointer:/undefined4) -> pointer(pointer:/STT3DSprC)	0045ACB5:t17758 call_argument operand=0 target=00404264	ANALYSIS; direct=00404264; resolved=004AC410	retain neutral or current storage; require an exact per-use view	separate decompiler merge group; exact_type_votes=8; score=32; sources=[call_argument]; exact call-boundary type is proven, but no same-width transparent p-code path reattaches that argument to one persistent HighSymbol	review	1	1
0044EE30	STBoatC::GetMessage	local_lifetime	puVar21/mg4	pointer(pointer:/undefined4) -> pointer(pointer:/STT3DSprC)	00450A94:t5839 call_argument operand=0 target=00404183	ANALYSIS; direct=00404183; resolved=004AB880	retain neutral or current storage; require an exact per-use view	separate decompiler merge group; exact_type_votes=2; score=8; sources=[call_argument]; exact call-boundary type is proven, but no same-width transparent p-code path reattaches that argument to one persistent HighSymbol	review	1	1
0044EE30	STBoatC::GetMessage	local_lifetime	puVar21/mg4	pointer(pointer:/undefined4) -> pointer(pointer:/STT3DSprC)	00450AE3:t5900 call_argument operand=0 target=00405240	ANALYSIS; direct=00405240; resolved=004AC1A0	retain neutral or current storage; require an exact per-use view	separate decompiler merge group; exact_type_votes=2; score=8; sources=[call_argument]; exact call-boundary type is proven, but no same-width transparent p-code path reattaches that argument to one persistent HighSymbol	review	1	1
0044EE30	STBoatC::GetMessage	local_lifetime	puVar21/mg6	pointer(pointer:/undefined4) -> pointer(pointer:/STT3DSprC)	00450D29:t6518 call_argument operand=0 target=00404183	ANALYSIS; direct=00404183; resolved=004AB880	retain neutral or current storage; require an exact per-use view	separate decompiler merge group; exact_type_votes=6; score=24; sources=[call_argument]; exact call-boundary type is proven, but no same-width transparent p-code path reattaches that argument to one persistent HighSymbol	review	1	1
0044EE30	STBoatC::GetMessage	local_lifetime	puVar21/mg6	pointer(pointer:/undefined4) -> pointer(pointer:/STT3DSprC)	00450D51:t6591 call_argument operand=0 target=00404183	ANALYSIS; direct=00404183; resolved=004AB880	retain neutral or current storage; require an exact per-use view	separate decompiler merge group; exact_type_votes=6; score=24; sources=[call_argument]; exact call-boundary type is proven, but no same-width transparent p-code path reattaches that argument to one persistent HighSymbol	review	1	1
0044EE30	STBoatC::GetMessage	local_lifetime	puVar21/mg6	pointer(pointer:/undefined4) -> pointer(pointer:/STT3DSprC)	00450D78:t6664 call_argument operand=0 target=00404183	ANALYSIS; direct=00404183; resolved=004AB880	retain neutral or current storage; require an exact per-use view	separate decompiler merge group; exact_type_votes=6; score=24; sources=[call_argument]; exact call-boundary type is proven, but no same-width transparent p-code path reattaches that argument to one persistent HighSymbol	review	1	1
0044EE30	STBoatC::GetMessage	local_lifetime	puVar21/mg6	pointer(pointer:/undefined4) -> pointer(pointer:/STT3DSprC)	00450D97:t6685 call_argument operand=0 target=00405240	ANALYSIS; direct=00405240; resolved=004AC1A0	retain neutral or current storage; require an exact per-use view	separate decompiler merge group; exact_type_votes=6; score=24; sources=[call_argument]; exact call-boundary type is proven, but no same-width transparent p-code path reattaches that argument to one persistent HighSymbol	review	1	1
0044EE30	STBoatC::GetMessage	local_lifetime	puVar21/mg6	pointer(pointer:/undefined4) -> pointer(pointer:/STT3DSprC)	00450DA6:t6696 call_argument operand=0 target=004044EE	ANALYSIS; direct=004044EE; resolved=004ACF20	retain neutral or current storage; require an exact per-use view	separate decompiler merge group; exact_type_votes=6; score=24; sources=[call_argument]; exact call-boundary type is proven, but no same-width transparent p-code path reattaches that argument to one persistent HighSymbol	review	1	1
0044EE30	STBoatC::GetMessage	local_lifetime	puVar21/mg6	pointer(pointer:/undefined4) -> pointer(pointer:/STT3DSprC)	00450DAF:t6703 call_argument operand=0 target=00403233	ANALYSIS; direct=00403233; resolved=004ACFE0	retain neutral or current storage; require an exact per-use view	separate decompiler merge group; exact_type_votes=6; score=24; sources=[call_argument]; exact call-boundary type is proven, but no same-width transparent p-code path reattaches that argument to one persistent HighSymbol	review	1	1
0044EE30	STBoatC::GetMessage	local_lifetime	puVar21/mg7	pointer(pointer:/undefined4) -> pointer(pointer:/STT3DSprC)	00450EB9:t6834 call_argument operand=0 target=00404264	ANALYSIS; direct=00404264; resolved=004AC410	retain neutral or current storage; require an exact per-use view	separate decompiler merge group; exact_type_votes=10; score=40; sources=[call_argument]; exact call-boundary type is proven, but no same-width transparent p-code path reattaches that argument to one persistent HighSymbol	review	1	1
0044EE30	STBoatC::GetMessage	local_lifetime	puVar21/mg7	pointer(pointer:/undefined4) -> pointer(pointer:/STT3DSprC)	00450EC1:t6841 call_argument operand=0 target=00404264	ANALYSIS; direct=00404264; resolved=004AC410	retain neutral or current storage; require an exact per-use view	separate decompiler merge group; exact_type_votes=10; score=40; sources=[call_argument]; exact call-boundary type is proven, but no same-width transparent p-code path reattaches that argument to one persistent HighSymbol	review	1	1
0044EE30	STBoatC::GetMessage	local_lifetime	puVar21/mg7	pointer(pointer:/undefined4) -> pointer(pointer:/STT3DSprC)	00450ECA:t6848 call_argument operand=0 target=00404264	ANALYSIS; direct=00404264; resolved=004AC410	retain neutral or current storage; require an exact per-use view	separate decompiler merge group; exact_type_votes=10; score=40; sources=[call_argument]; exact call-boundary type is proven, but no same-width transparent p-code path reattaches that argument to one persistent HighSymbol	review	1	1
0044EE30	STBoatC::GetMessage	local_lifetime	puVar21/mg7	pointer(pointer:/undefined4) -> pointer(pointer:/STT3DSprC)	00450ED3:t6855 call_argument operand=0 target=00404264	ANALYSIS; direct=00404264; resolved=004AC410	retain neutral or current storage; require an exact per-use view	separate decompiler merge group; exact_type_votes=10; score=40; sources=[call_argument]; exact call-boundary type is proven, but no same-width transparent p-code path reattaches that argument to one persistent HighSymbol	review	1	1
0044EE30	STBoatC::GetMessage	local_lifetime	puVar21/mg7	pointer(pointer:/undefined4) -> pointer(pointer:/STT3DSprC)	00450EFA:t6933 call_argument operand=0 target=00404264	ANALYSIS; direct=00404264; resolved=004AC410	retain neutral or current storage; require an exact per-use view	separate decompiler merge group; exact_type_votes=10; score=40; sources=[call_argument]; exact call-boundary type is proven, but no same-width transparent p-code path reattaches that argument to one persistent HighSymbol	review	1	1
0044EE30	STBoatC::GetMessage	local_lifetime	puVar21/mg7	pointer(pointer:/undefined4) -> pointer(pointer:/STT3DSprC)	00450F03:t6940 call_argument operand=0 target=00404264	ANALYSIS; direct=00404264; resolved=004AC410	retain neutral or current storage; require an exact per-use view	separate decompiler merge group; exact_type_votes=10; score=40; sources=[call_argument]; exact call-boundary type is proven, but no same-width transparent p-code path reattaches that argument to one persistent HighSymbol	review	1	1
0044EE30	STBoatC::GetMessage	local_lifetime	puVar21/mg7	pointer(pointer:/undefined4) -> pointer(pointer:/STT3DSprC)	00450F0C:t6947 call_argument operand=0 target=00404264	ANALYSIS; direct=00404264; resolved=004AC410	retain neutral or current storage; require an exact per-use view	separate decompiler merge group; exact_type_votes=10; score=40; sources=[call_argument]; exact call-boundary type is proven, but no same-width transparent p-code path reattaches that argument to one persistent HighSymbol	review	1	1
0044EE30	STBoatC::GetMessage	local_lifetime	puVar21/mg7	pointer(pointer:/undefined4) -> pointer(pointer:/STT3DSprC)	00450F15:t6954 call_argument operand=0 target=00404264	ANALYSIS; direct=00404264; resolved=004AC410	retain neutral or current storage; require an exact per-use view	separate decompiler merge group; exact_type_votes=10; score=40; sources=[call_argument]; exact call-boundary type is proven, but no same-width transparent p-code path reattaches that argument to one persistent HighSymbol	review	1	1
0044EE30	STBoatC::GetMessage	local_lifetime	puVar21/mg7	pointer(pointer:/undefined4) -> pointer(pointer:/STT3DSprC)	0045103C:t7348 call_argument operand=0 target=00405240	ANALYSIS; direct=00405240; resolved=004AC1A0	retain neutral or current storage; require an exact per-use view	separate decompiler merge group; exact_type_votes=10; score=40; sources=[call_argument]; exact call-boundary type is proven, but no same-width transparent p-code path reattaches that argument to one persistent HighSymbol	review	1	1
0044EE30	STBoatC::GetMessage	local_lifetime	puVar21/mg7	pointer(pointer:/undefined4) -> pointer(pointer:/STT3DSprC)	00451092:t7536 call_argument operand=0 target=00404264	ANALYSIS; direct=00404264; resolved=004AC410	retain neutral or current storage; require an exact per-use view	separate decompiler merge group; exact_type_votes=10; score=40; sources=[call_argument]; exact call-boundary type is proven, but no same-width transparent p-code path reattaches that argument to one persistent HighSymbol	review	1	1
0044EE30	STBoatC::GetMessage	local_lifetime	uVar17/mg9	scalar(/uint) -> unknown	00450868:t5351 unsigned_scalar_role operand=-1 target=	INT_REM	retain neutral or current storage; require an exact per-use view	incompatible exact lifetime types=[/int, /uint]	review	1	1
0044EE30	STBoatC::GetMessage	local_lifetime	uVar27/mg0	scalar(/uint) -> scalar(/int)	0045A608:t15122 signed_scalar_role operand=-1 target=	INT_SRIGHT	retain neutral or current storage; require an exact per-use view	separate decompiler merge group; exact_type_votes=1; score=4; sources=[scalar_arithmetic]; one-way call conversion alone is review-only	review	1	1
0044EE30	STBoatC::GetMessage	local_lifetime	uVar27/mg1	scalar(/uint) -> scalar(/int)	0045A620:t15171 signed_scalar_role operand=-1 target=	INT_SRIGHT	retain neutral or current storage; require an exact per-use view	separate decompiler merge group; exact_type_votes=1; score=4; sources=[scalar_arithmetic]; one-way call conversion alone is review-only	review	1	1
0044EE30	STBoatC::GetMessage	local_lifetime	uVar27/mg2	scalar(/uint) -> scalar(/int)	0045A638:t15220 signed_scalar_role operand=-1 target=	INT_SRIGHT	retain neutral or current storage; require an exact per-use view	separate decompiler merge group; exact_type_votes=1; score=4; sources=[scalar_arithmetic]; one-way call conversion alone is review-only	review	1	1
0044EE30	STBoatC::GetMessage	local_lifetime	uVar27/mg3	scalar(/uint) -> scalar(/int)	004591AB:t42354 signed_scalar_role operand=-1 target=	INT_SRIGHT	retain neutral or current storage; require an exact per-use view	separate decompiler merge group; exact_type_votes=1; score=4; sources=[scalar_arithmetic]; one-way call conversion alone is review-only	review	1	1
0044EE30	STBoatC::GetMessage	local_lifetime	uVar27/mg4	scalar(/uint) -> scalar(/int)	004591C1:t42403 signed_scalar_role operand=-1 target=	INT_SRIGHT	retain neutral or current storage; require an exact per-use view	separate decompiler merge group; exact_type_votes=1; score=4; sources=[scalar_arithmetic]; one-way call conversion alone is review-only	review	1	1
0044EE30	STBoatC::GetMessage	local_lifetime	uVar27/mg5	scalar(/uint) -> scalar(/int)	004591D7:t42452 signed_scalar_role operand=-1 target=	INT_SRIGHT	retain neutral or current storage; require an exact per-use view	separate decompiler merge group; exact_type_votes=1; score=4; sources=[scalar_arithmetic]; one-way call conversion alone is review-only	review	1	1
0044EE30		unattachable_call_argument_lifetime	generated per-use lifetime	anchors=0045A6AF:t15877; target=006AAC70; operand=0; locals=local_7c; transition=pointer:/SubmarineTitans/Recovered/PointerShapes/RecoveredRecordView_0060EA30_C6688588 -> /uint	verified by the matching Ghidra analyzer/export evidence	source audit kind=exact_machine_lifetime_call_view	exact source-only lifetime/view; Program ABI unchanged	Ghidra cannot persist this split without merging unrelated machine lifetimes	neutralized	1	1
0045F6C0	STBoatC::sub_0045F6C0	local_lifetime	uVar11/mg0	scalar(/uint) -> scalar(/int)	0045F787:t240 signed_scalar_role operand=-1 target=	INT_SRIGHT	retain neutral or current storage; require an exact per-use view	separate decompiler merge group; exact_type_votes=1; score=4; sources=[scalar_arithmetic]; one-way call conversion alone is review-only	review	1	1
0045F6C0	STBoatC::sub_0045F6C0	local_lifetime	uVar11/mg1	scalar(/uint) -> scalar(/int)	0045F7A6:t294 signed_scalar_role operand=-1 target=	INT_SRIGHT	retain neutral or current storage; require an exact per-use view	separate decompiler merge group; exact_type_votes=1; score=4; sources=[scalar_arithmetic]; one-way call conversion alone is review-only	review	1	1
0045F6C0	STBoatC::sub_0045F6C0	local_lifetime	uVar11/mg2	scalar(/uint) -> scalar(/int)	0045F7B7:t330 signed_scalar_role operand=-1 target=	INT_SRIGHT	retain neutral or current storage; require an exact per-use view	separate decompiler merge group; exact_type_votes=1; score=4; sources=[scalar_arithmetic]; one-way call conversion alone is review-only	review	1	1
004608B0	STBoatC::Defence	local_lifetime	local_10/mg0	scalar(/undefined4) -> scalar(/uint)	004611C7:t3312 unsigned_scalar_role operand=0 target=	INT_LESS	persistent High lifetime already carries the proposed domain	single undefined local lifetime; exact_type_votes=4; score=16; sources=[scalar_arithmetic]	resolved	1	1
004608B0	STBoatC::Defence	local_lifetime	local_10/mg0	scalar(/undefined4) -> scalar(/uint)	0046152D:t4143 unsigned_scalar_role operand=0 target=	INT_LESS	persistent High lifetime already carries the proposed domain	single undefined local lifetime; exact_type_votes=4; score=16; sources=[scalar_arithmetic]	resolved	1	1
004608B0	STBoatC::Defence	local_lifetime	local_10/mg0	scalar(/undefined4) -> scalar(/uint)	00461852:t4757 unsigned_scalar_role operand=0 target=	INT_LESS	persistent High lifetime already carries the proposed domain	single undefined local lifetime; exact_type_votes=4; score=16; sources=[scalar_arithmetic]	resolved	1	1
004608B0	STBoatC::Defence	local_lifetime	local_10/mg0	scalar(/undefined4) -> scalar(/uint)	00461AE1:t5308 unsigned_scalar_role operand=1 target=	INT_LESS	persistent High lifetime already carries the proposed domain	single undefined local lifetime; exact_type_votes=4; score=16; sources=[scalar_arithmetic]	resolved	1	1
004608B0	STBoatC::Defence	local_lifetime	local_20/mg0	pointer(pointer:/STTorpC) -> unknown	00460A3D:t498 call_argument operand=0 target=004018C5	ANALYSIS; direct=004018C5; resolved=004162B0	retain neutral or current storage; require an exact per-use view	incompatible exact lifetime types=[pointer:/STFishC, pointer:/STTorpC]	review	1	1
004608B0	STBoatC::Defence	local_lifetime	pSVar8/mg3	pointer(pointer:/STGameObjC) -> unknown	00460E1B:t900 call_return operand=-1 target=004028BA	ANALYSIS; direct=004028BA; resolved=0042B620	retain neutral or current storage; require an exact per-use view	incompatible exact lifetime types=[pointer:/STFishC, pointer:/STGameObjC]	review	1	1
00462180	FUN_00462180	local_lifetime	dVar14/mg0	scalar(/dword) -> scalar(/uint)	0046300D:t34028 unsigned_scalar_role operand=0 target=	INT_RIGHT	retain neutral or current storage; require an exact per-use view	separate decompiler merge group; exact_type_votes=1; score=4; sources=[scalar_arithmetic]; one-way call conversion alone is review-only	review	1	1
00462180	FUN_00462180	local_lifetime	uVar19/mg0	scalar(/uint) -> scalar(/int)	004646AB:t2439 signed_scalar_role operand=-1 target=	INT_SRIGHT	retain neutral or current storage; require an exact per-use view	separate decompiler merge group; exact_type_votes=1; score=4; sources=[scalar_arithmetic]; one-way call conversion alone is review-only	review	1	1
00462180	FUN_00462180	local_lifetime	uVar19/mg1	scalar(/uint) -> scalar(/int)	004646C8:t2489 signed_scalar_role operand=-1 target=	INT_SRIGHT	retain neutral or current storage; require an exact per-use view	separate decompiler merge group; exact_type_votes=1; score=4; sources=[scalar_arithmetic]; one-way call conversion alone is review-only	review	1	1
00462180	FUN_00462180	local_lifetime	uVar19/mg2	scalar(/uint) -> scalar(/int)	004646E5:t2539 signed_scalar_role operand=-1 target=	INT_SRIGHT	retain neutral or current storage; require an exact per-use view	separate decompiler merge group; exact_type_votes=1; score=4; sources=[scalar_arithmetic]; one-way call conversion alone is review-only	review	1	1
00462180	FUN_00462180	local_lifetime	uVar19/mg3	scalar(/uint) -> scalar(/int)	00463DBD:t9151 signed_scalar_role operand=-1 target=	INT_SRIGHT	retain neutral or current storage; require an exact per-use view	separate decompiler merge group; exact_type_votes=1; score=4; sources=[scalar_arithmetic]; one-way call conversion alone is review-only	review	1	1
00462180	FUN_00462180	local_lifetime	uVar19/mg4	scalar(/uint) -> scalar(/int)	00463DD0:t9199 signed_scalar_role operand=-1 target=	INT_SRIGHT	retain neutral or current storage; require an exact per-use view	separate decompiler merge group; exact_type_votes=1; score=4; sources=[scalar_arithmetic]; one-way call conversion alone is review-only	review	1	1
00462180	FUN_00462180	local_lifetime	uVar19/mg5	scalar(/uint) -> scalar(/int)	00463DE3:t9247 signed_scalar_role operand=-1 target=	INT_SRIGHT	retain neutral or current storage; require an exact per-use view	separate decompiler merge group; exact_type_votes=1; score=4; sources=[scalar_arithmetic]; one-way call conversion alone is review-only	review	1	1
0046CF20	STBoatC::CreateGame	local_lifetime	uVar9/mg0	scalar(/uint) -> scalar(/int)	0046D244:t932 signed_scalar_role operand=-1 target=	INT_SRIGHT	retain neutral or current storage; require an exact per-use view	separate decompiler merge group; exact_type_votes=1; score=4; sources=[scalar_arithmetic]; one-way call conversion alone is review-only	review	1	1
0046CF20	STBoatC::CreateGame	local_lifetime	uVar9/mg1	scalar(/uint) -> scalar(/int)	0046D25A:t981 signed_scalar_role operand=-1 target=	INT_SRIGHT	retain neutral or current storage; require an exact per-use view	separate decompiler merge group; exact_type_votes=1; score=4; sources=[scalar_arithmetic]; one-way call conversion alone is review-only	review	1	1
0046CF20	STBoatC::CreateGame	local_lifetime	uVar9/mg2	scalar(/uint) -> scalar(/int)	0046D270:t1030 signed_scalar_role operand=-1 target=	INT_SRIGHT	retain neutral or current storage; require an exact per-use view	separate decompiler merge group; exact_type_votes=1; score=4; sources=[scalar_arithmetic]; one-way call conversion alone is review-only	review	1	1
00471AC0	STBoatC::Guard	local_lifetime	local_10/mg0	scalar(/undefined4) -> scalar(/uint)	0047228F:t3639 unsigned_scalar_role operand=0 target=	INT_LESS	persistent High lifetime already carries the proposed domain	single undefined local lifetime; exact_type_votes=4; score=16; sources=[scalar_arithmetic]	resolved	1	1
00471AC0	STBoatC::Guard	local_lifetime	local_10/mg0	scalar(/undefined4) -> scalar(/uint)	004726B4:t4420 unsigned_scalar_role operand=0 target=	INT_LESS	persistent High lifetime already carries the proposed domain	single undefined local lifetime; exact_type_votes=4; score=16; sources=[scalar_arithmetic]	resolved	1	1
00471AC0	STBoatC::Guard	local_lifetime	local_10/mg0	scalar(/undefined4) -> scalar(/uint)	00472971:t4971 unsigned_scalar_role operand=0 target=	INT_LESS	persistent High lifetime already carries the proposed domain	single undefined local lifetime; exact_type_votes=4; score=16; sources=[scalar_arithmetic]	resolved	1	1
00471AC0	STBoatC::Guard	local_lifetime	local_10/mg0	scalar(/undefined4) -> scalar(/uint)	00472BFC:t5452 unsigned_scalar_role operand=0 target=	INT_LESS	persistent High lifetime already carries the proposed domain	single undefined local lifetime; exact_type_votes=4; score=16; sources=[scalar_arithmetic]	resolved	1	1
00471AC0	STBoatC::Guard	local_lifetime	local_20/mg0	pointer(pointer:/STTorpC) -> unknown	00471C1F:t454 call_argument operand=0 target=004018C5	ANALYSIS; direct=004018C5; resolved=004162B0	retain neutral or current storage; require an exact per-use view	incompatible exact lifetime types=[pointer:/STFishC, pointer:/STTorpC]	review	1	1
00471AC0	STBoatC::Guard	local_lifetime	pSVar6/mg1	pointer(pointer:/STGameObjC) -> unknown	00471FC7:t1384 call_return operand=-1 target=004028BA	ANALYSIS; direct=004028BA; resolved=0042B620	retain neutral or current storage; require an exact per-use view	incompatible exact lifetime types=[pointer:/STFishC, pointer:/STGameObjC]	review	1	1
00476CE0	STBoatC::Capture	local_lifetime	uVar8/mg0	scalar(/int) -> scalar(/byte)	004775B7:t2607 call_return operand=-1 target=004049B7	ANALYSIS; direct=004049B7; resolved=004406C0	persistent High lifetime already carries the proposed domain	single undefined local lifetime; exact_type_votes=2; score=22; sources=[call_return, scalar_extension]	resolved	1	1
00476CE0	STBoatC::Capture	local_lifetime	uVar8/mg0	scalar(/int) -> scalar(/byte)	004775BC:t7414 unsigned_scalar_role operand=0 target=	ANALYSIS	persistent High lifetime already carries the proposed domain	single undefined local lifetime; exact_type_votes=2; score=22; sources=[call_return, scalar_extension]	resolved	1	1
00480600	FUN_00480600	local_lifetime	uVar4/mg0	scalar(/uint) -> unknown	00480638:t1367 call_return operand=-1 target=004052CC	ANALYSIS; direct=004052CC; resolved=004AD650	retain neutral or current storage; require an exact per-use view	incompatible exact lifetime types=[/int, /uint]	review	1	1
00480600	FUN_00480600	local_lifetime	uVar4/mg1	scalar(/uint) -> unknown	0048061F:t46 call_return operand=-1 target=004052CC	ANALYSIS; direct=004052CC; resolved=004AD650	retain neutral or current storage; require an exact per-use view	incompatible exact lifetime types=[/int, /uint]	review	1	1
00480600	FUN_00480600	local_lifetime	uVar4/mg6	scalar(/uint) -> scalar(/int)	00480F5B:t267 signed_scalar_role operand=-1 target=	INT_SREM	retain neutral or current storage; require an exact per-use view	separate decompiler merge group; exact_type_votes=1; score=4; sources=[scalar_arithmetic]; one-way call conversion alone is review-only	review	1	1
00481560	STBoatC::vfunc_DC	local_lifetime	local_5c/mg0	scalar(/undefined8) -> scalar(/longlong)	004817E1:t823 call_return operand=-1 target=0072E4F0	ANALYSIS; direct=0072E4F0	persistent High lifetime already carries the proposed domain	single undefined local lifetime; exact_type_votes=2; score=24; sources=[call_return]	resolved	1	1
00481560	STBoatC::vfunc_DC	local_lifetime	local_5c/mg0	scalar(/undefined8) -> scalar(/longlong)	00481C12:t3028 call_return operand=-1 target=0072E4F0	ANALYSIS; direct=0072E4F0	persistent High lifetime already carries the proposed domain	single undefined local lifetime; exact_type_votes=2; score=24; sources=[call_return]	resolved	1	1
00481560	STBoatC::vfunc_DC	local_lifetime	local_68/mg0	scalar(/undefined8) -> scalar(/longlong)	00481641:t283 call_return operand=-1 target=0072E4F0	ANALYSIS; direct=0072E4F0	persistent High lifetime already carries the proposed domain	single undefined local lifetime; exact_type_votes=1; score=12; sources=[call_return]	resolved	1	1
00481560	STBoatC::vfunc_DC	local_lifetime	local_78/mg0	scalar(/undefined8) -> scalar(/longlong)	00481B2F:t2699 call_return operand=-1 target=0072E4F0	ANALYSIS; direct=0072E4F0	persistent High lifetime already carries the proposed domain	single undefined local lifetime; exact_type_votes=1; score=12; sources=[call_return]	resolved	1	1
00481560	STBoatC::vfunc_DC	local_lifetime	uVar3/mg1	scalar(/uint) -> unknown	00481CF5:t3368 call_argument operand=1 target=0072E4F0	DEFAULT; direct=0072E4F0	retain neutral or current storage; require an exact per-use view	incompatible exact lifetime types=[/int, /uint]	review	1	1
00482450	STBoatC::GetExplosionInfo	local_lifetime	local_14/mg0	floating(/float) -> scalar(/int)	0048265D:t770 call_argument operand=1 target=0072E4F0	DEFAULT; direct=0072E4F0	unattachable High lifetime is represented by the exact address-stable per-use boundary 0048265D:t770|0072E4F0|1	exact call-boundary type is proven, but no same-width transparent p-code path reattaches that argument to one persistent HighSymbol; complete CALL-operand scan records an address-local source view only	neutralized	1	1
00482450	STBoatC::GetExplosionInfo	local_lifetime	local_14/mg0	floating(/float) -> scalar(/int)	0048265D:t770 call_argument operand=3 target=0072E4F0	DEFAULT; direct=0072E4F0	unattachable High lifetime is represented by the exact address-stable per-use boundary 0048265D:t770|0072E4F0|3	exact call-boundary type is proven, but no same-width transparent p-code path reattaches that argument to one persistent HighSymbol; complete CALL-operand scan records an address-local source view only	neutralized	1	1
00482450		unattachable_call_argument_lifetime	generated per-use lifetime	anchors=0048265D:t770; target=0072E4F0; operand=1; locals=local_14; transition=/float -> /int	verified by the matching Ghidra analyzer/export evidence	source audit kind=exact_machine_lifetime_call_view	exact source-only lifetime/view; Program ABI unchanged	Ghidra cannot persist this split without merging unrelated machine lifetimes	neutralized	1	1
00482450		unattachable_call_argument_lifetime	generated per-use lifetime	anchors=0048265D:t770; target=0072E4F0; operand=3; locals=local_14; transition=/float -> /int	verified by the matching Ghidra analyzer/export evidence	source audit kind=exact_machine_lifetime_call_view	exact source-only lifetime/view; Program ABI unchanged	Ghidra cannot persist this split without merging unrelated machine lifetimes	neutralized	1	1
00484020		incoming_parameter_slot_lifetime	generated per-use lifetime	_param_1: short[2] -> int x86 stack slot	verified by the matching Ghidra analyzer/export evidence	source audit kind=promoted_parameter_slot_materialization	exact source-only lifetime/view; Program ABI unchanged	Ghidra cannot persist this split without merging unrelated machine lifetimes	neutralized	1	1
004845E0	STBoatC::vfunc_28	local_lifetime	bVar11/mg3	scalar(/bool) -> unknown	00484A84:t2200 boolean_scalar_role operand=-1 target=	INT_NOTEQUAL	retain neutral or current storage; require an exact per-use view	incompatible exact lifetime types=[/bool, /byte]	review	1	1
004845E0	STBoatC::vfunc_28	local_lifetime	bVar11/mg4	scalar(/bool) -> unknown	00484B13:t2348 boolean_scalar_role operand=-1 target=	INT_SLESS	retain neutral or current storage; require an exact per-use view	incompatible exact lifetime types=[/bool, /byte]	review	1	1
00488890	STBoatC::vfunc_40	local_lifetime	local_EAX_732/mg0	scalar(/int) -> scalar(/byte)	00488B6C:t816 call_return operand=-1 target=004049B7	ANALYSIS; direct=004049B7; resolved=004406C0	persistent High lifetime already carries the proposed domain	single undefined local lifetime; exact_type_votes=2; score=22; sources=[call_return, scalar_extension]	resolved	1	1
00488890	STBoatC::vfunc_40	local_lifetime	local_EAX_732/mg0	scalar(/int) -> scalar(/byte)	00488B74:t1921 unsigned_scalar_role operand=0 target=	ANALYSIS	persistent High lifetime already carries the proposed domain	single undefined local lifetime; exact_type_votes=2; score=22; sources=[call_return, scalar_extension]	resolved	1	1
00488890	STBoatC::vfunc_40	local_lifetime	uVar7/mg0	scalar(/int) -> scalar(/byte)	00488B8E:t854 call_return operand=-1 target=004049B7	ANALYSIS; direct=004049B7; resolved=004406C0	persistent High lifetime already carries the proposed domain	single undefined local lifetime; exact_type_votes=2; score=22; sources=[call_return, scalar_extension]	resolved	1	1
00488890	STBoatC::vfunc_40	local_lifetime	uVar7/mg0	scalar(/int) -> scalar(/byte)	00488B93:t1923 unsigned_scalar_role operand=0 target=	ANALYSIS	persistent High lifetime already carries the proposed domain	single undefined local lifetime; exact_type_votes=2; score=22; sources=[call_return, scalar_extension]	resolved	1	1
004899A0	STBoatC::GetDefenceTarget	local_lifetime	uVar11/mg0	scalar(/uint) -> scalar(/int)	0048A018:t721 signed_scalar_role operand=-1 target=	INT_SRIGHT	retain neutral or current storage; require an exact per-use view	separate decompiler merge group; exact_type_votes=1; score=4; sources=[scalar_arithmetic]; one-way call conversion alone is review-only	review	1	1
004899A0	STBoatC::GetDefenceTarget	local_lifetime	uVar11/mg1	scalar(/uint) -> scalar(/int)	00489C88:t2683 signed_scalar_role operand=-1 target=	INT_SRIGHT	retain neutral or current storage; require an exact per-use view	separate decompiler merge group; exact_type_votes=1; score=4; sources=[scalar_arithmetic]; one-way call conversion alone is review-only	review	1	1
0048DFD0		incoming_parameter_slot_lifetime	generated per-use lifetime	_param_3: short[2] -> int x86 stack slot	verified by the matching Ghidra analyzer/export evidence	source audit kind=promoted_parameter_slot_materialization	exact source-only lifetime/view; Program ABI unchanged	Ghidra cannot persist this split without merging unrelated machine lifetimes	neutralized	1	1
0048DFD0	STBoatC::sub_0048DFD0	local_lifetime	uVar6/mg8	scalar(/uint) -> scalar(/int)	0048F123:t3084 signed_scalar_role operand=-1 target=	INT_SRIGHT	retain neutral or current storage; require an exact per-use view	separate decompiler merge group; exact_type_votes=1; score=4; sources=[scalar_arithmetic]; one-way call conversion alone is review-only	review	1	1
0048DFD0	STBoatC::sub_0048DFD0	local_lifetime	uVar7/mg3	scalar(/uint) -> scalar(/int)	0048EC64:t4988 signed_scalar_role operand=-1 target=	INT_SRIGHT	retain neutral or current storage; require an exact per-use view	separate decompiler merge group; exact_type_votes=1; score=4; sources=[scalar_arithmetic]; one-way call conversion alone is review-only	review	1	1
004919C0		incoming_parameter_slot_lifetime	generated per-use lifetime	_param_3: short[2] -> int x86 stack slot	verified by the matching Ghidra analyzer/export evidence	source audit kind=promoted_parameter_slot_materialization	exact source-only lifetime/view; Program ABI unchanged	Ghidra cannot persist this split without merging unrelated machine lifetimes	neutralized	1	1
004926C0	STBoatC::sub_004926C0	return_abi	EAX/x87 return	scalar(/undefined4) -> scalar(/bool)	all reachable callee return paths	all explicit return values are constants in {0,1}, but the source domain alone does not prove the x86 ABI return width; review STAbiConsistencyAnalyzer evidence: [1, 1, 0]	retain current machine-width return pending strict ABI proof	all explicit return values are constants in {0,1}, but the source domain alone does not prove the x86 ABI return width; review STAbiConsistencyAnalyzer evidence: [1, 1, 0]	review	1	1
00493050	STBoatC::vfunc_114	return_abi	EAX/x87 return	scalar(/undefined4) -> scalar(/bool)	all reachable callee return paths	all explicit return values are constants in {0,1}, but the source domain alone does not prove the x86 ABI return width; review STAbiConsistencyAnalyzer evidence: [1, 1, 1, 1, 0]	retain current machine-width return pending strict ABI proof	all explicit return values are constants in {0,1}, but the source domain alone does not prove the x86 ABI return width; review STAbiConsistencyAnalyzer evidence: [1, 1, 1, 1, 0]	review	1	1
00493340	STBoatC::CheckForReplenisher	local_lifetime	array_00/mg0	pointer(pointer:/SubmarineTitans/Recovered/DArraySpecializations/DArrayOf_STGameObjCPtr) -> darray_pointer(pointer:/SubmarineTitans/Recovered/DArrayTy)	004933AF:t189 call_argument operand=0 target=006ACC70	ANALYSIS; direct=006ACC70	retain neutral or current storage; require an exact per-use view	pointer-shaped local has only scalar consumers; exact_type_votes=1; score=4; sources=[call_argument]; one-way call conversion alone is review-only; exact call-boundary type is proven, but no same-width transparent p-code path reattaches that argument to one persistent HighSymbol	review	1	1
00497E00	STGroupBoatC::GetMessage	local_lifetime	bVar8/mg0	scalar(/bool) -> unknown	00498140:t1089 boolean_scalar_role operand=-1 target=	INT_EQUAL	retain neutral or current storage; require an exact per-use view	incompatible exact lifetime types=[/bool, /byte]	review	1	1
00497E00	STGroupBoatC::GetMessage	local_lifetime	bVar8/mg1	scalar(/bool) -> unknown	00498178:t1176 boolean_scalar_role operand=-1 target=	INT_EQUAL	retain neutral or current storage; require an exact per-use view	incompatible exact lifetime types=[/bool, /byte]	review	1	1
00497E00	STGroupBoatC::GetMessage	local_lifetime	local_20/mg0	pointer(pointer:/STGroupBoatC) -> unknown	00497E27:t11708 typed_copy operand=0 target=	DEFAULT	retain neutral or current storage; require an exact per-use view	incompatible exact lifetime types=[pointer:/STGroupBoatC, pointer:/STGroupC]	review	1	1
00499DE0	STGroupBoatC::DistributeTargets	local_lifetime	pSVar3/mg0	pointer(pointer:/STBoatC) -> unknown	00499F00:t1735 call_argument operand=0 target=00402126	ANALYSIS; direct=00402126; resolved=0045EF00	retain neutral or current storage; require an exact per-use view	incompatible exact lifetime types=[pointer:/STBoatC, pointer:/STGameObjC]	review	1	1
00499DE0		output_buffer_post_call_lifetime	generated per-use lifetime	_local_1c: exact full-word utility output storage	verified by the matching Ghidra analyzer/export evidence	source audit kind=machine_word_output_lifetime	exact source-only lifetime/view; Program ABI unchanged	Ghidra cannot persist this split without merging unrelated machine lifetimes	neutralized	1	1
0049A500	STGroupBoatC::sub_0049A500	local_lifetime	this_00/mg0	pointer(pointer:/STGameObjC) -> unknown	0049A550:t130 call_return operand=-1 target=004028BA	ANALYSIS; direct=004028BA; resolved=0042B620	retain neutral or current storage; require an exact per-use view	incompatible exact lifetime types=[pointer:/STFishC, pointer:/STGameObjC]	review	1	1
0049CD30	STGroupBoatC::GrpBuild	local_lifetime	pSVar6/mg0	pointer(pointer:/STBoatC) -> unknown	0049CEAD:t430 call_argument operand=0 target=00404E58	ANALYSIS; direct=00404E58; resolved=00490D90	retain neutral or current storage; require an exact per-use view	incompatible exact lifetime types=[pointer:/STBoatC, pointer:/STGameObjC]	review	1	1
0049CD30	STGroupBoatC::GrpBuild	local_lifetime	pSVar6/mg1	pointer(pointer:/STBoatC) -> unknown	0049D080:t913 call_argument operand=0 target=00402EDC	ANALYSIS; direct=00402EDC; resolved=0045FF10	retain neutral or current storage; require an exact per-use view	incompatible exact lifetime types=[pointer:/STBoatC, pointer:/STGameObjC]	review	1	1
0049DB40	STGroupBoatC::GrpGuard	local_lifetime	pSVar3/mg0	pointer(pointer:/STBoatC) -> unknown	0049DCDE:t710 call_return operand=-1 target=004028BA	USE_SITE_OVERRIDE; direct=004028BA; resolved=0042B620	retain neutral or current storage; require an exact per-use view	incompatible exact lifetime types=[pointer:/STBoatC, pointer:/STGameObjC]	review	1	1
0049DB40	STGroupBoatC::GrpGuard	local_lifetime	pSVar3/mg1	pointer(pointer:/STBoatC) -> unknown	0049DDCF:t216 call_return operand=-1 target=004028BA	USE_SITE_OVERRIDE; direct=004028BA; resolved=0042B620	retain neutral or current storage; require an exact per-use view	incompatible exact lifetime types=[pointer:/STBoatC, pointer:/STGameObjC]	review	1	1
0049DFA0	STGroupBoatC::GrpLoadObj	local_lifetime	local_8/mg0	pointer(pointer:/STBoatC) -> unknown	0049E058:t230 call_argument operand=0 target=00405F0B	ANALYSIS; direct=00405F0B; resolved=004162F0	retain neutral or current storage; require an exact per-use view	incompatible exact lifetime types=[pointer:/STBoatC, pointer:/STFishC, pointer:/STGameObjC]	review	1	1
0049E510	STGroupBoatC::GrpUnLoadObj	local_lifetime	pSVar3/mg0	pointer(pointer:/STBoatC) -> unknown	0049E652:t349 call_argument operand=0 target=00402608	ANALYSIS; direct=00402608; resolved=00492370	retain neutral or current storage; require an exact per-use view	incompatible exact lifetime types=[pointer:/STBoatC, pointer:/STGameObjC]	review	1	1
0049E510	STGroupBoatC::GrpUnLoadObj	local_lifetime	pSVar3/mg2	pointer(pointer:/STBoatC) -> unknown	0049E858:t781 call_argument operand=0 target=00402EDC	ANALYSIS; direct=00402EDC; resolved=0045FF10	retain neutral or current storage; require an exact per-use view	incompatible exact lifetime types=[pointer:/STBoatC, pointer:/STGameObjC]	review	1	1
0049EA00	STGroupBoatC::SetMine	local_lifetime	pSVar4/mg1	pointer(pointer:/STBoatC) -> unknown	0049EBC3:t470 call_return operand=-1 target=004028BA	USE_SITE_OVERRIDE; direct=004028BA; resolved=0042B620	retain neutral or current storage; require an exact per-use view	incompatible exact lifetime types=[pointer:/STBoatC, pointer:/STGameObjC]	review	1	1
0049ED40	STGroupBoatC::DCBomb	local_lifetime	pSVar4/mg0	pointer(pointer:/STBoatC) -> unknown	0049EE36:t262 call_return operand=-1 target=004028BA	USE_SITE_OVERRIDE; direct=004028BA; resolved=0042B620	retain neutral or current storage; require an exact per-use view	incompatible exact lifetime types=[pointer:/STBoatC, pointer:/STGameObjC]	review	1	1
0049ED40	STGroupBoatC::DCBomb	local_lifetime	pSVar4/mg1	pointer(pointer:/STBoatC) -> unknown	0049EF7A:t569 call_return operand=-1 target=004028BA	USE_SITE_OVERRIDE; direct=004028BA; resolved=0042B620	retain neutral or current storage; require an exact per-use view	incompatible exact lifetime types=[pointer:/STBoatC, pointer:/STGameObjC]	review	1	1
0049F100	STGroupBoatC::Capture	local_lifetime	pSVar3/mg0	pointer(pointer:/STBoatC) -> unknown	0049F24F:t371 call_argument operand=0 target=00404E58	ANALYSIS; direct=00404E58; resolved=00490D90	retain neutral or current storage; require an exact per-use view	incompatible exact lifetime types=[pointer:/STBoatC, pointer:/STGameObjC]	review	1	1
0049F100	STGroupBoatC::Capture	local_lifetime	pSVar3/mg1	pointer(pointer:/STBoatC) -> unknown	0049F46A:t970 call_return operand=-1 target=004028BA	USE_SITE_OVERRIDE; direct=004028BA; resolved=0042B620	retain neutral or current storage; require an exact per-use view	incompatible exact lifetime types=[pointer:/STBoatC, pointer:/STGameObjC]	review	1	1
0049F100	STGroupBoatC::Capture	local_lifetime	pSVar3/mg2	pointer(pointer:/STBoatC) -> unknown	0049F3BE:t694 call_argument operand=0 target=00402EDC	ANALYSIS; direct=00402EDC; resolved=0045FF10	retain neutral or current storage; require an exact per-use view	incompatible exact lifetime types=[pointer:/STBoatC, pointer:/STGameObjC]	review	1	1
0049F640	STGroupBoatC::Recharge	local_lifetime	pSVar4/mg1	pointer(pointer:/STBoatC) -> unknown	0049F7B0:t410 call_return operand=-1 target=004028BA	USE_SITE_OVERRIDE; direct=004028BA; resolved=0042B620	retain neutral or current storage; require an exact per-use view	incompatible exact lifetime types=[pointer:/STBoatC, pointer:/STGameObjC]	review	1	1
0049F900	STGroupBoatC::Teleport	local_lifetime	pSVar4/mg1	pointer(pointer:/STBoatC) -> unknown	0049FA95:t434 call_return operand=-1 target=004028BA	USE_SITE_OVERRIDE; direct=004028BA; resolved=0042B620	retain neutral or current storage; require an exact per-use view	incompatible exact lifetime types=[pointer:/STBoatC, pointer:/STGameObjC]	review	1	1
0049FBF0	STGroupBoatC::Bring	local_lifetime	dVar5/mg4	scalar(/dword) -> scalar(/uint)	0049FE80:t555 call_argument operand=1 target=006ACC70	ANALYSIS; direct=006ACC70	retain neutral or current storage; require an exact per-use view	separate decompiler merge group; exact_type_votes=1; score=4; sources=[call_argument]; one-way call conversion alone is review-only; exact call-boundary type is proven, but no same-width transparent p-code path reattaches that argument to one persistent HighSymbol	review	1	1
0049FBF0	STGroupBoatC::Bring	local_lifetime	pSVar4/mg0	pointer(pointer:/STBoatC) -> unknown	0049FD2B:t346 call_argument operand=0 target=00404E58	ANALYSIS; direct=00404E58; resolved=00490D90	retain neutral or current storage; require an exact per-use view	incompatible exact lifetime types=[pointer:/STBoatC, pointer:/STGameObjC]	review	1	1
0049FBF0	STGroupBoatC::Bring	local_lifetime	pSVar4/mg2	pointer(pointer:/STBoatC) -> unknown	0049FE9B:t584 call_return operand=-1 target=004028BA	USE_SITE_OVERRIDE; direct=004028BA; resolved=0042B620	retain neutral or current storage; require an exact per-use view	incompatible exact lifetime types=[pointer:/STBoatC, pointer:/STGameObjC]	review	1	1
004A0040	STGroupBoatC::GrpDismant	local_lifetime	pSVar7/mg0	pointer(pointer:/STBoatC) -> unknown	004A0273:t612 call_argument operand=0 target=00404E58	ANALYSIS; direct=00404E58; resolved=00490D90	retain neutral or current storage; require an exact per-use view	incompatible exact lifetime types=[pointer:/STBoatC, pointer:/STGameObjC]	review	1	1
004A0040	STGroupBoatC::GrpDismant	local_lifetime	pSVar7/mg1	pointer(pointer:/STBoatC) -> unknown	004A03BF:t931 call_argument operand=0 target=00402EDC	ANALYSIS; direct=00402EDC; resolved=0045FF10	retain neutral or current storage; require an exact per-use view	incompatible exact lifetime types=[pointer:/STBoatC, pointer:/STGameObjC]	review	1	1
004A0590	STGroupBoatC::Scout	local_lifetime	pSVar5/mg1	pointer(pointer:/STBoatC) -> unknown	004A07FC:t664 call_return operand=-1 target=004028BA	USE_SITE_OVERRIDE; direct=004028BA; resolved=0042B620	retain neutral or current storage; require an exact per-use view	incompatible exact lifetime types=[pointer:/STBoatC, pointer:/STGameObjC]	review	1	1
004A0990	STGroupBoatC::GrpRepSub	local_lifetime	local_8/mg0	pointer(pointer:/STBoatC) -> unknown	004A0A48:t230 call_argument operand=0 target=00405F0B	ANALYSIS; direct=00405F0B; resolved=004162F0	retain neutral or current storage; require an exact per-use view	incompatible exact lifetime types=[pointer:/STBoatC, pointer:/STFishC, pointer:/STGameObjC]	review	1	1
004A0FA0	STGroupBoatC::RechargeNewCmd	local_lifetime	pSVar4/mg11	pointer(pointer:/STBoatC) -> unknown	004A1FF2:t4183 call_argument operand=0 target=00402608	ANALYSIS; direct=00402608; resolved=00492370	retain neutral or current storage; require an exact per-use view	incompatible exact lifetime types=[pointer:/STBoatC, pointer:/STGameObjC]	review	1	1
004A0FA0	STGroupBoatC::RechargeNewCmd	local_lifetime	pSVar4/mg18	pointer(pointer:/STBoatC) -> unknown	004A265A:t5686 call_argument operand=0 target=00404E58	ANALYSIS; direct=00404E58; resolved=00490D90	retain neutral or current storage; require an exact per-use view	incompatible exact lifetime types=[pointer:/STBoatC, pointer:/STGameObjC]	review	1	1
004A0FA0	STGroupBoatC::RechargeNewCmd	local_lifetime	pSVar4/mg20	pointer(pointer:/STBoatC) -> unknown	004A2834:t6039 call_argument operand=0 target=00404E58	ANALYSIS; direct=00404E58; resolved=00490D90	retain neutral or current storage; require an exact per-use view	incompatible exact lifetime types=[pointer:/STBoatC, pointer:/STGameObjC]	review	1	1
004A0FA0	STGroupBoatC::RechargeNewCmd	local_lifetime	pSVar4/mg22	pointer(pointer:/STBoatC) -> unknown	004A2B14:t6697 call_argument operand=0 target=00404E58	ANALYSIS; direct=00404E58; resolved=00490D90	retain neutral or current storage; require an exact per-use view	incompatible exact lifetime types=[pointer:/STBoatC, pointer:/STGameObjC]	review	1	1
004A0FA0	STGroupBoatC::RechargeNewCmd	local_lifetime	pSVar4/mg4	pointer(pointer:/STBoatC) -> unknown	004A14BB:t1167 call_argument operand=0 target=004018C5	ANALYSIS; direct=004018C5; resolved=004162B0	retain neutral or current storage; require an exact per-use view	incompatible exact lifetime types=[pointer:/STBoatC, pointer:/STFishC]	review	1	1
004A0FA0	STGroupBoatC::RechargeNewCmd	local_lifetime	pSVar4/mg5	pointer(pointer:/STBoatC) -> unknown	004A159E:t1422 call_argument operand=0 target=00404E58	ANALYSIS; direct=00404E58; resolved=00490D90	retain neutral or current storage; require an exact per-use view	incompatible exact lifetime types=[pointer:/STBoatC, pointer:/STGameObjC]	review	1	1
004A0FA0	STGroupBoatC::RechargeNewCmd	local_lifetime	pSVar4/mg6	pointer(pointer:/STBoatC) -> unknown	004A1835:t2107 call_argument operand=0 target=00404E58	ANALYSIS; direct=00404E58; resolved=00490D90	retain neutral or current storage; require an exact per-use view	incompatible exact lifetime types=[pointer:/STBoatC, pointer:/STGameObjC]	review	1	1
004A0FA0	STGroupBoatC::RechargeNewCmd	local_lifetime	pSVar4/mg7	pointer(pointer:/STBoatC) -> unknown	004A1A34:t2671 call_argument operand=0 target=00404E58	ANALYSIS; direct=00404E58; resolved=00490D90	retain neutral or current storage; require an exact per-use view	incompatible exact lifetime types=[pointer:/STBoatC, pointer:/STGameObjC]	review	1	1
004A0FA0	STGroupBoatC::RechargeNewCmd	local_lifetime	pSVar4/mg8	pointer(pointer:/STBoatC) -> unknown	004A1BC6:t3145 call_return operand=-1 target=004028BA	USE_SITE_OVERRIDE; direct=004028BA; resolved=0042B620	retain neutral or current storage; require an exact per-use view	incompatible exact lifetime types=[pointer:/STBoatC, pointer:/STGameObjC]	review	1	1
004A0FA0	STGroupBoatC::RechargeNewCmd	local_lifetime	pSVar4/mg9	pointer(pointer:/STBoatC) -> unknown	004A1DE5:t3723 call_argument operand=0 target=00404E58	ANALYSIS; direct=00404E58; resolved=00490D90	retain neutral or current storage; require an exact per-use view	incompatible exact lifetime types=[pointer:/STBoatC, pointer:/STGameObjC]	review	1	1
004A3430	STGroupBoatC::DistributeMD	local_lifetime	pSVar3/mg0	pointer(pointer:/STBoatC) -> unknown	004A3562:t348 call_argument operand=0 target=00404E58	ANALYSIS; direct=00404E58; resolved=00490D90	retain neutral or current storage; require an exact per-use view	incompatible exact lifetime types=[pointer:/STBoatC, pointer:/STGameObjC]	review	1	1
004A4240	STGroupBoatC::ChangeMDNotify	local_lifetime	local_18/mg0	pointer(pointer:/STGameObjC) -> pointer(pointer:/STFishC)	004A4770:t1511 call_argument operand=0 target=004018C5	ANALYSIS; direct=004018C5; resolved=004162B0	retain neutral or current storage; require an exact per-use view	separate decompiler merge group; exact_type_votes=1; score=4; sources=[call_argument]; one-way call conversion alone is review-only; exact call-boundary type is proven, but no same-width transparent p-code path reattaches that argument to one persistent HighSymbol	review	1	1
004A8340	STGroupBoatC::GetDepotForAttack	local_lifetime	pSVar3/mg0	pointer(pointer:/STGameObjC) -> unknown	004A83C7:t138 call_return operand=-1 target=004028BA	ANALYSIS; direct=004028BA; resolved=0042B620	retain neutral or current storage; require an exact per-use view	incompatible exact lifetime types=[pointer:/STFishC, pointer:/STGameObjC]	review	1	1
004A8340	STGroupBoatC::GetDepotForAttack	local_lifetime	pSVar3/mg1	pointer(pointer:/STGameObjC) -> unknown	004A8426:t233 call_return operand=-1 target=004028BA	ANALYSIS; direct=004028BA; resolved=0042B620	retain neutral or current storage; require an exact per-use view	incompatible exact lifetime types=[pointer:/STFishC, pointer:/STGameObjC]	review	1	1
004A9D60	FUN_004a9d60	local_lifetime	uVar1/mg0	scalar(/uint) -> scalar(/int)	004A9E66:t434 signed_scalar_role operand=-1 target=	INT_SRIGHT	retain neutral or current storage; require an exact per-use view	separate decompiler merge group; exact_type_votes=1; score=4; sources=[scalar_arithmetic]; one-way call conversion alone is review-only	review	1	1
004A9D60	FUN_004a9d60	local_lifetime	uVar1/mg1	scalar(/uint) -> scalar(/int)	004A9EAA:t604 signed_scalar_role operand=-1 target=	INT_SRIGHT	retain neutral or current storage; require an exact per-use view	separate decompiler merge group; exact_type_votes=1; score=4; sources=[scalar_arithmetic]; one-way call conversion alone is review-only	review	1	1
004A9FB0	FUN_004a9fb0	local_lifetime	uVar1/mg0	scalar(/uint) -> scalar(/int)	004AA0B6:t434 signed_scalar_role operand=-1 target=	INT_SRIGHT	retain neutral or current storage; require an exact per-use view	separate decompiler merge group; exact_type_votes=1; score=4; sources=[scalar_arithmetic]; one-way call conversion alone is review-only	review	1	1
004A9FB0	FUN_004a9fb0	local_lifetime	uVar1/mg1	scalar(/uint) -> scalar(/int)	004AA0FA:t604 signed_scalar_role operand=-1 target=	INT_SRIGHT	retain neutral or current storage; require an exact per-use view	separate decompiler merge group; exact_type_votes=1; score=4; sources=[scalar_arithmetic]; one-way call conversion alone is review-only	review	1	1
004AA200	FUN_004aa200	local_lifetime	uVar1/mg0	scalar(/uint) -> scalar(/int)	004AA306:t434 signed_scalar_role operand=-1 target=	INT_SRIGHT	retain neutral or current storage; require an exact per-use view	separate decompiler merge group; exact_type_votes=1; score=4; sources=[scalar_arithmetic]; one-way call conversion alone is review-only	review	1	1
004AA200	FUN_004aa200	local_lifetime	uVar1/mg1	scalar(/uint) -> scalar(/int)	004AA34A:t604 signed_scalar_role operand=-1 target=	INT_SRIGHT	retain neutral or current storage; require an exact per-use view	separate decompiler merge group; exact_type_votes=1; score=4; sources=[scalar_arithmetic]; one-way call conversion alone is review-only	review	1	1
004AA450	FUN_004aa450	local_lifetime	uVar1/mg0	scalar(/uint) -> scalar(/int)	004AA556:t434 signed_scalar_role operand=-1 target=	INT_SRIGHT	retain neutral or current storage; require an exact per-use view	separate decompiler merge group; exact_type_votes=1; score=4; sources=[scalar_arithmetic]; one-way call conversion alone is review-only	review	1	1
004AA450	FUN_004aa450	local_lifetime	uVar1/mg1	scalar(/uint) -> scalar(/int)	004AA59A:t604 signed_scalar_role operand=-1 target=	INT_SRIGHT	retain neutral or current storage; require an exact per-use view	separate decompiler merge group; exact_type_votes=1; score=4; sources=[scalar_arithmetic]; one-way call conversion alone is review-only	review	1	1
004AA6A0	FUN_004aa6a0	local_lifetime	uVar1/mg0	scalar(/uint) -> scalar(/int)	004AA794:t434 signed_scalar_role operand=-1 target=	INT_SRIGHT	retain neutral or current storage; require an exact per-use view	separate decompiler merge group; exact_type_votes=1; score=4; sources=[scalar_arithmetic]; one-way call conversion alone is review-only	review	1	1
004AA6A0	FUN_004aa6a0	local_lifetime	uVar1/mg1	scalar(/uint) -> scalar(/int)	004AA7D8:t604 signed_scalar_role operand=-1 target=	INT_SRIGHT	retain neutral or current storage; require an exact per-use view	separate decompiler merge group; exact_type_votes=1; score=4; sources=[scalar_arithmetic]; one-way call conversion alone is review-only	review	1	1
004AA8D0	FUN_004aa8d0	local_lifetime	uVar1/mg0	scalar(/uint) -> scalar(/int)	004AA9C1:t434 signed_scalar_role operand=-1 target=	INT_SRIGHT	retain neutral or current storage; require an exact per-use view	separate decompiler merge group; exact_type_votes=1; score=4; sources=[scalar_arithmetic]; one-way call conversion alone is review-only	review	1	1
004AA8D0	FUN_004aa8d0	local_lifetime	uVar1/mg1	scalar(/uint) -> scalar(/int)	004AAA05:t604 signed_scalar_role operand=-1 target=	INT_SRIGHT	retain neutral or current storage; require an exact per-use view	separate decompiler merge group; exact_type_votes=1; score=4; sources=[scalar_arithmetic]; one-way call conversion alone is review-only	review	1	1
004AAB00	FUN_004aab00	local_lifetime	uVar1/mg0	scalar(/uint) -> scalar(/int)	004AABF1:t434 signed_scalar_role operand=-1 target=	INT_SRIGHT	retain neutral or current storage; require an exact per-use view	separate decompiler merge group; exact_type_votes=1; score=4; sources=[scalar_arithmetic]; one-way call conversion alone is review-only	review	1	1
004AAB00	FUN_004aab00	local_lifetime	uVar1/mg1	scalar(/uint) -> scalar(/int)	004AAC35:t604 signed_scalar_role operand=-1 target=	INT_SRIGHT	retain neutral or current storage; require an exact per-use view	separate decompiler merge group; exact_type_votes=1; score=4; sources=[scalar_arithmetic]; one-way call conversion alone is review-only	review	1	1
004AAD30	FUN_004aad30	local_lifetime	uVar1/mg0	scalar(/uint) -> scalar(/int)	004AAE24:t434 signed_scalar_role operand=-1 target=	INT_SRIGHT	retain neutral or current storage; require an exact per-use view	separate decompiler merge group; exact_type_votes=1; score=4; sources=[scalar_arithmetic]; one-way call conversion alone is review-only	review	1	1
004AAD30	FUN_004aad30	local_lifetime	uVar1/mg1	scalar(/uint) -> scalar(/int)	004AAE68:t604 signed_scalar_role operand=-1 target=	INT_SRIGHT	retain neutral or current storage; require an exact per-use view	separate decompiler merge group; exact_type_votes=1; score=4; sources=[scalar_arithmetic]; one-way call conversion alone is review-only	review	1	1
004ABF00	STT3DSprC::SetCurShad	local_lifetime	pSVar1/mg0	pointer(pointer:/STT3DSprC) -> scalar(/uint)	004ABF9E:t178 call_argument operand=4 target=006E9520	DEFAULT; direct=006E9520	unattachable High lifetime is represented by the exact address-stable per-use boundary 004ABF9E:t178|006E9520|4	exact call-boundary type is proven, but no same-width transparent p-code path reattaches that argument to one persistent HighSymbol; complete CALL-operand scan records an address-local source view only	neutralized	1	1
004ABF00	STT3DSprC::SetCurShad	local_lifetime	pcVar5/mg1	pointer(pointer:/undefined) -> scalar(/uint)	004ABF9E:t178 call_argument operand=3 target=006E9520	DEFAULT; direct=006E9520	unattachable High lifetime is represented by the exact address-stable per-use boundary 004ABF9E:t178|006E9520|3	separate decompiler merge group; exact_type_votes=1; score=4; sources=[call_argument]; one-way call conversion alone is review-only; exact call-boundary type is proven, but no same-width transparent p-code path reattaches that argument to one persistent HighSymbol	neutralized	1	1
004ABF00	STT3DSprC::SetCurShad	local_lifetime	puVar4/mg0	pointer(pointer:/ushort) -> scalar(/uint)	004ABF9E:t178 call_argument operand=2 target=006E9520	DEFAULT; direct=006E9520	unattachable High lifetime is represented by the exact address-stable per-use boundary 004ABF9E:t178|006E9520|2	pointer-shaped local has only scalar consumers; exact_type_votes=1; score=4; sources=[call_argument]; one-way call conversion alone is review-only; exact call-boundary type is proven, but no same-width transparent p-code path reattaches that argument to one persistent HighSymbol	neutralized	1	1
004ABF00		unattachable_call_argument_lifetime	generated per-use lifetime	anchors=004ABF9E:t178; target=006E9520; operand=2; locals=puVar4; transition=pointer:/ushort -> /uint	verified by the matching Ghidra analyzer/export evidence	source audit kind=exact_machine_lifetime_call_view	exact source-only lifetime/view; Program ABI unchanged	Ghidra cannot persist this split without merging unrelated machine lifetimes	neutralized	1	1
004ABF00		unattachable_call_argument_lifetime	generated per-use lifetime	anchors=004ABF9E:t178; target=006E9520; operand=3; locals=pcVar5; transition=pointer:/undefined -> /uint	verified by the matching Ghidra analyzer/export evidence	source audit kind=exact_machine_lifetime_call_view	exact source-only lifetime/view; Program ABI unchanged	Ghidra cannot persist this split without merging unrelated machine lifetimes	neutralized	1	1
004ABF00		unattachable_call_argument_lifetime	generated per-use lifetime	anchors=004ABF9E:t178; target=006E9520; operand=4; locals=pSVar1; transition=pointer:/STT3DSprC -> /uint	verified by the matching Ghidra analyzer/export evidence	source audit kind=exact_machine_lifetime_call_view	exact source-only lifetime/view; Program ABI unchanged	Ghidra cannot persist this split without merging unrelated machine lifetimes	neutralized	1	1
004AC1A0	STT3DSprC::StartShow	local_lifetime	pSVar1/mg0	pointer(pointer:/STT3DSprC) -> scalar(/uint)	004AC32B:t493 call_argument operand=4 target=006E9520	DEFAULT; direct=006E9520	unattachable High lifetime is represented by the exact address-stable per-use boundary 004AC32B:t493|006E9520|4	exact call-boundary type is proven, but no same-width transparent p-code path reattaches that argument to one persistent HighSymbol; complete CALL-operand scan records an address-local source view only	neutralized	1	1
004AC1A0	STT3DSprC::StartShow	local_lifetime	pcVar5/mg1	pointer(pointer:/undefined) -> scalar(/uint)	004AC32B:t493 call_argument operand=3 target=006E9520	DEFAULT; direct=006E9520	unattachable High lifetime is represented by the exact address-stable per-use boundary 004AC32B:t493|006E9520|3	separate decompiler merge group; exact_type_votes=1; score=4; sources=[call_argument]; one-way call conversion alone is review-only; exact call-boundary type is proven, but no same-width transparent p-code path reattaches that argument to one persistent HighSymbol	neutralized	1	1
004AC1A0		unattachable_call_argument_lifetime	generated per-use lifetime	anchors=004AC32B:t493; target=006E9520; operand=3; locals=pcVar5; transition=pointer:/undefined -> /uint	verified by the matching Ghidra analyzer/export evidence	source audit kind=exact_machine_lifetime_call_view	exact source-only lifetime/view; Program ABI unchanged	Ghidra cannot persist this split without merging unrelated machine lifetimes	neutralized	1	1
004AC1A0		unattachable_call_argument_lifetime	generated per-use lifetime	anchors=004AC32B:t493; target=006E9520; operand=4; locals=pSVar1; transition=pointer:/STT3DSprC -> /uint	verified by the matching Ghidra analyzer/export evidence	source audit kind=exact_machine_lifetime_call_view	exact source-only lifetime/view; Program ABI unchanged	Ghidra cannot persist this split without merging unrelated machine lifetimes	neutralized	1	1
004AD550	FUN_004ad550	local_lifetime	param_1/mg0	pointer(pointer:/SubmarineTitans/Recovered/PointerShapes/RecoveredRecordView_004AD550_F37E00D1) -> scalar(/uint)	004AD587:t80 call_argument operand=4 target=006E9520	DEFAULT; direct=006E9520	unattachable High lifetime is represented by the exact address-stable per-use boundary 004AD587:t80|006E9520|4	exact call-boundary type is proven, but no same-width transparent p-code path reattaches that argument to one persistent HighSymbol; complete CALL-operand scan records an address-local source view only	neutralized	1	1
004AD550	FUN_004ad550	local_lifetime	param_1/mg0	pointer(pointer:/SubmarineTitans/Recovered/PointerShapes/RecoveredRecordView_004AD550_F37E00D1) -> scalar(/uint)	004AD5AA:t131 call_argument operand=4 target=006E9520	DEFAULT; direct=006E9520	unattachable High lifetime is represented by the exact address-stable per-use boundary 004AD5AA:t131|006E9520|4	exact call-boundary type is proven, but no same-width transparent p-code path reattaches that argument to one persistent HighSymbol; complete CALL-operand scan records an address-local source view only	neutralized	1	1
004AD550		unattachable_call_argument_lifetime	generated per-use lifetime	anchors=004AD587:t80,004AD5AA:t131; target=006E9520; operand=4; locals=param_1; transition=pointer:/SubmarineTitans/Recovered/PointerShapes/RecoveredRecordView_004AD550_F37E00D1 -> /uint	verified by the matching Ghidra analyzer/export evidence	source audit kind=exact_machine_lifetime_call_view	exact source-only lifetime/view; Program ABI unchanged	Ghidra cannot persist this split without merging unrelated machine lifetimes	neutralized	1	1
004AD550		unattachable_call_argument_lifetime	generated per-use lifetime	anchors=004AD587:t80,004AD5AA:t131; target=006E9520; operand=4; locals=param_1; transition=pointer:/SubmarineTitans/Recovered/PointerShapes/RecoveredRecordView_004AD550_F37E00D1 -> /uint	verified by the matching Ghidra analyzer/export evidence	source audit kind=exact_machine_lifetime_call_view	exact source-only lifetime/view; Program ABI unchanged	Ghidra cannot persist this split without merging unrelated machine lifetimes	neutralized	1	1
004AE0B0		incoming_parameter_slot_lifetime	generated per-use lifetime	_param_1: short[2] -> int x86 stack slot	verified by the matching Ghidra analyzer/export evidence	source audit kind=promoted_parameter_slot_materialization	exact source-only lifetime/view; Program ABI unchanged	Ghidra cannot persist this split without merging unrelated machine lifetimes	neutralized	1	1
004AE0B0	FUN_004ae0b0	local_lifetime	uVar10/mg1	scalar(/uint) -> scalar(/int)	004AEC80:t4460 signed_scalar_role operand=-1 target=	INT_SRIGHT	retain neutral or current storage; require an exact per-use view	separate decompiler merge group; exact_type_votes=1; score=4; sources=[scalar_arithmetic]; one-way call conversion alone is review-only	review	1	1
004AE0B0	FUN_004ae0b0	local_lifetime	uVar10/mg3	scalar(/uint) -> scalar(/int)	004AEBBD:t4077 signed_scalar_role operand=-1 target=	INT_SRIGHT	retain neutral or current storage; require an exact per-use view	separate decompiler merge group; exact_type_votes=1; score=4; sources=[scalar_arithmetic]; one-way call conversion alone is review-only	review	1	1
004AE0B0	FUN_004ae0b0	local_lifetime	uVar10/mg5	scalar(/uint) -> scalar(/int)	004AEAF6:t3694 signed_scalar_role operand=-1 target=	INT_SRIGHT	retain neutral or current storage; require an exact per-use view	separate decompiler merge group; exact_type_votes=1; score=4; sources=[scalar_arithmetic]; one-way call conversion alone is review-only	review	1	1
004AE0B0	FUN_004ae0b0	local_lifetime	uVar10/mg7	scalar(/uint) -> scalar(/int)	004AEA2F:t3311 signed_scalar_role operand=-1 target=	INT_SRIGHT	retain neutral or current storage; require an exact per-use view	separate decompiler merge group; exact_type_votes=1; score=4; sources=[scalar_arithmetic]; one-way call conversion alone is review-only	review	1	1
004AE0B0	FUN_004ae0b0	local_lifetime	uVar10/mg9	scalar(/uint) -> scalar(/int)	004AE96A:t2928 signed_scalar_role operand=-1 target=	INT_SRIGHT	retain neutral or current storage; require an exact per-use view	separate decompiler merge group; exact_type_votes=1; score=4; sources=[scalar_arithmetic]; one-way call conversion alone is review-only	review	1	1
004AE0B0	FUN_004ae0b0	local_lifetime	uVar13/mg0	scalar(/uint) -> scalar(/int)	004AEC6F:t4413 signed_scalar_role operand=-1 target=	INT_SRIGHT	retain neutral or current storage; require an exact per-use view	separate decompiler merge group; exact_type_votes=1; score=4; sources=[scalar_arithmetic]; one-way call conversion alone is review-only	review	1	1
004AE0B0	FUN_004ae0b0	local_lifetime	uVar13/mg1	scalar(/uint) -> scalar(/int)	004AEBAC:t4030 signed_scalar_role operand=-1 target=	INT_SRIGHT	retain neutral or current storage; require an exact per-use view	separate decompiler merge group; exact_type_votes=1; score=4; sources=[scalar_arithmetic]; one-way call conversion alone is review-only	review	1	1
004AE0B0	FUN_004ae0b0	local_lifetime	uVar13/mg2	scalar(/uint) -> scalar(/int)	004AEAE5:t3647 signed_scalar_role operand=-1 target=	INT_SRIGHT	retain neutral or current storage; require an exact per-use view	separate decompiler merge group; exact_type_votes=1; score=4; sources=[scalar_arithmetic]; one-way call conversion alone is review-only	review	1	1
004AE0B0	FUN_004ae0b0	local_lifetime	uVar13/mg3	scalar(/uint) -> scalar(/int)	004AEA1E:t3264 signed_scalar_role operand=-1 target=	INT_SRIGHT	retain neutral or current storage; require an exact per-use view	separate decompiler merge group; exact_type_votes=1; score=4; sources=[scalar_arithmetic]; one-way call conversion alone is review-only	review	1	1
004AE0B0	FUN_004ae0b0	local_lifetime	uVar13/mg4	scalar(/uint) -> scalar(/int)	004AE958:t2881 signed_scalar_role operand=-1 target=	INT_SRIGHT	retain neutral or current storage; require an exact per-use view	separate decompiler merge group; exact_type_votes=1; score=4; sources=[scalar_arithmetic]; one-way call conversion alone is review-only	review	1	1
004AF080	FUN_004af080	local_lifetime	uVar18/mg1	scalar(/uint) -> scalar(/int)	004AF6F5:t2564 signed_scalar_role operand=-1 target=	INT_SRIGHT	retain neutral or current storage; require an exact per-use view	separate decompiler merge group; exact_type_votes=1; score=4; sources=[scalar_arithmetic]; one-way call conversion alone is review-only	review	1	1
004AF080	FUN_004af080	local_lifetime	uVar18/mg10	scalar(/uint) -> scalar(/int)	004AFB84:t4413 signed_scalar_role operand=-1 target=	INT_SRIGHT	retain neutral or current storage; require an exact per-use view	separate decompiler merge group; exact_type_votes=1; score=4; sources=[scalar_arithmetic]; one-way call conversion alone is review-only	review	1	1
004AF080	FUN_004af080	local_lifetime	uVar18/mg11	scalar(/uint) -> scalar(/int)	004AF651:t1650 signed_scalar_role operand=-1 target=	INT_SRIGHT	retain neutral or current storage; require an exact per-use view	separate decompiler merge group; exact_type_votes=1; score=4; sources=[scalar_arithmetic]; one-way call conversion alone is review-only	review	1	1
004AF080	FUN_004af080	local_lifetime	uVar18/mg12	scalar(/uint) -> scalar(/int)	004AF661:t1696 signed_scalar_role operand=-1 target=	INT_SRIGHT	retain neutral or current storage; require an exact per-use view	separate decompiler merge group; exact_type_votes=1; score=4; sources=[scalar_arithmetic]; one-way call conversion alone is review-only	review	1	1
004AF080	FUN_004af080	local_lifetime	uVar18/mg2	scalar(/uint) -> scalar(/int)	004AF704:t2610 signed_scalar_role operand=-1 target=	INT_SRIGHT	retain neutral or current storage; require an exact per-use view	separate decompiler merge group; exact_type_votes=1; score=4; sources=[scalar_arithmetic]; one-way call conversion alone is review-only	review	1	1
004AF080	FUN_004af080	local_lifetime	uVar18/mg3	scalar(/uint) -> scalar(/int)	004AF79A:t2897 signed_scalar_role operand=-1 target=	INT_SRIGHT	retain neutral or current storage; require an exact per-use view	separate decompiler merge group; exact_type_votes=1; score=4; sources=[scalar_arithmetic]; one-way call conversion alone is review-only	review	1	1
004AF080	FUN_004af080	local_lifetime	uVar18/mg4	scalar(/uint) -> scalar(/int)	004AF7A9:t2943 signed_scalar_role operand=-1 target=	INT_SRIGHT	retain neutral or current storage; require an exact per-use view	separate decompiler merge group; exact_type_votes=1; score=4; sources=[scalar_arithmetic]; one-way call conversion alone is review-only	review	1	1
004AF080	FUN_004af080	local_lifetime	uVar18/mg5	scalar(/uint) -> scalar(/int)	004AF83F:t3230 signed_scalar_role operand=-1 target=	INT_SRIGHT	retain neutral or current storage; require an exact per-use view	separate decompiler merge group; exact_type_votes=1; score=4; sources=[scalar_arithmetic]; one-way call conversion alone is review-only	review	1	1
004AF080	FUN_004af080	local_lifetime	uVar18/mg6	scalar(/uint) -> scalar(/int)	004AF84E:t3276 signed_scalar_role operand=-1 target=	INT_SRIGHT	retain neutral or current storage; require an exact per-use view	separate decompiler merge group; exact_type_votes=1; score=4; sources=[scalar_arithmetic]; one-way call conversion alone is review-only	review	1	1
004AF080	FUN_004af080	local_lifetime	uVar18/mg7	scalar(/uint) -> scalar(/int)	004AF8E4:t3563 signed_scalar_role operand=-1 target=	INT_SRIGHT	retain neutral or current storage; require an exact per-use view	separate decompiler merge group; exact_type_votes=1; score=4; sources=[scalar_arithmetic]; one-way call conversion alone is review-only	review	1	1
004AF080	FUN_004af080	local_lifetime	uVar18/mg8	scalar(/uint) -> scalar(/int)	004AF8F3:t3609 signed_scalar_role operand=-1 target=	INT_SRIGHT	retain neutral or current storage; require an exact per-use view	separate decompiler merge group; exact_type_votes=1; score=4; sources=[scalar_arithmetic]; one-way call conversion alone is review-only	review	1	1
004AF080	FUN_004af080	local_lifetime	uVar18/mg9	scalar(/uint) -> scalar(/int)	004AFB74:t4367 signed_scalar_role operand=-1 target=	INT_SRIGHT	retain neutral or current storage; require an exact per-use view	separate decompiler merge group; exact_type_votes=1; score=4; sources=[scalar_arithmetic]; one-way call conversion alone is review-only	review	1	1
004B31C0	FUN_004b31c0	return_abi	EAX/x87 return	scalar(/undefined4) -> scalar(/bool)	all reachable callee return paths	all explicit return values are constants in {0,1}, but the source domain alone does not prove the x86 ABI return width; review STAbiConsistencyAnalyzer evidence: [0, 0, 0, 1]	retain current machine-width return pending strict ABI proof	all explicit return values are constants in {0,1}, but the source domain alone does not prove the x86 ABI return width; review STAbiConsistencyAnalyzer evidence: [0, 0, 0, 1]	review	1	1
004B33D0	FUN_004b33d0	local_lifetime	local_2c0/mg1	scalar(/InternalExceptionFrame) -> pointer(pointer:/InternalExceptionFrame)	004B33FE:t46 typed_copy operand=0 target=	USER_DEFINED	persistent High lifetime already carries the proposed domain	separate decompiler merge group; exact_type_votes=1; score=10; sources=[typed_copy]	resolved	1	1
004B33D0	FUN_004b33d0	local_lifetime	local_7c/mg1	scalar(/short[2]) -> scalar(/short)	004B36DE:t669 signed_scalar_role operand=0 target=	INT_SEXT	persistent High lifetime already carries the proposed domain	separate decompiler merge group; exact_type_votes=10; score=100; sources=[scalar_extension]	resolved	1	1
004B33D0	FUN_004b33d0	local_lifetime	local_7c/mg1	scalar(/short[2]) -> scalar(/short)	004B378E:t877 signed_scalar_role operand=0 target=	INT_SEXT	persistent High lifetime already carries the proposed domain	separate decompiler merge group; exact_type_votes=10; score=100; sources=[scalar_extension]	resolved	1	1
004B33D0	FUN_004b33d0	local_lifetime	local_7c/mg1	scalar(/short[2]) -> scalar(/short)	004B37ED:t13605 signed_scalar_role operand=0 target=	INT_SEXT	persistent High lifetime already carries the proposed domain	separate decompiler merge group; exact_type_votes=10; score=100; sources=[scalar_extension]	resolved	1	1
004B33D0	FUN_004b33d0	local_lifetime	local_7c/mg1	scalar(/short[2]) -> scalar(/short)	004B3AB7:t1254 signed_scalar_role operand=0 target=	INT_SEXT	persistent High lifetime already carries the proposed domain	separate decompiler merge group; exact_type_votes=10; score=100; sources=[scalar_extension]	resolved	1	1
004B33D0	FUN_004b33d0	local_lifetime	local_7c/mg1	scalar(/short[2]) -> scalar(/short)	004B3E9D:t2525 signed_scalar_role operand=0 target=	INT_SEXT	persistent High lifetime already carries the proposed domain	separate decompiler merge group; exact_type_votes=10; score=100; sources=[scalar_extension]	resolved	1	1
004B33D0	FUN_004b33d0	local_lifetime	local_7c/mg1	scalar(/short[2]) -> scalar(/short)	004B3FEB:t2882 signed_scalar_role operand=0 target=	INT_SEXT	persistent High lifetime already carries the proposed domain	separate decompiler merge group; exact_type_votes=10; score=100; sources=[scalar_extension]	resolved	1	1
004B33D0	FUN_004b33d0	local_lifetime	local_7c/mg1	scalar(/short[2]) -> scalar(/short)	004B43C9:t12613 signed_scalar_role operand=0 target=	INT_SEXT	persistent High lifetime already carries the proposed domain	separate decompiler merge group; exact_type_votes=10; score=100; sources=[scalar_extension]	resolved	1	1
004B33D0	FUN_004b33d0	local_lifetime	local_7c/mg1	scalar(/short[2]) -> scalar(/short)	004B445F:t12738 signed_scalar_role operand=0 target=	INT_SEXT	persistent High lifetime already carries the proposed domain	separate decompiler merge group; exact_type_votes=10; score=100; sources=[scalar_extension]	resolved	1	1
004B33D0	FUN_004b33d0	local_lifetime	local_7c/mg1	scalar(/short[2]) -> scalar(/short)	004B44CA:t12844 signed_scalar_role operand=0 target=	INT_SEXT	persistent High lifetime already carries the proposed domain	separate decompiler merge group; exact_type_votes=10; score=100; sources=[scalar_extension]	resolved	1	1
004B33D0	FUN_004b33d0	local_lifetime	local_7c/mg1	scalar(/short[2]) -> scalar(/short)	004B47FE:t4148 signed_scalar_role operand=0 target=	INT_SEXT	persistent High lifetime already carries the proposed domain	separate decompiler merge group; exact_type_votes=10; score=100; sources=[scalar_extension]	resolved	1	1
004B33D0	FUN_004b33d0	local_lifetime	local_8c/mg1	scalar(/short[2]) -> scalar(/short)	004B36BA:t636 signed_scalar_role operand=0 target=	INT_SEXT	persistent High lifetime already carries the proposed domain	separate decompiler merge group; exact_type_votes=10; score=100; sources=[scalar_extension]	resolved	1	1
004B33D0	FUN_004b33d0	local_lifetime	local_8c/mg1	scalar(/short[2]) -> scalar(/short)	004B3798:t883 signed_scalar_role operand=0 target=	INT_SEXT	persistent High lifetime already carries the proposed domain	separate decompiler merge group; exact_type_votes=10; score=100; sources=[scalar_extension]	resolved	1	1
004B33D0	FUN_004b33d0	local_lifetime	local_8c/mg1	scalar(/short[2]) -> scalar(/short)	004B37F7:t13611 signed_scalar_role operand=0 target=	INT_SEXT	persistent High lifetime already carries the proposed domain	separate decompiler merge group; exact_type_votes=10; score=100; sources=[scalar_extension]	resolved	1	1
004B33D0	FUN_004b33d0	local_lifetime	local_8c/mg1	scalar(/short[2]) -> scalar(/short)	004B3AAF:t1248 signed_scalar_role operand=0 target=	INT_SEXT	persistent High lifetime already carries the proposed domain	separate decompiler merge group; exact_type_votes=10; score=100; sources=[scalar_extension]	resolved	1	1
004B33D0	FUN_004b33d0	local_lifetime	local_8c/mg1	scalar(/short[2]) -> scalar(/short)	004B3EA7:t2531 signed_scalar_role operand=0 target=	INT_SEXT	persistent High lifetime already carries the proposed domain	separate decompiler merge group; exact_type_votes=10; score=100; sources=[scalar_extension]	resolved	1	1
004B33D0	FUN_004b33d0	local_lifetime	local_8c/mg1	scalar(/short[2]) -> scalar(/short)	004B3FF5:t2888 signed_scalar_role operand=0 target=	INT_SEXT	persistent High lifetime already carries the proposed domain	separate decompiler merge group; exact_type_votes=10; score=100; sources=[scalar_extension]	resolved	1	1
004B33D0	FUN_004b33d0	local_lifetime	local_8c/mg1	scalar(/short[2]) -> scalar(/short)	004B43D9:t12630 signed_scalar_role operand=0 target=	INT_SEXT	persistent High lifetime already carries the proposed domain	separate decompiler merge group; exact_type_votes=10; score=100; sources=[scalar_extension]	resolved	1	1
004B33D0	FUN_004b33d0	local_lifetime	local_8c/mg1	scalar(/short[2]) -> scalar(/short)	004B446F:t12755 signed_scalar_role operand=0 target=	INT_SEXT	persistent High lifetime already carries the proposed domain	separate decompiler merge group; exact_type_votes=10; score=100; sources=[scalar_extension]	resolved	1	1
004B33D0	FUN_004b33d0	local_lifetime	local_8c/mg1	scalar(/short[2]) -> scalar(/short)	004B44D4:t12850 signed_scalar_role operand=0 target=	INT_SEXT	persistent High lifetime already carries the proposed domain	separate decompiler merge group; exact_type_votes=10; score=100; sources=[scalar_extension]	resolved	1	1
004B33D0	FUN_004b33d0	local_lifetime	local_8c/mg1	scalar(/short[2]) -> scalar(/short)	004B47DA:t4115 signed_scalar_role operand=0 target=	INT_SEXT	persistent High lifetime already carries the proposed domain	separate decompiler merge group; exact_type_votes=10; score=100; sources=[scalar_extension]	resolved	1	1
004B33D0	FUN_004b33d0	local_lifetime	local_a8/mg1	scalar(/short[2]) -> scalar(/short)	004B36D2:t649 signed_scalar_role operand=0 target=	INT_SEXT	persistent High lifetime already carries the proposed domain	separate decompiler merge group; exact_type_votes=9; score=90; sources=[scalar_extension]	resolved	1	1
004B33D0	FUN_004b33d0	local_lifetime	local_a8/mg1	scalar(/short[2]) -> scalar(/short)	004B37A5:t889 signed_scalar_role operand=0 target=	INT_SEXT	persistent High lifetime already carries the proposed domain	separate decompiler merge group; exact_type_votes=9; score=90; sources=[scalar_extension]	resolved	1	1
004B33D0	FUN_004b33d0	local_lifetime	local_a8/mg1	scalar(/short[2]) -> scalar(/short)	004B3804:t13617 signed_scalar_role operand=0 target=	INT_SEXT	persistent High lifetime already carries the proposed domain	separate decompiler merge group; exact_type_votes=9; score=90; sources=[scalar_extension]	resolved	1	1
004B33D0	FUN_004b33d0	local_lifetime	local_a8/mg1	scalar(/short[2]) -> scalar(/short)	004B3EB4:t2537 signed_scalar_role operand=0 target=	INT_SEXT	persistent High lifetime already carries the proposed domain	separate decompiler merge group; exact_type_votes=9; score=90; sources=[scalar_extension]	resolved	1	1
004B33D0	FUN_004b33d0	local_lifetime	local_a8/mg1	scalar(/short[2]) -> scalar(/short)	004B4002:t2894 signed_scalar_role operand=0 target=	INT_SEXT	persistent High lifetime already carries the proposed domain	separate decompiler merge group; exact_type_votes=9; score=90; sources=[scalar_extension]	resolved	1	1
004B33D0	FUN_004b33d0	local_lifetime	local_a8/mg1	scalar(/short[2]) -> scalar(/short)	004B43EC:t12647 signed_scalar_role operand=0 target=	INT_SEXT	persistent High lifetime already carries the proposed domain	separate decompiler merge group; exact_type_votes=9; score=90; sources=[scalar_extension]	resolved	1	1
004B33D0	FUN_004b33d0	local_lifetime	local_a8/mg1	scalar(/short[2]) -> scalar(/short)	004B4482:t12772 signed_scalar_role operand=0 target=	INT_SEXT	persistent High lifetime already carries the proposed domain	separate decompiler merge group; exact_type_votes=9; score=90; sources=[scalar_extension]	resolved	1	1
004B33D0	FUN_004b33d0	local_lifetime	local_a8/mg1	scalar(/short[2]) -> scalar(/short)	004B44E1:t12856 signed_scalar_role operand=0 target=	INT_SEXT	persistent High lifetime already carries the proposed domain	separate decompiler merge group; exact_type_votes=9; score=90; sources=[scalar_extension]	resolved	1	1
004B33D0	FUN_004b33d0	local_lifetime	local_a8/mg1	scalar(/short[2]) -> scalar(/short)	004B47F2:t4128 signed_scalar_role operand=0 target=	INT_SEXT	persistent High lifetime already carries the proposed domain	separate decompiler merge group; exact_type_votes=9; score=90; sources=[scalar_extension]	resolved	1	1
004B33D0	FUN_004b33d0	local_lifetime	uVar21/mg3	scalar(/uint) -> scalar(/int)	004B4DB6:t12028 signed_scalar_role operand=-1 target=	INT_SRIGHT	retain neutral or current storage; require an exact per-use view	separate decompiler merge group; exact_type_votes=1; score=4; sources=[scalar_arithmetic]; one-way call conversion alone is review-only	review	1	1
004B33D0	FUN_004b33d0	local_lifetime	uVar21/mg4	scalar(/uint) -> scalar(/int)	004B4DCC:t12077 signed_scalar_role operand=-1 target=	INT_SRIGHT	retain neutral or current storage; require an exact per-use view	separate decompiler merge group; exact_type_votes=1; score=4; sources=[scalar_arithmetic]; one-way call conversion alone is review-only	review	1	1
004B80D0	TLOBaseTy::SetState	local_lifetime	local_EAX_497/mg0	scalar(/int) -> scalar(/byte)	004B82C1:t723 call_return operand=-1 target=004049B7	ANALYSIS; direct=004049B7; resolved=004406C0	persistent High lifetime already carries the proposed domain	single undefined local lifetime; exact_type_votes=2; score=22; sources=[call_return, scalar_extension]	resolved	1	1
004B80D0	TLOBaseTy::SetState	local_lifetime	local_EAX_497/mg0	scalar(/int) -> scalar(/byte)	004B82C6:t3008 unsigned_scalar_role operand=0 target=	ANALYSIS	persistent High lifetime already carries the proposed domain	single undefined local lifetime; exact_type_votes=2; score=22; sources=[call_return, scalar_extension]	resolved	1	1
004B80D0	TLOBaseTy::SetState	local_lifetime	this_00/mg0	pointer(pointer:/undefined4) -> pointer(pointer:/STT3DSprC)	004B878D:t1593 call_argument operand=0 target=00404264	ANALYSIS; direct=00404264; resolved=004AC410	retain neutral or current storage; require an exact per-use view	single undefined local lifetime; exact_type_votes=3; score=12; sources=[call_argument]; exact call-boundary type is proven, but no same-width transparent p-code path reattaches that argument to one persistent HighSymbol	review	1	1
004B80D0	TLOBaseTy::SetState	local_lifetime	this_00/mg0	pointer(pointer:/undefined4) -> pointer(pointer:/STT3DSprC)	004B8796:t1600 call_argument operand=0 target=00404264	ANALYSIS; direct=00404264; resolved=004AC410	retain neutral or current storage; require an exact per-use view	single undefined local lifetime; exact_type_votes=3; score=12; sources=[call_argument]; exact call-boundary type is proven, but no same-width transparent p-code path reattaches that argument to one persistent HighSymbol	review	1	1
004B80D0	TLOBaseTy::SetState	local_lifetime	this_00/mg0	pointer(pointer:/undefined4) -> pointer(pointer:/STT3DSprC)	004B879F:t1607 call_argument operand=0 target=00404264	ANALYSIS; direct=00404264; resolved=004AC410	retain neutral or current storage; require an exact per-use view	single undefined local lifetime; exact_type_votes=3; score=12; sources=[call_argument]; exact call-boundary type is proven, but no same-width transparent p-code path reattaches that argument to one persistent HighSymbol	review	1	1
004B80D0	TLOBaseTy::SetState	local_lifetime	uVar10/mg0	scalar(/int) -> scalar(/byte)	004B82F3:t774 call_return operand=-1 target=004049B7	ANALYSIS; direct=004049B7; resolved=004406C0	persistent High lifetime already carries the proposed domain	single undefined local lifetime; exact_type_votes=2; score=22; sources=[call_return, scalar_extension]	resolved	1	1
004B80D0	TLOBaseTy::SetState	local_lifetime	uVar10/mg0	scalar(/int) -> scalar(/byte)	004B82F8:t3010 unsigned_scalar_role operand=0 target=	ANALYSIS	persistent High lifetime already carries the proposed domain	single undefined local lifetime; exact_type_votes=2; score=22; sources=[call_return, scalar_extension]	resolved	1	1
004B8C80	FUN_004b8c80	local_lifetime	local_EAX_1028/mg0	scalar(/int) -> scalar(/byte)	004B9084:t1631 call_return operand=-1 target=004049B7	ANALYSIS; direct=004049B7; resolved=004406C0	persistent High lifetime already carries the proposed domain	single undefined local lifetime; exact_type_votes=2; score=22; sources=[call_return, scalar_extension]	resolved	1	1
004B8C80	FUN_004b8c80	local_lifetime	local_EAX_1028/mg0	scalar(/int) -> scalar(/byte)	004B9089:t4563 unsigned_scalar_role operand=0 target=	ANALYSIS	persistent High lifetime already carries the proposed domain	single undefined local lifetime; exact_type_votes=2; score=22; sources=[call_return, scalar_extension]	resolved	1	1
004B8C80	FUN_004b8c80	local_lifetime	local_EAX_852/mg0	scalar(/int) -> scalar(/byte)	004B8FD4:t1390 call_return operand=-1 target=004049B7	ANALYSIS; direct=004049B7; resolved=004406C0	persistent High lifetime already carries the proposed domain	single undefined local lifetime; exact_type_votes=2; score=22; sources=[call_return, scalar_extension]	resolved	1	1
004B8C80	FUN_004b8c80	local_lifetime	local_EAX_852/mg0	scalar(/int) -> scalar(/byte)	004B8FD9:t4561 unsigned_scalar_role operand=0 target=	ANALYSIS	persistent High lifetime already carries the proposed domain	single undefined local lifetime; exact_type_votes=2; score=22; sources=[call_return, scalar_extension]	resolved	1	1
004B8C80	FUN_004b8c80	local_lifetime	puVar1/mg0	pointer(pointer:/undefined4) -> pointer(pointer:/STT3DSprC)	004B9552:t3160 call_argument operand=0 target=00404264	ANALYSIS; direct=00404264; resolved=004AC410	retain neutral or current storage; require an exact per-use view	separate decompiler merge group; exact_type_votes=9; score=36; sources=[call_argument]; exact call-boundary type is proven, but no same-width transparent p-code path reattaches that argument to one persistent HighSymbol	review	1	1
004B8C80	FUN_004b8c80	local_lifetime	puVar1/mg0	pointer(pointer:/undefined4) -> pointer(pointer:/STT3DSprC)	004B955B:t3167 call_argument operand=0 target=00404264	ANALYSIS; direct=00404264; resolved=004AC410	retain neutral or current storage; require an exact per-use view	separate decompiler merge group; exact_type_votes=9; score=36; sources=[call_argument]; exact call-boundary type is proven, but no same-width transparent p-code path reattaches that argument to one persistent HighSymbol	review	1	1
004B8C80	FUN_004b8c80	local_lifetime	puVar1/mg0	pointer(pointer:/undefined4) -> pointer(pointer:/STT3DSprC)	004B9564:t3174 call_argument operand=0 target=00404264	ANALYSIS; direct=00404264; resolved=004AC410	retain neutral or current storage; require an exact per-use view	separate decompiler merge group; exact_type_votes=9; score=36; sources=[call_argument]; exact call-boundary type is proven, but no same-width transparent p-code path reattaches that argument to one persistent HighSymbol	review	1	1
004B8C80	FUN_004b8c80	local_lifetime	puVar1/mg0	pointer(pointer:/undefined4) -> pointer(pointer:/STT3DSprC)	004B956D:t3181 call_argument operand=0 target=00404264	ANALYSIS; direct=00404264; resolved=004AC410	retain neutral or current storage; require an exact per-use view	separate decompiler merge group; exact_type_votes=9; score=36; sources=[call_argument]; exact call-boundary type is proven, but no same-width transparent p-code path reattaches that argument to one persistent HighSymbol	review	1	1
004B8C80	FUN_004b8c80	local_lifetime	puVar1/mg0	pointer(pointer:/undefined4) -> pointer(pointer:/STT3DSprC)	004B9576:t3188 call_argument operand=0 target=00404264	ANALYSIS; direct=00404264; resolved=004AC410	retain neutral or current storage; require an exact per-use view	separate decompiler merge group; exact_type_votes=9; score=36; sources=[call_argument]; exact call-boundary type is proven, but no same-width transparent p-code path reattaches that argument to one persistent HighSymbol	review	1	1
004B8C80	FUN_004b8c80	local_lifetime	puVar1/mg0	pointer(pointer:/undefined4) -> pointer(pointer:/STT3DSprC)	004B957F:t3195 call_argument operand=0 target=00404264	ANALYSIS; direct=00404264; resolved=004AC410	retain neutral or current storage; require an exact per-use view	separate decompiler merge group; exact_type_votes=9; score=36; sources=[call_argument]; exact call-boundary type is proven, but no same-width transparent p-code path reattaches that argument to one persistent HighSymbol	review	1	1
004B8C80	FUN_004b8c80	local_lifetime	puVar1/mg0	pointer(pointer:/undefined4) -> pointer(pointer:/STT3DSprC)	004B9588:t3202 call_argument operand=0 target=00404264	ANALYSIS; direct=00404264; resolved=004AC410	retain neutral or current storage; require an exact per-use view	separate decompiler merge group; exact_type_votes=9; score=36; sources=[call_argument]; exact call-boundary type is proven, but no same-width transparent p-code path reattaches that argument to one persistent HighSymbol	review	1	1
004B8C80	FUN_004b8c80	local_lifetime	puVar1/mg0	pointer(pointer:/undefined4) -> pointer(pointer:/STT3DSprC)	004B962C:t3408 call_argument operand=0 target=00404183	ANALYSIS; direct=00404183; resolved=004AB880	retain neutral or current storage; require an exact per-use view	separate decompiler merge group; exact_type_votes=9; score=36; sources=[call_argument]; exact call-boundary type is proven, but no same-width transparent p-code path reattaches that argument to one persistent HighSymbol	review	1	1
004B8C80	FUN_004b8c80	local_lifetime	puVar1/mg0	pointer(pointer:/undefined4) -> pointer(pointer:/STT3DSprC)	004B9652:t3453 call_argument operand=0 target=00405240	ANALYSIS; direct=00405240; resolved=004AC1A0	retain neutral or current storage; require an exact per-use view	separate decompiler merge group; exact_type_votes=9; score=36; sources=[call_argument]; exact call-boundary type is proven, but no same-width transparent p-code path reattaches that argument to one persistent HighSymbol	review	1	1
004B8C80	FUN_004b8c80	local_lifetime	puVar1/mg1	pointer(pointer:/undefined4) -> pointer(pointer:/STT3DSprC)	004B8CD8:t109 call_argument operand=0 target=00404264	ANALYSIS; direct=00404264; resolved=004AC410	retain neutral or current storage; require an exact per-use view	separate decompiler merge group; exact_type_votes=8; score=32; sources=[call_argument]; exact call-boundary type is proven, but no same-width transparent p-code path reattaches that argument to one persistent HighSymbol	review	1	1
004B8C80	FUN_004b8c80	local_lifetime	puVar1/mg1	pointer(pointer:/undefined4) -> pointer(pointer:/STT3DSprC)	004B8CE1:t116 call_argument operand=0 target=00404264	ANALYSIS; direct=00404264; resolved=004AC410	retain neutral or current storage; require an exact per-use view	separate decompiler merge group; exact_type_votes=8; score=32; sources=[call_argument]; exact call-boundary type is proven, but no same-width transparent p-code path reattaches that argument to one persistent HighSymbol	review	1	1
004B8C80	FUN_004b8c80	local_lifetime	puVar1/mg1	pointer(pointer:/undefined4) -> pointer(pointer:/STT3DSprC)	004B8CEA:t123 call_argument operand=0 target=00404264	ANALYSIS; direct=00404264; resolved=004AC410	retain neutral or current storage; require an exact per-use view	separate decompiler merge group; exact_type_votes=8; score=32; sources=[call_argument]; exact call-boundary type is proven, but no same-width transparent p-code path reattaches that argument to one persistent HighSymbol	review	1	1
004B8C80	FUN_004b8c80	local_lifetime	puVar1/mg1	pointer(pointer:/undefined4) -> pointer(pointer:/STT3DSprC)	004B8CF3:t130 call_argument operand=0 target=00404264	ANALYSIS; direct=00404264; resolved=004AC410	retain neutral or current storage; require an exact per-use view	separate decompiler merge group; exact_type_votes=8; score=32; sources=[call_argument]; exact call-boundary type is proven, but no same-width transparent p-code path reattaches that argument to one persistent HighSymbol	review	1	1
004B8C80	FUN_004b8c80	local_lifetime	puVar1/mg1	pointer(pointer:/undefined4) -> pointer(pointer:/STT3DSprC)	004B8CFC:t137 call_argument operand=0 target=00404264	ANALYSIS; direct=00404264; resolved=004AC410	retain neutral or current storage; require an exact per-use view	separate decompiler merge group; exact_type_votes=8; score=32; sources=[call_argument]; exact call-boundary type is proven, but no same-width transparent p-code path reattaches that argument to one persistent HighSymbol	review	1	1
004B8C80	FUN_004b8c80	local_lifetime	puVar1/mg1	pointer(pointer:/undefined4) -> pointer(pointer:/STT3DSprC)	004B8D05:t144 call_argument operand=0 target=00404264	ANALYSIS; direct=00404264; resolved=004AC410	retain neutral or current storage; require an exact per-use view	separate decompiler merge group; exact_type_votes=8; score=32; sources=[call_argument]; exact call-boundary type is proven, but no same-width transparent p-code path reattaches that argument to one persistent HighSymbol	review	1	1
004B8C80	FUN_004b8c80	local_lifetime	puVar1/mg1	pointer(pointer:/undefined4) -> pointer(pointer:/STT3DSprC)	004B8D0E:t151 call_argument operand=0 target=00404264	ANALYSIS; direct=00404264; resolved=004AC410	retain neutral or current storage; require an exact per-use view	separate decompiler merge group; exact_type_votes=8; score=32; sources=[call_argument]; exact call-boundary type is proven, but no same-width transparent p-code path reattaches that argument to one persistent HighSymbol	review	1	1
004B8C80	FUN_004b8c80	local_lifetime	puVar1/mg1	pointer(pointer:/undefined4) -> pointer(pointer:/STT3DSprC)	004B8D36:t183 call_argument operand=0 target=00404264	ANALYSIS; direct=00404264; resolved=004AC410	retain neutral or current storage; require an exact per-use view	separate decompiler merge group; exact_type_votes=8; score=32; sources=[call_argument]; exact call-boundary type is proven, but no same-width transparent p-code path reattaches that argument to one persistent HighSymbol	review	1	1
004B8C80	FUN_004b8c80	local_lifetime	puVar1/mg2	pointer(pointer:/undefined4) -> pointer(pointer:/STT3DSprC)	004B92F8:t2164 call_argument operand=0 target=004022AC	ANALYSIS; direct=004022AC; resolved=004ACD30	retain neutral or current storage; require an exact per-use view	separate decompiler merge group; exact_type_votes=5; score=20; sources=[call_argument]; exact call-boundary type is proven, but no same-width transparent p-code path reattaches that argument to one persistent HighSymbol	review	1	1
004B8C80	FUN_004b8c80	local_lifetime	puVar1/mg2	pointer(pointer:/undefined4) -> pointer(pointer:/STT3DSprC)	004B9303:t2172 call_argument operand=0 target=004022AC	ANALYSIS; direct=004022AC; resolved=004ACD30	retain neutral or current storage; require an exact per-use view	separate decompiler merge group; exact_type_votes=5; score=20; sources=[call_argument]; exact call-boundary type is proven, but no same-width transparent p-code path reattaches that argument to one persistent HighSymbol	review	1	1
004B8C80	FUN_004b8c80	local_lifetime	puVar1/mg2	pointer(pointer:/undefined4) -> pointer(pointer:/STT3DSprC)	004B9310:t2192 call_argument operand=0 target=004022AC	ANALYSIS; direct=004022AC; resolved=004ACD30	retain neutral or current storage; require an exact per-use view	separate decompiler merge group; exact_type_votes=5; score=20; sources=[call_argument]; exact call-boundary type is proven, but no same-width transparent p-code path reattaches that argument to one persistent HighSymbol	review	1	1
004B8C80	FUN_004b8c80	local_lifetime	puVar1/mg2	pointer(pointer:/undefined4) -> pointer(pointer:/STT3DSprC)	004B9354:t2266 call_argument operand=0 target=004022AC	ANALYSIS; direct=004022AC; resolved=004ACD30	retain neutral or current storage; require an exact per-use view	separate decompiler merge group; exact_type_votes=5; score=20; sources=[call_argument]; exact call-boundary type is proven, but no same-width transparent p-code path reattaches that argument to one persistent HighSymbol	review	1	1
004B8C80	FUN_004b8c80	local_lifetime	puVar1/mg2	pointer(pointer:/undefined4) -> pointer(pointer:/STT3DSprC)	004B9362:t2277 call_argument operand=0 target=004022AC	ANALYSIS; direct=004022AC; resolved=004ACD30	retain neutral or current storage; require an exact per-use view	separate decompiler merge group; exact_type_votes=5; score=20; sources=[call_argument]; exact call-boundary type is proven, but no same-width transparent p-code path reattaches that argument to one persistent HighSymbol	review	1	1
004B9D20	FUN_004b9d20	return_abi	EAX/x87 return	scalar(/undefined4) -> scalar(/bool)	all reachable callee return paths	all explicit return values are constants in {0,1}, but the source domain alone does not prove the x86 ABI return width; review STAbiConsistencyAnalyzer evidence: [1, 0]	retain current machine-width return pending strict ABI proof	all explicit return values are constants in {0,1}, but the source domain alone does not prove the x86 ABI return width; review STAbiConsistencyAnalyzer evidence: [1, 0]	review	1	1
004B9FA0	TLOBaseTy::GetMessage	local_lifetime	dVar20/mg2	scalar(/dword) -> scalar(/uint)	004BA376:t75553 unsigned_scalar_role operand=0 target=	INT_RIGHT	retain neutral or current storage; require an exact per-use view	separate decompiler merge group; exact_type_votes=1; score=4; sources=[scalar_arithmetic]; one-way call conversion alone is review-only	review	1	1
004B9FA0	TLOBaseTy::GetMessage	local_lifetime	local_18/mg0	pointer(pointer:/SubmarineTitans/Recovered/PointerShapes/RecoveredRecordView_0060EA30_C6688588) -> scalar(/uint)	004BB843:t3933 call_argument operand=0 target=006AAC10	ANALYSIS; direct=006AAC10	unattachable High lifetime is represented by the exact address-stable per-use boundary 004BB843:t3933|006AAC10|0	single receiver-alias lifetime; exact_type_votes=1; score=4; sources=[call_argument]; one-way call conversion alone is review-only; exact call-boundary type is proven, but no same-width transparent p-code path reattaches that argument to one persistent HighSymbol	neutralized	1	1
004B9FA0	TLOBaseTy::GetMessage	local_lifetime	local_80/mg0	pointer(pointer:/TLOBaseTy) -> unknown	004B9FCF:t75675 typed_copy operand=0 target=	DEFAULT	retain neutral or current storage; require an exact per-use view	incompatible exact lifetime types=[pointer:/STAllPlayersC, pointer:/STSprGameObjC, pointer:/TLOBaseTy, pointer:/TLOEmbryoTy]	review	1	1
004B9FA0	TLOBaseTy::GetMessage	local_lifetime	local_EAX_1723/mg0	scalar(/int) -> scalar(/byte)	004BA65B:t7097 call_return operand=-1 target=004049B7	ANALYSIS; direct=004049B7; resolved=004406C0	persistent High lifetime already carries the proposed domain	single undefined local lifetime; exact_type_votes=2; score=22; sources=[call_return, scalar_extension]	resolved	1	1
004B9FA0	TLOBaseTy::GetMessage	local_lifetime	local_EAX_1723/mg0	scalar(/int) -> scalar(/byte)	004BA660:t20371 unsigned_scalar_role operand=0 target=	ANALYSIS	persistent High lifetime already carries the proposed domain	single undefined local lifetime; exact_type_votes=2; score=22; sources=[call_return, scalar_extension]	resolved	1	1
004B9FA0	TLOBaseTy::GetMessage	local_lifetime	local_EAX_1838/mg0	scalar(/int) -> scalar(/byte)	004BA6CE:t7234 call_return operand=-1 target=004049B7	ANALYSIS; direct=004049B7; resolved=004406C0	persistent High lifetime already carries the proposed domain	single undefined local lifetime; exact_type_votes=2; score=22; sources=[call_return, scalar_extension]	resolved	1	1
004B9FA0	TLOBaseTy::GetMessage	local_lifetime	local_EAX_1838/mg0	scalar(/int) -> scalar(/byte)	004BA6D3:t20373 unsigned_scalar_role operand=0 target=	ANALYSIS	persistent High lifetime already carries the proposed domain	single undefined local lifetime; exact_type_votes=2; score=22; sources=[call_return, scalar_extension]	resolved	1	1
004B9FA0	TLOBaseTy::GetMessage	local_lifetime	local_EAX_1886/mg0	scalar(/int) -> scalar(/byte)	004BA6FE:t7285 call_return operand=-1 target=004049B7	ANALYSIS; direct=004049B7; resolved=004406C0	persistent High lifetime already carries the proposed domain	single undefined local lifetime; exact_type_votes=2; score=22; sources=[call_return, scalar_extension]	resolved	1	1
004B9FA0	TLOBaseTy::GetMessage	local_lifetime	local_EAX_1886/mg0	scalar(/int) -> scalar(/byte)	004BA703:t20375 unsigned_scalar_role operand=0 target=	ANALYSIS	persistent High lifetime already carries the proposed domain	single undefined local lifetime; exact_type_votes=2; score=22; sources=[call_return, scalar_extension]	resolved	1	1
004B9FA0	TLOBaseTy::GetMessage	local_lifetime	local_EAX_833/mg0	scalar(/int) -> scalar(/byte)	004BA2E1:t6331 call_return operand=-1 target=004049B7	ANALYSIS; direct=004049B7; resolved=004406C0	persistent High lifetime already carries the proposed domain	single undefined local lifetime; exact_type_votes=2; score=22; sources=[call_return, scalar_extension]	resolved	1	1
004B9FA0	TLOBaseTy::GetMessage	local_lifetime	local_EAX_833/mg0	scalar(/int) -> scalar(/byte)	004BA2E6:t20369 unsigned_scalar_role operand=0 target=	ANALYSIS	persistent High lifetime already carries the proposed domain	single undefined local lifetime; exact_type_votes=2; score=22; sources=[call_return, scalar_extension]	resolved	1	1
004B9FA0	TLOBaseTy::GetMessage	local_lifetime	local_EAX_8505/mg0	scalar(/int) -> scalar(/byte)	004BC0D9:t14576 call_return operand=-1 target=004049B7	ANALYSIS; direct=004049B7; resolved=004406C0	persistent High lifetime already carries the proposed domain	single undefined local lifetime; exact_type_votes=2; score=22; sources=[call_return, scalar_extension]	resolved	1	1
004B9FA0	TLOBaseTy::GetMessage	local_lifetime	local_EAX_8505/mg0	scalar(/int) -> scalar(/byte)	004BC0E1:t20399 unsigned_scalar_role operand=0 target=	ANALYSIS	persistent High lifetime already carries the proposed domain	single undefined local lifetime; exact_type_votes=2; score=22; sources=[call_return, scalar_extension]	resolved	1	1
004B9FA0	TLOBaseTy::GetMessage	local_lifetime	puVar31/mg4	pointer(pointer:/undefined4) -> pointer(pointer:/STT3DSprC)	004BA7B8:t7464 call_argument operand=0 target=00401BAE	ANALYSIS; direct=00401BAE; resolved=004ACE60	retain neutral or current storage; require an exact per-use view	separate decompiler merge group; exact_type_votes=8; score=32; sources=[call_argument]; exact call-boundary type is proven, but no same-width transparent p-code path reattaches that argument to one persistent HighSymbol	review	1	1
004B9FA0	TLOBaseTy::GetMessage	local_lifetime	puVar31/mg4	pointer(pointer:/undefined4) -> pointer(pointer:/STT3DSprC)	004BA7C1:t7471 call_argument operand=0 target=00401BAE	ANALYSIS; direct=00401BAE; resolved=004ACE60	retain neutral or current storage; require an exact per-use view	separate decompiler merge group; exact_type_votes=8; score=32; sources=[call_argument]; exact call-boundary type is proven, but no same-width transparent p-code path reattaches that argument to one persistent HighSymbol	review	1	1
004B9FA0	TLOBaseTy::GetMessage	local_lifetime	puVar31/mg4	pointer(pointer:/undefined4) -> pointer(pointer:/STT3DSprC)	004BA7CA:t7478 call_argument operand=0 target=00401BAE	ANALYSIS; direct=00401BAE; resolved=004ACE60	retain neutral or current storage; require an exact per-use view	separate decompiler merge group; exact_type_votes=8; score=32; sources=[call_argument]; exact call-boundary type is proven, but no same-width transparent p-code path reattaches that argument to one persistent HighSymbol	review	1	1
004B9FA0	TLOBaseTy::GetMessage	local_lifetime	puVar31/mg4	pointer(pointer:/undefined4) -> pointer(pointer:/STT3DSprC)	004BA7D3:t7485 call_argument operand=0 target=00401BAE	ANALYSIS; direct=00401BAE; resolved=004ACE60	retain neutral or current storage; require an exact per-use view	separate decompiler merge group; exact_type_votes=8; score=32; sources=[call_argument]; exact call-boundary type is proven, but no same-width transparent p-code path reattaches that argument to one persistent HighSymbol	review	1	1
004B9FA0	TLOBaseTy::GetMessage	local_lifetime	puVar31/mg4	pointer(pointer:/undefined4) -> pointer(pointer:/STT3DSprC)	004BA7DC:t7492 call_argument operand=0 target=00401BAE	ANALYSIS; direct=00401BAE; resolved=004ACE60	retain neutral or current storage; require an exact per-use view	separate decompiler merge group; exact_type_votes=8; score=32; sources=[call_argument]; exact call-boundary type is proven, but no same-width transparent p-code path reattaches that argument to one persistent HighSymbol	review	1	1
004B9FA0	TLOBaseTy::GetMessage	local_lifetime	puVar31/mg4	pointer(pointer:/undefined4) -> pointer(pointer:/STT3DSprC)	004BA7E5:t7499 call_argument operand=0 target=00401BAE	ANALYSIS; direct=00401BAE; resolved=004ACE60	retain neutral or current storage; require an exact per-use view	separate decompiler merge group; exact_type_votes=8; score=32; sources=[call_argument]; exact call-boundary type is proven, but no same-width transparent p-code path reattaches that argument to one persistent HighSymbol	review	1	1
004B9FA0	TLOBaseTy::GetMessage	local_lifetime	puVar31/mg4	pointer(pointer:/undefined4) -> pointer(pointer:/STT3DSprC)	004BA7EE:t7506 call_argument operand=0 target=00401BAE	ANALYSIS; direct=00401BAE; resolved=004ACE60	retain neutral or current storage; require an exact per-use view	separate decompiler merge group; exact_type_votes=8; score=32; sources=[call_argument]; exact call-boundary type is proven, but no same-width transparent p-code path reattaches that argument to one persistent HighSymbol	review	1	1
004B9FA0	TLOBaseTy::GetMessage	local_lifetime	puVar31/mg4	pointer(pointer:/undefined4) -> pointer(pointer:/STT3DSprC)	004BA80A:t7528 call_argument operand=0 target=0040116D	ANALYSIS; direct=0040116D; resolved=004ACE30	retain neutral or current storage; require an exact per-use view	separate decompiler merge group; exact_type_votes=8; score=32; sources=[call_argument]; exact call-boundary type is proven, but no same-width transparent p-code path reattaches that argument to one persistent HighSymbol	review	1	1
004B9FA0	TLOBaseTy::GetMessage	local_lifetime	uVar27/mg5	scalar(/uint) -> unknown	004BAC58:t8643 call_return operand=-1 target=004052CC	ANALYSIS; direct=004052CC; resolved=004AD650	retain neutral or current storage; require an exact per-use view	incompatible exact lifetime types=[/int, /uint]	review	1	1
004B9FA0	TLOBaseTy::GetMessage	local_lifetime	uVar27/mg6	scalar(/uint) -> unknown	004BAC74:t8672 call_return operand=-1 target=004052CC	ANALYSIS; direct=004052CC; resolved=004AD650	retain neutral or current storage; require an exact per-use view	incompatible exact lifetime types=[/int, /uint]	review	1	1
004B9FA0	TLOBaseTy::GetMessage	local_lifetime	uVar27/mg7	scalar(/uint) -> unknown	004BAC90:t8701 call_return operand=-1 target=004052CC	ANALYSIS; direct=004052CC; resolved=004AD650	retain neutral or current storage; require an exact per-use view	incompatible exact lifetime types=[/int, /uint]	review	1	1
004B9FA0		unattachable_call_argument_lifetime	generated per-use lifetime	anchors=004BB843:t3933; target=006AAC10; operand=0; locals=local_18; transition=pointer:/SubmarineTitans/Recovered/PointerShapes/RecoveredRecordView_0060EA30_C6688588 -> /uint	verified by the matching Ghidra analyzer/export evidence	source audit kind=exact_machine_lifetime_call_view	exact source-only lifetime/view; Program ABI unchanged	Ghidra cannot persist this split without merging unrelated machine lifetimes	neutralized	1	1
004BE500	TLOBaseTy::SetActivity	local_lifetime	local_EAX_123/mg0	scalar(/int) -> scalar(/byte)	004BE57B:t141 call_return operand=-1 target=004049B7	ANALYSIS; direct=004049B7; resolved=004406C0	persistent High lifetime already carries the proposed domain	single undefined local lifetime; exact_type_votes=2; score=22; sources=[call_return, scalar_extension]	resolved	1	1
004BE500	TLOBaseTy::SetActivity	local_lifetime	local_EAX_123/mg0	scalar(/int) -> scalar(/byte)	004BE580:t494 unsigned_scalar_role operand=0 target=	ANALYSIS	persistent High lifetime already carries the proposed domain	single undefined local lifetime; exact_type_votes=2; score=22; sources=[call_return, scalar_extension]	resolved	1	1
004BE500	TLOBaseTy::SetActivity	local_lifetime	uVar5/mg0	scalar(/int) -> scalar(/byte)	004BE5BF:t222 call_return operand=-1 target=004049B7	ANALYSIS; direct=004049B7; resolved=004406C0	persistent High lifetime already carries the proposed domain	single undefined local lifetime; exact_type_votes=2; score=22; sources=[call_return, scalar_extension]	resolved	1	1
004BE500	TLOBaseTy::SetActivity	local_lifetime	uVar5/mg0	scalar(/int) -> scalar(/byte)	004BE5C4:t498 unsigned_scalar_role operand=0 target=	ANALYSIS	persistent High lifetime already carries the proposed domain	single undefined local lifetime; exact_type_votes=2; score=22; sources=[call_return, scalar_extension]	resolved	1	1
004BEA70	TLOBaseTy::sub_004BEA70	local_lifetime	local_EAX_1167/mg0	scalar(/int) -> scalar(/byte)	004BEEFF:t5524 call_return operand=-1 target=004049B7	ANALYSIS; direct=004049B7; resolved=004406C0	persistent High lifetime already carries the proposed domain	single undefined local lifetime; exact_type_votes=2; score=22; sources=[call_return, scalar_extension]	resolved	1	1
004BEA70	TLOBaseTy::sub_004BEA70	local_lifetime	local_EAX_1167/mg0	scalar(/int) -> scalar(/byte)	004BEF04:t17403 unsigned_scalar_role operand=0 target=	ANALYSIS	persistent High lifetime already carries the proposed domain	single undefined local lifetime; exact_type_votes=2; score=22; sources=[call_return, scalar_extension]	resolved	1	1
004BEA70	TLOBaseTy::sub_004BEA70	local_lifetime	local_EAX_1349/mg0	scalar(/int) -> scalar(/byte)	004BEFB5:t4764 call_return operand=-1 target=004049B7	ANALYSIS; direct=004049B7; resolved=004406C0	persistent High lifetime already carries the proposed domain	single undefined local lifetime; exact_type_votes=2; score=22; sources=[call_return, scalar_extension]	resolved	1	1
004BEA70	TLOBaseTy::sub_004BEA70	local_lifetime	local_EAX_1349/mg0	scalar(/int) -> scalar(/byte)	004BEFBA:t17407 unsigned_scalar_role operand=0 target=	ANALYSIS	persistent High lifetime already carries the proposed domain	single undefined local lifetime; exact_type_votes=2; score=22; sources=[call_return, scalar_extension]	resolved	1	1
004BEA70	TLOBaseTy::sub_004BEA70	local_lifetime	local_EAX_1496/mg0	scalar(/int) -> scalar(/byte)	004BF048:t4924 call_return operand=-1 target=004049B7	ANALYSIS; direct=004049B7; resolved=004406C0	persistent High lifetime already carries the proposed domain	single undefined local lifetime; exact_type_votes=2; score=22; sources=[call_return, scalar_extension]	resolved	1	1
004BEA70	TLOBaseTy::sub_004BEA70	local_lifetime	local_EAX_1496/mg0	scalar(/int) -> scalar(/byte)	004BF04D:t17411 unsigned_scalar_role operand=0 target=	ANALYSIS	persistent High lifetime already carries the proposed domain	single undefined local lifetime; exact_type_votes=2; score=22; sources=[call_return, scalar_extension]	resolved	1	1
004BEA70	TLOBaseTy::sub_004BEA70	local_lifetime	local_EAX_1613/mg0	scalar(/int) -> scalar(/byte)	004BF0BD:t6641 call_return operand=-1 target=004049B7	ANALYSIS; direct=004049B7; resolved=004406C0	persistent High lifetime already carries the proposed domain	single undefined local lifetime; exact_type_votes=2; score=22; sources=[call_return, scalar_extension]	resolved	1	1
004BEA70	TLOBaseTy::sub_004BEA70	local_lifetime	local_EAX_1613/mg0	scalar(/int) -> scalar(/byte)	004BF0C2:t17415 unsigned_scalar_role operand=0 target=	ANALYSIS	persistent High lifetime already carries the proposed domain	single undefined local lifetime; exact_type_votes=2; score=22; sources=[call_return, scalar_extension]	resolved	1	1
004BEA70	TLOBaseTy::sub_004BEA70	local_lifetime	local_EAX_1739/mg0	scalar(/int) -> scalar(/byte)	004BF13B:t5056 call_return operand=-1 target=004049B7	ANALYSIS; direct=004049B7; resolved=004406C0	persistent High lifetime already carries the proposed domain	single undefined local lifetime; exact_type_votes=2; score=22; sources=[call_return, scalar_extension]	resolved	1	1
004BEA70	TLOBaseTy::sub_004BEA70	local_lifetime	local_EAX_1739/mg0	scalar(/int) -> scalar(/byte)	004BF140:t17419 unsigned_scalar_role operand=0 target=	ANALYSIS	persistent High lifetime already carries the proposed domain	single undefined local lifetime; exact_type_votes=2; score=22; sources=[call_return, scalar_extension]	resolved	1	1
004BEA70	TLOBaseTy::sub_004BEA70	local_lifetime	local_EAX_1848/mg0	scalar(/int) -> scalar(/byte)	004BF1A8:t5147 call_return operand=-1 target=004049B7	ANALYSIS; direct=004049B7; resolved=004406C0	persistent High lifetime already carries the proposed domain	single undefined local lifetime; exact_type_votes=2; score=22; sources=[call_return, scalar_extension]	resolved	1	1
004BEA70	TLOBaseTy::sub_004BEA70	local_lifetime	local_EAX_1848/mg0	scalar(/int) -> scalar(/byte)	004BF1AD:t17423 unsigned_scalar_role operand=0 target=	ANALYSIS	persistent High lifetime already carries the proposed domain	single undefined local lifetime; exact_type_votes=2; score=22; sources=[call_return, scalar_extension]	resolved	1	1
004BEA70	TLOBaseTy::sub_004BEA70	local_lifetime	local_EAX_1973/mg0	scalar(/int) -> scalar(/byte)	004BF225:t5751 call_return operand=-1 target=004049B7	ANALYSIS; direct=004049B7; resolved=004406C0	persistent High lifetime already carries the proposed domain	single undefined local lifetime; exact_type_votes=2; score=22; sources=[call_return, scalar_extension]	resolved	1	1
004BEA70	TLOBaseTy::sub_004BEA70	local_lifetime	local_EAX_1973/mg0	scalar(/int) -> scalar(/byte)	004BF22A:t17427 unsigned_scalar_role operand=0 target=	ANALYSIS	persistent High lifetime already carries the proposed domain	single undefined local lifetime; exact_type_votes=2; score=22; sources=[call_return, scalar_extension]	resolved	1	1
004BEA70	TLOBaseTy::sub_004BEA70	local_lifetime	local_EAX_2098/mg0	scalar(/int) -> scalar(/byte)	004BF2A2:t6429 call_return operand=-1 target=004049B7	ANALYSIS; direct=004049B7; resolved=004406C0	persistent High lifetime already carries the proposed domain	single undefined local lifetime; exact_type_votes=2; score=22; sources=[call_return, scalar_extension]	resolved	1	1
004BEA70	TLOBaseTy::sub_004BEA70	local_lifetime	local_EAX_2098/mg0	scalar(/int) -> scalar(/byte)	004BF2A7:t17431 unsigned_scalar_role operand=0 target=	ANALYSIS	persistent High lifetime already carries the proposed domain	single undefined local lifetime; exact_type_votes=2; score=22; sources=[call_return, scalar_extension]	resolved	1	1
004BEA70	TLOBaseTy::sub_004BEA70	local_lifetime	local_EAX_2207/mg0	scalar(/int) -> scalar(/byte)	004BF30F:t6535 call_return operand=-1 target=004049B7	ANALYSIS; direct=004049B7; resolved=004406C0	persistent High lifetime already carries the proposed domain	single undefined local lifetime; exact_type_votes=2; score=22; sources=[call_return, scalar_extension]	resolved	1	1
004BEA70	TLOBaseTy::sub_004BEA70	local_lifetime	local_EAX_2207/mg0	scalar(/int) -> scalar(/byte)	004BF314:t17435 unsigned_scalar_role operand=0 target=	ANALYSIS	persistent High lifetime already carries the proposed domain	single undefined local lifetime; exact_type_votes=2; score=22; sources=[call_return, scalar_extension]	resolved	1	1
004BEA70	TLOBaseTy::sub_004BEA70	local_lifetime	local_EAX_2318/mg0	scalar(/int) -> scalar(/byte)	004BF37E:t6759 call_return operand=-1 target=004049B7	ANALYSIS; direct=004049B7; resolved=004406C0	persistent High lifetime already carries the proposed domain	single undefined local lifetime; exact_type_votes=2; score=22; sources=[call_return, scalar_extension]	resolved	1	1
004BEA70	TLOBaseTy::sub_004BEA70	local_lifetime	local_EAX_2318/mg0	scalar(/int) -> scalar(/byte)	004BF383:t17439 unsigned_scalar_role operand=0 target=	ANALYSIS	persistent High lifetime already carries the proposed domain	single undefined local lifetime; exact_type_votes=2; score=22; sources=[call_return, scalar_extension]	resolved	1	1
004BEA70	TLOBaseTy::sub_004BEA70	local_lifetime	local_EAX_2427/mg0	scalar(/int) -> scalar(/byte)	004BF3EB:t6865 call_return operand=-1 target=004049B7	ANALYSIS; direct=004049B7; resolved=004406C0	persistent High lifetime already carries the proposed domain	single undefined local lifetime; exact_type_votes=2; score=22; sources=[call_return, scalar_extension]	resolved	1	1
004BEA70	TLOBaseTy::sub_004BEA70	local_lifetime	local_EAX_2427/mg0	scalar(/int) -> scalar(/byte)	004BF3F0:t17443 unsigned_scalar_role operand=0 target=	ANALYSIS	persistent High lifetime already carries the proposed domain	single undefined local lifetime; exact_type_votes=2; score=22; sources=[call_return, scalar_extension]	resolved	1	1
004BEA70	TLOBaseTy::sub_004BEA70	local_lifetime	local_EAX_2535/mg0	scalar(/int) -> scalar(/byte)	004BF457:t6975 call_return operand=-1 target=004049B7	ANALYSIS; direct=004049B7; resolved=004406C0	persistent High lifetime already carries the proposed domain	single undefined local lifetime; exact_type_votes=2; score=22; sources=[call_return, scalar_extension]	resolved	1	1
004BEA70	TLOBaseTy::sub_004BEA70	local_lifetime	local_EAX_2535/mg0	scalar(/int) -> scalar(/byte)	004BF45C:t17447 unsigned_scalar_role operand=0 target=	ANALYSIS	persistent High lifetime already carries the proposed domain	single undefined local lifetime; exact_type_votes=2; score=22; sources=[call_return, scalar_extension]	resolved	1	1
004BEA70	TLOBaseTy::sub_004BEA70	local_lifetime	local_EAX_2652/mg0	scalar(/int) -> scalar(/byte)	004BF4CC:t5267 call_return operand=-1 target=004049B7	ANALYSIS; direct=004049B7; resolved=004406C0	persistent High lifetime already carries the proposed domain	single undefined local lifetime; exact_type_votes=2; score=22; sources=[call_return, scalar_extension]	resolved	1	1
004BEA70	TLOBaseTy::sub_004BEA70	local_lifetime	local_EAX_2652/mg0	scalar(/int) -> scalar(/byte)	004BF4D1:t17451 unsigned_scalar_role operand=0 target=	ANALYSIS	persistent High lifetime already carries the proposed domain	single undefined local lifetime; exact_type_votes=2; score=22; sources=[call_return, scalar_extension]	resolved	1	1
004BEA70	TLOBaseTy::sub_004BEA70	local_lifetime	local_EAX_2781/mg0	scalar(/int) -> scalar(/byte)	004BF54D:t5406 call_return operand=-1 target=004049B7	ANALYSIS; direct=004049B7; resolved=004406C0	persistent High lifetime already carries the proposed domain	single undefined local lifetime; exact_type_votes=2; score=22; sources=[call_return, scalar_extension]	resolved	1	1
004BEA70	TLOBaseTy::sub_004BEA70	local_lifetime	local_EAX_2781/mg0	scalar(/int) -> scalar(/byte)	004BF552:t17455 unsigned_scalar_role operand=0 target=	ANALYSIS	persistent High lifetime already carries the proposed domain	single undefined local lifetime; exact_type_votes=2; score=22; sources=[call_return, scalar_extension]	resolved	1	1
004BEA70	TLOBaseTy::sub_004BEA70	local_lifetime	local_EAX_2898/mg0	scalar(/int) -> scalar(/byte)	004BF5C2:t5871 call_return operand=-1 target=004049B7	ANALYSIS; direct=004049B7; resolved=004406C0	persistent High lifetime already carries the proposed domain	single undefined local lifetime; exact_type_votes=2; score=22; sources=[call_return, scalar_extension]	resolved	1	1
004BEA70	TLOBaseTy::sub_004BEA70	local_lifetime	local_EAX_2898/mg0	scalar(/int) -> scalar(/byte)	004BF5C7:t17459 unsigned_scalar_role operand=0 target=	ANALYSIS	persistent High lifetime already carries the proposed domain	single undefined local lifetime; exact_type_votes=2; score=22; sources=[call_return, scalar_extension]	resolved	1	1
004BEA70	TLOBaseTy::sub_004BEA70	local_lifetime	local_EAX_3027/mg0	scalar(/int) -> scalar(/byte)	004BF643:t6010 call_return operand=-1 target=004049B7	ANALYSIS; direct=004049B7; resolved=004406C0	persistent High lifetime already carries the proposed domain	single undefined local lifetime; exact_type_votes=2; score=22; sources=[call_return, scalar_extension]	resolved	1	1
004BEA70	TLOBaseTy::sub_004BEA70	local_lifetime	local_EAX_3027/mg0	scalar(/int) -> scalar(/byte)	004BF648:t17463 unsigned_scalar_role operand=0 target=	ANALYSIS	persistent High lifetime already carries the proposed domain	single undefined local lifetime; exact_type_votes=2; score=22; sources=[call_return, scalar_extension]	resolved	1	1
004BEA70	TLOBaseTy::sub_004BEA70	local_lifetime	local_EAX_3144/mg0	scalar(/int) -> scalar(/byte)	004BF6B8:t5643 call_return operand=-1 target=004049B7	ANALYSIS; direct=004049B7; resolved=004406C0	persistent High lifetime already carries the proposed domain	single undefined local lifetime; exact_type_votes=2; score=22; sources=[call_return, scalar_extension]	resolved	1	1
004BEA70	TLOBaseTy::sub_004BEA70	local_lifetime	local_EAX_3144/mg0	scalar(/int) -> scalar(/byte)	004BF6BD:t17467 unsigned_scalar_role operand=0 target=	ANALYSIS	persistent High lifetime already carries the proposed domain	single undefined local lifetime; exact_type_votes=2; score=22; sources=[call_return, scalar_extension]	resolved	1	1
004BEA70	TLOBaseTy::sub_004BEA70	local_lifetime	local_EAX_3286/mg0	scalar(/int) -> scalar(/byte)	004BF746:t6142 call_return operand=-1 target=004049B7	ANALYSIS; direct=004049B7; resolved=004406C0	persistent High lifetime already carries the proposed domain	single undefined local lifetime; exact_type_votes=2; score=22; sources=[call_return, scalar_extension]	resolved	1	1
004BEA70	TLOBaseTy::sub_004BEA70	local_lifetime	local_EAX_3286/mg0	scalar(/int) -> scalar(/byte)	004BF74B:t17471 unsigned_scalar_role operand=0 target=	ANALYSIS	persistent High lifetime already carries the proposed domain	single undefined local lifetime; exact_type_votes=2; score=22; sources=[call_return, scalar_extension]	resolved	1	1
004BEA70	TLOBaseTy::sub_004BEA70	local_lifetime	local_EAX_3424/mg0	scalar(/int) -> scalar(/byte)	004BF7D0:t6324 call_return operand=-1 target=004049B7	ANALYSIS; direct=004049B7; resolved=004406C0	persistent High lifetime already carries the proposed domain	single undefined local lifetime; exact_type_votes=2; score=22; sources=[call_return, scalar_extension]	resolved	1	1
004BEA70	TLOBaseTy::sub_004BEA70	local_lifetime	local_EAX_3424/mg0	scalar(/int) -> scalar(/byte)	004BF7D5:t17475 unsigned_scalar_role operand=0 target=	ANALYSIS	persistent High lifetime already carries the proposed domain	single undefined local lifetime; exact_type_votes=2; score=22; sources=[call_return, scalar_extension]	resolved	1	1
004BEA70	TLOBaseTy::sub_004BEA70	local_lifetime	local_EAX_3527/mg0	scalar(/int) -> scalar(/byte)	004BF837:t3694 call_return operand=-1 target=004049B7	ANALYSIS; direct=004049B7; resolved=004406C0	persistent High lifetime already carries the proposed domain	single undefined local lifetime; exact_type_votes=2; score=22; sources=[call_return, scalar_extension]	resolved	1	1
004BEA70	TLOBaseTy::sub_004BEA70	local_lifetime	local_EAX_3527/mg0	scalar(/int) -> scalar(/byte)	004BF83C:t17479 unsigned_scalar_role operand=0 target=	ANALYSIS	persistent High lifetime already carries the proposed domain	single undefined local lifetime; exact_type_votes=2; score=22; sources=[call_return, scalar_extension]	resolved	1	1
004BEA70	TLOBaseTy::sub_004BEA70	local_lifetime	local_EAX_3635/mg0	scalar(/int) -> scalar(/byte)	004BF8A3:t3804 call_return operand=-1 target=004049B7	ANALYSIS; direct=004049B7; resolved=004406C0	persistent High lifetime already carries the proposed domain	single undefined local lifetime; exact_type_votes=2; score=22; sources=[call_return, scalar_extension]	resolved	1	1
004BEA70	TLOBaseTy::sub_004BEA70	local_lifetime	local_EAX_3635/mg0	scalar(/int) -> scalar(/byte)	004BF8A8:t17483 unsigned_scalar_role operand=0 target=	ANALYSIS	persistent High lifetime already carries the proposed domain	single undefined local lifetime; exact_type_votes=2; score=22; sources=[call_return, scalar_extension]	resolved	1	1
004BEA70	TLOBaseTy::sub_004BEA70	local_lifetime	local_EAX_3752/mg0	scalar(/int) -> scalar(/byte)	004BF918:t3246 call_return operand=-1 target=004049B7	ANALYSIS; direct=004049B7; resolved=004406C0	persistent High lifetime already carries the proposed domain	single undefined local lifetime; exact_type_votes=2; score=22; sources=[call_return, scalar_extension]	resolved	1	1
004BEA70	TLOBaseTy::sub_004BEA70	local_lifetime	local_EAX_3752/mg0	scalar(/int) -> scalar(/byte)	004BF91D:t17487 unsigned_scalar_role operand=0 target=	ANALYSIS	persistent High lifetime already carries the proposed domain	single undefined local lifetime; exact_type_votes=2; score=22; sources=[call_return, scalar_extension]	resolved	1	1
004BEA70	TLOBaseTy::sub_004BEA70	local_lifetime	local_EAX_3860/mg0	scalar(/int) -> scalar(/byte)	004BF984:t3356 call_return operand=-1 target=004049B7	ANALYSIS; direct=004049B7; resolved=004406C0	persistent High lifetime already carries the proposed domain	single undefined local lifetime; exact_type_votes=2; score=22; sources=[call_return, scalar_extension]	resolved	1	1
004BEA70	TLOBaseTy::sub_004BEA70	local_lifetime	local_EAX_3860/mg0	scalar(/int) -> scalar(/byte)	004BF989:t17491 unsigned_scalar_role operand=0 target=	ANALYSIS	persistent High lifetime already carries the proposed domain	single undefined local lifetime; exact_type_votes=2; score=22; sources=[call_return, scalar_extension]	resolved	1	1
004BEA70	TLOBaseTy::sub_004BEA70	local_lifetime	local_EAX_4004/mg0	scalar(/int) -> scalar(/byte)	004BFA14:t3552 call_return operand=-1 target=004049B7	ANALYSIS; direct=004049B7; resolved=004406C0	persistent High lifetime already carries the proposed domain	single undefined local lifetime; exact_type_votes=2; score=22; sources=[call_return, scalar_extension]	resolved	1	1
004BEA70	TLOBaseTy::sub_004BEA70	local_lifetime	local_EAX_4004/mg0	scalar(/int) -> scalar(/byte)	004BFA19:t17495 unsigned_scalar_role operand=0 target=	ANALYSIS	persistent High lifetime already carries the proposed domain	single undefined local lifetime; exact_type_votes=2; score=22; sources=[call_return, scalar_extension]	resolved	1	1
004BEA70	TLOBaseTy::sub_004BEA70	local_lifetime	local_EAX_4145/mg0	scalar(/int) -> scalar(/byte)	004BFAA1:t1557 call_return operand=-1 target=004049B7	ANALYSIS; direct=004049B7; resolved=004406C0	persistent High lifetime already carries the proposed domain	single undefined local lifetime; exact_type_votes=2; score=22; sources=[call_return, scalar_extension]	resolved	1	1
004BEA70	TLOBaseTy::sub_004BEA70	local_lifetime	local_EAX_4145/mg0	scalar(/int) -> scalar(/byte)	004BFAA6:t17499 unsigned_scalar_role operand=0 target=	ANALYSIS	persistent High lifetime already carries the proposed domain	single undefined local lifetime; exact_type_votes=2; score=22; sources=[call_return, scalar_extension]	resolved	1	1
004BEA70	TLOBaseTy::sub_004BEA70	local_lifetime	local_EAX_4267/mg0	scalar(/int) -> scalar(/byte)	004BFB1B:t1677 call_return operand=-1 target=004049B7	ANALYSIS; direct=004049B7; resolved=004406C0	persistent High lifetime already carries the proposed domain	single undefined local lifetime; exact_type_votes=2; score=22; sources=[call_return, scalar_extension]	resolved	1	1
004BEA70	TLOBaseTy::sub_004BEA70	local_lifetime	local_EAX_4267/mg0	scalar(/int) -> scalar(/byte)	004BFB20:t17503 unsigned_scalar_role operand=0 target=	ANALYSIS	persistent High lifetime already carries the proposed domain	single undefined local lifetime; exact_type_votes=2; score=22; sources=[call_return, scalar_extension]	resolved	1	1
004BEA70	TLOBaseTy::sub_004BEA70	local_lifetime	local_EAX_4382/mg0	scalar(/int) -> scalar(/byte)	004BFB8E:t2908 call_return operand=-1 target=004049B7	ANALYSIS; direct=004049B7; resolved=004406C0	persistent High lifetime already carries the proposed domain	single undefined local lifetime; exact_type_votes=2; score=22; sources=[call_return, scalar_extension]	resolved	1	1
004BEA70	TLOBaseTy::sub_004BEA70	local_lifetime	local_EAX_4382/mg0	scalar(/int) -> scalar(/byte)	004BFB93:t17507 unsigned_scalar_role operand=0 target=	ANALYSIS	persistent High lifetime already carries the proposed domain	single undefined local lifetime; exact_type_votes=2; score=22; sources=[call_return, scalar_extension]	resolved	1	1
004BEA70	TLOBaseTy::sub_004BEA70	local_lifetime	local_EAX_4490/mg0	scalar(/int) -> scalar(/byte)	004BFBFA:t3018 call_return operand=-1 target=004049B7	ANALYSIS; direct=004049B7; resolved=004406C0	persistent High lifetime already carries the proposed domain	single undefined local lifetime; exact_type_votes=2; score=22; sources=[call_return, scalar_extension]	resolved	1	1
004BEA70	TLOBaseTy::sub_004BEA70	local_lifetime	local_EAX_4490/mg0	scalar(/int) -> scalar(/byte)	004BFBFF:t17511 unsigned_scalar_role operand=0 target=	ANALYSIS	persistent High lifetime already carries the proposed domain	single undefined local lifetime; exact_type_votes=2; score=22; sources=[call_return, scalar_extension]	resolved	1	1
004BEA70	TLOBaseTy::sub_004BEA70	local_lifetime	local_EAX_4607/mg0	scalar(/int) -> scalar(/byte)	004BFC6F:t2321 call_return operand=-1 target=004049B7	ANALYSIS; direct=004049B7; resolved=004406C0	persistent High lifetime already carries the proposed domain	single undefined local lifetime; exact_type_votes=2; score=22; sources=[call_return, scalar_extension]	resolved	1	1
004BEA70	TLOBaseTy::sub_004BEA70	local_lifetime	local_EAX_4607/mg0	scalar(/int) -> scalar(/byte)	004BFC74:t17515 unsigned_scalar_role operand=0 target=	ANALYSIS	persistent High lifetime already carries the proposed domain	single undefined local lifetime; exact_type_votes=2; score=22; sources=[call_return, scalar_extension]	resolved	1	1
004BEA70	TLOBaseTy::sub_004BEA70	local_lifetime	local_EAX_4716/mg0	scalar(/int) -> scalar(/byte)	004BFCDC:t2764 call_return operand=-1 target=004049B7	ANALYSIS; direct=004049B7; resolved=004406C0	persistent High lifetime already carries the proposed domain	single undefined local lifetime; exact_type_votes=2; score=22; sources=[call_return, scalar_extension]	resolved	1	1
004BEA70	TLOBaseTy::sub_004BEA70	local_lifetime	local_EAX_4716/mg0	scalar(/int) -> scalar(/byte)	004BFCE1:t17519 unsigned_scalar_role operand=0 target=	ANALYSIS	persistent High lifetime already carries the proposed domain	single undefined local lifetime; exact_type_votes=2; score=22; sources=[call_return, scalar_extension]	resolved	1	1
004BEA70	TLOBaseTy::sub_004BEA70	local_lifetime	local_EAX_4838/mg0	scalar(/int) -> scalar(/byte)	004BFD56:t2426 call_return operand=-1 target=004049B7	ANALYSIS; direct=004049B7; resolved=004406C0	persistent High lifetime already carries the proposed domain	single undefined local lifetime; exact_type_votes=2; score=22; sources=[call_return, scalar_extension]	resolved	1	1
004BEA70	TLOBaseTy::sub_004BEA70	local_lifetime	local_EAX_4838/mg0	scalar(/int) -> scalar(/byte)	004BFD5B:t17523 unsigned_scalar_role operand=0 target=	ANALYSIS	persistent High lifetime already carries the proposed domain	single undefined local lifetime; exact_type_votes=2; score=22; sources=[call_return, scalar_extension]	resolved	1	1
004BEA70	TLOBaseTy::sub_004BEA70	local_lifetime	local_EAX_4947/mg0	scalar(/int) -> scalar(/byte)	004BFDC3:t3137 call_return operand=-1 target=004049B7	ANALYSIS; direct=004049B7; resolved=004406C0	persistent High lifetime already carries the proposed domain	single undefined local lifetime; exact_type_votes=2; score=22; sources=[call_return, scalar_extension]	resolved	1	1
004BEA70	TLOBaseTy::sub_004BEA70	local_lifetime	local_EAX_4947/mg0	scalar(/int) -> scalar(/byte)	004BFDC8:t17527 unsigned_scalar_role operand=0 target=	ANALYSIS	persistent High lifetime already carries the proposed domain	single undefined local lifetime; exact_type_votes=2; score=22; sources=[call_return, scalar_extension]	resolved	1	1
004BEA70	TLOBaseTy::sub_004BEA70	local_lifetime	local_EAX_5062/mg0	scalar(/int) -> scalar(/byte)	004BFE36:t2200 call_return operand=-1 target=004049B7	ANALYSIS; direct=004049B7; resolved=004406C0	persistent High lifetime already carries the proposed domain	single undefined local lifetime; exact_type_votes=2; score=22; sources=[call_return, scalar_extension]	resolved	1	1
004BEA70	TLOBaseTy::sub_004BEA70	local_lifetime	local_EAX_5062/mg0	scalar(/int) -> scalar(/byte)	004BFE3B:t17531 unsigned_scalar_role operand=0 target=	ANALYSIS	persistent High lifetime already carries the proposed domain	single undefined local lifetime; exact_type_votes=2; score=22; sources=[call_return, scalar_extension]	resolved	1	1
004BEA70	TLOBaseTy::sub_004BEA70	local_lifetime	local_EAX_5177/mg0	scalar(/int) -> scalar(/byte)	004BFEA9:t1786 call_return operand=-1 target=004049B7	ANALYSIS; direct=004049B7; resolved=004406C0	persistent High lifetime already carries the proposed domain	single undefined local lifetime; exact_type_votes=2; score=22; sources=[call_return, scalar_extension]	resolved	1	1
004BEA70	TLOBaseTy::sub_004BEA70	local_lifetime	local_EAX_5177/mg0	scalar(/int) -> scalar(/byte)	004BFEAE:t17535 unsigned_scalar_role operand=0 target=	ANALYSIS	persistent High lifetime already carries the proposed domain	single undefined local lifetime; exact_type_votes=2; score=22; sources=[call_return, scalar_extension]	resolved	1	1
004BEA70	TLOBaseTy::sub_004BEA70	local_lifetime	local_EAX_5305/mg0	scalar(/int) -> scalar(/byte)	004BFF29:t1923 call_return operand=-1 target=004049B7	ANALYSIS; direct=004049B7; resolved=004406C0	persistent High lifetime already carries the proposed domain	single undefined local lifetime; exact_type_votes=2; score=22; sources=[call_return, scalar_extension]	resolved	1	1
004BEA70	TLOBaseTy::sub_004BEA70	local_lifetime	local_EAX_5305/mg0	scalar(/int) -> scalar(/byte)	004BFF2E:t17539 unsigned_scalar_role operand=0 target=	ANALYSIS	persistent High lifetime already carries the proposed domain	single undefined local lifetime; exact_type_votes=2; score=22; sources=[call_return, scalar_extension]	resolved	1	1
004BEA70	TLOBaseTy::sub_004BEA70	local_lifetime	local_EAX_5423/mg0	scalar(/int) -> scalar(/byte)	004BFF9F:t2046 call_return operand=-1 target=004049B7	ANALYSIS; direct=004049B7; resolved=004406C0	persistent High lifetime already carries the proposed domain	single undefined local lifetime; exact_type_votes=2; score=22; sources=[call_return, scalar_extension]	resolved	1	1
004BEA70	TLOBaseTy::sub_004BEA70	local_lifetime	local_EAX_5423/mg0	scalar(/int) -> scalar(/byte)	004BFFA4:t17543 unsigned_scalar_role operand=0 target=	ANALYSIS	persistent High lifetime already carries the proposed domain	single undefined local lifetime; exact_type_votes=2; score=22; sources=[call_return, scalar_extension]	resolved	1	1
004BEA70	TLOBaseTy::sub_004BEA70	local_lifetime	local_EAX_5552/mg0	scalar(/int) -> scalar(/byte)	004C0020:t1093 call_return operand=-1 target=004049B7	ANALYSIS; direct=004049B7; resolved=004406C0	persistent High lifetime already carries the proposed domain	single undefined local lifetime; exact_type_votes=2; score=22; sources=[call_return, scalar_extension]	resolved	1	1
004BEA70	TLOBaseTy::sub_004BEA70	local_lifetime	local_EAX_5552/mg0	scalar(/int) -> scalar(/byte)	004C0025:t17547 unsigned_scalar_role operand=0 target=	ANALYSIS	persistent High lifetime already carries the proposed domain	single undefined local lifetime; exact_type_votes=2; score=22; sources=[call_return, scalar_extension]	resolved	1	1
004BEA70	TLOBaseTy::sub_004BEA70	local_lifetime	local_EAX_5828/mg0	scalar(/int) -> scalar(/byte)	004C0134:t2535 call_return operand=-1 target=004049B7	ANALYSIS; direct=004049B7; resolved=004406C0	persistent High lifetime already carries the proposed domain	single undefined local lifetime; exact_type_votes=2; score=22; sources=[call_return, scalar_extension]	resolved	1	1
004BEA70	TLOBaseTy::sub_004BEA70	local_lifetime	local_EAX_5828/mg0	scalar(/int) -> scalar(/byte)	004C0139:t17555 unsigned_scalar_role operand=0 target=	ANALYSIS	persistent High lifetime already carries the proposed domain	single undefined local lifetime; exact_type_votes=2; score=22; sources=[call_return, scalar_extension]	resolved	1	1
004BEA70	TLOBaseTy::sub_004BEA70	local_lifetime	local_EAX_5936/mg0	scalar(/int) -> scalar(/byte)	004C01A0:t2645 call_return operand=-1 target=004049B7	ANALYSIS; direct=004049B7; resolved=004406C0	persistent High lifetime already carries the proposed domain	single undefined local lifetime; exact_type_votes=2; score=22; sources=[call_return, scalar_extension]	resolved	1	1
004BEA70	TLOBaseTy::sub_004BEA70	local_lifetime	local_EAX_5936/mg0	scalar(/int) -> scalar(/byte)	004C01A5:t17559 unsigned_scalar_role operand=0 target=	ANALYSIS	persistent High lifetime already carries the proposed domain	single undefined local lifetime; exact_type_votes=2; score=22; sources=[call_return, scalar_extension]	resolved	1	1
004BEA70	TLOBaseTy::sub_004BEA70	local_lifetime	local_EAX_770/mg0	scalar(/int) -> scalar(/byte)	004BED72:t4159 call_return operand=-1 target=004049B7	ANALYSIS; direct=004049B7; resolved=004406C0	persistent High lifetime already carries the proposed domain	single undefined local lifetime; exact_type_votes=2; score=22; sources=[call_return, scalar_extension]	resolved	1	1
004BEA70	TLOBaseTy::sub_004BEA70	local_lifetime	local_EAX_770/mg0	scalar(/int) -> scalar(/byte)	004BED77:t17401 unsigned_scalar_role operand=0 target=	ANALYSIS	persistent High lifetime already carries the proposed domain	single undefined local lifetime; exact_type_votes=2; score=22; sources=[call_return, scalar_extension]	resolved	1	1
004BEA70	TLOBaseTy::sub_004BEA70	local_lifetime	uVar13/mg0	scalar(/int) -> scalar(/byte)	004C008C:t1202 call_return operand=-1 target=004049B7	ANALYSIS; direct=004049B7; resolved=004406C0	persistent High lifetime already carries the proposed domain	single undefined local lifetime; exact_type_votes=2; score=22; sources=[call_return, scalar_extension]	resolved	1	1
004BEA70	TLOBaseTy::sub_004BEA70	local_lifetime	uVar13/mg0	scalar(/int) -> scalar(/byte)	004C0091:t17551 unsigned_scalar_role operand=0 target=	ANALYSIS	persistent High lifetime already carries the proposed domain	single undefined local lifetime; exact_type_votes=2; score=22; sources=[call_return, scalar_extension]	resolved	1	1
004C34A0	TLOBaseTy::sub_004C34A0	return_abi	EAX/x87 return	scalar(/undefined4) -> scalar(/bool)	all reachable callee return paths	all explicit return values are constants in {0,1}, but the source domain alone does not prove the x86 ABI return width; review STAbiConsistencyAnalyzer evidence: [0, 1, 1]	retain current machine-width return pending strict ABI proof	all explicit return values are constants in {0,1}, but the source domain alone does not prove the x86 ABI return width; review STAbiConsistencyAnalyzer evidence: [0, 1, 1]	review	1	1
004C3C00	TLOBaseTy::fireFindCheckTarget	local_lifetime	uVar10/mg1	scalar(/uint) -> scalar(/int)	004C3F39:t1218 signed_scalar_role operand=-1 target=	INT_SRIGHT	retain neutral or current storage; require an exact per-use view	separate decompiler merge group; exact_type_votes=1; score=4; sources=[scalar_arithmetic]; one-way call conversion alone is review-only	review	1	1
004C5350	STGameObjC::sub_004C5350	local_lifetime	uVar6/mg1	scalar(/uint) -> scalar(/int)	004C55D0:t628 signed_scalar_role operand=-1 target=	INT_SRIGHT	retain neutral or current storage; require an exact per-use view	separate decompiler merge group; exact_type_votes=1; score=4; sources=[scalar_arithmetic]; one-way call conversion alone is review-only	review	1	1
004C56B0	TLOBaseTy::sub_004C56B0	return_abi	EAX/x87 return	scalar(/undefined4) -> scalar(/bool)	all reachable callee return paths	all explicit return values are constants in {0,1}, but the source domain alone does not prove the x86 ABI return width; review STAbiConsistencyAnalyzer evidence: [1, 1, 0]	retain current machine-width return pending strict ABI proof	all explicit return values are constants in {0,1}, but the source domain alone does not prove the x86 ABI return width; review STAbiConsistencyAnalyzer evidence: [1, 1, 0]	review	1	1
004C6D00	FUN_004c6d00	local_lifetime	unaff_EDI/mg0	pointer(pointer:/int) -> scalar(/int)	004C6F42:t478 call_argument operand=3 target=006A5E40	USER_DEFINED; direct=006A5E40	unattachable High lifetime is represented by the exact address-stable per-use boundary 004C6F42:t478|006A5E40|3	exact call-boundary type is proven, but no same-width transparent p-code path reattaches that argument to one persistent HighSymbol; complete CALL-operand scan records an address-local source view only	neutralized	1	1
004C6D00		unattachable_call_argument_lifetime	generated per-use lifetime	anchors=004C6F42:t478; target=006A5E40; operand=3; locals=unaff_EDI; transition=pointer:/int -> /int	verified by the matching Ghidra analyzer/export evidence	source audit kind=exact_machine_lifetime_call_view	exact source-only lifetime/view; Program ABI unchanged	Ghidra cannot persist this split without merging unrelated machine lifetimes	neutralized	1	1
004C7CC0	TLOBaseTy::FUN_004c7cc0	local_lifetime	local_EAX_1031/mg0	scalar(/int) -> scalar(/byte)	004C80C7:t1462 call_return operand=-1 target=004049B7	ANALYSIS; direct=004049B7; resolved=004406C0	persistent High lifetime already carries the proposed domain	single undefined local lifetime; exact_type_votes=2; score=22; sources=[call_return, scalar_extension]	resolved	1	1
004C7CC0	TLOBaseTy::FUN_004c7cc0	local_lifetime	local_EAX_1031/mg0	scalar(/int) -> scalar(/byte)	004C80CC:t3214 unsigned_scalar_role operand=0 target=	ANALYSIS	persistent High lifetime already carries the proposed domain	single undefined local lifetime; exact_type_votes=2; score=22; sources=[call_return, scalar_extension]	resolved	1	1
004C7CC0	TLOBaseTy::FUN_004c7cc0	local_lifetime	uVar9/mg0	scalar(/int) -> scalar(/byte)	004C8093:t1411 call_return operand=-1 target=004049B7	ANALYSIS; direct=004049B7; resolved=004406C0	persistent High lifetime already carries the proposed domain	single undefined local lifetime; exact_type_votes=2; score=22; sources=[call_return, scalar_extension]	resolved	1	1
004C7CC0	TLOBaseTy::FUN_004c7cc0	local_lifetime	uVar9/mg0	scalar(/int) -> scalar(/byte)	004C8098:t3212 unsigned_scalar_role operand=0 target=	ANALYSIS	persistent High lifetime already carries the proposed domain	single undefined local lifetime; exact_type_votes=2; score=22; sources=[call_return, scalar_extension]	resolved	1	1
004C84C0	FUN_004c84c0	local_lifetime	local_EAX_683/mg0	scalar(/int) -> scalar(/byte)	004C876B:t960 call_return operand=-1 target=004049B7	ANALYSIS; direct=004049B7; resolved=004406C0	persistent High lifetime already carries the proposed domain	single undefined local lifetime; exact_type_votes=2; score=22; sources=[call_return, scalar_extension]	resolved	1	1
004C84C0	FUN_004c84c0	local_lifetime	local_EAX_683/mg0	scalar(/int) -> scalar(/byte)	004C8770:t4677 unsigned_scalar_role operand=0 target=	ANALYSIS	persistent High lifetime already carries the proposed domain	single undefined local lifetime; exact_type_votes=2; score=22; sources=[call_return, scalar_extension]	resolved	1	1
004C84C0	FUN_004c84c0	local_lifetime	local_EAX_749/mg0	scalar(/int) -> scalar(/byte)	004C87AD:t1058 call_return operand=-1 target=004049B7	ANALYSIS; direct=004049B7; resolved=004406C0	persistent High lifetime already carries the proposed domain	single undefined local lifetime; exact_type_votes=2; score=22; sources=[call_return, scalar_extension]	resolved	1	1
004C84C0	FUN_004c84c0	local_lifetime	local_EAX_749/mg0	scalar(/int) -> scalar(/byte)	004C87B2:t4679 unsigned_scalar_role operand=0 target=	ANALYSIS	persistent High lifetime already carries the proposed domain	single undefined local lifetime; exact_type_votes=2; score=22; sources=[call_return, scalar_extension]	resolved	1	1
004C84C0	FUN_004c84c0	local_lifetime	local_EAX_801/mg0	scalar(/int) -> scalar(/byte)	004C87E1:t1111 call_return operand=-1 target=004049B7	ANALYSIS; direct=004049B7; resolved=004406C0	persistent High lifetime already carries the proposed domain	single undefined local lifetime; exact_type_votes=2; score=22; sources=[call_return, scalar_extension]	resolved	1	1
004C84C0	FUN_004c84c0	local_lifetime	local_EAX_801/mg0	scalar(/int) -> scalar(/byte)	004C87E6:t4780 unsigned_scalar_role operand=0 target=	ANALYSIS	persistent High lifetime already carries the proposed domain	single undefined local lifetime; exact_type_votes=2; score=22; sources=[call_return, scalar_extension]	resolved	1	1
004C84C0	FUN_004c84c0	local_lifetime	uVar10/mg0	scalar(/int) -> scalar(/byte)	004C8720:t816 call_return operand=-1 target=004049B7	ANALYSIS; direct=004049B7; resolved=004406C0	persistent High lifetime already carries the proposed domain	single undefined local lifetime; exact_type_votes=2; score=22; sources=[call_return, scalar_extension]	resolved	1	1
004C84C0	FUN_004c84c0	local_lifetime	uVar10/mg0	scalar(/int) -> scalar(/byte)	004C8725:t4776 unsigned_scalar_role operand=0 target=	ANALYSIS	persistent High lifetime already carries the proposed domain	single undefined local lifetime; exact_type_votes=2; score=22; sources=[call_return, scalar_extension]	resolved	1	1
004C94B0	TLOBaseTy::procResult	local_lifetime	uVar2/mg0	scalar(/int) -> scalar(/byte)	004C9570:t269 call_return operand=-1 target=004049B7	ANALYSIS; direct=004049B7; resolved=004406C0	persistent High lifetime already carries the proposed domain	single undefined local lifetime; exact_type_votes=2; score=22; sources=[call_return, scalar_extension]	resolved	1	1
004C94B0	TLOBaseTy::procResult	local_lifetime	uVar2/mg0	scalar(/int) -> scalar(/byte)	004C9575:t507 unsigned_scalar_role operand=0 target=	ANALYSIS	persistent High lifetime already carries the proposed domain	single undefined local lifetime; exact_type_votes=2; score=22; sources=[call_return, scalar_extension]	resolved	1	1
004C9770	TLOBaseTy::LoadImages	local_lifetime	this_01/mg0	pointer(pointer:/undefined4) -> pointer(pointer:/STT3DSprC)	004C9903:t395 call_argument operand=0 target=00404183	ANALYSIS; direct=00404183; resolved=004AB880	retain neutral or current storage; require an exact per-use view	single undefined local lifetime; exact_type_votes=44; score=176; sources=[call_argument]; exact call-boundary type is proven, but no same-width transparent p-code path reattaches that argument to one persistent HighSymbol	review	1	1
004C9770	TLOBaseTy::LoadImages	local_lifetime	this_01/mg0	pointer(pointer:/undefined4) -> pointer(pointer:/STT3DSprC)	004C994E:t2486 call_argument operand=0 target=00404264	ANALYSIS; direct=00404264; resolved=004AC410	retain neutral or current storage; require an exact per-use view	single undefined local lifetime; exact_type_votes=44; score=176; sources=[call_argument]; exact call-boundary type is proven, but no same-width transparent p-code path reattaches that argument to one persistent HighSymbol	review	1	1
004C9770	TLOBaseTy::LoadImages	local_lifetime	this_01/mg0	pointer(pointer:/undefined4) -> pointer(pointer:/STT3DSprC)	004C99AE:t521 call_argument operand=0 target=00404183	ANALYSIS; direct=00404183; resolved=004AB880	retain neutral or current storage; require an exact per-use view	single undefined local lifetime; exact_type_votes=44; score=176; sources=[call_argument]; exact call-boundary type is proven, but no same-width transparent p-code path reattaches that argument to one persistent HighSymbol	review	1	1
004C9770	TLOBaseTy::LoadImages	local_lifetime	this_01/mg0	pointer(pointer:/undefined4) -> pointer(pointer:/STT3DSprC)	004C9A0E:t624 call_argument operand=0 target=00404183	ANALYSIS; direct=00404183; resolved=004AB880	retain neutral or current storage; require an exact per-use view	single undefined local lifetime; exact_type_votes=44; score=176; sources=[call_argument]; exact call-boundary type is proven, but no same-width transparent p-code path reattaches that argument to one persistent HighSymbol	review	1	1
004C9770	TLOBaseTy::LoadImages	local_lifetime	this_01/mg0	pointer(pointer:/undefined4) -> pointer(pointer:/STT3DSprC)	004C9A59:t704 call_argument operand=0 target=00404183	ANALYSIS; direct=00404183; resolved=004AB880	retain neutral or current storage; require an exact per-use view	single undefined local lifetime; exact_type_votes=44; score=176; sources=[call_argument]; exact call-boundary type is proven, but no same-width transparent p-code path reattaches that argument to one persistent HighSymbol	review	1	1
004C9770	TLOBaseTy::LoadImages	local_lifetime	this_01/mg0	pointer(pointer:/undefined4) -> pointer(pointer:/STT3DSprC)	004C9AA4:t784 call_argument operand=0 target=00404183	ANALYSIS; direct=00404183; resolved=004AB880	retain neutral or current storage; require an exact per-use view	single undefined local lifetime; exact_type_votes=44; score=176; sources=[call_argument]; exact call-boundary type is proven, but no same-width transparent p-code path reattaches that argument to one persistent HighSymbol	review	1	1
004C9770	TLOBaseTy::LoadImages	local_lifetime	this_01/mg0	pointer(pointer:/undefined4) -> pointer(pointer:/STT3DSprC)	004C9AEF:t864 call_argument operand=0 target=00404183	ANALYSIS; direct=00404183; resolved=004AB880	retain neutral or current storage; require an exact per-use view	single undefined local lifetime; exact_type_votes=44; score=176; sources=[call_argument]; exact call-boundary type is proven, but no same-width transparent p-code path reattaches that argument to one persistent HighSymbol	review	1	1
004C9770	TLOBaseTy::LoadImages	local_lifetime	this_01/mg0	pointer(pointer:/undefined4) -> pointer(pointer:/STT3DSprC)	004C9B5A:t966 call_argument operand=0 target=00404183	ANALYSIS; direct=00404183; resolved=004AB880	retain neutral or current storage; require an exact per-use view	single undefined local lifetime; exact_type_votes=44; score=176; sources=[call_argument]; exact call-boundary type is proven, but no same-width transparent p-code path reattaches that argument to one persistent HighSymbol	review	1	1
004C9770	TLOBaseTy::LoadImages	local_lifetime	this_01/mg0	pointer(pointer:/undefined4) -> pointer(pointer:/STT3DSprC)	004C9B84:t1006 call_argument operand=0 target=004022AC	ANALYSIS; direct=004022AC; resolved=004ACD30	retain neutral or current storage; require an exact per-use view	single undefined local lifetime; exact_type_votes=44; score=176; sources=[call_argument]; exact call-boundary type is proven, but no same-width transparent p-code path reattaches that argument to one persistent HighSymbol	review	1	1
004C9770	TLOBaseTy::LoadImages	local_lifetime	this_01/mg0	pointer(pointer:/undefined4) -> pointer(pointer:/STT3DSprC)	004C9B8F:t1014 call_argument operand=0 target=004022AC	ANALYSIS; direct=004022AC; resolved=004ACD30	retain neutral or current storage; require an exact per-use view	single undefined local lifetime; exact_type_votes=44; score=176; sources=[call_argument]; exact call-boundary type is proven, but no same-width transparent p-code path reattaches that argument to one persistent HighSymbol	review	1	1
004C9770	TLOBaseTy::LoadImages	local_lifetime	this_01/mg0	pointer(pointer:/undefined4) -> pointer(pointer:/STT3DSprC)	004C9BC8:t1104 call_argument operand=0 target=00404264	ANALYSIS; direct=00404264; resolved=004AC410	retain neutral or current storage; require an exact per-use view	single undefined local lifetime; exact_type_votes=44; score=176; sources=[call_argument]; exact call-boundary type is proven, but no same-width transparent p-code path reattaches that argument to one persistent HighSymbol	review	1	1
004C9770	TLOBaseTy::LoadImages	local_lifetime	this_01/mg0	pointer(pointer:/undefined4) -> pointer(pointer:/STT3DSprC)	004C9C49:t1273 call_argument operand=0 target=0040461F	ANALYSIS; direct=0040461F; resolved=004ACF90	retain neutral or current storage; require an exact per-use view	single undefined local lifetime; exact_type_votes=44; score=176; sources=[call_argument]; exact call-boundary type is proven, but no same-width transparent p-code path reattaches that argument to one persistent HighSymbol	review	1	1
004C9770	TLOBaseTy::LoadImages	local_lifetime	this_01/mg0	pointer(pointer:/undefined4) -> pointer(pointer:/STT3DSprC)	004C9C52:t1280 call_argument operand=0 target=00404264	ANALYSIS; direct=00404264; resolved=004AC410	retain neutral or current storage; require an exact per-use view	single undefined local lifetime; exact_type_votes=44; score=176; sources=[call_argument]; exact call-boundary type is proven, but no same-width transparent p-code path reattaches that argument to one persistent HighSymbol	review	1	1
004C9770	TLOBaseTy::LoadImages	local_lifetime	this_01/mg0	pointer(pointer:/undefined4) -> pointer(pointer:/STT3DSprC)	004C9C65:t2351 call_argument operand=0 target=00405CA9	ANALYSIS; direct=00405CA9; resolved=004ACEF0	retain neutral or current storage; require an exact per-use view	single undefined local lifetime; exact_type_votes=44; score=176; sources=[call_argument]; exact call-boundary type is proven, but no same-width transparent p-code path reattaches that argument to one persistent HighSymbol	review	1	1
004C9770	TLOBaseTy::LoadImages	local_lifetime	this_01/mg0	pointer(pointer:/undefined4) -> pointer(pointer:/STT3DSprC)	004C9C82:t2375 call_argument operand=0 target=00404183	ANALYSIS; direct=00404183; resolved=004AB880	retain neutral or current storage; require an exact per-use view	single undefined local lifetime; exact_type_votes=44; score=176; sources=[call_argument]; exact call-boundary type is proven, but no same-width transparent p-code path reattaches that argument to one persistent HighSymbol	review	1	1
004C9770	TLOBaseTy::LoadImages	local_lifetime	this_01/mg0	pointer(pointer:/undefined4) -> pointer(pointer:/STT3DSprC)	004C9CCB:t2441 call_argument operand=0 target=00401064	ANALYSIS; direct=00401064; resolved=004ABE40	retain neutral or current storage; require an exact per-use view	single undefined local lifetime; exact_type_votes=44; score=176; sources=[call_argument]; exact call-boundary type is proven, but no same-width transparent p-code path reattaches that argument to one persistent HighSymbol	review	1	1
004C9770	TLOBaseTy::LoadImages	local_lifetime	this_01/mg0	pointer(pointer:/undefined4) -> pointer(pointer:/STT3DSprC)	004C9CDD:t2457 call_argument operand=0 target=00405240	ANALYSIS; direct=00405240; resolved=004AC1A0	retain neutral or current storage; require an exact per-use view	single undefined local lifetime; exact_type_votes=44; score=176; sources=[call_argument]; exact call-boundary type is proven, but no same-width transparent p-code path reattaches that argument to one persistent HighSymbol	review	1	1
004C9770	TLOBaseTy::LoadImages	local_lifetime	this_01/mg0	pointer(pointer:/undefined4) -> pointer(pointer:/STT3DSprC)	004C9CE6:t2464 call_argument operand=0 target=00403AFD	ANALYSIS; direct=00403AFD; resolved=004ACF50	retain neutral or current storage; require an exact per-use view	single undefined local lifetime; exact_type_votes=44; score=176; sources=[call_argument]; exact call-boundary type is proven, but no same-width transparent p-code path reattaches that argument to one persistent HighSymbol	review	1	1
004C9770	TLOBaseTy::LoadImages	local_lifetime	this_01/mg0	pointer(pointer:/undefined4) -> pointer(pointer:/STT3DSprC)	004C9D20:t1326 call_argument operand=0 target=00401BAE	ANALYSIS; direct=00401BAE; resolved=004ACE60	retain neutral or current storage; require an exact per-use view	single undefined local lifetime; exact_type_votes=44; score=176; sources=[call_argument]; exact call-boundary type is proven, but no same-width transparent p-code path reattaches that argument to one persistent HighSymbol	review	1	1
004C9770	TLOBaseTy::LoadImages	local_lifetime	this_01/mg0	pointer(pointer:/undefined4) -> pointer(pointer:/STT3DSprC)	004C9D29:t1333 call_argument operand=0 target=00401BAE	ANALYSIS; direct=00401BAE; resolved=004ACE60	retain neutral or current storage; require an exact per-use view	single undefined local lifetime; exact_type_votes=44; score=176; sources=[call_argument]; exact call-boundary type is proven, but no same-width transparent p-code path reattaches that argument to one persistent HighSymbol	review	1	1
004C9770	TLOBaseTy::LoadImages	local_lifetime	this_01/mg0	pointer(pointer:/undefined4) -> pointer(pointer:/STT3DSprC)	004C9D32:t1340 call_argument operand=0 target=00401BAE	ANALYSIS; direct=00401BAE; resolved=004ACE60	retain neutral or current storage; require an exact per-use view	single undefined local lifetime; exact_type_votes=44; score=176; sources=[call_argument]; exact call-boundary type is proven, but no same-width transparent p-code path reattaches that argument to one persistent HighSymbol	review	1	1
004C9770	TLOBaseTy::LoadImages	local_lifetime	this_01/mg0	pointer(pointer:/undefined4) -> pointer(pointer:/STT3DSprC)	004C9D3B:t1347 call_argument operand=0 target=00401BAE	ANALYSIS; direct=00401BAE; resolved=004ACE60	retain neutral or current storage; require an exact per-use view	single undefined local lifetime; exact_type_votes=44; score=176; sources=[call_argument]; exact call-boundary type is proven, but no same-width transparent p-code path reattaches that argument to one persistent HighSymbol	review	1	1
004C9770	TLOBaseTy::LoadImages	local_lifetime	this_01/mg0	pointer(pointer:/undefined4) -> pointer(pointer:/STT3DSprC)	004C9D44:t1354 call_argument operand=0 target=00401BAE	ANALYSIS; direct=00401BAE; resolved=004ACE60	retain neutral or current storage; require an exact per-use view	single undefined local lifetime; exact_type_votes=44; score=176; sources=[call_argument]; exact call-boundary type is proven, but no same-width transparent p-code path reattaches that argument to one persistent HighSymbol	review	1	1
004C9770	TLOBaseTy::LoadImages	local_lifetime	this_01/mg0	pointer(pointer:/undefined4) -> pointer(pointer:/STT3DSprC)	004C9D4D:t1361 call_argument operand=0 target=00401BAE	ANALYSIS; direct=00401BAE; resolved=004ACE60	retain neutral or current storage; require an exact per-use view	single undefined local lifetime; exact_type_votes=44; score=176; sources=[call_argument]; exact call-boundary type is proven, but no same-width transparent p-code path reattaches that argument to one persistent HighSymbol	review	1	1
004C9770	TLOBaseTy::LoadImages	local_lifetime	this_01/mg0	pointer(pointer:/undefined4) -> pointer(pointer:/STT3DSprC)	004C9D56:t1368 call_argument operand=0 target=00401BAE	ANALYSIS; direct=00401BAE; resolved=004ACE60	retain neutral or current storage; require an exact per-use view	single undefined local lifetime; exact_type_votes=44; score=176; sources=[call_argument]; exact call-boundary type is proven, but no same-width transparent p-code path reattaches that argument to one persistent HighSymbol	review	1	1
004C9770	TLOBaseTy::LoadImages	local_lifetime	this_01/mg0	pointer(pointer:/undefined4) -> pointer(pointer:/STT3DSprC)	004C9D72:t1390 call_argument operand=0 target=0040116D	ANALYSIS; direct=0040116D; resolved=004ACE30	retain neutral or current storage; require an exact per-use view	single undefined local lifetime; exact_type_votes=44; score=176; sources=[call_argument]; exact call-boundary type is proven, but no same-width transparent p-code path reattaches that argument to one persistent HighSymbol	review	1	1
004C9770	TLOBaseTy::LoadImages	local_lifetime	this_01/mg0	pointer(pointer:/undefined4) -> pointer(pointer:/STT3DSprC)	004C9DA3:t2186 call_argument operand=0 target=00404183	ANALYSIS; direct=00404183; resolved=004AB880	retain neutral or current storage; require an exact per-use view	single undefined local lifetime; exact_type_votes=44; score=176; sources=[call_argument]; exact call-boundary type is proven, but no same-width transparent p-code path reattaches that argument to one persistent HighSymbol	review	1	1
004C9770	TLOBaseTy::LoadImages	local_lifetime	this_01/mg0	pointer(pointer:/undefined4) -> pointer(pointer:/STT3DSprC)	004C9DC7:t2234 call_argument operand=0 target=004022AC	ANALYSIS; direct=004022AC; resolved=004ACD30	retain neutral or current storage; require an exact per-use view	single undefined local lifetime; exact_type_votes=44; score=176; sources=[call_argument]; exact call-boundary type is proven, but no same-width transparent p-code path reattaches that argument to one persistent HighSymbol	review	1	1
004C9770	TLOBaseTy::LoadImages	local_lifetime	this_01/mg0	pointer(pointer:/undefined4) -> pointer(pointer:/STT3DSprC)	004C9DDE:t2257 call_argument operand=0 target=00401064	ANALYSIS; direct=00401064; resolved=004ABE40	retain neutral or current storage; require an exact per-use view	single undefined local lifetime; exact_type_votes=44; score=176; sources=[call_argument]; exact call-boundary type is proven, but no same-width transparent p-code path reattaches that argument to one persistent HighSymbol	review	1	1
004C9770	TLOBaseTy::LoadImages	local_lifetime	this_01/mg0	pointer(pointer:/undefined4) -> pointer(pointer:/STT3DSprC)	004C9DF4:t2271 call_argument operand=0 target=00405240	ANALYSIS; direct=00405240; resolved=004AC1A0	retain neutral or current storage; require an exact per-use view	single undefined local lifetime; exact_type_votes=44; score=176; sources=[call_argument]; exact call-boundary type is proven, but no same-width transparent p-code path reattaches that argument to one persistent HighSymbol	review	1	1
004C9770	TLOBaseTy::LoadImages	local_lifetime	this_01/mg0	pointer(pointer:/undefined4) -> pointer(pointer:/STT3DSprC)	004C9E20:t2304 call_argument operand=0 target=00404183	ANALYSIS; direct=00404183; resolved=004AB880	retain neutral or current storage; require an exact per-use view	single undefined local lifetime; exact_type_votes=44; score=176; sources=[call_argument]; exact call-boundary type is proven, but no same-width transparent p-code path reattaches that argument to one persistent HighSymbol	review	1	1
004C9770	TLOBaseTy::LoadImages	local_lifetime	this_01/mg0	pointer(pointer:/undefined4) -> pointer(pointer:/STT3DSprC)	004C9E3F:t2325 call_argument operand=0 target=00405240	ANALYSIS; direct=00405240; resolved=004AC1A0	retain neutral or current storage; require an exact per-use view	single undefined local lifetime; exact_type_votes=44; score=176; sources=[call_argument]; exact call-boundary type is proven, but no same-width transparent p-code path reattaches that argument to one persistent HighSymbol	review	1	1
004C9770	TLOBaseTy::LoadImages	local_lifetime	this_01/mg0	pointer(pointer:/undefined4) -> pointer(pointer:/STT3DSprC)	004C9E4E:t2336 call_argument operand=0 target=004044EE	ANALYSIS; direct=004044EE; resolved=004ACF20	retain neutral or current storage; require an exact per-use view	single undefined local lifetime; exact_type_votes=44; score=176; sources=[call_argument]; exact call-boundary type is proven, but no same-width transparent p-code path reattaches that argument to one persistent HighSymbol	review	1	1
004C9770	TLOBaseTy::LoadImages	local_lifetime	this_01/mg0	pointer(pointer:/undefined4) -> pointer(pointer:/STT3DSprC)	004C9E57:t2343 call_argument operand=0 target=00403233	ANALYSIS; direct=00403233; resolved=004ACFE0	retain neutral or current storage; require an exact per-use view	single undefined local lifetime; exact_type_votes=44; score=176; sources=[call_argument]; exact call-boundary type is proven, but no same-width transparent p-code path reattaches that argument to one persistent HighSymbol	review	1	1
004C9770	TLOBaseTy::LoadImages	local_lifetime	this_01/mg0	pointer(pointer:/undefined4) -> pointer(pointer:/STT3DSprC)	004C9E93:t1459 call_argument operand=0 target=00404183	ANALYSIS; direct=00404183; resolved=004AB880	retain neutral or current storage; require an exact per-use view	single undefined local lifetime; exact_type_votes=44; score=176; sources=[call_argument]; exact call-boundary type is proven, but no same-width transparent p-code path reattaches that argument to one persistent HighSymbol	review	1	1
004C9770	TLOBaseTy::LoadImages	local_lifetime	this_01/mg0	pointer(pointer:/undefined4) -> pointer(pointer:/STT3DSprC)	004C9EC0:t1762 call_argument operand=0 target=00404183	ANALYSIS; direct=00404183; resolved=004AB880	retain neutral or current storage; require an exact per-use view	single undefined local lifetime; exact_type_votes=44; score=176; sources=[call_argument]; exact call-boundary type is proven, but no same-width transparent p-code path reattaches that argument to one persistent HighSymbol	review	1	1
004C9770	TLOBaseTy::LoadImages	local_lifetime	this_01/mg0	pointer(pointer:/undefined4) -> pointer(pointer:/STT3DSprC)	004C9EF1:t1500 call_argument operand=0 target=00405240	ANALYSIS; direct=00405240; resolved=004AC1A0	retain neutral or current storage; require an exact per-use view	single undefined local lifetime; exact_type_votes=44; score=176; sources=[call_argument]; exact call-boundary type is proven, but no same-width transparent p-code path reattaches that argument to one persistent HighSymbol	review	1	1
004C9770	TLOBaseTy::LoadImages	local_lifetime	this_01/mg0	pointer(pointer:/undefined4) -> pointer(pointer:/STT3DSprC)	004C9F20:t1612 call_argument operand=0 target=00401064	ANALYSIS; direct=00401064; resolved=004ABE40	retain neutral or current storage; require an exact per-use view	single undefined local lifetime; exact_type_votes=44; score=176; sources=[call_argument]; exact call-boundary type is proven, but no same-width transparent p-code path reattaches that argument to one persistent HighSymbol	review	1	1
004C9770	TLOBaseTy::LoadImages	local_lifetime	this_01/mg0	pointer(pointer:/undefined4) -> pointer(pointer:/STT3DSprC)	004C9F6A:t1843 call_argument operand=0 target=00404183	ANALYSIS; direct=00404183; resolved=004AB880	retain neutral or current storage; require an exact per-use view	single undefined local lifetime; exact_type_votes=44; score=176; sources=[call_argument]; exact call-boundary type is proven, but no same-width transparent p-code path reattaches that argument to one persistent HighSymbol	review	1	1
004C9770	TLOBaseTy::LoadImages	local_lifetime	this_01/mg0	pointer(pointer:/undefined4) -> pointer(pointer:/STT3DSprC)	004C9F97:t1895 call_argument operand=0 target=00404183	ANALYSIS; direct=00404183; resolved=004AB880	retain neutral or current storage; require an exact per-use view	single undefined local lifetime; exact_type_votes=44; score=176; sources=[call_argument]; exact call-boundary type is proven, but no same-width transparent p-code path reattaches that argument to one persistent HighSymbol	review	1	1
004C9770	TLOBaseTy::LoadImages	local_lifetime	this_01/mg0	pointer(pointer:/undefined4) -> pointer(pointer:/STT3DSprC)	004C9FE3:t1952 call_argument operand=0 target=00404183	ANALYSIS; direct=00404183; resolved=004AB880	retain neutral or current storage; require an exact per-use view	single undefined local lifetime; exact_type_votes=44; score=176; sources=[call_argument]; exact call-boundary type is proven, but no same-width transparent p-code path reattaches that argument to one persistent HighSymbol	review	1	1
004C9770	TLOBaseTy::LoadImages	local_lifetime	this_01/mg0	pointer(pointer:/undefined4) -> pointer(pointer:/STT3DSprC)	004CA010:t2133 call_argument operand=0 target=00404183	ANALYSIS; direct=00404183; resolved=004AB880	retain neutral or current storage; require an exact per-use view	single undefined local lifetime; exact_type_votes=44; score=176; sources=[call_argument]; exact call-boundary type is proven, but no same-width transparent p-code path reattaches that argument to one persistent HighSymbol	review	1	1
004C9770	TLOBaseTy::LoadImages	local_lifetime	this_01/mg0	pointer(pointer:/undefined4) -> pointer(pointer:/STT3DSprC)	004CA088:t2106 call_argument operand=0 target=00401064	ANALYSIS; direct=00401064; resolved=004ABE40	retain neutral or current storage; require an exact per-use view	single undefined local lifetime; exact_type_votes=44; score=176; sources=[call_argument]; exact call-boundary type is proven, but no same-width transparent p-code path reattaches that argument to one persistent HighSymbol	review	1	1
004C9770	TLOBaseTy::LoadImages	local_lifetime	this_01/mg0	pointer(pointer:/undefined4) -> pointer(pointer:/STT3DSprC)	004CA09D:t1627 call_argument operand=0 target=00405240	ANALYSIS; direct=00405240; resolved=004AC1A0	retain neutral or current storage; require an exact per-use view	single undefined local lifetime; exact_type_votes=44; score=176; sources=[call_argument]; exact call-boundary type is proven, but no same-width transparent p-code path reattaches that argument to one persistent HighSymbol	review	1	1
004CA3C0	TLOBaseTy::ReloadLogoPlane	local_lifetime	puVar1/mg0	pointer(pointer:/undefined4) -> pointer(pointer:/STT3DSprC)	004CA434:t109 call_argument operand=0 target=004022AC	ANALYSIS; direct=004022AC; resolved=004ACD30	retain neutral or current storage; require an exact per-use view	separate decompiler merge group; exact_type_votes=8; score=32; sources=[call_argument]; exact call-boundary type is proven, but no same-width transparent p-code path reattaches that argument to one persistent HighSymbol	review	1	1
004CA3C0	TLOBaseTy::ReloadLogoPlane	local_lifetime	puVar1/mg0	pointer(pointer:/undefined4) -> pointer(pointer:/STT3DSprC)	004CA441:t126 call_argument operand=0 target=004022AC	ANALYSIS; direct=004022AC; resolved=004ACD30	retain neutral or current storage; require an exact per-use view	separate decompiler merge group; exact_type_votes=8; score=32; sources=[call_argument]; exact call-boundary type is proven, but no same-width transparent p-code path reattaches that argument to one persistent HighSymbol	review	1	1
004CA3C0	TLOBaseTy::ReloadLogoPlane	local_lifetime	puVar1/mg0	pointer(pointer:/undefined4) -> pointer(pointer:/STT3DSprC)	004CA458:t188 call_argument operand=0 target=004022AC	ANALYSIS; direct=004022AC; resolved=004ACD30	retain neutral or current storage; require an exact per-use view	separate decompiler merge group; exact_type_votes=8; score=32; sources=[call_argument]; exact call-boundary type is proven, but no same-width transparent p-code path reattaches that argument to one persistent HighSymbol	review	1	1
004CA3C0	TLOBaseTy::ReloadLogoPlane	local_lifetime	puVar1/mg0	pointer(pointer:/undefined4) -> pointer(pointer:/STT3DSprC)	004CA476:t232 call_argument operand=0 target=004022AC	ANALYSIS; direct=004022AC; resolved=004ACD30	retain neutral or current storage; require an exact per-use view	separate decompiler merge group; exact_type_votes=8; score=32; sources=[call_argument]; exact call-boundary type is proven, but no same-width transparent p-code path reattaches that argument to one persistent HighSymbol	review	1	1
004CA3C0	TLOBaseTy::ReloadLogoPlane	local_lifetime	puVar1/mg0	pointer(pointer:/undefined4) -> pointer(pointer:/STT3DSprC)	004CA4B5:t296 call_argument operand=0 target=00404183	ANALYSIS; direct=00404183; resolved=004AB880	retain neutral or current storage; require an exact per-use view	separate decompiler merge group; exact_type_votes=8; score=32; sources=[call_argument]; exact call-boundary type is proven, but no same-width transparent p-code path reattaches that argument to one persistent HighSymbol	review	1	1
004CA3C0	TLOBaseTy::ReloadLogoPlane	local_lifetime	puVar1/mg0	pointer(pointer:/undefined4) -> pointer(pointer:/STT3DSprC)	004CA4F0:t357 call_argument operand=0 target=00401064	ANALYSIS; direct=00401064; resolved=004ABE40	retain neutral or current storage; require an exact per-use view	separate decompiler merge group; exact_type_votes=8; score=32; sources=[call_argument]; exact call-boundary type is proven, but no same-width transparent p-code path reattaches that argument to one persistent HighSymbol	review	1	1
004CA3C0	TLOBaseTy::ReloadLogoPlane	local_lifetime	puVar1/mg0	pointer(pointer:/undefined4) -> pointer(pointer:/STT3DSprC)	004CA4FB:t373 call_argument operand=0 target=004022AC	ANALYSIS; direct=004022AC; resolved=004ACD30	retain neutral or current storage; require an exact per-use view	separate decompiler merge group; exact_type_votes=8; score=32; sources=[call_argument]; exact call-boundary type is proven, but no same-width transparent p-code path reattaches that argument to one persistent HighSymbol	review	1	1
004CA3C0	TLOBaseTy::ReloadLogoPlane	local_lifetime	puVar1/mg0	pointer(pointer:/undefined4) -> pointer(pointer:/STT3DSprC)	004CA51A:t420 call_argument operand=0 target=004022AC	ANALYSIS; direct=004022AC; resolved=004ACD30	retain neutral or current storage; require an exact per-use view	separate decompiler merge group; exact_type_votes=8; score=32; sources=[call_argument]; exact call-boundary type is proven, but no same-width transparent p-code path reattaches that argument to one persistent HighSymbol	review	1	1
004CA3C0	TLOBaseTy::ReloadLogoPlane	local_lifetime	puVar1/mg1	pointer(pointer:/undefined4) -> pointer(pointer:/STT3DSprC)	004CA584:t512 call_argument operand=0 target=004022AC	ANALYSIS; direct=004022AC; resolved=004ACD30	retain neutral or current storage; require an exact per-use view	separate decompiler merge group; exact_type_votes=8; score=32; sources=[call_argument]; exact call-boundary type is proven, but no same-width transparent p-code path reattaches that argument to one persistent HighSymbol	review	1	1
004CA3C0	TLOBaseTy::ReloadLogoPlane	local_lifetime	puVar1/mg1	pointer(pointer:/undefined4) -> pointer(pointer:/STT3DSprC)	004CA591:t529 call_argument operand=0 target=004022AC	ANALYSIS; direct=004022AC; resolved=004ACD30	retain neutral or current storage; require an exact per-use view	separate decompiler merge group; exact_type_votes=8; score=32; sources=[call_argument]; exact call-boundary type is proven, but no same-width transparent p-code path reattaches that argument to one persistent HighSymbol	review	1	1
004CA3C0	TLOBaseTy::ReloadLogoPlane	local_lifetime	puVar1/mg1	pointer(pointer:/undefined4) -> pointer(pointer:/STT3DSprC)	004CA5A8:t591 call_argument operand=0 target=004022AC	ANALYSIS; direct=004022AC; resolved=004ACD30	retain neutral or current storage; require an exact per-use view	separate decompiler merge group; exact_type_votes=8; score=32; sources=[call_argument]; exact call-boundary type is proven, but no same-width transparent p-code path reattaches that argument to one persistent HighSymbol	review	1	1
004CA3C0	TLOBaseTy::ReloadLogoPlane	local_lifetime	puVar1/mg1	pointer(pointer:/undefined4) -> pointer(pointer:/STT3DSprC)	004CA5C6:t635 call_argument operand=0 target=004022AC	ANALYSIS; direct=004022AC; resolved=004ACD30	retain neutral or current storage; require an exact per-use view	separate decompiler merge group; exact_type_votes=8; score=32; sources=[call_argument]; exact call-boundary type is proven, but no same-width transparent p-code path reattaches that argument to one persistent HighSymbol	review	1	1
004CA3C0	TLOBaseTy::ReloadLogoPlane	local_lifetime	puVar1/mg1	pointer(pointer:/undefined4) -> pointer(pointer:/STT3DSprC)	004CA605:t699 call_argument operand=0 target=00404183	ANALYSIS; direct=00404183; resolved=004AB880	retain neutral or current storage; require an exact per-use view	separate decompiler merge group; exact_type_votes=8; score=32; sources=[call_argument]; exact call-boundary type is proven, but no same-width transparent p-code path reattaches that argument to one persistent HighSymbol	review	1	1
004CA3C0	TLOBaseTy::ReloadLogoPlane	local_lifetime	puVar1/mg1	pointer(pointer:/undefined4) -> pointer(pointer:/STT3DSprC)	004CA640:t760 call_argument operand=0 target=00401064	ANALYSIS; direct=00401064; resolved=004ABE40	retain neutral or current storage; require an exact per-use view	separate decompiler merge group; exact_type_votes=8; score=32; sources=[call_argument]; exact call-boundary type is proven, but no same-width transparent p-code path reattaches that argument to one persistent HighSymbol	review	1	1
004CA3C0	TLOBaseTy::ReloadLogoPlane	local_lifetime	puVar1/mg1	pointer(pointer:/undefined4) -> pointer(pointer:/STT3DSprC)	004CA64B:t776 call_argument operand=0 target=004022AC	ANALYSIS; direct=004022AC; resolved=004ACD30	retain neutral or current storage; require an exact per-use view	separate decompiler merge group; exact_type_votes=8; score=32; sources=[call_argument]; exact call-boundary type is proven, but no same-width transparent p-code path reattaches that argument to one persistent HighSymbol	review	1	1
004CA3C0	TLOBaseTy::ReloadLogoPlane	local_lifetime	puVar1/mg1	pointer(pointer:/undefined4) -> pointer(pointer:/STT3DSprC)	004CA66A:t823 call_argument operand=0 target=004022AC	ANALYSIS; direct=004022AC; resolved=004ACD30	retain neutral or current storage; require an exact per-use view	separate decompiler merge group; exact_type_votes=8; score=32; sources=[call_argument]; exact call-boundary type is proven, but no same-width transparent p-code path reattaches that argument to one persistent HighSymbol	review	1	1
004CA7B0	TLOBaseTy::sub_004CA7B0	local_lifetime	this_00/mg0	pointer(pointer:/undefined4) -> pointer(pointer:/STT3DSprC)	004CA7CE:t37 call_argument operand=0 target=004022AC	ANALYSIS; direct=004022AC; resolved=004ACD30	retain neutral or current storage; require an exact per-use view	single undefined local lifetime; exact_type_votes=8; score=32; sources=[call_argument]; exact call-boundary type is proven, but no same-width transparent p-code path reattaches that argument to one persistent HighSymbol	review	1	1
004CA7B0	TLOBaseTy::sub_004CA7B0	local_lifetime	this_00/mg0	pointer(pointer:/undefined4) -> pointer(pointer:/STT3DSprC)	004CA849:t186 call_argument operand=0 target=004022AC	ANALYSIS; direct=004022AC; resolved=004ACD30	retain neutral or current storage; require an exact per-use view	single undefined local lifetime; exact_type_votes=8; score=32; sources=[call_argument]; exact call-boundary type is proven, but no same-width transparent p-code path reattaches that argument to one persistent HighSymbol	review	1	1
004CA7B0	TLOBaseTy::sub_004CA7B0	local_lifetime	this_00/mg0	pointer(pointer:/undefined4) -> pointer(pointer:/STT3DSprC)	004CA874:t1167 call_argument operand=0 target=004022AC	ANALYSIS; direct=004022AC; resolved=004ACD30	retain neutral or current storage; require an exact per-use view	single undefined local lifetime; exact_type_votes=8; score=32; sources=[call_argument]; exact call-boundary type is proven, but no same-width transparent p-code path reattaches that argument to one persistent HighSymbol	review	1	1
004CA7B0	TLOBaseTy::sub_004CA7B0	local_lifetime	this_00/mg0	pointer(pointer:/undefined4) -> pointer(pointer:/STT3DSprC)	004CAA1F:t925 call_argument operand=0 target=004022AC	ANALYSIS; direct=004022AC; resolved=004ACD30	retain neutral or current storage; require an exact per-use view	single undefined local lifetime; exact_type_votes=8; score=32; sources=[call_argument]; exact call-boundary type is proven, but no same-width transparent p-code path reattaches that argument to one persistent HighSymbol	review	1	1
004CA7B0	TLOBaseTy::sub_004CA7B0	local_lifetime	this_00/mg0	pointer(pointer:/undefined4) -> pointer(pointer:/STT3DSprC)	004CAA34:t967 call_argument operand=0 target=004022AC	ANALYSIS; direct=004022AC; resolved=004ACD30	retain neutral or current storage; require an exact per-use view	single undefined local lifetime; exact_type_votes=8; score=32; sources=[call_argument]; exact call-boundary type is proven, but no same-width transparent p-code path reattaches that argument to one persistent HighSymbol	review	1	1
004CA7B0	TLOBaseTy::sub_004CA7B0	local_lifetime	this_00/mg0	pointer(pointer:/undefined4) -> pointer(pointer:/STT3DSprC)	004CAAA7:t225 call_argument operand=0 target=00401064	ANALYSIS; direct=00401064; resolved=004ABE40	retain neutral or current storage; require an exact per-use view	single undefined local lifetime; exact_type_votes=8; score=32; sources=[call_argument]; exact call-boundary type is proven, but no same-width transparent p-code path reattaches that argument to one persistent HighSymbol	review	1	1
004CA7B0	TLOBaseTy::sub_004CA7B0	local_lifetime	this_00/mg0	pointer(pointer:/undefined4) -> pointer(pointer:/STT3DSprC)	004CAABB:t239 call_argument operand=0 target=00405240	ANALYSIS; direct=00405240; resolved=004AC1A0	retain neutral or current storage; require an exact per-use view	single undefined local lifetime; exact_type_votes=8; score=32; sources=[call_argument]; exact call-boundary type is proven, but no same-width transparent p-code path reattaches that argument to one persistent HighSymbol	review	1	1
004CA7B0	TLOBaseTy::sub_004CA7B0	local_lifetime	this_00/mg0	pointer(pointer:/undefined4) -> pointer(pointer:/STT3DSprC)	004CAACE:t1392 call_argument operand=0 target=00404264	ANALYSIS; direct=00404264; resolved=004AC410	retain neutral or current storage; require an exact per-use view	single undefined local lifetime; exact_type_votes=8; score=32; sources=[call_argument]; exact call-boundary type is proven, but no same-width transparent p-code path reattaches that argument to one persistent HighSymbol	review	1	1
004CABB0	TLOBaseTy::RotateSpr	local_lifetime	puVar1/mg0	pointer(pointer:/undefined4) -> pointer(pointer:/STT3DSprC)	004CAD16:t361 call_argument operand=0 target=004022AC	ANALYSIS; direct=004022AC; resolved=004ACD30	retain neutral or current storage; require an exact per-use view	separate decompiler merge group; exact_type_votes=5; score=20; sources=[call_argument]; exact call-boundary type is proven, but no same-width transparent p-code path reattaches that argument to one persistent HighSymbol	review	1	1
004CABB0	TLOBaseTy::RotateSpr	local_lifetime	puVar1/mg0	pointer(pointer:/undefined4) -> pointer(pointer:/STT3DSprC)	004CAD21:t369 call_argument operand=0 target=004022AC	ANALYSIS; direct=004022AC; resolved=004ACD30	retain neutral or current storage; require an exact per-use view	separate decompiler merge group; exact_type_votes=5; score=20; sources=[call_argument]; exact call-boundary type is proven, but no same-width transparent p-code path reattaches that argument to one persistent HighSymbol	review	1	1
004CABB0	TLOBaseTy::RotateSpr	local_lifetime	puVar1/mg0	pointer(pointer:/undefined4) -> pointer(pointer:/STT3DSprC)	004CAD2E:t389 call_argument operand=0 target=004022AC	ANALYSIS; direct=004022AC; resolved=004ACD30	retain neutral or current storage; require an exact per-use view	separate decompiler merge group; exact_type_votes=5; score=20; sources=[call_argument]; exact call-boundary type is proven, but no same-width transparent p-code path reattaches that argument to one persistent HighSymbol	review	1	1
004CABB0	TLOBaseTy::RotateSpr	local_lifetime	puVar1/mg0	pointer(pointer:/undefined4) -> pointer(pointer:/STT3DSprC)	004CAD72:t463 call_argument operand=0 target=004022AC	ANALYSIS; direct=004022AC; resolved=004ACD30	retain neutral or current storage; require an exact per-use view	separate decompiler merge group; exact_type_votes=5; score=20; sources=[call_argument]; exact call-boundary type is proven, but no same-width transparent p-code path reattaches that argument to one persistent HighSymbol	review	1	1
004CABB0	TLOBaseTy::RotateSpr	local_lifetime	puVar1/mg0	pointer(pointer:/undefined4) -> pointer(pointer:/STT3DSprC)	004CAD80:t474 call_argument operand=0 target=004022AC	ANALYSIS; direct=004022AC; resolved=004ACD30	retain neutral or current storage; require an exact per-use view	separate decompiler merge group; exact_type_votes=5; score=20; sources=[call_argument]; exact call-boundary type is proven, but no same-width transparent p-code path reattaches that argument to one persistent HighSymbol	review	1	1
004CBAD0	FUN_004cbad0	local_lifetime	uVar3/mg0	scalar(/uint) -> unknown	004CBB57:t167 call_return operand=-1 target=004052CC	ANALYSIS; direct=004052CC; resolved=004AD650	retain neutral or current storage; require an exact per-use view	incompatible exact lifetime types=[/int, /uint]	review	1	1
004CBAD0	FUN_004cbad0	local_lifetime	uVar3/mg1	scalar(/uint) -> unknown	004CBB74:t195 call_return operand=-1 target=004052CC	ANALYSIS; direct=004052CC; resolved=004AD650	retain neutral or current storage; require an exact per-use view	incompatible exact lifetime types=[/int, /uint]	review	1	1
004CBAD0	FUN_004cbad0	local_lifetime	uVar3/mg2	scalar(/uint) -> unknown	004CBB91:t223 call_return operand=-1 target=004052CC	ANALYSIS; direct=004052CC; resolved=004AD650	retain neutral or current storage; require an exact per-use view	incompatible exact lifetime types=[/int, /uint]	review	1	1
004CBAD0	FUN_004cbad0	local_lifetime	uVar3/mg4	scalar(/uint) -> unknown	004CBAF8:t55 call_return operand=-1 target=004052CC	ANALYSIS; direct=004052CC; resolved=004AD650	retain neutral or current storage; require an exact per-use view	incompatible exact lifetime types=[/int, /uint]	review	1	1
004CBAD0	FUN_004cbad0	local_lifetime	uVar3/mg5	scalar(/uint) -> unknown	004CBB15:t83 call_return operand=-1 target=004052CC	ANALYSIS; direct=004052CC; resolved=004AD650	retain neutral or current storage; require an exact per-use view	incompatible exact lifetime types=[/int, /uint]	review	1	1
004CBAD0	FUN_004cbad0	local_lifetime	uVar3/mg6	scalar(/uint) -> unknown	004CBB32:t111 call_return operand=-1 target=004052CC	ANALYSIS; direct=004052CC; resolved=004AD650	retain neutral or current storage; require an exact per-use view	incompatible exact lifetime types=[/int, /uint]	review	1	1
004CC370	FUN_004cc370	local_lifetime	local_EAX_774/mg0	scalar(/int) -> scalar(/byte)	004CC676:t826 call_return operand=-1 target=004049B7	ANALYSIS; direct=004049B7; resolved=004406C0	persistent High lifetime already carries the proposed domain	single undefined local lifetime; exact_type_votes=2; score=22; sources=[call_return, scalar_extension]	resolved	1	1
004CC370	FUN_004cc370	local_lifetime	local_EAX_774/mg0	scalar(/int) -> scalar(/byte)	004CC67B:t1455 unsigned_scalar_role operand=0 target=	ANALYSIS	persistent High lifetime already carries the proposed domain	single undefined local lifetime; exact_type_votes=2; score=22; sources=[call_return, scalar_extension]	resolved	1	1
004CC370	FUN_004cc370	local_lifetime	local_EAX_824/mg0	scalar(/int) -> scalar(/byte)	004CC6A8:t877 call_return operand=-1 target=004049B7	ANALYSIS; direct=004049B7; resolved=004406C0	persistent High lifetime already carries the proposed domain	single undefined local lifetime; exact_type_votes=2; score=22; sources=[call_return, scalar_extension]	resolved	1	1
004CC370	FUN_004cc370	local_lifetime	local_EAX_824/mg0	scalar(/int) -> scalar(/byte)	004CC6AD:t1457 unsigned_scalar_role operand=0 target=	ANALYSIS	persistent High lifetime already carries the proposed domain	single undefined local lifetime; exact_type_votes=2; score=22; sources=[call_return, scalar_extension]	resolved	1	1
004CC370	FUN_004cc370	local_lifetime	uVar3/mg4	scalar(/uint) -> unknown	004CC3DD:t100 call_return operand=-1 target=004052CC	ANALYSIS; direct=004052CC; resolved=004AD650	retain neutral or current storage; require an exact per-use view	incompatible exact lifetime types=[/int, /uint]	review	1	1
004CC900	TLOBaseTy::sub_004CC900	local_lifetime	uVar1/mg1	scalar(/uint) -> unknown	004CC943:t63 call_return operand=-1 target=004052CC	ANALYSIS; direct=004052CC; resolved=004AD650	retain neutral or current storage; require an exact per-use view	incompatible exact lifetime types=[/int, /uint]	review	1	1
004CC9C0	TLOBaseTy::sub_004CC9C0	return_abi	EAX/x87 return	scalar(/undefined4) -> scalar(/bool)	all reachable callee return paths	all explicit return values are constants in {0,1}, but the source domain alone does not prove the x86 ABI return width; review STAbiConsistencyAnalyzer evidence: [1, 0]	retain current machine-width return pending strict ABI proof	all explicit return values are constants in {0,1}, but the source domain alone does not prove the x86 ABI return width; review STAbiConsistencyAnalyzer evidence: [1, 0]	review	1	1
004CCC10	FUN_004ccc10	local_lifetime	local_EAX_1346/mg0	scalar(/int) -> scalar(/byte)	004CD152:t1528 call_return operand=-1 target=004049B7	ANALYSIS; direct=004049B7; resolved=004406C0	persistent High lifetime already carries the proposed domain	single undefined local lifetime; exact_type_votes=2; score=22; sources=[call_return, scalar_extension]	resolved	1	1
004CCC10	FUN_004ccc10	local_lifetime	local_EAX_1346/mg0	scalar(/int) -> scalar(/byte)	004CD157:t2521 unsigned_scalar_role operand=0 target=	ANALYSIS	persistent High lifetime already carries the proposed domain	single undefined local lifetime; exact_type_votes=2; score=22; sources=[call_return, scalar_extension]	resolved	1	1
004CCC10	FUN_004ccc10	local_lifetime	local_EAX_654/mg0	scalar(/int) -> scalar(/byte)	004CCE9E:t780 call_return operand=-1 target=004049B7	ANALYSIS; direct=004049B7; resolved=004406C0	persistent High lifetime already carries the proposed domain	single undefined local lifetime; exact_type_votes=2; score=22; sources=[call_return, scalar_extension]	resolved	1	1
004CCC10	FUN_004ccc10	local_lifetime	local_EAX_654/mg0	scalar(/int) -> scalar(/byte)	004CCEA6:t2611 unsigned_scalar_role operand=0 target=	ANALYSIS	persistent High lifetime already carries the proposed domain	single undefined local lifetime; exact_type_votes=2; score=22; sources=[call_return, scalar_extension]	resolved	1	1
004CCC10	FUN_004ccc10	local_lifetime	local_EAX_948/mg0	scalar(/int) -> scalar(/byte)	004CCFC4:t1040 call_return operand=-1 target=004049B7	ANALYSIS; direct=004049B7; resolved=004406C0	persistent High lifetime already carries the proposed domain	single undefined local lifetime; exact_type_votes=2; score=22; sources=[call_return, scalar_extension]	resolved	1	1
004CCC10	FUN_004ccc10	local_lifetime	local_EAX_948/mg0	scalar(/int) -> scalar(/byte)	004CCFC9:t2517 unsigned_scalar_role operand=0 target=	ANALYSIS	persistent High lifetime already carries the proposed domain	single undefined local lifetime; exact_type_votes=2; score=22; sources=[call_return, scalar_extension]	resolved	1	1
004D0B90	TLOFakeTy::GetMessage	local_lifetime	local_c/mg0	pointer(pointer:/TLOFakeTy) -> unknown	004D0BB4:t2200 typed_copy operand=0 target=	DEFAULT	retain neutral or current storage; require an exact per-use view	incompatible exact lifetime types=[pointer:/STSprGameObjC, pointer:/TLOFakeTy]	review	1	1
004D11D0	TLOEmbryoTy::Create	local_lifetime	array/mg0	pointer(pointer:/SubmarineTitans/Recovered/DArraySpecializations/DArrayOf_STFishCPtr) -> unknown	004D1697:t19838 typed_copy operand=0 target=	ANALYSIS	retain neutral or current storage; require an exact per-use view	incompatible exact lifetime types=[pointer:/SubmarineTitans/Recovered/DArraySpecializations/DArrayOf_STFishCPtr, pointer:/SubmarineTitans/Recovered/DArrayTy]	review	1	1
004D11D0	TLOEmbryoTy::Create	local_lifetime	uVar6/mg0	scalar(/uint) -> unknown	004D1930:t1511 call_return operand=-1 target=004052CC	ANALYSIS; direct=004052CC; resolved=004AD650	retain neutral or current storage; require an exact per-use view	incompatible exact lifetime types=[/int, /uint]	review	1	1
004D11D0	TLOEmbryoTy::Create	local_lifetime	uVar6/mg4	scalar(/uint) -> unknown	004D1B80:t2122 call_return operand=-1 target=004052CC	ANALYSIS; direct=004052CC; resolved=004AD650	retain neutral or current storage; require an exact per-use view	incompatible exact lifetime types=[/int, /uint]	review	1	1
004D2FD0	FUN_004d2fd0	local_lifetime	local_c/mg0	pointer(pointer:/SubmarineTitans/Recovered/PointerShapes/RecoveredRecordView_0060EA30_C6688588) -> scalar(/uint)	004D30EE:t399 call_argument operand=0 target=006AAC70	ANALYSIS; direct=006AAC70	unattachable High lifetime is represented by the exact address-stable per-use boundary 004D30EE:t399|006AAC70|0	exact call-boundary type is proven, but no same-width transparent p-code path reattaches that argument to one persistent HighSymbol; complete CALL-operand scan records an address-local source view only	neutralized	1	1
004D2FD0	FUN_004d2fd0	local_lifetime	param_1/mg0	scalar(/int) -> pointer(pointer:/STAllPlayersC)	004D3032:t146 call_argument operand=0 target=0040119A	ANALYSIS; direct=0040119A; resolved=004210E0	unattachable High lifetime is represented by the exact address-stable per-use boundary 004D3032:t146|0040119A|0	exact call-boundary type is proven, but no same-width transparent p-code path reattaches that argument to one persistent HighSymbol; complete CALL-operand scan records an address-local source view only	neutralized	1	1
004D2FD0		unattachable_call_argument_lifetime	generated per-use lifetime	anchors=004D3032:t146; target=0040119A; operand=0; locals=param_1; transition=/int -> pointer:/STAllPlayersC	verified by the matching Ghidra analyzer/export evidence	source audit kind=exact_machine_lifetime_call_view	exact source-only lifetime/view; Program ABI unchanged	Ghidra cannot persist this split without merging unrelated machine lifetimes	neutralized	1	1
004D2FD0		unattachable_call_argument_lifetime	generated per-use lifetime	anchors=004D30EE:t399; target=006AAC70; operand=0; locals=local_c; transition=pointer:/SubmarineTitans/Recovered/PointerShapes/RecoveredRecordView_0060EA30_C6688588 -> /uint	verified by the matching Ghidra analyzer/export evidence	source audit kind=exact_machine_lifetime_call_view	exact source-only lifetime/view; Program ABI unchanged	Ghidra cannot persist this split without merging unrelated machine lifetimes	neutralized	1	1
004D32C0	FUN_004d32c0	local_lifetime	puVar12/mg0	pointer(pointer:/undefined4) -> pointer(pointer:/STT3DSprC)	004D376F:t4807 call_argument operand=0 target=00404264	ANALYSIS; direct=00404264; resolved=004AC410	retain neutral or current storage; require an exact per-use view	separate decompiler merge group; exact_type_votes=4; score=16; sources=[call_argument]; exact call-boundary type is proven, but no same-width transparent p-code path reattaches that argument to one persistent HighSymbol	review	1	1
004D32C0	FUN_004d32c0	local_lifetime	puVar12/mg0	pointer(pointer:/undefined4) -> pointer(pointer:/STT3DSprC)	004D3778:t4814 call_argument operand=0 target=00404264	ANALYSIS; direct=00404264; resolved=004AC410	retain neutral or current storage; require an exact per-use view	separate decompiler merge group; exact_type_votes=4; score=16; sources=[call_argument]; exact call-boundary type is proven, but no same-width transparent p-code path reattaches that argument to one persistent HighSymbol	review	1	1
004D32C0	FUN_004d32c0	local_lifetime	puVar12/mg0	pointer(pointer:/undefined4) -> pointer(pointer:/STT3DSprC)	004D3781:t4821 call_argument operand=0 target=00404264	ANALYSIS; direct=00404264; resolved=004AC410	retain neutral or current storage; require an exact per-use view	separate decompiler merge group; exact_type_votes=4; score=16; sources=[call_argument]; exact call-boundary type is proven, but no same-width transparent p-code path reattaches that argument to one persistent HighSymbol	review	1	1
004D32C0	FUN_004d32c0	local_lifetime	puVar12/mg0	pointer(pointer:/undefined4) -> pointer(pointer:/STT3DSprC)	004D378A:t4828 call_argument operand=0 target=00404264	ANALYSIS; direct=00404264; resolved=004AC410	retain neutral or current storage; require an exact per-use view	separate decompiler merge group; exact_type_votes=4; score=16; sources=[call_argument]; exact call-boundary type is proven, but no same-width transparent p-code path reattaches that argument to one persistent HighSymbol	review	1	1
004D32C0	FUN_004d32c0	local_lifetime	puVar12/mg1	pointer(pointer:/undefined4) -> pointer(pointer:/STT3DSprC)	004D35C9:t4369 call_argument operand=0 target=00401064	ANALYSIS; direct=00401064; resolved=004ABE40	retain neutral or current storage; require an exact per-use view	separate decompiler merge group; exact_type_votes=12; score=48; sources=[call_argument]; exact call-boundary type is proven, but no same-width transparent p-code path reattaches that argument to one persistent HighSymbol	review	1	1
004D32C0	FUN_004d32c0	local_lifetime	puVar12/mg1	pointer(pointer:/undefined4) -> pointer(pointer:/STT3DSprC)	004D35DF:t4383 call_argument operand=0 target=00405240	ANALYSIS; direct=00405240; resolved=004AC1A0	retain neutral or current storage; require an exact per-use view	separate decompiler merge group; exact_type_votes=12; score=48; sources=[call_argument]; exact call-boundary type is proven, but no same-width transparent p-code path reattaches that argument to one persistent HighSymbol	review	1	1
004D32C0	FUN_004d32c0	local_lifetime	puVar12/mg1	pointer(pointer:/undefined4) -> pointer(pointer:/STT3DSprC)	004D3608:t4437 call_argument operand=0 target=00401064	ANALYSIS; direct=00401064; resolved=004ABE40	retain neutral or current storage; require an exact per-use view	separate decompiler merge group; exact_type_votes=12; score=48; sources=[call_argument]; exact call-boundary type is proven, but no same-width transparent p-code path reattaches that argument to one persistent HighSymbol	review	1	1
004D32C0	FUN_004d32c0	local_lifetime	puVar12/mg1	pointer(pointer:/undefined4) -> pointer(pointer:/STT3DSprC)	004D361E:t4451 call_argument operand=0 target=00405240	ANALYSIS; direct=00405240; resolved=004AC1A0	retain neutral or current storage; require an exact per-use view	separate decompiler merge group; exact_type_votes=12; score=48; sources=[call_argument]; exact call-boundary type is proven, but no same-width transparent p-code path reattaches that argument to one persistent HighSymbol	review	1	1
004D32C0	FUN_004d32c0	local_lifetime	puVar12/mg1	pointer(pointer:/undefined4) -> pointer(pointer:/STT3DSprC)	004D3656:t4505 call_argument operand=0 target=00404183	ANALYSIS; direct=00404183; resolved=004AB880	retain neutral or current storage; require an exact per-use view	separate decompiler merge group; exact_type_votes=12; score=48; sources=[call_argument]; exact call-boundary type is proven, but no same-width transparent p-code path reattaches that argument to one persistent HighSymbol	review	1	1
004D32C0	FUN_004d32c0	local_lifetime	puVar12/mg1	pointer(pointer:/undefined4) -> pointer(pointer:/STT3DSprC)	004D36B0:t4587 call_argument operand=0 target=00401064	ANALYSIS; direct=00401064; resolved=004ABE40	retain neutral or current storage; require an exact per-use view	separate decompiler merge group; exact_type_votes=12; score=48; sources=[call_argument]; exact call-boundary type is proven, but no same-width transparent p-code path reattaches that argument to one persistent HighSymbol	review	1	1
004D32C0	FUN_004d32c0	local_lifetime	puVar12/mg1	pointer(pointer:/undefined4) -> pointer(pointer:/STT3DSprC)	004D36C6:t4601 call_argument operand=0 target=00405240	ANALYSIS; direct=00405240; resolved=004AC1A0	retain neutral or current storage; require an exact per-use view	separate decompiler merge group; exact_type_votes=12; score=48; sources=[call_argument]; exact call-boundary type is proven, but no same-width transparent p-code path reattaches that argument to one persistent HighSymbol	review	1	1
004D32C0	FUN_004d32c0	local_lifetime	puVar12/mg1	pointer(pointer:/undefined4) -> pointer(pointer:/STT3DSprC)	004D36D4:t4609 call_argument operand=0 target=00405CA9	ANALYSIS; direct=00405CA9; resolved=004ACEF0	retain neutral or current storage; require an exact per-use view	separate decompiler merge group; exact_type_votes=12; score=48; sources=[call_argument]; exact call-boundary type is proven, but no same-width transparent p-code path reattaches that argument to one persistent HighSymbol	review	1	1
004D32C0	FUN_004d32c0	local_lifetime	puVar12/mg1	pointer(pointer:/undefined4) -> pointer(pointer:/STT3DSprC)	004D36F4:t4633 call_argument operand=0 target=00404183	ANALYSIS; direct=00404183; resolved=004AB880	retain neutral or current storage; require an exact per-use view	separate decompiler merge group; exact_type_votes=12; score=48; sources=[call_argument]; exact call-boundary type is proven, but no same-width transparent p-code path reattaches that argument to one persistent HighSymbol	review	1	1
004D32C0	FUN_004d32c0	local_lifetime	puVar12/mg1	pointer(pointer:/undefined4) -> pointer(pointer:/STT3DSprC)	004D3740:t4699 call_argument operand=0 target=00401064	ANALYSIS; direct=00401064; resolved=004ABE40	retain neutral or current storage; require an exact per-use view	separate decompiler merge group; exact_type_votes=12; score=48; sources=[call_argument]; exact call-boundary type is proven, but no same-width transparent p-code path reattaches that argument to one persistent HighSymbol	review	1	1
004D32C0	FUN_004d32c0	local_lifetime	puVar12/mg1	pointer(pointer:/undefined4) -> pointer(pointer:/STT3DSprC)	004D3755:t4713 call_argument operand=0 target=00405240	ANALYSIS; direct=00405240; resolved=004AC1A0	retain neutral or current storage; require an exact per-use view	separate decompiler merge group; exact_type_votes=12; score=48; sources=[call_argument]; exact call-boundary type is proven, but no same-width transparent p-code path reattaches that argument to one persistent HighSymbol	review	1	1
004D32C0	FUN_004d32c0	local_lifetime	puVar12/mg1	pointer(pointer:/undefined4) -> pointer(pointer:/STT3DSprC)	004D375E:t4720 call_argument operand=0 target=00403AFD	ANALYSIS; direct=00403AFD; resolved=004ACF50	retain neutral or current storage; require an exact per-use view	separate decompiler merge group; exact_type_votes=12; score=48; sources=[call_argument]; exact call-boundary type is proven, but no same-width transparent p-code path reattaches that argument to one persistent HighSymbol	review	1	1
004D32C0	FUN_004d32c0	local_lifetime	puVar12/mg2	pointer(pointer:/undefined4) -> pointer(pointer:/STT3DSprC)	004D37B9:t4734 call_argument operand=0 target=00404264	ANALYSIS; direct=00404264; resolved=004AC410	retain neutral or current storage; require an exact per-use view	separate decompiler merge group; exact_type_votes=4; score=16; sources=[call_argument]; exact call-boundary type is proven, but no same-width transparent p-code path reattaches that argument to one persistent HighSymbol	review	1	1
004D32C0	FUN_004d32c0	local_lifetime	puVar12/mg2	pointer(pointer:/undefined4) -> pointer(pointer:/STT3DSprC)	004D37C7:t4744 call_argument operand=0 target=0040498A	ANALYSIS; direct=0040498A; resolved=004ABB30	retain neutral or current storage; require an exact per-use view	separate decompiler merge group; exact_type_votes=4; score=16; sources=[call_argument]; exact call-boundary type is proven, but no same-width transparent p-code path reattaches that argument to one persistent HighSymbol	review	1	1
004D32C0	FUN_004d32c0	local_lifetime	puVar12/mg2	pointer(pointer:/undefined4) -> pointer(pointer:/STT3DSprC)	004D37EC:t4779 call_argument operand=0 target=00404264	ANALYSIS; direct=00404264; resolved=004AC410	retain neutral or current storage; require an exact per-use view	separate decompiler merge group; exact_type_votes=4; score=16; sources=[call_argument]; exact call-boundary type is proven, but no same-width transparent p-code path reattaches that argument to one persistent HighSymbol	review	1	1
004D32C0	FUN_004d32c0	local_lifetime	puVar12/mg2	pointer(pointer:/undefined4) -> pointer(pointer:/STT3DSprC)	004D37FC:t4797 call_argument operand=0 target=0040498A	ANALYSIS; direct=0040498A; resolved=004ABB30	retain neutral or current storage; require an exact per-use view	separate decompiler merge group; exact_type_votes=4; score=16; sources=[call_argument]; exact call-boundary type is proven, but no same-width transparent p-code path reattaches that argument to one persistent HighSymbol	review	1	1
004D32C0	FUN_004d32c0	local_lifetime	puVar12/mg3	pointer(pointer:/undefined4) -> pointer(pointer:/STT3DSprC)	004D334B:t148 call_argument operand=0 target=00401064	ANALYSIS; direct=00401064; resolved=004ABE40	retain neutral or current storage; require an exact per-use view	separate decompiler merge group; exact_type_votes=7; score=28; sources=[call_argument]; exact call-boundary type is proven, but no same-width transparent p-code path reattaches that argument to one persistent HighSymbol	review	1	1
004D32C0	FUN_004d32c0	local_lifetime	puVar12/mg3	pointer(pointer:/undefined4) -> pointer(pointer:/STT3DSprC)	004D3360:t162 call_argument operand=0 target=00405240	ANALYSIS; direct=00405240; resolved=004AC1A0	retain neutral or current storage; require an exact per-use view	separate decompiler merge group; exact_type_votes=7; score=28; sources=[call_argument]; exact call-boundary type is proven, but no same-width transparent p-code path reattaches that argument to one persistent HighSymbol	review	1	1
004D32C0	FUN_004d32c0	local_lifetime	puVar12/mg3	pointer(pointer:/undefined4) -> pointer(pointer:/STT3DSprC)	004D336E:t170 call_argument operand=0 target=00405CA9	ANALYSIS; direct=00405CA9; resolved=004ACEF0	retain neutral or current storage; require an exact per-use view	separate decompiler merge group; exact_type_votes=7; score=28; sources=[call_argument]; exact call-boundary type is proven, but no same-width transparent p-code path reattaches that argument to one persistent HighSymbol	review	1	1
004D32C0	FUN_004d32c0	local_lifetime	puVar12/mg3	pointer(pointer:/undefined4) -> pointer(pointer:/STT3DSprC)	004D338E:t194 call_argument operand=0 target=00404183	ANALYSIS; direct=00404183; resolved=004AB880	retain neutral or current storage; require an exact per-use view	separate decompiler merge group; exact_type_votes=7; score=28; sources=[call_argument]; exact call-boundary type is proven, but no same-width transparent p-code path reattaches that argument to one persistent HighSymbol	review	1	1
004D32C0	FUN_004d32c0	local_lifetime	puVar12/mg3	pointer(pointer:/undefined4) -> pointer(pointer:/STT3DSprC)	004D33DA:t260 call_argument operand=0 target=00401064	ANALYSIS; direct=00401064; resolved=004ABE40	retain neutral or current storage; require an exact per-use view	separate decompiler merge group; exact_type_votes=7; score=28; sources=[call_argument]; exact call-boundary type is proven, but no same-width transparent p-code path reattaches that argument to one persistent HighSymbol	review	1	1
004D32C0	FUN_004d32c0	local_lifetime	puVar12/mg3	pointer(pointer:/undefined4) -> pointer(pointer:/STT3DSprC)	004D33F0:t274 call_argument operand=0 target=00405240	ANALYSIS; direct=00405240; resolved=004AC1A0	retain neutral or current storage; require an exact per-use view	separate decompiler merge group; exact_type_votes=7; score=28; sources=[call_argument]; exact call-boundary type is proven, but no same-width transparent p-code path reattaches that argument to one persistent HighSymbol	review	1	1
004D32C0	FUN_004d32c0	local_lifetime	puVar12/mg3	pointer(pointer:/undefined4) -> pointer(pointer:/STT3DSprC)	004D33F9:t281 call_argument operand=0 target=00403AFD	ANALYSIS; direct=00403AFD; resolved=004ACF50	retain neutral or current storage; require an exact per-use view	separate decompiler merge group; exact_type_votes=7; score=28; sources=[call_argument]; exact call-boundary type is proven, but no same-width transparent p-code path reattaches that argument to one persistent HighSymbol	review	1	1
004D32C0	FUN_004d32c0	local_lifetime	puVar12/mg4	pointer(pointer:/undefined4) -> pointer(pointer:/STT3DSprC)	004D4007:t5357 call_argument operand=0 target=00404264	ANALYSIS; direct=00404264; resolved=004AC410	retain neutral or current storage; require an exact per-use view	separate decompiler merge group; exact_type_votes=14; score=56; sources=[call_argument]; exact call-boundary type is proven, but no same-width transparent p-code path reattaches that argument to one persistent HighSymbol	review	1	1
004D32C0	FUN_004d32c0	local_lifetime	puVar12/mg4	pointer(pointer:/undefined4) -> pointer(pointer:/STT3DSprC)	004D4015:t5367 call_argument operand=0 target=0040498A	ANALYSIS; direct=0040498A; resolved=004ABB30	retain neutral or current storage; require an exact per-use view	separate decompiler merge group; exact_type_votes=14; score=56; sources=[call_argument]; exact call-boundary type is proven, but no same-width transparent p-code path reattaches that argument to one persistent HighSymbol	review	1	1
004D32C0	FUN_004d32c0	local_lifetime	puVar12/mg4	pointer(pointer:/undefined4) -> pointer(pointer:/STT3DSprC)	004D402F:t5398 call_argument operand=0 target=00404264	ANALYSIS; direct=00404264; resolved=004AC410	retain neutral or current storage; require an exact per-use view	separate decompiler merge group; exact_type_votes=14; score=56; sources=[call_argument]; exact call-boundary type is proven, but no same-width transparent p-code path reattaches that argument to one persistent HighSymbol	review	1	1
004D32C0	FUN_004d32c0	local_lifetime	puVar12/mg4	pointer(pointer:/undefined4) -> pointer(pointer:/STT3DSprC)	004D403F:t5416 call_argument operand=0 target=0040498A	ANALYSIS; direct=0040498A; resolved=004ABB30	retain neutral or current storage; require an exact per-use view	separate decompiler merge group; exact_type_votes=14; score=56; sources=[call_argument]; exact call-boundary type is proven, but no same-width transparent p-code path reattaches that argument to one persistent HighSymbol	review	1	1
004D32C0	FUN_004d32c0	local_lifetime	puVar12/mg4	pointer(pointer:/undefined4) -> pointer(pointer:/STT3DSprC)	004D40C3:t5558 call_argument operand=0 target=0040498A	ANALYSIS; direct=0040498A; resolved=004ABB30	retain neutral or current storage; require an exact per-use view	separate decompiler merge group; exact_type_votes=14; score=56; sources=[call_argument]; exact call-boundary type is proven, but no same-width transparent p-code path reattaches that argument to one persistent HighSymbol	review	1	1
004D32C0	FUN_004d32c0	local_lifetime	puVar12/mg4	pointer(pointer:/undefined4) -> pointer(pointer:/STT3DSprC)	004D4164:t5743 call_argument operand=0 target=00404183	ANALYSIS; direct=00404183; resolved=004AB880	retain neutral or current storage; require an exact per-use view	separate decompiler merge group; exact_type_votes=14; score=56; sources=[call_argument]; exact call-boundary type is proven, but no same-width transparent p-code path reattaches that argument to one persistent HighSymbol	review	1	1
004D32C0	FUN_004d32c0	local_lifetime	puVar12/mg4	pointer(pointer:/undefined4) -> pointer(pointer:/STT3DSprC)	004D41B1:t5826 call_argument operand=0 target=00404183	ANALYSIS; direct=00404183; resolved=004AB880	retain neutral or current storage; require an exact per-use view	separate decompiler merge group; exact_type_votes=14; score=56; sources=[call_argument]; exact call-boundary type is proven, but no same-width transparent p-code path reattaches that argument to one persistent HighSymbol	review	1	1
004D32C0	FUN_004d32c0	local_lifetime	puVar12/mg4	pointer(pointer:/undefined4) -> pointer(pointer:/STT3DSprC)	004D41DE:t6080 call_argument operand=0 target=00404183	ANALYSIS; direct=00404183; resolved=004AB880	retain neutral or current storage; require an exact per-use view	separate decompiler merge group; exact_type_votes=14; score=56; sources=[call_argument]; exact call-boundary type is proven, but no same-width transparent p-code path reattaches that argument to one persistent HighSymbol	review	1	1
004D32C0	FUN_004d32c0	local_lifetime	puVar12/mg4	pointer(pointer:/undefined4) -> pointer(pointer:/STT3DSprC)	004D422B:t6163 call_argument operand=0 target=00404183	ANALYSIS; direct=00404183; resolved=004AB880	retain neutral or current storage; require an exact per-use view	separate decompiler merge group; exact_type_votes=14; score=56; sources=[call_argument]; exact call-boundary type is proven, but no same-width transparent p-code path reattaches that argument to one persistent HighSymbol	review	1	1
004D32C0	FUN_004d32c0	local_lifetime	puVar12/mg4	pointer(pointer:/undefined4) -> pointer(pointer:/STT3DSprC)	004D4259:t6217 call_argument operand=0 target=00404183	ANALYSIS; direct=00404183; resolved=004AB880	retain neutral or current storage; require an exact per-use view	separate decompiler merge group; exact_type_votes=14; score=56; sources=[call_argument]; exact call-boundary type is proven, but no same-width transparent p-code path reattaches that argument to one persistent HighSymbol	review	1	1
004D32C0	FUN_004d32c0	local_lifetime	puVar12/mg4	pointer(pointer:/undefined4) -> pointer(pointer:/STT3DSprC)	004D427F:t6251 call_argument operand=0 target=00404183	ANALYSIS; direct=00404183; resolved=004AB880	retain neutral or current storage; require an exact per-use view	separate decompiler merge group; exact_type_votes=14; score=56; sources=[call_argument]; exact call-boundary type is proven, but no same-width transparent p-code path reattaches that argument to one persistent HighSymbol	review	1	1
004D32C0	FUN_004d32c0	local_lifetime	puVar12/mg4	pointer(pointer:/undefined4) -> pointer(pointer:/STT3DSprC)	004D42E7:t5917 call_argument operand=0 target=00401064	ANALYSIS; direct=00401064; resolved=004ABE40	retain neutral or current storage; require an exact per-use view	separate decompiler merge group; exact_type_votes=14; score=56; sources=[call_argument]; exact call-boundary type is proven, but no same-width transparent p-code path reattaches that argument to one persistent HighSymbol	review	1	1
004D32C0	FUN_004d32c0	local_lifetime	puVar12/mg4	pointer(pointer:/undefined4) -> pointer(pointer:/STT3DSprC)	004D4301:t5934 call_argument operand=0 target=00405240	ANALYSIS; direct=00405240; resolved=004AC1A0	retain neutral or current storage; require an exact per-use view	separate decompiler merge group; exact_type_votes=14; score=56; sources=[call_argument]; exact call-boundary type is proven, but no same-width transparent p-code path reattaches that argument to one persistent HighSymbol	review	1	1
004D32C0	FUN_004d32c0	local_lifetime	puVar12/mg4	pointer(pointer:/undefined4) -> pointer(pointer:/STT3DSprC)	004D435E:t6035 call_argument operand=0 target=00401064	ANALYSIS; direct=00401064; resolved=004ABE40	retain neutral or current storage; require an exact per-use view	separate decompiler merge group; exact_type_votes=14; score=56; sources=[call_argument]; exact call-boundary type is proven, but no same-width transparent p-code path reattaches that argument to one persistent HighSymbol	review	1	1
004D32C0	FUN_004d32c0	local_lifetime	puVar12/mg5	pointer(pointer:/undefined4) -> pointer(pointer:/STT3DSprC)	004D3E82:t6502 call_argument operand=0 target=00401064	ANALYSIS; direct=00401064; resolved=004ABE40	retain neutral or current storage; require an exact per-use view	separate decompiler merge group; exact_type_votes=4; score=16; sources=[call_argument]; exact call-boundary type is proven, but no same-width transparent p-code path reattaches that argument to one persistent HighSymbol	review	1	1
004D32C0	FUN_004d32c0	local_lifetime	puVar12/mg5	pointer(pointer:/undefined4) -> pointer(pointer:/STT3DSprC)	004D3E9D:t6519 call_argument operand=0 target=00405240	ANALYSIS; direct=00405240; resolved=004AC1A0	retain neutral or current storage; require an exact per-use view	separate decompiler merge group; exact_type_votes=4; score=16; sources=[call_argument]; exact call-boundary type is proven, but no same-width transparent p-code path reattaches that argument to one persistent HighSymbol	review	1	1
004D32C0	FUN_004d32c0	local_lifetime	puVar12/mg5	pointer(pointer:/undefined4) -> pointer(pointer:/STT3DSprC)	004D3F16:t6636 call_argument operand=0 target=00401064	ANALYSIS; direct=00401064; resolved=004ABE40	retain neutral or current storage; require an exact per-use view	separate decompiler merge group; exact_type_votes=4; score=16; sources=[call_argument]; exact call-boundary type is proven, but no same-width transparent p-code path reattaches that argument to one persistent HighSymbol	review	1	1
004D32C0	FUN_004d32c0	local_lifetime	puVar12/mg5	pointer(pointer:/undefined4) -> pointer(pointer:/STT3DSprC)	004D3F33:t6661 call_argument operand=0 target=00405240	ANALYSIS; direct=00405240; resolved=004AC1A0	retain neutral or current storage; require an exact per-use view	separate decompiler merge group; exact_type_votes=4; score=16; sources=[call_argument]; exact call-boundary type is proven, but no same-width transparent p-code path reattaches that argument to one persistent HighSymbol	review	1	1
004D32C0	FUN_004d32c0	local_lifetime	puVar12/mg7	pointer(pointer:/undefined4) -> pointer(pointer:/STT3DSprC)	004D3C80:t6909 call_argument operand=0 target=00401064	ANALYSIS; direct=00401064; resolved=004ABE40	retain neutral or current storage; require an exact per-use view	separate decompiler merge group; exact_type_votes=4; score=16; sources=[call_argument]; exact call-boundary type is proven, but no same-width transparent p-code path reattaches that argument to one persistent HighSymbol	review	1	1
004D32C0	FUN_004d32c0	local_lifetime	puVar12/mg7	pointer(pointer:/undefined4) -> pointer(pointer:/STT3DSprC)	004D3C9B:t6926 call_argument operand=0 target=00405240	ANALYSIS; direct=00405240; resolved=004AC1A0	retain neutral or current storage; require an exact per-use view	separate decompiler merge group; exact_type_votes=4; score=16; sources=[call_argument]; exact call-boundary type is proven, but no same-width transparent p-code path reattaches that argument to one persistent HighSymbol	review	1	1
004D32C0	FUN_004d32c0	local_lifetime	puVar12/mg7	pointer(pointer:/undefined4) -> pointer(pointer:/STT3DSprC)	004D3D00:t7025 call_argument operand=0 target=00401064	ANALYSIS; direct=00401064; resolved=004ABE40	retain neutral or current storage; require an exact per-use view	separate decompiler merge group; exact_type_votes=4; score=16; sources=[call_argument]; exact call-boundary type is proven, but no same-width transparent p-code path reattaches that argument to one persistent HighSymbol	review	1	1
004D32C0	FUN_004d32c0	local_lifetime	puVar12/mg7	pointer(pointer:/undefined4) -> pointer(pointer:/STT3DSprC)	004D3D1D:t7050 call_argument operand=0 target=00405240	ANALYSIS; direct=00405240; resolved=004AC1A0	retain neutral or current storage; require an exact per-use view	separate decompiler merge group; exact_type_votes=4; score=16; sources=[call_argument]; exact call-boundary type is proven, but no same-width transparent p-code path reattaches that argument to one persistent HighSymbol	review	1	1
004D32C0	FUN_004d32c0	local_lifetime	puVar12/mg8	pointer(pointer:/undefined4) -> pointer(pointer:/STT3DSprC)	004D3B8D:t7451 call_argument operand=0 target=00401064	ANALYSIS; direct=00401064; resolved=004ABE40	retain neutral or current storage; require an exact per-use view	separate decompiler merge group; exact_type_votes=3; score=12; sources=[call_argument]; exact call-boundary type is proven, but no same-width transparent p-code path reattaches that argument to one persistent HighSymbol	review	1	1
004D32C0	FUN_004d32c0	local_lifetime	puVar12/mg8	pointer(pointer:/undefined4) -> pointer(pointer:/STT3DSprC)	004D3BA8:t7468 call_argument operand=0 target=00405240	ANALYSIS; direct=00405240; resolved=004AC1A0	retain neutral or current storage; require an exact per-use view	separate decompiler merge group; exact_type_votes=3; score=12; sources=[call_argument]; exact call-boundary type is proven, but no same-width transparent p-code path reattaches that argument to one persistent HighSymbol	review	1	1
004D32C0	FUN_004d32c0	local_lifetime	puVar12/mg8	pointer(pointer:/undefined4) -> pointer(pointer:/STT3DSprC)	004D3C03:t7554 call_argument operand=0 target=00401064	ANALYSIS; direct=00401064; resolved=004ABE40	retain neutral or current storage; require an exact per-use view	separate decompiler merge group; exact_type_votes=3; score=12; sources=[call_argument]; exact call-boundary type is proven, but no same-width transparent p-code path reattaches that argument to one persistent HighSymbol	review	1	1
004D32C0	FUN_004d32c0	local_lifetime	puVar12/mg9	pointer(pointer:/undefined4) -> pointer(pointer:/STT3DSprC)	004D4C4B:t2941 call_argument operand=0 target=00404264	ANALYSIS; direct=00404264; resolved=004AC410	retain neutral or current storage; require an exact per-use view	separate decompiler merge group; exact_type_votes=7; score=28; sources=[call_argument]; exact call-boundary type is proven, but no same-width transparent p-code path reattaches that argument to one persistent HighSymbol	review	1	1
004D32C0	FUN_004d32c0	local_lifetime	puVar12/mg9	pointer(pointer:/undefined4) -> pointer(pointer:/STT3DSprC)	004D4C54:t2948 call_argument operand=0 target=00404264	ANALYSIS; direct=00404264; resolved=004AC410	retain neutral or current storage; require an exact per-use view	separate decompiler merge group; exact_type_votes=7; score=28; sources=[call_argument]; exact call-boundary type is proven, but no same-width transparent p-code path reattaches that argument to one persistent HighSymbol	review	1	1
004D32C0	FUN_004d32c0	local_lifetime	puVar12/mg9	pointer(pointer:/undefined4) -> pointer(pointer:/STT3DSprC)	004D4C5D:t2955 call_argument operand=0 target=00404264	ANALYSIS; direct=00404264; resolved=004AC410	retain neutral or current storage; require an exact per-use view	separate decompiler merge group; exact_type_votes=7; score=28; sources=[call_argument]; exact call-boundary type is proven, but no same-width transparent p-code path reattaches that argument to one persistent HighSymbol	review	1	1
004D32C0	FUN_004d32c0	local_lifetime	puVar12/mg9	pointer(pointer:/undefined4) -> pointer(pointer:/STT3DSprC)	004D4C66:t2962 call_argument operand=0 target=00404264	ANALYSIS; direct=00404264; resolved=004AC410	retain neutral or current storage; require an exact per-use view	separate decompiler merge group; exact_type_votes=7; score=28; sources=[call_argument]; exact call-boundary type is proven, but no same-width transparent p-code path reattaches that argument to one persistent HighSymbol	review	1	1
004D32C0	FUN_004d32c0	local_lifetime	puVar12/mg9	pointer(pointer:/undefined4) -> pointer(pointer:/STT3DSprC)	004D4C7E:t2985 call_argument operand=0 target=00404264	ANALYSIS; direct=00404264; resolved=004AC410	retain neutral or current storage; require an exact per-use view	separate decompiler merge group; exact_type_votes=7; score=28; sources=[call_argument]; exact call-boundary type is proven, but no same-width transparent p-code path reattaches that argument to one persistent HighSymbol	review	1	1
004D32C0	FUN_004d32c0	local_lifetime	puVar12/mg9	pointer(pointer:/undefined4) -> pointer(pointer:/STT3DSprC)	004D4D19:t3152 call_argument operand=0 target=00404183	ANALYSIS; direct=00404183; resolved=004AB880	retain neutral or current storage; require an exact per-use view	separate decompiler merge group; exact_type_votes=7; score=28; sources=[call_argument]; exact call-boundary type is proven, but no same-width transparent p-code path reattaches that argument to one persistent HighSymbol	review	1	1
004D32C0	FUN_004d32c0	local_lifetime	puVar12/mg9	pointer(pointer:/undefined4) -> pointer(pointer:/STT3DSprC)	004D4D3E:t3197 call_argument operand=0 target=00405240	ANALYSIS; direct=00405240; resolved=004AC1A0	retain neutral or current storage; require an exact per-use view	separate decompiler merge group; exact_type_votes=7; score=28; sources=[call_argument]; exact call-boundary type is proven, but no same-width transparent p-code path reattaches that argument to one persistent HighSymbol	review	1	1
004D32C0	FUN_004d32c0	local_lifetime	uVar2/mg0	scalar(/int) -> scalar(/byte)	004D440A:t641 call_return operand=-1 target=004049B7	ANALYSIS; direct=004049B7; resolved=004406C0	persistent High lifetime already carries the proposed domain	single undefined local lifetime; exact_type_votes=2; score=22; sources=[call_return, scalar_extension]	resolved	1	1
004D32C0	FUN_004d32c0	local_lifetime	uVar2/mg0	scalar(/int) -> scalar(/byte)	004D440F:t10978 unsigned_scalar_role operand=0 target=	ANALYSIS	persistent High lifetime already carries the proposed domain	single undefined local lifetime; exact_type_votes=2; score=22; sources=[call_return, scalar_extension]	resolved	1	1
004D5470	FUN_004d5470	local_lifetime	uVar3/mg0	scalar(/uint) -> unknown	004D54E4:t164 call_return operand=-1 target=004052CC	ANALYSIS; direct=004052CC; resolved=004AD650	retain neutral or current storage; require an exact per-use view	incompatible exact lifetime types=[/int, /uint]	review	1	1
004D5470	FUN_004d5470	local_lifetime	uVar3/mg1	scalar(/uint) -> unknown	004D5501:t192 call_return operand=-1 target=004052CC	ANALYSIS; direct=004052CC; resolved=004AD650	retain neutral or current storage; require an exact per-use view	incompatible exact lifetime types=[/int, /uint]	review	1	1
004D5470	FUN_004d5470	local_lifetime	uVar3/mg2	scalar(/uint) -> unknown	004D5525:t222 call_return operand=-1 target=004052CC	ANALYSIS; direct=004052CC; resolved=004AD650	retain neutral or current storage; require an exact per-use view	incompatible exact lifetime types=[/int, /uint]	review	1	1
004D5470	FUN_004d5470	local_lifetime	uVar3/mg3	scalar(/uint) -> unknown	004D5486:t30 call_return operand=-1 target=004052CC	ANALYSIS; direct=004052CC; resolved=004AD650	retain neutral or current storage; require an exact per-use view	incompatible exact lifetime types=[/int, /uint]	review	1	1
004D5470	FUN_004d5470	local_lifetime	uVar3/mg4	scalar(/uint) -> unknown	004D54A3:t58 call_return operand=-1 target=004052CC	ANALYSIS; direct=004052CC; resolved=004AD650	retain neutral or current storage; require an exact per-use view	incompatible exact lifetime types=[/int, /uint]	review	1	1
004D5470	FUN_004d5470	local_lifetime	uVar3/mg5	scalar(/uint) -> unknown	004D54C7:t88 call_return operand=-1 target=004052CC	ANALYSIS; direct=004052CC; resolved=004AD650	retain neutral or current storage; require an exact per-use view	incompatible exact lifetime types=[/int, /uint]	review	1	1
004D55B0	TLOEmbryoTy::GetMessage	local_lifetime	local_c/mg0	pointer(pointer:/TLOEmbryoTy) -> unknown	004D55D7:t9354 typed_copy operand=0 target=	DEFAULT	retain neutral or current storage; require an exact per-use view	incompatible exact lifetime types=[pointer:/STSprGameObjC, pointer:/TLOEmbryoTy]	review	1	1
004D55B0	TLOEmbryoTy::GetMessage	local_lifetime	ppTVar12/mg0	pointer(pointer:pointer:/SubmarineTitans/Recovered/VTables/TLOEmbryoTyVTable_at_1D5) -> pointer(pointer:/STT3DSprC)	004D588C:t1078 call_argument operand=0 target=00401064	ANALYSIS; direct=00401064; resolved=004ABE40	retain neutral or current storage; require an exact per-use view	separate decompiler merge group; exact_type_votes=7; score=28; sources=[call_argument]; exact call-boundary type is proven, but no same-width transparent p-code path reattaches that argument to one persistent HighSymbol	review	1	1
004D55B0	TLOEmbryoTy::GetMessage	local_lifetime	ppTVar12/mg0	pointer(pointer:pointer:/SubmarineTitans/Recovered/VTables/TLOEmbryoTyVTable_at_1D5) -> pointer(pointer:/STT3DSprC)	004D58A2:t1092 call_argument operand=0 target=00405240	ANALYSIS; direct=00405240; resolved=004AC1A0	retain neutral or current storage; require an exact per-use view	separate decompiler merge group; exact_type_votes=7; score=28; sources=[call_argument]; exact call-boundary type is proven, but no same-width transparent p-code path reattaches that argument to one persistent HighSymbol	review	1	1
004D55B0	TLOEmbryoTy::GetMessage	local_lifetime	ppTVar12/mg0	pointer(pointer:pointer:/SubmarineTitans/Recovered/VTables/TLOEmbryoTyVTable_at_1D5) -> pointer(pointer:/STT3DSprC)	004D58CB:t1146 call_argument operand=0 target=00401064	ANALYSIS; direct=00401064; resolved=004ABE40	retain neutral or current storage; require an exact per-use view	separate decompiler merge group; exact_type_votes=7; score=28; sources=[call_argument]; exact call-boundary type is proven, but no same-width transparent p-code path reattaches that argument to one persistent HighSymbol	review	1	1
004D55B0	TLOEmbryoTy::GetMessage	local_lifetime	ppTVar12/mg0	pointer(pointer:pointer:/SubmarineTitans/Recovered/VTables/TLOEmbryoTyVTable_at_1D5) -> pointer(pointer:/STT3DSprC)	004D58E1:t1160 call_argument operand=0 target=00405240	ANALYSIS; direct=00405240; resolved=004AC1A0	retain neutral or current storage; require an exact per-use view	separate decompiler merge group; exact_type_votes=7; score=28; sources=[call_argument]; exact call-boundary type is proven, but no same-width transparent p-code path reattaches that argument to one persistent HighSymbol	review	1	1
004D55B0	TLOEmbryoTy::GetMessage	local_lifetime	ppTVar12/mg0	pointer(pointer:pointer:/SubmarineTitans/Recovered/VTables/TLOEmbryoTyVTable_at_1D5) -> pointer(pointer:/STT3DSprC)	004D5941:t1253 call_argument operand=0 target=00401064	ANALYSIS; direct=00401064; resolved=004ABE40	retain neutral or current storage; require an exact per-use view	separate decompiler merge group; exact_type_votes=7; score=28; sources=[call_argument]; exact call-boundary type is proven, but no same-width transparent p-code path reattaches that argument to one persistent HighSymbol	review	1	1
004D55B0	TLOEmbryoTy::GetMessage	local_lifetime	ppTVar12/mg0	pointer(pointer:pointer:/SubmarineTitans/Recovered/VTables/TLOEmbryoTyVTable_at_1D5) -> pointer(pointer:/STT3DSprC)	004D5957:t1267 call_argument operand=0 target=00405240	ANALYSIS; direct=00405240; resolved=004AC1A0	retain neutral or current storage; require an exact per-use view	separate decompiler merge group; exact_type_votes=7; score=28; sources=[call_argument]; exact call-boundary type is proven, but no same-width transparent p-code path reattaches that argument to one persistent HighSymbol	review	1	1
004D55B0	TLOEmbryoTy::GetMessage	local_lifetime	ppTVar12/mg0	pointer(pointer:pointer:/SubmarineTitans/Recovered/VTables/TLOEmbryoTyVTable_at_1D5) -> pointer(pointer:/STT3DSprC)	004D5977:t1291 call_argument operand=0 target=00404183	ANALYSIS; direct=00404183; resolved=004AB880	retain neutral or current storage; require an exact per-use view	separate decompiler merge group; exact_type_votes=7; score=28; sources=[call_argument]; exact call-boundary type is proven, but no same-width transparent p-code path reattaches that argument to one persistent HighSymbol	review	1	1
004D55B0	TLOEmbryoTy::GetMessage	local_lifetime	ppTVar12/mg1	pointer(pointer:pointer:/SubmarineTitans/Recovered/VTables/TLOEmbryoTyVTable_at_1D5) -> pointer(pointer:/STT3DSprC)	004D57AD:t610 call_argument operand=0 target=00404183	ANALYSIS; direct=00404183; resolved=004AB880	retain neutral or current storage; require an exact per-use view	separate decompiler merge group; exact_type_votes=4; score=16; sources=[call_argument]; exact call-boundary type is proven, but no same-width transparent p-code path reattaches that argument to one persistent HighSymbol	review	1	1
004D55B0	TLOEmbryoTy::GetMessage	local_lifetime	ppTVar12/mg1	pointer(pointer:pointer:/SubmarineTitans/Recovered/VTables/TLOEmbryoTyVTable_at_1D5) -> pointer(pointer:/STT3DSprC)	004D57F9:t676 call_argument operand=0 target=00401064	ANALYSIS; direct=00401064; resolved=004ABE40	retain neutral or current storage; require an exact per-use view	separate decompiler merge group; exact_type_votes=4; score=16; sources=[call_argument]; exact call-boundary type is proven, but no same-width transparent p-code path reattaches that argument to one persistent HighSymbol	review	1	1
004D55B0	TLOEmbryoTy::GetMessage	local_lifetime	ppTVar12/mg1	pointer(pointer:pointer:/SubmarineTitans/Recovered/VTables/TLOEmbryoTyVTable_at_1D5) -> pointer(pointer:/STT3DSprC)	004D580F:t690 call_argument operand=0 target=00405240	ANALYSIS; direct=00405240; resolved=004AC1A0	retain neutral or current storage; require an exact per-use view	separate decompiler merge group; exact_type_votes=4; score=16; sources=[call_argument]; exact call-boundary type is proven, but no same-width transparent p-code path reattaches that argument to one persistent HighSymbol	review	1	1
004D55B0	TLOEmbryoTy::GetMessage	local_lifetime	ppTVar12/mg1	pointer(pointer:pointer:/SubmarineTitans/Recovered/VTables/TLOEmbryoTyVTable_at_1D5) -> pointer(pointer:/STT3DSprC)	004D582E:t714 call_argument operand=0 target=00404183	ANALYSIS; direct=00404183; resolved=004AB880	retain neutral or current storage; require an exact per-use view	separate decompiler merge group; exact_type_votes=4; score=16; sources=[call_argument]; exact call-boundary type is proven, but no same-width transparent p-code path reattaches that argument to one persistent HighSymbol	review	1	1
004D55B0	TLOEmbryoTy::GetMessage	local_lifetime	ppTVar12/mg2	pointer(pointer:pointer:/SubmarineTitans/Recovered/VTables/TLOEmbryoTyVTable_at_1D5) -> pointer(pointer:/STT3DSprC)	004D59C3:t781 call_argument operand=0 target=00401064	ANALYSIS; direct=00401064; resolved=004ABE40	retain neutral or current storage; require an exact per-use view	separate decompiler merge group; exact_type_votes=3; score=12; sources=[call_argument]; exact call-boundary type is proven, but no same-width transparent p-code path reattaches that argument to one persistent HighSymbol	review	1	1
004D55B0	TLOEmbryoTy::GetMessage	local_lifetime	ppTVar12/mg2	pointer(pointer:pointer:/SubmarineTitans/Recovered/VTables/TLOEmbryoTyVTable_at_1D5) -> pointer(pointer:/STT3DSprC)	004D59D9:t795 call_argument operand=0 target=00405240	ANALYSIS; direct=00405240; resolved=004AC1A0	retain neutral or current storage; require an exact per-use view	separate decompiler merge group; exact_type_votes=3; score=12; sources=[call_argument]; exact call-boundary type is proven, but no same-width transparent p-code path reattaches that argument to one persistent HighSymbol	review	1	1
004D55B0	TLOEmbryoTy::GetMessage	local_lifetime	ppTVar12/mg2	pointer(pointer:pointer:/SubmarineTitans/Recovered/VTables/TLOEmbryoTyVTable_at_1D5) -> pointer(pointer:/STT3DSprC)	004D59E2:t802 call_argument operand=0 target=00403AFD	ANALYSIS; direct=00403AFD; resolved=004ACF50	retain neutral or current storage; require an exact per-use view	separate decompiler merge group; exact_type_votes=3; score=12; sources=[call_argument]; exact call-boundary type is proven, but no same-width transparent p-code path reattaches that argument to one persistent HighSymbol	review	1	1
004D55B0	TLOEmbryoTy::GetMessage	local_lifetime	ppTVar12/mg3	pointer(pointer:pointer:/SubmarineTitans/Recovered/VTables/TLOEmbryoTyVTable_at_1D5) -> pointer(pointer:/STT3DSprC)	004D5BD9:t1851 call_argument operand=0 target=00404183	ANALYSIS; direct=00404183; resolved=004AB880	retain neutral or current storage; require an exact per-use view	separate decompiler merge group; exact_type_votes=2; score=8; sources=[call_argument]; exact call-boundary type is proven, but no same-width transparent p-code path reattaches that argument to one persistent HighSymbol	review	1	1
004D55B0	TLOEmbryoTy::GetMessage	local_lifetime	ppTVar12/mg3	pointer(pointer:pointer:/SubmarineTitans/Recovered/VTables/TLOEmbryoTyVTable_at_1D5) -> pointer(pointer:/STT3DSprC)	004D5C09:t1904 call_argument operand=0 target=00405240	ANALYSIS; direct=00405240; resolved=004AC1A0	retain neutral or current storage; require an exact per-use view	separate decompiler merge group; exact_type_votes=2; score=8; sources=[call_argument]; exact call-boundary type is proven, but no same-width transparent p-code path reattaches that argument to one persistent HighSymbol	review	1	1
004D55B0	TLOEmbryoTy::GetMessage	local_lifetime	ppTVar12/mg4	pointer(pointer:pointer:/SubmarineTitans/Recovered/VTables/TLOEmbryoTyVTable_at_1D5) -> pointer(pointer:/STT3DSprC)	004D5F4F:t3176 call_argument operand=0 target=00401064	ANALYSIS; direct=00401064; resolved=004ABE40	retain neutral or current storage; require an exact per-use view	separate decompiler merge group; exact_type_votes=4; score=16; sources=[call_argument]; exact call-boundary type is proven, but no same-width transparent p-code path reattaches that argument to one persistent HighSymbol	review	1	1
004D55B0	TLOEmbryoTy::GetMessage	local_lifetime	ppTVar12/mg4	pointer(pointer:pointer:/SubmarineTitans/Recovered/VTables/TLOEmbryoTyVTable_at_1D5) -> pointer(pointer:/STT3DSprC)	004D5F6A:t3193 call_argument operand=0 target=00405240	ANALYSIS; direct=00405240; resolved=004AC1A0	retain neutral or current storage; require an exact per-use view	separate decompiler merge group; exact_type_votes=4; score=16; sources=[call_argument]; exact call-boundary type is proven, but no same-width transparent p-code path reattaches that argument to one persistent HighSymbol	review	1	1
004D55B0	TLOEmbryoTy::GetMessage	local_lifetime	ppTVar12/mg4	pointer(pointer:pointer:/SubmarineTitans/Recovered/VTables/TLOEmbryoTyVTable_at_1D5) -> pointer(pointer:/STT3DSprC)	004D5FE3:t3310 call_argument operand=0 target=00401064	ANALYSIS; direct=00401064; resolved=004ABE40	retain neutral or current storage; require an exact per-use view	separate decompiler merge group; exact_type_votes=4; score=16; sources=[call_argument]; exact call-boundary type is proven, but no same-width transparent p-code path reattaches that argument to one persistent HighSymbol	review	1	1
004D55B0	TLOEmbryoTy::GetMessage	local_lifetime	ppTVar12/mg4	pointer(pointer:pointer:/SubmarineTitans/Recovered/VTables/TLOEmbryoTyVTable_at_1D5) -> pointer(pointer:/STT3DSprC)	004D6000:t3335 call_argument operand=0 target=00405240	ANALYSIS; direct=00405240; resolved=004AC1A0	retain neutral or current storage; require an exact per-use view	separate decompiler merge group; exact_type_votes=4; score=16; sources=[call_argument]; exact call-boundary type is proven, but no same-width transparent p-code path reattaches that argument to one persistent HighSymbol	review	1	1
004D7270	FUN_004d7270	local_lifetime	local_EAX_171/mg0	scalar(/int) -> scalar(/byte)	004D731B:t186 call_return operand=-1 target=004049B7	ANALYSIS; direct=004049B7; resolved=004406C0	persistent High lifetime already carries the proposed domain	single undefined local lifetime; exact_type_votes=2; score=22; sources=[call_return, scalar_extension]	resolved	1	1
004D7270	FUN_004d7270	local_lifetime	local_EAX_171/mg0	scalar(/int) -> scalar(/byte)	004D7320:t334 unsigned_scalar_role operand=0 target=	ANALYSIS	persistent High lifetime already carries the proposed domain	single undefined local lifetime; exact_type_votes=2; score=22; sources=[call_return, scalar_extension]	resolved	1	1
004D7270	FUN_004d7270	local_lifetime	uVar3/mg0	scalar(/int) -> scalar(/byte)	004D72E9:t135 call_return operand=-1 target=004049B7	ANALYSIS; direct=004049B7; resolved=004406C0	persistent High lifetime already carries the proposed domain	single undefined local lifetime; exact_type_votes=2; score=22; sources=[call_return, scalar_extension]	resolved	1	1
004D7270	FUN_004d7270	local_lifetime	uVar3/mg0	scalar(/int) -> scalar(/byte)	004D72EE:t332 unsigned_scalar_role operand=0 target=	ANALYSIS	persistent High lifetime already carries the proposed domain	single undefined local lifetime; exact_type_votes=2; score=22; sources=[call_return, scalar_extension]	resolved	1	1
004DC760	FUN_004dc760	local_lifetime	dVar4/mg0	scalar(/dword) -> scalar(/uint)	004DC971:t1515 unsigned_scalar_role operand=0 target=	INT_RIGHT	retain neutral or current storage; require an exact per-use view	separate decompiler merge group; exact_type_votes=1; score=4; sources=[scalar_arithmetic]; one-way call conversion alone is review-only	review	1	1
004DC760	FUN_004dc760	local_lifetime	dVar4/mg1	scalar(/dword) -> scalar(/uint)	004DC7F7:t1513 unsigned_scalar_role operand=0 target=	INT_RIGHT	retain neutral or current storage; require an exact per-use view	separate decompiler merge group; exact_type_votes=1; score=4; sources=[scalar_arithmetic]; one-way call conversion alone is review-only	review	1	1
004DC760	FUN_004dc760	local_lifetime	dVar4/mg2	scalar(/dword) -> scalar(/uint)	004DC87D:t1514 unsigned_scalar_role operand=0 target=	INT_RIGHT	retain neutral or current storage; require an exact per-use view	separate decompiler merge group; exact_type_votes=1; score=4; sources=[scalar_arithmetic]; one-way call conversion alone is review-only	review	1	1
004DD260	FUN_004dd260	return_abi	EAX/x87 return	scalar(/undefined4) -> scalar(/bool)	all reachable callee return paths	all explicit return values are constants in {0,1}, but the source domain alone does not prove the x86 ABI return width; review STAbiConsistencyAnalyzer evidence: [1, 0]	retain current machine-width return pending strict ABI proof	all explicit return values are constants in {0,1}, but the source domain alone does not prove the x86 ABI return width; review STAbiConsistencyAnalyzer evidence: [1, 0]	review	1	1
004DD740	FUN_004dd740	return_abi	EAX/x87 return	scalar(/undefined4) -> scalar(/bool)	all reachable callee return paths	all explicit return values are constants in {0,1}, but the source domain alone does not prove the x86 ABI return width; review STAbiConsistencyAnalyzer evidence: [0, 1]	retain current machine-width return pending strict ABI proof	all explicit return values are constants in {0,1}, but the source domain alone does not prove the x86 ABI return width; review STAbiConsistencyAnalyzer evidence: [0, 1]	review	1	1
004DE7D0	TLOBaseTy::sub_004DE7D0	return_abi	EAX/x87 return	scalar(/undefined4) -> scalar(/bool)	all reachable callee return paths	all explicit return values are constants in {0,1}, but the source domain alone does not prove the x86 ABI return width; review STAbiConsistencyAnalyzer evidence: [1, 0]	retain current machine-width return pending strict ABI proof	all explicit return values are constants in {0,1}, but the source domain alone does not prove the x86 ABI return width; review STAbiConsistencyAnalyzer evidence: [1, 0]	review	1	1
004DE820	FUN_004de820	return_abi	EAX/x87 return	scalar(/undefined4) -> scalar(/bool)	all reachable callee return paths	all explicit return values are constants in {0,1}, but the source domain alone does not prove the x86 ABI return width; review STAbiConsistencyAnalyzer evidence: [0, 1, 1]	retain current machine-width return pending strict ABI proof	all explicit return values are constants in {0,1}, but the source domain alone does not prove the x86 ABI return width; review STAbiConsistencyAnalyzer evidence: [0, 1, 1]	review	1	1
004DEC10	FUN_004dec10	local_lifetime	dVar2/mg0	scalar(/dword) -> scalar(/uint)	004DEDDD:t1032 unsigned_scalar_role operand=0 target=	INT_RIGHT	retain neutral or current storage; require an exact per-use view	separate decompiler merge group; exact_type_votes=1; score=4; sources=[scalar_arithmetic]; one-way call conversion alone is review-only	review	1	1
004DEC10	FUN_004dec10	local_lifetime	dVar2/mg1	scalar(/dword) -> scalar(/uint)	004DED52:t1031 unsigned_scalar_role operand=0 target=	INT_RIGHT	retain neutral or current storage; require an exact per-use view	separate decompiler merge group; exact_type_votes=1; score=4; sources=[scalar_arithmetic]; one-way call conversion alone is review-only	review	1	1
004DF3B0	FUN_004df3b0	local_lifetime	dVar4/mg0	scalar(/dword) -> scalar(/uint)	004DF5C1:t1515 unsigned_scalar_role operand=0 target=	INT_RIGHT	retain neutral or current storage; require an exact per-use view	separate decompiler merge group; exact_type_votes=1; score=4; sources=[scalar_arithmetic]; one-way call conversion alone is review-only	review	1	1
004DF3B0	FUN_004df3b0	local_lifetime	dVar4/mg1	scalar(/dword) -> scalar(/uint)	004DF447:t1513 unsigned_scalar_role operand=0 target=	INT_RIGHT	retain neutral or current storage; require an exact per-use view	separate decompiler merge group; exact_type_votes=1; score=4; sources=[scalar_arithmetic]; one-way call conversion alone is review-only	review	1	1
004DF3B0	FUN_004df3b0	local_lifetime	dVar4/mg2	scalar(/dword) -> scalar(/uint)	004DF4CD:t1514 unsigned_scalar_role operand=0 target=	INT_RIGHT	retain neutral or current storage; require an exact per-use view	separate decompiler merge group; exact_type_votes=1; score=4; sources=[scalar_arithmetic]; one-way call conversion alone is review-only	review	1	1
004E04A0	FUN_004e04a0	local_lifetime	this/mg0	pointer(pointer:/undefined1) -> pointer(pointer:/STT3DSprC)	004E05FF:t117 call_argument operand=0 target=00404183	ANALYSIS; direct=00404183; resolved=004AB880	retain neutral or current storage; require an exact per-use view	single undefined local lifetime; exact_type_votes=3; score=12; sources=[call_argument]; exact call-boundary type is proven, but no same-width transparent p-code path reattaches that argument to one persistent HighSymbol	review	1	1
004E04A0	FUN_004e04a0	local_lifetime	this/mg0	pointer(pointer:/undefined1) -> pointer(pointer:/STT3DSprC)	004E06A1:t229 call_argument operand=0 target=00401064	ANALYSIS; direct=00401064; resolved=004ABE40	retain neutral or current storage; require an exact per-use view	single undefined local lifetime; exact_type_votes=3; score=12; sources=[call_argument]; exact call-boundary type is proven, but no same-width transparent p-code path reattaches that argument to one persistent HighSymbol	review	1	1
004E04A0	FUN_004e04a0	local_lifetime	this/mg0	pointer(pointer:/undefined1) -> pointer(pointer:/STT3DSprC)	004E06B7:t243 call_argument operand=0 target=00405240	ANALYSIS; direct=00405240; resolved=004AC1A0	retain neutral or current storage; require an exact per-use view	single undefined local lifetime; exact_type_votes=3; score=12; sources=[call_argument]; exact call-boundary type is proven, but no same-width transparent p-code path reattaches that argument to one persistent HighSymbol	review	1	1
004E15F0	FUN_004e15f0	return_abi	EAX/x87 return	scalar(/undefined4) -> scalar(/bool)	all reachable callee return paths	all explicit return values are constants in {0,1}, but the source domain alone does not prove the x86 ABI return width; review STAbiConsistencyAnalyzer evidence: [0, 0, 1]	retain current machine-width return pending strict ABI proof	all explicit return values are constants in {0,1}, but the source domain alone does not prove the x86 ABI return width; review STAbiConsistencyAnalyzer evidence: [0, 0, 1]	review	1	1
004E2AB0	FUN_004e2ab0	local_lifetime	param_1/mg0	scalar(/int) -> pointer(pointer:/TLOBaseTy)	004E2AB0:t2 call_argument operand=0 target=00403481	ANALYSIS; direct=00403481; resolved=004E3120	unattachable High lifetime is represented by the exact address-stable per-use boundary 004E2AB0:t2|00403481|0	exact call-boundary type is proven, but no same-width transparent p-code path reattaches that argument to one persistent HighSymbol; complete CALL-operand scan records an address-local source view only	neutralized	1	1
004E2AB0		unattachable_call_argument_lifetime	generated per-use lifetime	anchors=004E2AB0:t2; target=00403481; operand=0; locals=param_1; transition=/int -> pointer:/TLOBaseTy	verified by the matching Ghidra analyzer/export evidence	source audit kind=exact_machine_lifetime_call_view	exact source-only lifetime/view; Program ABI unchanged	Ghidra cannot persist this split without merging unrelated machine lifetimes	neutralized	1	1
004E2C30	TLOBaseTy::FUN_004e2c30	return_abi	EAX/x87 return	scalar(/undefined4) -> scalar(/bool)	all reachable callee return paths	all explicit return values are constants in {0,1}, but the source domain alone does not prove the x86 ABI return width; review STAbiConsistencyAnalyzer evidence: [0, 1]	retain current machine-width return pending strict ABI proof	all explicit return values are constants in {0,1}, but the source domain alone does not prove the x86 ABI return width; review STAbiConsistencyAnalyzer evidence: [0, 1]	review	1	1
004E4F30	FUN_004e4f30	local_lifetime	local_EAX_85/mg0	scalar(/int) -> scalar(/byte)	004E4F85:t86 call_return operand=-1 target=004049B7	ANALYSIS; direct=004049B7; resolved=004406C0	persistent High lifetime already carries the proposed domain	single undefined local lifetime; exact_type_votes=2; score=22; sources=[call_return, scalar_extension]	resolved	1	1
004E4F30	FUN_004e4f30	local_lifetime	local_EAX_85/mg0	scalar(/int) -> scalar(/byte)	004E4F8A:t661 unsigned_scalar_role operand=0 target=	ANALYSIS	persistent High lifetime already carries the proposed domain	single undefined local lifetime; exact_type_votes=2; score=22; sources=[call_return, scalar_extension]	resolved	1	1
004E4F30	FUN_004e4f30	local_lifetime	uVar2/mg0	scalar(/int) -> scalar(/byte)	004E5063:t270 call_return operand=-1 target=004049B7	ANALYSIS; direct=004049B7; resolved=004406C0	persistent High lifetime already carries the proposed domain	single undefined local lifetime; exact_type_votes=2; score=22; sources=[call_return, scalar_extension]	resolved	1	1
004E4F30	FUN_004e4f30	local_lifetime	uVar2/mg0	scalar(/int) -> scalar(/byte)	004E5068:t667 unsigned_scalar_role operand=0 target=	ANALYSIS	persistent High lifetime already carries the proposed domain	single undefined local lifetime; exact_type_votes=2; score=22; sources=[call_return, scalar_extension]	resolved	1	1
004E6310	STAllPlayersC::sub_004E6310	local_lifetime	pDVar7/mg0	pointer(pointer:/SubmarineTitans/Recovered/DArraySpecializations/DArrayOf_STGameObjCPtr) -> darray_pointer(pointer:/SubmarineTitans/Recovered/DArrayTy)	004E64D1:t623 call_argument operand=0 target=006ACC70	ANALYSIS; direct=006ACC70	retain neutral or current storage; require an exact per-use view	separate decompiler merge group; exact_type_votes=1; score=4; sources=[call_argument]; one-way call conversion alone is review-only; exact call-boundary type is proven, but no same-width transparent p-code path reattaches that argument to one persistent HighSymbol	review	1	1
004E6310	STAllPlayersC::sub_004E6310	local_lifetime	pDVar7/mg1	pointer(pointer:/SubmarineTitans/Recovered/DArraySpecializations/DArrayOf_STGameObjCPtr) -> darray_pointer(pointer:/SubmarineTitans/Recovered/DArrayTy)	004E655D:t851 call_argument operand=0 target=006ACC70	ANALYSIS; direct=006ACC70	retain neutral or current storage; require an exact per-use view	separate decompiler merge group; exact_type_votes=1; score=4; sources=[call_argument]; one-way call conversion alone is review-only; exact call-boundary type is proven, but no same-width transparent p-code path reattaches that argument to one persistent HighSymbol	review	1	1
004E91E0	FUN_004e91e0	local_lifetime	uVar6/mg0	scalar(/int) -> scalar(/byte)	004E9292:t1029 call_return operand=-1 target=004049B7	ANALYSIS; direct=004049B7; resolved=004406C0	persistent High lifetime already carries the proposed domain	single undefined local lifetime; exact_type_votes=2; score=22; sources=[call_return, scalar_extension]	resolved	1	1
004E91E0	FUN_004e91e0	local_lifetime	uVar6/mg0	scalar(/int) -> scalar(/byte)	004E9299:t1671 unsigned_scalar_role operand=0 target=	ANALYSIS	persistent High lifetime already carries the proposed domain	single undefined local lifetime; exact_type_votes=2; score=22; sources=[call_return, scalar_extension]	resolved	1	1
004E96C0	FUN_004e96c0	local_lifetime	uVar2/mg0	scalar(/int) -> scalar(/byte)	004E9780:t640 call_return operand=-1 target=004049B7	ANALYSIS; direct=004049B7; resolved=004406C0	persistent High lifetime already carries the proposed domain	single undefined local lifetime; exact_type_votes=2; score=22; sources=[call_return, scalar_extension]	resolved	1	1
004E96C0	FUN_004e96c0	local_lifetime	uVar2/mg0	scalar(/int) -> scalar(/byte)	004E9788:t1042 unsigned_scalar_role operand=0 target=	ANALYSIS	persistent High lifetime already carries the proposed domain	single undefined local lifetime; exact_type_votes=2; score=22; sources=[call_return, scalar_extension]	resolved	1	1
004E9B10	FUN_004e9b10	return_abi	EAX/x87 return	scalar(/undefined4) -> scalar(/bool)	all reachable callee return paths	all explicit return values are constants in {0,1}, but the source domain alone does not prove the x86 ABI return width; review STAbiConsistencyAnalyzer evidence: [1, 0, 0, 1]	retain current machine-width return pending strict ABI proof	all explicit return values are constants in {0,1}, but the source domain alone does not prove the x86 ABI return width; review STAbiConsistencyAnalyzer evidence: [1, 0, 0, 1]	review	1	1
004E9CE0	TLOBaseTy::teleNone	local_lifetime	uVar3/mg1	scalar(/uint) -> unknown	004E9FDA:t319 call_return operand=-1 target=004052CC	ANALYSIS; direct=004052CC; resolved=004AD650	retain neutral or current storage; require an exact per-use view	incompatible exact lifetime types=[/int, /uint]	review	1	1
004E9CE0	TLOBaseTy::teleNone	local_lifetime	uVar3/mg2	scalar(/uint) -> unknown	004E9FF6:t348 call_return operand=-1 target=004052CC	ANALYSIS; direct=004052CC; resolved=004AD650	retain neutral or current storage; require an exact per-use view	incompatible exact lifetime types=[/int, /uint]	review	1	1
004E9CE0	TLOBaseTy::teleNone	local_lifetime	uVar3/mg3	scalar(/uint) -> unknown	004EA012:t377 call_return operand=-1 target=004052CC	ANALYSIS; direct=004052CC; resolved=004AD650	retain neutral or current storage; require an exact per-use view	incompatible exact lifetime types=[/int, /uint]	review	1	1
004E9CE0	TLOBaseTy::teleNone	local_lifetime	uVar3/mg5	scalar(/uint) -> unknown	004EA175:t739 call_return operand=-1 target=004052CC	ANALYSIS; direct=004052CC; resolved=004AD650	retain neutral or current storage; require an exact per-use view	incompatible exact lifetime types=[/int, /uint]	review	1	1
004E9CE0	TLOBaseTy::teleNone	local_lifetime	uVar3/mg6	scalar(/uint) -> unknown	004EA192:t768 call_return operand=-1 target=004052CC	ANALYSIS; direct=004052CC; resolved=004AD650	retain neutral or current storage; require an exact per-use view	incompatible exact lifetime types=[/int, /uint]	review	1	1
004E9CE0	TLOBaseTy::teleNone	local_lifetime	uVar3/mg7	scalar(/uint) -> unknown	004EA1AF:t797 call_return operand=-1 target=004052CC	ANALYSIS; direct=004052CC; resolved=004AD650	retain neutral or current storage; require an exact per-use view	incompatible exact lifetime types=[/int, /uint]	review	1	1
004EA6C0	FUN_004ea6c0	local_lifetime	param_1/mg0	scalar(/int) -> pointer(pointer:/TLOBaseTy)	004EA6C0:t2 call_argument operand=0 target=00404E9E	ANALYSIS; direct=00404E9E; resolved=004EA620	unattachable High lifetime is represented by the exact address-stable per-use boundary 004EA6C0:t2|00404E9E|0	exact call-boundary type is proven, but no same-width transparent p-code path reattaches that argument to one persistent HighSymbol; complete CALL-operand scan records an address-local source view only	neutralized	1	1
004EA6C0		unattachable_call_argument_lifetime	generated per-use lifetime	anchors=004EA6C0:t2; target=00404E9E; operand=0; locals=param_1; transition=/int -> pointer:/TLOBaseTy	verified by the matching Ghidra analyzer/export evidence	source audit kind=exact_machine_lifetime_call_view	exact source-only lifetime/view; Program ABI unchanged	Ghidra cannot persist this split without merging unrelated machine lifetimes	neutralized	1	1
004ED630	BehPanelTy::InitBehPanel	local_lifetime	local_18/mg0	pointer(pointer:/BehPanelTy) -> unknown	004ED649:t6396 typed_copy operand=0 target=	DEFAULT	retain neutral or current storage; require an exact per-use view	incompatible exact lifetime types=[pointer:/BehPanelTy, pointer:/SpecPanelTy]	review	1	1
004EE350	BehPanelTy::PaintBBut	local_lifetime	errorCode/mg0	pointer(pointer:/int) -> scalar(/int)	004EE46F:t324 call_argument operand=0 target=006A5E40	USER_DEFINED; direct=006A5E40	unattachable High lifetime is represented by the exact address-stable per-use boundary 004EE46F:t324|006A5E40|0	exact call-boundary type is proven, but no same-width transparent p-code path reattaches that argument to one persistent HighSymbol; complete CALL-operand scan records an address-local source view only	neutralized	1	1
004EE350		unattachable_call_argument_lifetime	generated per-use lifetime	anchors=004EE46F:t324; target=006A5E40; operand=0; locals=errorCode; transition=pointer:/int -> /int	verified by the matching Ghidra analyzer/export evidence	source audit kind=exact_machine_lifetime_call_view	exact source-only lifetime/view; Program ABI unchanged	Ghidra cannot persist this split without merging unrelated machine lifetimes	neutralized	1	1
004EE4D0	BehPanelTy::GetMessage	local_lifetime	local_8/mg0	pointer(pointer:/BehPanelTy) -> unknown	004EE4F3:t2174 typed_copy operand=0 target=	DEFAULT	retain neutral or current storage; require an exact per-use view	incompatible exact lifetime types=[pointer:/BehPanelTy, pointer:/SpecPanelTy]	review	1	1
004EF6D0	BldBoatPanelTy::GetMessage	local_lifetime	local_8/mg0	pointer(pointer:/BldBoatPanelTy) -> unknown	004EF6F2:t1919 typed_copy operand=0 target=	DEFAULT	retain neutral or current storage; require an exact per-use view	incompatible exact lifetime types=[pointer:/BldBoatPanelTy, pointer:/ProdPanelTy]	review	1	1
004EFB60	BldLabPanelTy::InitBldLabPanel	local_lifetime	local_8/mg0	pointer(pointer:/BldLabPanelTy) -> unknown	004EFB81:t1011 typed_copy operand=0 target=	DEFAULT	retain neutral or current storage; require an exact per-use view	incompatible exact lifetime types=[pointer:/BldLabPanelTy, pointer:/ProdPanelTy]	review	1	1
004F0210	BldLabPanelTy::GetMessage	local_lifetime	local_8/mg0	pointer(pointer:/BldLabPanelTy) -> unknown	004F0232:t1317 typed_copy operand=0 target=	DEFAULT	retain neutral or current storage; require an exact per-use view	incompatible exact lifetime types=[pointer:/BldLabPanelTy, pointer:/ProdPanelTy]	review	1	1
004F1080	BldObjPanelTy::GetMessage	local_lifetime	local_8/mg0	pointer(pointer:/BldObjPanelTy) -> unknown	004F10A2:t1492 typed_copy operand=0 target=	DEFAULT	retain neutral or current storage; require an exact per-use view	incompatible exact lifetime types=[pointer:/BldObjPanelTy, pointer:/ProdPanelTy]	review	1	1
004F3540	CPanelTy::PaintBut	local_lifetime	errorCode/mg0	pointer(pointer:/int) -> scalar(/int)	004F3707:t421 call_argument operand=0 target=006A5E40	USER_DEFINED; direct=006A5E40	unattachable High lifetime is represented by the exact address-stable per-use boundary 004F3707:t421|006A5E40|0	exact call-boundary type is proven, but no same-width transparent p-code path reattaches that argument to one persistent HighSymbol; complete CALL-operand scan records an address-local source view only	neutralized	1	1
004F3540		unattachable_call_argument_lifetime	generated per-use lifetime	anchors=004F3707:t421; target=006A5E40; operand=0; locals=errorCode; transition=pointer:/int -> /int	verified by the matching Ghidra analyzer/export evidence	source audit kind=exact_machine_lifetime_call_view	exact source-only lifetime/view; Program ABI unchanged	Ghidra cannot persist this split without merging unrelated machine lifetimes	neutralized	1	1
004F37C0	CPanelTy::PaintBBut	local_lifetime	errorCode/mg0	pointer(pointer:/int) -> scalar(/int)	004F397E:t408 call_argument operand=0 target=006A5E40	USER_DEFINED; direct=006A5E40	unattachable High lifetime is represented by the exact address-stable per-use boundary 004F397E:t408|006A5E40|0	exact call-boundary type is proven, but no same-width transparent p-code path reattaches that argument to one persistent HighSymbol; complete CALL-operand scan records an address-local source view only	neutralized	1	1
004F37C0		unattachable_call_argument_lifetime	generated per-use lifetime	anchors=004F397E:t408; target=006A5E40; operand=0; locals=errorCode; transition=pointer:/int -> /int	verified by the matching Ghidra analyzer/export evidence	source audit kind=exact_machine_lifetime_call_view	exact source-only lifetime/view; Program ABI unchanged	Ghidra cannot persist this split without merging unrelated machine lifetimes	neutralized	1	1
004F3CF0	CPanelTy::PaintTxtBut	local_lifetime	errorCode/mg0	pointer(pointer:/int) -> scalar(/int)	004F3F0B:t543 call_argument operand=0 target=006A5E40	USER_DEFINED; direct=006A5E40	unattachable High lifetime is represented by the exact address-stable per-use boundary 004F3F0B:t543|006A5E40|0	exact call-boundary type is proven, but no same-width transparent p-code path reattaches that argument to one persistent HighSymbol; complete CALL-operand scan records an address-local source view only	neutralized	1	1
004F3CF0	CPanelTy::PaintTxtBut	local_lifetime	resourceString/mg0	pointer(pointer:/ccFntTy) -> unknown	004F3E65:t387 call_return operand=-1 target=006B0140	USE_SITE_OVERRIDE; direct=006B0140	retain neutral or current storage; require an exact per-use view	incompatible exact lifetime types=[pointer:/ccFntTy, pointer:/char]	review	1	1
004F3CF0		unattachable_call_argument_lifetime	generated per-use lifetime	anchors=004F3F0B:t543; target=006A5E40; operand=0; locals=errorCode; transition=pointer:/int -> /int	verified by the matching Ghidra analyzer/export evidence	source audit kind=exact_machine_lifetime_call_view	exact source-only lifetime/view; Program ABI unchanged	Ghidra cannot persist this split without merging unrelated machine lifetimes	neutralized	1	1
004F4640	FUN_004f4640	local_lifetime	param_1/mg0	pointer(pointer:/ushort) -> scalar(/int)	004F4896:t597 call_argument operand=4 target=0070D1F0	DEFAULT; direct=0070D1F0	unattachable High lifetime is represented by the exact address-stable per-use boundary 004F4896:t597|0070D1F0|4	exact call-boundary type is proven, but no same-width transparent p-code path reattaches that argument to one persistent HighSymbol; complete CALL-operand scan records an address-local source view only	neutralized	1	1
004F4640		unattachable_call_argument_lifetime	generated per-use lifetime	anchors=004F4896:t597; target=0070D1F0; operand=4; locals=param_1; transition=pointer:/ushort -> /int	verified by the matching Ghidra analyzer/export evidence	source audit kind=exact_machine_lifetime_call_view	exact source-only lifetime/view; Program ABI unchanged	Ghidra cannot persist this split without merging unrelated machine lifetimes	neutralized	1	1
004F4950	FUN_004f4950	local_lifetime	param_1/mg0	pointer(pointer:/ushort) -> scalar(/int)	004F4BB4:t597 call_argument operand=4 target=0070D1F0	DEFAULT; direct=0070D1F0	unattachable High lifetime is represented by the exact address-stable per-use boundary 004F4BB4:t597|0070D1F0|4	exact call-boundary type is proven, but no same-width transparent p-code path reattaches that argument to one persistent HighSymbol; complete CALL-operand scan records an address-local source view only	neutralized	1	1
004F4950		unattachable_call_argument_lifetime	generated per-use lifetime	anchors=004F4BB4:t597; target=0070D1F0; operand=4; locals=param_1; transition=pointer:/ushort -> /int	verified by the matching Ghidra analyzer/export evidence	source audit kind=exact_machine_lifetime_call_view	exact source-only lifetime/view; Program ABI unchanged	Ghidra cannot persist this split without merging unrelated machine lifetimes	neutralized	1	1
004F5690	CPanelTy::InitCPanel	local_lifetime	local_1c/mg0	pointer(pointer:/SubmarineTitans/Recovered/PointerShapes/RecoveredRecord_007111C0_C04D120D) -> pointer(pointer:/char)	004F60A0:t2767 call_argument operand=1 target=007119C0	ANALYSIS; direct=007119C0	retain neutral or current storage; require an exact per-use view	single receiver-alias lifetime; exact_type_votes=1; score=4; sources=[call_argument]; one-way call conversion alone is review-only; weaker generic evidence cannot replace the current nominal type; exact call-boundary type is proven, but no same-width transparent p-code path reattaches that argument to one persistent HighSymbol	review	1	1
004F5690	CPanelTy::InitCPanel	local_lifetime	local_8/mg0	pointer(pointer:/SubmarineTitans/Recovered/PointerShapes/RecoveredRecord_004F1D20_D68BC0B9) -> scalar(/WinDef.h/UINT)	004F5FE3:t2545 call_argument operand=0 target=006B0140	ANALYSIS; direct=006B0140	unattachable High lifetime is represented by the exact address-stable per-use boundary 004F5FE3:t2545|006B0140|0	single receiver-alias lifetime; exact_type_votes=1; score=4; sources=[call_argument]; one-way call conversion alone is review-only; exact call-boundary type is proven, but no same-width transparent p-code path reattaches that argument to one persistent HighSymbol	neutralized	1	1
004F5690	CPanelTy::InitCPanel	local_lifetime	local_EAX_643/mg0	pointer(pointer:/ushort) -> unknown	004F5913:t734 call_return operand=-1 target=0070A9F0	ANALYSIS; direct=0070A9F0	retain neutral or current storage; require an exact per-use view	incompatible exact lifetime types=[/int, pointer:/ushort]	review	1	1
004F5690	CPanelTy::InitCPanel	local_lifetime	local_EAX_643/mg0	pointer(pointer:/ushort) -> scalar(/int)	004F592D:t770 call_argument operand=1 target=00710A90	DEFAULT; direct=00710A90	unattachable High lifetime is represented by the exact address-stable per-use boundary 004F592D:t770|00710A90|1	exact call-boundary type is proven, but no same-width transparent p-code path reattaches that argument to one persistent HighSymbol; complete CALL-operand scan records an address-local source view only	neutralized	1	1
004F5690	CPanelTy::InitCPanel	local_lifetime	local_c/mg0	pointer(pointer:/SubmarineTitans/Recovered/PointerShapes/AnonNested_0052BDA0_007E_1B3446E2) -> scalar(/int)	004F608B:t2746 call_argument operand=1 target=00710A90	DEFAULT; direct=00710A90	unattachable High lifetime is represented by the exact address-stable per-use boundary 004F608B:t2746|00710A90|1	single receiver-alias lifetime; exact_type_votes=1; score=4; sources=[call_argument]; one-way call conversion alone is review-only; exact call-boundary type is proven, but no same-width transparent p-code path reattaches that argument to one persistent HighSymbol	neutralized	1	1
004F5690	CPanelTy::InitCPanel	local_lifetime	pcVar11/mg0	pointer(pointer:/SubmarineTitans/Recovered/PointerShapes/RecoveredRecord_007111C0_C04D120D) -> unknown	004F5FE3:t2545 call_return operand=-1 target=006B0140	USE_SITE_OVERRIDE; direct=006B0140	retain neutral or current storage; require an exact per-use view	incompatible exact lifetime types=[pointer:/SubmarineTitans/Recovered/PointerShapes/RecoveredRecord_007111C0_C04D120D, pointer:/char]	review	1	1
004F5690		unattachable_call_argument_lifetime	generated per-use lifetime	anchors=004F592D:t770,004F608B:t2746; target=00710A90; operand=1; locals=local_EAX_643,local_c; transition=pointer:/SubmarineTitans/Recovered/PointerShapes/AnonNested_0052BDA0_007E_1B3446E2,pointer:/ushort -> /int	verified by the matching Ghidra analyzer/export evidence	source audit kind=exact_machine_lifetime_call_view	exact source-only lifetime/view; Program ABI unchanged	Ghidra cannot persist this split without merging unrelated machine lifetimes	neutralized	1	1
004F5690		unattachable_call_argument_lifetime	generated per-use lifetime	anchors=004F592D:t770,004F608B:t2746; target=00710A90; operand=1; locals=local_EAX_643,local_c; transition=pointer:/SubmarineTitans/Recovered/PointerShapes/AnonNested_0052BDA0_007E_1B3446E2,pointer:/ushort -> /int	verified by the matching Ghidra analyzer/export evidence	source audit kind=exact_machine_lifetime_call_view	exact source-only lifetime/view; Program ABI unchanged	Ghidra cannot persist this split without merging unrelated machine lifetimes	neutralized	1	1
004F5690		unattachable_call_argument_lifetime	generated per-use lifetime	anchors=004F5FE3:t2545; target=006B0140; operand=0; locals=local_8; transition=pointer:/SubmarineTitans/Recovered/PointerShapes/RecoveredRecord_004F1D20_D68BC0B9 -> /WinDef.h/UINT	verified by the matching Ghidra analyzer/export evidence	source audit kind=exact_machine_lifetime_call_view	exact source-only lifetime/view; Program ABI unchanged	Ghidra cannot persist this split without merging unrelated machine lifetimes	neutralized	1	1
004F80A0	CPanelTy::PaintTV	local_lifetime	puVar2/mg0	pointer(pointer:/ushort) -> scalar(/uint)	004F8433:t1590 call_argument operand=1 target=006B3640	DEFAULT; direct=006B3640	unattachable High lifetime is represented by the exact address-stable per-use boundary 004F8433:t1590|006B3640|1	separate decompiler merge group; exact_type_votes=1; score=4; sources=[call_argument]; one-way call conversion alone is review-only; exact call-boundary type is proven, but no same-width transparent p-code path reattaches that argument to one persistent HighSymbol	neutralized	1	1
004F80A0	CPanelTy::PaintTV	local_lifetime	puVar2/mg1	pointer(pointer:/ushort) -> scalar(/uint)	004F8634:t475 call_argument operand=1 target=006B3640	DEFAULT; direct=006B3640	unattachable High lifetime is represented by the exact address-stable per-use boundary 004F8634:t475|006B3640|1	separate decompiler merge group; exact_type_votes=1; score=4; sources=[call_argument]; one-way call conversion alone is review-only; exact call-boundary type is proven, but no same-width transparent p-code path reattaches that argument to one persistent HighSymbol	neutralized	1	1
004F80A0		unattachable_call_argument_lifetime	generated per-use lifetime	anchors=004F8433:t1590,004F8634:t475; target=006B3640; operand=1; locals=puVar2; transition=pointer:/ushort -> /uint	verified by the matching Ghidra analyzer/export evidence	source audit kind=exact_machine_lifetime_call_view	exact source-only lifetime/view; Program ABI unchanged	Ghidra cannot persist this split without merging unrelated machine lifetimes	neutralized	1	1
004F80A0		unattachable_call_argument_lifetime	generated per-use lifetime	anchors=004F8433:t1590,004F8634:t475; target=006B3640; operand=1; locals=puVar2; transition=pointer:/ushort -> /uint	verified by the matching Ghidra analyzer/export evidence	source audit kind=exact_machine_lifetime_call_view	exact source-only lifetime/view; Program ABI unchanged	Ghidra cannot persist this split without merging unrelated machine lifetimes	neutralized	1	1
004F8C80	CPanelTy::PaintSMap	local_lifetime	puVar5/mg0	pointer(pointer:/ushort) -> scalar(/uint)	004F8FC6:t730 call_argument operand=1 target=006B3640	DEFAULT; direct=006B3640	unattachable High lifetime is represented by the exact address-stable per-use boundary 004F8FC6:t730|006B3640|1	pointer-shaped local has only scalar consumers; exact_type_votes=1; score=4; sources=[call_argument]; one-way call conversion alone is review-only; exact call-boundary type is proven, but no same-width transparent p-code path reattaches that argument to one persistent HighSymbol	neutralized	1	1
004F8C80		unattachable_call_argument_lifetime	generated per-use lifetime	anchors=004F8FC6:t730; target=006B3640; operand=1; locals=puVar5; transition=pointer:/ushort -> /uint	verified by the matching Ghidra analyzer/export evidence	source audit kind=exact_machine_lifetime_call_view	exact source-only lifetime/view; Program ABI unchanged	Ghidra cannot persist this split without merging unrelated machine lifetimes	neutralized	1	1
004F96A0	CPanelTy::PlayBrief	local_lifetime	local_8/mg0	darray_pointer(pointer:/SubmarineTitans/Recovered/DArrayTy) -> unknown	004F97B6:t888 call_return operand=-1 target=006B54F0	ANALYSIS; direct=006B54F0	retain neutral or current storage; require an exact per-use view	incompatible exact lifetime types=[/int, pointer:/SubmarineTitans/Recovered/DArrayTy]	review	1	1
004F96A0	CPanelTy::PlayBrief	local_lifetime	local_8/mg0	darray_pointer(pointer:/SubmarineTitans/Recovered/DArrayTy) -> scalar(/int)	004F992F:t1305 call_argument operand=1 target=00711F70	DEFAULT; direct=00711F70	unattachable High lifetime is represented by the exact address-stable per-use boundary 004F992F:t1305|00711F70|1	exact call-boundary type is proven, but no same-width transparent p-code path reattaches that argument to one persistent HighSymbol; complete CALL-operand scan records an address-local source view only	neutralized	1	1
004F96A0	CPanelTy::PlayBrief	local_lifetime	pDVar4/mg0	darray_pointer(pointer:/SubmarineTitans/Recovered/DArrayTy) -> unknown	004F9857:t1391 call_return operand=-1 target=006B54F0	ANALYSIS; direct=006B54F0	retain neutral or current storage; require an exact per-use view	incompatible exact lifetime types=[/int, pointer:/SubmarineTitans/Recovered/DArrayTy]	review	1	1
004F96A0		unattachable_call_argument_lifetime	generated per-use lifetime	anchors=004F992F:t1305; target=00711F70; operand=1; locals=local_8; transition=pointer:/SubmarineTitans/Recovered/DArrayTy -> /int	verified by the matching Ghidra analyzer/export evidence	source audit kind=exact_machine_lifetime_call_view	exact source-only lifetime/view; Program ABI unchanged	Ghidra cannot persist this split without merging unrelated machine lifetimes	neutralized	1	1
004FB060	CPanelTy::GetMessage	local_lifetime	puVar22/mg0	pointer(pointer:/ushort) -> scalar(/uint)	004FD606:t8845 call_argument operand=1 target=006B3640	DEFAULT; direct=006B3640	unattachable High lifetime is represented by the exact address-stable per-use boundary 004FD606:t8845|006B3640|1	pointer-shaped local has only scalar consumers; exact_type_votes=1; score=4; sources=[call_argument]; one-way call conversion alone is review-only; exact call-boundary type is proven, but no same-width transparent p-code path reattaches that argument to one persistent HighSymbol	neutralized	1	1
004FB060	CPanelTy::GetMessage	local_lifetime	resourceString/mg0	pointer(pointer:/ccFntTy) -> unknown	004FD371:t11121 call_return operand=-1 target=0040326F	USE_SITE_OVERRIDE; direct=0040326F; resolved=00540C40	retain neutral or current storage; require an exact per-use view	incompatible exact lifetime types=[pointer:/ccFntTy, pointer:/char]	review	1	1
004FB060	CPanelTy::GetMessage	local_lifetime	uVar5/mg8	scalar(/uint) -> scalar(/int)	004FC2DF:t20218 signed_scalar_role operand=-1 target=	INT_SDIV	retain neutral or current storage; require an exact per-use view	separate decompiler merge group; exact_type_votes=1; score=4; sources=[scalar_arithmetic]; one-way call conversion alone is review-only	review	1	1
004FB060		unattachable_call_argument_lifetime	generated per-use lifetime	anchors=004FD606:t8845; target=006B3640; operand=1; locals=puVar22; transition=pointer:/ushort -> /uint	verified by the matching Ghidra analyzer/export evidence	source audit kind=exact_machine_lifetime_call_view	exact source-only lifetime/view; Program ABI unchanged	Ghidra cannot persist this split without merging unrelated machine lifetimes	neutralized	1	1
004FE6C0	CPanelTy::PaintEnergy	local_lifetime	iVar5/mg0	scalar(/int) -> pointer(pointer:/int)	004FE84A:t674 call_argument operand=0 target=006B5110	DEFAULT; direct=006B5110	unattachable High lifetime is represented by the exact address-stable per-use boundary 004FE84A:t674|006B5110|0	separate decompiler merge group; exact_type_votes=1; score=4; sources=[call_argument]; one-way call conversion alone is review-only; exact call-boundary type is proven, but no same-width transparent p-code path reattaches that argument to one persistent HighSymbol	neutralized	1	1
004FE6C0	CPanelTy::PaintEnergy	local_lifetime	iVar5/mg1	scalar(/int) -> pointer(pointer:/int)	004FE7AC:t369 call_argument operand=0 target=006B5110	DEFAULT; direct=006B5110	unattachable High lifetime is represented by the exact address-stable per-use boundary 004FE7AC:t369|006B5110|0	separate decompiler merge group; exact_type_votes=1; score=4; sources=[call_argument]; one-way call conversion alone is review-only; exact call-boundary type is proven, but no same-width transparent p-code path reattaches that argument to one persistent HighSymbol	neutralized	1	1
004FE6C0	CPanelTy::PaintEnergy	local_lifetime	local_8/mg0	scalar(/int) -> unknown	004FE759:t177 call_argument operand=0 target=006B5440	ANALYSIS; direct=006B5440	retain neutral or current storage; require an exact per-use view	incompatible exact lifetime types=[pointer:/int, pointer:/ushort]	review	1	1
004FE6C0	CPanelTy::PaintEnergy	local_lifetime	local_8/mg0	scalar(/int) -> pointer(pointer:/ushort)	004FE759:t177 call_argument operand=0 target=006B5440	ANALYSIS; direct=006B5440	unattachable High lifetime is represented by the exact address-stable per-use boundary 004FE759:t177|006B5440|0	exact call-boundary type is proven, but no same-width transparent p-code path reattaches that argument to one persistent HighSymbol; complete CALL-operand scan records an address-local source view only	neutralized	1	1
004FE6C0	CPanelTy::PaintEnergy	local_lifetime	local_8/mg0	scalar(/int) -> pointer(pointer:/ushort)	004FE7F4:t482 call_argument operand=0 target=006B5440	ANALYSIS; direct=006B5440	unattachable High lifetime is represented by the exact address-stable per-use boundary 004FE7F4:t482|006B5440|0	exact call-boundary type is proven, but no same-width transparent p-code path reattaches that argument to one persistent HighSymbol; complete CALL-operand scan records an address-local source view only	neutralized	1	1
004FE6C0	CPanelTy::PaintEnergy	local_lifetime	puVar7/mg0	pointer(pointer:/ushort) -> scalar(/uint)	004FE86D:t409 call_argument operand=1 target=006B3640	DEFAULT; direct=006B3640	unattachable High lifetime is represented by the exact address-stable per-use boundary 004FE86D:t409|006B3640|1	pointer-shaped local has only scalar consumers; exact_type_votes=1; score=4; sources=[call_argument]; one-way call conversion alone is review-only; exact call-boundary type is proven, but no same-width transparent p-code path reattaches that argument to one persistent HighSymbol	neutralized	1	1
004FE6C0		unattachable_call_argument_lifetime	generated per-use lifetime	anchors=004FE759:t177,004FE7F4:t482; target=006B5440; operand=0; locals=local_8; transition=/int -> pointer:/ushort	verified by the matching Ghidra analyzer/export evidence	source audit kind=exact_machine_lifetime_call_view	exact source-only lifetime/view; Program ABI unchanged	Ghidra cannot persist this split without merging unrelated machine lifetimes	neutralized	1	1
004FE6C0		unattachable_call_argument_lifetime	generated per-use lifetime	anchors=004FE759:t177,004FE7F4:t482; target=006B5440; operand=0; locals=local_8; transition=/int -> pointer:/ushort	verified by the matching Ghidra analyzer/export evidence	source audit kind=exact_machine_lifetime_call_view	exact source-only lifetime/view; Program ABI unchanged	Ghidra cannot persist this split without merging unrelated machine lifetimes	neutralized	1	1
004FE6C0		unattachable_call_argument_lifetime	generated per-use lifetime	anchors=004FE7AC:t369,004FE84A:t674; target=006B5110; operand=0; locals=iVar5; transition=/int -> pointer:/int	verified by the matching Ghidra analyzer/export evidence	source audit kind=exact_machine_lifetime_call_view	exact source-only lifetime/view; Program ABI unchanged	Ghidra cannot persist this split without merging unrelated machine lifetimes	neutralized	1	1
004FE6C0		unattachable_call_argument_lifetime	generated per-use lifetime	anchors=004FE7AC:t369,004FE84A:t674; target=006B5110; operand=0; locals=iVar5; transition=/int -> pointer:/int	verified by the matching Ghidra analyzer/export evidence	source audit kind=exact_machine_lifetime_call_view	exact source-only lifetime/view; Program ABI unchanged	Ghidra cannot persist this split without merging unrelated machine lifetimes	neutralized	1	1
004FE6C0		unattachable_call_argument_lifetime	generated per-use lifetime	anchors=004FE86D:t409; target=006B3640; operand=1; locals=puVar7; transition=pointer:/ushort -> /uint	verified by the matching Ghidra analyzer/export evidence	source audit kind=exact_machine_lifetime_call_view	exact source-only lifetime/view; Program ABI unchanged	Ghidra cannot persist this split without merging unrelated machine lifetimes	neutralized	1	1
004FF380	CPanelTy::Update1Panel	local_lifetime	bVar19/mg1	scalar(/bool) -> unknown	004FF853:t1509 boolean_scalar_role operand=-1 target=	INT_LESS	retain neutral or current storage; require an exact per-use view	incompatible exact lifetime types=[/bool, /byte]	review	1	1
004FF380	CPanelTy::Update1Panel	local_lifetime	puVar2/mg0	pointer(pointer:/ushort) -> scalar(/uint)	004FFB8C:t2057 call_argument operand=1 target=006B3640	DEFAULT; direct=006B3640	unattachable High lifetime is represented by the exact address-stable per-use boundary 004FFB8C:t2057|006B3640|1	pointer-shaped local has only scalar consumers; exact_type_votes=1; score=4; sources=[call_argument]; one-way call conversion alone is review-only; exact call-boundary type is proven, but no same-width transparent p-code path reattaches that argument to one persistent HighSymbol	neutralized	1	1
004FF380	CPanelTy::Update1Panel	local_lifetime	uVar9/mg1	scalar(/uint) -> scalar(/int)	004FFB69:t2727 call_argument operand=9 target=006B55F0	DEFAULT; direct=006B55F0	retain neutral or current storage; require an exact per-use view	separate decompiler merge group; exact_type_votes=1; score=4; sources=[call_argument]; one-way call conversion alone is review-only; exact call-boundary type is proven, but no same-width transparent p-code path reattaches that argument to one persistent HighSymbol	review	1	1
004FF380		unattachable_call_argument_lifetime	generated per-use lifetime	anchors=004FFB8C:t2057; target=006B3640; operand=1; locals=puVar2; transition=pointer:/ushort -> /uint	verified by the matching Ghidra analyzer/export evidence	source audit kind=exact_machine_lifetime_call_view	exact source-only lifetime/view; Program ABI unchanged	Ghidra cannot persist this split without merging unrelated machine lifetimes	neutralized	1	1
004FFE90	CPanelTy::Update5Panel	local_lifetime	bVar13/mg0	scalar(/bool) -> unknown	005000FF:t705 boolean_scalar_role operand=-1 target=	INT_LESS	retain neutral or current storage; require an exact per-use view	incompatible exact lifetime types=[/bool, /byte]	review	1	1
00500BD0	CPanelTy::PaintNewDeep	local_lifetime	puVar2/mg0	pointer(pointer:/ushort) -> scalar(/uint)	00500E95:t510 call_argument operand=1 target=006B3640	DEFAULT; direct=006B3640	unattachable High lifetime is represented by the exact address-stable per-use boundary 00500E95:t510|006B3640|1	pointer-shaped local has only scalar consumers; exact_type_votes=1; score=4; sources=[call_argument]; one-way call conversion alone is review-only; exact call-boundary type is proven, but no same-width transparent p-code path reattaches that argument to one persistent HighSymbol	neutralized	1	1
00500BD0		unattachable_call_argument_lifetime	generated per-use lifetime	anchors=00500E95:t510; target=006B3640; operand=1; locals=puVar2; transition=pointer:/ushort -> /uint	verified by the matching Ghidra analyzer/export evidence	source audit kind=exact_machine_lifetime_call_view	exact source-only lifetime/view; Program ABI unchanged	Ghidra cannot persist this split without merging unrelated machine lifetimes	neutralized	1	1
00501FF0	CPanelTy::Update2PanelWB	local_lifetime	puVar2/mg0	pointer(pointer:/ushort) -> scalar(/uint)	005021D5:t378 call_argument operand=1 target=006B3640	DEFAULT; direct=006B3640	unattachable High lifetime is represented by the exact address-stable per-use boundary 005021D5:t378|006B3640|1	pointer-shaped local has only scalar consumers; exact_type_votes=1; score=4; sources=[call_argument]; one-way call conversion alone is review-only; exact call-boundary type is proven, but no same-width transparent p-code path reattaches that argument to one persistent HighSymbol	neutralized	1	1
00501FF0		unattachable_call_argument_lifetime	generated per-use lifetime	anchors=005021D5:t378; target=006B3640; operand=1; locals=puVar2; transition=pointer:/ushort -> /uint	verified by the matching Ghidra analyzer/export evidence	source audit kind=exact_machine_lifetime_call_view	exact source-only lifetime/view; Program ABI unchanged	Ghidra cannot persist this split without merging unrelated machine lifetimes	neutralized	1	1
005061C0	CPanelTy::PaintCtrlObj	local_lifetime	GVar13/mg0	scalar(/SubmarineTitans/Recovered/Enums/Global_sub_00529500_param_1Enum) -> scalar(/int)	005066BD:t305 signed_scalar_role operand=-1 target=	INT_SDIV	retain neutral or current storage; require an exact per-use view	separate decompiler merge group; exact_type_votes=1; score=4; sources=[scalar_arithmetic]; one-way call conversion alone is review-only; weaker generic evidence cannot replace the current nominal type	review	1	1
005061C0	CPanelTy::PaintCtrlObj	local_lifetime	UVar6/mg0	scalar(/WinDef.h/UINT) -> unknown	005065E6:t2130 call_return operand=-1 target=0040270C	ANALYSIS; direct=0040270C; resolved=00525290	retain neutral or current storage; require an exact per-use view	incompatible exact lifetime types=[/WinDef.h/UINT, /int]	review	1	1
005061C0	CPanelTy::PaintCtrlObj	local_lifetime	local_1c/mg0	pointer(pointer:/SubmarineTitans/Recovered/PointerShapes/RecoveredRecordView_006B84D0_87AF9D9B) -> unknown	00506B14:t6493 call_argument operand=6 target=006B55F0	DEFAULT; direct=006B55F0	retain neutral or current storage; require an exact per-use view	incompatible exact lifetime types=[/int, pointer:/SubmarineTitans/Recovered/PointerShapes/RecoveredRecordView_006B84D0_87AF9D9B]	review	1	1
005061C0	CPanelTy::PaintCtrlObj	local_lifetime	local_1c/mg0	pointer(pointer:/SubmarineTitans/Recovered/PointerShapes/RecoveredRecordView_006B84D0_87AF9D9B) -> scalar(/int)	00506B14:t6493 call_argument operand=6 target=006B55F0	DEFAULT; direct=006B55F0	unattachable High lifetime is represented by the exact address-stable per-use boundary 00506B14:t6493|006B55F0|6	exact call-boundary type is proven, but no same-width transparent p-code path reattaches that argument to one persistent HighSymbol; complete CALL-operand scan records an address-local source view only	neutralized	1	1
005061C0	CPanelTy::PaintCtrlObj	local_lifetime	uVar8/mg1	scalar(/uint) -> unknown	00506420:t1603 call_return operand=-1 target=004040C5	ANALYSIS; direct=004040C5; resolved=00529500	retain neutral or current storage; require an exact per-use view	incompatible exact lifetime types=[/int, /uint]	review	1	1
005061C0	CPanelTy::PaintCtrlObj	local_lifetime	uVar8/mg21	scalar(/uint) -> scalar(/int)	00506B14:t6493 call_argument operand=9 target=006B55F0	DEFAULT; direct=006B55F0	retain neutral or current storage; require an exact per-use view	separate decompiler merge group; exact_type_votes=1; score=4; sources=[call_argument]; one-way call conversion alone is review-only; exact call-boundary type is proven, but no same-width transparent p-code path reattaches that argument to one persistent HighSymbol	review	1	1
005061C0	CPanelTy::PaintCtrlObj	local_lifetime	uVar8/mg22	scalar(/uint) -> scalar(/int)	00506F7D:t3348 call_argument operand=9 target=006B55F0	DEFAULT; direct=006B55F0	retain neutral or current storage; require an exact per-use view	separate decompiler merge group; exact_type_votes=1; score=4; sources=[call_argument]; one-way call conversion alone is review-only; exact call-boundary type is proven, but no same-width transparent p-code path reattaches that argument to one persistent HighSymbol	review	1	1
005061C0	CPanelTy::PaintCtrlObj	local_lifetime	uVar8/mg3	scalar(/uint) -> scalar(/int)	0050679E:t674 call_argument operand=9 target=006B55F0	DEFAULT; direct=006B55F0	retain neutral or current storage; require an exact per-use view	separate decompiler merge group; exact_type_votes=1; score=4; sources=[call_argument]; one-way call conversion alone is review-only; exact call-boundary type is proven, but no same-width transparent p-code path reattaches that argument to one persistent HighSymbol	review	1	1
005061C0	CPanelTy::PaintCtrlObj	local_lifetime	uVar8/mg8	scalar(/uint) -> scalar(/int)	00506D7A:t4327 call_argument operand=9 target=006B55F0	DEFAULT; direct=006B55F0	retain neutral or current storage; require an exact per-use view	separate decompiler merge group; exact_type_votes=1; score=4; sources=[call_argument]; one-way call conversion alone is review-only; exact call-boundary type is proven, but no same-width transparent p-code path reattaches that argument to one persistent HighSymbol	review	1	1
005061C0		unattachable_call_argument_lifetime	generated per-use lifetime	anchors=00506B14:t6493; target=006B55F0; operand=6; locals=local_1c; transition=pointer:/SubmarineTitans/Recovered/PointerShapes/RecoveredRecordView_006B84D0_87AF9D9B -> /int	verified by the matching Ghidra analyzer/export evidence	source audit kind=exact_machine_lifetime_call_view	exact source-only lifetime/view; Program ABI unchanged	Ghidra cannot persist this split without merging unrelated machine lifetimes	neutralized	1	1
00507F60	CPanelTy::Update4PanelWB	local_lifetime	puVar12/mg0	pointer(pointer:/ushort) -> scalar(/uint)	0050918D:t2675 call_argument operand=1 target=006B3640	DEFAULT; direct=006B3640	unattachable High lifetime is represented by the exact address-stable per-use boundary 0050918D:t2675|006B3640|1	pointer-shaped local has only scalar consumers; exact_type_votes=1; score=4; sources=[call_argument]; one-way call conversion alone is review-only; exact call-boundary type is proven, but no same-width transparent p-code path reattaches that argument to one persistent HighSymbol	neutralized	1	1
00507F60	CPanelTy::Update4PanelWB	local_lifetime	uVar10/mg1	scalar(/uint) -> scalar(/int)	0050822E:t835 call_argument operand=9 target=006B55F0	DEFAULT; direct=006B55F0	retain neutral or current storage; require an exact per-use view	separate decompiler merge group; exact_type_votes=1; score=4; sources=[call_argument]; one-way call conversion alone is review-only; exact call-boundary type is proven, but no same-width transparent p-code path reattaches that argument to one persistent HighSymbol	review	1	1
00507F60	CPanelTy::Update4PanelWB	local_lifetime	uVar10/mg8	scalar(/uint) -> scalar(/int)	0050878D:t6181 call_argument operand=9 target=006B55F0	DEFAULT; direct=006B55F0	retain neutral or current storage; require an exact per-use view	separate decompiler merge group; exact_type_votes=1; score=4; sources=[call_argument]; one-way call conversion alone is review-only; exact call-boundary type is proven, but no same-width transparent p-code path reattaches that argument to one persistent HighSymbol	review	1	1
00507F60	CPanelTy::Update4PanelWB	local_lifetime	uVar10/mg9	scalar(/uint) -> scalar(/int)	0050894D:t3249 call_argument operand=9 target=006B55F0	DEFAULT; direct=006B55F0	retain neutral or current storage; require an exact per-use view	separate decompiler merge group; exact_type_votes=1; score=4; sources=[call_argument]; one-way call conversion alone is review-only; exact call-boundary type is proven, but no same-width transparent p-code path reattaches that argument to one persistent HighSymbol	review	1	1
00507F60		unattachable_call_argument_lifetime	generated per-use lifetime	anchors=0050918D:t2675; target=006B3640; operand=1; locals=puVar12; transition=pointer:/ushort -> /uint	verified by the matching Ghidra analyzer/export evidence	source audit kind=exact_machine_lifetime_call_view	exact source-only lifetime/view; Program ABI unchanged	Ghidra cannot persist this split without merging unrelated machine lifetimes	neutralized	1	1
0050A340	CPanelTy::PaintCtrlObjSI	local_lifetime	UVar6/mg0	scalar(/WinDef.h/UINT) -> unknown	0050A74F:t1997 call_return operand=-1 target=0040270C	ANALYSIS; direct=0040270C; resolved=00525290	retain neutral or current storage; require an exact per-use view	incompatible exact lifetime types=[/WinDef.h/UINT, /int]	review	1	1
0050A340	CPanelTy::PaintCtrlObjSI	local_lifetime	pbVar10/mg0	pointer(pointer:/byte) -> scalar(/uint)	0050B860:t6530 unsigned_scalar_role operand=0 target=	INT_LESS	retain neutral or current storage; require an exact per-use view	separate decompiler merge group; exact_type_votes=1; score=4; sources=[scalar_arithmetic]; one-way call conversion alone is review-only	review	1	1
0050A340	CPanelTy::PaintCtrlObjSI	local_lifetime	pbVar10/mg1	pointer(pointer:/byte) -> scalar(/uint)	0050B466:t7014 unsigned_scalar_role operand=0 target=	INT_LESS	retain neutral or current storage; require an exact per-use view	separate decompiler merge group; exact_type_votes=1; score=4; sources=[scalar_arithmetic]; one-way call conversion alone is review-only	review	1	1
0050A340	CPanelTy::PaintCtrlObjSI	local_lifetime	pbVar12/mg2	pointer(pointer:/byte) -> scalar(/uint)	0050B67A:t2439 unsigned_scalar_role operand=0 target=	INT_LESS	retain neutral or current storage; require an exact per-use view	separate decompiler merge group; exact_type_votes=1; score=4; sources=[scalar_arithmetic]; one-way call conversion alone is review-only	review	1	1
0050A340	CPanelTy::PaintCtrlObjSI	local_lifetime	uVar8/mg1	scalar(/uint) -> unknown	0050A5C4:t1563 call_return operand=-1 target=004040C5	ANALYSIS; direct=004040C5; resolved=00529500	retain neutral or current storage; require an exact per-use view	incompatible exact lifetime types=[/int, /uint]	review	1	1
0050C620	CPanelTy::Update4PanelSI	local_lifetime	pcVar18/mg0	pointer(pointer:/ccFntTy) -> unknown	0050D79A:t2505 call_return operand=-1 target=006B0140	USE_SITE_OVERRIDE; direct=006B0140	retain neutral or current storage; require an exact per-use view	incompatible exact lifetime types=[pointer:/ccFntTy, pointer:/char]	review	1	1
0050FD60	FrmPanelTy::InitFrmPanel	local_lifetime	local_8/mg0	pointer(pointer:/FrmPanelTy) -> unknown	0050FD82:t3237 typed_copy operand=0 target=	DEFAULT	retain neutral or current storage; require an exact per-use view	incompatible exact lifetime types=[pointer:/FrmPanelTy, pointer:/SpecPanelTy]	review	1	1
005107C0	FrmPanelTy::GetMessage	local_lifetime	local_8/mg0	pointer(pointer:/FrmPanelTy) -> unknown	005107E3:t1837 typed_copy operand=0 target=	DEFAULT	retain neutral or current storage; require an exact per-use view	incompatible exact lifetime types=[pointer:/FrmPanelTy, pointer:/SpecPanelTy]	review	1	1
00510E30	HelpPanelTy::InitHelpPanel	local_lifetime	local_10/mg0	pointer(pointer:/HelpPanelTy) -> unknown	00510E53:t8124 typed_copy operand=0 target=	DEFAULT	retain neutral or current storage; require an exact per-use view	incompatible exact lifetime types=[pointer:/HelpPanelTy, pointer:/UPanelTy]	review	1	1
00510E30	HelpPanelTy::InitHelpPanel	local_lifetime	pHVar5/mg0	pointer(pointer:/SubmarineTitans/Recovered/DArraySpecializations/HelpPanelTy_field_01BBDArray) -> darray_pointer(pointer:/SubmarineTitans/Recovered/DArrayTy)	00510FDB:t531 call_argument operand=0 target=006AE1C0	ANALYSIS; direct=006AE1C0	retain neutral or current storage; require an exact per-use view	separate decompiler merge group; exact_type_votes=1; score=4; sources=[call_argument]; one-way call conversion alone is review-only; exact call-boundary type is proven, but no same-width transparent p-code path reattaches that argument to one persistent HighSymbol	review	1	1
00511AB0	HelpPanelTy::CheckBkView	local_lifetime	pAVar4/mg1	pointer(pointer:/SubmarineTitans/Recovered/ClassPointees/AnonPointee_HelpPanelTy_0218) -> pointer(pointer:/SubmarineTitans/Recovered/PointerShapes/RecoveredSourceFamily_dibcopy)	00511BA2:t412 call_argument operand=0 target=006B55F0	DEFAULT; direct=006B55F0	retain neutral or current storage; require an exact per-use view	separate decompiler merge group; exact_type_votes=1; score=4; sources=[call_argument]; one-way call conversion alone is review-only; exact call-boundary type is proven, but no same-width transparent p-code path reattaches that argument to one persistent HighSymbol	review	1	1
00515650	HelpPanelTy::DrawObj	local_lifetime	local_8/mg0	pointer(pointer:/SubmarineTitans/Recovered/PointerShapes/AnonShape_00515650_BBDC7053) -> pointer(pointer:/wingdi.h/tagBITMAPINFO)	00515737:t323 call_argument operand=4 target=006B5440	ANALYSIS; direct=006B5440	retain neutral or current storage; require an exact per-use view	single receiver-alias lifetime; exact_type_votes=1; score=4; sources=[call_argument]; one-way call conversion alone is review-only; exact call-boundary type is proven, but no same-width transparent p-code path reattaches that argument to one persistent HighSymbol	review	1	1
00515900	HelpPanelTy::DrawWeapon	local_lifetime	UVar5/mg0	scalar(/WinDef.h/UINT) -> unknown	005159F3:t654 call_return operand=-1 target=00404494	ANALYSIS; direct=00404494; resolved=00524FE0	retain neutral or current storage; require an exact per-use view	incompatible exact lifetime types=[/WinDef.h/UINT, /int]	review	1	1
00515900	HelpPanelTy::DrawWeapon	local_lifetime	UVar5/mg1	scalar(/WinDef.h/UINT) -> unknown	005159C4:t261 call_return operand=-1 target=00404494	ANALYSIS; direct=00404494; resolved=00524FE0	retain neutral or current storage; require an exact per-use view	incompatible exact lifetime types=[/WinDef.h/UINT, /int]	review	1	1
00516A40	HelpPanelTy::TechProc	local_lifetime	UVar6/mg0	scalar(/WinDef.h/UINT) -> scalar(/int)	00516B73:t316 call_return operand=-1 target=00404B29	ANALYSIS; direct=00404B29; resolved=00528060	retain neutral or current storage; require an exact per-use view	separate decompiler merge group; exact_type_votes=1; score=12; sources=[call_return]; weaker generic evidence cannot replace the current nominal type	review	1	1
00516A40	HelpPanelTy::TechProc	local_lifetime	UVar6/mg4	scalar(/WinDef.h/UINT) -> unknown	00517403:t2296 call_return operand=-1 target=00403684	ANALYSIS; direct=00403684; resolved=00523410	retain neutral or current storage; require an exact per-use view	incompatible exact lifetime types=[/WinDef.h/UINT, /int]	review	1	1
00516A40	HelpPanelTy::TechProc	local_lifetime	UVar6/mg5	scalar(/WinDef.h/UINT) -> unknown	00517564:t2818 call_return operand=-1 target=00403684	ANALYSIS; direct=00403684; resolved=00523410	retain neutral or current storage; require an exact per-use view	incompatible exact lifetime types=[/WinDef.h/UINT, /int]	review	1	1
00517A50	HelpPanelTy::RCProc	local_lifetime	UVar5/mg0	scalar(/WinDef.h/UINT) -> scalar(/int)	00517B9C:t376 call_return operand=-1 target=004019BF	ANALYSIS; direct=004019BF; resolved=005293F0	retain neutral or current storage; require an exact per-use view	separate decompiler merge group; exact_type_votes=1; score=12; sources=[call_return]; weaker generic evidence cannot replace the current nominal type	review	1	1
00517A50	HelpPanelTy::RCProc	local_lifetime	UVar5/mg1	scalar(/WinDef.h/UINT) -> unknown	00517CDB:t696 call_return operand=-1 target=00403684	ANALYSIS; direct=00403684; resolved=00523410	retain neutral or current storage; require an exact per-use view	incompatible exact lifetime types=[/WinDef.h/UINT, /int]	review	1	1
00517A50	HelpPanelTy::RCProc	local_lifetime	UVar5/mg2	scalar(/WinDef.h/UINT) -> unknown	00517F25:t1474 call_return operand=-1 target=00403684	ANALYSIS; direct=00403684; resolved=00523410	retain neutral or current storage; require an exact per-use view	incompatible exact lifetime types=[/WinDef.h/UINT, /int]	review	1	1
00517A50	HelpPanelTy::RCProc	local_lifetime	UVar5/mg3	scalar(/WinDef.h/UINT) -> unknown	005180D4:t2052 call_return operand=-1 target=00403684	ANALYSIS; direct=00403684; resolved=00523410	retain neutral or current storage; require an exact per-use view	incompatible exact lifetime types=[/WinDef.h/UINT, /int]	review	1	1
00517A50	HelpPanelTy::RCProc	local_lifetime	UVar5/mg4	scalar(/WinDef.h/UINT) -> unknown	0051851E:t3504 call_return operand=-1 target=00403684	ANALYSIS; direct=00403684; resolved=00523410	retain neutral or current storage; require an exact per-use view	incompatible exact lifetime types=[/WinDef.h/UINT, /int]	review	1	1
00517A50	HelpPanelTy::RCProc	local_lifetime	UVar5/mg5	scalar(/WinDef.h/UINT) -> unknown	005186D5:t4096 call_return operand=-1 target=00403684	ANALYSIS; direct=00403684; resolved=00523410	retain neutral or current storage; require an exact per-use view	incompatible exact lifetime types=[/WinDef.h/UINT, /int]	review	1	1
00517A50	HelpPanelTy::RCProc	local_lifetime	pIVar21/mg0	pointer(pointer:/InternalExceptionFrame) -> scalar(/uint)	00518235:t2575 call_argument operand=4 target=007119C0	DEFAULT; direct=007119C0	unattachable High lifetime is represented by the exact address-stable per-use boundary 00518235:t2575|007119C0|4	pointer-shaped local has only scalar consumers; exact_type_votes=1; score=4; sources=[call_argument]; one-way call conversion alone is review-only; exact call-boundary type is proven, but no same-width transparent p-code path reattaches that argument to one persistent HighSymbol	neutralized	1	1
00517A50	HelpPanelTy::RCProc	local_lifetime	pIVar21_mg0/mg0	pointer(pointer:/InternalExceptionFrame) -> unknown	00517AE3:t15201 typed_copy operand=0 target=	USER_DEFINED	retain neutral or current storage; require an exact per-use view	incompatible exact lifetime types=[/uint, pointer:/InternalExceptionFrame]	review	1	1
00517A50	HelpPanelTy::RCProc	local_lifetime	pIVar21_mg0/mg0	pointer(pointer:/InternalExceptionFrame) -> scalar(/uint)	00518299:t2719 call_argument operand=4 target=007119C0	DEFAULT; direct=007119C0	unattachable High lifetime is represented by the exact address-stable per-use boundary 00518299:t2719|007119C0|4	exact call-boundary type is proven, but no same-width transparent p-code path reattaches that argument to one persistent HighSymbol; complete CALL-operand scan records an address-local source view only	neutralized	1	1
00517A50		unattachable_call_argument_lifetime	generated per-use lifetime	anchors=00518235:t2575,00518299:t2719; target=007119C0; operand=4; locals=pIVar21,pIVar21_mg0; transition=pointer:/InternalExceptionFrame -> /uint	verified by the matching Ghidra analyzer/export evidence	source audit kind=exact_machine_lifetime_call_view	exact source-only lifetime/view; Program ABI unchanged	Ghidra cannot persist this split without merging unrelated machine lifetimes	neutralized	1	1
00517A50		unattachable_call_argument_lifetime	generated per-use lifetime	anchors=00518235:t2575,00518299:t2719; target=007119C0; operand=4; locals=pIVar21,pIVar21_mg0; transition=pointer:/InternalExceptionFrame -> /uint	verified by the matching Ghidra analyzer/export evidence	source audit kind=exact_machine_lifetime_call_view	exact source-only lifetime/view; Program ABI unchanged	Ghidra cannot persist this split without merging unrelated machine lifetimes	neutralized	1	1
00518C20	HelpPanelTy::SubProc	local_lifetime	UVar6/mg0	scalar(/WinDef.h/UINT) -> scalar(/int)	00518D2F:t253 call_return operand=-1 target=00403684	ANALYSIS; direct=00403684; resolved=00523410	retain neutral or current storage; require an exact per-use view	separate decompiler merge group; exact_type_votes=1; score=12; sources=[call_return]; weaker generic evidence cannot replace the current nominal type	review	1	1
00518C20	HelpPanelTy::SubProc	local_lifetime	UVar6/mg2	scalar(/WinDef.h/UINT) -> unknown	00519399:t2013 call_return operand=-1 target=00404B29	ANALYSIS; direct=00404B29; resolved=00528060	retain neutral or current storage; require an exact per-use view	incompatible exact lifetime types=[/WinDef.h/UINT, /int]	review	1	1
00518C20	HelpPanelTy::SubProc	local_lifetime	UVar6/mg3	scalar(/WinDef.h/UINT) -> scalar(/int)	00519C4B:t4680 call_return operand=-1 target=00403684	ANALYSIS; direct=00403684; resolved=00523410	retain neutral or current storage; require an exact per-use view	separate decompiler merge group; exact_type_votes=1; score=12; sources=[call_return]; weaker generic evidence cannot replace the current nominal type	review	1	1
0051A100	HelpPanelTy::ObjProc	local_lifetime	UVar6/mg0	scalar(/WinDef.h/UINT) -> scalar(/int)	0051A1FD:t230 call_return operand=-1 target=00403684	ANALYSIS; direct=00403684; resolved=00523410	retain neutral or current storage; require an exact per-use view	separate decompiler merge group; exact_type_votes=1; score=12; sources=[call_return]; weaker generic evidence cannot replace the current nominal type	review	1	1
0051A100	HelpPanelTy::ObjProc	local_lifetime	UVar6/mg3	scalar(/WinDef.h/UINT) -> unknown	0051A869:t2016 call_return operand=-1 target=00404B29	ANALYSIS; direct=00404B29; resolved=00528060	retain neutral or current storage; require an exact per-use view	incompatible exact lifetime types=[/WinDef.h/UINT, /int]	review	1	1
0051A100	HelpPanelTy::ObjProc	local_lifetime	UVar6/mg4	scalar(/WinDef.h/UINT) -> scalar(/int)	0051B0F1:t4565 call_return operand=-1 target=00403684	ANALYSIS; direct=00403684; resolved=00523410	retain neutral or current storage; require an exact per-use view	separate decompiler merge group; exact_type_votes=1; score=12; sources=[call_return]; weaker generic evidence cannot replace the current nominal type	review	1	1
0051B5A0	HelpPanelTy::ArmProc	local_lifetime	UVar5/mg0	scalar(/WinDef.h/UINT) -> scalar(/int)	0051B6AD:t233 call_return operand=-1 target=00404494	ANALYSIS; direct=00404494; resolved=00524FE0	retain neutral or current storage; require an exact per-use view	separate decompiler merge group; exact_type_votes=1; score=12; sources=[call_return]; weaker generic evidence cannot replace the current nominal type	review	1	1
0051B5A0	HelpPanelTy::ArmProc	local_lifetime	UVar5/mg1	scalar(/WinDef.h/UINT) -> unknown	0051B9F4:t985 call_return operand=-1 target=00404B29	ANALYSIS; direct=00404B29; resolved=00528060	retain neutral or current storage; require an exact per-use view	incompatible exact lifetime types=[/WinDef.h/UINT, /int]	review	1	1
0051B5A0	HelpPanelTy::ArmProc	local_lifetime	UVar5/mg3	scalar(/WinDef.h/UINT) -> unknown	0051BE83:t2030 call_return operand=-1 target=00403684	ANALYSIS; direct=00403684; resolved=00523410	retain neutral or current storage; require an exact per-use view	incompatible exact lifetime types=[/WinDef.h/UINT, /int]	review	1	1
0051B5A0	HelpPanelTy::ArmProc	local_lifetime	UVar5/mg4	scalar(/WinDef.h/UINT) -> unknown	0051C04B:t2638 call_return operand=-1 target=00403684	ANALYSIS; direct=00403684; resolved=00523410	retain neutral or current storage; require an exact per-use view	incompatible exact lifetime types=[/WinDef.h/UINT, /int]	review	1	1
0051B5A0	HelpPanelTy::ArmProc	local_lifetime	UVar5/mg5	scalar(/WinDef.h/UINT) -> unknown	0051C1EB:t3231 call_return operand=-1 target=00403684	ANALYSIS; direct=00403684; resolved=00523410	retain neutral or current storage; require an exact per-use view	incompatible exact lifetime types=[/WinDef.h/UINT, /int]	review	1	1
0051B5A0	HelpPanelTy::ArmProc	local_lifetime	UVar5/mg6	scalar(/WinDef.h/UINT) -> unknown	0051C391:t3826 call_return operand=-1 target=00403684	ANALYSIS; direct=00403684; resolved=00523410	retain neutral or current storage; require an exact per-use view	incompatible exact lifetime types=[/WinDef.h/UINT, /int]	review	1	1
0051C980	HelpPanelTy::SpecProc	local_lifetime	UVar6/mg0	scalar(/WinDef.h/UINT) -> scalar(/int)	0051CA85:t251 call_return operand=-1 target=00403684	ANALYSIS; direct=00403684; resolved=00523410	retain neutral or current storage; require an exact per-use view	separate decompiler merge group; exact_type_votes=1; score=12; sources=[call_return]; weaker generic evidence cannot replace the current nominal type	review	1	1
0051C980	HelpPanelTy::SpecProc	local_lifetime	UVar6/mg1	scalar(/WinDef.h/UINT) -> unknown	0051CB89:t535 call_return operand=-1 target=00403684	ANALYSIS; direct=00403684; resolved=00523410	retain neutral or current storage; require an exact per-use view	incompatible exact lifetime types=[/WinDef.h/UINT, /int]	review	1	1
0051C980	HelpPanelTy::SpecProc	local_lifetime	UVar6/mg2	scalar(/WinDef.h/UINT) -> unknown	0051CCF6:t1063 call_return operand=-1 target=00403684	ANALYSIS; direct=00403684; resolved=00523410	retain neutral or current storage; require an exact per-use view	incompatible exact lifetime types=[/WinDef.h/UINT, /int]	review	1	1
0051C980	HelpPanelTy::SpecProc	local_lifetime	UVar6/mg3	scalar(/WinDef.h/UINT) -> unknown	0051CE64:t1520 call_return operand=-1 target=00403684	ANALYSIS; direct=00403684; resolved=00523410	retain neutral or current storage; require an exact per-use view	incompatible exact lifetime types=[/WinDef.h/UINT, /int]	review	1	1
0051C980	HelpPanelTy::SpecProc	local_lifetime	UVar6/mg4	scalar(/WinDef.h/UINT) -> scalar(/int)	0051D0D8:t2372 call_return operand=-1 target=00403684	ANALYSIS; direct=00403684; resolved=00523410	retain neutral or current storage; require an exact per-use view	separate decompiler merge group; exact_type_votes=1; score=12; sources=[call_return]; weaker generic evidence cannot replace the current nominal type	review	1	1
0051C980	HelpPanelTy::SpecProc	local_lifetime	pIVar18/mg1	pointer(pointer:/InternalExceptionFrame) -> scalar(/uint)	0051D0C6:t2345 call_argument operand=4 target=007119C0	DEFAULT; direct=007119C0	unattachable High lifetime is represented by the exact address-stable per-use boundary 0051D0C6:t2345|007119C0|4	separate decompiler merge group; exact_type_votes=1; score=4; sources=[call_argument]; one-way call conversion alone is review-only; exact call-boundary type is proven, but no same-width transparent p-code path reattaches that argument to one persistent HighSymbol	neutralized	1	1
0051C980	HelpPanelTy::SpecProc	local_lifetime	pIVar18/mg2	pointer(pointer:/InternalExceptionFrame) -> scalar(/uint)	0051D025:t2178 call_argument operand=4 target=007119C0	DEFAULT; direct=007119C0	unattachable High lifetime is represented by the exact address-stable per-use boundary 0051D025:t2178|007119C0|4	separate decompiler merge group; exact_type_votes=1; score=4; sources=[call_argument]; one-way call conversion alone is review-only; exact call-boundary type is proven, but no same-width transparent p-code path reattaches that argument to one persistent HighSymbol	neutralized	1	1
0051C980	HelpPanelTy::SpecProc	local_lifetime	pIVar18/mg3	pointer(pointer:/InternalExceptionFrame) -> scalar(/uint)	0051CFBC:t2026 call_argument operand=4 target=007119C0	DEFAULT; direct=007119C0	unattachable High lifetime is represented by the exact address-stable per-use boundary 0051CFBC:t2026|007119C0|4	separate decompiler merge group; exact_type_votes=1; score=4; sources=[call_argument]; one-way call conversion alone is review-only; exact call-boundary type is proven, but no same-width transparent p-code path reattaches that argument to one persistent HighSymbol	neutralized	1	1
0051C980	HelpPanelTy::SpecProc	local_lifetime	pIVar18/mg4	pointer(pointer:/InternalExceptionFrame) -> scalar(/uint)	0051D06E:t2248 call_argument operand=4 target=007119C0	DEFAULT; direct=007119C0	unattachable High lifetime is represented by the exact address-stable per-use boundary 0051D06E:t2248|007119C0|4	separate decompiler merge group; exact_type_votes=1; score=4; sources=[call_argument]; one-way call conversion alone is review-only; exact call-boundary type is proven, but no same-width transparent p-code path reattaches that argument to one persistent HighSymbol	neutralized	1	1
0051C980		unattachable_call_argument_lifetime	generated per-use lifetime	anchors=0051CFBC:t2026,0051D025:t2178,0051D06E:t2248,0051D0C6:t2345; target=007119C0; operand=4; locals=pIVar18; transition=pointer:/InternalExceptionFrame -> /uint	verified by the matching Ghidra analyzer/export evidence	source audit kind=exact_machine_lifetime_call_view	exact source-only lifetime/view; Program ABI unchanged	Ghidra cannot persist this split without merging unrelated machine lifetimes	neutralized	1	1
0051C980		unattachable_call_argument_lifetime	generated per-use lifetime	anchors=0051CFBC:t2026,0051D025:t2178,0051D06E:t2248,0051D0C6:t2345; target=007119C0; operand=4; locals=pIVar18; transition=pointer:/InternalExceptionFrame -> /uint	verified by the matching Ghidra analyzer/export evidence	source audit kind=exact_machine_lifetime_call_view	exact source-only lifetime/view; Program ABI unchanged	Ghidra cannot persist this split without merging unrelated machine lifetimes	neutralized	1	1
0051C980		unattachable_call_argument_lifetime	generated per-use lifetime	anchors=0051CFBC:t2026,0051D025:t2178,0051D06E:t2248,0051D0C6:t2345; target=007119C0; operand=4; locals=pIVar18; transition=pointer:/InternalExceptionFrame -> /uint	verified by the matching Ghidra analyzer/export evidence	source audit kind=exact_machine_lifetime_call_view	exact source-only lifetime/view; Program ABI unchanged	Ghidra cannot persist this split without merging unrelated machine lifetimes	neutralized	1	1
0051C980		unattachable_call_argument_lifetime	generated per-use lifetime	anchors=0051CFBC:t2026,0051D025:t2178,0051D06E:t2248,0051D0C6:t2345; target=007119C0; operand=4; locals=pIVar18; transition=pointer:/InternalExceptionFrame -> /uint	verified by the matching Ghidra analyzer/export evidence	source audit kind=exact_machine_lifetime_call_view	exact source-only lifetime/view; Program ABI unchanged	Ghidra cannot persist this split without merging unrelated machine lifetimes	neutralized	1	1
0051D360	HelpPanelTy::NatProc	local_lifetime	UVar4/mg0	scalar(/WinDef.h/UINT) -> scalar(/int)	0051D434:t215 call_return operand=-1 target=00403684	ANALYSIS; direct=00403684; resolved=00523410	retain neutral or current storage; require an exact per-use view	separate decompiler merge group; exact_type_votes=1; score=12; sources=[call_return]; weaker generic evidence cannot replace the current nominal type	review	1	1
0051D360	HelpPanelTy::NatProc	local_lifetime	UVar4/mg1	scalar(/WinDef.h/UINT) -> scalar(/int)	0051D45C:t267 call_return operand=-1 target=00403684	ANALYSIS; direct=00403684; resolved=00523410	retain neutral or current storage; require an exact per-use view	separate decompiler merge group; exact_type_votes=1; score=12; sources=[call_return]; weaker generic evidence cannot replace the current nominal type	review	1	1
0051FF50	InfocPanelTy::InitInfocPanel	local_lifetime	local_10/mg0	pointer(pointer:/InfocPanelTy) -> unknown	0051FF69:t5067 typed_copy operand=0 target=	DEFAULT	retain neutral or current storage; require an exact per-use view	incompatible exact lifetime types=[pointer:/InfocPanelTy, pointer:/SpecPanelTy]	review	1	1
00521490	InfocPanelTy::GetMessage	local_lifetime	local_10/mg0	pointer(pointer:/InfocPanelTy) -> unknown	005214B3:t2290 typed_copy operand=0 target=	DEFAULT	retain neutral or current storage; require an exact per-use view	incompatible exact lifetime types=[pointer:/InfocPanelTy, pointer:/SpecPanelTy]	review	1	1
00521CF0	FUN_00521cf0	local_lifetime	_Str1/mg0	pointer(pointer:/undefined1) -> pointer(pointer:/char)	00521DAB:t307 call_argument operand=0 target=0072E6F0	USER_DEFINED; direct=0072E6F0	retain neutral or current storage; require an exact per-use view	single undefined local lifetime; exact_type_votes=6; score=24; sources=[call_argument]; downstream call consumers do not prove signedness or semantics of an already width-known pointee; exact call-boundary type is proven, but no same-width transparent p-code path reattaches that argument to one persistent HighSymbol	review	1	1
00521CF0	FUN_00521cf0	local_lifetime	_Str1/mg0	pointer(pointer:/undefined1) -> pointer(pointer:/char)	00521E6C:t510 call_argument operand=0 target=0072E6F0	USER_DEFINED; direct=0072E6F0	retain neutral or current storage; require an exact per-use view	single undefined local lifetime; exact_type_votes=6; score=24; sources=[call_argument]; downstream call consumers do not prove signedness or semantics of an already width-known pointee; exact call-boundary type is proven, but no same-width transparent p-code path reattaches that argument to one persistent HighSymbol	review	1	1
00521CF0	FUN_00521cf0	local_lifetime	_Str1/mg0	pointer(pointer:/undefined1) -> pointer(pointer:/char)	00521EF9:t685 call_argument operand=0 target=0072E6F0	USER_DEFINED; direct=0072E6F0	retain neutral or current storage; require an exact per-use view	single undefined local lifetime; exact_type_votes=6; score=24; sources=[call_argument]; downstream call consumers do not prove signedness or semantics of an already width-known pointee; exact call-boundary type is proven, but no same-width transparent p-code path reattaches that argument to one persistent HighSymbol	review	1	1
00521CF0	FUN_00521cf0	local_lifetime	_Str1/mg0	pointer(pointer:/undefined1) -> pointer(pointer:/char)	00521FB1:t897 call_argument operand=0 target=0072E6F0	USER_DEFINED; direct=0072E6F0	retain neutral or current storage; require an exact per-use view	single undefined local lifetime; exact_type_votes=6; score=24; sources=[call_argument]; downstream call consumers do not prove signedness or semantics of an already width-known pointee; exact call-boundary type is proven, but no same-width transparent p-code path reattaches that argument to one persistent HighSymbol	review	1	1
00521CF0	FUN_00521cf0	local_lifetime	_Str1/mg0	pointer(pointer:/undefined1) -> pointer(pointer:/char)	00521FC9:t932 call_argument operand=0 target=0072E6F0	USER_DEFINED; direct=0072E6F0	retain neutral or current storage; require an exact per-use view	single undefined local lifetime; exact_type_votes=6; score=24; sources=[call_argument]; downstream call consumers do not prove signedness or semantics of an already width-known pointee; exact call-boundary type is proven, but no same-width transparent p-code path reattaches that argument to one persistent HighSymbol	review	1	1
00521CF0	FUN_00521cf0	local_lifetime	_Str1/mg0	pointer(pointer:/undefined1) -> pointer(pointer:/char)	00521FE1:t967 call_argument operand=0 target=0072E6F0	USER_DEFINED; direct=0072E6F0	retain neutral or current storage; require an exact per-use view	single undefined local lifetime; exact_type_votes=6; score=24; sources=[call_argument]; downstream call consumers do not prove signedness or semantics of an already width-known pointee; exact call-boundary type is proven, but no same-width transparent p-code path reattaches that argument to one persistent HighSymbol	review	1	1
0052A080	FUN_0052a080	return_abi	EAX/x87 return	scalar(/undefined4) -> scalar(/bool)	all reachable callee return paths	all explicit return values are constants in {0,1}, but the source domain alone does not prove the x86 ABI return width; review STAbiConsistencyAnalyzer evidence: [1, 0]	retain current machine-width return pending strict ABI proof	all explicit return values are constants in {0,1}, but the source domain alone does not prove the x86 ABI return width; review STAbiConsistencyAnalyzer evidence: [1, 0]	review	1	1
0052A140	FUN_0052a140	return_abi	EAX/x87 return	scalar(/undefined4) -> scalar(/bool)	all reachable callee return paths	all explicit return values are constants in {0,1}, but the source domain alone does not prove the x86 ABI return width; review STAbiConsistencyAnalyzer evidence: [0, 1]	retain current machine-width return pending strict ABI proof	all explicit return values are constants in {0,1}, but the source domain alone does not prove the x86 ABI return width; review STAbiConsistencyAnalyzer evidence: [0, 1]	review	1	1
0052A190	FUN_0052a190	return_abi	EAX/x87 return	scalar(/undefined4) -> scalar(/bool)	all reachable callee return paths	all explicit return values are constants in {0,1}, but the source domain alone does not prove the x86 ABI return width; review STAbiConsistencyAnalyzer evidence: [0, 1]	retain current machine-width return pending strict ABI proof	all explicit return values are constants in {0,1}, but the source domain alone does not prove the x86 ABI return width; review STAbiConsistencyAnalyzer evidence: [0, 1]	review	1	1
0052A2D0	FUN_0052a2d0	return_abi	EAX/x87 return	scalar(/undefined4) -> scalar(/bool)	all reachable callee return paths	all explicit return values are constants in {0,1}, but the source domain alone does not prove the x86 ABI return width; review STAbiConsistencyAnalyzer evidence: [0, 1]	retain current machine-width return pending strict ABI proof	all explicit return values are constants in {0,1}, but the source domain alone does not prove the x86 ABI return width; review STAbiConsistencyAnalyzer evidence: [0, 1]	review	1	1
0052A390	FUN_0052a390	return_abi	EAX/x87 return	scalar(/undefined4) -> scalar(/bool)	all reachable callee return paths	all explicit return values are constants in {0,1}, but the source domain alone does not prove the x86 ABI return width; review STAbiConsistencyAnalyzer evidence: [0, 1]	retain current machine-width return pending strict ABI proof	all explicit return values are constants in {0,1}, but the source domain alone does not prove the x86 ABI return width; review STAbiConsistencyAnalyzer evidence: [0, 1]	review	1	1
0052A3E0	FUN_0052a3e0	return_abi	EAX/x87 return	scalar(/undefined4) -> scalar(/bool)	all reachable callee return paths	all explicit return values are constants in {0,1}, but the source domain alone does not prove the x86 ABI return width; review STAbiConsistencyAnalyzer evidence: [0, 1]	retain current machine-width return pending strict ABI proof	all explicit return values are constants in {0,1}, but the source domain alone does not prove the x86 ABI return width; review STAbiConsistencyAnalyzer evidence: [0, 1]	review	1	1
0052A4D0	FUN_0052a4d0	return_abi	EAX/x87 return	scalar(/undefined4) -> scalar(/bool)	all reachable callee return paths	all explicit return values are constants in {0,1}, but the source domain alone does not prove the x86 ABI return width; review STAbiConsistencyAnalyzer evidence: [1, 0]	retain current machine-width return pending strict ABI proof	all explicit return values are constants in {0,1}, but the source domain alone does not prove the x86 ABI return width; review STAbiConsistencyAnalyzer evidence: [1, 0]	review	1	1
0052BF00	MoneyTy::GetMessage	local_lifetime	puVar13/mg4	pointer(pointer:/ushort) -> scalar(/int)	0052C6CF:t3332 call_argument operand=1 target=00710A90	DEFAULT; direct=00710A90	unattachable High lifetime is represented by the exact address-stable per-use boundary 0052C6CF:t3332|00710A90|1	separate decompiler merge group; exact_type_votes=1; score=4; sources=[call_argument]; one-way call conversion alone is review-only; exact call-boundary type is proven, but no same-width transparent p-code path reattaches that argument to one persistent HighSymbol	neutralized	1	1
0052BF00	MoneyTy::GetMessage	local_lifetime	puVar13/mg5	pointer(pointer:/ushort) -> scalar(/int)	0052C7C5:t3770 call_argument operand=1 target=00710A90	DEFAULT; direct=00710A90	unattachable High lifetime is represented by the exact address-stable per-use boundary 0052C7C5:t3770|00710A90|1	separate decompiler merge group; exact_type_votes=1; score=4; sources=[call_argument]; one-way call conversion alone is review-only; exact call-boundary type is proven, but no same-width transparent p-code path reattaches that argument to one persistent HighSymbol	neutralized	1	1
0052BF00	MoneyTy::GetMessage	local_lifetime	puVar13/mg6	pointer(pointer:/ushort) -> scalar(/int)	0052C8BC:t4199 call_argument operand=1 target=00710A90	DEFAULT; direct=00710A90	unattachable High lifetime is represented by the exact address-stable per-use boundary 0052C8BC:t4199|00710A90|1	separate decompiler merge group; exact_type_votes=1; score=4; sources=[call_argument]; one-way call conversion alone is review-only; exact call-boundary type is proven, but no same-width transparent p-code path reattaches that argument to one persistent HighSymbol	neutralized	1	1
0052BF00		unattachable_call_argument_lifetime	generated per-use lifetime	anchors=0052C6CF:t3332,0052C7C5:t3770,0052C8BC:t4199; target=00710A90; operand=1; locals=puVar13; transition=pointer:/ushort -> /int	verified by the matching Ghidra analyzer/export evidence	source audit kind=exact_machine_lifetime_call_view	exact source-only lifetime/view; Program ABI unchanged	Ghidra cannot persist this split without merging unrelated machine lifetimes	neutralized	1	1
0052BF00		unattachable_call_argument_lifetime	generated per-use lifetime	anchors=0052C6CF:t3332,0052C7C5:t3770,0052C8BC:t4199; target=00710A90; operand=1; locals=puVar13; transition=pointer:/ushort -> /int	verified by the matching Ghidra analyzer/export evidence	source audit kind=exact_machine_lifetime_call_view	exact source-only lifetime/view; Program ABI unchanged	Ghidra cannot persist this split without merging unrelated machine lifetimes	neutralized	1	1
0052BF00		unattachable_call_argument_lifetime	generated per-use lifetime	anchors=0052C6CF:t3332,0052C7C5:t3770,0052C8BC:t4199; target=00710A90; operand=1; locals=puVar13; transition=pointer:/ushort -> /int	verified by the matching Ghidra analyzer/export evidence	source audit kind=exact_machine_lifetime_call_view	exact source-only lifetime/view; Program ABI unchanged	Ghidra cannot persist this split without merging unrelated machine lifetimes	neutralized	1	1
0052CCE0	FUN_0052cce0	local_lifetime	param_1/mg0	pointer(pointer:/ushort) -> scalar(/int)	0052CF57:t612 call_argument operand=4 target=0070D1F0	DEFAULT; direct=0070D1F0	unattachable High lifetime is represented by the exact address-stable per-use boundary 0052CF57:t612|0070D1F0|4	exact call-boundary type is proven, but no same-width transparent p-code path reattaches that argument to one persistent HighSymbol; complete CALL-operand scan records an address-local source view only	neutralized	1	1
0052CCE0		unattachable_call_argument_lifetime	generated per-use lifetime	anchors=0052CF57:t612; target=0070D1F0; operand=4; locals=param_1; transition=pointer:/ushort -> /int	verified by the matching Ghidra analyzer/export evidence	source audit kind=exact_machine_lifetime_call_view	exact source-only lifetime/view; Program ABI unchanged	Ghidra cannot persist this split without merging unrelated machine lifetimes	neutralized	1	1
0052E5E0	OptPanelTy::InitOptPanel	local_lifetime	local_8/mg0	pointer(pointer:/OptPanelTy) -> unknown	0052E603:t2304 typed_copy operand=0 target=	DEFAULT	retain neutral or current storage; require an exact per-use view	incompatible exact lifetime types=[pointer:/OptPanelTy, pointer:/UPanelTy]	review	1	1
0052FB00	OptPanelTy::SetOptControls	local_lifetime	local_c/mg0	pointer(pointer:/int) -> scalar(/crtdefs.h/size_t)	0052FE31:t8823 call_argument operand=2 target=0072E340	USER_DEFINED; direct=0072E340	unattachable High lifetime is represented by the exact address-stable per-use boundary 0052FE31:t8823|0072E340|2	pointer-shaped local has only scalar consumers; exact_type_votes=1; score=4; sources=[call_argument]; one-way call conversion alone is review-only; exact call-boundary type is proven, but no same-width transparent p-code path reattaches that argument to one persistent HighSymbol	neutralized	1	1
0052FB00	OptPanelTy::SetOptControls	local_lifetime	uVar32/mg42	scalar(/uint) -> unknown	0053109B:t6275 unsigned_scalar_role operand=-1 target=	INT_DIV	retain neutral or current storage; require an exact per-use view	incompatible exact lifetime types=[/int, /uint]	review	1	1
0052FB00	OptPanelTy::SetOptControls	local_lifetime	uVar32/mg52	scalar(/uint) -> unknown	00530DAC:t7606 unsigned_scalar_role operand=-1 target=	INT_DIV	retain neutral or current storage; require an exact per-use view	incompatible exact lifetime types=[/int, /uint]	review	1	1
0052FB00		unattachable_call_argument_lifetime	generated per-use lifetime	anchors=0052FE31:t8823; target=0072E340; operand=2; locals=local_c; transition=pointer:/int -> /crtdefs.h/size_t	verified by the matching Ghidra analyzer/export evidence	source audit kind=exact_machine_lifetime_call_view	exact source-only lifetime/view; Program ABI unchanged	Ghidra cannot persist this split without merging unrelated machine lifetimes	neutralized	1	1
00533D10	OptPanelTy::GetMessage	local_lifetime	bVar27/mg0	scalar(/bool) -> unknown	0053554A:t11994 boolean_scalar_role operand=-1 target=	INT_LESS	retain neutral or current storage; require an exact per-use view	incompatible exact lifetime types=[/bool, /byte]	review	1	1
00533D10	OptPanelTy::GetMessage	local_lifetime	bVar27/mg1	scalar(/bool) -> unknown	00535135:t13477 boolean_scalar_role operand=-1 target=	INT_NOTEQUAL	retain neutral or current storage; require an exact per-use view	incompatible exact lifetime types=[/bool, /byte]	review	1	1
00533D10	OptPanelTy::GetMessage	local_lifetime	puVar16/mg0	pointer(pointer:/uint) -> pointer(pointer:/char)	00534598:t2933 call_argument operand=1 target=007119C0	ANALYSIS; direct=007119C0	retain neutral or current storage; require an exact per-use view	separate decompiler merge group; exact_type_votes=1; score=4; sources=[call_argument]; one-way call conversion alone is review-only; exact call-boundary type is proven, but no same-width transparent p-code path reattaches that argument to one persistent HighSymbol	review	1	1
00538690	PanelTy::CreateBut	local_lifetime	local_18c/mg1	scalar(/int[4]) -> scalar(/int)	0053874E:t1912 typed_copy operand=0 target=	ANALYSIS	persistent High lifetime already carries the proposed domain	separate decompiler merge group; exact_type_votes=1; score=10; sources=[typed_copy]	resolved	1	1
005389E0	PanelTy::PaintBut	local_lifetime	errorCode/mg0	pointer(pointer:/int) -> scalar(/int)	00538B34:t379 call_argument operand=0 target=006A5E40	USER_DEFINED; direct=006A5E40	unattachable High lifetime is represented by the exact address-stable per-use boundary 00538B34:t379|006A5E40|0	exact call-boundary type is proven, but no same-width transparent p-code path reattaches that argument to one persistent HighSymbol; complete CALL-operand scan records an address-local source view only	neutralized	1	1
005389E0		unattachable_call_argument_lifetime	generated per-use lifetime	anchors=00538B34:t379; target=006A5E40; operand=0; locals=errorCode; transition=pointer:/int -> /int	verified by the matching Ghidra analyzer/export evidence	source audit kind=exact_machine_lifetime_call_view	exact source-only lifetime/view; Program ABI unchanged	Ghidra cannot persist this split without merging unrelated machine lifetimes	neutralized	1	1
00538DB0	PanelTy::PaintIBut	local_lifetime	errorCode/mg0	pointer(pointer:/undefined4) -> scalar(/int)	00538E70:t223 call_argument operand=6 target=00709AF0	DEFAULT; direct=00709AF0	unattachable High lifetime is represented by the exact address-stable per-use boundary 00538E70:t223|00709AF0|6	pointer-shaped local has only scalar consumers; exact_type_votes=2; score=8; sources=[call_argument]; exact call-boundary type is proven, but no same-width transparent p-code path reattaches that argument to one persistent HighSymbol	neutralized	1	1
00538DB0	PanelTy::PaintIBut	local_lifetime	errorCode/mg0	pointer(pointer:/undefined4) -> scalar(/int)	00538F40:t461 call_argument operand=0 target=006A5E40	DEFAULT; direct=006A5E40	unattachable High lifetime is represented by the exact address-stable per-use boundary 00538F40:t461|006A5E40|0	pointer-shaped local has only scalar consumers; exact_type_votes=2; score=8; sources=[call_argument]; exact call-boundary type is proven, but no same-width transparent p-code path reattaches that argument to one persistent HighSymbol	neutralized	1	1
00538DB0	PanelTy::PaintIBut	local_lifetime	puVar8/mg0	pointer(pointer:/undefined4) -> scalar(/int)	00538E70:t223 call_argument operand=6 target=00709AF0	DEFAULT; direct=00709AF0	unattachable High lifetime is represented by the exact address-stable per-use boundary 00538E70:t223|00709AF0|6	pointer-shaped local has only scalar consumers; exact_type_votes=1; score=4; sources=[call_argument]; one-way call conversion alone is review-only; exact call-boundary type is proven, but no same-width transparent p-code path reattaches that argument to one persistent HighSymbol	neutralized	1	1
00538DB0	PanelTy::PaintIBut	local_lifetime	resourceString/mg0	pointer(pointer:/ccFntTy) -> unknown	00538EC8:t336 call_return operand=-1 target=006B0140	USE_SITE_OVERRIDE; direct=006B0140	retain neutral or current storage; require an exact per-use view	incompatible exact lifetime types=[pointer:/ccFntTy, pointer:/char]	review	1	1
00538DB0	PanelTy::PaintIBut	local_lifetime	uVar5/mg1	scalar(/uint) -> unknown	00538EB0:t305 call_return operand=-1 target=00401E88	ANALYSIS; direct=00401E88; resolved=00529FE0	retain neutral or current storage; require an exact per-use view	incompatible exact lifetime types=[/int, /uint]	review	1	1
00538DB0		unattachable_call_argument_lifetime	generated per-use lifetime	anchors=00538E70:t223; target=00709AF0; operand=6; locals=errorCode,puVar8; transition=pointer:/undefined4 -> /int	verified by the matching Ghidra analyzer/export evidence	source audit kind=exact_machine_lifetime_call_view	exact source-only lifetime/view; Program ABI unchanged	Ghidra cannot persist this split without merging unrelated machine lifetimes	neutralized	1	1
00538DB0		unattachable_call_argument_lifetime	generated per-use lifetime	anchors=00538F40:t461; target=006A5E40; operand=0; locals=errorCode; transition=pointer:/undefined4 -> /int	verified by the matching Ghidra analyzer/export evidence	source audit kind=exact_machine_lifetime_call_view	exact source-only lifetime/view; Program ABI unchanged	Ghidra cannot persist this split without merging unrelated machine lifetimes	neutralized	1	1
005397F0	PausePanelTy::GetMessage	local_lifetime	local_8/mg0	pointer(pointer:/PausePanelTy) -> unknown	00539812:t1469 typed_copy operand=0 target=	DEFAULT	retain neutral or current storage; require an exact per-use view	incompatible exact lifetime types=[pointer:/PanelTy, pointer:/PausePanelTy]	review	1	1
00539B90	PlayPanelTy::InitPlayPanel	local_lifetime	local_14/mg0	pointer(pointer:/PlayPanelTy) -> unknown	00539BAC:t8217 typed_copy operand=0 target=	DEFAULT	retain neutral or current storage; require an exact per-use view	incompatible exact lifetime types=[pointer:/PlayPanelTy, pointer:/UPanelTy]	review	1	1
0053CA80	ResearchPanelTy::GetMessage	local_lifetime	local_8/mg0	pointer(pointer:/ResearchPanelTy) -> unknown	0053CAA3:t2058 typed_copy operand=0 target=	DEFAULT	retain neutral or current storage; require an exact per-use view	incompatible exact lifetime types=[pointer:/ProdPanelTy, pointer:/ResearchPanelTy]	review	1	1
0053CEF0	SAMPanelTy::InitSAMPanel	local_lifetime	local_14/mg0	pointer(pointer:/SAMPanelTy) -> unknown	0053CF13:t1808 typed_copy operand=0 target=	DEFAULT	retain neutral or current storage; require an exact per-use view	incompatible exact lifetime types=[pointer:/SAMPanelTy, pointer:/SpecPanelTy]	review	1	1
0053D4D0	SAMPanelTy::GetMessage	local_lifetime	local_c/mg0	pointer(pointer:/SAMPanelTy) -> unknown	0053D4F3:t1509 typed_copy operand=0 target=	DEFAULT	retain neutral or current storage; require an exact per-use view	incompatible exact lifetime types=[pointer:/SAMPanelTy, pointer:/SpecPanelTy]	review	1	1
0053D7A0	UPanelTy::PaintBut	local_lifetime	errorCode/mg0	pointer(pointer:/int) -> scalar(/int)	0053D8C1:t342 call_argument operand=0 target=006A5E40	USER_DEFINED; direct=006A5E40	unattachable High lifetime is represented by the exact address-stable per-use boundary 0053D8C1:t342|006A5E40|0	exact call-boundary type is proven, but no same-width transparent p-code path reattaches that argument to one persistent HighSymbol; complete CALL-operand scan records an address-local source view only	neutralized	1	1
0053D7A0		unattachable_call_argument_lifetime	generated per-use lifetime	anchors=0053D8C1:t342; target=006A5E40; operand=0; locals=errorCode; transition=pointer:/int -> /int	verified by the matching Ghidra analyzer/export evidence	source audit kind=exact_machine_lifetime_call_view	exact source-only lifetime/view; Program ABI unchanged	Ghidra cannot persist this split without merging unrelated machine lifetimes	neutralized	1	1
0053DAF0	UPanelTy::PaintIBut	local_lifetime	errorCode/mg0	pointer(pointer:/undefined4) -> scalar(/int)	0053DB83:t186 call_argument operand=6 target=00709AF0	DEFAULT; direct=00709AF0	unattachable High lifetime is represented by the exact address-stable per-use boundary 0053DB83:t186|00709AF0|6	pointer-shaped local has only scalar consumers; exact_type_votes=2; score=8; sources=[call_argument]; exact call-boundary type is proven, but no same-width transparent p-code path reattaches that argument to one persistent HighSymbol	neutralized	1	1
0053DAF0	UPanelTy::PaintIBut	local_lifetime	errorCode/mg0	pointer(pointer:/undefined4) -> scalar(/int)	0053DC4E:t424 call_argument operand=0 target=006A5E40	DEFAULT; direct=006A5E40	unattachable High lifetime is represented by the exact address-stable per-use boundary 0053DC4E:t424|006A5E40|0	pointer-shaped local has only scalar consumers; exact_type_votes=2; score=8; sources=[call_argument]; exact call-boundary type is proven, but no same-width transparent p-code path reattaches that argument to one persistent HighSymbol	neutralized	1	1
0053DAF0	UPanelTy::PaintIBut	local_lifetime	puVar8/mg0	pointer(pointer:/undefined4) -> scalar(/int)	0053DB83:t186 call_argument operand=6 target=00709AF0	DEFAULT; direct=00709AF0	unattachable High lifetime is represented by the exact address-stable per-use boundary 0053DB83:t186|00709AF0|6	pointer-shaped local has only scalar consumers; exact_type_votes=1; score=4; sources=[call_argument]; one-way call conversion alone is review-only; exact call-boundary type is proven, but no same-width transparent p-code path reattaches that argument to one persistent HighSymbol	neutralized	1	1
0053DAF0	UPanelTy::PaintIBut	local_lifetime	resourceString/mg0	pointer(pointer:/ccFntTy) -> unknown	0053DBDB:t299 call_return operand=-1 target=006B0140	USE_SITE_OVERRIDE; direct=006B0140	retain neutral or current storage; require an exact per-use view	incompatible exact lifetime types=[pointer:/ccFntTy, pointer:/char]	review	1	1
0053DAF0	UPanelTy::PaintIBut	local_lifetime	uVar5/mg1	scalar(/uint) -> unknown	0053DBC4:t268 call_return operand=-1 target=00401E88	ANALYSIS; direct=00401E88; resolved=00529FE0	retain neutral or current storage; require an exact per-use view	incompatible exact lifetime types=[/int, /uint]	review	1	1
0053DAF0		unattachable_call_argument_lifetime	generated per-use lifetime	anchors=0053DB83:t186; target=00709AF0; operand=6; locals=errorCode,puVar8; transition=pointer:/undefined4 -> /int	verified by the matching Ghidra analyzer/export evidence	source audit kind=exact_machine_lifetime_call_view	exact source-only lifetime/view; Program ABI unchanged	Ghidra cannot persist this split without merging unrelated machine lifetimes	neutralized	1	1
0053DAF0		unattachable_call_argument_lifetime	generated per-use lifetime	anchors=0053DC4E:t424; target=006A5E40; operand=0; locals=errorCode; transition=pointer:/undefined4 -> /int	verified by the matching Ghidra analyzer/export evidence	source audit kind=exact_machine_lifetime_call_view	exact source-only lifetime/view; Program ABI unchanged	Ghidra cannot persist this split without merging unrelated machine lifetimes	neutralized	1	1
0053FCD0	ProdPanelTy::PaintTab	local_lifetime	piVar4/mg0	pointer(pointer:/int) -> unknown	0053FD7A:t210 call_argument operand=3 target=006F1CE0	DEFAULT; direct=006F1CE0	retain neutral or current storage; require an exact per-use view	incompatible exact lifetime types=[/int, pointer:/int]	review	1	1
0053FCD0	ProdPanelTy::PaintTab	local_lifetime	piVar4/mg0	pointer(pointer:/int) -> scalar(/int)	0053FE60:t472 call_argument operand=0 target=006A5E40	USER_DEFINED; direct=006A5E40	unattachable High lifetime is represented by the exact address-stable per-use boundary 0053FE60:t472|006A5E40|0	exact call-boundary type is proven, but no same-width transparent p-code path reattaches that argument to one persistent HighSymbol; complete CALL-operand scan records an address-local source view only	neutralized	1	1
0053FCD0		unattachable_call_argument_lifetime	generated per-use lifetime	anchors=0053FE60:t472; target=006A5E40; operand=0; locals=piVar4; transition=pointer:/int -> /int	verified by the matching Ghidra analyzer/export evidence	source audit kind=exact_machine_lifetime_call_view	exact source-only lifetime/view; Program ABI unchanged	Ghidra cannot persist this split without merging unrelated machine lifetimes	neutralized	1	1
0053FEE0	ProdPanelTy::PaintTab	local_lifetime	piVar4/mg0	pointer(pointer:/int) -> unknown	0053FF8A:t210 call_argument operand=3 target=006F1CE0	DEFAULT; direct=006F1CE0	retain neutral or current storage; require an exact per-use view	incompatible exact lifetime types=[/int, pointer:/int]	review	1	1
0053FEE0	ProdPanelTy::PaintTab	local_lifetime	piVar4/mg0	pointer(pointer:/int) -> scalar(/int)	00540070:t472 call_argument operand=0 target=006A5E40	USER_DEFINED; direct=006A5E40	unattachable High lifetime is represented by the exact address-stable per-use boundary 00540070:t472|006A5E40|0	exact call-boundary type is proven, but no same-width transparent p-code path reattaches that argument to one persistent HighSymbol; complete CALL-operand scan records an address-local source view only	neutralized	1	1
0053FEE0		unattachable_call_argument_lifetime	generated per-use lifetime	anchors=00540070:t472; target=006A5E40; operand=0; locals=piVar4; transition=pointer:/int -> /int	verified by the matching Ghidra analyzer/export evidence	source audit kind=exact_machine_lifetime_call_view	exact source-only lifetime/view; Program ABI unchanged	Ghidra cannot persist this split without merging unrelated machine lifetimes	neutralized	1	1
005400F0	ProdPanelTy::GetMessage	local_lifetime	local_8/mg0	pointer(pointer:/ProdPanelTy) -> unknown	00540112:t1600 typed_copy operand=0 target=	DEFAULT	retain neutral or current storage; require an exact per-use view	incompatible exact lifetime types=[pointer:/PanelTy, pointer:/ProdPanelTy]	review	1	1
00540620	PutDDXClip	local_lifetime	param_6/mg0	pointer(pointer:/byte) -> scalar(/WinDef.h/DWORD)	005406CE:t243 call_argument operand=8 target=006B42D0	DEFAULT; direct=006B42D0	unattachable High lifetime is represented by the exact address-stable per-use boundary 005406CE:t243|006B42D0|8	exact call-boundary type is proven, but no same-width transparent p-code path reattaches that argument to one persistent HighSymbol; complete CALL-operand scan records an address-local source view only	neutralized	1	1
00540620		unattachable_call_argument_lifetime	generated per-use lifetime	anchors=005406CE:t243; target=006B42D0; operand=8; locals=param_6; transition=pointer:/byte -> /WinDef.h/DWORD	verified by the matching Ghidra analyzer/export evidence	source audit kind=exact_machine_lifetime_call_view	exact source-only lifetime/view; Program ABI unchanged	Ghidra cannot persist this split without merging unrelated machine lifetimes	neutralized	1	1
00540890	StartServTy::WrTextDDX	local_lifetime	local_c/mg0	pointer(pointer:/ccFntTy) -> unknown	00540929:t273 call_return operand=-1 target=006B55F0	USE_SITE_OVERRIDE; direct=006B55F0	retain neutral or current storage; require an exact per-use view	incompatible exact lifetime types=[/int, pointer:/ccFntTy]	review	1	1
00540890	StartServTy::WrTextDDX	local_lifetime	local_c/mg0	pointer(pointer:/ccFntTy) -> scalar(/int)	0054093E:t298 call_argument operand=1 target=00710A90	DEFAULT; direct=00710A90	unattachable High lifetime is represented by the exact address-stable per-use boundary 0054093E:t298|00710A90|1	exact call-boundary type is proven, but no same-width transparent p-code path reattaches that argument to one persistent HighSymbol; complete CALL-operand scan records an address-local source view only	neutralized	1	1
00540890	StartServTy::WrTextDDX	local_lifetime	param_1/mg0	scalar(/int) -> pointer(pointer:/SubmarineTitans/Recovered/PointerShapes/RecoveredRecordView_006B84D0_87AF9D9B)	00540929:t273 call_argument operand=4 target=006B55F0	DEFAULT; direct=006B55F0	unattachable High lifetime is represented by the exact address-stable per-use boundary 00540929:t273|006B55F0|4	exact call-boundary type is proven, but no same-width transparent p-code path reattaches that argument to one persistent HighSymbol; complete CALL-operand scan records an address-local source view only	neutralized	1	1
00540890		unattachable_call_argument_lifetime	generated per-use lifetime	anchors=00540929:t273; target=006B55F0; operand=4; locals=param_1; transition=/int -> pointer:/SubmarineTitans/Recovered/PointerShapes/RecoveredRecordView_006B84D0_87AF9D9B	verified by the matching Ghidra analyzer/export evidence	source audit kind=exact_machine_lifetime_call_view	exact source-only lifetime/view; Program ABI unchanged	Ghidra cannot persist this split without merging unrelated machine lifetimes	neutralized	1	1
00540890		unattachable_call_argument_lifetime	generated per-use lifetime	anchors=0054093E:t298; target=00710A90; operand=1; locals=local_c; transition=pointer:/ccFntTy -> /int	verified by the matching Ghidra analyzer/export evidence	source audit kind=exact_machine_lifetime_call_view	exact source-only lifetime/view; Program ABI unchanged	Ghidra cannot persist this split without merging unrelated machine lifetimes	neutralized	1	1
00540A60	StartServTy::WrSarrDDX	local_lifetime	local_c/mg0	pointer(pointer:/ccFntTy) -> unknown	00540B01:t285 call_return operand=-1 target=006B55F0	USE_SITE_OVERRIDE; direct=006B55F0	retain neutral or current storage; require an exact per-use view	incompatible exact lifetime types=[/int, pointer:/ccFntTy]	review	1	1
00540A60	StartServTy::WrSarrDDX	local_lifetime	local_c/mg0	pointer(pointer:/ccFntTy) -> scalar(/int)	00540B16:t310 call_argument operand=1 target=00710A90	DEFAULT; direct=00710A90	unattachable High lifetime is represented by the exact address-stable per-use boundary 00540B16:t310|00710A90|1	exact call-boundary type is proven, but no same-width transparent p-code path reattaches that argument to one persistent HighSymbol; complete CALL-operand scan records an address-local source view only	neutralized	1	1
00540A60	StartServTy::WrSarrDDX	local_lifetime	param_1/mg0	scalar(/int) -> pointer(pointer:/SubmarineTitans/Recovered/PointerShapes/RecoveredRecordView_006B84D0_87AF9D9B)	00540B01:t285 call_argument operand=4 target=006B55F0	DEFAULT; direct=006B55F0	unattachable High lifetime is represented by the exact address-stable per-use boundary 00540B01:t285|006B55F0|4	exact call-boundary type is proven, but no same-width transparent p-code path reattaches that argument to one persistent HighSymbol; complete CALL-operand scan records an address-local source view only	neutralized	1	1
00540A60		unattachable_call_argument_lifetime	generated per-use lifetime	anchors=00540B01:t285; target=006B55F0; operand=4; locals=param_1; transition=/int -> pointer:/SubmarineTitans/Recovered/PointerShapes/RecoveredRecordView_006B84D0_87AF9D9B	verified by the matching Ghidra analyzer/export evidence	source audit kind=exact_machine_lifetime_call_view	exact source-only lifetime/view; Program ABI unchanged	Ghidra cannot persist this split without merging unrelated machine lifetimes	neutralized	1	1
00540A60		unattachable_call_argument_lifetime	generated per-use lifetime	anchors=00540B16:t310; target=00710A90; operand=1; locals=local_c; transition=pointer:/ccFntTy -> /int	verified by the matching Ghidra analyzer/export evidence	source audit kind=exact_machine_lifetime_call_view	exact source-only lifetime/view; Program ABI unchanged	Ghidra cannot persist this split without merging unrelated machine lifetimes	neutralized	1	1
005412B0	FUN_005412b0	local_lifetime	param_1/mg0	pointer(pointer:/ushort) -> scalar(/int)	005415B7:t704 call_argument operand=4 target=0070D1F0	DEFAULT; direct=0070D1F0	unattachable High lifetime is represented by the exact address-stable per-use boundary 005415B7:t704|0070D1F0|4	exact call-boundary type is proven, but no same-width transparent p-code path reattaches that argument to one persistent HighSymbol; complete CALL-operand scan records an address-local source view only	neutralized	1	1
005412B0		unattachable_call_argument_lifetime	generated per-use lifetime	anchors=005415B7:t704; target=0070D1F0; operand=4; locals=param_1; transition=pointer:/ushort -> /int	verified by the matching Ghidra analyzer/export evidence	source audit kind=exact_machine_lifetime_call_view	exact source-only lifetime/view; Program ABI unchanged	Ghidra cannot persist this split without merging unrelated machine lifetimes	neutralized	1	1
00541CF0	FUN_00541cf0	local_lifetime	param_1/mg0	pointer(pointer:/ushort) -> scalar(/int)	00541EC9:t521 call_argument operand=4 target=0070D1F0	DEFAULT; direct=0070D1F0	unattachable High lifetime is represented by the exact address-stable per-use boundary 00541EC9:t521|0070D1F0|4	exact call-boundary type is proven, but no same-width transparent p-code path reattaches that argument to one persistent HighSymbol; complete CALL-operand scan records an address-local source view only	neutralized	1	1
00541CF0		unattachable_call_argument_lifetime	generated per-use lifetime	anchors=00541EC9:t521; target=0070D1F0; operand=4; locals=param_1; transition=pointer:/ushort -> /int	verified by the matching Ghidra analyzer/export evidence	source audit kind=exact_machine_lifetime_call_view	exact source-only lifetime/view; Program ABI unchanged	Ghidra cannot persist this split without merging unrelated machine lifetimes	neutralized	1	1
00541F60	FUN_00541f60	local_lifetime	param_1/mg0	pointer(pointer:/ushort) -> scalar(/int)	00542138:t521 call_argument operand=4 target=0070D1F0	DEFAULT; direct=0070D1F0	unattachable High lifetime is represented by the exact address-stable per-use boundary 00542138:t521|0070D1F0|4	exact call-boundary type is proven, but no same-width transparent p-code path reattaches that argument to one persistent HighSymbol; complete CALL-operand scan records an address-local source view only	neutralized	1	1
00541F60		unattachable_call_argument_lifetime	generated per-use lifetime	anchors=00542138:t521; target=0070D1F0; operand=4; locals=param_1; transition=pointer:/ushort -> /int	verified by the matching Ghidra analyzer/export evidence	source audit kind=exact_machine_lifetime_call_view	exact source-only lifetime/view; Program ABI unchanged	Ghidra cannot persist this split without merging unrelated machine lifetimes	neutralized	1	1
005421D0	FUN_005421d0	local_lifetime	param_1/mg0	pointer(pointer:/ushort) -> scalar(/int)	005423AA:t520 call_argument operand=4 target=0070D1F0	DEFAULT; direct=0070D1F0	unattachable High lifetime is represented by the exact address-stable per-use boundary 005423AA:t520|0070D1F0|4	exact call-boundary type is proven, but no same-width transparent p-code path reattaches that argument to one persistent HighSymbol; complete CALL-operand scan records an address-local source view only	neutralized	1	1
005421D0		unattachable_call_argument_lifetime	generated per-use lifetime	anchors=005423AA:t520; target=0070D1F0; operand=4; locals=param_1; transition=pointer:/ushort -> /int	verified by the matching Ghidra analyzer/export evidence	source audit kind=exact_machine_lifetime_call_view	exact source-only lifetime/view; Program ABI unchanged	Ghidra cannot persist this split without merging unrelated machine lifetimes	neutralized	1	1
00542F40	InterSystemC::GetMessage	local_lifetime	SVar1/mg0	scalar(/SubmarineTitans/Recovered/STMessageId) -> scalar(/uint)	00542F89:t88 unsigned_scalar_role operand=0 target=	INT_LESS	retain neutral or current storage; require an exact per-use view	separate decompiler merge group; exact_type_votes=2; score=8; sources=[scalar_arithmetic]; weaker generic evidence cannot replace the current nominal type	review	1	1
00542F40	InterSystemC::GetMessage	local_lifetime	SVar1/mg0	scalar(/SubmarineTitans/Recovered/STMessageId) -> scalar(/uint)	00542F9A:t101 unsigned_scalar_role operand=0 target=	INT_LESS	retain neutral or current storage; require an exact per-use view	separate decompiler merge group; exact_type_votes=2; score=8; sources=[scalar_arithmetic]; weaker generic evidence cannot replace the current nominal type	review	1	1
00542F40	InterSystemC::GetMessage	local_lifetime	local_8/mg0	pointer(pointer:/InterSystemC) -> unknown	00542F63:t3343 typed_copy operand=0 target=	DEFAULT	retain neutral or current storage; require an exact per-use view	incompatible exact lifetime types=[pointer:/InterSystemC, pointer:/SystemClassTy]	review	1	1
00543990	CursorClassTy::ReInitCursorSpr	local_lifetime	this_00/mg0	pointer(pointer:/undefined4) -> pointer(pointer:/SpriteClassTy)	005439CC:t69 call_argument operand=0 target=00715AB0	ANALYSIS; direct=00715AB0	retain neutral or current storage; require an exact per-use view	single undefined local lifetime; exact_type_votes=2; score=8; sources=[call_argument]; exact call-boundary type is proven, but no same-width transparent p-code path reattaches that argument to one persistent HighSymbol	review	1	1
00543990	CursorClassTy::ReInitCursorSpr	local_lifetime	this_00/mg0	pointer(pointer:/undefined4) -> pointer(pointer:/SpriteClassTy)	00543A04:t107 call_argument operand=0 target=007158A0	ANALYSIS; direct=007158A0	retain neutral or current storage; require an exact per-use view	single undefined local lifetime; exact_type_votes=2; score=8; sources=[call_argument]; exact call-boundary type is proven, but no same-width transparent p-code path reattaches that argument to one persistent HighSymbol	review	1	1
005449B0	CursorClassTy::GetMessage	local_lifetime	UVar12/mg1	scalar(/WinDef.h/UINT) -> unknown	00545BDB:t7289 call_return operand=-1 target=00404B29	ANALYSIS; direct=00404B29; resolved=00528060	retain neutral or current storage; require an exact per-use view	incompatible exact lifetime types=[/WinDef.h/UINT, /int]	review	1	1
005449B0	CursorClassTy::GetMessage	local_lifetime	local_8/mg0	pointer(pointer:/SubmarineTitans/Recovered/PointerShapes/AnonShape_005449B0_F65ED625) -> scalar(/uint)	00545045:t14651 call_argument operand=2 target=006B3640	DEFAULT; direct=006B3640	unattachable High lifetime is represented by the exact address-stable per-use boundary 00545045:t14651|006B3640|2	separate decompiler merge group; exact_type_votes=1; score=4; sources=[call_argument]; one-way call conversion alone is review-only; exact call-boundary type is proven, but no same-width transparent p-code path reattaches that argument to one persistent HighSymbol	neutralized	1	1
005449B0		unattachable_call_argument_lifetime	generated per-use lifetime	anchors=00545045:t14651; target=006B3640; operand=2; locals=local_8; transition=pointer:/SubmarineTitans/Recovered/PointerShapes/AnonShape_005449B0_F65ED625 -> /uint	verified by the matching Ghidra analyzer/export evidence	source audit kind=exact_machine_lifetime_call_view	exact source-only lifetime/view; Program ABI unchanged	Ghidra cannot persist this split without merging unrelated machine lifetimes	neutralized	1	1
00548BC0	FUN_00548bc0	return_abi	EAX/x87 return	scalar(/undefined4) -> scalar(/bool)	all reachable callee return paths	all explicit return values are constants in {0,1}, but the source domain alone does not prove the x86 ABI return width; review STAbiConsistencyAnalyzer evidence: [1, 0]	retain current machine-width return pending strict ABI proof	all explicit return values are constants in {0,1}, but the source domain alone does not prove the x86 ABI return width; review STAbiConsistencyAnalyzer evidence: [1, 0]	review	1	1
00548C40	CursorClassTy::TakeCmdToRun	local_lifetime	local_18/mg0	pointer(pointer:/uint) -> scalar(/uint)	00548F15:t3732 call_argument operand=0 target=006AAC10	ANALYSIS; direct=006AAC10	unattachable High lifetime is represented by the exact address-stable per-use boundary 00548F15:t3732|006AAC10|0	exact call-boundary type is proven, but no same-width transparent p-code path reattaches that argument to one persistent HighSymbol; complete CALL-operand scan records an address-local source view only	neutralized	1	1
00548C40	CursorClassTy::TakeCmdToRun	local_lifetime	local_18/mg0	pointer(pointer:/uint) -> scalar(/uint)	00549207:t3354 call_argument operand=0 target=006AAC10	ANALYSIS; direct=006AAC10	unattachable High lifetime is represented by the exact address-stable per-use boundary 00549207:t3354|006AAC10|0	exact call-boundary type is proven, but no same-width transparent p-code path reattaches that argument to one persistent HighSymbol; complete CALL-operand scan records an address-local source view only	neutralized	1	1
00548C40	CursorClassTy::TakeCmdToRun	local_lifetime	local_18/mg0	pointer(pointer:/uint) -> scalar(/uint)	00549E9F:t5592 call_argument operand=0 target=006AAC10	ANALYSIS; direct=006AAC10	unattachable High lifetime is represented by the exact address-stable per-use boundary 00549E9F:t5592|006AAC10|0	exact call-boundary type is proven, but no same-width transparent p-code path reattaches that argument to one persistent HighSymbol; complete CALL-operand scan records an address-local source view only	neutralized	1	1
00548C40	CursorClassTy::TakeCmdToRun	local_lifetime	local_18/mg0	pointer(pointer:/uint) -> scalar(/uint)	00549F61:t5316 call_argument operand=0 target=006AAC10	ANALYSIS; direct=006AAC10	unattachable High lifetime is represented by the exact address-stable per-use boundary 00549F61:t5316|006AAC10|0	exact call-boundary type is proven, but no same-width transparent p-code path reattaches that argument to one persistent HighSymbol; complete CALL-operand scan records an address-local source view only	neutralized	1	1
00548C40	CursorClassTy::TakeCmdToRun	local_lifetime	local_24/mg0	pointer(pointer:/uint) -> scalar(/uint)	0054A012:t6174 call_argument operand=0 target=006AAC10	ANALYSIS; direct=006AAC10	unattachable High lifetime is represented by the exact address-stable per-use boundary 0054A012:t6174|006AAC10|0	exact call-boundary type is proven, but no same-width transparent p-code path reattaches that argument to one persistent HighSymbol; complete CALL-operand scan records an address-local source view only	neutralized	1	1
00548C40		unattachable_call_argument_lifetime	generated per-use lifetime	anchors=00548F15:t3732,00549207:t3354,00549E9F:t5592,00549F61:t5316,0054A012:t6174; target=006AAC10; operand=0; locals=local_18,local_24; transition=pointer:/uint -> /uint	verified by the matching Ghidra analyzer/export evidence	source audit kind=exact_machine_lifetime_call_view	exact source-only lifetime/view; Program ABI unchanged	Ghidra cannot persist this split without merging unrelated machine lifetimes	neutralized	1	1
00548C40		unattachable_call_argument_lifetime	generated per-use lifetime	anchors=00548F15:t3732,00549207:t3354,00549E9F:t5592,00549F61:t5316,0054A012:t6174; target=006AAC10; operand=0; locals=local_18,local_24; transition=pointer:/uint -> /uint	verified by the matching Ghidra analyzer/export evidence	source audit kind=exact_machine_lifetime_call_view	exact source-only lifetime/view; Program ABI unchanged	Ghidra cannot persist this split without merging unrelated machine lifetimes	neutralized	1	1
00548C40		unattachable_call_argument_lifetime	generated per-use lifetime	anchors=00548F15:t3732,00549207:t3354,00549E9F:t5592,00549F61:t5316,0054A012:t6174; target=006AAC10; operand=0; locals=local_18,local_24; transition=pointer:/uint -> /uint	verified by the matching Ghidra analyzer/export evidence	source audit kind=exact_machine_lifetime_call_view	exact source-only lifetime/view; Program ABI unchanged	Ghidra cannot persist this split without merging unrelated machine lifetimes	neutralized	1	1
00548C40		unattachable_call_argument_lifetime	generated per-use lifetime	anchors=00548F15:t3732,00549207:t3354,00549E9F:t5592,00549F61:t5316,0054A012:t6174; target=006AAC10; operand=0; locals=local_18,local_24; transition=pointer:/uint -> /uint	verified by the matching Ghidra analyzer/export evidence	source audit kind=exact_machine_lifetime_call_view	exact source-only lifetime/view; Program ABI unchanged	Ghidra cannot persist this split without merging unrelated machine lifetimes	neutralized	1	1
00548C40		unattachable_call_argument_lifetime	generated per-use lifetime	anchors=00548F15:t3732,00549207:t3354,00549E9F:t5592,00549F61:t5316,0054A012:t6174; target=006AAC10; operand=0; locals=local_18,local_24; transition=pointer:/uint -> /uint	verified by the matching Ghidra analyzer/export evidence	source audit kind=exact_machine_lifetime_call_view	exact source-only lifetime/view; Program ABI unchanged	Ghidra cannot persist this split without merging unrelated machine lifetimes	neutralized	1	1
0054CFC0	STPlaySystemC::InitSystem	local_lifetime	local_8/mg0	pointer(pointer:/STPlaySystemC) -> unknown	0054CFEE:t1315 typed_copy operand=0 target=	DEFAULT	retain neutral or current storage; require an exact per-use view	incompatible exact lifetime types=[pointer:/STPlaySystemC, pointer:/SystemClassTy]	review	1	1
0054F1D0	STPlaySystemC::PrepareMail	local_lifetime	local_EAX_1830/mg0	pointer(pointer:/PopUpTy) -> unknown	0054F8F6:t1716 call_return operand=-1 target=006B0140	USE_SITE_OVERRIDE; direct=006B0140	retain neutral or current storage; require an exact per-use view	incompatible exact lifetime types=[pointer:/PopUpTy, pointer:/char]	review	1	1
0054F1D0	STPlaySystemC::PrepareMail	local_lifetime	local_EAX_1962/mg0	pointer(pointer:/PopUpTy) -> unknown	0054F97A:t1844 call_return operand=-1 target=006B0140	USE_SITE_OVERRIDE; direct=006B0140	retain neutral or current storage; require an exact per-use view	incompatible exact lifetime types=[pointer:/PopUpTy, pointer:/char]	review	1	1
0054F1D0		void_value_consumption	generated per-use lifetime	discard phantom void result assigned to puVar19	verified by the matching Ghidra analyzer/export evidence	source audit kind=void_call_phantom_assignment	exact source-only lifetime/view; Program ABI unchanged	Ghidra cannot persist this split without merging unrelated machine lifetimes	neutralized	1	1
005505D0	STPlaySystemC::sub_005505D0	local_lifetime	text/mg0	pointer(pointer:/PopUpTy) -> unknown	0055069B:t254 call_return operand=-1 target=006B0140	USE_SITE_OVERRIDE; direct=006B0140	retain neutral or current storage; require an exact per-use view	incompatible exact lifetime types=[pointer:/PopUpTy, pointer:/char]	review	1	1
00550DB0	TradePanelTy::InitTradePanel	local_lifetime	local_14/mg0	pointer(pointer:/TradePanelTy) -> unknown	00550DC9:t5374 typed_copy operand=0 target=	DEFAULT	retain neutral or current storage; require an exact per-use view	incompatible exact lifetime types=[pointer:/SpecPanelTy, pointer:/TradePanelTy]	review	1	1
00550DB0	TradePanelTy::InitTradePanel	local_lifetime	puVar20/mg0	pointer(pointer:/undefined4) -> scalar(/int)	00550EE1:t359 call_argument operand=6 target=00709AF0	DEFAULT; direct=00709AF0	unattachable High lifetime is represented by the exact address-stable per-use boundary 00550EE1:t359|00709AF0|6	pointer-shaped local has only scalar consumers; exact_type_votes=1; score=4; sources=[call_argument]; one-way call conversion alone is review-only; exact call-boundary type is proven, but no same-width transparent p-code path reattaches that argument to one persistent HighSymbol	neutralized	1	1
00550DB0	TradePanelTy::InitTradePanel	local_lifetime	puVar3/mg1	pointer(pointer:/undefined4) -> scalar(/int)	00550EE1:t359 call_argument operand=6 target=00709AF0	DEFAULT; direct=00709AF0	unattachable High lifetime is represented by the exact address-stable per-use boundary 00550EE1:t359|00709AF0|6	separate decompiler merge group; exact_type_votes=2; score=8; sources=[call_argument]; exact call-boundary type is proven, but no same-width transparent p-code path reattaches that argument to one persistent HighSymbol	neutralized	1	1
00550DB0	TradePanelTy::InitTradePanel	local_lifetime	puVar3/mg1	pointer(pointer:/undefined4) -> scalar(/int)	005511C8:t1137 call_argument operand=0 target=006A5E40	DEFAULT; direct=006A5E40	unattachable High lifetime is represented by the exact address-stable per-use boundary 005511C8:t1137|006A5E40|0	separate decompiler merge group; exact_type_votes=2; score=8; sources=[call_argument]; exact call-boundary type is proven, but no same-width transparent p-code path reattaches that argument to one persistent HighSymbol	neutralized	1	1
00550DB0		unattachable_call_argument_lifetime	generated per-use lifetime	anchors=00550EE1:t359; target=00709AF0; operand=6; locals=puVar20,puVar3; transition=pointer:/undefined4 -> /int	verified by the matching Ghidra analyzer/export evidence	source audit kind=exact_machine_lifetime_call_view	exact source-only lifetime/view; Program ABI unchanged	Ghidra cannot persist this split without merging unrelated machine lifetimes	neutralized	1	1
00550DB0		unattachable_call_argument_lifetime	generated per-use lifetime	anchors=005511C8:t1137; target=006A5E40; operand=0; locals=puVar3; transition=pointer:/undefined4 -> /int	verified by the matching Ghidra analyzer/export evidence	source audit kind=exact_machine_lifetime_call_view	exact source-only lifetime/view; Program ABI unchanged	Ghidra cannot persist this split without merging unrelated machine lifetimes	neutralized	1	1
005522A0	TradePanelTy::GetMessage	local_lifetime	local_c/mg0	pointer(pointer:/TradePanelTy) -> unknown	005522C3:t3458 typed_copy operand=0 target=	DEFAULT	retain neutral or current storage; require an exact per-use view	incompatible exact lifetime types=[pointer:/SpecPanelTy, pointer:/TradePanelTy]	review	1	1
005528B0	UpgPanelTy::InitUpgPanel	local_lifetime	local_8/mg0	pointer(pointer:/UpgPanelTy) -> unknown	005528D1:t931 typed_copy operand=0 target=	DEFAULT	retain neutral or current storage; require an exact per-use view	incompatible exact lifetime types=[pointer:/SpecPanelTy, pointer:/UpgPanelTy]	review	1	1
00552E40	UpgPanelTy::GetMessage	local_lifetime	local_8/mg0	pointer(pointer:/UpgPanelTy) -> unknown	00552E62:t517 typed_copy operand=0 target=	DEFAULT	retain neutral or current storage; require an exact per-use view	incompatible exact lifetime types=[pointer:/SpecPanelTy, pointer:/UpgPanelTy]	review	1	1
00555570	cLoadingTy::sub_00555570	return_abi	EAX/x87 return	void -> void	all reachable callee return paths	void remains unchanged: one or more callsites retain/read EAX, but that alone does not prove the callee returned it; machine CFG audit: used=0, ignored=3, unknown=1	retain void unless a complete caller-use proof exists	void remains unchanged: one or more callsites retain/read EAX, but that alone does not prove the callee returned it; machine CFG audit: used=0, ignored=3, unknown=1	review	1	1
00555880	FUN_00555880	return_abi	EAX/x87 return	scalar(/undefined4) -> scalar(/bool)	all reachable callee return paths	all explicit return values are constants in {0,1}, but the source domain alone does not prove the x86 ABI return width; review STAbiConsistencyAnalyzer evidence: [1, 0, 1, 0]	retain current machine-width return pending strict ABI proof	all explicit return values are constants in {0,1}, but the source domain alone does not prove the x86 ABI return width; review STAbiConsistencyAnalyzer evidence: [1, 0, 1, 0]	review	1	1
00555D90	TraksClassTy::sub_00555D90	local_lifetime	pTVar1/mg0	pointer(pointer:/SubmarineTitans/Recovered/DArraySpecializations/TraksClassTy_field_0024DArray) -> darray_pointer(pointer:/SubmarineTitans/Recovered/DArrayTy)	00555E04:t300 call_argument operand=0 target=006AE1C0	ANALYSIS; direct=006AE1C0	retain neutral or current storage; require an exact per-use view	separate decompiler merge group; exact_type_votes=1; score=4; sources=[call_argument]; one-way call conversion alone is review-only; exact call-boundary type is proven, but no same-width transparent p-code path reattaches that argument to one persistent HighSymbol	review	1	1
00559110		output_buffer_post_call_lifetime	generated per-use lifetime	param_6_after_write: unanimous exact output pointee int	verified by the matching Ghidra analyzer/export evidence	source audit kind=exact_auto_output_storage	exact source-only lifetime/view; Program ABI unchanged	Ghidra cannot persist this split without merging unrelated machine lifetimes	neutralized	1	1
0055A9D0	VisibleClassTy::VisHoleCreate	local_lifetime	array/mg0	pointer(pointer:/SubmarineTitans/Recovered/DArraySpecializations/VisibleClassTy_field_00F4DArray) -> darray_pointer(pointer:/SubmarineTitans/Recovered/DArrayTy)	0055AA6D:t173 call_argument operand=0 target=006AE1C0	ANALYSIS; direct=006AE1C0	retain neutral or current storage; require an exact per-use view	pointer-shaped local has only scalar consumers; exact_type_votes=1; score=4; sources=[call_argument]; one-way call conversion alone is review-only; exact call-boundary type is proven, but no same-width transparent p-code path reattaches that argument to one persistent HighSymbol	review	1	1
0055B1C0	VisibleClassTy::sub_0055B1C0	return_abi	EAX/x87 return	scalar(/undefined4) -> scalar(/bool)	all reachable callee return paths	all explicit return values are constants in {0,1}, but the source domain alone does not prove the x86 ABI return width; review STAbiConsistencyAnalyzer evidence: [1, 0]	retain current machine-width return pending strict ABI proof	all explicit return values are constants in {0,1}, but the source domain alone does not prove the x86 ABI return width; review STAbiConsistencyAnalyzer evidence: [1, 0]	review	1	1
0055BB00	VisibleClassTy::sub_0055BB00	return_abi	EAX/x87 return	void -> void	all reachable callee return paths	void remains unchanged: one or more callsites retain/read EAX, but that alone does not prove the callee returned it; machine CFG audit: used=0, ignored=4, unknown=3	retain void unless a complete caller-use proof exists	void remains unchanged: one or more callsites retain/read EAX, but that alone does not prove the callee returned it; machine CFG audit: used=0, ignored=4, unknown=3	review	1	1
0055DA40	LoadStartPlt	local_lifetime	param_1/mg0	pointer(pointer:/cMf32) -> scalar(/int)	0055DA7D:t79 call_argument operand=0 target=00717FC0	DEFAULT; direct=00717FC0	unattachable High lifetime is represented by the exact address-stable per-use boundary 0055DA7D:t79|00717FC0|0	exact call-boundary type is proven, but no same-width transparent p-code path reattaches that argument to one persistent HighSymbol; complete CALL-operand scan records an address-local source view only	neutralized	1	1
0055DA40	LoadStartPlt	local_lifetime	param_1/mg0	pointer(pointer:/cMf32) -> scalar(/int)	0055DA92:t96 call_argument operand=0 target=00717FC0	DEFAULT; direct=00717FC0	unattachable High lifetime is represented by the exact address-stable per-use boundary 0055DA92:t96|00717FC0|0	exact call-boundary type is proven, but no same-width transparent p-code path reattaches that argument to one persistent HighSymbol; complete CALL-operand scan records an address-local source view only	neutralized	1	1
0055DA40	LoadStartPlt	local_lifetime	param_1/mg0	pointer(pointer:/cMf32) -> scalar(/int)	0055DAA7:t113 call_argument operand=0 target=00717FC0	DEFAULT; direct=00717FC0	unattachable High lifetime is represented by the exact address-stable per-use boundary 0055DAA7:t113|00717FC0|0	exact call-boundary type is proven, but no same-width transparent p-code path reattaches that argument to one persistent HighSymbol; complete CALL-operand scan records an address-local source view only	neutralized	1	1
0055DA40	LoadStartPlt	local_lifetime	param_1/mg0	pointer(pointer:/cMf32) -> scalar(/int)	0055DABB:t130 call_argument operand=0 target=00717FC0	DEFAULT; direct=00717FC0	unattachable High lifetime is represented by the exact address-stable per-use boundary 0055DABB:t130|00717FC0|0	exact call-boundary type is proven, but no same-width transparent p-code path reattaches that argument to one persistent HighSymbol; complete CALL-operand scan records an address-local source view only	neutralized	1	1
0055DA40		unattachable_call_argument_lifetime	generated per-use lifetime	anchors=0055DA7D:t79,0055DA92:t96,0055DAA7:t113,0055DABB:t130; target=00717FC0; operand=0; locals=param_1; transition=pointer:/cMf32 -> /int	verified by the matching Ghidra analyzer/export evidence	source audit kind=exact_machine_lifetime_call_view	exact source-only lifetime/view; Program ABI unchanged	Ghidra cannot persist this split without merging unrelated machine lifetimes	neutralized	1	1
0055DA40		unattachable_call_argument_lifetime	generated per-use lifetime	anchors=0055DA7D:t79,0055DA92:t96,0055DAA7:t113,0055DABB:t130; target=00717FC0; operand=0; locals=param_1; transition=pointer:/cMf32 -> /int	verified by the matching Ghidra analyzer/export evidence	source audit kind=exact_machine_lifetime_call_view	exact source-only lifetime/view; Program ABI unchanged	Ghidra cannot persist this split without merging unrelated machine lifetimes	neutralized	1	1
0055DA40		unattachable_call_argument_lifetime	generated per-use lifetime	anchors=0055DA7D:t79,0055DA92:t96,0055DAA7:t113,0055DABB:t130; target=00717FC0; operand=0; locals=param_1; transition=pointer:/cMf32 -> /int	verified by the matching Ghidra analyzer/export evidence	source audit kind=exact_machine_lifetime_call_view	exact source-only lifetime/view; Program ABI unchanged	Ghidra cannot persist this split without merging unrelated machine lifetimes	neutralized	1	1
0055DA40		unattachable_call_argument_lifetime	generated per-use lifetime	anchors=0055DA7D:t79,0055DA92:t96,0055DAA7:t113,0055DABB:t130; target=00717FC0; operand=0; locals=param_1; transition=pointer:/cMf32 -> /int	verified by the matching Ghidra analyzer/export evidence	source audit kind=exact_machine_lifetime_call_view	exact source-only lifetime/view; Program ABI unchanged	Ghidra cannot persist this split without merging unrelated machine lifetimes	neutralized	1	1
0055DE60	FUN_0055de60	local_lifetime	uVar3/mg0	scalar(/uint) -> scalar(/int)	0055DE6B:t20 signed_scalar_role operand=-1 target=	INT_SRIGHT	retain neutral or current storage; require an exact per-use view	separate decompiler merge group; exact_type_votes=1; score=4; sources=[scalar_arithmetic]; one-way call conversion alone is review-only	review	1	1
0055DE60	FUN_0055de60	local_lifetime	uVar3/mg1	scalar(/uint) -> scalar(/int)	0055DE7A:t56 signed_scalar_role operand=-1 target=	INT_SRIGHT	retain neutral or current storage; require an exact per-use view	separate decompiler merge group; exact_type_votes=1; score=4; sources=[scalar_arithmetic]; one-way call conversion alone is review-only	review	1	1
0055DEE0	FUN_0055dee0	local_lifetime	uVar12/mg0	scalar(/uint) -> scalar(/int)	0055E119:t5279 signed_scalar_role operand=-1 target=	INT_SRIGHT	retain neutral or current storage; require an exact per-use view	separate decompiler merge group; exact_type_votes=1; score=4; sources=[scalar_arithmetic]; one-way call conversion alone is review-only	review	1	1
0055DEE0	FUN_0055dee0	local_lifetime	uVar12/mg1	scalar(/uint) -> scalar(/int)	0055E136:t5356 signed_scalar_role operand=-1 target=	INT_SRIGHT	retain neutral or current storage; require an exact per-use view	separate decompiler merge group; exact_type_votes=1; score=4; sources=[scalar_arithmetic]; one-way call conversion alone is review-only	review	1	1
0055DEE0	FUN_0055dee0	local_lifetime	uVar12/mg2	scalar(/uint) -> scalar(/int)	0055E23E:t5060 signed_scalar_role operand=-1 target=	INT_SRIGHT	retain neutral or current storage; require an exact per-use view	separate decompiler merge group; exact_type_votes=1; score=4; sources=[scalar_arithmetic]; one-way call conversion alone is review-only	review	1	1
0055DEE0	FUN_0055dee0	local_lifetime	uVar12/mg3	scalar(/uint) -> scalar(/int)	0055E25B:t5137 signed_scalar_role operand=-1 target=	INT_SRIGHT	retain neutral or current storage; require an exact per-use view	separate decompiler merge group; exact_type_votes=1; score=4; sources=[scalar_arithmetic]; one-way call conversion alone is review-only	review	1	1
0055F410	AiCalcDispositionAreas	local_lifetime	local_1b8/mg1	scalar(/InternalExceptionFrame) -> pointer(pointer:/InternalExceptionFrame)	0055F5C7:t327 typed_copy operand=0 target=	USER_DEFINED	persistent High lifetime already carries the proposed domain	separate decompiler merge group; exact_type_votes=1; score=10; sources=[typed_copy]	resolved	1	1
0055F410	AiCalcDispositionAreas	local_lifetime	uVar15/mg1	scalar(/uint) -> scalar(/int)	00560502:t7296 signed_scalar_role operand=-1 target=	INT_SRIGHT	retain neutral or current storage; require an exact per-use view	separate decompiler merge group; exact_type_votes=1; score=4; sources=[scalar_arithmetic]; one-way call conversion alone is review-only	review	1	1
0055F410	AiCalcDispositionAreas	local_lifetime	uVar15/mg2	scalar(/uint) -> scalar(/int)	005604EF:t4934 signed_scalar_role operand=-1 target=	INT_SRIGHT	retain neutral or current storage; require an exact per-use view	separate decompiler merge group; exact_type_votes=1; score=4; sources=[scalar_arithmetic]; one-way call conversion alone is review-only	review	1	1
00562170	FUN_00562170	local_lifetime	uVar1/mg0	scalar(/uint) -> scalar(/int)	005621F5:t171 signed_scalar_role operand=-1 target=	INT_SRIGHT	retain neutral or current storage; require an exact per-use view	separate decompiler merge group; exact_type_votes=1; score=4; sources=[scalar_arithmetic]; one-way call conversion alone is review-only	review	1	1
00562170	FUN_00562170	local_lifetime	uVar1/mg1	scalar(/uint) -> scalar(/int)	005622D8:t464 signed_scalar_role operand=-1 target=	INT_SRIGHT	retain neutral or current storage; require an exact per-use view	separate decompiler merge group; exact_type_votes=1; score=4; sources=[scalar_arithmetic]; one-way call conversion alone is review-only	review	1	1
005623C0	FUN_005623c0	local_lifetime	piVar15/mg1	pointer(pointer:/int) -> scalar(/uint)	005627B0:t1696 unsigned_scalar_role operand=0 target=	INT_LESS	retain neutral or current storage; require an exact per-use view	separate decompiler merge group; exact_type_votes=1; score=4; sources=[scalar_arithmetic]; one-way call conversion alone is review-only	review	1	1
005623C0	FUN_005623c0	local_lifetime	uVar12/mg0	scalar(/uint) -> scalar(/int)	0056243F:t172 signed_scalar_role operand=-1 target=	INT_SRIGHT	retain neutral or current storage; require an exact per-use view	separate decompiler merge group; exact_type_votes=1; score=4; sources=[scalar_arithmetic]; one-way call conversion alone is review-only	review	1	1
005623C0	FUN_005623c0	local_lifetime	uVar12/mg5	scalar(/uint) -> scalar(/int)	00562954:t2373 signed_scalar_role operand=-1 target=	INT_SRIGHT	retain neutral or current storage; require an exact per-use view	separate decompiler merge group; exact_type_votes=1; score=4; sources=[scalar_arithmetic]; one-way call conversion alone is review-only	review	1	1
005623C0	FUN_005623c0	local_lifetime	uVar12/mg9	scalar(/uint) -> scalar(/int)	005629D5:t2963 signed_scalar_role operand=-1 target=	INT_SRIGHT	retain neutral or current storage; require an exact per-use view	separate decompiler merge group; exact_type_votes=1; score=4; sources=[scalar_arithmetic]; one-way call conversion alone is review-only	review	1	1
005623C0	FUN_005623c0	local_lifetime	uVar14/mg0	scalar(/uint) -> scalar(/int)	00562932:t2277 signed_scalar_role operand=-1 target=	INT_SRIGHT	retain neutral or current storage; require an exact per-use view	separate decompiler merge group; exact_type_votes=1; score=4; sources=[scalar_arithmetic]; one-way call conversion alone is review-only	review	1	1
005623C0	FUN_005623c0	local_lifetime	uVar14/mg1	scalar(/uint) -> scalar(/int)	00562943:t2325 signed_scalar_role operand=-1 target=	INT_SRIGHT	retain neutral or current storage; require an exact per-use view	separate decompiler merge group; exact_type_votes=1; score=4; sources=[scalar_arithmetic]; one-way call conversion alone is review-only	review	1	1
005623C0	FUN_005623c0	local_lifetime	uVar14/mg2	scalar(/uint) -> scalar(/int)	005629B4:t2868 signed_scalar_role operand=-1 target=	INT_SRIGHT	retain neutral or current storage; require an exact per-use view	separate decompiler merge group; exact_type_votes=1; score=4; sources=[scalar_arithmetic]; one-way call conversion alone is review-only	review	1	1
005623C0	FUN_005623c0	local_lifetime	uVar14/mg3	scalar(/uint) -> scalar(/int)	005629C5:t2916 signed_scalar_role operand=-1 target=	INT_SRIGHT	retain neutral or current storage; require an exact per-use view	separate decompiler merge group; exact_type_votes=1; score=4; sources=[scalar_arithmetic]; one-way call conversion alone is review-only	review	1	1
00562F50	AiAiCalcMinesFields	local_lifetime	uVar17/mg1	scalar(/uint) -> scalar(/int)	00564056:t7510 signed_scalar_role operand=-1 target=	INT_SRIGHT	retain neutral or current storage; require an exact per-use view	separate decompiler merge group; exact_type_votes=1; score=4; sources=[scalar_arithmetic]; one-way call conversion alone is review-only	review	1	1
00562F50	AiAiCalcMinesFields	local_lifetime	uVar17/mg2	scalar(/uint) -> scalar(/int)	00564041:t5129 signed_scalar_role operand=-1 target=	INT_SRIGHT	retain neutral or current storage; require an exact per-use view	separate decompiler merge group; exact_type_votes=1; score=4; sources=[scalar_arithmetic]; one-way call conversion alone is review-only	review	1	1
00564F30	FUN_00564f30	local_lifetime	uVar11/mg0	scalar(/uint) -> scalar(/int)	00564FA2:t160 signed_scalar_role operand=-1 target=	INT_SRIGHT	retain neutral or current storage; require an exact per-use view	separate decompiler merge group; exact_type_votes=1; score=4; sources=[scalar_arithmetic]; one-way call conversion alone is review-only	review	1	1
00564F30	FUN_00564f30	local_lifetime	uVar11/mg12	scalar(/uint) -> scalar(/int)	00565533:t3152 signed_scalar_role operand=-1 target=	INT_SRIGHT	retain neutral or current storage; require an exact per-use view	separate decompiler merge group; exact_type_votes=1; score=4; sources=[scalar_arithmetic]; one-way call conversion alone is review-only	review	1	1
00564F30	FUN_00564f30	local_lifetime	uVar11/mg4	scalar(/uint) -> scalar(/int)	0056539E:t2093 signed_scalar_role operand=-1 target=	INT_SRIGHT	retain neutral or current storage; require an exact per-use view	separate decompiler merge group; exact_type_votes=1; score=4; sources=[scalar_arithmetic]; one-way call conversion alone is review-only	review	1	1
00564F30	FUN_00564f30	local_lifetime	uVar11/mg8	scalar(/uint) -> scalar(/int)	005654B2:t2570 signed_scalar_role operand=-1 target=	INT_SRIGHT	retain neutral or current storage; require an exact per-use view	separate decompiler merge group; exact_type_votes=1; score=4; sources=[scalar_arithmetic]; one-way call conversion alone is review-only	review	1	1
00564F30	FUN_00564f30	local_lifetime	uVar14/mg1	scalar(/uint) -> scalar(/int)	00565490:t2474 signed_scalar_role operand=-1 target=	INT_SRIGHT	retain neutral or current storage; require an exact per-use view	separate decompiler merge group; exact_type_votes=1; score=4; sources=[scalar_arithmetic]; one-way call conversion alone is review-only	review	1	1
00564F30	FUN_00564f30	local_lifetime	uVar14/mg2	scalar(/uint) -> scalar(/int)	005654A1:t2522 signed_scalar_role operand=-1 target=	INT_SRIGHT	retain neutral or current storage; require an exact per-use view	separate decompiler merge group; exact_type_votes=1; score=4; sources=[scalar_arithmetic]; one-way call conversion alone is review-only	review	1	1
00564F30	FUN_00564f30	local_lifetime	uVar14/mg3	scalar(/uint) -> scalar(/int)	00565512:t3057 signed_scalar_role operand=-1 target=	INT_SRIGHT	retain neutral or current storage; require an exact per-use view	separate decompiler merge group; exact_type_votes=1; score=4; sources=[scalar_arithmetic]; one-way call conversion alone is review-only	review	1	1
00564F30	FUN_00564f30	local_lifetime	uVar14/mg4	scalar(/uint) -> scalar(/int)	00565523:t3105 signed_scalar_role operand=-1 target=	INT_SRIGHT	retain neutral or current storage; require an exact per-use view	separate decompiler merge group; exact_type_votes=1; score=4; sources=[scalar_arithmetic]; one-way call conversion alone is review-only	review	1	1
00565820	AiMinesDistribTgts	local_lifetime	uVar11/mg1	scalar(/uint) -> scalar(/int)	00566165:t3801 signed_scalar_role operand=-1 target=	INT_SRIGHT	retain neutral or current storage; require an exact per-use view	separate decompiler merge group; exact_type_votes=1; score=4; sources=[scalar_arithmetic]; one-way call conversion alone is review-only	review	1	1
00566E70	FUN_00566e70	local_lifetime	dwParam2/mg0	pointer(pointer:/mmsystem.h/MCIDEVICEID) -> scalar(/basetsd.h/DWORD_PTR)	00566E9C:t55 call_argument operand=0 target=00719560	ANALYSIS; direct=00719560	unattachable High lifetime is represented by the exact address-stable per-use boundary 00566E9C:t55|00719560|0	exact call-boundary type is proven, but no same-width transparent p-code path reattaches that argument to one persistent HighSymbol; complete CALL-operand scan records an address-local source view only	neutralized	1	1
00566E70	FUN_00566e70	local_lifetime	dwParam2/mg0	pointer(pointer:/mmsystem.h/MCIDEVICEID) -> scalar(/basetsd.h/DWORD_PTR)	00566EA2:t61 call_argument operand=0 target=00719C60	ANALYSIS; direct=00719C60	unattachable High lifetime is represented by the exact address-stable per-use boundary 00566EA2:t61|00719C60|0	exact call-boundary type is proven, but no same-width transparent p-code path reattaches that argument to one persistent HighSymbol; complete CALL-operand scan records an address-local source view only	neutralized	1	1
00566E70		unattachable_call_argument_lifetime	generated per-use lifetime	anchors=00566E9C:t55; target=00719560; operand=0; locals=dwParam2; transition=pointer:/mmsystem.h/MCIDEVICEID -> /basetsd.h/DWORD_PTR	verified by the matching Ghidra analyzer/export evidence	source audit kind=exact_machine_lifetime_call_view	exact source-only lifetime/view; Program ABI unchanged	Ghidra cannot persist this split without merging unrelated machine lifetimes	neutralized	1	1
00566E70		unattachable_call_argument_lifetime	generated per-use lifetime	anchors=00566EA2:t61; target=00719C60; operand=0; locals=dwParam2; transition=pointer:/mmsystem.h/MCIDEVICEID -> /basetsd.h/DWORD_PTR	verified by the matching Ghidra analyzer/export evidence	source audit kind=exact_machine_lifetime_call_view	exact source-only lifetime/view; Program ABI unchanged	Ghidra cannot persist this split without merging unrelated machine lifetimes	neutralized	1	1
00566F30	FUN_00566f30	local_lifetime	dwParam2/mg0	pointer(pointer:/mmsystem.h/MCIDEVICEID) -> scalar(/basetsd.h/DWORD_PTR)	00566F5C:t55 call_argument operand=0 target=00719560	ANALYSIS; direct=00719560	unattachable High lifetime is represented by the exact address-stable per-use boundary 00566F5C:t55|00719560|0	exact call-boundary type is proven, but no same-width transparent p-code path reattaches that argument to one persistent HighSymbol; complete CALL-operand scan records an address-local source view only	neutralized	1	1
00566F30	FUN_00566f30	local_lifetime	dwParam2/mg0	pointer(pointer:/mmsystem.h/MCIDEVICEID) -> scalar(/basetsd.h/DWORD_PTR)	00566F62:t61 call_argument operand=0 target=00719C60	ANALYSIS; direct=00719C60	unattachable High lifetime is represented by the exact address-stable per-use boundary 00566F62:t61|00719C60|0	exact call-boundary type is proven, but no same-width transparent p-code path reattaches that argument to one persistent HighSymbol; complete CALL-operand scan records an address-local source view only	neutralized	1	1
00566F30	FUN_00566f30	local_lifetime	param_1/mg0	scalar(/WinDef.h/HWND) -> scalar(/basetsd.h/DWORD_PTR)	00566FAA:t184 call_argument operand=0 target=007199F0	ANALYSIS; direct=007199F0	retain neutral or current storage; require an exact per-use view	exact call-boundary type is proven, but no same-width transparent p-code path reattaches that argument to one persistent HighSymbol; complete CALL-operand scan records an address-local source view only	review	1	1
00566F30		unattachable_call_argument_lifetime	generated per-use lifetime	anchors=00566F5C:t55; target=00719560; operand=0; locals=dwParam2; transition=pointer:/mmsystem.h/MCIDEVICEID -> /basetsd.h/DWORD_PTR	verified by the matching Ghidra analyzer/export evidence	source audit kind=exact_machine_lifetime_call_view	exact source-only lifetime/view; Program ABI unchanged	Ghidra cannot persist this split without merging unrelated machine lifetimes	neutralized	1	1
00566F30		unattachable_call_argument_lifetime	generated per-use lifetime	anchors=00566F62:t61; target=00719C60; operand=0; locals=dwParam2; transition=pointer:/mmsystem.h/MCIDEVICEID -> /basetsd.h/DWORD_PTR	verified by the matching Ghidra analyzer/export evidence	source audit kind=exact_machine_lifetime_call_view	exact source-only lifetime/view; Program ABI unchanged	Ghidra cannot persist this split without merging unrelated machine lifetimes	neutralized	1	1
00567330	FUN_00567330	local_lifetime	puVar4/mg0	pointer(pointer:/undefined4) -> scalar(/int)	005673FB:t433 call_argument operand=0 target=0071A5E0	DEFAULT; direct=0071A5E0	unattachable High lifetime is represented by the exact address-stable per-use boundary 005673FB:t433|0071A5E0|0	pointer-shaped local has only scalar consumers; exact_type_votes=1; score=4; sources=[call_argument]; one-way call conversion alone is review-only; exact call-boundary type is proven, but no same-width transparent p-code path reattaches that argument to one persistent HighSymbol	neutralized	1	1
00567330		unattachable_call_argument_lifetime	generated per-use lifetime	anchors=005673FB:t433; target=0071A5E0; operand=0; locals=puVar4; transition=pointer:/undefined4 -> /int	verified by the matching Ghidra analyzer/export evidence	source audit kind=exact_machine_lifetime_call_view	exact source-only lifetime/view; Program ABI unchanged	Ghidra cannot persist this split without merging unrelated machine lifetimes	neutralized	1	1
00567510	SubmarineTitans::Recovered::HiddenThis::RecoveredReceiver_00567510::FUN_00567510	local_lifetime	uVar6/mg1	scalar(/uint) -> scalar(/int)	00567892:t1217 signed_scalar_role operand=-1 target=	INT_SRIGHT	retain neutral or current storage; require an exact per-use view	separate decompiler merge group; exact_type_votes=1; score=4; sources=[scalar_arithmetic]; one-way call conversion alone is review-only	review	1	1
00567510	SubmarineTitans::Recovered::HiddenThis::RecoveredReceiver_00567510::FUN_00567510	local_lifetime	uVar6/mg5	scalar(/uint) -> scalar(/int)	0056799C:t1339 signed_scalar_role operand=-1 target=	INT_SRIGHT	retain neutral or current storage; require an exact per-use view	separate decompiler merge group; exact_type_votes=1; score=4; sources=[scalar_arithmetic]; one-way call conversion alone is review-only	review	1	1
00567C10	FUN_00567c10	local_lifetime	uVar3/mg1	scalar(/uint) -> scalar(/int)	00567D40:t562 signed_scalar_role operand=-1 target=	INT_SRIGHT	retain neutral or current storage; require an exact per-use view	separate decompiler merge group; exact_type_votes=1; score=4; sources=[scalar_arithmetic]; one-way call conversion alone is review-only	review	1	1
00567C10	FUN_00567c10	local_lifetime	uVar3/mg5	scalar(/uint) -> scalar(/int)	00567E4A:t684 signed_scalar_role operand=-1 target=	INT_SRIGHT	retain neutral or current storage; require an exact per-use view	separate decompiler merge group; exact_type_votes=1; score=4; sources=[scalar_arithmetic]; one-way call conversion alone is review-only	review	1	1
005682C0	FUN_005682c0	local_lifetime	uVar4/mg1	scalar(/uint) -> scalar(/int)	005683D7:t462 signed_scalar_role operand=-1 target=	INT_SRIGHT	retain neutral or current storage; require an exact per-use view	separate decompiler merge group; exact_type_votes=1; score=4; sources=[scalar_arithmetic]; one-way call conversion alone is review-only	review	1	1
005682C0	FUN_005682c0	local_lifetime	uVar4/mg5	scalar(/uint) -> scalar(/int)	005684E1:t584 signed_scalar_role operand=-1 target=	INT_SRIGHT	retain neutral or current storage; require an exact per-use view	separate decompiler merge group; exact_type_votes=1; score=4; sources=[scalar_arithmetic]; one-way call conversion alone is review-only	review	1	1
00568DD0	SoundClassTy::PlaySound	local_lifetime	bVar1/mg0	scalar(/bool) -> unknown	00569445:t5345 boolean_scalar_role operand=-1 target=	INT_SLESSEQUAL	retain neutral or current storage; require an exact per-use view	incompatible exact lifetime types=[/bool, /byte]	review	1	1
00568DD0	SoundClassTy::PlaySound	local_lifetime	bVar1/mg1	scalar(/bool) -> unknown	005690BC:t7357 boolean_scalar_role operand=-1 target=	INT_SLESSEQUAL	retain neutral or current storage; require an exact per-use view	incompatible exact lifetime types=[/bool, /byte]	review	1	1
00568DD0	SoundClassTy::PlaySound	local_lifetime	uVar10/mg14	scalar(/uint) -> scalar(/int)	005691B8:t11104 signed_scalar_role operand=-1 target=	INT_SDIV	retain neutral or current storage; require an exact per-use view	separate decompiler merge group; exact_type_votes=1; score=4; sources=[scalar_arithmetic]; one-way call conversion alone is review-only	review	1	1
00568DD0	SoundClassTy::PlaySound	local_lifetime	uVar10/mg3	scalar(/uint) -> scalar(/int)	00569930:t11156 signed_scalar_role operand=-1 target=	INT_SDIV	retain neutral or current storage; require an exact per-use view	separate decompiler merge group; exact_type_votes=1; score=4; sources=[scalar_arithmetic]; one-way call conversion alone is review-only	review	1	1
00568DD0	SoundClassTy::PlaySound	local_lifetime	uVar10/mg6	scalar(/uint) -> scalar(/int)	00569251:t3457 signed_scalar_role operand=-1 target=	INT_SRIGHT	retain neutral or current storage; require an exact per-use view	separate decompiler merge group; exact_type_votes=1; score=4; sources=[scalar_arithmetic]; one-way call conversion alone is review-only	review	1	1
00568DD0	SoundClassTy::PlaySound	local_lifetime	uVar10/mg9	scalar(/uint) -> scalar(/int)	00569541:t11130 signed_scalar_role operand=-1 target=	INT_SDIV	retain neutral or current storage; require an exact per-use view	separate decompiler merge group; exact_type_votes=1; score=4; sources=[scalar_arithmetic]; one-way call conversion alone is review-only	review	1	1
00568DD0	SoundClassTy::PlaySound	local_lifetime	uVar13/mg0	scalar(/uint) -> scalar(/int)	00569627:t1428 signed_scalar_role operand=-1 target=	INT_SRIGHT	retain neutral or current storage; require an exact per-use view	separate decompiler merge group; exact_type_votes=1; score=4; sources=[scalar_arithmetic]; one-way call conversion alone is review-only	review	1	1
00568DD0	SoundClassTy::PlaySound	local_lifetime	uVar13/mg1	scalar(/uint) -> scalar(/int)	00568EBF:t5492 signed_scalar_role operand=-1 target=	INT_SRIGHT	retain neutral or current storage; require an exact per-use view	separate decompiler merge group; exact_type_votes=1; score=4; sources=[scalar_arithmetic]; one-way call conversion alone is review-only	review	1	1
00568DD0	SoundClassTy::PlaySound	local_lifetime	uVar7/mg1	scalar(/uint) -> scalar(/int)	00569636:t1461 signed_scalar_role operand=-1 target=	INT_SRIGHT	retain neutral or current storage; require an exact per-use view	separate decompiler merge group; exact_type_votes=1; score=4; sources=[scalar_arithmetic]; one-way call conversion alone is review-only	review	1	1
00568DD0	SoundClassTy::PlaySound	local_lifetime	uVar7/mg10	scalar(/uint) -> scalar(/int)	0056903A:t6315 signed_scalar_role operand=-1 target=	INT_SRIGHT	retain neutral or current storage; require an exact per-use view	separate decompiler merge group; exact_type_votes=1; score=4; sources=[scalar_arithmetic]; one-way call conversion alone is review-only	review	1	1
00568DD0	SoundClassTy::PlaySound	local_lifetime	uVar7/mg2	scalar(/uint) -> scalar(/int)	00569753:t2078 signed_scalar_role operand=-1 target=	INT_SRIGHT	retain neutral or current storage; require an exact per-use view	separate decompiler merge group; exact_type_votes=1; score=4; sources=[scalar_arithmetic]; one-way call conversion alone is review-only	review	1	1
00568DD0	SoundClassTy::PlaySound	local_lifetime	uVar7/mg3	scalar(/uint) -> scalar(/int)	005697A2:t2310 signed_scalar_role operand=-1 target=	INT_SRIGHT	retain neutral or current storage; require an exact per-use view	separate decompiler merge group; exact_type_votes=1; score=4; sources=[scalar_arithmetic]; one-way call conversion alone is review-only	review	1	1
00568DD0	SoundClassTy::PlaySound	local_lifetime	uVar7/mg5	scalar(/uint) -> scalar(/int)	00569374:t4071 signed_scalar_role operand=-1 target=	INT_SRIGHT	retain neutral or current storage; require an exact per-use view	separate decompiler merge group; exact_type_votes=1; score=4; sources=[scalar_arithmetic]; one-way call conversion alone is review-only	review	1	1
00568DD0	SoundClassTy::PlaySound	local_lifetime	uVar7/mg6	scalar(/uint) -> scalar(/int)	005693C3:t4303 signed_scalar_role operand=-1 target=	INT_SRIGHT	retain neutral or current storage; require an exact per-use view	separate decompiler merge group; exact_type_votes=1; score=4; sources=[scalar_arithmetic]; one-way call conversion alone is review-only	review	1	1
00568DD0	SoundClassTy::PlaySound	local_lifetime	uVar7/mg8	scalar(/uint) -> scalar(/int)	00568ECE:t5525 signed_scalar_role operand=-1 target=	INT_SRIGHT	retain neutral or current storage; require an exact per-use view	separate decompiler merge group; exact_type_votes=1; score=4; sources=[scalar_arithmetic]; one-way call conversion alone is review-only	review	1	1
00568DD0	SoundClassTy::PlaySound	local_lifetime	uVar7/mg9	scalar(/uint) -> scalar(/int)	00568FEB:t6083 signed_scalar_role operand=-1 target=	INT_SRIGHT	retain neutral or current storage; require an exact per-use view	separate decompiler merge group; exact_type_votes=1; score=4; sources=[scalar_arithmetic]; one-way call conversion alone is review-only	review	1	1
00568DD0	SoundClassTy::PlaySound	local_lifetime	uVar8/mg1	scalar(/uint) -> scalar(/int)	00569242:t3424 signed_scalar_role operand=-1 target=	INT_SRIGHT	retain neutral or current storage; require an exact per-use view	separate decompiler merge group; exact_type_votes=1; score=4; sources=[scalar_arithmetic]; one-way call conversion alone is review-only	review	1	1
0056A2A0	FUN_0056a2a0	local_lifetime	puVar4/mg0	pointer(pointer:/uint) -> scalar(/WinDef.h/DWORD)	0056A36E:t221 call_argument operand=1 target=006C2530	DEFAULT; direct=006C2530	unattachable High lifetime is represented by the exact address-stable per-use boundary 0056A36E:t221|006C2530|1	exact call-boundary type is proven, but no same-width transparent p-code path reattaches that argument to one persistent HighSymbol; complete CALL-operand scan records an address-local source view only	neutralized	1	1
0056A2A0	FUN_0056a2a0	local_lifetime	puVar4/mg0	pointer(pointer:/uint) -> scalar(/WinDef.h/DWORD)	0056A3C8:t364 call_argument operand=1 target=006C2530	DEFAULT; direct=006C2530	unattachable High lifetime is represented by the exact address-stable per-use boundary 0056A3C8:t364|006C2530|1	exact call-boundary type is proven, but no same-width transparent p-code path reattaches that argument to one persistent HighSymbol; complete CALL-operand scan records an address-local source view only	neutralized	1	1
0056A2A0	FUN_0056a2a0	local_lifetime	puVar4/mg0	pointer(pointer:/uint) -> scalar(/WinDef.h/DWORD)	0056A409:t429 call_argument operand=1 target=006C2530	DEFAULT; direct=006C2530	unattachable High lifetime is represented by the exact address-stable per-use boundary 0056A409:t429|006C2530|1	exact call-boundary type is proven, but no same-width transparent p-code path reattaches that argument to one persistent HighSymbol; complete CALL-operand scan records an address-local source view only	neutralized	1	1
0056A2A0		unattachable_call_argument_lifetime	generated per-use lifetime	anchors=0056A36E:t221,0056A3C8:t364,0056A409:t429; target=006C2530; operand=1; locals=puVar4; transition=pointer:/uint -> /WinDef.h/DWORD	verified by the matching Ghidra analyzer/export evidence	source audit kind=exact_machine_lifetime_call_view	exact source-only lifetime/view; Program ABI unchanged	Ghidra cannot persist this split without merging unrelated machine lifetimes	neutralized	1	1
0056A2A0		unattachable_call_argument_lifetime	generated per-use lifetime	anchors=0056A36E:t221,0056A3C8:t364,0056A409:t429; target=006C2530; operand=1; locals=puVar4; transition=pointer:/uint -> /WinDef.h/DWORD	verified by the matching Ghidra analyzer/export evidence	source audit kind=exact_machine_lifetime_call_view	exact source-only lifetime/view; Program ABI unchanged	Ghidra cannot persist this split without merging unrelated machine lifetimes	neutralized	1	1
0056A2A0		unattachable_call_argument_lifetime	generated per-use lifetime	anchors=0056A36E:t221,0056A3C8:t364,0056A409:t429; target=006C2530; operand=1; locals=puVar4; transition=pointer:/uint -> /WinDef.h/DWORD	verified by the matching Ghidra analyzer/export evidence	source audit kind=exact_machine_lifetime_call_view	exact source-only lifetime/view; Program ABI unchanged	Ghidra cannot persist this split without merging unrelated machine lifetimes	neutralized	1	1
0056ADC0	STAppC::InitApp	local_lifetime	local_40/mg0	scalar(/WinDef.h/HWND) -> unknown	0056AF6D:t375 typed_copy operand=0 target=	ANALYSIS	retain neutral or current storage; require an exact per-use view	incompatible exact lifetime types=[/WinDef.h/HWND, /basetsd.h/DWORD_PTR]	review	1	1
0056ADC0	STAppC::InitApp	local_lifetime	local_40/mg0	scalar(/WinDef.h/HWND) -> scalar(/basetsd.h/DWORD_PTR)	0056AFA7:t431 call_argument operand=1 target=006B7920	DEFAULT; direct=006B7920	retain neutral or current storage; require an exact per-use view	exact call-boundary type is proven, but no same-width transparent p-code path reattaches that argument to one persistent HighSymbol; complete CALL-operand scan records an address-local source view only	review	1	1
0056ADC0	STAppC::InitApp	local_lifetime	pSVar16/mg1	pointer(pointer:/STAppC) -> unknown	0056B80A:t6000 call_argument operand=0 target=00404AA2	ANALYSIS; direct=00404AA2; resolved=00571400	retain neutral or current storage; require an exact per-use view	incompatible exact lifetime types=[pointer:/AppClassTy, pointer:/STAppC]	review	1	1
0056ADC0	STAppC::InitApp	local_lifetime	puVar2/mg0	pointer(pointer:/byte) -> pointer(pointer:/cMf32)	0056B065:t0 call_return operand=-1 target=006F0EC0	USE_SITE_OVERRIDE; direct=006F0EC0	persistent High lifetime already carries the proposed domain	automation-owned persistent call-result lifetime conflicts with the exact current address-local return override; prior marker=pointer:/byte	resolved	1	1
0056C750	STAppC::DoneApp	local_lifetime	pSVar3/mg1	pointer(pointer:/STAppC) -> pointer(pointer:/AppClassTy)	0056CA59:t758 call_argument operand=0 target=006E36E0	ANALYSIS; direct=006E36E0	retain neutral or current storage; require an exact per-use view	separate decompiler merge group; exact_type_votes=1; score=4; sources=[call_argument]; one-way call conversion alone is review-only; exact call-boundary type is proven, but no same-width transparent p-code path reattaches that argument to one persistent HighSymbol	review	1	1
0056DB80	STAppC::StartGame	local_lifetime	pSVar10/mg2	pointer(pointer:/STAppC) -> unknown	0056E166:t1296 call_argument operand=0 target=004025B3	ANALYSIS; direct=004025B3; resolved=0056EF50	retain neutral or current storage; require an exact per-use view	incompatible exact lifetime types=[pointer:/AppClassTy, pointer:/STAppC]	review	1	1
0056DB80	STAppC::StartGame	local_lifetime	pcVar8_mg3/mg0	pointer(pointer:/cLoadingTy) -> unknown	0056E4B8:t1865 call_return operand=-1 target=006B0140	USE_SITE_OVERRIDE; direct=006B0140	retain neutral or current storage; require an exact per-use view	incompatible exact lifetime types=[pointer:/cLoadingTy, pointer:/char]	review	1	1
0056F250	FUN_0056f250	local_lifetime	local_14/mg0	pointer(pointer:/cMf32) -> unknown	0056F3E1:t326 call_argument operand=1 target=006EFDB0	DEFAULT; direct=006EFDB0	retain neutral or current storage; require an exact per-use view	incompatible exact lifetime types=[/int, pointer:/cMf32]	review	1	1
0056F250	FUN_0056f250	local_lifetime	local_14/mg0	pointer(pointer:/cMf32) -> scalar(/int)	0056F3E1:t326 call_argument operand=1 target=006EFDB0	DEFAULT; direct=006EFDB0	unattachable High lifetime is represented by the exact address-stable per-use boundary 0056F3E1:t326|006EFDB0|1	exact call-boundary type is proven, but no same-width transparent p-code path reattaches that argument to one persistent HighSymbol; complete CALL-operand scan records an address-local source view only	neutralized	1	1
0056F250	FUN_0056f250	local_lifetime	local_14/mg0	pointer(pointer:/cMf32) -> scalar(/int)	0056F4B4:t534 call_argument operand=1 target=0071AB30	DEFAULT; direct=0071AB30	unattachable High lifetime is represented by the exact address-stable per-use boundary 0056F4B4:t534|0071AB30|1	exact call-boundary type is proven, but no same-width transparent p-code path reattaches that argument to one persistent HighSymbol; complete CALL-operand scan records an address-local source view only	neutralized	1	1
0056F250	FUN_0056f250	local_lifetime	pcVar7/mg0	pointer(pointer:/cMf32) -> unknown	0056F400:t354 call_argument operand=2 target=0071ADB0	DEFAULT; direct=0071ADB0	retain neutral or current storage; require an exact per-use view	incompatible exact lifetime types=[/int, pointer:/cMf32]	review	1	1
0056F250	FUN_0056f250	local_lifetime	pcVar7/mg0	pointer(pointer:/cMf32) -> scalar(/int)	0056F400:t354 call_argument operand=2 target=0071ADB0	DEFAULT; direct=0071ADB0	unattachable High lifetime is represented by the exact address-stable per-use boundary 0056F400:t354|0071ADB0|2	exact call-boundary type is proven, but no same-width transparent p-code path reattaches that argument to one persistent HighSymbol; complete CALL-operand scan records an address-local source view only	neutralized	1	1
0056F250	FUN_0056f250	local_lifetime	pcVar7/mg0	pointer(pointer:/cMf32) -> scalar(/int)	0056F4E4:t577 call_argument operand=1 target=0071AB30	DEFAULT; direct=0071AB30	unattachable High lifetime is represented by the exact address-stable per-use boundary 0056F4E4:t577|0071AB30|1	exact call-boundary type is proven, but no same-width transparent p-code path reattaches that argument to one persistent HighSymbol; complete CALL-operand scan records an address-local source view only	neutralized	1	1
0056F250	FUN_0056f250	local_lifetime	pcVar7/mg1	pointer(pointer:/cMf32) -> unknown	0056F4E4:t577 call_argument operand=1 target=0071AB30	DEFAULT; direct=0071AB30	retain neutral or current storage; require an exact per-use view	incompatible exact lifetime types=[/int, pointer:/cMf32]	review	1	1
0056F250	FUN_0056f250	local_lifetime	uVar3/mg3	scalar(/uint) -> unknown	0056F562:t720 call_return operand=-1 target=006B5050	ANALYSIS; direct=006B5050	retain neutral or current storage; require an exact per-use view	incompatible exact lifetime types=[/int, /uint]	review	1	1
0056F250		unattachable_call_argument_lifetime	generated per-use lifetime	anchors=0056F3E1:t326; target=006EFDB0; operand=1; locals=local_14; transition=pointer:/cMf32 -> /int	verified by the matching Ghidra analyzer/export evidence	source audit kind=exact_machine_lifetime_call_view	exact source-only lifetime/view; Program ABI unchanged	Ghidra cannot persist this split without merging unrelated machine lifetimes	neutralized	1	1
0056F250		unattachable_call_argument_lifetime	generated per-use lifetime	anchors=0056F400:t354; target=0071ADB0; operand=2; locals=pcVar7; transition=pointer:/cMf32 -> /int	verified by the matching Ghidra analyzer/export evidence	source audit kind=exact_machine_lifetime_call_view	exact source-only lifetime/view; Program ABI unchanged	Ghidra cannot persist this split without merging unrelated machine lifetimes	neutralized	1	1
0056F250		unattachable_call_argument_lifetime	generated per-use lifetime	anchors=0056F4B4:t534,0056F4E4:t577; target=0071AB30; operand=1; locals=local_14,pcVar7; transition=pointer:/cMf32 -> /int	verified by the matching Ghidra analyzer/export evidence	source audit kind=exact_machine_lifetime_call_view	exact source-only lifetime/view; Program ABI unchanged	Ghidra cannot persist this split without merging unrelated machine lifetimes	neutralized	1	1
0056F250		unattachable_call_argument_lifetime	generated per-use lifetime	anchors=0056F4B4:t534,0056F4E4:t577; target=0071AB30; operand=1; locals=local_14,pcVar7; transition=pointer:/cMf32 -> /int	verified by the matching Ghidra analyzer/export evidence	source audit kind=exact_machine_lifetime_call_view	exact source-only lifetime/view; Program ABI unchanged	Ghidra cannot persist this split without merging unrelated machine lifetimes	neutralized	1	1
0056FA60	STAppC::GetMessage	local_lifetime	bVar29/mg0	scalar(/bool) -> unknown	00570A8F:t2728 boolean_scalar_role operand=-1 target=	INT_LESS	retain neutral or current storage; require an exact per-use view	incompatible exact lifetime types=[/bool, /byte]	review	1	1
0056FA60	STAppC::GetMessage	local_lifetime	local_8/mg0	pointer(pointer:/byte) -> scalar(/uint)	00570695:t1601 call_argument operand=2 target=006C2AE0	DEFAULT; direct=006C2AE0	unattachable High lifetime is represented by the exact address-stable per-use boundary 00570695:t1601|006C2AE0|2	exact call-boundary type is proven, but no same-width transparent p-code path reattaches that argument to one persistent HighSymbol; complete CALL-operand scan records an address-local source view only	neutralized	1	1
0056FA60	STAppC::GetMessage	local_lifetime	local_8/mg0	pointer(pointer:/byte) -> scalar(/uint)	005706AC:t1868 call_argument operand=2 target=006C3B00	DEFAULT; direct=006C3B00	unattachable High lifetime is represented by the exact address-stable per-use boundary 005706AC:t1868|006C3B00|2	exact call-boundary type is proven, but no same-width transparent p-code path reattaches that argument to one persistent HighSymbol; complete CALL-operand scan records an address-local source view only	neutralized	1	1
0056FA60	STAppC::GetMessage	local_lifetime	pSVar11/mg0	pointer(pointer:/STAppC) -> unknown	0056FB42:t5150 call_argument operand=0 target=00403990	ANALYSIS; direct=00403990; resolved=0056D370	retain neutral or current storage; require an exact per-use view	incompatible exact lifetime types=[pointer:/AppClassTy, pointer:/STAppC]	review	1	1
0056FA60	STAppC::GetMessage	local_lifetime	pSVar11/mg1	pointer(pointer:/STAppC) -> pointer(pointer:/AppClassTy)	00570849:t2000 call_argument operand=0 target=006E3DB0	ANALYSIS; direct=006E3DB0	retain neutral or current storage; require an exact per-use view	separate decompiler merge group; exact_type_votes=1; score=4; sources=[call_argument]; one-way call conversion alone is review-only; exact call-boundary type is proven, but no same-width transparent p-code path reattaches that argument to one persistent HighSymbol	review	1	1
0056FA60		unattachable_call_argument_lifetime	generated per-use lifetime	anchors=00570695:t1601; target=006C2AE0; operand=2; locals=local_8; transition=pointer:/byte -> /uint	verified by the matching Ghidra analyzer/export evidence	source audit kind=exact_machine_lifetime_call_view	exact source-only lifetime/view; Program ABI unchanged	Ghidra cannot persist this split without merging unrelated machine lifetimes	neutralized	1	1
0056FA60		unattachable_call_argument_lifetime	generated per-use lifetime	anchors=005706AC:t1868; target=006C3B00; operand=2; locals=local_8; transition=pointer:/byte -> /uint	verified by the matching Ghidra analyzer/export evidence	source audit kind=exact_machine_lifetime_call_view	exact source-only lifetime/view; Program ABI unchanged	Ghidra cannot persist this split without merging unrelated machine lifetimes	neutralized	1	1
00571C90	FUN_00571c90	local_lifetime	param_2/mg0	scalar(/int) -> pointer(pointer:/SubmarineTitans/Recovered/STMessage)	00571C98:t15 call_argument operand=1 target=00404F07	ANALYSIS; direct=00404F07; resolved=0041E530	unattachable High lifetime is represented by the exact address-stable per-use boundary 00571C98:t15|00404F07|1	exact call-boundary type is proven, but no same-width transparent p-code path reattaches that argument to one persistent HighSymbol; complete CALL-operand scan records an address-local source view only	neutralized	1	1
00571C90		unattachable_call_argument_lifetime	generated per-use lifetime	anchors=00571C98:t15; target=00404F07; operand=1; locals=param_2; transition=/int -> pointer:/SubmarineTitans/Recovered/STMessage	verified by the matching Ghidra analyzer/export evidence	source audit kind=exact_machine_lifetime_call_view	exact source-only lifetime/view; Program ABI unchanged	Ghidra cannot persist this split without merging unrelated machine lifetimes	neutralized	1	1
005738D0	FUN_005738d0	return_abi	EAX/x87 return	scalar(/undefined4) -> scalar(/bool)	all reachable callee return paths	all explicit return values are constants in {0,1}, but the source domain alone does not prove the x86 ABI return width; review STAbiConsistencyAnalyzer evidence: [1, 0]	retain current machine-width return pending strict ABI proof	all explicit return values are constants in {0,1}, but the source domain alone does not prove the x86 ABI return width; review STAbiConsistencyAnalyzer evidence: [1, 0]	review	1	1
00575460	FUN_00575460	local_lifetime	pSVar4/mg0	pointer(pointer:/SubmarineTitans/Recovered/LibraryContexts/ST3DSMAPContext) -> unknown	00575460:t1264 typed_copy operand=0 target=	ANALYSIS	retain neutral or current storage; require an exact per-use view	incompatible exact lifetime types=[pointer:/HoloTy, pointer:/SubmarineTitans/Recovered/LibraryContexts/ST3DSMAPContext]	review	1	1
00575640	FUN_00575640	local_lifetime	uVar7/mg2	scalar(/uint) -> scalar(/int)	005757D1:t546 signed_scalar_role operand=-1 target=	INT_SRIGHT	retain neutral or current storage; require an exact per-use view	separate decompiler merge group; exact_type_votes=1; score=4; sources=[scalar_arithmetic]; one-way call conversion alone is review-only	review	1	1
00575CB0	STAlgaC::GetMessage	local_lifetime	bVar29/mg0	scalar(/bool) -> unknown	00576148:t1829 boolean_scalar_role operand=-1 target=	INT_LESS	retain neutral or current storage; require an exact per-use view	incompatible exact lifetime types=[/bool, /byte]	review	1	1
00575CB0	STAlgaC::GetMessage	local_lifetime	bVar29/mg1	scalar(/bool) -> unknown	00576181:t1934 boolean_scalar_role operand=-1 target=	INT_LESS	retain neutral or current storage; require an exact per-use view	incompatible exact lifetime types=[/bool, /byte]	review	1	1
00575CB0	STAlgaC::GetMessage	local_lifetime	local_20/mg0	pointer(pointer:/SubmarineTitans/Recovered/PointerShapes/RecoveredRecordView_0060EA30_C6688588) -> scalar(/uint)	00575D5A:t176 call_argument operand=0 target=006AAC10	ANALYSIS; direct=006AAC10	unattachable High lifetime is represented by the exact address-stable per-use boundary 00575D5A:t176|006AAC10|0	single receiver-alias lifetime; exact_type_votes=1; score=4; sources=[call_argument]; one-way call conversion alone is review-only; exact call-boundary type is proven, but no same-width transparent p-code path reattaches that argument to one persistent HighSymbol	neutralized	1	1
00575CB0	STAlgaC::GetMessage	local_lifetime	local_8/mg0	pointer(pointer:/SubmarineTitans/Recovered/PointerShapes/AnonShape_00575CB0_0408A0C4) -> pointer(pointer:/char)	00576205:t2123 call_argument operand=2 target=00709AF0	ANALYSIS; direct=00709AF0	retain neutral or current storage; require an exact per-use view	single receiver-alias lifetime; exact_type_votes=1; score=4; sources=[call_argument]; one-way call conversion alone is review-only; weaker generic evidence cannot replace the current nominal type; exact call-boundary type is proven, but no same-width transparent p-code path reattaches that argument to one persistent HighSymbol	review	1	1
00575CB0	STAlgaC::GetMessage	local_lifetime	puVar28/mg0	pointer(pointer:/undefined1) -> pointer(pointer:/char)	00576263:t2233 call_argument operand=2 target=00709AF0	ANALYSIS; direct=00709AF0	retain neutral or current storage; require an exact per-use view	separate decompiler merge group; exact_type_votes=1; score=4; sources=[call_argument]; one-way call conversion alone is review-only; downstream call consumers do not prove signedness or semantics of an already width-known pointee; exact call-boundary type is proven, but no same-width transparent p-code path reattaches that argument to one persistent HighSymbol	review	1	1
00575CB0		unattachable_call_argument_lifetime	generated per-use lifetime	anchors=00575D5A:t176; target=006AAC10; operand=0; locals=local_20; transition=pointer:/SubmarineTitans/Recovered/PointerShapes/RecoveredRecordView_0060EA30_C6688588 -> /uint	verified by the matching Ghidra analyzer/export evidence	source audit kind=exact_machine_lifetime_call_view	exact source-only lifetime/view; Program ABI unchanged	Ghidra cannot persist this split without merging unrelated machine lifetimes	neutralized	1	1
00576EF0	GameSystemC::InitSystem	local_lifetime	local_8/mg0	pointer(pointer:/GameSystemC) -> unknown	00576F14:t1085 typed_copy operand=0 target=	DEFAULT	retain neutral or current storage; require an exact per-use view	incompatible exact lifetime types=[pointer:/GameSystemC, pointer:/SystemClassTy]	review	1	1
005770D0	GameSystemC::DoneSystem	local_lifetime	pSVar2/mg0	pointer(pointer:/SubmarineTitans/Recovered/LibraryContexts/ST3DSMAPContext) -> unknown	00577164:t1033 typed_copy operand=0 target=	ANALYSIS	retain neutral or current storage; require an exact per-use view	incompatible exact lifetime types=[pointer:/HoloTy, pointer:/SubmarineTitans/Recovered/LibraryContexts/ST3DSMAPContext]	review	1	1
00577440	FUN_00577440	local_lifetime	uVar3/mg0	scalar(/uint) -> unknown	005775AE:t575 call_return operand=-1 target=006E51B0	ANALYSIS; direct=006E51B0	retain neutral or current storage; require an exact per-use view	incompatible exact lifetime types=[/int, /uint]	review	1	1
005776D0	GameSystemC::GetMessage	local_lifetime	local_28/mg0	pointer(pointer:/GameSystemC) -> unknown	00577703:t10078 typed_copy operand=0 target=	DEFAULT	retain neutral or current storage; require an exact per-use view	incompatible exact lifetime types=[pointer:/GameSystemC, pointer:/SystemClassTy]	review	1	1
00578630	STCrabC::GetMessage	local_lifetime	local_1c/mg0	pointer(pointer:/STCrabC) -> unknown	00578676:t8524 typed_copy operand=0 target=	DEFAULT	retain neutral or current storage; require an exact per-use view	incompatible exact lifetime types=[pointer:/STAllPlayersC, pointer:/STCrabC, pointer:/STSprGameObjC]	review	1	1
00578630	STCrabC::GetMessage	local_lifetime	puVar11/mg0	pointer(pointer:/undefined4) -> pointer(pointer:/STT3DSprC)	00578E69:t1746 call_argument operand=0 target=00402761	ANALYSIS; direct=00402761; resolved=004AD070	retain neutral or current storage; require an exact per-use view	separate decompiler merge group; exact_type_votes=2; score=8; sources=[call_argument]; exact call-boundary type is proven, but no same-width transparent p-code path reattaches that argument to one persistent HighSymbol	review	1	1
00578630	STCrabC::GetMessage	local_lifetime	puVar11/mg0	pointer(pointer:/undefined4) -> pointer(pointer:/STT3DSprC)	00578E72:t1753 call_argument operand=0 target=00402761	ANALYSIS; direct=00402761; resolved=004AD070	retain neutral or current storage; require an exact per-use view	separate decompiler merge group; exact_type_votes=2; score=8; sources=[call_argument]; exact call-boundary type is proven, but no same-width transparent p-code path reattaches that argument to one persistent HighSymbol	review	1	1
00578630	STCrabC::GetMessage	local_lifetime	puVar11/mg3	pointer(pointer:/undefined4) -> pointer(pointer:/STT3DSprC)	00578B6E:t820 call_argument operand=0 target=00403AFD	ANALYSIS; direct=00403AFD; resolved=004ACF50	retain neutral or current storage; require an exact per-use view	separate decompiler merge group; exact_type_votes=3; score=12; sources=[call_argument]; exact call-boundary type is proven, but no same-width transparent p-code path reattaches that argument to one persistent HighSymbol	review	1	1
00578630	STCrabC::GetMessage	local_lifetime	puVar11/mg3	pointer(pointer:/undefined4) -> pointer(pointer:/STT3DSprC)	00578B95:t848 call_argument operand=0 target=00405240	ANALYSIS; direct=00405240; resolved=004AC1A0	retain neutral or current storage; require an exact per-use view	separate decompiler merge group; exact_type_votes=3; score=12; sources=[call_argument]; exact call-boundary type is proven, but no same-width transparent p-code path reattaches that argument to one persistent HighSymbol	review	1	1
00578630	STCrabC::GetMessage	local_lifetime	puVar11/mg3	pointer(pointer:/undefined4) -> pointer(pointer:/STT3DSprC)	00578BAB:t862 call_argument operand=0 target=00405240	ANALYSIS; direct=00405240; resolved=004AC1A0	retain neutral or current storage; require an exact per-use view	separate decompiler merge group; exact_type_votes=3; score=12; sources=[call_argument]; exact call-boundary type is proven, but no same-width transparent p-code path reattaches that argument to one persistent HighSymbol	review	1	1
00578630	STCrabC::GetMessage	local_lifetime	uVar10/mg0	scalar(/uint) -> unknown	00578E91:t1792 call_return operand=-1 target=004052CC	ANALYSIS; direct=004052CC; resolved=004AD650	retain neutral or current storage; require an exact per-use view	incompatible exact lifetime types=[/int, /uint]	review	1	1
00579350	FUN_00579350	local_lifetime	this/mg0	pointer(pointer:/undefined1) -> pointer(pointer:/STT3DSprC)	00579685:t924 call_argument operand=0 target=00401064	ANALYSIS; direct=00401064; resolved=004ABE40	retain neutral or current storage; require an exact per-use view	single undefined local lifetime; exact_type_votes=4; score=16; sources=[call_argument]; exact call-boundary type is proven, but no same-width transparent p-code path reattaches that argument to one persistent HighSymbol	review	1	1
00579350	FUN_00579350	local_lifetime	this/mg0	pointer(pointer:/undefined1) -> pointer(pointer:/STT3DSprC)	0057968E:t931 call_argument operand=0 target=004030BC	ANALYSIS; direct=004030BC; resolved=004AC040	retain neutral or current storage; require an exact per-use view	single undefined local lifetime; exact_type_votes=4; score=16; sources=[call_argument]; exact call-boundary type is proven, but no same-width transparent p-code path reattaches that argument to one persistent HighSymbol	review	1	1
00579350	FUN_00579350	local_lifetime	this/mg0	pointer(pointer:/undefined1) -> pointer(pointer:/STT3DSprC)	005796A4:t950 call_argument operand=0 target=00401064	ANALYSIS; direct=00401064; resolved=004ABE40	retain neutral or current storage; require an exact per-use view	single undefined local lifetime; exact_type_votes=4; score=16; sources=[call_argument]; exact call-boundary type is proven, but no same-width transparent p-code path reattaches that argument to one persistent HighSymbol	review	1	1
00579350	FUN_00579350	local_lifetime	this/mg0	pointer(pointer:/undefined1) -> pointer(pointer:/STT3DSprC)	005796AD:t957 call_argument operand=0 target=004030BC	ANALYSIS; direct=004030BC; resolved=004AC040	retain neutral or current storage; require an exact per-use view	single undefined local lifetime; exact_type_votes=4; score=16; sources=[call_argument]; exact call-boundary type is proven, but no same-width transparent p-code path reattaches that argument to one persistent HighSymbol	review	1	1
00579350	FUN_00579350	local_lifetime	uVar3/mg0	scalar(/uint) -> unknown	0057942D:t1325 call_return operand=-1 target=004052CC	ANALYSIS; direct=004052CC; resolved=004AD650	retain neutral or current storage; require an exact per-use view	incompatible exact lifetime types=[/int, /uint]	review	1	1
00579350	FUN_00579350	local_lifetime	uVar3/mg1	scalar(/uint) -> unknown	00579414:t323 call_return operand=-1 target=004052CC	ANALYSIS; direct=004052CC; resolved=004AD650	retain neutral or current storage; require an exact per-use view	incompatible exact lifetime types=[/int, /uint]	review	1	1
00579350	FUN_00579350	local_lifetime	uVar3/mg3	scalar(/uint) -> scalar(/int)	00579677:t2474 signed_scalar_role operand=-1 target=	INT_SDIV	retain neutral or current storage; require an exact per-use view	separate decompiler merge group; exact_type_votes=1; score=4; sources=[scalar_arithmetic]; one-way call conversion alone is review-only	review	1	1
0057BF60	STFishC::GetMessage	local_lifetime	local_1c/mg0	pointer(pointer:/STFishC) -> unknown	0057BFA4:t10276 typed_copy operand=0 target=	DEFAULT	retain neutral or current storage; require an exact per-use view	incompatible exact lifetime types=[pointer:/STAllPlayersC, pointer:/STFishC, pointer:/STSprGameObjC]	review	1	1
0057BF60	STFishC::GetMessage	local_lifetime	puVar9/mg0	pointer(pointer:/undefined4) -> pointer(pointer:/STT3DSprC)	0057C608:t1608 call_argument operand=0 target=00404264	ANALYSIS; direct=00404264; resolved=004AC410	retain neutral or current storage; require an exact per-use view	separate decompiler merge group; exact_type_votes=3; score=12; sources=[call_argument]; exact call-boundary type is proven, but no same-width transparent p-code path reattaches that argument to one persistent HighSymbol	review	1	1
0057BF60	STFishC::GetMessage	local_lifetime	puVar9/mg0	pointer(pointer:/undefined4) -> pointer(pointer:/STT3DSprC)	0057C626:t1629 call_argument operand=0 target=00404183	ANALYSIS; direct=00404183; resolved=004AB880	retain neutral or current storage; require an exact per-use view	separate decompiler merge group; exact_type_votes=3; score=12; sources=[call_argument]; exact call-boundary type is proven, but no same-width transparent p-code path reattaches that argument to one persistent HighSymbol	review	1	1
0057BF60	STFishC::GetMessage	local_lifetime	puVar9/mg0	pointer(pointer:/undefined4) -> pointer(pointer:/STT3DSprC)	0057C63B:t1643 call_argument operand=0 target=00405240	ANALYSIS; direct=00405240; resolved=004AC1A0	retain neutral or current storage; require an exact per-use view	separate decompiler merge group; exact_type_votes=3; score=12; sources=[call_argument]; exact call-boundary type is proven, but no same-width transparent p-code path reattaches that argument to one persistent HighSymbol	review	1	1
0057BF60	STFishC::GetMessage	local_lifetime	puVar9/mg5	pointer(pointer:/undefined4) -> pointer(pointer:/STT3DSprC)	0057C298:t1983 call_argument operand=0 target=00404183	ANALYSIS; direct=00404183; resolved=004AB880	retain neutral or current storage; require an exact per-use view	separate decompiler merge group; exact_type_votes=2; score=8; sources=[call_argument]; exact call-boundary type is proven, but no same-width transparent p-code path reattaches that argument to one persistent HighSymbol	review	1	1
0057BF60	STFishC::GetMessage	local_lifetime	puVar9/mg5	pointer(pointer:/undefined4) -> pointer(pointer:/STT3DSprC)	0057C2C7:t2026 call_argument operand=0 target=00401064	ANALYSIS; direct=00401064; resolved=004ABE40	retain neutral or current storage; require an exact per-use view	separate decompiler merge group; exact_type_votes=2; score=8; sources=[call_argument]; exact call-boundary type is proven, but no same-width transparent p-code path reattaches that argument to one persistent HighSymbol	review	1	1
0057BF60	STFishC::GetMessage	local_lifetime	uVar7/mg0	scalar(/uint) -> unknown	0057C7CA:t2047 call_return operand=-1 target=004052CC	ANALYSIS; direct=004052CC; resolved=004AD650	retain neutral or current storage; require an exact per-use view	incompatible exact lifetime types=[/int, /uint]	review	1	1
0057CD70	STFishC::LifeFish	local_lifetime	this_00/mg0	pointer(pointer:/undefined4) -> pointer(pointer:/STT3DSprC)	0057CF7E:t567 call_argument operand=0 target=004022AC	ANALYSIS; direct=004022AC; resolved=004ACD30	retain neutral or current storage; require an exact per-use view	single undefined local lifetime; exact_type_votes=10; score=40; sources=[call_argument]; exact call-boundary type is proven, but no same-width transparent p-code path reattaches that argument to one persistent HighSymbol	review	1	1
0057CD70	STFishC::LifeFish	local_lifetime	this_00/mg0	pointer(pointer:/undefined4) -> pointer(pointer:/STT3DSprC)	0057CF97:t602 call_argument operand=0 target=00404264	ANALYSIS; direct=00404264; resolved=004AC410	retain neutral or current storage; require an exact per-use view	single undefined local lifetime; exact_type_votes=10; score=40; sources=[call_argument]; exact call-boundary type is proven, but no same-width transparent p-code path reattaches that argument to one persistent HighSymbol	review	1	1
0057CD70	STFishC::LifeFish	local_lifetime	this_00/mg0	pointer(pointer:/undefined4) -> pointer(pointer:/STT3DSprC)	0057D07F:t1369 call_argument operand=0 target=00401064	ANALYSIS; direct=00401064; resolved=004ABE40	retain neutral or current storage; require an exact per-use view	single undefined local lifetime; exact_type_votes=10; score=40; sources=[call_argument]; exact call-boundary type is proven, but no same-width transparent p-code path reattaches that argument to one persistent HighSymbol	review	1	1
0057CD70	STFishC::LifeFish	local_lifetime	this_00/mg0	pointer(pointer:/undefined4) -> pointer(pointer:/STT3DSprC)	0057D08C:t1382 call_argument operand=0 target=004052FE	ANALYSIS; direct=004052FE; resolved=004ABF00	retain neutral or current storage; require an exact per-use view	single undefined local lifetime; exact_type_votes=10; score=40; sources=[call_argument]; exact call-boundary type is proven, but no same-width transparent p-code path reattaches that argument to one persistent HighSymbol	review	1	1
0057CD70	STFishC::LifeFish	local_lifetime	this_00/mg0	pointer(pointer:/undefined4) -> pointer(pointer:/STT3DSprC)	0057D120:t1031 call_argument operand=0 target=00401064	ANALYSIS; direct=00401064; resolved=004ABE40	retain neutral or current storage; require an exact per-use view	single undefined local lifetime; exact_type_votes=10; score=40; sources=[call_argument]; exact call-boundary type is proven, but no same-width transparent p-code path reattaches that argument to one persistent HighSymbol	review	1	1
0057CD70	STFishC::LifeFish	local_lifetime	this_00/mg0	pointer(pointer:/undefined4) -> pointer(pointer:/STT3DSprC)	0057D12D:t1044 call_argument operand=0 target=004052FE	ANALYSIS; direct=004052FE; resolved=004ABF00	retain neutral or current storage; require an exact per-use view	single undefined local lifetime; exact_type_votes=10; score=40; sources=[call_argument]; exact call-boundary type is proven, but no same-width transparent p-code path reattaches that argument to one persistent HighSymbol	review	1	1
0057CD70	STFishC::LifeFish	local_lifetime	this_00/mg0	pointer(pointer:/undefined4) -> pointer(pointer:/STT3DSprC)	0057D250:t1709 call_argument operand=0 target=00401064	ANALYSIS; direct=00401064; resolved=004ABE40	retain neutral or current storage; require an exact per-use view	single undefined local lifetime; exact_type_votes=10; score=40; sources=[call_argument]; exact call-boundary type is proven, but no same-width transparent p-code path reattaches that argument to one persistent HighSymbol	review	1	1
0057CD70	STFishC::LifeFish	local_lifetime	this_00/mg0	pointer(pointer:/undefined4) -> pointer(pointer:/STT3DSprC)	0057D25D:t1722 call_argument operand=0 target=004052FE	ANALYSIS; direct=004052FE; resolved=004ABF00	retain neutral or current storage; require an exact per-use view	single undefined local lifetime; exact_type_votes=10; score=40; sources=[call_argument]; exact call-boundary type is proven, but no same-width transparent p-code path reattaches that argument to one persistent HighSymbol	review	1	1
0057CD70	STFishC::LifeFish	local_lifetime	this_00/mg0	pointer(pointer:/undefined4) -> pointer(pointer:/STT3DSprC)	0057D280:t2108 call_argument operand=0 target=00401064	ANALYSIS; direct=00401064; resolved=004ABE40	retain neutral or current storage; require an exact per-use view	single undefined local lifetime; exact_type_votes=10; score=40; sources=[call_argument]; exact call-boundary type is proven, but no same-width transparent p-code path reattaches that argument to one persistent HighSymbol	review	1	1
0057CD70	STFishC::LifeFish	local_lifetime	this_00/mg0	pointer(pointer:/undefined4) -> pointer(pointer:/STT3DSprC)	0057D289:t1052 call_argument operand=0 target=004030BC	ANALYSIS; direct=004030BC; resolved=004AC040	retain neutral or current storage; require an exact per-use view	single undefined local lifetime; exact_type_votes=10; score=40; sources=[call_argument]; exact call-boundary type is proven, but no same-width transparent p-code path reattaches that argument to one persistent HighSymbol	review	1	1
0057CD70	STFishC::LifeFish	local_lifetime	uVar4/mg0	scalar(/uint) -> unknown	0057CDA5:t684 call_return operand=-1 target=004052CC	ANALYSIS; direct=004052CC; resolved=004AD650	retain neutral or current storage; require an exact per-use view	incompatible exact lifetime types=[/int, /uint]	review	1	1
0057CD70	STFishC::LifeFish	local_lifetime	uVar4/mg1	scalar(/uint) -> unknown	0057CD8C:t38 call_return operand=-1 target=004052CC	ANALYSIS; direct=004052CC; resolved=004AD650	retain neutral or current storage; require an exact per-use view	incompatible exact lifetime types=[/int, /uint]	review	1	1
0057D420	FUN_0057d420	return_abi	EAX/x87 return	scalar(/undefined4) -> scalar(/bool)	all reachable callee return paths	all explicit return values are constants in {0,1}, but the source domain alone does not prove the x86 ABI return width; review STAbiConsistencyAnalyzer evidence: [0, 1, 0, 1]	retain current machine-width return pending strict ABI proof	all explicit return values are constants in {0,1}, but the source domain alone does not prove the x86 ABI return width; review STAbiConsistencyAnalyzer evidence: [0, 1, 0, 1]	review	1	1
0057E0A0	STDcResourcC::GetMessage	local_lifetime	local_24/mg0	pointer(pointer:/STDcResourcC) -> unknown	0057E0E3:t14797 typed_copy operand=0 target=	DEFAULT	retain neutral or current storage; require an exact per-use view	incompatible exact lifetime types=[pointer:/STAllPlayersC, pointer:/STDcResourcC, pointer:/STFieldC, pointer:/STSprGameObjC]	review	1	1
0057F580	STDcResourcC::Init	local_lifetime	pSVar5/mg1	pointer(pointer:/STT3DSprC) -> unknown	0057F59A:t48 call_return operand=-1 target=00401316	ANALYSIS; direct=00401316; resolved=004AB810	retain neutral or current storage; require an exact per-use view	incompatible exact lifetime types=[pointer:/HoloTy, pointer:/STT3DSprC]	review	1	1
0057F6E0	STDcResourcC::CreateRes	local_lifetime	piVar8/mg0	pointer(pointer:/int) -> unknown	0057FB5F:t1015 call_return operand=-1 target=0040185C	USE_SITE_OVERRIDE; direct=0040185C; resolved=0057F470	retain neutral or current storage; require an exact per-use view	incompatible exact lifetime types=[pointer:/char, pointer:/int]	review	1	1
0057F6E0	STDcResourcC::CreateRes	local_lifetime	piVar8/mg1	pointer(pointer:/int) -> unknown	0057FB84:t1053 call_return operand=-1 target=0040185C	USE_SITE_OVERRIDE; direct=0040185C; resolved=0057F470	retain neutral or current storage; require an exact per-use view	incompatible exact lifetime types=[pointer:/char, pointer:/int]	review	1	1
0057F6E0	STDcResourcC::CreateRes	local_lifetime	piVar8/mg2	pointer(pointer:/int) -> unknown	0057F7DA:t1505 call_return operand=-1 target=00404FD4	USE_SITE_OVERRIDE; direct=00404FD4; resolved=0057F2E0	retain neutral or current storage; require an exact per-use view	incompatible exact lifetime types=[pointer:/char, pointer:/int]	review	1	1
0057F6E0	STDcResourcC::CreateRes	local_lifetime	piVar8/mg3	pointer(pointer:/int) -> unknown	0057F802:t1546 call_return operand=-1 target=00404FD4	USE_SITE_OVERRIDE; direct=00404FD4; resolved=0057F2E0	retain neutral or current storage; require an exact per-use view	incompatible exact lifetime types=[pointer:/char, pointer:/int]	review	1	1
0057F6E0	STDcResourcC::CreateRes	local_lifetime	piVar8/mg4	pointer(pointer:/int) -> unknown	0057F990:t2007 call_return operand=-1 target=00401744	USE_SITE_OVERRIDE; direct=00401744; resolved=0057F3A0	retain neutral or current storage; require an exact per-use view	incompatible exact lifetime types=[pointer:/char, pointer:/int]	review	1	1
0057F6E0	STDcResourcC::CreateRes	local_lifetime	piVar8/mg5	pointer(pointer:/int) -> unknown	0057F9B8:t2048 call_return operand=-1 target=00401744	USE_SITE_OVERRIDE; direct=00401744; resolved=0057F3A0	retain neutral or current storage; require an exact per-use view	incompatible exact lifetime types=[pointer:/char, pointer:/int]	review	1	1
005805C0	STDcResourcC::sub_005805C0	local_lifetime	this_00/mg0	pointer(pointer:/undefined4) -> pointer(pointer:/STT3DSprC)	005805E6:t37 call_argument operand=0 target=00404183	ANALYSIS; direct=00404183; resolved=004AB880	retain neutral or current storage; require an exact per-use view	single undefined local lifetime; exact_type_votes=6; score=24; sources=[call_argument]; exact call-boundary type is proven, but no same-width transparent p-code path reattaches that argument to one persistent HighSymbol	review	1	1
005805C0	STDcResourcC::sub_005805C0	local_lifetime	this_00/mg0	pointer(pointer:/undefined4) -> pointer(pointer:/STT3DSprC)	00580606:t66 call_argument operand=0 target=00404183	ANALYSIS; direct=00404183; resolved=004AB880	retain neutral or current storage; require an exact per-use view	single undefined local lifetime; exact_type_votes=6; score=24; sources=[call_argument]; exact call-boundary type is proven, but no same-width transparent p-code path reattaches that argument to one persistent HighSymbol	review	1	1
005805C0	STDcResourcC::sub_005805C0	local_lifetime	this_00/mg0	pointer(pointer:/undefined4) -> pointer(pointer:/STT3DSprC)	00580624:t91 call_argument operand=0 target=00405240	ANALYSIS; direct=00405240; resolved=004AC1A0	retain neutral or current storage; require an exact per-use view	single undefined local lifetime; exact_type_votes=6; score=24; sources=[call_argument]; exact call-boundary type is proven, but no same-width transparent p-code path reattaches that argument to one persistent HighSymbol	review	1	1
005805C0	STDcResourcC::sub_005805C0	local_lifetime	this_00/mg0	pointer(pointer:/undefined4) -> pointer(pointer:/STT3DSprC)	00580673:t194 call_argument operand=0 target=004045D9	ANALYSIS; direct=004045D9; resolved=004AD3C0	retain neutral or current storage; require an exact per-use view	single undefined local lifetime; exact_type_votes=6; score=24; sources=[call_argument]; exact call-boundary type is proven, but no same-width transparent p-code path reattaches that argument to one persistent HighSymbol	review	1	1
005805C0	STDcResourcC::sub_005805C0	local_lifetime	this_00/mg0	pointer(pointer:/undefined4) -> pointer(pointer:/STT3DSprC)	00580690:t216 call_argument operand=0 target=00403AFD	ANALYSIS; direct=00403AFD; resolved=004ACF50	retain neutral or current storage; require an exact per-use view	single undefined local lifetime; exact_type_votes=6; score=24; sources=[call_argument]; exact call-boundary type is proven, but no same-width transparent p-code path reattaches that argument to one persistent HighSymbol	review	1	1
005805C0	STDcResourcC::sub_005805C0	local_lifetime	this_00/mg0	pointer(pointer:/undefined4) -> pointer(pointer:/STT3DSprC)	005806A6:t230 call_argument operand=0 target=00405240	ANALYSIS; direct=00405240; resolved=004AC1A0	retain neutral or current storage; require an exact per-use view	single undefined local lifetime; exact_type_votes=6; score=24; sources=[call_argument]; exact call-boundary type is proven, but no same-width transparent p-code path reattaches that argument to one persistent HighSymbol	review	1	1
00581BF0	STJellyManC::GetMessage	local_lifetime	local_10/mg0	pointer(pointer:/STJellyManC) -> unknown	00581C13:t4488 typed_copy operand=0 target=	DEFAULT	retain neutral or current storage; require an exact per-use view	incompatible exact lifetime types=[pointer:/STGameObjC, pointer:/STJellyManC]	review	1	1
005825C0	STJellyGunC::LifeGun	local_lifetime	puVar1/mg0	pointer(pointer:/undefined4) -> pointer(pointer:/STT3DSprC)	0058292C:t1753 call_argument operand=0 target=00404264	ANALYSIS; direct=00404264; resolved=004AC410	retain neutral or current storage; require an exact per-use view	separate decompiler merge group; exact_type_votes=10; score=40; sources=[call_argument]; exact call-boundary type is proven, but no same-width transparent p-code path reattaches that argument to one persistent HighSymbol	review	1	1
005825C0	STJellyGunC::LifeGun	local_lifetime	puVar1/mg0	pointer(pointer:/undefined4) -> pointer(pointer:/STT3DSprC)	00582935:t1760 call_argument operand=0 target=00404264	ANALYSIS; direct=00404264; resolved=004AC410	retain neutral or current storage; require an exact per-use view	separate decompiler merge group; exact_type_votes=10; score=40; sources=[call_argument]; exact call-boundary type is proven, but no same-width transparent p-code path reattaches that argument to one persistent HighSymbol	review	1	1
005825C0	STJellyGunC::LifeGun	local_lifetime	puVar1/mg0	pointer(pointer:/undefined4) -> pointer(pointer:/STT3DSprC)	00582DC0:t1170 call_argument operand=0 target=00405240	ANALYSIS; direct=00405240; resolved=004AC1A0	retain neutral or current storage; require an exact per-use view	separate decompiler merge group; exact_type_votes=10; score=40; sources=[call_argument]; exact call-boundary type is proven, but no same-width transparent p-code path reattaches that argument to one persistent HighSymbol	review	1	1
005825C0	STJellyGunC::LifeGun	local_lifetime	puVar1/mg0	pointer(pointer:/undefined4) -> pointer(pointer:/STT3DSprC)	00582DD2:t1184 call_argument operand=0 target=004022AC	ANALYSIS; direct=004022AC; resolved=004ACD30	retain neutral or current storage; require an exact per-use view	separate decompiler merge group; exact_type_votes=10; score=40; sources=[call_argument]; exact call-boundary type is proven, but no same-width transparent p-code path reattaches that argument to one persistent HighSymbol	review	1	1
005825C0	STJellyGunC::LifeGun	local_lifetime	puVar1/mg0	pointer(pointer:/undefined4) -> pointer(pointer:/STT3DSprC)	00582DE0:t1211 call_argument operand=0 target=00404264	ANALYSIS; direct=00404264; resolved=004AC410	retain neutral or current storage; require an exact per-use view	separate decompiler merge group; exact_type_votes=10; score=40; sources=[call_argument]; exact call-boundary type is proven, but no same-width transparent p-code path reattaches that argument to one persistent HighSymbol	review	1	1
005825C0	STJellyGunC::LifeGun	local_lifetime	puVar1/mg0	pointer(pointer:/undefined4) -> pointer(pointer:/STT3DSprC)	00582DE9:t1218 call_argument operand=0 target=004022AC	ANALYSIS; direct=004022AC; resolved=004ACD30	retain neutral or current storage; require an exact per-use view	separate decompiler merge group; exact_type_votes=10; score=40; sources=[call_argument]; exact call-boundary type is proven, but no same-width transparent p-code path reattaches that argument to one persistent HighSymbol	review	1	1
005825C0	STJellyGunC::LifeGun	local_lifetime	puVar1/mg0	pointer(pointer:/undefined4) -> pointer(pointer:/STT3DSprC)	00582DF7:t1245 call_argument operand=0 target=00404264	ANALYSIS; direct=00404264; resolved=004AC410	retain neutral or current storage; require an exact per-use view	separate decompiler merge group; exact_type_votes=10; score=40; sources=[call_argument]; exact call-boundary type is proven, but no same-width transparent p-code path reattaches that argument to one persistent HighSymbol	review	1	1
005825C0	STJellyGunC::LifeGun	local_lifetime	puVar1/mg0	pointer(pointer:/undefined4) -> pointer(pointer:/STT3DSprC)	00582E0A:t1266 call_argument operand=0 target=004022AC	ANALYSIS; direct=004022AC; resolved=004ACD30	retain neutral or current storage; require an exact per-use view	separate decompiler merge group; exact_type_votes=10; score=40; sources=[call_argument]; exact call-boundary type is proven, but no same-width transparent p-code path reattaches that argument to one persistent HighSymbol	review	1	1
005825C0	STJellyGunC::LifeGun	local_lifetime	puVar1/mg0	pointer(pointer:/undefined4) -> pointer(pointer:/STT3DSprC)	00582E23:t1301 call_argument operand=0 target=00404264	ANALYSIS; direct=00404264; resolved=004AC410	retain neutral or current storage; require an exact per-use view	separate decompiler merge group; exact_type_votes=10; score=40; sources=[call_argument]; exact call-boundary type is proven, but no same-width transparent p-code path reattaches that argument to one persistent HighSymbol	review	1	1
005825C0	STJellyGunC::LifeGun	local_lifetime	puVar1/mg0	pointer(pointer:/undefined4) -> pointer(pointer:/STT3DSprC)	00582E36:t1314 call_argument operand=0 target=004022AC	ANALYSIS; direct=004022AC; resolved=004ACD30	retain neutral or current storage; require an exact per-use view	separate decompiler merge group; exact_type_votes=10; score=40; sources=[call_argument]; exact call-boundary type is proven, but no same-width transparent p-code path reattaches that argument to one persistent HighSymbol	review	1	1
005825C0	STJellyGunC::LifeGun	local_lifetime	puVar1/mg1	pointer(pointer:/undefined4) -> pointer(pointer:/STT3DSprC)	00582755:t826 call_argument operand=0 target=00404264	ANALYSIS; direct=00404264; resolved=004AC410	retain neutral or current storage; require an exact per-use view	separate decompiler merge group; exact_type_votes=2; score=8; sources=[call_argument]; exact call-boundary type is proven, but no same-width transparent p-code path reattaches that argument to one persistent HighSymbol	review	1	1
005825C0	STJellyGunC::LifeGun	local_lifetime	puVar1/mg1	pointer(pointer:/undefined4) -> pointer(pointer:/STT3DSprC)	0058275E:t833 call_argument operand=0 target=00404264	ANALYSIS; direct=00404264; resolved=004AC410	retain neutral or current storage; require an exact per-use view	separate decompiler merge group; exact_type_votes=2; score=8; sources=[call_argument]; exact call-boundary type is proven, but no same-width transparent p-code path reattaches that argument to one persistent HighSymbol	review	1	1
005825C0	STJellyGunC::LifeGun	local_lifetime	puVar1/mg2	pointer(pointer:/undefined4) -> pointer(pointer:/STT3DSprC)	00582C37:t2328 call_argument operand=0 target=00404264	ANALYSIS; direct=00404264; resolved=004AC410	retain neutral or current storage; require an exact per-use view	separate decompiler merge group; exact_type_votes=2; score=8; sources=[call_argument]; exact call-boundary type is proven, but no same-width transparent p-code path reattaches that argument to one persistent HighSymbol	review	1	1
005825C0	STJellyGunC::LifeGun	local_lifetime	puVar1/mg2	pointer(pointer:/undefined4) -> pointer(pointer:/STT3DSprC)	00582C40:t2335 call_argument operand=0 target=00404264	ANALYSIS; direct=00404264; resolved=004AC410	retain neutral or current storage; require an exact per-use view	separate decompiler merge group; exact_type_votes=2; score=8; sources=[call_argument]; exact call-boundary type is proven, but no same-width transparent p-code path reattaches that argument to one persistent HighSymbol	review	1	1
005825C0	STJellyGunC::LifeGun	local_lifetime	puVar1/mg3	pointer(pointer:/undefined4) -> pointer(pointer:/STT3DSprC)	00582F83:t359 call_argument operand=0 target=00401064	ANALYSIS; direct=00401064; resolved=004ABE40	retain neutral or current storage; require an exact per-use view	separate decompiler merge group; exact_type_votes=5; score=20; sources=[call_argument]; exact call-boundary type is proven, but no same-width transparent p-code path reattaches that argument to one persistent HighSymbol	review	1	1
005825C0	STJellyGunC::LifeGun	local_lifetime	puVar1/mg3	pointer(pointer:/undefined4) -> pointer(pointer:/STT3DSprC)	00582F93:t372 call_argument operand=0 target=00401064	ANALYSIS; direct=00401064; resolved=004ABE40	retain neutral or current storage; require an exact per-use view	separate decompiler merge group; exact_type_votes=5; score=20; sources=[call_argument]; exact call-boundary type is proven, but no same-width transparent p-code path reattaches that argument to one persistent HighSymbol	review	1	1
005825C0	STJellyGunC::LifeGun	local_lifetime	puVar1/mg3	pointer(pointer:/undefined4) -> pointer(pointer:/STT3DSprC)	00582FA3:t385 call_argument operand=0 target=004052FE	ANALYSIS; direct=004052FE; resolved=004ABF00	retain neutral or current storage; require an exact per-use view	separate decompiler merge group; exact_type_votes=5; score=20; sources=[call_argument]; exact call-boundary type is proven, but no same-width transparent p-code path reattaches that argument to one persistent HighSymbol	review	1	1
005825C0	STJellyGunC::LifeGun	local_lifetime	puVar1/mg3	pointer(pointer:/undefined4) -> pointer(pointer:/STT3DSprC)	00582FAC:t392 call_argument operand=0 target=004030BC	ANALYSIS; direct=004030BC; resolved=004AC040	retain neutral or current storage; require an exact per-use view	separate decompiler merge group; exact_type_votes=5; score=20; sources=[call_argument]; exact call-boundary type is proven, but no same-width transparent p-code path reattaches that argument to one persistent HighSymbol	review	1	1
005825C0	STJellyGunC::LifeGun	local_lifetime	puVar1/mg3	pointer(pointer:/undefined4) -> pointer(pointer:/STT3DSprC)	00582FB5:t399 call_argument operand=0 target=004030BC	ANALYSIS; direct=004030BC; resolved=004AC040	retain neutral or current storage; require an exact per-use view	separate decompiler merge group; exact_type_votes=5; score=20; sources=[call_argument]; exact call-boundary type is proven, but no same-width transparent p-code path reattaches that argument to one persistent HighSymbol	review	1	1
005825C0	STJellyGunC::LifeGun	local_lifetime	uVar12/mg0	scalar(/uint) -> unknown	005825F7:t529 call_return operand=-1 target=004052CC	ANALYSIS; direct=004052CC; resolved=004AD650	retain neutral or current storage; require an exact per-use view	incompatible exact lifetime types=[/int, /uint]	review	1	1
005825C0	STJellyGunC::LifeGun	local_lifetime	uVar12/mg1	scalar(/uint) -> unknown	005825DE:t44 call_return operand=-1 target=004052CC	ANALYSIS; direct=004052CC; resolved=004AD650	retain neutral or current storage; require an exact per-use view	incompatible exact lifetime types=[/int, /uint]	review	1	1
00583270	STJellyGunC::GetMessage	local_lifetime	local_3c/mg0	pointer(pointer:/STJellyGunC) -> unknown	005832C0:t10073 typed_copy operand=0 target=	DEFAULT	retain neutral or current storage; require an exact per-use view	incompatible exact lifetime types=[pointer:/STAllPlayersC, pointer:/STJellyGunC, pointer:/STSprGameObjC]	review	1	1
00583270	STJellyGunC::GetMessage	local_lifetime	puVar11/mg0	pointer(pointer:/undefined4) -> pointer(pointer:/STT3DSprC)	00583AD5:t2721 call_argument operand=0 target=00404264	ANALYSIS; direct=00404264; resolved=004AC410	retain neutral or current storage; require an exact per-use view	separate decompiler merge group; exact_type_votes=3; score=12; sources=[call_argument]; exact call-boundary type is proven, but no same-width transparent p-code path reattaches that argument to one persistent HighSymbol	review	1	1
00583270	STJellyGunC::GetMessage	local_lifetime	puVar11/mg0	pointer(pointer:/undefined4) -> pointer(pointer:/STT3DSprC)	00583ADE:t2728 call_argument operand=0 target=00404264	ANALYSIS; direct=00404264; resolved=004AC410	retain neutral or current storage; require an exact per-use view	separate decompiler merge group; exact_type_votes=3; score=12; sources=[call_argument]; exact call-boundary type is proven, but no same-width transparent p-code path reattaches that argument to one persistent HighSymbol	review	1	1
00583270	STJellyGunC::GetMessage	local_lifetime	puVar11/mg0	pointer(pointer:/undefined4) -> pointer(pointer:/STT3DSprC)	00583AEC:t2736 call_argument operand=0 target=00403D0F	ANALYSIS; direct=00403D0F; resolved=004AD430	retain neutral or current storage; require an exact per-use view	separate decompiler merge group; exact_type_votes=3; score=12; sources=[call_argument]; exact call-boundary type is proven, but no same-width transparent p-code path reattaches that argument to one persistent HighSymbol	review	1	1
00583270	STJellyGunC::GetMessage	local_lifetime	puVar11/mg1	pointer(pointer:/undefined4) -> pointer(pointer:/STT3DSprC)	00583A2F:t2578 call_argument operand=0 target=00404264	ANALYSIS; direct=00404264; resolved=004AC410	retain neutral or current storage; require an exact per-use view	separate decompiler merge group; exact_type_votes=2; score=8; sources=[call_argument]; exact call-boundary type is proven, but no same-width transparent p-code path reattaches that argument to one persistent HighSymbol	review	1	1
00583270	STJellyGunC::GetMessage	local_lifetime	puVar11/mg1	pointer(pointer:/undefined4) -> pointer(pointer:/STT3DSprC)	00583A38:t2585 call_argument operand=0 target=00404264	ANALYSIS; direct=00404264; resolved=004AC410	retain neutral or current storage; require an exact per-use view	separate decompiler merge group; exact_type_votes=2; score=8; sources=[call_argument]; exact call-boundary type is proven, but no same-width transparent p-code path reattaches that argument to one persistent HighSymbol	review	1	1
00583270	STJellyGunC::GetMessage	local_lifetime	puVar11/mg4	pointer(pointer:/undefined4) -> pointer(pointer:/STT3DSprC)	00583631:t1279 call_argument operand=0 target=00404183	ANALYSIS; direct=00404183; resolved=004AB880	retain neutral or current storage; require an exact per-use view	separate decompiler merge group; exact_type_votes=5; score=20; sources=[call_argument]; exact call-boundary type is proven, but no same-width transparent p-code path reattaches that argument to one persistent HighSymbol	review	1	1
00583270	STJellyGunC::GetMessage	local_lifetime	puVar11/mg4	pointer(pointer:/undefined4) -> pointer(pointer:/STT3DSprC)	005836B0:t1446 call_argument operand=0 target=00404183	ANALYSIS; direct=00404183; resolved=004AB880	retain neutral or current storage; require an exact per-use view	separate decompiler merge group; exact_type_votes=5; score=20; sources=[call_argument]; exact call-boundary type is proven, but no same-width transparent p-code path reattaches that argument to one persistent HighSymbol	review	1	1
00583270	STJellyGunC::GetMessage	local_lifetime	puVar11/mg4	pointer(pointer:/undefined4) -> pointer(pointer:/STT3DSprC)	005836EB:t1493 call_argument operand=0 target=00405240	ANALYSIS; direct=00405240; resolved=004AC1A0	retain neutral or current storage; require an exact per-use view	separate decompiler merge group; exact_type_votes=5; score=20; sources=[call_argument]; exact call-boundary type is proven, but no same-width transparent p-code path reattaches that argument to one persistent HighSymbol	review	1	1
00583270	STJellyGunC::GetMessage	local_lifetime	puVar11/mg4	pointer(pointer:/undefined4) -> pointer(pointer:/STT3DSprC)	0058370A:t1514 call_argument operand=0 target=00405240	ANALYSIS; direct=00405240; resolved=004AC1A0	retain neutral or current storage; require an exact per-use view	separate decompiler merge group; exact_type_votes=5; score=20; sources=[call_argument]; exact call-boundary type is proven, but no same-width transparent p-code path reattaches that argument to one persistent HighSymbol	review	1	1
00583270	STJellyGunC::GetMessage	local_lifetime	puVar11/mg4	pointer(pointer:/undefined4) -> pointer(pointer:/STT3DSprC)	00583772:t1636 call_argument operand=0 target=004045D9	ANALYSIS; direct=004045D9; resolved=004AD3C0	retain neutral or current storage; require an exact per-use view	separate decompiler merge group; exact_type_votes=5; score=20; sources=[call_argument]; exact call-boundary type is proven, but no same-width transparent p-code path reattaches that argument to one persistent HighSymbol	review	1	1
00584060	STJellyGunC::sub_00584060	return_abi	EAX/x87 return	scalar(/undefined4) -> scalar(/bool)	all reachable callee return paths	all explicit return values are constants in {0,1}, but the source domain alone does not prove the x86 ABI return width; review STAbiConsistencyAnalyzer evidence: [1, 1, 0, 0, 0]	retain current machine-width return pending strict ABI proof	all explicit return values are constants in {0,1}, but the source domain alone does not prove the x86 ABI return width; review STAbiConsistencyAnalyzer evidence: [1, 1, 0, 0, 0]	review	1	1
00584380	STJellyGunC::sub_00584380	local_lifetime	this_00/mg0	pointer(pointer:/undefined4) -> pointer(pointer:/STT3DSprC)	0058439F:t37 call_argument operand=0 target=00404183	ANALYSIS; direct=00404183; resolved=004AB880	retain neutral or current storage; require an exact per-use view	single undefined local lifetime; exact_type_votes=9; score=36; sources=[call_argument]; exact call-boundary type is proven, but no same-width transparent p-code path reattaches that argument to one persistent HighSymbol	review	1	1
00584380	STJellyGunC::sub_00584380	local_lifetime	this_00/mg0	pointer(pointer:/undefined4) -> pointer(pointer:/STT3DSprC)	005843BD:t62 call_argument operand=0 target=00405240	ANALYSIS; direct=00405240; resolved=004AC1A0	retain neutral or current storage; require an exact per-use view	single undefined local lifetime; exact_type_votes=9; score=36; sources=[call_argument]; exact call-boundary type is proven, but no same-width transparent p-code path reattaches that argument to one persistent HighSymbol	review	1	1
00584380	STJellyGunC::sub_00584380	local_lifetime	this_00/mg0	pointer(pointer:/undefined4) -> pointer(pointer:/STT3DSprC)	005843D3:t79 call_argument operand=0 target=00404183	ANALYSIS; direct=00404183; resolved=004AB880	retain neutral or current storage; require an exact per-use view	single undefined local lifetime; exact_type_votes=9; score=36; sources=[call_argument]; exact call-boundary type is proven, but no same-width transparent p-code path reattaches that argument to one persistent HighSymbol	review	1	1
00584380	STJellyGunC::sub_00584380	local_lifetime	this_00/mg0	pointer(pointer:/undefined4) -> pointer(pointer:/STT3DSprC)	005843DC:t86 call_argument operand=0 target=00403233	ANALYSIS; direct=00403233; resolved=004ACFE0	retain neutral or current storage; require an exact per-use view	single undefined local lifetime; exact_type_votes=9; score=36; sources=[call_argument]; exact call-boundary type is proven, but no same-width transparent p-code path reattaches that argument to one persistent HighSymbol	review	1	1
00584380	STJellyGunC::sub_00584380	local_lifetime	this_00/mg0	pointer(pointer:/undefined4) -> pointer(pointer:/STT3DSprC)	005843EC:t97 call_argument operand=0 target=004044EE	ANALYSIS; direct=004044EE; resolved=004ACF20	retain neutral or current storage; require an exact per-use view	single undefined local lifetime; exact_type_votes=9; score=36; sources=[call_argument]; exact call-boundary type is proven, but no same-width transparent p-code path reattaches that argument to one persistent HighSymbol	review	1	1
00584380	STJellyGunC::sub_00584380	local_lifetime	this_00/mg0	pointer(pointer:/undefined4) -> pointer(pointer:/STT3DSprC)	00584402:t111 call_argument operand=0 target=00405240	ANALYSIS; direct=00405240; resolved=004AC1A0	retain neutral or current storage; require an exact per-use view	single undefined local lifetime; exact_type_votes=9; score=36; sources=[call_argument]; exact call-boundary type is proven, but no same-width transparent p-code path reattaches that argument to one persistent HighSymbol	review	1	1
00584380	STJellyGunC::sub_00584380	local_lifetime	this_00/mg0	pointer(pointer:/undefined4) -> pointer(pointer:/STT3DSprC)	00584422:t137 call_argument operand=0 target=00404183	ANALYSIS; direct=00404183; resolved=004AB880	retain neutral or current storage; require an exact per-use view	single undefined local lifetime; exact_type_votes=9; score=36; sources=[call_argument]; exact call-boundary type is proven, but no same-width transparent p-code path reattaches that argument to one persistent HighSymbol	review	1	1
00584380	STJellyGunC::sub_00584380	local_lifetime	this_00/mg0	pointer(pointer:/undefined4) -> pointer(pointer:/STT3DSprC)	0058442F:t155 call_argument operand=0 target=00402761	ANALYSIS; direct=00402761; resolved=004AD070	retain neutral or current storage; require an exact per-use view	single undefined local lifetime; exact_type_votes=9; score=36; sources=[call_argument]; exact call-boundary type is proven, but no same-width transparent p-code path reattaches that argument to one persistent HighSymbol	review	1	1
00584380	STJellyGunC::sub_00584380	local_lifetime	this_00/mg0	pointer(pointer:/undefined4) -> pointer(pointer:/STT3DSprC)	00584438:t162 call_argument operand=0 target=004022AC	ANALYSIS; direct=004022AC; resolved=004ACD30	retain neutral or current storage; require an exact per-use view	single undefined local lifetime; exact_type_votes=9; score=36; sources=[call_argument]; exact call-boundary type is proven, but no same-width transparent p-code path reattaches that argument to one persistent HighSymbol	review	1	1
00584B10	FUN_00584b10	local_lifetime	this/mg0	pointer(pointer:/undefined1) -> pointer(pointer:/STT3DSprC)	00584B1E:t15 call_argument operand=0 target=00404264	ANALYSIS; direct=00404264; resolved=004AC410	retain neutral or current storage; require an exact per-use view	single undefined local lifetime; exact_type_votes=10; score=40; sources=[call_argument]; exact call-boundary type is proven, but no same-width transparent p-code path reattaches that argument to one persistent HighSymbol	review	1	1
00584B10	FUN_00584b10	local_lifetime	this/mg0	pointer(pointer:/undefined1) -> pointer(pointer:/STT3DSprC)	00584B3B:t36 call_argument operand=0 target=00404183	ANALYSIS; direct=00404183; resolved=004AB880	retain neutral or current storage; require an exact per-use view	single undefined local lifetime; exact_type_votes=10; score=40; sources=[call_argument]; exact call-boundary type is proven, but no same-width transparent p-code path reattaches that argument to one persistent HighSymbol	review	1	1
00584B10	FUN_00584b10	local_lifetime	this/mg0	pointer(pointer:/undefined1) -> pointer(pointer:/STT3DSprC)	00584B52:t53 call_argument operand=0 target=00404183	ANALYSIS; direct=00404183; resolved=004AB880	retain neutral or current storage; require an exact per-use view	single undefined local lifetime; exact_type_votes=10; score=40; sources=[call_argument]; exact call-boundary type is proven, but no same-width transparent p-code path reattaches that argument to one persistent HighSymbol	review	1	1
00584B10	FUN_00584b10	local_lifetime	this/mg0	pointer(pointer:/undefined1) -> pointer(pointer:/STT3DSprC)	00584B74:t82 call_argument operand=0 target=00403233	ANALYSIS; direct=00403233; resolved=004ACFE0	retain neutral or current storage; require an exact per-use view	single undefined local lifetime; exact_type_votes=10; score=40; sources=[call_argument]; exact call-boundary type is proven, but no same-width transparent p-code path reattaches that argument to one persistent HighSymbol	review	1	1
00584B10	FUN_00584b10	local_lifetime	this/mg0	pointer(pointer:/undefined1) -> pointer(pointer:/STT3DSprC)	00584B84:t93 call_argument operand=0 target=004044EE	ANALYSIS; direct=004044EE; resolved=004ACF20	retain neutral or current storage; require an exact per-use view	single undefined local lifetime; exact_type_votes=10; score=40; sources=[call_argument]; exact call-boundary type is proven, but no same-width transparent p-code path reattaches that argument to one persistent HighSymbol	review	1	1
00584B10	FUN_00584b10	local_lifetime	this/mg0	pointer(pointer:/undefined1) -> pointer(pointer:/STT3DSprC)	00584B99:t107 call_argument operand=0 target=00405240	ANALYSIS; direct=00405240; resolved=004AC1A0	retain neutral or current storage; require an exact per-use view	single undefined local lifetime; exact_type_votes=10; score=40; sources=[call_argument]; exact call-boundary type is proven, but no same-width transparent p-code path reattaches that argument to one persistent HighSymbol	review	1	1
00584B10	FUN_00584b10	local_lifetime	this/mg0	pointer(pointer:/undefined1) -> pointer(pointer:/STT3DSprC)	00584BAF:t121 call_argument operand=0 target=00405240	ANALYSIS; direct=00405240; resolved=004AC1A0	retain neutral or current storage; require an exact per-use view	single undefined local lifetime; exact_type_votes=10; score=40; sources=[call_argument]; exact call-boundary type is proven, but no same-width transparent p-code path reattaches that argument to one persistent HighSymbol	review	1	1
00584B10	FUN_00584b10	local_lifetime	this/mg0	pointer(pointer:/undefined1) -> pointer(pointer:/STT3DSprC)	00584BCF:t147 call_argument operand=0 target=00404183	ANALYSIS; direct=00404183; resolved=004AB880	retain neutral or current storage; require an exact per-use view	single undefined local lifetime; exact_type_votes=10; score=40; sources=[call_argument]; exact call-boundary type is proven, but no same-width transparent p-code path reattaches that argument to one persistent HighSymbol	review	1	1
00584B10	FUN_00584b10	local_lifetime	this/mg0	pointer(pointer:/undefined1) -> pointer(pointer:/STT3DSprC)	00584BDC:t165 call_argument operand=0 target=00402761	ANALYSIS; direct=00402761; resolved=004AD070	retain neutral or current storage; require an exact per-use view	single undefined local lifetime; exact_type_votes=10; score=40; sources=[call_argument]; exact call-boundary type is proven, but no same-width transparent p-code path reattaches that argument to one persistent HighSymbol	review	1	1
00584B10	FUN_00584b10	local_lifetime	this/mg0	pointer(pointer:/undefined1) -> pointer(pointer:/STT3DSprC)	00584BE5:t172 call_argument operand=0 target=004022AC	ANALYSIS; direct=004022AC; resolved=004ACD30	retain neutral or current storage; require an exact per-use view	single undefined local lifetime; exact_type_votes=10; score=40; sources=[call_argument]; exact call-boundary type is proven, but no same-width transparent p-code path reattaches that argument to one persistent HighSymbol	review	1	1
00585020	FUN_00585020	local_lifetime	this/mg0	pointer(pointer:/undefined1) -> pointer(pointer:/STT3DSprC)	00585231:t742 call_argument operand=0 target=00405240	ANALYSIS; direct=00405240; resolved=004AC1A0	retain neutral or current storage; require an exact per-use view	single undefined local lifetime; exact_type_votes=12; score=48; sources=[call_argument]; exact call-boundary type is proven, but no same-width transparent p-code path reattaches that argument to one persistent HighSymbol	review	1	1
00585020	FUN_00585020	local_lifetime	this/mg0	pointer(pointer:/undefined1) -> pointer(pointer:/STT3DSprC)	00585243:t756 call_argument operand=0 target=004022AC	ANALYSIS; direct=004022AC; resolved=004ACD30	retain neutral or current storage; require an exact per-use view	single undefined local lifetime; exact_type_votes=12; score=48; sources=[call_argument]; exact call-boundary type is proven, but no same-width transparent p-code path reattaches that argument to one persistent HighSymbol	review	1	1
00585020	FUN_00585020	local_lifetime	this/mg0	pointer(pointer:/undefined1) -> pointer(pointer:/STT3DSprC)	00585251:t783 call_argument operand=0 target=00404264	ANALYSIS; direct=00404264; resolved=004AC410	retain neutral or current storage; require an exact per-use view	single undefined local lifetime; exact_type_votes=12; score=48; sources=[call_argument]; exact call-boundary type is proven, but no same-width transparent p-code path reattaches that argument to one persistent HighSymbol	review	1	1
00585020	FUN_00585020	local_lifetime	this/mg0	pointer(pointer:/undefined1) -> pointer(pointer:/STT3DSprC)	0058525A:t790 call_argument operand=0 target=004022AC	ANALYSIS; direct=004022AC; resolved=004ACD30	retain neutral or current storage; require an exact per-use view	single undefined local lifetime; exact_type_votes=12; score=48; sources=[call_argument]; exact call-boundary type is proven, but no same-width transparent p-code path reattaches that argument to one persistent HighSymbol	review	1	1
00585020	FUN_00585020	local_lifetime	this/mg0	pointer(pointer:/undefined1) -> pointer(pointer:/STT3DSprC)	00585268:t817 call_argument operand=0 target=00404264	ANALYSIS; direct=00404264; resolved=004AC410	retain neutral or current storage; require an exact per-use view	single undefined local lifetime; exact_type_votes=12; score=48; sources=[call_argument]; exact call-boundary type is proven, but no same-width transparent p-code path reattaches that argument to one persistent HighSymbol	review	1	1
00585020	FUN_00585020	local_lifetime	this/mg0	pointer(pointer:/undefined1) -> pointer(pointer:/STT3DSprC)	0058527B:t838 call_argument operand=0 target=004022AC	ANALYSIS; direct=004022AC; resolved=004ACD30	retain neutral or current storage; require an exact per-use view	single undefined local lifetime; exact_type_votes=12; score=48; sources=[call_argument]; exact call-boundary type is proven, but no same-width transparent p-code path reattaches that argument to one persistent HighSymbol	review	1	1
00585020	FUN_00585020	local_lifetime	this/mg0	pointer(pointer:/undefined1) -> pointer(pointer:/STT3DSprC)	00585294:t873 call_argument operand=0 target=00404264	ANALYSIS; direct=00404264; resolved=004AC410	retain neutral or current storage; require an exact per-use view	single undefined local lifetime; exact_type_votes=12; score=48; sources=[call_argument]; exact call-boundary type is proven, but no same-width transparent p-code path reattaches that argument to one persistent HighSymbol	review	1	1
00585020	FUN_00585020	local_lifetime	this/mg0	pointer(pointer:/undefined1) -> pointer(pointer:/STT3DSprC)	005852A7:t886 call_argument operand=0 target=004022AC	ANALYSIS; direct=004022AC; resolved=004ACD30	retain neutral or current storage; require an exact per-use view	single undefined local lifetime; exact_type_votes=12; score=48; sources=[call_argument]; exact call-boundary type is proven, but no same-width transparent p-code path reattaches that argument to one persistent HighSymbol	review	1	1
00585020	FUN_00585020	local_lifetime	this/mg0	pointer(pointer:/undefined1) -> pointer(pointer:/STT3DSprC)	0058533D:t1126 call_argument operand=0 target=0040116D	ANALYSIS; direct=0040116D; resolved=004ACE30	retain neutral or current storage; require an exact per-use view	single undefined local lifetime; exact_type_votes=12; score=48; sources=[call_argument]; exact call-boundary type is proven, but no same-width transparent p-code path reattaches that argument to one persistent HighSymbol	review	1	1
00585020	FUN_00585020	local_lifetime	this/mg0	pointer(pointer:/undefined1) -> pointer(pointer:/STT3DSprC)	00585354:t1429 call_argument operand=0 target=0040116D	ANALYSIS; direct=0040116D; resolved=004ACE30	retain neutral or current storage; require an exact per-use view	single undefined local lifetime; exact_type_votes=12; score=48; sources=[call_argument]; exact call-boundary type is proven, but no same-width transparent p-code path reattaches that argument to one persistent HighSymbol	review	1	1
00585020	FUN_00585020	local_lifetime	this/mg0	pointer(pointer:/undefined1) -> pointer(pointer:/STT3DSprC)	00585572:t1924 call_argument operand=0 target=0040116D	ANALYSIS; direct=0040116D; resolved=004ACE30	retain neutral or current storage; require an exact per-use view	single undefined local lifetime; exact_type_votes=12; score=48; sources=[call_argument]; exact call-boundary type is proven, but no same-width transparent p-code path reattaches that argument to one persistent HighSymbol	review	1	1
00585020	FUN_00585020	local_lifetime	this/mg0	pointer(pointer:/undefined1) -> pointer(pointer:/STT3DSprC)	0058558E:t1946 call_argument operand=0 target=0040116D	ANALYSIS; direct=0040116D; resolved=004ACE30	retain neutral or current storage; require an exact per-use view	single undefined local lifetime; exact_type_votes=12; score=48; sources=[call_argument]; exact call-boundary type is proven, but no same-width transparent p-code path reattaches that argument to one persistent HighSymbol	review	1	1
00585020	FUN_00585020	local_lifetime	uVar5/mg0	scalar(/uint) -> unknown	00585103:t2766 call_return operand=-1 target=004052CC	ANALYSIS; direct=004052CC; resolved=004AD650	retain neutral or current storage; require an exact per-use view	incompatible exact lifetime types=[/int, /uint]	review	1	1
00585020	FUN_00585020	local_lifetime	uVar5/mg1	scalar(/uint) -> unknown	005850EA:t336 call_return operand=-1 target=004052CC	ANALYSIS; direct=004052CC; resolved=004AD650	retain neutral or current storage; require an exact per-use view	incompatible exact lifetime types=[/int, /uint]	review	1	1
005859A0	STLBombC::GetMessage	local_lifetime	local_1c/mg0	pointer(pointer:/STLBombC) -> unknown	005859E7:t5172 typed_copy operand=0 target=	DEFAULT	retain neutral or current storage; require an exact per-use view	incompatible exact lifetime types=[pointer:/STAllPlayersC, pointer:/STLBombC, pointer:/STSprGameObjC]	review	1	1
00586AF0	FUN_00586af0	local_lifetime	uVar9/mg0	scalar(/uint) -> unknown	00586BDA:t12065 call_return operand=-1 target=004052CC	ANALYSIS; direct=004052CC; resolved=004AD650	retain neutral or current storage; require an exact per-use view	incompatible exact lifetime types=[/int, /uint]	review	1	1
00586AF0	FUN_00586af0	local_lifetime	uVar9/mg1	scalar(/uint) -> unknown	00586BC1:t339 call_return operand=-1 target=004052CC	ANALYSIS; direct=004052CC; resolved=004AD650	retain neutral or current storage; require an exact per-use view	incompatible exact lifetime types=[/int, /uint]	review	1	1
00588BC0	STMBombC::GetMessage	local_lifetime	local_44/mg0	pointer(pointer:/STMBombC) -> unknown	00588C15:t9167 typed_copy operand=0 target=	DEFAULT	retain neutral or current storage; require an exact per-use view	incompatible exact lifetime types=[pointer:/STAllPlayersC, pointer:/STMBombC, pointer:/STSprGameObjC]	review	1	1
00589740	FUN_00589740	local_lifetime	this/mg0	pointer(pointer:/undefined1) -> pointer(pointer:/STT3DSprC)	0058975F:t37 call_argument operand=0 target=00404183	ANALYSIS; direct=00404183; resolved=004AB880	retain neutral or current storage; require an exact per-use view	single undefined local lifetime; exact_type_votes=9; score=36; sources=[call_argument]; exact call-boundary type is proven, but no same-width transparent p-code path reattaches that argument to one persistent HighSymbol	review	1	1
00589740	FUN_00589740	local_lifetime	this/mg0	pointer(pointer:/undefined1) -> pointer(pointer:/STT3DSprC)	0058977D:t62 call_argument operand=0 target=00405240	ANALYSIS; direct=00405240; resolved=004AC1A0	retain neutral or current storage; require an exact per-use view	single undefined local lifetime; exact_type_votes=9; score=36; sources=[call_argument]; exact call-boundary type is proven, but no same-width transparent p-code path reattaches that argument to one persistent HighSymbol	review	1	1
00589740	FUN_00589740	local_lifetime	this/mg0	pointer(pointer:/undefined1) -> pointer(pointer:/STT3DSprC)	00589793:t79 call_argument operand=0 target=00404183	ANALYSIS; direct=00404183; resolved=004AB880	retain neutral or current storage; require an exact per-use view	single undefined local lifetime; exact_type_votes=9; score=36; sources=[call_argument]; exact call-boundary type is proven, but no same-width transparent p-code path reattaches that argument to one persistent HighSymbol	review	1	1
00589740	FUN_00589740	local_lifetime	this/mg0	pointer(pointer:/undefined1) -> pointer(pointer:/STT3DSprC)	0058979C:t86 call_argument operand=0 target=00403233	ANALYSIS; direct=00403233; resolved=004ACFE0	retain neutral or current storage; require an exact per-use view	single undefined local lifetime; exact_type_votes=9; score=36; sources=[call_argument]; exact call-boundary type is proven, but no same-width transparent p-code path reattaches that argument to one persistent HighSymbol	review	1	1
00589740	FUN_00589740	local_lifetime	this/mg0	pointer(pointer:/undefined1) -> pointer(pointer:/STT3DSprC)	005897AC:t97 call_argument operand=0 target=004044EE	ANALYSIS; direct=004044EE; resolved=004ACF20	retain neutral or current storage; require an exact per-use view	single undefined local lifetime; exact_type_votes=9; score=36; sources=[call_argument]; exact call-boundary type is proven, but no same-width transparent p-code path reattaches that argument to one persistent HighSymbol	review	1	1
00589740	FUN_00589740	local_lifetime	this/mg0	pointer(pointer:/undefined1) -> pointer(pointer:/STT3DSprC)	005897C2:t111 call_argument operand=0 target=00405240	ANALYSIS; direct=00405240; resolved=004AC1A0	retain neutral or current storage; require an exact per-use view	single undefined local lifetime; exact_type_votes=9; score=36; sources=[call_argument]; exact call-boundary type is proven, but no same-width transparent p-code path reattaches that argument to one persistent HighSymbol	review	1	1
00589740	FUN_00589740	local_lifetime	this/mg0	pointer(pointer:/undefined1) -> pointer(pointer:/STT3DSprC)	005897E2:t137 call_argument operand=0 target=00404183	ANALYSIS; direct=00404183; resolved=004AB880	retain neutral or current storage; require an exact per-use view	single undefined local lifetime; exact_type_votes=9; score=36; sources=[call_argument]; exact call-boundary type is proven, but no same-width transparent p-code path reattaches that argument to one persistent HighSymbol	review	1	1
00589740	FUN_00589740	local_lifetime	this/mg0	pointer(pointer:/undefined1) -> pointer(pointer:/STT3DSprC)	005897EF:t155 call_argument operand=0 target=00402761	ANALYSIS; direct=00402761; resolved=004AD070	retain neutral or current storage; require an exact per-use view	single undefined local lifetime; exact_type_votes=9; score=36; sources=[call_argument]; exact call-boundary type is proven, but no same-width transparent p-code path reattaches that argument to one persistent HighSymbol	review	1	1
00589740	FUN_00589740	local_lifetime	this/mg0	pointer(pointer:/undefined1) -> pointer(pointer:/STT3DSprC)	005897F8:t162 call_argument operand=0 target=004022AC	ANALYSIS; direct=004022AC; resolved=004ACD30	retain neutral or current storage; require an exact per-use view	single undefined local lifetime; exact_type_votes=9; score=36; sources=[call_argument]; exact call-boundary type is proven, but no same-width transparent p-code path reattaches that argument to one persistent HighSymbol	review	1	1
00589C10	STOctopusC::GetMessage	local_lifetime	local_28/mg0	pointer(pointer:/STOctopusC) -> unknown	00589C3D:t10268 typed_copy operand=0 target=	DEFAULT	retain neutral or current storage; require an exact per-use view	incompatible exact lifetime types=[pointer:/STAllPlayersC, pointer:/STOctopusC, pointer:/STSprGameObjC]	review	1	1
00589C10	STOctopusC::GetMessage	local_lifetime	puVar7/mg0	pointer(pointer:/undefined4) -> pointer(pointer:/STT3DSprC)	0058A5BB:t2790 call_argument operand=0 target=00402761	ANALYSIS; direct=00402761; resolved=004AD070	retain neutral or current storage; require an exact per-use view	separate decompiler merge group; exact_type_votes=2; score=8; sources=[call_argument]; exact call-boundary type is proven, but no same-width transparent p-code path reattaches that argument to one persistent HighSymbol	review	1	1
00589C10	STOctopusC::GetMessage	local_lifetime	puVar7/mg0	pointer(pointer:/undefined4) -> pointer(pointer:/STT3DSprC)	0058A5C4:t2797 call_argument operand=0 target=00402761	ANALYSIS; direct=00402761; resolved=004AD070	retain neutral or current storage; require an exact per-use view	separate decompiler merge group; exact_type_votes=2; score=8; sources=[call_argument]; exact call-boundary type is proven, but no same-width transparent p-code path reattaches that argument to one persistent HighSymbol	review	1	1
00589C10	STOctopusC::GetMessage	local_lifetime	uVar6/mg0	scalar(/uint) -> unknown	0058A549:t2664 call_return operand=-1 target=004052CC	ANALYSIS; direct=004052CC; resolved=004AD650	retain neutral or current storage; require an exact per-use view	incompatible exact lifetime types=[/int, /uint]	review	1	1
0058A9E0	FUN_0058a9e0	local_lifetime	puVar1/mg1	pointer(pointer:/undefined1) -> pointer(pointer:/STT3DSprC)	0058AE17:t1350 call_argument operand=0 target=00401064	ANALYSIS; direct=00401064; resolved=004ABE40	retain neutral or current storage; require an exact per-use view	separate decompiler merge group; exact_type_votes=3; score=12; sources=[call_argument]; exact call-boundary type is proven, but no same-width transparent p-code path reattaches that argument to one persistent HighSymbol	review	1	1
0058A9E0	FUN_0058a9e0	local_lifetime	puVar1/mg1	pointer(pointer:/undefined1) -> pointer(pointer:/STT3DSprC)	0058AE21:t1360 call_argument operand=0 target=004052FE	ANALYSIS; direct=004052FE; resolved=004ABF00	retain neutral or current storage; require an exact per-use view	separate decompiler merge group; exact_type_votes=3; score=12; sources=[call_argument]; exact call-boundary type is proven, but no same-width transparent p-code path reattaches that argument to one persistent HighSymbol	review	1	1
0058A9E0	FUN_0058a9e0	local_lifetime	puVar1/mg1	pointer(pointer:/undefined1) -> pointer(pointer:/STT3DSprC)	0058AE2A:t1367 call_argument operand=0 target=004030BC	ANALYSIS; direct=004030BC; resolved=004AC040	retain neutral or current storage; require an exact per-use view	separate decompiler merge group; exact_type_votes=3; score=12; sources=[call_argument]; exact call-boundary type is proven, but no same-width transparent p-code path reattaches that argument to one persistent HighSymbol	review	1	1
0058A9E0	FUN_0058a9e0	local_lifetime	uVar4/mg0	scalar(/uint) -> unknown	0058AAC3:t1776 call_return operand=-1 target=004052CC	ANALYSIS; direct=004052CC; resolved=004AD650	retain neutral or current storage; require an exact per-use view	incompatible exact lifetime types=[/int, /uint]	review	1	1
0058A9E0	FUN_0058a9e0	local_lifetime	uVar4/mg1	scalar(/uint) -> unknown	0058AAAA:t336 call_return operand=-1 target=004052CC	ANALYSIS; direct=004052CC; resolved=004AD650	retain neutral or current storage; require an exact per-use view	incompatible exact lifetime types=[/int, /uint]	review	1	1
0058BD90	FUN_0058bd90	local_lifetime	puVar1/mg1	pointer(pointer:/undefined1) -> pointer(pointer:/STT3DSprC)	0058C140:t1709 call_argument operand=0 target=00401064	ANALYSIS; direct=00401064; resolved=004ABE40	retain neutral or current storage; require an exact per-use view	separate decompiler merge group; exact_type_votes=2; score=8; sources=[call_argument]; exact call-boundary type is proven, but no same-width transparent p-code path reattaches that argument to one persistent HighSymbol	review	1	1
0058BD90	FUN_0058bd90	local_lifetime	puVar1/mg1	pointer(pointer:/undefined1) -> pointer(pointer:/STT3DSprC)	0058C14D:t2396 call_argument operand=0 target=00401064	ANALYSIS; direct=00401064; resolved=004ABE40	retain neutral or current storage; require an exact per-use view	separate decompiler merge group; exact_type_votes=2; score=8; sources=[call_argument]; exact call-boundary type is proven, but no same-width transparent p-code path reattaches that argument to one persistent HighSymbol	review	1	1
0058BD90	FUN_0058bd90	local_lifetime	puVar1/mg2	pointer(pointer:/undefined1) -> pointer(pointer:/STT3DSprC)	0058C01A:t1193 call_argument operand=0 target=00404264	ANALYSIS; direct=00404264; resolved=004AC410	retain neutral or current storage; require an exact per-use view	separate decompiler merge group; exact_type_votes=3; score=12; sources=[call_argument]; exact call-boundary type is proven, but no same-width transparent p-code path reattaches that argument to one persistent HighSymbol	review	1	1
0058BD90	FUN_0058bd90	local_lifetime	puVar1/mg2	pointer(pointer:/undefined1) -> pointer(pointer:/STT3DSprC)	0058C038:t1214 call_argument operand=0 target=00404183	ANALYSIS; direct=00404183; resolved=004AB880	retain neutral or current storage; require an exact per-use view	separate decompiler merge group; exact_type_votes=3; score=12; sources=[call_argument]; exact call-boundary type is proven, but no same-width transparent p-code path reattaches that argument to one persistent HighSymbol	review	1	1
0058BD90	FUN_0058bd90	local_lifetime	puVar1/mg2	pointer(pointer:/undefined1) -> pointer(pointer:/STT3DSprC)	0058C04D:t1228 call_argument operand=0 target=00405240	ANALYSIS; direct=00405240; resolved=004AC1A0	retain neutral or current storage; require an exact per-use view	separate decompiler merge group; exact_type_votes=3; score=12; sources=[call_argument]; exact call-boundary type is proven, but no same-width transparent p-code path reattaches that argument to one persistent HighSymbol	review	1	1
0058BD90	FUN_0058bd90	local_lifetime	uVar4/mg0	scalar(/uint) -> unknown	0058BE85:t436 call_return operand=-1 target=004052CC	ANALYSIS; direct=004052CC; resolved=004AD650	retain neutral or current storage; require an exact per-use view	incompatible exact lifetime types=[/int, /uint]	review	1	1
0058BD90	FUN_0058bd90	local_lifetime	uVar4/mg1	scalar(/uint) -> unknown	0058BE6C:t346 call_return operand=-1 target=004052CC	ANALYSIS; direct=004052CC; resolved=004AD650	retain neutral or current storage; require an exact per-use view	incompatible exact lifetime types=[/int, /uint]	review	1	1
0058C760	STSatC::GetMessage	local_lifetime	local_1c/mg0	pointer(pointer:/STSatC) -> unknown	0058C7A7:t5876 typed_copy operand=0 target=	DEFAULT	retain neutral or current storage; require an exact per-use view	incompatible exact lifetime types=[pointer:/STAllPlayersC, pointer:/STSatC, pointer:/STSprGameObjC]	review	1	1
0058C760	STSatC::GetMessage	local_lifetime	puVar11/mg2	pointer(pointer:/undefined4) -> pointer(pointer:/STT3DSprC)	0058C9CD:t1095 call_argument operand=0 target=00404183	ANALYSIS; direct=00404183; resolved=004AB880	retain neutral or current storage; require an exact per-use view	separate decompiler merge group; exact_type_votes=3; score=12; sources=[call_argument]; exact call-boundary type is proven, but no same-width transparent p-code path reattaches that argument to one persistent HighSymbol	review	1	1
0058C760	STSatC::GetMessage	local_lifetime	puVar11/mg2	pointer(pointer:/undefined4) -> pointer(pointer:/STT3DSprC)	0058CA08:t1142 call_argument operand=0 target=00405240	ANALYSIS; direct=00405240; resolved=004AC1A0	retain neutral or current storage; require an exact per-use view	separate decompiler merge group; exact_type_votes=3; score=12; sources=[call_argument]; exact call-boundary type is proven, but no same-width transparent p-code path reattaches that argument to one persistent HighSymbol	review	1	1
0058C760	STSatC::GetMessage	local_lifetime	puVar11/mg2	pointer(pointer:/undefined4) -> pointer(pointer:/STT3DSprC)	0058CAB8:t1356 call_argument operand=0 target=00401064	ANALYSIS; direct=00401064; resolved=004ABE40	retain neutral or current storage; require an exact per-use view	separate decompiler merge group; exact_type_votes=3; score=12; sources=[call_argument]; exact call-boundary type is proven, but no same-width transparent p-code path reattaches that argument to one persistent HighSymbol	review	1	1
0058D080	FUN_0058d080	return_abi	EAX/x87 return	scalar(/undefined4) -> scalar(/bool)	all reachable callee return paths	all explicit return values are constants in {0,1}, but the source domain alone does not prove the x86 ABI return width; review STAbiConsistencyAnalyzer evidence: [1, 0]	retain current machine-width return pending strict ABI proof	all explicit return values are constants in {0,1}, but the source domain alone does not prove the x86 ABI return width; review STAbiConsistencyAnalyzer evidence: [1, 0]	review	1	1
0058D160	FUN_0058d160	return_abi	EAX/x87 return	scalar(/undefined4) -> scalar(/bool)	all reachable callee return paths	all explicit return values are constants in {0,1}, but the source domain alone does not prove the x86 ABI return width; review STAbiConsistencyAnalyzer evidence: [0, 1]	retain current machine-width return pending strict ABI proof	all explicit return values are constants in {0,1}, but the source domain alone does not prove the x86 ABI return width; review STAbiConsistencyAnalyzer evidence: [0, 1]	review	1	1
0058D7C0	STSharkC::GetMessage	local_lifetime	local_20/mg0	pointer(pointer:/STSharkC) -> unknown	0058D804:t11240 typed_copy operand=0 target=	DEFAULT	retain neutral or current storage; require an exact per-use view	incompatible exact lifetime types=[pointer:/STAllPlayersC, pointer:/STSharkC, pointer:/STSprGameObjC]	review	1	1
0058D7C0	STSharkC::GetMessage	local_lifetime	puVar7/mg0	pointer(pointer:/undefined4) -> pointer(pointer:/STT3DSprC)	0058DEE0:t2015 call_argument operand=0 target=00404264	ANALYSIS; direct=00404264; resolved=004AC410	retain neutral or current storage; require an exact per-use view	separate decompiler merge group; exact_type_votes=3; score=12; sources=[call_argument]; exact call-boundary type is proven, but no same-width transparent p-code path reattaches that argument to one persistent HighSymbol	review	1	1
0058D7C0	STSharkC::GetMessage	local_lifetime	puVar7/mg0	pointer(pointer:/undefined4) -> pointer(pointer:/STT3DSprC)	0058DEFE:t2036 call_argument operand=0 target=00404183	ANALYSIS; direct=00404183; resolved=004AB880	retain neutral or current storage; require an exact per-use view	separate decompiler merge group; exact_type_votes=3; score=12; sources=[call_argument]; exact call-boundary type is proven, but no same-width transparent p-code path reattaches that argument to one persistent HighSymbol	review	1	1
0058D7C0	STSharkC::GetMessage	local_lifetime	puVar7/mg0	pointer(pointer:/undefined4) -> pointer(pointer:/STT3DSprC)	0058DF13:t2050 call_argument operand=0 target=00405240	ANALYSIS; direct=00405240; resolved=004AC1A0	retain neutral or current storage; require an exact per-use view	separate decompiler merge group; exact_type_votes=3; score=12; sources=[call_argument]; exact call-boundary type is proven, but no same-width transparent p-code path reattaches that argument to one persistent HighSymbol	review	1	1
0058D7C0	STSharkC::GetMessage	local_lifetime	puVar7/mg3	pointer(pointer:/undefined4) -> pointer(pointer:/STT3DSprC)	0058DAA9:t827 call_argument operand=0 target=00404183	ANALYSIS; direct=00404183; resolved=004AB880	retain neutral or current storage; require an exact per-use view	separate decompiler merge group; exact_type_votes=4; score=16; sources=[call_argument]; exact call-boundary type is proven, but no same-width transparent p-code path reattaches that argument to one persistent HighSymbol	review	1	1
0058D7C0	STSharkC::GetMessage	local_lifetime	puVar7/mg3	pointer(pointer:/undefined4) -> pointer(pointer:/STT3DSprC)	0058DAE2:t874 call_argument operand=0 target=00405240	ANALYSIS; direct=00405240; resolved=004AC1A0	retain neutral or current storage; require an exact per-use view	separate decompiler merge group; exact_type_votes=4; score=16; sources=[call_argument]; exact call-boundary type is proven, but no same-width transparent p-code path reattaches that argument to one persistent HighSymbol	review	1	1
0058D7C0	STSharkC::GetMessage	local_lifetime	puVar7/mg3	pointer(pointer:/undefined4) -> pointer(pointer:/STT3DSprC)	0058DB39:t1000 call_argument operand=0 target=004045D9	ANALYSIS; direct=004045D9; resolved=004AD3C0	retain neutral or current storage; require an exact per-use view	separate decompiler merge group; exact_type_votes=4; score=16; sources=[call_argument]; exact call-boundary type is proven, but no same-width transparent p-code path reattaches that argument to one persistent HighSymbol	review	1	1
0058D7C0	STSharkC::GetMessage	local_lifetime	puVar7/mg3	pointer(pointer:/undefined4) -> pointer(pointer:/STT3DSprC)	0058DC2E:t1225 call_argument operand=0 target=004045D9	ANALYSIS; direct=004045D9; resolved=004AD3C0	retain neutral or current storage; require an exact per-use view	separate decompiler merge group; exact_type_votes=4; score=16; sources=[call_argument]; exact call-boundary type is proven, but no same-width transparent p-code path reattaches that argument to one persistent HighSymbol	review	1	1
0058D7C0	STSharkC::GetMessage	local_lifetime	uVar5/mg0	scalar(/uint) -> unknown	0058E0E8:t2214 call_return operand=-1 target=004052CC	ANALYSIS; direct=004052CC; resolved=004AD650	retain neutral or current storage; require an exact per-use view	incompatible exact lifetime types=[/int, /uint]	review	1	1
0058E570	STSharkC::LifeShark	local_lifetime	this_00/mg0	pointer(pointer:/undefined4) -> pointer(pointer:/STT3DSprC)	0058E60D:t114 call_argument operand=0 target=0040116D	ANALYSIS; direct=0040116D; resolved=004ACE30	retain neutral or current storage; require an exact per-use view	single undefined local lifetime; exact_type_votes=9; score=36; sources=[call_argument]; exact call-boundary type is proven, but no same-width transparent p-code path reattaches that argument to one persistent HighSymbol	review	1	1
0058E570	STSharkC::LifeShark	local_lifetime	this_00/mg0	pointer(pointer:/undefined4) -> pointer(pointer:/STT3DSprC)	0058E688:t919 call_argument operand=0 target=004022AC	ANALYSIS; direct=004022AC; resolved=004ACD30	retain neutral or current storage; require an exact per-use view	single undefined local lifetime; exact_type_votes=9; score=36; sources=[call_argument]; exact call-boundary type is proven, but no same-width transparent p-code path reattaches that argument to one persistent HighSymbol	review	1	1
0058E570	STSharkC::LifeShark	local_lifetime	this_00/mg0	pointer(pointer:/undefined4) -> pointer(pointer:/STT3DSprC)	0058E6AF:t957 call_argument operand=0 target=00404264	ANALYSIS; direct=00404264; resolved=004AC410	retain neutral or current storage; require an exact per-use view	single undefined local lifetime; exact_type_votes=9; score=36; sources=[call_argument]; exact call-boundary type is proven, but no same-width transparent p-code path reattaches that argument to one persistent HighSymbol	review	1	1
0058E570	STSharkC::LifeShark	local_lifetime	this_00/mg0	pointer(pointer:/undefined4) -> pointer(pointer:/STT3DSprC)	0058E8E8:t1370 call_argument operand=0 target=00404183	ANALYSIS; direct=00404183; resolved=004AB880	retain neutral or current storage; require an exact per-use view	single undefined local lifetime; exact_type_votes=9; score=36; sources=[call_argument]; exact call-boundary type is proven, but no same-width transparent p-code path reattaches that argument to one persistent HighSymbol	review	1	1
0058E570	STSharkC::LifeShark	local_lifetime	this_00/mg0	pointer(pointer:/undefined4) -> pointer(pointer:/STT3DSprC)	0058E906:t1395 call_argument operand=0 target=00405240	ANALYSIS; direct=00405240; resolved=004AC1A0	retain neutral or current storage; require an exact per-use view	single undefined local lifetime; exact_type_votes=9; score=36; sources=[call_argument]; exact call-boundary type is proven, but no same-width transparent p-code path reattaches that argument to one persistent HighSymbol	review	1	1
0058E570	STSharkC::LifeShark	local_lifetime	this_00/mg0	pointer(pointer:/undefined4) -> pointer(pointer:/STT3DSprC)	0058E919:t1405 call_argument operand=0 target=00404264	ANALYSIS; direct=00404264; resolved=004AC410	retain neutral or current storage; require an exact per-use view	single undefined local lifetime; exact_type_votes=9; score=36; sources=[call_argument]; exact call-boundary type is proven, but no same-width transparent p-code path reattaches that argument to one persistent HighSymbol	review	1	1
0058E570	STSharkC::LifeShark	local_lifetime	this_00/mg0	pointer(pointer:/undefined4) -> pointer(pointer:/STT3DSprC)	0058E9CD:t531 call_argument operand=0 target=00401064	ANALYSIS; direct=00401064; resolved=004ABE40	retain neutral or current storage; require an exact per-use view	single undefined local lifetime; exact_type_votes=9; score=36; sources=[call_argument]; exact call-boundary type is proven, but no same-width transparent p-code path reattaches that argument to one persistent HighSymbol	review	1	1
0058E570	STSharkC::LifeShark	local_lifetime	this_00/mg0	pointer(pointer:/undefined4) -> pointer(pointer:/STT3DSprC)	0058E9DA:t544 call_argument operand=0 target=004052FE	ANALYSIS; direct=004052FE; resolved=004ABF00	retain neutral or current storage; require an exact per-use view	single undefined local lifetime; exact_type_votes=9; score=36; sources=[call_argument]; exact call-boundary type is proven, but no same-width transparent p-code path reattaches that argument to one persistent HighSymbol	review	1	1
0058E570	STSharkC::LifeShark	local_lifetime	this_00/mg0	pointer(pointer:/undefined4) -> pointer(pointer:/STT3DSprC)	0058E9E3:t551 call_argument operand=0 target=004030BC	ANALYSIS; direct=004030BC; resolved=004AC040	retain neutral or current storage; require an exact per-use view	single undefined local lifetime; exact_type_votes=9; score=36; sources=[call_argument]; exact call-boundary type is proven, but no same-width transparent p-code path reattaches that argument to one persistent HighSymbol	review	1	1
0058E570	STSharkC::LifeShark	local_lifetime	this_01/mg0	pointer(pointer:/STGameObjC) -> pointer(pointer:/STFishC)	0058EB17:t1211 call_argument operand=0 target=004018C5	ANALYSIS; direct=004018C5; resolved=004162B0	retain neutral or current storage; require an exact per-use view	pointer-shaped local has only scalar consumers; exact_type_votes=1; score=4; sources=[call_argument]; one-way call conversion alone is review-only; exact call-boundary type is proven, but no same-width transparent p-code path reattaches that argument to one persistent HighSymbol	review	1	1
0058E570	STSharkC::LifeShark	local_lifetime	uVar7/mg0	scalar(/uint) -> unknown	0058E5BD:t635 call_return operand=-1 target=004052CC	ANALYSIS; direct=004052CC; resolved=004AD650	retain neutral or current storage; require an exact per-use view	incompatible exact lifetime types=[/int, /uint]	review	1	1
0058E570	STSharkC::LifeShark	local_lifetime	uVar7/mg2	scalar(/uint) -> unknown	0058E58E:t44 call_return operand=-1 target=004052CC	ANALYSIS; direct=004052CC; resolved=004AD650	retain neutral or current storage; require an exact per-use view	incompatible exact lifetime types=[/int, /uint]	review	1	1
0058F030	FUN_0058f030	return_abi	EAX/x87 return	scalar(/undefined4) -> scalar(/bool)	all reachable callee return paths	all explicit return values are constants in {0,1}, but the source domain alone does not prove the x86 ABI return width; review STAbiConsistencyAnalyzer evidence: [1, 1, 1, 0]	retain current machine-width return pending strict ABI proof	all explicit return values are constants in {0,1}, but the source domain alone does not prove the x86 ABI return width; review STAbiConsistencyAnalyzer evidence: [1, 1, 1, 0]	review	1	1
0058F1E0	FUN_0058f1e0	local_lifetime	uVar7/mg0	scalar(/uint) -> scalar(/int)	0058F2A0:t242 signed_scalar_role operand=-1 target=	INT_SRIGHT	retain neutral or current storage; require an exact per-use view	separate decompiler merge group; exact_type_votes=1; score=4; sources=[scalar_arithmetic]; one-way call conversion alone is review-only	review	1	1
00593040	CampaignTy::GetMessage	local_lifetime	local_8/mg0	pointer(pointer:/CampaignTy) -> unknown	00593051:t5299 typed_copy operand=0 target=	DEFAULT	retain neutral or current storage; require an exact per-use view	incompatible exact lifetime types=[pointer:/CampaignTy, pointer:/MMObjTy]	review	1	1
00594B90	FSGSTy::OutChSlProc	local_lifetime	param_1/mg0	pointer(pointer:/SubmarineTitans/Recovered/PointerShapes/RecoveredGlobalRecordView_00854EB8) -> scalar(/int)	00594C46:t240 call_argument operand=0 target=006C6470	DEFAULT; direct=006C6470	unattachable High lifetime is represented by the exact address-stable per-use boundary 00594C46:t240|006C6470|0	exact call-boundary type is proven, but no same-width transparent p-code path reattaches that argument to one persistent HighSymbol; complete CALL-operand scan records an address-local source view only	neutralized	1	1
00594B90	FSGSTy::OutChSlProc	local_lifetime	param_1/mg0	pointer(pointer:/SubmarineTitans/Recovered/PointerShapes/RecoveredGlobalRecordView_00854EB8) -> scalar(/int)	00594C67:t283 call_argument operand=0 target=006C53B0	DEFAULT; direct=006C53B0	unattachable High lifetime is represented by the exact address-stable per-use boundary 00594C67:t283|006C53B0|0	exact call-boundary type is proven, but no same-width transparent p-code path reattaches that argument to one persistent HighSymbol; complete CALL-operand scan records an address-local source view only	neutralized	1	1
00594B90	FSGSTy::OutChSlProc	local_lifetime	param_1/mg0	pointer(pointer:/SubmarineTitans/Recovered/PointerShapes/RecoveredGlobalRecordView_00854EB8) -> scalar(/int)	00594C87:t328 call_argument operand=0 target=006C53B0	DEFAULT; direct=006C53B0	unattachable High lifetime is represented by the exact address-stable per-use boundary 00594C87:t328|006C53B0|0	exact call-boundary type is proven, but no same-width transparent p-code path reattaches that argument to one persistent HighSymbol; complete CALL-operand scan records an address-local source view only	neutralized	1	1
00594B90		unattachable_call_argument_lifetime	generated per-use lifetime	anchors=00594C46:t240; target=006C6470; operand=0; locals=param_1; transition=pointer:/SubmarineTitans/Recovered/PointerShapes/RecoveredGlobalRecordView_00854EB8 -> /int	verified by the matching Ghidra analyzer/export evidence	source audit kind=exact_machine_lifetime_call_view	exact source-only lifetime/view; Program ABI unchanged	Ghidra cannot persist this split without merging unrelated machine lifetimes	neutralized	1	1
00594B90		unattachable_call_argument_lifetime	generated per-use lifetime	anchors=00594C67:t283,00594C87:t328; target=006C53B0; operand=0; locals=param_1; transition=pointer:/SubmarineTitans/Recovered/PointerShapes/RecoveredGlobalRecordView_00854EB8 -> /int	verified by the matching Ghidra analyzer/export evidence	source audit kind=exact_machine_lifetime_call_view	exact source-only lifetime/view; Program ABI unchanged	Ghidra cannot persist this split without merging unrelated machine lifetimes	neutralized	1	1
00594B90		unattachable_call_argument_lifetime	generated per-use lifetime	anchors=00594C67:t283,00594C87:t328; target=006C53B0; operand=0; locals=param_1; transition=pointer:/SubmarineTitans/Recovered/PointerShapes/RecoveredGlobalRecordView_00854EB8 -> /int	verified by the matching Ghidra analyzer/export evidence	source audit kind=exact_machine_lifetime_call_view	exact source-only lifetime/view; Program ABI unchanged	Ghidra cannot persist this split without merging unrelated machine lifetimes	neutralized	1	1
00594EB0	FSGSTy::OutTRGlProc	local_lifetime	param_1/mg0	pointer(pointer:/SubmarineTitans/Recovered/PointerShapes/RecoveredGlobalRecordView_00854EB8) -> scalar(/int)	00594F61:t209 call_argument operand=0 target=006C6470	DEFAULT; direct=006C6470	unattachable High lifetime is represented by the exact address-stable per-use boundary 00594F61:t209|006C6470|0	exact call-boundary type is proven, but no same-width transparent p-code path reattaches that argument to one persistent HighSymbol; complete CALL-operand scan records an address-local source view only	neutralized	1	1
00594EB0	FSGSTy::OutTRGlProc	local_lifetime	param_1/mg0	pointer(pointer:/SubmarineTitans/Recovered/PointerShapes/RecoveredGlobalRecordView_00854EB8) -> scalar(/int)	00594FCB:t321 call_argument operand=0 target=006C6470	DEFAULT; direct=006C6470	unattachable High lifetime is represented by the exact address-stable per-use boundary 00594FCB:t321|006C6470|0	exact call-boundary type is proven, but no same-width transparent p-code path reattaches that argument to one persistent HighSymbol; complete CALL-operand scan records an address-local source view only	neutralized	1	1
00594EB0	FSGSTy::OutTRGlProc	local_lifetime	param_1/mg0	pointer(pointer:/SubmarineTitans/Recovered/PointerShapes/RecoveredGlobalRecordView_00854EB8) -> scalar(/int)	00594FF5:t363 call_argument operand=0 target=006C6470	DEFAULT; direct=006C6470	unattachable High lifetime is represented by the exact address-stable per-use boundary 00594FF5:t363|006C6470|0	exact call-boundary type is proven, but no same-width transparent p-code path reattaches that argument to one persistent HighSymbol; complete CALL-operand scan records an address-local source view only	neutralized	1	1
00594EB0	FSGSTy::OutTRGlProc	local_lifetime	param_1/mg0	pointer(pointer:/SubmarineTitans/Recovered/PointerShapes/RecoveredGlobalRecordView_00854EB8) -> scalar(/int)	0059514E:t748 call_argument operand=0 target=006C6470	DEFAULT; direct=006C6470	unattachable High lifetime is represented by the exact address-stable per-use boundary 0059514E:t748|006C6470|0	exact call-boundary type is proven, but no same-width transparent p-code path reattaches that argument to one persistent HighSymbol; complete CALL-operand scan records an address-local source view only	neutralized	1	1
00594EB0	FSGSTy::OutTRGlProc	local_lifetime	param_1/mg0	pointer(pointer:/SubmarineTitans/Recovered/PointerShapes/RecoveredGlobalRecordView_00854EB8) -> scalar(/int)	00595178:t797 call_argument operand=0 target=006C6470	DEFAULT; direct=006C6470	unattachable High lifetime is represented by the exact address-stable per-use boundary 00595178:t797|006C6470|0	exact call-boundary type is proven, but no same-width transparent p-code path reattaches that argument to one persistent HighSymbol; complete CALL-operand scan records an address-local source view only	neutralized	1	1
00594EB0		unattachable_call_argument_lifetime	generated per-use lifetime	anchors=00594F61:t209,00594FCB:t321,00594FF5:t363,0059514E:t748,00595178:t797; target=006C6470; operand=0; locals=param_1; transition=pointer:/SubmarineTitans/Recovered/PointerShapes/RecoveredGlobalRecordView_00854EB8 -> /int	verified by the matching Ghidra analyzer/export evidence	source audit kind=exact_machine_lifetime_call_view	exact source-only lifetime/view; Program ABI unchanged	Ghidra cannot persist this split without merging unrelated machine lifetimes	neutralized	1	1
00594EB0		unattachable_call_argument_lifetime	generated per-use lifetime	anchors=00594F61:t209,00594FCB:t321,00594FF5:t363,0059514E:t748,00595178:t797; target=006C6470; operand=0; locals=param_1; transition=pointer:/SubmarineTitans/Recovered/PointerShapes/RecoveredGlobalRecordView_00854EB8 -> /int	verified by the matching Ghidra analyzer/export evidence	source audit kind=exact_machine_lifetime_call_view	exact source-only lifetime/view; Program ABI unchanged	Ghidra cannot persist this split without merging unrelated machine lifetimes	neutralized	1	1
00594EB0		unattachable_call_argument_lifetime	generated per-use lifetime	anchors=00594F61:t209,00594FCB:t321,00594FF5:t363,0059514E:t748,00595178:t797; target=006C6470; operand=0; locals=param_1; transition=pointer:/SubmarineTitans/Recovered/PointerShapes/RecoveredGlobalRecordView_00854EB8 -> /int	verified by the matching Ghidra analyzer/export evidence	source audit kind=exact_machine_lifetime_call_view	exact source-only lifetime/view; Program ABI unchanged	Ghidra cannot persist this split without merging unrelated machine lifetimes	neutralized	1	1
00594EB0		unattachable_call_argument_lifetime	generated per-use lifetime	anchors=00594F61:t209,00594FCB:t321,00594FF5:t363,0059514E:t748,00595178:t797; target=006C6470; operand=0; locals=param_1; transition=pointer:/SubmarineTitans/Recovered/PointerShapes/RecoveredGlobalRecordView_00854EB8 -> /int	verified by the matching Ghidra analyzer/export evidence	source audit kind=exact_machine_lifetime_call_view	exact source-only lifetime/view; Program ABI unchanged	Ghidra cannot persist this split without merging unrelated machine lifetimes	neutralized	1	1
00594EB0		unattachable_call_argument_lifetime	generated per-use lifetime	anchors=00594F61:t209,00594FCB:t321,00594FF5:t363,0059514E:t748,00595178:t797; target=006C6470; operand=0; locals=param_1; transition=pointer:/SubmarineTitans/Recovered/PointerShapes/RecoveredGlobalRecordView_00854EB8 -> /int	verified by the matching Ghidra analyzer/export evidence	source audit kind=exact_machine_lifetime_call_view	exact source-only lifetime/view; Program ABI unchanged	Ghidra cannot persist this split without merging unrelated machine lifetimes	neutralized	1	1
005952B0	FSGSTy::OutSGlProc	local_lifetime	param_1/mg0	pointer(pointer:/SubmarineTitans/Recovered/PointerShapes/RecoveredGlobalRecordView_00854EB8) -> scalar(/int)	005954B1:t590 call_argument operand=0 target=006C6470	DEFAULT; direct=006C6470	unattachable High lifetime is represented by the exact address-stable per-use boundary 005954B1:t590|006C6470|0	exact call-boundary type is proven, but no same-width transparent p-code path reattaches that argument to one persistent HighSymbol; complete CALL-operand scan records an address-local source view only	neutralized	1	1
005952B0	FSGSTy::OutSGlProc	local_lifetime	param_1/mg0	pointer(pointer:/SubmarineTitans/Recovered/PointerShapes/RecoveredGlobalRecordView_00854EB8) -> scalar(/int)	005954DD:t632 call_argument operand=0 target=006C6470	DEFAULT; direct=006C6470	unattachable High lifetime is represented by the exact address-stable per-use boundary 005954DD:t632|006C6470|0	exact call-boundary type is proven, but no same-width transparent p-code path reattaches that argument to one persistent HighSymbol; complete CALL-operand scan records an address-local source view only	neutralized	1	1
005952B0	FSGSTy::OutSGlProc	local_lifetime	param_1/mg0	pointer(pointer:/SubmarineTitans/Recovered/PointerShapes/RecoveredGlobalRecordView_00854EB8) -> scalar(/int)	00595503:t674 call_argument operand=0 target=006C6470	DEFAULT; direct=006C6470	unattachable High lifetime is represented by the exact address-stable per-use boundary 00595503:t674|006C6470|0	exact call-boundary type is proven, but no same-width transparent p-code path reattaches that argument to one persistent HighSymbol; complete CALL-operand scan records an address-local source view only	neutralized	1	1
005952B0	FSGSTy::OutSGlProc	local_lifetime	param_1/mg0	pointer(pointer:/SubmarineTitans/Recovered/PointerShapes/RecoveredGlobalRecordView_00854EB8) -> scalar(/int)	0059552F:t721 call_argument operand=0 target=006C6470	DEFAULT; direct=006C6470	unattachable High lifetime is represented by the exact address-stable per-use boundary 0059552F:t721|006C6470|0	exact call-boundary type is proven, but no same-width transparent p-code path reattaches that argument to one persistent HighSymbol; complete CALL-operand scan records an address-local source view only	neutralized	1	1
005952B0	FSGSTy::OutSGlProc	local_lifetime	param_1/mg0	pointer(pointer:/SubmarineTitans/Recovered/PointerShapes/RecoveredGlobalRecordView_00854EB8) -> scalar(/int)	00595563:t822 call_argument operand=0 target=006C6470	DEFAULT; direct=006C6470	unattachable High lifetime is represented by the exact address-stable per-use boundary 00595563:t822|006C6470|0	exact call-boundary type is proven, but no same-width transparent p-code path reattaches that argument to one persistent HighSymbol; complete CALL-operand scan records an address-local source view only	neutralized	1	1
005952B0	FSGSTy::OutSGlProc	local_lifetime	param_1/mg0	pointer(pointer:/SubmarineTitans/Recovered/PointerShapes/RecoveredGlobalRecordView_00854EB8) -> scalar(/int)	0059558B:t880 call_argument operand=0 target=006C6470	DEFAULT; direct=006C6470	unattachable High lifetime is represented by the exact address-stable per-use boundary 0059558B:t880|006C6470|0	exact call-boundary type is proven, but no same-width transparent p-code path reattaches that argument to one persistent HighSymbol; complete CALL-operand scan records an address-local source view only	neutralized	1	1
005952B0		unattachable_call_argument_lifetime	generated per-use lifetime	anchors=005954B1:t590,005954DD:t632,00595503:t674,0059552F:t721,00595563:t822,0059558B:t880; target=006C6470; operand=0; locals=param_1; transition=pointer:/SubmarineTitans/Recovered/PointerShapes/RecoveredGlobalRecordView_00854EB8 -> /int	verified by the matching Ghidra analyzer/export evidence	source audit kind=exact_machine_lifetime_call_view	exact source-only lifetime/view; Program ABI unchanged	Ghidra cannot persist this split without merging unrelated machine lifetimes	neutralized	1	1
005952B0		unattachable_call_argument_lifetime	generated per-use lifetime	anchors=005954B1:t590,005954DD:t632,00595503:t674,0059552F:t721,00595563:t822,0059558B:t880; target=006C6470; operand=0; locals=param_1; transition=pointer:/SubmarineTitans/Recovered/PointerShapes/RecoveredGlobalRecordView_00854EB8 -> /int	verified by the matching Ghidra analyzer/export evidence	source audit kind=exact_machine_lifetime_call_view	exact source-only lifetime/view; Program ABI unchanged	Ghidra cannot persist this split without merging unrelated machine lifetimes	neutralized	1	1
005952B0		unattachable_call_argument_lifetime	generated per-use lifetime	anchors=005954B1:t590,005954DD:t632,00595503:t674,0059552F:t721,00595563:t822,0059558B:t880; target=006C6470; operand=0; locals=param_1; transition=pointer:/SubmarineTitans/Recovered/PointerShapes/RecoveredGlobalRecordView_00854EB8 -> /int	verified by the matching Ghidra analyzer/export evidence	source audit kind=exact_machine_lifetime_call_view	exact source-only lifetime/view; Program ABI unchanged	Ghidra cannot persist this split without merging unrelated machine lifetimes	neutralized	1	1
005952B0		unattachable_call_argument_lifetime	generated per-use lifetime	anchors=005954B1:t590,005954DD:t632,00595503:t674,0059552F:t721,00595563:t822,0059558B:t880; target=006C6470; operand=0; locals=param_1; transition=pointer:/SubmarineTitans/Recovered/PointerShapes/RecoveredGlobalRecordView_00854EB8 -> /int	verified by the matching Ghidra analyzer/export evidence	source audit kind=exact_machine_lifetime_call_view	exact source-only lifetime/view; Program ABI unchanged	Ghidra cannot persist this split without merging unrelated machine lifetimes	neutralized	1	1
005952B0		unattachable_call_argument_lifetime	generated per-use lifetime	anchors=005954B1:t590,005954DD:t632,00595503:t674,0059552F:t721,00595563:t822,0059558B:t880; target=006C6470; operand=0; locals=param_1; transition=pointer:/SubmarineTitans/Recovered/PointerShapes/RecoveredGlobalRecordView_00854EB8 -> /int	verified by the matching Ghidra analyzer/export evidence	source audit kind=exact_machine_lifetime_call_view	exact source-only lifetime/view; Program ABI unchanged	Ghidra cannot persist this split without merging unrelated machine lifetimes	neutralized	1	1
005952B0		unattachable_call_argument_lifetime	generated per-use lifetime	anchors=005954B1:t590,005954DD:t632,00595503:t674,0059552F:t721,00595563:t822,0059558B:t880; target=006C6470; operand=0; locals=param_1; transition=pointer:/SubmarineTitans/Recovered/PointerShapes/RecoveredGlobalRecordView_00854EB8 -> /int	verified by the matching Ghidra analyzer/export evidence	source audit kind=exact_machine_lifetime_call_view	exact source-only lifetime/view; Program ABI unchanged	Ghidra cannot persist this split without merging unrelated machine lifetimes	neutralized	1	1
005967F0	FSGSTy::DoneFSGS	local_lifetime	array/mg0	pointer(pointer:/SubmarineTitans/Recovered/DArraySpecializations/FSGSTy_field_1FB3DArray) -> darray_pointer(pointer:/SubmarineTitans/Recovered/DArrayTy)	00596B18:t846 call_argument operand=0 target=006AE110	ANALYSIS; direct=006AE110	retain neutral or current storage; require an exact per-use view	pointer-shaped local has only scalar consumers; exact_type_votes=1; score=4; sources=[call_argument]; one-way call conversion alone is review-only; exact call-boundary type is proven, but no same-width transparent p-code path reattaches that argument to one persistent HighSymbol	review	1	1
005967F0	FSGSTy::DoneFSGS	local_lifetime	local_8/mg0	pointer(pointer:/FSGSTy) -> unknown	00596813:t3891 typed_copy operand=0 target=	DEFAULT	retain neutral or current storage; require an exact per-use view	incompatible exact lifetime types=[pointer:/FSGSTy, pointer:/MMObjTy]	review	1	1
005967F0	FSGSTy::DoneFSGS	local_lifetime	pcVar1/mg0	pointer(pointer:/ccFntTy) -> pointer(pointer:/uint)	00596AB6:t726 call_argument operand=0 target=00710560	DEFAULT; direct=00710560	retain neutral or current storage; require an exact per-use view	pointer-shaped local has only scalar consumers; exact_type_votes=1; score=4; sources=[call_argument]; one-way call conversion alone is review-only; weaker generic evidence cannot replace the current nominal type; exact call-boundary type is proven, but no same-width transparent p-code path reattaches that argument to one persistent HighSymbol	review	1	1
00596CC0	FSGSTy::PaintFSGS	local_lifetime	pFVar3/mg0	pointer(pointer:/FSGSTy) -> pointer(pointer:/MMMObjTy)	00596F64:t627 call_argument operand=0 target=004042D2	ANALYSIS; direct=004042D2; resolved=005B68B0	retain neutral or current storage; require an exact per-use view	separate decompiler merge group; exact_type_votes=1; score=4; sources=[call_argument]; one-way call conversion alone is review-only; exact call-boundary type is proven, but no same-width transparent p-code path reattaches that argument to one persistent HighSymbol	review	1	1
00596CC0	FSGSTy::PaintFSGS	local_lifetime	this_02/mg0	pointer(pointer:/undefined4) -> pointer(pointer:/FSGSTy)	00596EDD:t800 call_argument operand=0 target=0040303F	ANALYSIS; direct=0040303F; resolved=00594EB0	retain neutral or current storage; require an exact per-use view	single undefined local lifetime; exact_type_votes=1; score=4; sources=[call_argument]; one-way call conversion alone is review-only; exact call-boundary type is proven, but no same-width transparent p-code path reattaches that argument to one persistent HighSymbol	review	1	1
00597E70	FSGSTy::SetState	local_lifetime	resourceString/mg0	pointer(pointer:/ccFntTy) -> unknown	00598038:t4851 call_return operand=-1 target=006B0140	USE_SITE_OVERRIDE; direct=006B0140	retain neutral or current storage; require an exact per-use view	incompatible exact lifetime types=[pointer:/ccFntTy, pointer:/char]	review	1	1
0059B740	FSGSTy::CloseButtons	local_lifetime	local_8/mg0	pointer(pointer:/FSGSTy) -> unknown	0059B761:t440 typed_copy operand=0 target=	DEFAULT	retain neutral or current storage; require an exact per-use view	incompatible exact lifetime types=[pointer:/FSGSTy, pointer:/MMObjTy]	review	1	1
0059DB20	FSGSTy::ChatCtrls	local_lifetime	array/mg0	pointer(pointer:/SubmarineTitans/Recovered/DArraySpecializations/FSGSTy_field_1EA6DArray) -> darray_pointer(pointer:/SubmarineTitans/Recovered/DArrayTy)	0059DC61:t317 call_argument operand=0 target=006AE1C0	ANALYSIS; direct=006AE1C0	retain neutral or current storage; require an exact per-use view	pointer-shaped local has only scalar consumers; exact_type_votes=1; score=4; sources=[call_argument]; one-way call conversion alone is review-only; exact call-boundary type is proven, but no same-width transparent p-code path reattaches that argument to one persistent HighSymbol	review	1	1
005A1920	FSGSTy::SetBanner	local_lifetime	local_8/mg0	pointer(pointer:/SubmarineTitans/Recovered/PointerShapes/RecoveredRecord_006C7BB0_7D90AE39) -> pointer(pointer:/int)	005A1CC6:t1264 call_argument operand=0 target=006C79A0	DEFAULT; direct=006C79A0	retain neutral or current storage; require an exact per-use view	single receiver-alias lifetime; exact_type_votes=1; score=4; sources=[call_argument]; one-way call conversion alone is review-only; weaker generic evidence cannot replace the current nominal type; exact call-boundary type is proven, but no same-width transparent p-code path reattaches that argument to one persistent HighSymbol	review	1	1
005A1920	FSGSTy::SetBanner	local_lifetime	pRVar9/mg1	pointer(pointer:/SubmarineTitans/Recovered/PointerShapes/RecoveredRecord_006C7BB0_7D90AE39) -> pointer(pointer:/int)	005A1CC6:t1264 call_argument operand=0 target=006C79A0	DEFAULT; direct=006C79A0	retain neutral or current storage; require an exact per-use view	separate decompiler merge group; exact_type_votes=1; score=4; sources=[call_argument]; one-way call conversion alone is review-only; weaker generic evidence cannot replace the current nominal type; exact call-boundary type is proven, but no same-width transparent p-code path reattaches that argument to one persistent HighSymbol	review	1	1
005A26C0	FSGSTy::DelPlayer	local_lifetime	bVar10/mg0	scalar(/bool) -> unknown	005A279A:t297 boolean_scalar_role operand=-1 target=	INT_LESS	retain neutral or current storage; require an exact per-use view	incompatible exact lifetime types=[/bool, /byte]	review	1	1
005A26C0	FSGSTy::DelPlayer	local_lifetime	bVar10/mg1	scalar(/bool) -> unknown	005A28C9:t650 boolean_scalar_role operand=-1 target=	INT_LESS	retain neutral or current storage; require an exact per-use view	incompatible exact lifetime types=[/bool, /byte]	review	1	1
005A3540	FSGSTy::SetGameList	local_lifetime	pFVar13/mg1	pointer(pointer:/SubmarineTitans/Recovered/DArraySpecializations/FSGSTy_field_1EBEDArray) -> darray_pointer(pointer:/SubmarineTitans/Recovered/DArrayTy)	005A36E9:t320 call_argument operand=0 target=006AE1C0	ANALYSIS; direct=006AE1C0	retain neutral or current storage; require an exact per-use view	separate decompiler merge group; exact_type_votes=1; score=4; sources=[call_argument]; one-way call conversion alone is review-only; exact call-boundary type is proven, but no same-width transparent p-code path reattaches that argument to one persistent HighSymbol	review	1	1
005A3AB0	FSGSTy::SetInfo	local_lifetime	local_EAX_321/mg0	pointer(pointer:/byte) -> unknown	005A3BF1:t335 call_return operand=-1 target=00403EC7	ANALYSIS; direct=00403EC7; resolved=0055D590	retain neutral or current storage; require an exact per-use view	incompatible exact lifetime types=[pointer:/byte, pointer:/char]	review	1	1
005A3AB0	FSGSTy::SetInfo	local_lifetime	local_EAX_393/mg0	pointer(pointer:/byte) -> unknown	005A3C39:t400 call_return operand=-1 target=00403EC7	ANALYSIS; direct=00403EC7; resolved=0055D590	retain neutral or current storage; require an exact per-use view	incompatible exact lifetime types=[pointer:/byte, pointer:/char]	review	1	1
005A3AB0	FSGSTy::SetInfo	local_lifetime	local_EAX_791/mg0	pointer(pointer:/byte) -> unknown	005A3DC7:t773 call_return operand=-1 target=00403EC7	ANALYSIS; direct=00403EC7; resolved=0055D590	retain neutral or current storage; require an exact per-use view	incompatible exact lifetime types=[pointer:/byte, pointer:/char]	review	1	1
005A3AB0	FSGSTy::SetInfo	local_lifetime	pbVar3/mg0	pointer(pointer:/byte) -> unknown	005A3BA6:t267 call_return operand=-1 target=00403EC7	ANALYSIS; direct=00403EC7; resolved=0055D590	retain neutral or current storage; require an exact per-use view	incompatible exact lifetime types=[pointer:/byte, pointer:/char]	review	1	1
005A4350	FSGSTy::GetMessage	local_lifetime	bVar45/mg0	scalar(/bool) -> unknown	005A6631:t10704 boolean_scalar_role operand=-1 target=	INT_LESS	retain neutral or current storage; require an exact per-use view	incompatible exact lifetime types=[/bool, /byte]	review	1	1
005A4350	FSGSTy::GetMessage	local_lifetime	bVar45/mg1	scalar(/bool) -> unknown	005A63C5:t20726 boolean_scalar_role operand=-1 target=	INT_LESS	retain neutral or current storage; require an exact per-use view	incompatible exact lifetime types=[/bool, /byte]	review	1	1
005A4350	FSGSTy::GetMessage	local_lifetime	bVar45/mg4	scalar(/bool) -> unknown	005A4EA8:t1062 boolean_scalar_role operand=-1 target=	INT_LESS	retain neutral or current storage; require an exact per-use view	incompatible exact lifetime types=[/bool, /byte]	review	1	1
005A4350	FSGSTy::GetMessage	local_lifetime	local_38/mg0	pointer(pointer:/undefined4) -> scalar(/int)	005A7C52:t13126 call_argument operand=5 target=00710A90	DEFAULT; direct=00710A90	unattachable High lifetime is represented by the exact address-stable per-use boundary 005A7C52:t13126|00710A90|5	single undefined local lifetime; exact_type_votes=1; score=4; sources=[call_argument]; one-way call conversion alone is review-only; exact call-boundary type is proven, but no same-width transparent p-code path reattaches that argument to one persistent HighSymbol	neutralized	1	1
005A4350	FSGSTy::GetMessage	local_lifetime	local_8/mg0	pointer(pointer:/SubmarineTitans/Recovered/PointerShapes/RecoveredRecord_0055C050_16147770) -> unknown	005A58AF:t3697 peer_pointer_comparison operand=0 target=	pointer:/SubmarineTitans/Recovered/PointerShapes/RecoveredRecord_0055C050_16147770	retain neutral or current storage; require an exact per-use view	incompatible exact lifetime types=[/WinDef.h/UINT, pointer:/SubmarineTitans/Recovered/PointerShapes/RecoveredRecord_0055C050_16147770, pointer:/char]	review	1	1
005A4350	FSGSTy::GetMessage	local_lifetime	local_8/mg0	pointer(pointer:/SubmarineTitans/Recovered/PointerShapes/RecoveredRecord_0055C050_16147770) -> scalar(/WinDef.h/UINT)	005A7823:t12293 call_argument operand=0 target=006B0140	ANALYSIS; direct=006B0140	unattachable High lifetime is represented by the exact address-stable per-use boundary 005A7823:t12293|006B0140|0	exact call-boundary type is proven, but no same-width transparent p-code path reattaches that argument to one persistent HighSymbol; complete CALL-operand scan records an address-local source view only	neutralized	1	1
005A4350	FSGSTy::GetMessage	local_lifetime	local_8/mg0	pointer(pointer:/SubmarineTitans/Recovered/PointerShapes/RecoveredRecord_0055C050_16147770) -> scalar(/WinDef.h/UINT)	005A7C81:t13165 call_argument operand=0 target=006B0140	ANALYSIS; direct=006B0140	unattachable High lifetime is represented by the exact address-stable per-use boundary 005A7C81:t13165|006B0140|0	exact call-boundary type is proven, but no same-width transparent p-code path reattaches that argument to one persistent HighSymbol; complete CALL-operand scan records an address-local source view only	neutralized	1	1
005A4350	FSGSTy::GetMessage	local_lifetime	local_c/mg0	pointer(pointer:/SubmarineTitans/Recovered/PointerShapes/RecoveredRecordView_006B84D0_87AF9D9B) -> unknown	005A72F0:t15102 call_argument operand=6 target=00710A90	ANALYSIS; direct=00710A90	retain neutral or current storage; require an exact per-use view	incompatible exact lifetime types=[/int, /uint, pointer:/SubmarineTitans/Recovered/PointerShapes/RecoveredRecordView_006B84D0_87AF9D9B]	review	1	1
005A4350	FSGSTy::GetMessage	local_lifetime	local_c/mg0	pointer(pointer:/SubmarineTitans/Recovered/PointerShapes/RecoveredRecordView_006B84D0_87AF9D9B) -> scalar(/int)	005A72F0:t15102 call_argument operand=6 target=00710A90	ANALYSIS; direct=00710A90	unattachable High lifetime is represented by the exact address-stable per-use boundary 005A72F0:t15102|00710A90|6	exact call-boundary type is proven, but no same-width transparent p-code path reattaches that argument to one persistent HighSymbol; complete CALL-operand scan records an address-local source view only	neutralized	1	1
005A4350	FSGSTy::GetMessage	local_lifetime	local_c/mg0	pointer(pointer:/SubmarineTitans/Recovered/PointerShapes/RecoveredRecordView_006B84D0_87AF9D9B) -> scalar(/uint)	005A783E:t12315 call_argument operand=4 target=007119C0	DEFAULT; direct=007119C0	unattachable High lifetime is represented by the exact address-stable per-use boundary 005A783E:t12315|007119C0|4	exact call-boundary type is proven, but no same-width transparent p-code path reattaches that argument to one persistent HighSymbol; complete CALL-operand scan records an address-local source view only	neutralized	1	1
005A4350	FSGSTy::GetMessage	local_lifetime	puVar35/mg1	pointer(pointer:/uint) -> pointer(pointer:/char)	005A7CF6:t12779 call_argument operand=1 target=007119C0	ANALYSIS; direct=007119C0	retain neutral or current storage; require an exact per-use view	separate decompiler merge group; exact_type_votes=1; score=4; sources=[call_argument]; one-way call conversion alone is review-only; exact call-boundary type is proven, but no same-width transparent p-code path reattaches that argument to one persistent HighSymbol	review	1	1
005A4350		unattachable_call_argument_lifetime	generated per-use lifetime	anchors=005A72F0:t15102; target=00710A90; operand=6; locals=local_c; transition=pointer:/SubmarineTitans/Recovered/PointerShapes/RecoveredRecordView_006B84D0_87AF9D9B -> /int	verified by the matching Ghidra analyzer/export evidence	source audit kind=exact_machine_lifetime_call_view	exact source-only lifetime/view; Program ABI unchanged	Ghidra cannot persist this split without merging unrelated machine lifetimes	neutralized	1	1
005A4350		unattachable_call_argument_lifetime	generated per-use lifetime	anchors=005A7823:t12293,005A7C81:t13165; target=006B0140; operand=0; locals=local_8; transition=pointer:/SubmarineTitans/Recovered/PointerShapes/RecoveredRecord_0055C050_16147770 -> /WinDef.h/UINT	verified by the matching Ghidra analyzer/export evidence	source audit kind=exact_machine_lifetime_call_view	exact source-only lifetime/view; Program ABI unchanged	Ghidra cannot persist this split without merging unrelated machine lifetimes	neutralized	1	1
005A4350		unattachable_call_argument_lifetime	generated per-use lifetime	anchors=005A7823:t12293,005A7C81:t13165; target=006B0140; operand=0; locals=local_8; transition=pointer:/SubmarineTitans/Recovered/PointerShapes/RecoveredRecord_0055C050_16147770 -> /WinDef.h/UINT	verified by the matching Ghidra analyzer/export evidence	source audit kind=exact_machine_lifetime_call_view	exact source-only lifetime/view; Program ABI unchanged	Ghidra cannot persist this split without merging unrelated machine lifetimes	neutralized	1	1
005A4350		unattachable_call_argument_lifetime	generated per-use lifetime	anchors=005A783E:t12315; target=007119C0; operand=4; locals=local_c; transition=pointer:/SubmarineTitans/Recovered/PointerShapes/RecoveredRecordView_006B84D0_87AF9D9B -> /uint	verified by the matching Ghidra analyzer/export evidence	source audit kind=exact_machine_lifetime_call_view	exact source-only lifetime/view; Program ABI unchanged	Ghidra cannot persist this split without merging unrelated machine lifetimes	neutralized	1	1
005A4350		unattachable_call_argument_lifetime	generated per-use lifetime	anchors=005A7C52:t13126; target=00710A90; operand=5; locals=local_38; transition=pointer:/undefined4 -> /int	verified by the matching Ghidra analyzer/export evidence	source audit kind=exact_machine_lifetime_call_view	exact source-only lifetime/view; Program ABI unchanged	Ghidra cannot persist this split without merging unrelated machine lifetimes	neutralized	1	1
005AA6A0	HoloTy::OutHoloProc	local_lifetime	param_1/mg0	scalar(/uint) -> pointer(pointer:/SubmarineTitans/Recovered/LibraryContexts/DDXContext)	005AA7A2:t472 call_argument operand=0 target=006B42D0	DEFAULT; direct=006B42D0	unattachable High lifetime is represented by the exact address-stable per-use boundary 005AA7A2:t472|006B42D0|0	exact call-boundary type is proven, but no same-width transparent p-code path reattaches that argument to one persistent HighSymbol; complete CALL-operand scan records an address-local source view only	neutralized	1	1
005AA6A0		unattachable_call_argument_lifetime	generated per-use lifetime	anchors=005AA7A2:t472; target=006B42D0; operand=0; locals=param_1; transition=/uint -> pointer:/SubmarineTitans/Recovered/LibraryContexts/DDXContext	verified by the matching Ghidra analyzer/export evidence	source audit kind=exact_machine_lifetime_call_view	exact source-only lifetime/view; Program ABI unchanged	Ghidra cannot persist this split without merging unrelated machine lifetimes	neutralized	1	1
005AB300	ChooseMapTy::InitChooseMap	local_lifetime	puVar8/mg0	pointer(pointer:/undefined4) -> pointer(pointer:/SpriteClassTy)	005AB7D0:t1139 call_argument operand=0 target=007158A0	ANALYSIS; direct=007158A0	retain neutral or current storage; require an exact per-use view	separate decompiler merge group; exact_type_votes=1; score=4; sources=[call_argument]; one-way call conversion alone is review-only; exact call-boundary type is proven, but no same-width transparent p-code path reattaches that argument to one persistent HighSymbol	review	1	1
005ACB30	ChooseMapTy::DoneChooseMap	local_lifetime	local_8/mg0	pointer(pointer:/ChooseMapTy) -> unknown	005ACB54:t3977 typed_copy operand=0 target=	DEFAULT	retain neutral or current storage; require an exact per-use view	incompatible exact lifetime types=[pointer:/ChooseMapTy, pointer:/MMObjTy]	review	1	1
005ADF10	ChooseMapTy::CloseButtons	local_lifetime	local_8/mg0	pointer(pointer:/ChooseMapTy) -> unknown	005ADF31:t660 typed_copy operand=0 target=	DEFAULT	retain neutral or current storage; require an exact per-use view	incompatible exact lifetime types=[pointer:/ChooseMapTy, pointer:/MMObjTy]	review	1	1
005AFD00	ChooseMapTy::PrepFiles	local_lifetime	bVar25/mg0	scalar(/bool) -> unknown	005AFF60:t819 boolean_scalar_role operand=-1 target=	INT_LESS	retain neutral or current storage; require an exact per-use view	incompatible exact lifetime types=[/bool, /byte]	review	1	1
005AFD00	ChooseMapTy::PrepFiles	local_lifetime	bVar25/mg1	scalar(/bool) -> unknown	005AFFDA:t983 boolean_scalar_role operand=-1 target=	INT_LESS	retain neutral or current storage; require an exact per-use view	incompatible exact lifetime types=[/bool, /byte]	review	1	1
005AFD00	ChooseMapTy::PrepFiles	local_lifetime	bVar25/mg2	scalar(/bool) -> unknown	005B001A:t1081 boolean_scalar_role operand=-1 target=	INT_LESS	retain neutral or current storage; require an exact per-use view	incompatible exact lifetime types=[/bool, /byte]	review	1	1
005AFD00	ChooseMapTy::PrepFiles	local_lifetime	pbVar21/mg5	pointer(pointer:/byte) -> pointer(pointer:/char)	005B0523:t3388 call_argument operand=1 target=006B5AA0	ANALYSIS; direct=006B5AA0	retain neutral or current storage; require an exact per-use view	separate decompiler merge group; exact_type_votes=1; score=4; sources=[call_argument]; one-way call conversion alone is review-only; exact call-boundary type is proven, but no same-width transparent p-code path reattaches that argument to one persistent HighSymbol	review	1	1
005B0BA0	ChooseMapTy::GetMessage	local_lifetime	bVar23/mg0	scalar(/bool) -> unknown	005B1B47:t6500 boolean_scalar_role operand=-1 target=	INT_LESS	retain neutral or current storage; require an exact per-use view	incompatible exact lifetime types=[/bool, /byte]	review	1	1
005B0BA0	ChooseMapTy::GetMessage	local_lifetime	bVar23/mg1	scalar(/bool) -> unknown	005B1D5A:t7156 boolean_scalar_role operand=-1 target=	INT_LESS	retain neutral or current storage; require an exact per-use view	incompatible exact lifetime types=[/bool, /byte]	review	1	1
005B0BA0	ChooseMapTy::GetMessage	local_lifetime	local_40/mg0	pointer(pointer:/ChooseMapTy) -> unknown	005B0BB4:t25961 typed_copy operand=0 target=	DEFAULT	retain neutral or current storage; require an exact per-use view	incompatible exact lifetime types=[pointer:/ChooseMapTy, pointer:/MMMObjTy, pointer:/MMObjTy]	review	1	1
005B0BA0	ChooseMapTy::GetMessage	local_lifetime	local_8/mg0	pointer(pointer:/byte) -> pointer(pointer:/char)	005B1E35:t7502 call_argument operand=1 target=007119C0	ANALYSIS; direct=007119C0	retain neutral or current storage; require an exact per-use view	pointer-shaped local has only scalar consumers; exact_type_votes=1; score=4; sources=[call_argument]; one-way call conversion alone is review-only; exact call-boundary type is proven, but no same-width transparent p-code path reattaches that argument to one persistent HighSymbol	review	1	1
005B0BA0	ChooseMapTy::GetMessage	local_lifetime	pcVar15/mg0	pointer(pointer:/char) -> unknown	005B1BC7:t6895 call_argument operand=0 target=0072E730	DEFAULT; direct=0072E730	retain neutral or current storage; require an exact per-use view	incompatible exact lifetime types=[pointer:/byte, pointer:/char]	review	1	1
005B2F90	MainMenuTy::DoneMainMenu	local_lifetime	local_8/mg0	pointer(pointer:/MainMenuTy) -> unknown	005B2FB3:t1159 typed_copy operand=0 target=	DEFAULT	retain neutral or current storage; require an exact per-use view	incompatible exact lifetime types=[pointer:/MMObjTy, pointer:/MainMenuTy]	review	1	1
005B3D60	MainMenuTy::SetMode	local_lifetime	pSVar8/mg0	pointer(pointer:/StartServTy) -> unknown	005B43AD:t1893 call_argument operand=0 target=00404C2D	ANALYSIS; direct=00404C2D; resolved=00540890	retain neutral or current storage; require an exact per-use view	incompatible exact lifetime types=[pointer:/StartServTy, pointer:/char]	review	1	1
005B3D60	MainMenuTy::SetMode	local_lifetime	pSVar8/mg2	pointer(pointer:/StartServTy) -> unknown	005B44E9:t1248 call_argument operand=0 target=00404C2D	ANALYSIS; direct=00404C2D; resolved=00540890	retain neutral or current storage; require an exact per-use view	incompatible exact lifetime types=[pointer:/StartServTy, pointer:/char]	review	1	1
005B4BB0	MainMenuTy::GetMessage	local_lifetime	local_8/mg0	pointer(pointer:/MainMenuTy) -> unknown	005B4BC4:t2828 typed_copy operand=0 target=	DEFAULT	retain neutral or current storage; require an exact per-use view	incompatible exact lifetime types=[pointer:/MMObjTy, pointer:/MainMenuTy]	review	1	1
005B67A0	MMMObjTy::OutRGlProc	local_lifetime	param_1/mg0	scalar(/int) -> pointer(pointer:/SubmarineTitans/Recovered/PointerShapes/RecoveredGlobalRecordView_00854EB8)	005B67F7:t117 call_argument operand=0 target=006C68F0	DEFAULT; direct=006C68F0	unattachable High lifetime is represented by the exact address-stable per-use boundary 005B67F7:t117|006C68F0|0	exact call-boundary type is proven, but no same-width transparent p-code path reattaches that argument to one persistent HighSymbol; complete CALL-operand scan records an address-local source view only	neutralized	1	1
005B67A0		unattachable_call_argument_lifetime	generated per-use lifetime	anchors=005B67F7:t117; target=006C68F0; operand=0; locals=param_1; transition=/int -> pointer:/SubmarineTitans/Recovered/PointerShapes/RecoveredGlobalRecordView_00854EB8	verified by the matching Ghidra analyzer/export evidence	source audit kind=exact_machine_lifetime_call_view	exact source-only lifetime/view; Program ABI unchanged	Ghidra cannot persist this split without merging unrelated machine lifetimes	neutralized	1	1
005B68B0	MMMObjTy::OutBSlProc	local_lifetime	param_1/mg0	pointer(pointer:/SubmarineTitans/Recovered/LibraryContexts/DDXContext) -> scalar(/int)	005B6944:t214 call_argument operand=0 target=006C6470	DEFAULT; direct=006C6470	unattachable High lifetime is represented by the exact address-stable per-use boundary 005B6944:t214|006C6470|0	exact call-boundary type is proven, but no same-width transparent p-code path reattaches that argument to one persistent HighSymbol; complete CALL-operand scan records an address-local source view only	neutralized	1	1
005B68B0		unattachable_call_argument_lifetime	generated per-use lifetime	anchors=005B6944:t214; target=006C6470; operand=0; locals=param_1; transition=pointer:/SubmarineTitans/Recovered/LibraryContexts/DDXContext -> /int	verified by the matching Ghidra analyzer/export evidence	source audit kind=exact_machine_lifetime_call_view	exact source-only lifetime/view; Program ABI unchanged	Ghidra cannot persist this split without merging unrelated machine lifetimes	neutralized	1	1
005B69F0	ChatGlassTy::OutChGlProc	local_lifetime	param_1/mg0	pointer(pointer:/SubmarineTitans/Recovered/PointerShapes/RecoveredGlobalRecordView_00854EB8) -> scalar(/int)	005B6A7B:t189 call_argument operand=0 target=006C53B0	DEFAULT; direct=006C53B0	unattachable High lifetime is represented by the exact address-stable per-use boundary 005B6A7B:t189|006C53B0|0	exact call-boundary type is proven, but no same-width transparent p-code path reattaches that argument to one persistent HighSymbol; complete CALL-operand scan records an address-local source view only	neutralized	1	1
005B69F0		unattachable_call_argument_lifetime	generated per-use lifetime	anchors=005B6A7B:t189; target=006C53B0; operand=0; locals=param_1; transition=pointer:/SubmarineTitans/Recovered/PointerShapes/RecoveredGlobalRecordView_00854EB8 -> /int	verified by the matching Ghidra analyzer/export evidence	source audit kind=exact_machine_lifetime_call_view	exact source-only lifetime/view; Program ABI unchanged	Ghidra cannot persist this split without merging unrelated machine lifetimes	neutralized	1	1
005B6F10	MMsgTy::DoneMMsg	local_lifetime	local_8/mg0	pointer(pointer:/MMsgTy) -> unknown	005B6F31:t407 typed_copy operand=0 target=	DEFAULT	retain neutral or current storage; require an exact per-use view	incompatible exact lifetime types=[pointer:/MMObjTy, pointer:/MMsgTy]	review	1	1
005B87D0	MMsgTy::SetPanel	local_lifetime	local_14/mg0	pointer(pointer:/MMsgTy) -> unknown	005B8813:t3648 typed_copy operand=0 target=	DEFAULT	retain neutral or current storage; require an exact per-use view	incompatible exact lifetime types=[pointer:/MMObjTy, pointer:/MMsgTy]	review	1	1
005B9170	MMsgTy::CloseSprBut	local_lifetime	local_10/mg0	pointer(pointer:/MMsgTy) -> unknown	005B9196:t1175 typed_copy operand=0 target=	DEFAULT	retain neutral or current storage; require an exact per-use view	incompatible exact lifetime types=[pointer:/MMObjTy, pointer:/MMsgTy]	review	1	1
005B9330	MMsgTy::GetMessage	local_lifetime	local_8/mg0	pointer(pointer:/MMsgTy) -> unknown	005B9340:t1190 typed_copy operand=0 target=	DEFAULT	retain neutral or current storage; require an exact per-use view	incompatible exact lifetime types=[pointer:/MMObjTy, pointer:/MMsgTy]	review	1	1
005B99F0	MMMObjTy::OutEdProc	local_lifetime	param_1/mg0	pointer(pointer:/SubmarineTitans/Recovered/PointerShapes/RecoveredGlobalRecordView_00854EB8) -> scalar(/int)	005B9A77:t184 call_argument operand=0 target=006C53B0	DEFAULT; direct=006C53B0	unattachable High lifetime is represented by the exact address-stable per-use boundary 005B9A77:t184|006C53B0|0	exact call-boundary type is proven, but no same-width transparent p-code path reattaches that argument to one persistent HighSymbol; complete CALL-operand scan records an address-local source view only	neutralized	1	1
005B99F0		unattachable_call_argument_lifetime	generated per-use lifetime	anchors=005B9A77:t184; target=006C53B0; operand=0; locals=param_1; transition=pointer:/SubmarineTitans/Recovered/PointerShapes/RecoveredGlobalRecordView_00854EB8 -> /int	verified by the matching Ghidra analyzer/export evidence	source audit kind=exact_machine_lifetime_call_view	exact source-only lifetime/view; Program ABI unchanged	Ghidra cannot persist this split without merging unrelated machine lifetimes	neutralized	1	1
005B9B10	PrividerTy::InitPrivider	local_lifetime	puVar6/mg0	pointer(pointer:/undefined4) -> pointer(pointer:/SpriteClassTy)	005B9CDE:t408 call_argument operand=0 target=007158A0	ANALYSIS; direct=007158A0	retain neutral or current storage; require an exact per-use view	separate decompiler merge group; exact_type_votes=1; score=4; sources=[call_argument]; one-way call conversion alone is review-only; exact call-boundary type is proven, but no same-width transparent p-code path reattaches that argument to one persistent HighSymbol	review	1	1
005B9B10	PrividerTy::InitPrivider	local_lifetime	resourceString/mg0	pointer(pointer:/ccFntTy) -> unknown	005B9F0E:t1093 call_return operand=-1 target=006B0140	USE_SITE_OVERRIDE; direct=006B0140	retain neutral or current storage; require an exact per-use view	incompatible exact lifetime types=[pointer:/ccFntTy, pointer:/char]	review	1	1
005BA560	PrividerTy::DonePrivider	local_lifetime	local_8/mg0	pointer(pointer:/PrividerTy) -> unknown	005BA583:t2216 typed_copy operand=0 target=	DEFAULT	retain neutral or current storage; require an exact per-use view	incompatible exact lifetime types=[pointer:/MMObjTy, pointer:/PrividerTy]	review	1	1
005BB910	PrividerTy::CloseButtons	local_lifetime	local_8/mg0	pointer(pointer:/PrividerTy) -> unknown	005BB931:t440 typed_copy operand=0 target=	DEFAULT	retain neutral or current storage; require an exact per-use view	incompatible exact lifetime types=[pointer:/MMObjTy, pointer:/PrividerTy]	review	1	1
005BC5E0	PrividerTy::GetMessage	local_lifetime	local_c/mg0	pointer(pointer:/PrividerTy) -> unknown	005BC5F4:t8721 typed_copy operand=0 target=	DEFAULT	retain neutral or current storage; require an exact per-use view	incompatible exact lifetime types=[pointer:/MMMObjTy, pointer:/MMObjTy, pointer:/PrividerTy]	review	1	1
005BD4B0	MReportTy::OutTGlProc	local_lifetime	local_8/mg0	scalar(/int) -> unknown	005BD515:t132 call_return operand=-1 target=006B50C0	ANALYSIS; direct=006B50C0	retain neutral or current storage; require an exact per-use view	incompatible exact lifetime types=[/int, pointer:/int]	review	1	1
005BD4B0	MReportTy::OutTGlProc	local_lifetime	local_8/mg0	scalar(/int) -> pointer(pointer:/int)	005BD699:t681 call_argument operand=3 target=006C5000	DEFAULT; direct=006C5000	unattachable High lifetime is represented by the exact address-stable per-use boundary 005BD699:t681|006C5000|3	exact call-boundary type is proven, but no same-width transparent p-code path reattaches that argument to one persistent HighSymbol; complete CALL-operand scan records an address-local source view only	neutralized	1	1
005BD4B0		unattachable_call_argument_lifetime	generated per-use lifetime	anchors=005BD699:t681; target=006C5000; operand=3; locals=local_8; transition=/int -> pointer:/int	verified by the matching Ghidra analyzer/export evidence	source audit kind=exact_machine_lifetime_call_view	exact source-only lifetime/view; Program ABI unchanged	Ghidra cannot persist this split without merging unrelated machine lifetimes	neutralized	1	1
005BE5B0	MReportTy::PaintMReport	local_lifetime	local_c/mg0	scalar(/int) -> unknown	005BF1D9:t2543 call_return operand=-1 target=006B50C0	ANALYSIS; direct=006B50C0	retain neutral or current storage; require an exact per-use view	incompatible exact lifetime types=[/int, pointer:/int]	review	1	1
005BE5B0	MReportTy::PaintMReport	local_lifetime	local_c/mg0	scalar(/int) -> pointer(pointer:/int)	005BF3B6:t3342 call_argument operand=3 target=006C5000	DEFAULT; direct=006C5000	unattachable High lifetime is represented by the exact address-stable per-use boundary 005BF3B6:t3342|006C5000|3	exact call-boundary type is proven, but no same-width transparent p-code path reattaches that argument to one persistent HighSymbol; complete CALL-operand scan records an address-local source view only	neutralized	1	1
005BE5B0		unattachable_call_argument_lifetime	generated per-use lifetime	anchors=005BF3B6:t3342; target=006C5000; operand=3; locals=local_c; transition=/int -> pointer:/int	verified by the matching Ghidra analyzer/export evidence	source audit kind=exact_machine_lifetime_call_view	exact source-only lifetime/view; Program ABI unchanged	Ghidra cannot persist this split without merging unrelated machine lifetimes	neutralized	1	1
005C0B00	MReportTy::PaintBut	local_lifetime	local_14/mg0	pointer(pointer:/SubmarineTitans/Recovered/ClassPointees/AnonPointee_MReportTy_0077) -> unknown	005C0C49:t563 call_argument operand=1 target=00710A90	DEFAULT; direct=00710A90	retain neutral or current storage; require an exact per-use view	incompatible exact lifetime types=[/int, pointer:/SubmarineTitans/Recovered/ClassPointees/AnonPointee_MReportTy_0073]	review	1	1
005C0B00	MReportTy::PaintBut	local_lifetime	local_18/mg0	pointer(pointer:/uint) -> unknown	005C0C49:t2377 typed_copy operand=0 target=	DEFAULT	retain neutral or current storage; require an exact per-use view	incompatible exact lifetime types=[pointer:/char, pointer:/uint]	review	1	1
005C0B00	MReportTy::PaintBut	local_lifetime	local_1c/mg0	pointer(pointer:/byte) -> scalar(/int)	005C0CFB:t771 call_argument operand=8 target=006B48E0	DEFAULT; direct=006B48E0	unattachable High lifetime is represented by the exact address-stable per-use boundary 005C0CFB:t771|006B48E0|8	pointer-shaped local has only scalar consumers; exact_type_votes=1; score=4; sources=[call_argument]; one-way call conversion alone is review-only; exact call-boundary type is proven, but no same-width transparent p-code path reattaches that argument to one persistent HighSymbol	neutralized	1	1
005C0B00	MReportTy::PaintBut	local_lifetime	local_8/mg0	pointer(pointer:/undefined4) -> scalar(/uint)	005C0CFB:t771 call_argument operand=7 target=006B48E0	DEFAULT; direct=006B48E0	unattachable High lifetime is represented by the exact address-stable per-use boundary 005C0CFB:t771|006B48E0|7	single undefined local lifetime; exact_type_votes=1; score=4; sources=[call_argument]; one-way call conversion alone is review-only; exact call-boundary type is proven, but no same-width transparent p-code path reattaches that argument to one persistent HighSymbol	neutralized	1	1
005C0B00	MReportTy::PaintBut	local_lifetime	pAVar5/mg0	pointer(pointer:/SubmarineTitans/Recovered/ClassPointees/AnonPointee_MReportTy_0077) -> unknown	005C0C49:t563 call_argument operand=1 target=00710A90	DEFAULT; direct=00710A90	retain neutral or current storage; require an exact per-use view	incompatible exact lifetime types=[/int, pointer:/SubmarineTitans/Recovered/ClassPointees/AnonPointee_MReportTy_0073]	review	1	1
005C0B00	MReportTy::PaintBut	local_lifetime	pAVar5/mg0	pointer(pointer:/SubmarineTitans/Recovered/ClassPointees/AnonPointee_MReportTy_0077) -> scalar(/int)	005C0C49:t563 call_argument operand=1 target=00710A90	DEFAULT; direct=00710A90	unattachable High lifetime is represented by the exact address-stable per-use boundary 005C0C49:t563|00710A90|1	exact call-boundary type is proven, but no same-width transparent p-code path reattaches that argument to one persistent HighSymbol; complete CALL-operand scan records an address-local source view only	neutralized	1	1
005C0B00		unattachable_call_argument_lifetime	generated per-use lifetime	anchors=005C0C49:t563; target=00710A90; operand=1; locals=pAVar5; transition=pointer:/SubmarineTitans/Recovered/ClassPointees/AnonPointee_MReportTy_0077 -> /int	verified by the matching Ghidra analyzer/export evidence	source audit kind=exact_machine_lifetime_call_view	exact source-only lifetime/view; Program ABI unchanged	Ghidra cannot persist this split without merging unrelated machine lifetimes	neutralized	1	1
005C0B00		unattachable_call_argument_lifetime	generated per-use lifetime	anchors=005C0CFB:t771; target=006B48E0; operand=7; locals=local_8; transition=pointer:/undefined4 -> /uint	verified by the matching Ghidra analyzer/export evidence	source audit kind=exact_machine_lifetime_call_view	exact source-only lifetime/view; Program ABI unchanged	Ghidra cannot persist this split without merging unrelated machine lifetimes	neutralized	1	1
005C0B00		unattachable_call_argument_lifetime	generated per-use lifetime	anchors=005C0CFB:t771; target=006B48E0; operand=8; locals=local_1c; transition=pointer:/byte -> /int	verified by the matching Ghidra analyzer/export evidence	source audit kind=exact_machine_lifetime_call_view	exact source-only lifetime/view; Program ABI unchanged	Ghidra cannot persist this split without merging unrelated machine lifetimes	neutralized	1	1
005C29B0	SettMapMTy::sub_005C29B0	local_lifetime	pSVar3/mg0	pointer(pointer:/SubmarineTitans/Recovered/DArraySpecializations/SettMapMTy_field_1F7CDArray) -> darray_pointer(pointer:/SubmarineTitans/Recovered/DArrayTy)	005C31DD:t2152 call_argument operand=0 target=006AE1C0	ANALYSIS; direct=006AE1C0	retain neutral or current storage; require an exact per-use view	separate decompiler merge group; exact_type_votes=1; score=4; sources=[call_argument]; one-way call conversion alone is review-only; exact call-boundary type is proven, but no same-width transparent p-code path reattaches that argument to one persistent HighSymbol	review	1	1
005C4930	SettMapTy::DoneSettMap	local_lifetime	local_8/mg0	pointer(pointer:/SettMapTy) -> unknown	005C4954:t3908 typed_copy operand=0 target=	DEFAULT	retain neutral or current storage; require an exact per-use view	incompatible exact lifetime types=[pointer:/MMObjTy, pointer:/SettMapTy]	review	1	1
005C5B60	SettMapTy::CloseButtons	local_lifetime	local_8/mg0	pointer(pointer:/SettMapTy) -> unknown	005C5B81:t669 typed_copy operand=0 target=	DEFAULT	retain neutral or current storage; require an exact per-use view	incompatible exact lifetime types=[pointer:/MMObjTy, pointer:/SettMapTy]	review	1	1
005C8200	SubmarineTitans::Recovered::HiddenThis::RecoveredReceiver_0053F510::FUN_005c8200	local_lifetime	local_c/mg0	pointer(pointer:/SubmarineTitans/Recovered/HiddenThis/RecoveredReceiver_0053F510) -> unknown	005C8226:t5880 prior_script_repair_copy operand=-1 target=	pointer:/SettMapTy	retain neutral or current storage; require an exact per-use view	incompatible exact lifetime types=[pointer:/SettMapTy, pointer:/SubmarineTitans/Recovered/HiddenThis/RecoveredReceiver_0053F510]	review	1	1
005C8A40	SettMapTy::GetMessage	local_lifetime	local_38/mg0	pointer(pointer:/SettMapTy) -> unknown	005C8A54:t48950 typed_copy operand=0 target=	DEFAULT	retain neutral or current storage; require an exact per-use view	incompatible exact lifetime types=[pointer:/MMMObjTy, pointer:/MMObjTy, pointer:/SettMapTy]	review	1	1
005C8A40	SettMapTy::GetMessage	local_lifetime	local_c/mg0	darray_pointer(pointer:/SubmarineTitans/Recovered/DArrayTy) -> scalar(/uint)	005CA0D4:t9700 unsigned_scalar_role operand=1 target=	INT_LESS	retain neutral or current storage; require an exact per-use view	single receiver-alias lifetime; exact_type_votes=1; score=4; sources=[scalar_arithmetic]; one-way call conversion alone is review-only	review	1	1
005CD430	SettMapMTy::PrepPlList	local_lifetime	bVar17/mg2	scalar(/bool) -> unknown	005CD650:t1272 boolean_scalar_role operand=-1 target=	INT_LESS	retain neutral or current storage; require an exact per-use view	incompatible exact lifetime types=[/bool, /byte]	review	1	1
005CD430	SettMapMTy::PrepPlList	local_lifetime	pSVar11/mg0	pointer(pointer:/SettMapMTy) -> unknown	005CD765:t837 call_argument operand=0 target=004013A7	ANALYSIS; direct=004013A7; resolved=005D1100	retain neutral or current storage; require an exact per-use view	incompatible exact lifetime types=[pointer:/SettMapMTy, pointer:/SettMapTy]	review	1	1
005CE0E0	SettMapMTy::NoneSettMap	local_lifetime	bVar28/mg5	scalar(/bool) -> unknown	005CEF38:t5732 boolean_scalar_role operand=-1 target=	INT_LESS	retain neutral or current storage; require an exact per-use view	incompatible exact lifetime types=[/bool, /byte]	review	1	1
005CE0E0	SettMapMTy::NoneSettMap	local_lifetime	local_10/mg0	pointer(pointer:/int) -> scalar(/uint)	005CF1B3:t4885 call_argument operand=1 target=006ACF50	ANALYSIS; direct=006ACF50	unattachable High lifetime is represented by the exact address-stable per-use boundary 005CF1B3:t4885|006ACF50|1	exact call-boundary type is proven, but no same-width transparent p-code path reattaches that argument to one persistent HighSymbol; complete CALL-operand scan records an address-local source view only	neutralized	1	1
005CE0E0	SettMapMTy::NoneSettMap	local_lifetime	local_5c/mg0	pointer(pointer:/SettMapMTy) -> unknown	005CE121:t30021 typed_copy operand=0 target=	DEFAULT	retain neutral or current storage; require an exact per-use view	incompatible exact lifetime types=[pointer:/SettMapMTy, pointer:/SettMapTy]	review	1	1
005CE0E0		unattachable_call_argument_lifetime	generated per-use lifetime	anchors=005CF1B3:t4885; target=006ACF50; operand=1; locals=local_10; transition=pointer:/int -> /uint	verified by the matching Ghidra analyzer/export evidence	source audit kind=exact_machine_lifetime_call_view	exact source-only lifetime/view; Program ABI unchanged	Ghidra cannot persist this split without merging unrelated machine lifetimes	neutralized	1	1
005D0ED0	SettMapMTy::ChangePlayerList	local_lifetime	pSVar4/mg1	pointer(pointer:/SettMapMTy) -> unknown	005D1010:t527 call_argument operand=0 target=00405B7D	ANALYSIS; direct=00405B7D; resolved=005D1380	retain neutral or current storage; require an exact per-use view	incompatible exact lifetime types=[pointer:/SettMapMTy, pointer:/SettMapTy]	review	1	1
005D1400	SettMapMTy::GetMessage	local_lifetime	local_10/mg0	pointer(pointer:/char) -> scalar(/int)	005D15F7:t1159 call_argument operand=5 target=00710A90	DEFAULT; direct=00710A90	unattachable High lifetime is represented by the exact address-stable per-use boundary 005D15F7:t1159|00710A90|5	pointer-shaped local has only scalar consumers; exact_type_votes=1; score=4; sources=[call_argument]; one-way call conversion alone is review-only; exact call-boundary type is proven, but no same-width transparent p-code path reattaches that argument to one persistent HighSymbol	neutralized	1	1
005D1400	SettMapMTy::GetMessage	local_lifetime	local_30/mg0	pointer(pointer:/undefined1) -> scalar(/uint)	005D3257:t8475 unsigned_scalar_role operand=1 target=	INT_LESS	retain neutral or current storage; require an exact per-use view	pointer-shaped local has only scalar consumers; exact_type_votes=1; score=4; sources=[scalar_arithmetic]; one-way call conversion alone is review-only	review	1	1
005D1400	SettMapMTy::GetMessage	local_lifetime	local_48/mg0	pointer(pointer:/SettMapMTy) -> unknown	005D1414:t60408 typed_copy operand=0 target=	DEFAULT	retain neutral or current storage; require an exact per-use view	incompatible exact lifetime types=[pointer:/MMMObjTy, pointer:/MMObjTy, pointer:/SettMapMTy, pointer:/SettMapTy]	review	1	1
005D1400	SettMapMTy::GetMessage	local_lifetime	pcVar16/mg0	pointer(pointer:/ccFntTy) -> unknown	005D160A:t1178 call_return operand=-1 target=006B0140	USE_SITE_OVERRIDE; direct=006B0140	retain neutral or current storage; require an exact per-use view	incompatible exact lifetime types=[pointer:/ccFntTy, pointer:/char]	review	1	1
005D1400	SettMapMTy::GetMessage	local_lifetime	pcVar16/mg4	pointer(pointer:/ccFntTy) -> unknown	005D3926:t13823 call_return operand=-1 target=0040326F	USE_SITE_OVERRIDE; direct=0040326F; resolved=00540C40	retain neutral or current storage; require an exact per-use view	incompatible exact lifetime types=[pointer:/ccFntTy, pointer:/char]	review	1	1
005D1400	SettMapMTy::GetMessage	local_lifetime	pcVar16/mg5	pointer(pointer:/ccFntTy) -> unknown	005D38C7:t13712 call_return operand=-1 target=0040326F	USE_SITE_OVERRIDE; direct=0040326F; resolved=00540C40	retain neutral or current storage; require an exact per-use view	incompatible exact lifetime types=[pointer:/ccFntTy, pointer:/char]	review	1	1
005D1400		unattachable_call_argument_lifetime	generated per-use lifetime	anchors=005D15F7:t1159; target=00710A90; operand=5; locals=local_10; transition=pointer:/char -> /int	verified by the matching Ghidra analyzer/export evidence	source audit kind=exact_machine_lifetime_call_view	exact source-only lifetime/view; Program ABI unchanged	Ghidra cannot persist this split without merging unrelated machine lifetimes	neutralized	1	1
005D5160	SettMapSTy::PrepPlList	local_lifetime	bVar14/mg1	scalar(/bool) -> unknown	005D532B:t1019 boolean_scalar_role operand=-1 target=	INT_LESS	retain neutral or current storage; require an exact per-use view	incompatible exact lifetime types=[/bool, /byte]	review	1	1
005D5560	SettMapSTy::GetMessage	local_lifetime	local_44/mg0	pointer(pointer:/SettMapTy) -> unknown	005D55B7:t86 call_argument operand=0 target=0040327E	ANALYSIS; direct=0040327E; resolved=005C8A40	retain neutral or current storage; require an exact per-use view	incompatible exact lifetime types=[pointer:/MMObjTy, pointer:/SettMapTy]	review	1	1
005D5560	SettMapSTy::GetMessage	local_lifetime	pcVar14/mg28	pointer(pointer:/char) -> scalar(/uint)	005D6552:t7121 unsigned_scalar_role operand=1 target=	INT_LESS	retain neutral or current storage; require an exact per-use view	separate decompiler merge group; exact_type_votes=1; score=4; sources=[scalar_arithmetic]; one-way call conversion alone is review-only	review	1	1
005D5560	SettMapSTy::GetMessage	local_lifetime	pcVar20/mg3	pointer(pointer:/ccFntTy) -> unknown	005D6DDA:t9766 call_return operand=-1 target=0040326F	USE_SITE_OVERRIDE; direct=0040326F; resolved=00540C40	retain neutral or current storage; require an exact per-use view	incompatible exact lifetime types=[pointer:/ccFntTy, pointer:/char]	review	1	1
005D5560	SettMapSTy::GetMessage	local_lifetime	pcVar20/mg4	pointer(pointer:/ccFntTy) -> unknown	005D6D79:t9655 call_return operand=-1 target=0040326F	USE_SITE_OVERRIDE; direct=0040326F; resolved=00540C40	retain neutral or current storage; require an exact per-use view	incompatible exact lifetime types=[pointer:/ccFntTy, pointer:/char]	review	1	1
005D7A50	SIDTy::InitSID	local_lifetime	puVar3/mg0	pointer(pointer:/undefined4) -> pointer(pointer:/SpriteClassTy)	005D7A9D:t91 call_argument operand=0 target=007158A0	ANALYSIS; direct=007158A0	retain neutral or current storage; require an exact per-use view	separate decompiler merge group; exact_type_votes=1; score=4; sources=[call_argument]; one-way call conversion alone is review-only; exact call-boundary type is proven, but no same-width transparent p-code path reattaches that argument to one persistent HighSymbol	review	1	1
005D7F80	SIDTy::DoneSID	local_lifetime	local_8/mg0	pointer(pointer:/SIDTy) -> unknown	005D7FA1:t1128 typed_copy operand=0 target=	DEFAULT	retain neutral or current storage; require an exact per-use view	incompatible exact lifetime types=[pointer:/MMObjTy, pointer:/SIDTy]	review	1	1
005D8BF0	SIDTy::PrepFiles	local_lifetime	bVar19/mg0	scalar(/bool) -> unknown	005D8D58:t478 boolean_scalar_role operand=-1 target=	INT_LESS	retain neutral or current storage; require an exact per-use view	incompatible exact lifetime types=[/bool, /byte]	review	1	1
005D8BF0	SIDTy::PrepFiles	local_lifetime	bVar19/mg1	scalar(/bool) -> unknown	005D8D98:t576 boolean_scalar_role operand=-1 target=	INT_LESS	retain neutral or current storage; require an exact per-use view	incompatible exact lifetime types=[/bool, /byte]	review	1	1
005D8BF0	SIDTy::PrepFiles	local_lifetime	bVar19/mg2	scalar(/bool) -> unknown	005D8FEC:t1378 boolean_scalar_role operand=-1 target=	INT_LESS	retain neutral or current storage; require an exact per-use view	incompatible exact lifetime types=[/bool, /byte]	review	1	1
005D9470	SIDTy::GetMessage	local_lifetime	local_10/mg0	pointer(pointer:/SIDTy) -> unknown	005D9481:t8484 typed_copy operand=0 target=	DEFAULT	retain neutral or current storage; require an exact per-use view	incompatible exact lifetime types=[pointer:/MMMObjTy, pointer:/MMObjTy, pointer:/SIDTy]	review	1	1
005DA130	FUN_005da130	local_lifetime	param_1/mg0	pointer(pointer:/ushort) -> scalar(/int)	005DA2A0:t451 call_argument operand=4 target=0070D1F0	DEFAULT; direct=0070D1F0	unattachable High lifetime is represented by the exact address-stable per-use boundary 005DA2A0:t451|0070D1F0|4	exact call-boundary type is proven, but no same-width transparent p-code path reattaches that argument to one persistent HighSymbol; complete CALL-operand scan records an address-local source view only	neutralized	1	1
005DA130		unattachable_call_argument_lifetime	generated per-use lifetime	anchors=005DA2A0:t451; target=0070D1F0; operand=4; locals=param_1; transition=pointer:/ushort -> /int	verified by the matching Ghidra analyzer/export evidence	source audit kind=exact_machine_lifetime_call_view	exact source-only lifetime/view; Program ABI unchanged	Ghidra cannot persist this split without merging unrelated machine lifetimes	neutralized	1	1
005DC730	StartSystemTy::SetObjectives	local_lifetime	param_1/mg0	scalar(/int) -> pointer(pointer:/cMf32)	005DC788:t106 call_argument operand=0 target=0071AA10	DEFAULT; direct=0071AA10	unattachable High lifetime is represented by the exact address-stable per-use boundary 005DC788:t106|0071AA10|0	exact call-boundary type is proven, but no same-width transparent p-code path reattaches that argument to one persistent HighSymbol; complete CALL-operand scan records an address-local source view only	neutralized	1	1
005DC730	StartSystemTy::SetObjectives	local_lifetime	param_1/mg0	scalar(/int) -> pointer(pointer:/cMf32)	005DC7C7:t183 call_argument operand=0 target=0071AA10	DEFAULT; direct=0071AA10	unattachable High lifetime is represented by the exact address-stable per-use boundary 005DC7C7:t183|0071AA10|0	exact call-boundary type is proven, but no same-width transparent p-code path reattaches that argument to one persistent HighSymbol; complete CALL-operand scan records an address-local source view only	neutralized	1	1
005DC730		unattachable_call_argument_lifetime	generated per-use lifetime	anchors=005DC788:t106,005DC7C7:t183; target=0071AA10; operand=0; locals=param_1; transition=/int -> pointer:/cMf32	verified by the matching Ghidra analyzer/export evidence	source audit kind=exact_machine_lifetime_call_view	exact source-only lifetime/view; Program ABI unchanged	Ghidra cannot persist this split without merging unrelated machine lifetimes	neutralized	1	1
005DC730		unattachable_call_argument_lifetime	generated per-use lifetime	anchors=005DC788:t106,005DC7C7:t183; target=0071AA10; operand=0; locals=param_1; transition=/int -> pointer:/cMf32	verified by the matching Ghidra analyzer/export evidence	source audit kind=exact_machine_lifetime_call_view	exact source-only lifetime/view; Program ABI unchanged	Ghidra cannot persist this split without merging unrelated machine lifetimes	neutralized	1	1
005DF640	MTaskTy::OutGlassTxtProc	local_lifetime	param_1/mg0	pointer(pointer:/int) -> scalar(/int)	005DF6DA:t248 call_argument operand=0 target=006B48E0	DEFAULT; direct=006B48E0	unattachable High lifetime is represented by the exact address-stable per-use boundary 005DF6DA:t248|006B48E0|0	exact call-boundary type is proven, but no same-width transparent p-code path reattaches that argument to one persistent HighSymbol; complete CALL-operand scan records an address-local source view only	neutralized	1	1
005DF640		unattachable_call_argument_lifetime	generated per-use lifetime	anchors=005DF6DA:t248; target=006B48E0; operand=0; locals=param_1; transition=pointer:/int -> /int	verified by the matching Ghidra analyzer/export evidence	source audit kind=exact_machine_lifetime_call_view	exact source-only lifetime/view; Program ABI unchanged	Ghidra cannot persist this split without merging unrelated machine lifetimes	neutralized	1	1
005DF7C0	MTaskTy::OutGlassATxtProc	local_lifetime	param_1/mg0	pointer(pointer:/int) -> scalar(/int)	005DF856:t243 call_argument operand=0 target=006B48E0	DEFAULT; direct=006B48E0	unattachable High lifetime is represented by the exact address-stable per-use boundary 005DF856:t243|006B48E0|0	exact call-boundary type is proven, but no same-width transparent p-code path reattaches that argument to one persistent HighSymbol; complete CALL-operand scan records an address-local source view only	neutralized	1	1
005DF7C0		unattachable_call_argument_lifetime	generated per-use lifetime	anchors=005DF856:t243; target=006B48E0; operand=0; locals=param_1; transition=pointer:/int -> /int	verified by the matching Ghidra analyzer/export evidence	source audit kind=exact_machine_lifetime_call_view	exact source-only lifetime/view; Program ABI unchanged	Ghidra cannot persist this split without merging unrelated machine lifetimes	neutralized	1	1
005DFA30	MTaskTy::InitMTask	local_lifetime	pMVar6_mg1/mg0	pointer(pointer:/SubmarineTitans/Recovered/DArraySpecializations/MTaskTy_field_0074DArray) -> unknown	005DFC23:t632 call_return operand=-1 target=006AE290	USE_SITE_OVERRIDE; direct=006AE290	retain neutral or current storage; require an exact per-use view	incompatible exact lifetime types=[pointer:/SubmarineTitans/Recovered/DArraySpecializations/MTaskTy_field_0074DArray, pointer:/SubmarineTitans/Recovered/DArrayTy]	review	1	1
005E1330	MTaskTy::PlayScript	local_lifetime	bVar27/mg0	scalar(/bool) -> unknown	005E149C:t780 boolean_scalar_role operand=-1 target=	INT_LESS	retain neutral or current storage; require an exact per-use view	incompatible exact lifetime types=[/bool, /byte]	review	1	1
005E1330	MTaskTy::PlayScript	local_lifetime	bVar27/mg1	scalar(/bool) -> unknown	005E169A:t1924 boolean_scalar_role operand=-1 target=	INT_LESS	retain neutral or current storage; require an exact per-use view	incompatible exact lifetime types=[/bool, /byte]	review	1	1
005E1330	MTaskTy::PlayScript	local_lifetime	bVar27/mg2	scalar(/bool) -> unknown	005E1936:t3407 boolean_scalar_role operand=-1 target=	INT_LESS	retain neutral or current storage; require an exact per-use view	incompatible exact lifetime types=[/bool, /byte]	review	1	1
005E1330	MTaskTy::PlayScript	local_lifetime	bVar27/mg3	scalar(/bool) -> unknown	005E2FD9:t5418 boolean_scalar_role operand=-1 target=	INT_LESS	retain neutral or current storage; require an exact per-use view	incompatible exact lifetime types=[/bool, /byte]	review	1	1
005E1330	MTaskTy::PlayScript	local_lifetime	dVar13/mg0	scalar(/dword) -> scalar(/uint)	005E1392:t87 unsigned_scalar_role operand=1 target=	INT_LESS	retain neutral or current storage; require an exact per-use view	separate decompiler merge group; exact_type_votes=1; score=4; sources=[scalar_arithmetic]; one-way call conversion alone is review-only	review	1	1
005E1330	MTaskTy::PlayScript	local_lifetime	local_138/mg0	pointer(pointer:/SubmarineTitans/Recovered/PointerShapes/RecoveredRecord_006B4FA0_DAC3A217) -> scalar(/int)	005E2B5B:t7024 call_argument operand=1 target=00710A90	DEFAULT; direct=00710A90	unattachable High lifetime is represented by the exact address-stable per-use boundary 005E2B5B:t7024|00710A90|1	exact call-boundary type is proven, but no same-width transparent p-code path reattaches that argument to one persistent HighSymbol; complete CALL-operand scan records an address-local source view only	neutralized	1	1
005E1330	MTaskTy::PlayScript	local_lifetime	local_28/mg0	darray_pointer(pointer:/SubmarineTitans/Recovered/DArrayTy) -> scalar(/int)	005E2BBF:t7139 call_argument operand=2 target=00713080	DEFAULT; direct=00713080	unattachable High lifetime is represented by the exact address-stable per-use boundary 005E2BBF:t7139|00713080|2	single receiver-alias lifetime; exact_type_votes=1; score=4; sources=[call_argument]; one-way call conversion alone is review-only; exact call-boundary type is proven, but no same-width transparent p-code path reattaches that argument to one persistent HighSymbol	neutralized	1	1
005E1330	MTaskTy::PlayScript	local_lifetime	local_8/mg0	pointer(pointer:/SubmarineTitans/Recovered/PointerShapes/AnonShape_005E1330_1AE0EB1C) -> pointer(pointer:/char)	005E2B72:t7049 call_argument operand=1 target=006B5AA0	ANALYSIS; direct=006B5AA0	retain neutral or current storage; require an exact per-use view	single receiver-alias lifetime; exact_type_votes=2; score=8; sources=[call_argument]; weaker generic evidence cannot replace the current nominal type; exact call-boundary type is proven, but no same-width transparent p-code path reattaches that argument to one persistent HighSymbol	review	1	1
005E1330	MTaskTy::PlayScript	local_lifetime	local_8/mg0	pointer(pointer:/SubmarineTitans/Recovered/PointerShapes/AnonShape_005E1330_1AE0EB1C) -> pointer(pointer:/char)	005E2DA2:t7909 call_argument operand=1 target=006B5AA0	ANALYSIS; direct=006B5AA0	retain neutral or current storage; require an exact per-use view	single receiver-alias lifetime; exact_type_votes=2; score=8; sources=[call_argument]; weaker generic evidence cannot replace the current nominal type; exact call-boundary type is proven, but no same-width transparent p-code path reattaches that argument to one persistent HighSymbol	review	1	1
005E1330	MTaskTy::PlayScript	local_lifetime	local_80/mg0	darray_pointer(pointer:/SubmarineTitans/Recovered/DArrayTy) -> scalar(/int)	005E2E1A:t8037 call_argument operand=1 target=00711F70	DEFAULT; direct=00711F70	unattachable High lifetime is represented by the exact address-stable per-use boundary 005E2E1A:t8037|00711F70|1	single receiver-alias lifetime; exact_type_votes=1; score=4; sources=[call_argument]; one-way call conversion alone is review-only; exact call-boundary type is proven, but no same-width transparent p-code path reattaches that argument to one persistent HighSymbol	neutralized	1	1
005E1330	MTaskTy::PlayScript	local_lifetime	local_c/mg0	pointer(pointer:/SpriteClassTy) -> unknown	005E1421:t651 call_argument operand=1 target=0070A9F0	ANALYSIS; direct=0070A9F0	retain neutral or current storage; require an exact per-use view	incompatible exact lifetime types=[pointer:/SpriteClassTy, pointer:/char]	review	1	1
005E1330		pointer_scalar_switch_lifetime	generated per-use lifetime	switch selector: SpriteClassTy * -> uint	verified by the matching Ghidra analyzer/export evidence	source audit kind=exact_pointer_switch_boundary	exact source-only lifetime/view; Program ABI unchanged	Ghidra cannot persist this split without merging unrelated machine lifetimes	neutralized	1	1
005E1330		unattachable_call_argument_lifetime	generated per-use lifetime	anchors=005E2B5B:t7024; target=00710A90; operand=1; locals=local_138; transition=pointer:/SubmarineTitans/Recovered/PointerShapes/RecoveredRecord_006B4FA0_DAC3A217 -> /int	verified by the matching Ghidra analyzer/export evidence	source audit kind=exact_machine_lifetime_call_view	exact source-only lifetime/view; Program ABI unchanged	Ghidra cannot persist this split without merging unrelated machine lifetimes	neutralized	1	1
005E1330		unattachable_call_argument_lifetime	generated per-use lifetime	anchors=005E2BBF:t7139; target=00713080; operand=2; locals=local_28; transition=pointer:/SubmarineTitans/Recovered/DArrayTy -> /int	verified by the matching Ghidra analyzer/export evidence	source audit kind=exact_machine_lifetime_call_view	exact source-only lifetime/view; Program ABI unchanged	Ghidra cannot persist this split without merging unrelated machine lifetimes	neutralized	1	1
005E1330		unattachable_call_argument_lifetime	generated per-use lifetime	anchors=005E2E1A:t8037; target=00711F70; operand=1; locals=local_80; transition=pointer:/SubmarineTitans/Recovered/DArrayTy -> /int	verified by the matching Ghidra analyzer/export evidence	source audit kind=exact_machine_lifetime_call_view	exact source-only lifetime/view; Program ABI unchanged	Ghidra cannot persist this split without merging unrelated machine lifetimes	neutralized	1	1
005E3E80	MTaskTy::CreateTextSSpr	local_lifetime	pcVar5/mg0	pointer(pointer:/ccFntTy) -> unknown	005E3FC4:t502 call_return operand=-1 target=00710BA0	USE_SITE_OVERRIDE; direct=00710BA0	retain neutral or current storage; require an exact per-use view	incompatible exact lifetime types=[/int, pointer:/ccFntTy]	review	1	1
005E3E80	MTaskTy::CreateTextSSpr	local_lifetime	pcVar5/mg0	pointer(pointer:/ccFntTy) -> scalar(/int)	005E3FD8:t525 call_argument operand=1 target=00710A90	DEFAULT; direct=00710A90	unattachable High lifetime is represented by the exact address-stable per-use boundary 005E3FD8:t525|00710A90|1	exact call-boundary type is proven, but no same-width transparent p-code path reattaches that argument to one persistent HighSymbol; complete CALL-operand scan records an address-local source view only	neutralized	1	1
005E3E80		unattachable_call_argument_lifetime	generated per-use lifetime	anchors=005E3FD8:t525; target=00710A90; operand=1; locals=pcVar5; transition=pointer:/ccFntTy -> /int	verified by the matching Ghidra analyzer/export evidence	source audit kind=exact_machine_lifetime_call_view	exact source-only lifetime/view; Program ABI unchanged	Ghidra cannot persist this split without merging unrelated machine lifetimes	neutralized	1	1
005E4570	MTaskTy::GetMessage	local_lifetime	local_8/mg0	pointer(pointer:/SubmarineTitans/Recovered/PointerShapes/AnonShape_005E4570_F1672769) -> scalar(/int)	005E4DC9:t1180 call_argument operand=6 target=00710A90	ANALYSIS; direct=00710A90	unattachable High lifetime is represented by the exact address-stable per-use boundary 005E4DC9:t1180|00710A90|6	single receiver-alias lifetime; exact_type_votes=1; score=4; sources=[call_argument]; one-way call conversion alone is review-only; exact call-boundary type is proven, but no same-width transparent p-code path reattaches that argument to one persistent HighSymbol	neutralized	1	1
005E4570	MTaskTy::GetMessage	local_lifetime	pAVar5/mg0	pointer(pointer:/SubmarineTitans/Recovered/ClassPointees/AnonPointee_MTaskTy_06BF) -> scalar(/int)	005E4F78:t1876 call_argument operand=1 target=00710A90	DEFAULT; direct=00710A90	unattachable High lifetime is represented by the exact address-stable per-use boundary 005E4F78:t1876|00710A90|1	exact call-boundary type is proven, but no same-width transparent p-code path reattaches that argument to one persistent HighSymbol; complete CALL-operand scan records an address-local source view only	neutralized	1	1
005E4570	MTaskTy::GetMessage	local_lifetime	pRVar3/mg0	pointer(pointer:/SubmarineTitans/Recovered/PointerShapes/RecoveredSourceFamily_dibcopy) -> scalar(/int)	005E4DC9:t1180 call_argument operand=1 target=00710A90	DEFAULT; direct=00710A90	unattachable High lifetime is represented by the exact address-stable per-use boundary 005E4DC9:t1180|00710A90|1	separate decompiler merge group; exact_type_votes=1; score=4; sources=[call_argument]; one-way call conversion alone is review-only; exact call-boundary type is proven, but no same-width transparent p-code path reattaches that argument to one persistent HighSymbol	neutralized	1	1
005E4570	MTaskTy::GetMessage	local_lifetime	pRVar3/mg1	pointer(pointer:/SubmarineTitans/Recovered/PointerShapes/RecoveredSourceFamily_dibcopy) -> scalar(/int)	005E5186:t4405 call_argument operand=1 target=00710A90	DEFAULT; direct=00710A90	unattachable High lifetime is represented by the exact address-stable per-use boundary 005E5186:t4405|00710A90|1	separate decompiler merge group; exact_type_votes=1; score=4; sources=[call_argument]; one-way call conversion alone is review-only; exact call-boundary type is proven, but no same-width transparent p-code path reattaches that argument to one persistent HighSymbol	neutralized	1	1
005E4570	MTaskTy::GetMessage	local_lifetime	puVar10/mg2	pointer(pointer:/undefined4) -> scalar(/WinDef.h/UINT)	005E4DE3:t1211 call_argument operand=0 target=006B0140	ANALYSIS; direct=006B0140	unattachable High lifetime is represented by the exact address-stable per-use boundary 005E4DE3:t1211|006B0140|0	separate decompiler merge group; exact_type_votes=1; score=4; sources=[call_argument]; one-way call conversion alone is review-only; exact call-boundary type is proven, but no same-width transparent p-code path reattaches that argument to one persistent HighSymbol	neutralized	1	1
005E4570		unattachable_call_argument_lifetime	generated per-use lifetime	anchors=005E4DC9:t1180,005E4F78:t1876,005E5186:t4405; target=00710A90; operand=1; locals=pAVar5,pRVar3; transition=pointer:/SubmarineTitans/Recovered/ClassPointees/AnonPointee_MTaskTy_06BF,pointer:/SubmarineTitans/Recovered/PointerShapes/RecoveredSourceFamily_dibcopy -> /int	verified by the matching Ghidra analyzer/export evidence	source audit kind=exact_machine_lifetime_call_view	exact source-only lifetime/view; Program ABI unchanged	Ghidra cannot persist this split without merging unrelated machine lifetimes	neutralized	1	1
005E4570		unattachable_call_argument_lifetime	generated per-use lifetime	anchors=005E4DC9:t1180,005E4F78:t1876,005E5186:t4405; target=00710A90; operand=1; locals=pAVar5,pRVar3; transition=pointer:/SubmarineTitans/Recovered/ClassPointees/AnonPointee_MTaskTy_06BF,pointer:/SubmarineTitans/Recovered/PointerShapes/RecoveredSourceFamily_dibcopy -> /int	verified by the matching Ghidra analyzer/export evidence	source audit kind=exact_machine_lifetime_call_view	exact source-only lifetime/view; Program ABI unchanged	Ghidra cannot persist this split without merging unrelated machine lifetimes	neutralized	1	1
005E4570		unattachable_call_argument_lifetime	generated per-use lifetime	anchors=005E4DC9:t1180,005E4F78:t1876,005E5186:t4405; target=00710A90; operand=1; locals=pAVar5,pRVar3; transition=pointer:/SubmarineTitans/Recovered/ClassPointees/AnonPointee_MTaskTy_06BF,pointer:/SubmarineTitans/Recovered/PointerShapes/RecoveredSourceFamily_dibcopy -> /int	verified by the matching Ghidra analyzer/export evidence	source audit kind=exact_machine_lifetime_call_view	exact source-only lifetime/view; Program ABI unchanged	Ghidra cannot persist this split without merging unrelated machine lifetimes	neutralized	1	1
005E4570		unattachable_call_argument_lifetime	generated per-use lifetime	anchors=005E4DC9:t1180; target=00710A90; operand=6; locals=local_8; transition=pointer:/SubmarineTitans/Recovered/PointerShapes/AnonShape_005E4570_F1672769 -> /int	verified by the matching Ghidra analyzer/export evidence	source audit kind=exact_machine_lifetime_call_view	exact source-only lifetime/view; Program ABI unchanged	Ghidra cannot persist this split without merging unrelated machine lifetimes	neutralized	1	1
005E4570		unattachable_call_argument_lifetime	generated per-use lifetime	anchors=005E4DE3:t1211; target=006B0140; operand=0; locals=puVar10; transition=pointer:/undefined4 -> /WinDef.h/UINT	verified by the matching Ghidra analyzer/export evidence	source audit kind=exact_machine_lifetime_call_view	exact source-only lifetime/view; Program ABI unchanged	Ghidra cannot persist this split without merging unrelated machine lifetimes	neutralized	1	1
005E7570	WaitTy::DoneWait	local_lifetime	local_8/mg0	pointer(pointer:/WaitTy) -> unknown	005E7593:t3128 typed_copy operand=0 target=	DEFAULT	retain neutral or current storage; require an exact per-use view	incompatible exact lifetime types=[pointer:/MMObjTy, pointer:/WaitTy]	review	1	1
005E7C00	WaitTy::AddStr	local_lifetime	pcVar7/mg0	pointer(pointer:/ccFntTy) -> unknown	005E7CB0:t212 call_return operand=-1 target=00712F80	USE_SITE_OVERRIDE; direct=00712F80	retain neutral or current storage; require an exact per-use view	incompatible exact lifetime types=[pointer:/ccFntTy, pointer:/uint]	review	1	1
005E9830	WaitTy::CloseButtons	local_lifetime	local_8/mg0	pointer(pointer:/WaitTy) -> unknown	005E9851:t656 typed_copy operand=0 target=	DEFAULT	retain neutral or current storage; require an exact per-use view	incompatible exact lifetime types=[pointer:/MMObjTy, pointer:/WaitTy]	review	1	1
005EA680	WaitTy::GetMessage	local_lifetime	local_c/mg0	pointer(pointer:/WaitTy) -> unknown	005EA694:t4326 typed_copy operand=0 target=	DEFAULT	retain neutral or current storage; require an exact per-use view	incompatible exact lifetime types=[pointer:/MMMObjTy, pointer:/MMObjTy, pointer:/WaitTy]	review	1	1
005EBD80	FUN_005ebd80	return_abi	EAX/x87 return	scalar(/undefined4) -> scalar(/bool)	all reachable callee return paths	all explicit return values are constants in {0,1}, but the source domain alone does not prove the x86 ABI return width; review STAbiConsistencyAnalyzer evidence: [0, 0, 0, 0, 0, 0, 0, 0, 0, 1]	retain current machine-width return pending strict ABI proof	all explicit return values are constants in {0,1}, but the source domain alone does not prove the x86 ABI return width; review STAbiConsistencyAnalyzer evidence: [0, 0, 0, 0, 0, 0, 0, 0, 0, 1]	review	1	1
005EC9F0	FUN_005ec9f0	local_lifetime	this/mg0	pointer(pointer:/undefined1) -> pointer(pointer:/STT3DSprC)	005ECA72:t123 call_argument operand=0 target=00404183	ANALYSIS; direct=00404183; resolved=004AB880	retain neutral or current storage; require an exact per-use view	single undefined local lifetime; exact_type_votes=14; score=56; sources=[call_argument]; exact call-boundary type is proven, but no same-width transparent p-code path reattaches that argument to one persistent HighSymbol	review	1	1
005EC9F0	FUN_005ec9f0	local_lifetime	this/mg0	pointer(pointer:/undefined1) -> pointer(pointer:/STT3DSprC)	005ECA93:t154 call_argument operand=0 target=00401064	ANALYSIS; direct=00401064; resolved=004ABE40	retain neutral or current storage; require an exact per-use view	single undefined local lifetime; exact_type_votes=14; score=56; sources=[call_argument]; exact call-boundary type is proven, but no same-width transparent p-code path reattaches that argument to one persistent HighSymbol	review	1	1
005EC9F0	FUN_005ec9f0	local_lifetime	this/mg0	pointer(pointer:/undefined1) -> pointer(pointer:/STT3DSprC)	005ECAE2:t257 call_argument operand=0 target=004045D9	ANALYSIS; direct=004045D9; resolved=004AD3C0	retain neutral or current storage; require an exact per-use view	single undefined local lifetime; exact_type_votes=14; score=56; sources=[call_argument]; exact call-boundary type is proven, but no same-width transparent p-code path reattaches that argument to one persistent HighSymbol	review	1	1
005EC9F0	FUN_005ec9f0	local_lifetime	this/mg0	pointer(pointer:/undefined1) -> pointer(pointer:/STT3DSprC)	005ECAF8:t271 call_argument operand=0 target=00405240	ANALYSIS; direct=00405240; resolved=004AC1A0	retain neutral or current storage; require an exact per-use view	single undefined local lifetime; exact_type_votes=14; score=56; sources=[call_argument]; exact call-boundary type is proven, but no same-width transparent p-code path reattaches that argument to one persistent HighSymbol	review	1	1
005EC9F0	FUN_005ec9f0	local_lifetime	this/mg0	pointer(pointer:/undefined1) -> pointer(pointer:/STT3DSprC)	005ECB1B:t383 call_argument operand=0 target=004052FE	ANALYSIS; direct=004052FE; resolved=004ABF00	retain neutral or current storage; require an exact per-use view	single undefined local lifetime; exact_type_votes=14; score=56; sources=[call_argument]; exact call-boundary type is proven, but no same-width transparent p-code path reattaches that argument to one persistent HighSymbol	review	1	1
005EC9F0	FUN_005ec9f0	local_lifetime	this/mg0	pointer(pointer:/undefined1) -> pointer(pointer:/STT3DSprC)	005ECB5D:t431 call_argument operand=0 target=00404183	ANALYSIS; direct=00404183; resolved=004AB880	retain neutral or current storage; require an exact per-use view	single undefined local lifetime; exact_type_votes=14; score=56; sources=[call_argument]; exact call-boundary type is proven, but no same-width transparent p-code path reattaches that argument to one persistent HighSymbol	review	1	1
005EC9F0	FUN_005ec9f0	local_lifetime	this/mg0	pointer(pointer:/undefined1) -> pointer(pointer:/STT3DSprC)	005ECB8E:t466 call_argument operand=0 target=00405240	ANALYSIS; direct=00405240; resolved=004AC1A0	retain neutral or current storage; require an exact per-use view	single undefined local lifetime; exact_type_votes=14; score=56; sources=[call_argument]; exact call-boundary type is proven, but no same-width transparent p-code path reattaches that argument to one persistent HighSymbol	review	1	1
005EC9F0	FUN_005ec9f0	local_lifetime	this/mg0	pointer(pointer:/undefined1) -> pointer(pointer:/STT3DSprC)	005ECBC8:t572 call_argument operand=0 target=00404183	ANALYSIS; direct=00404183; resolved=004AB880	retain neutral or current storage; require an exact per-use view	single undefined local lifetime; exact_type_votes=14; score=56; sources=[call_argument]; exact call-boundary type is proven, but no same-width transparent p-code path reattaches that argument to one persistent HighSymbol	review	1	1
005EC9F0	FUN_005ec9f0	local_lifetime	this/mg0	pointer(pointer:/undefined1) -> pointer(pointer:/STT3DSprC)	005ECBEF:t610 call_argument operand=0 target=00404183	ANALYSIS; direct=00404183; resolved=004AB880	retain neutral or current storage; require an exact per-use view	single undefined local lifetime; exact_type_votes=14; score=56; sources=[call_argument]; exact call-boundary type is proven, but no same-width transparent p-code path reattaches that argument to one persistent HighSymbol	review	1	1
005EC9F0	FUN_005ec9f0	local_lifetime	this/mg0	pointer(pointer:/undefined1) -> pointer(pointer:/STT3DSprC)	005ECC16:t648 call_argument operand=0 target=00404183	ANALYSIS; direct=00404183; resolved=004AB880	retain neutral or current storage; require an exact per-use view	single undefined local lifetime; exact_type_votes=14; score=56; sources=[call_argument]; exact call-boundary type is proven, but no same-width transparent p-code path reattaches that argument to one persistent HighSymbol	review	1	1
005EC9F0	FUN_005ec9f0	local_lifetime	this/mg0	pointer(pointer:/undefined1) -> pointer(pointer:/STT3DSprC)	005ECC35:t669 call_argument operand=0 target=00405240	ANALYSIS; direct=00405240; resolved=004AC1A0	retain neutral or current storage; require an exact per-use view	single undefined local lifetime; exact_type_votes=14; score=56; sources=[call_argument]; exact call-boundary type is proven, but no same-width transparent p-code path reattaches that argument to one persistent HighSymbol	review	1	1
005EC9F0	FUN_005ec9f0	local_lifetime	this/mg0	pointer(pointer:/undefined1) -> pointer(pointer:/STT3DSprC)	005ECC44:t680 call_argument operand=0 target=004044EE	ANALYSIS; direct=004044EE; resolved=004ACF20	retain neutral or current storage; require an exact per-use view	single undefined local lifetime; exact_type_votes=14; score=56; sources=[call_argument]; exact call-boundary type is proven, but no same-width transparent p-code path reattaches that argument to one persistent HighSymbol	review	1	1
005EC9F0	FUN_005ec9f0	local_lifetime	this/mg0	pointer(pointer:/undefined1) -> pointer(pointer:/STT3DSprC)	005ECC5A:t694 call_argument operand=0 target=00405240	ANALYSIS; direct=00405240; resolved=004AC1A0	retain neutral or current storage; require an exact per-use view	single undefined local lifetime; exact_type_votes=14; score=56; sources=[call_argument]; exact call-boundary type is proven, but no same-width transparent p-code path reattaches that argument to one persistent HighSymbol	review	1	1
005EC9F0	FUN_005ec9f0	local_lifetime	this/mg0	pointer(pointer:/undefined1) -> pointer(pointer:/STT3DSprC)	005ECC63:t701 call_argument operand=0 target=00403233	ANALYSIS; direct=00403233; resolved=004ACFE0	retain neutral or current storage; require an exact per-use view	single undefined local lifetime; exact_type_votes=14; score=56; sources=[call_argument]; exact call-boundary type is proven, but no same-width transparent p-code path reattaches that argument to one persistent HighSymbol	review	1	1
005EE3F0	FUN_005ee3f0	local_lifetime	local_10/mg0	floating(/float) -> scalar(/int)	005EE544:t502 call_argument operand=1 target=0072E4F0	DEFAULT; direct=0072E4F0	unattachable High lifetime is represented by the exact address-stable per-use boundary 005EE544:t502|0072E4F0|1	exact call-boundary type is proven, but no same-width transparent p-code path reattaches that argument to one persistent HighSymbol; complete CALL-operand scan records an address-local source view only	neutralized	1	1
005EE3F0	FUN_005ee3f0	local_lifetime	local_10/mg0	floating(/float) -> scalar(/int)	005EE544:t502 call_argument operand=3 target=0072E4F0	DEFAULT; direct=0072E4F0	unattachable High lifetime is represented by the exact address-stable per-use boundary 005EE544:t502|0072E4F0|3	exact call-boundary type is proven, but no same-width transparent p-code path reattaches that argument to one persistent HighSymbol; complete CALL-operand scan records an address-local source view only	neutralized	1	1
005EE3F0	FUN_005ee3f0	local_lifetime	local_8/mg0	floating(/float) -> scalar(/int)	005EE52B:t451 call_argument operand=1 target=0072E4F0	DEFAULT; direct=0072E4F0	unattachable High lifetime is represented by the exact address-stable per-use boundary 005EE52B:t451|0072E4F0|1	exact call-boundary type is proven, but no same-width transparent p-code path reattaches that argument to one persistent HighSymbol; complete CALL-operand scan records an address-local source view only	neutralized	1	1
005EE3F0	FUN_005ee3f0	local_lifetime	local_8/mg0	floating(/float) -> scalar(/int)	005EE52B:t451 call_argument operand=3 target=0072E4F0	DEFAULT; direct=0072E4F0	unattachable High lifetime is represented by the exact address-stable per-use boundary 005EE52B:t451|0072E4F0|3	exact call-boundary type is proven, but no same-width transparent p-code path reattaches that argument to one persistent HighSymbol; complete CALL-operand scan records an address-local source view only	neutralized	1	1
005EE3F0		unattachable_call_argument_lifetime	generated per-use lifetime	anchors=005EE52B:t451,005EE544:t502; target=0072E4F0; operand=1; locals=local_10,local_8; transition=/float -> /int	verified by the matching Ghidra analyzer/export evidence	source audit kind=exact_machine_lifetime_call_view	exact source-only lifetime/view; Program ABI unchanged	Ghidra cannot persist this split without merging unrelated machine lifetimes	neutralized	1	1
005EE3F0		unattachable_call_argument_lifetime	generated per-use lifetime	anchors=005EE52B:t451,005EE544:t502; target=0072E4F0; operand=1; locals=local_10,local_8; transition=/float -> /int	verified by the matching Ghidra analyzer/export evidence	source audit kind=exact_machine_lifetime_call_view	exact source-only lifetime/view; Program ABI unchanged	Ghidra cannot persist this split without merging unrelated machine lifetimes	neutralized	1	1
005EE3F0		unattachable_call_argument_lifetime	generated per-use lifetime	anchors=005EE52B:t451,005EE544:t502; target=0072E4F0; operand=3; locals=local_10,local_8; transition=/float -> /int	verified by the matching Ghidra analyzer/export evidence	source audit kind=exact_machine_lifetime_call_view	exact source-only lifetime/view; Program ABI unchanged	Ghidra cannot persist this split without merging unrelated machine lifetimes	neutralized	1	1
005EE3F0		unattachable_call_argument_lifetime	generated per-use lifetime	anchors=005EE52B:t451,005EE544:t502; target=0072E4F0; operand=3; locals=local_10,local_8; transition=/float -> /int	verified by the matching Ghidra analyzer/export evidence	source audit kind=exact_machine_lifetime_call_view	exact source-only lifetime/view; Program ABI unchanged	Ghidra cannot persist this split without merging unrelated machine lifetimes	neutralized	1	1
005EE6E0	FUN_005ee6e0	local_lifetime	this/mg0	pointer(pointer:/undefined1) -> pointer(pointer:/STT3DSprC)	005EEBF1:t327 call_argument operand=0 target=00404264	ANALYSIS; direct=00404264; resolved=004AC410	retain neutral or current storage; require an exact per-use view	single undefined local lifetime; exact_type_votes=6; score=24; sources=[call_argument]; exact call-boundary type is proven, but no same-width transparent p-code path reattaches that argument to one persistent HighSymbol	review	1	1
005EE6E0	FUN_005ee6e0	local_lifetime	this/mg0	pointer(pointer:/undefined1) -> pointer(pointer:/STT3DSprC)	005EEBFA:t334 call_argument operand=0 target=00404264	ANALYSIS; direct=00404264; resolved=004AC410	retain neutral or current storage; require an exact per-use view	single undefined local lifetime; exact_type_votes=6; score=24; sources=[call_argument]; exact call-boundary type is proven, but no same-width transparent p-code path reattaches that argument to one persistent HighSymbol	review	1	1
005EE6E0	FUN_005ee6e0	local_lifetime	this/mg0	pointer(pointer:/undefined1) -> pointer(pointer:/STT3DSprC)	005EEC02:t341 call_argument operand=0 target=00404264	ANALYSIS; direct=00404264; resolved=004AC410	retain neutral or current storage; require an exact per-use view	single undefined local lifetime; exact_type_votes=6; score=24; sources=[call_argument]; exact call-boundary type is proven, but no same-width transparent p-code path reattaches that argument to one persistent HighSymbol	review	1	1
005EE6E0	FUN_005ee6e0	local_lifetime	this/mg0	pointer(pointer:/undefined1) -> pointer(pointer:/STT3DSprC)	005EEC5A:t441 call_argument operand=0 target=00404264	ANALYSIS; direct=00404264; resolved=004AC410	retain neutral or current storage; require an exact per-use view	single undefined local lifetime; exact_type_votes=6; score=24; sources=[call_argument]; exact call-boundary type is proven, but no same-width transparent p-code path reattaches that argument to one persistent HighSymbol	review	1	1
005EE6E0	FUN_005ee6e0	local_lifetime	this/mg0	pointer(pointer:/undefined1) -> pointer(pointer:/STT3DSprC)	005EED6D:t703 call_argument operand=0 target=00405240	ANALYSIS; direct=00405240; resolved=004AC1A0	retain neutral or current storage; require an exact per-use view	single undefined local lifetime; exact_type_votes=6; score=24; sources=[call_argument]; exact call-boundary type is proven, but no same-width transparent p-code path reattaches that argument to one persistent HighSymbol	review	1	1
005EE6E0	FUN_005ee6e0	local_lifetime	this/mg0	pointer(pointer:/undefined1) -> pointer(pointer:/STT3DSprC)	005EED99:t776 call_argument operand=0 target=00404264	ANALYSIS; direct=00404264; resolved=004AC410	retain neutral or current storage; require an exact per-use view	single undefined local lifetime; exact_type_votes=6; score=24; sources=[call_argument]; exact call-boundary type is proven, but no same-width transparent p-code path reattaches that argument to one persistent HighSymbol	review	1	1
005EF5F0	FUN_005ef5f0	local_lifetime	this/mg0	pointer(pointer:/undefined1) -> pointer(pointer:/STT3DSprC)	005EF640:t171 call_argument operand=0 target=00401064	ANALYSIS; direct=00401064; resolved=004ABE40	retain neutral or current storage; require an exact per-use view	single undefined local lifetime; exact_type_votes=3; score=12; sources=[call_argument]; exact call-boundary type is proven, but no same-width transparent p-code path reattaches that argument to one persistent HighSymbol	review	1	1
005EF5F0	FUN_005ef5f0	local_lifetime	this/mg0	pointer(pointer:/undefined1) -> pointer(pointer:/STT3DSprC)	005EF670:t305 call_argument operand=0 target=004052FE	ANALYSIS; direct=004052FE; resolved=004ABF00	retain neutral or current storage; require an exact per-use view	single undefined local lifetime; exact_type_votes=3; score=12; sources=[call_argument]; exact call-boundary type is proven, but no same-width transparent p-code path reattaches that argument to one persistent HighSymbol	review	1	1
005EF5F0	FUN_005ef5f0	local_lifetime	this/mg0	pointer(pointer:/undefined1) -> pointer(pointer:/STT3DSprC)	005EF679:t312 call_argument operand=0 target=004030BC	ANALYSIS; direct=004030BC; resolved=004AC040	retain neutral or current storage; require an exact per-use view	single undefined local lifetime; exact_type_votes=3; score=12; sources=[call_argument]; exact call-boundary type is proven, but no same-width transparent p-code path reattaches that argument to one persistent HighSymbol	review	1	1
005EFAE0	FUN_005efae0	return_abi	EAX/x87 return	scalar(/undefined4) -> scalar(/bool)	all reachable callee return paths	all explicit return values are constants in {0,1}, but the source domain alone does not prove the x86 ABI return width; review STAbiConsistencyAnalyzer evidence: [1, 1, 0]	retain current machine-width return pending strict ABI proof	all explicit return values are constants in {0,1}, but the source domain alone does not prove the x86 ABI return width; review STAbiConsistencyAnalyzer evidence: [1, 1, 0]	review	1	1
005F07A0	FUN_005f07a0	return_abi	EAX/x87 return	scalar(/undefined4) -> scalar(/bool)	all reachable callee return paths	all explicit return values are constants in {0,1}, but the source domain alone does not prove the x86 ABI return width; review STAbiConsistencyAnalyzer evidence: [1, 0]	retain current machine-width return pending strict ABI proof	all explicit return values are constants in {0,1}, but the source domain alone does not prove the x86 ABI return width; review STAbiConsistencyAnalyzer evidence: [1, 0]	review	1	1
005F0BA0	FUN_005f0ba0	local_lifetime	this/mg0	pointer(pointer:/undefined1) -> pointer(pointer:/STT3DSprC)	005F0BEB:t91 call_argument operand=0 target=0040116D	ANALYSIS; direct=0040116D; resolved=004ACE30	retain neutral or current storage; require an exact per-use view	single undefined local lifetime; exact_type_votes=4; score=16; sources=[call_argument]; exact call-boundary type is proven, but no same-width transparent p-code path reattaches that argument to one persistent HighSymbol	review	1	1
005F0BA0	FUN_005f0ba0	local_lifetime	this/mg0	pointer(pointer:/undefined1) -> pointer(pointer:/STT3DSprC)	005F0C4B:t200 call_argument operand=0 target=0040116D	ANALYSIS; direct=0040116D; resolved=004ACE30	retain neutral or current storage; require an exact per-use view	single undefined local lifetime; exact_type_votes=4; score=16; sources=[call_argument]; exact call-boundary type is proven, but no same-width transparent p-code path reattaches that argument to one persistent HighSymbol	review	1	1
005F0BA0	FUN_005f0ba0	local_lifetime	this/mg0	pointer(pointer:/undefined1) -> pointer(pointer:/STT3DSprC)	005F0C59:t235 call_argument operand=0 target=0040116D	ANALYSIS; direct=0040116D; resolved=004ACE30	retain neutral or current storage; require an exact per-use view	single undefined local lifetime; exact_type_votes=4; score=16; sources=[call_argument]; exact call-boundary type is proven, but no same-width transparent p-code path reattaches that argument to one persistent HighSymbol	review	1	1
005F0BA0	FUN_005f0ba0	local_lifetime	this/mg0	pointer(pointer:/undefined1) -> pointer(pointer:/STT3DSprC)	005F0C83:t281 call_argument operand=0 target=00403D0F	ANALYSIS; direct=00403D0F; resolved=004AD430	retain neutral or current storage; require an exact per-use view	single undefined local lifetime; exact_type_votes=4; score=16; sources=[call_argument]; exact call-boundary type is proven, but no same-width transparent p-code path reattaches that argument to one persistent HighSymbol	review	1	1
005F1D80	VisibleClassTy::sub_005F1D80	return_abi	EAX/x87 return	scalar(/undefined4) -> scalar(/bool)	all reachable callee return paths	all explicit return values are constants in {0,1}, but the source domain alone does not prove the x86 ABI return width; review STAbiConsistencyAnalyzer evidence: [0, 1]	retain current machine-width return pending strict ABI proof	all explicit return values are constants in {0,1}, but the source domain alone does not prove the x86 ABI return width; review STAbiConsistencyAnalyzer evidence: [0, 1]	review	1	1
005F27C0	STBHEShellC::GetMessage	local_lifetime	local_14/mg0	pointer(pointer:/STBHEShellC) -> scalar(/uint)	005F3110:t1051 call_argument operand=4 target=006E9520	DEFAULT; direct=006E9520	unattachable High lifetime is represented by the exact address-stable per-use boundary 005F3110:t1051|006E9520|4	exact call-boundary type is proven, but no same-width transparent p-code path reattaches that argument to one persistent HighSymbol; complete CALL-operand scan records an address-local source view only	neutralized	1	1
005F27C0	STBHEShellC::GetMessage	local_lifetime	pcVar15/mg1	pointer(pointer:/undefined) -> scalar(/uint)	005F3110:t1051 call_argument operand=3 target=006E9520	DEFAULT; direct=006E9520	unattachable High lifetime is represented by the exact address-stable per-use boundary 005F3110:t1051|006E9520|3	separate decompiler merge group; exact_type_votes=1; score=4; sources=[call_argument]; one-way call conversion alone is review-only; exact call-boundary type is proven, but no same-width transparent p-code path reattaches that argument to one persistent HighSymbol	neutralized	1	1
005F27C0		unattachable_call_argument_lifetime	generated per-use lifetime	anchors=005F3110:t1051; target=006E9520; operand=3; locals=pcVar15; transition=pointer:/undefined -> /uint	verified by the matching Ghidra analyzer/export evidence	source audit kind=exact_machine_lifetime_call_view	exact source-only lifetime/view; Program ABI unchanged	Ghidra cannot persist this split without merging unrelated machine lifetimes	neutralized	1	1
005F27C0		unattachable_call_argument_lifetime	generated per-use lifetime	anchors=005F3110:t1051; target=006E9520; operand=4; locals=local_14; transition=pointer:/STBHEShellC -> /uint	verified by the matching Ghidra analyzer/export evidence	source audit kind=exact_machine_lifetime_call_view	exact source-only lifetime/view; Program ABI unchanged	Ghidra cannot persist this split without merging unrelated machine lifetimes	neutralized	1	1
005F35F0	STBHEShellC::sub_005F35F0	local_lifetime	this/mg0	pointer(pointer:/STBHEShellC) -> scalar(/uint)	005F36DF:t245 call_argument operand=4 target=006E9520	DEFAULT; direct=006E9520	unattachable High lifetime is represented by the exact address-stable per-use boundary 005F36DF:t245|006E9520|4	exact call-boundary type is proven, but no same-width transparent p-code path reattaches that argument to one persistent HighSymbol; complete CALL-operand scan records an address-local source view only	neutralized	1	1
005F35F0	STBHEShellC::sub_005F35F0	local_lifetime	this/mg0	pointer(pointer:/STBHEShellC) -> scalar(/uint)	005F3708:t430 call_argument operand=4 target=006E9520	DEFAULT; direct=006E9520	unattachable High lifetime is represented by the exact address-stable per-use boundary 005F3708:t430|006E9520|4	exact call-boundary type is proven, but no same-width transparent p-code path reattaches that argument to one persistent HighSymbol; complete CALL-operand scan records an address-local source view only	neutralized	1	1
005F35F0		unattachable_call_argument_lifetime	generated per-use lifetime	anchors=005F36DF:t245,005F3708:t430; target=006E9520; operand=4; locals=this; transition=pointer:/STBHEShellC -> /uint	verified by the matching Ghidra analyzer/export evidence	source audit kind=exact_machine_lifetime_call_view	exact source-only lifetime/view; Program ABI unchanged	Ghidra cannot persist this split without merging unrelated machine lifetimes	neutralized	1	1
005F35F0		unattachable_call_argument_lifetime	generated per-use lifetime	anchors=005F36DF:t245,005F3708:t430; target=006E9520; operand=4; locals=this; transition=pointer:/STBHEShellC -> /uint	verified by the matching Ghidra analyzer/export evidence	source audit kind=exact_machine_lifetime_call_view	exact source-only lifetime/view; Program ABI unchanged	Ghidra cannot persist this split without merging unrelated machine lifetimes	neutralized	1	1
005F4C50	STBHEShellC::sub_005F4C50	return_abi	EAX/x87 return	scalar(/undefined4) -> scalar(/bool)	all reachable callee return paths	all explicit return values are constants in {0,1}, but the source domain alone does not prove the x86 ABI return width; review STAbiConsistencyAnalyzer evidence: [0, 1]	retain current machine-width return pending strict ABI proof	all explicit return values are constants in {0,1}, but the source domain alone does not prove the x86 ABI return width; review STAbiConsistencyAnalyzer evidence: [0, 1]	review	1	1
005F66F0	STColl3C::sub_005F66F0	local_lifetime	pSVar1/mg0	pointer(pointer:/STColl3C) -> pointer(pointer:/STAllPlayersC)	005F6745:t112 call_argument operand=0 target=0040119A	ANALYSIS; direct=0040119A; resolved=004210E0	retain neutral or current storage; require an exact per-use view	separate decompiler merge group; exact_type_votes=1; score=4; sources=[call_argument]; one-way call conversion alone is review-only; exact call-boundary type is proven, but no same-width transparent p-code path reattaches that argument to one persistent HighSymbol	review	1	1
005F6DF0	FUN_005f6df0	local_lifetime	this/mg0	pointer(pointer:/undefined1) -> pointer(pointer:/STT3DSprC)	005F6E44:t111 call_argument operand=0 target=004045D9	ANALYSIS; direct=004045D9; resolved=004AD3C0	retain neutral or current storage; require an exact per-use view	single undefined local lifetime; exact_type_votes=1; score=4; sources=[call_argument]; one-way call conversion alone is review-only; exact call-boundary type is proven, but no same-width transparent p-code path reattaches that argument to one persistent HighSymbol	review	1	1
005F9050	FUN_005f9050	local_lifetime	local_8/mg0	scalar(/undefined4) -> scalar(/short)	005F907B:t71 signed_scalar_role operand=1 target=	INT_SLESS	persistent High lifetime already carries the proposed domain	single undefined local lifetime; exact_type_votes=3; score=18; sources=[scalar_arithmetic, scalar_extension]	resolved	1	1
005F9050	FUN_005f9050	local_lifetime	local_8/mg0	scalar(/undefined4) -> scalar(/short)	005F908E:t90 signed_scalar_role operand=0 target=	INT_SLESS	persistent High lifetime already carries the proposed domain	single undefined local lifetime; exact_type_votes=3; score=18; sources=[scalar_arithmetic, scalar_extension]	resolved	1	1
005F9050	FUN_005f9050	local_lifetime	local_8/mg0	scalar(/undefined4) -> scalar(/short)	005F90DC:t170 signed_scalar_role operand=0 target=	INT_SLESS	persistent High lifetime already carries the proposed domain	single undefined local lifetime; exact_type_votes=3; score=18; sources=[scalar_arithmetic, scalar_extension]	resolved	1	1
005F91E0	FUN_005f91e0	local_lifetime	local_c/mg0	scalar(/short[2]) -> scalar(/short)	005F9238:t106 signed_scalar_role operand=1 target=	INT_SLESS	persistent High lifetime already carries the proposed domain	separate decompiler merge group; exact_type_votes=3; score=18; sources=[scalar_arithmetic, scalar_extension]	resolved	1	1
005F91E0	FUN_005f91e0	local_lifetime	local_c/mg0	scalar(/short[2]) -> scalar(/short)	005F9248:t124 signed_scalar_role operand=0 target=	INT_SLESS	persistent High lifetime already carries the proposed domain	separate decompiler merge group; exact_type_votes=3; score=18; sources=[scalar_arithmetic, scalar_extension]	resolved	1	1
005F91E0	FUN_005f91e0	local_lifetime	local_c/mg0	scalar(/short[2]) -> scalar(/short)	005F9252:t130 signed_scalar_role operand=0 target=	INT_SLESS	persistent High lifetime already carries the proposed domain	separate decompiler merge group; exact_type_votes=3; score=18; sources=[scalar_arithmetic, scalar_extension]	resolved	1	1
005FA180	FUN_005fa180	local_lifetime	puVar1/mg0	pointer(pointer:/undefined1) -> pointer(pointer:/STT3DSprC)	005FA24F:t227 call_argument operand=0 target=0040116D	ANALYSIS; direct=0040116D; resolved=004ACE30	retain neutral or current storage; require an exact per-use view	separate decompiler merge group; exact_type_votes=2; score=8; sources=[call_argument]; exact call-boundary type is proven, but no same-width transparent p-code path reattaches that argument to one persistent HighSymbol	review	1	1
005FA180	FUN_005fa180	local_lifetime	puVar1/mg0	pointer(pointer:/undefined1) -> pointer(pointer:/STT3DSprC)	005FA2A3:t301 call_argument operand=0 target=00403D0F	ANALYSIS; direct=00403D0F; resolved=004AD430	retain neutral or current storage; require an exact per-use view	separate decompiler merge group; exact_type_votes=2; score=8; sources=[call_argument]; exact call-boundary type is proven, but no same-width transparent p-code path reattaches that argument to one persistent HighSymbol	review	1	1
005FA180	FUN_005fa180	local_lifetime	puVar1/mg1	pointer(pointer:/undefined1) -> pointer(pointer:/STT3DSprC)	005FA1CB:t81 call_argument operand=0 target=0040116D	ANALYSIS; direct=0040116D; resolved=004ACE30	retain neutral or current storage; require an exact per-use view	separate decompiler merge group; exact_type_votes=2; score=8; sources=[call_argument]; exact call-boundary type is proven, but no same-width transparent p-code path reattaches that argument to one persistent HighSymbol	review	1	1
005FA180	FUN_005fa180	local_lifetime	puVar1/mg1	pointer(pointer:/undefined1) -> pointer(pointer:/STT3DSprC)	005FA22D:t190 call_argument operand=0 target=0040116D	ANALYSIS; direct=0040116D; resolved=004ACE30	retain neutral or current storage; require an exact per-use view	separate decompiler merge group; exact_type_votes=2; score=8; sources=[call_argument]; exact call-boundary type is proven, but no same-width transparent p-code path reattaches that argument to one persistent HighSymbol	review	1	1
005FAC40		incoming_parameter_slot_lifetime	generated per-use lifetime	1 exact machine-word output address(es) redirected from narrow formal storage to the materialized x86 slot	verified by the matching Ghidra analyzer/export evidence	source audit kind=promoted_parameter_slot_address_repair	exact source-only lifetime/view; Program ABI unchanged	Ghidra cannot persist this split without merging unrelated machine lifetimes	neutralized	1	1
005FAC40		incoming_parameter_slot_lifetime	generated per-use lifetime	_param_1: short[2] -> int x86 stack slot	verified by the matching Ghidra analyzer/export evidence	source audit kind=promoted_parameter_slot_materialization	exact source-only lifetime/view; Program ABI unchanged	Ghidra cannot persist this split without merging unrelated machine lifetimes	neutralized	1	1
005FAC40		incoming_parameter_slot_lifetime	generated per-use lifetime	_param_4: short[2] -> int x86 stack slot	verified by the matching Ghidra analyzer/export evidence	source audit kind=promoted_parameter_slot_materialization	exact source-only lifetime/view; Program ABI unchanged	Ghidra cannot persist this split without merging unrelated machine lifetimes	neutralized	1	1
005FAC40		incoming_parameter_slot_lifetime	generated per-use lifetime	_param_5: short[2] -> int x86 stack slot	verified by the matching Ghidra analyzer/export evidence	source audit kind=promoted_parameter_slot_materialization	exact source-only lifetime/view; Program ABI unchanged	Ghidra cannot persist this split without merging unrelated machine lifetimes	neutralized	1	1
005FB1F0		incoming_parameter_slot_lifetime	generated per-use lifetime	1 exact machine-word output address(es) redirected from narrow formal storage to the materialized x86 slot	verified by the matching Ghidra analyzer/export evidence	source audit kind=promoted_parameter_slot_address_repair	exact source-only lifetime/view; Program ABI unchanged	Ghidra cannot persist this split without merging unrelated machine lifetimes	neutralized	1	1
005FB1F0		incoming_parameter_slot_lifetime	generated per-use lifetime	_param_3: short[2] -> int x86 stack slot	verified by the matching Ghidra analyzer/export evidence	source audit kind=promoted_parameter_slot_materialization	exact source-only lifetime/view; Program ABI unchanged	Ghidra cannot persist this split without merging unrelated machine lifetimes	neutralized	1	1
005FB1F0	STColl3C::vfunc_DC	local_lifetime	uVar3/mg3	scalar(/uint) -> scalar(/int)	005FB29B:t1865 signed_scalar_role operand=-1 target=	INT_SDIV	retain neutral or current storage; require an exact per-use view	separate decompiler merge group; exact_type_votes=1; score=4; sources=[scalar_arithmetic]; one-way call conversion alone is review-only	review	1	1
005FB1F0	STColl3C::vfunc_DC	local_lifetime	uVar8/mg0	scalar(/uint) -> scalar(/int)	005FB210:t50 signed_scalar_role operand=-1 target=	INT_SRIGHT	retain neutral or current storage; require an exact per-use view	separate decompiler merge group; exact_type_votes=1; score=4; sources=[scalar_arithmetic]; one-way call conversion alone is review-only	review	1	1
005FB1F0	STColl3C::vfunc_DC	local_lifetime	uVar8/mg1	scalar(/uint) -> scalar(/int)	005FB227:t97 signed_scalar_role operand=-1 target=	INT_SRIGHT	retain neutral or current storage; require an exact per-use view	separate decompiler merge group; exact_type_votes=1; score=4; sources=[scalar_arithmetic]; one-way call conversion alone is review-only	review	1	1
005FB1F0	STColl3C::vfunc_DC	local_lifetime	uVar8/mg2	scalar(/uint) -> scalar(/int)	005FB247:t148 signed_scalar_role operand=-1 target=	INT_SRIGHT	retain neutral or current storage; require an exact per-use view	separate decompiler merge group; exact_type_votes=1; score=4; sources=[scalar_arithmetic]; one-way call conversion alone is review-only	review	1	1
005FB1F0	STColl3C::vfunc_DC	local_lifetime	uVar8/mg3	scalar(/uint) -> scalar(/int)	005FB2B1:t1868 signed_scalar_role operand=-1 target=	INT_SDIV	retain neutral or current storage; require an exact per-use view	separate decompiler merge group; exact_type_votes=1; score=4; sources=[scalar_arithmetic]; one-way call conversion alone is review-only	review	1	1
005FC4A0	FUN_005fc4a0	return_abi	EAX/x87 return	scalar(/undefined4) -> scalar(/bool)	all reachable callee return paths	all explicit return values are constants in {0,1}, but the source domain alone does not prove the x86 ABI return width; review STAbiConsistencyAnalyzer evidence: [0, 0, 0, 0, 0, 0, 0, 0, 0, 1]	retain current machine-width return pending strict ABI proof	all explicit return values are constants in {0,1}, but the source domain alone does not prove the x86 ABI return width; review STAbiConsistencyAnalyzer evidence: [0, 0, 0, 0, 0, 0, 0, 0, 0, 1]	review	1	1
005FE360		incoming_parameter_slot_lifetime	generated per-use lifetime	_param_6: short[2] -> int x86 stack slot	verified by the matching Ghidra analyzer/export evidence	source audit kind=promoted_parameter_slot_materialization	exact source-only lifetime/view; Program ABI unchanged	Ghidra cannot persist this split without merging unrelated machine lifetimes	neutralized	1	1
005FFF60	FUN_005fff60	local_lifetime	local_1c/mg0	scalar(/undefined4) -> scalar(/short)	005FFFDF:t168 signed_scalar_role operand=0 target=	INT_SEXT	persistent High lifetime already carries the proposed domain	single undefined local lifetime; exact_type_votes=1; score=10; sources=[scalar_extension]	resolved	1	1
00600750	FUN_00600750	local_lifetime	uVar9/mg1	scalar(/uint) -> unknown	00600912:t2002 call_return operand=-1 target=004052CC	ANALYSIS; direct=004052CC; resolved=004AD650	retain neutral or current storage; require an exact per-use view	incompatible exact lifetime types=[/int, /uint]	review	1	1
00600750	FUN_00600750	return_abi	EAX/x87 return	scalar(/undefined4) -> scalar(/bool)	all reachable callee return paths	all explicit return values are constants in {0,1}, but the source domain alone does not prove the x86 ABI return width; review STAbiConsistencyAnalyzer evidence: [0, 1]	retain current machine-width return pending strict ABI proof	all explicit return values are constants in {0,1}, but the source domain alone does not prove the x86 ABI return width; review STAbiConsistencyAnalyzer evidence: [0, 1]	review	1	1
006029C0	FUN_006029c0	local_lifetime	this/mg0	pointer(pointer:/undefined1) -> pointer(pointer:/STT3DSprC)	00602A35:t106 call_argument operand=0 target=00404183	ANALYSIS; direct=00404183; resolved=004AB880	retain neutral or current storage; require an exact per-use view	single undefined local lifetime; exact_type_votes=8; score=32; sources=[call_argument]; exact call-boundary type is proven, but no same-width transparent p-code path reattaches that argument to one persistent HighSymbol	review	1	1
006029C0	FUN_006029c0	local_lifetime	this/mg0	pointer(pointer:/undefined1) -> pointer(pointer:/STT3DSprC)	00602A56:t137 call_argument operand=0 target=00401064	ANALYSIS; direct=00401064; resolved=004ABE40	retain neutral or current storage; require an exact per-use view	single undefined local lifetime; exact_type_votes=8; score=32; sources=[call_argument]; exact call-boundary type is proven, but no same-width transparent p-code path reattaches that argument to one persistent HighSymbol	review	1	1
006029C0	FUN_006029c0	local_lifetime	this/mg0	pointer(pointer:/undefined1) -> pointer(pointer:/STT3DSprC)	00602A6C:t151 call_argument operand=0 target=00405240	ANALYSIS; direct=00405240; resolved=004AC1A0	retain neutral or current storage; require an exact per-use view	single undefined local lifetime; exact_type_votes=8; score=32; sources=[call_argument]; exact call-boundary type is proven, but no same-width transparent p-code path reattaches that argument to one persistent HighSymbol	review	1	1
006029C0	FUN_006029c0	local_lifetime	this/mg0	pointer(pointer:/undefined1) -> pointer(pointer:/STT3DSprC)	00602A79:t159 call_argument operand=0 target=00405CA9	ANALYSIS; direct=00405CA9; resolved=004ACEF0	retain neutral or current storage; require an exact per-use view	single undefined local lifetime; exact_type_votes=8; score=32; sources=[call_argument]; exact call-boundary type is proven, but no same-width transparent p-code path reattaches that argument to one persistent HighSymbol	review	1	1
006029C0	FUN_006029c0	local_lifetime	this/mg0	pointer(pointer:/undefined1) -> pointer(pointer:/STT3DSprC)	00602AB1:t203 call_argument operand=0 target=00404183	ANALYSIS; direct=00404183; resolved=004AB880	retain neutral or current storage; require an exact per-use view	single undefined local lifetime; exact_type_votes=8; score=32; sources=[call_argument]; exact call-boundary type is proven, but no same-width transparent p-code path reattaches that argument to one persistent HighSymbol	review	1	1
006029C0	FUN_006029c0	local_lifetime	this/mg0	pointer(pointer:/undefined1) -> pointer(pointer:/STT3DSprC)	00602AC9:t227 call_argument operand=0 target=00401064	ANALYSIS; direct=00401064; resolved=004ABE40	retain neutral or current storage; require an exact per-use view	single undefined local lifetime; exact_type_votes=8; score=32; sources=[call_argument]; exact call-boundary type is proven, but no same-width transparent p-code path reattaches that argument to one persistent HighSymbol	review	1	1
006029C0	FUN_006029c0	local_lifetime	this/mg0	pointer(pointer:/undefined1) -> pointer(pointer:/STT3DSprC)	00602ADB:t241 call_argument operand=0 target=004030BC	ANALYSIS; direct=004030BC; resolved=004AC040	retain neutral or current storage; require an exact per-use view	single undefined local lifetime; exact_type_votes=8; score=32; sources=[call_argument]; exact call-boundary type is proven, but no same-width transparent p-code path reattaches that argument to one persistent HighSymbol	review	1	1
006029C0	FUN_006029c0	local_lifetime	this/mg0	pointer(pointer:/undefined1) -> pointer(pointer:/STT3DSprC)	00602AF0:t255 call_argument operand=0 target=00405240	ANALYSIS; direct=00405240; resolved=004AC1A0	retain neutral or current storage; require an exact per-use view	single undefined local lifetime; exact_type_votes=8; score=32; sources=[call_argument]; exact call-boundary type is proven, but no same-width transparent p-code path reattaches that argument to one persistent HighSymbol	review	1	1
00605B60	FUN_00605b60	local_lifetime	local_EAX_24/mg0	scalar(/int) -> scalar(/byte)	00605B78:t2338 unsigned_scalar_role operand=0 target=	ANALYSIS	persistent High lifetime already carries the proposed domain	single undefined local lifetime; exact_type_votes=2; score=22; sources=[call_return, scalar_extension]	resolved	1	1
00605B60	FUN_00605b60	local_lifetime	local_EAX_24/mg0	scalar(/int) -> scalar(/byte)	00605B78:t32 call_return operand=-1 target=004049B7	ANALYSIS; direct=004049B7; resolved=004406C0	persistent High lifetime already carries the proposed domain	single undefined local lifetime; exact_type_votes=2; score=22; sources=[call_return, scalar_extension]	resolved	1	1
00606050	STExplosion::sub_00606050	local_lifetime	local_EAX_29/mg0	scalar(/int) -> scalar(/byte)	0060606D:t44 call_return operand=-1 target=004049B7	ANALYSIS; direct=004049B7; resolved=004406C0	persistent High lifetime already carries the proposed domain	single undefined local lifetime; exact_type_votes=2; score=22; sources=[call_return, scalar_extension]	resolved	1	1
00606050	STExplosion::sub_00606050	local_lifetime	local_EAX_29/mg0	scalar(/int) -> scalar(/byte)	0060606D:t5422 unsigned_scalar_role operand=0 target=	ANALYSIS	persistent High lifetime already carries the proposed domain	single undefined local lifetime; exact_type_votes=2; score=22; sources=[call_return, scalar_extension]	resolved	1	1
00607200	FUN_00607200	local_lifetime	local_EAX_23/mg0	scalar(/int) -> scalar(/byte)	00607217:t29 call_return operand=-1 target=004049B7	ANALYSIS; direct=004049B7; resolved=004406C0	persistent High lifetime already carries the proposed domain	single undefined local lifetime; exact_type_votes=2; score=22; sources=[call_return, scalar_extension]	resolved	1	1
00607200	FUN_00607200	local_lifetime	local_EAX_23/mg0	scalar(/int) -> scalar(/byte)	00607217:t4584 unsigned_scalar_role operand=0 target=	ANALYSIS	persistent High lifetime already carries the proposed domain	single undefined local lifetime; exact_type_votes=2; score=22; sources=[call_return, scalar_extension]	resolved	1	1
00607200	FUN_00607200	local_lifetime	uVar1/mg14	scalar(/uint) -> unknown	00607634:t1571 unsigned_scalar_role operand=-1 target=	INT_REM	retain neutral or current storage; require an exact per-use view	incompatible exact lifetime types=[/int, /uint]	review	1	1
00607A60	FUN_00607a60	local_lifetime	local_EAX_23/mg0	scalar(/int) -> scalar(/byte)	00607A77:t2187 unsigned_scalar_role operand=0 target=	ANALYSIS	persistent High lifetime already carries the proposed domain	single undefined local lifetime; exact_type_votes=2; score=22; sources=[call_return, scalar_extension]	resolved	1	1
00607A60	FUN_00607a60	local_lifetime	local_EAX_23/mg0	scalar(/int) -> scalar(/byte)	00607A77:t29 call_return operand=-1 target=004049B7	ANALYSIS; direct=004049B7; resolved=004406C0	persistent High lifetime already carries the proposed domain	single undefined local lifetime; exact_type_votes=2; score=22; sources=[call_return, scalar_extension]	resolved	1	1
0060CA40	FUN_0060ca40	return_abi	EAX/x87 return	void -> void	all reachable callee return paths	void remains unchanged: one or more callsites retain/read EAX, but that alone does not prove the callee returned it; machine CFG audit: used=0, ignored=3, unknown=1	retain void unless a complete caller-use proof exists	void remains unchanged: one or more callsites retain/read EAX, but that alone does not prove the callee returned it; machine CFG audit: used=0, ignored=3, unknown=1	review	1	1
0060D940	FUN_0060d940	return_abi	EAX/x87 return	scalar(/undefined4) -> scalar(/bool)	all reachable callee return paths	all explicit return values are constants in {0,1}, but the source domain alone does not prove the x86 ABI return width; review STAbiConsistencyAnalyzer evidence: [0, 1]	retain current machine-width return pending strict ABI proof	all explicit return values are constants in {0,1}, but the source domain alone does not prove the x86 ABI return width; review STAbiConsistencyAnalyzer evidence: [0, 1]	review	1	1
0060E680	FUN_0060e680	return_abi	EAX/x87 return	scalar(/undefined4) -> scalar(/bool)	all reachable callee return paths	all explicit return values are constants in {0,1}, but the source domain alone does not prove the x86 ABI return width; review STAbiConsistencyAnalyzer evidence: [1, 1, 0]	retain current machine-width return pending strict ABI proof	all explicit return values are constants in {0,1}, but the source domain alone does not prove the x86 ABI return width; review STAbiConsistencyAnalyzer evidence: [1, 1, 0]	review	1	1
006101B0	FUN_006101b0	local_lifetime	RVar5/mg0	scalar(/SubmarineTitans/Recovered/Enums/RecoveredReceiver_0060EF40_field_020CState) -> scalar(/int)	00612365:t2995 call_return operand=-1 target=00402EB4	ANALYSIS; direct=00402EB4; resolved=00615FD0	retain neutral or current storage; require an exact per-use view	separate decompiler merge group; exact_type_votes=1; score=12; sources=[call_return]; weaker generic evidence cannot replace the current nominal type	review	1	1
006101B0	FUN_006101b0	local_lifetime	RVar5/mg1	scalar(/SubmarineTitans/Recovered/Enums/RecoveredReceiver_0060EF40_field_020CState) -> scalar(/int)	0061185E:t7190 call_return operand=-1 target=00402EB4	ANALYSIS; direct=00402EB4; resolved=00615FD0	retain neutral or current storage; require an exact per-use view	separate decompiler merge group; exact_type_votes=1; score=12; sources=[call_return]; weaker generic evidence cannot replace the current nominal type	review	1	1
006101B0	FUN_006101b0	local_lifetime	RVar5/mg3	scalar(/SubmarineTitans/Recovered/Enums/RecoveredReceiver_0060EF40_field_020CState) -> scalar(/int)	006111FC:t14104 call_return operand=-1 target=00402EB4	ANALYSIS; direct=00402EB4; resolved=00615FD0	retain neutral or current storage; require an exact per-use view	separate decompiler merge group; exact_type_votes=1; score=12; sources=[call_return]; weaker generic evidence cannot replace the current nominal type	review	1	1
006101B0	FUN_006101b0	local_lifetime	RVar5/mg4	scalar(/SubmarineTitans/Recovered/Enums/RecoveredReceiver_0060EF40_field_020CState) -> scalar(/int)	00610879:t11643 call_return operand=-1 target=00402EB4	ANALYSIS; direct=00402EB4; resolved=00615FD0	retain neutral or current storage; require an exact per-use view	separate decompiler merge group; exact_type_votes=1; score=12; sources=[call_return]; weaker generic evidence cannot replace the current nominal type	review	1	1
006101B0	FUN_006101b0	local_lifetime	bVar13/mg0	scalar(/bool) -> unknown	0061170B:t5026 boolean_scalar_role operand=-1 target=	INT_EQUAL	retain neutral or current storage; require an exact per-use view	incompatible exact lifetime types=[/bool, /byte]	review	1	1
006101B0	FUN_006101b0	local_lifetime	bVar13/mg1	scalar(/bool) -> unknown	00610797:t7842 boolean_scalar_role operand=-1 target=	INT_EQUAL	retain neutral or current storage; require an exact per-use view	incompatible exact lifetime types=[/bool, /byte]	review	1	1
006101B0	FUN_006101b0	local_lifetime	local_50/mg0	scalar(/undefined4) -> scalar(/int)	00610A4F:t9490 signed_scalar_role operand=0 target=	INT_SRIGHT	retain neutral or current storage; require an exact per-use view	single undefined local lifetime; exact_type_votes=1; score=4; sources=[scalar_arithmetic]; one-way call conversion alone is review-only	review	1	1
006101B0	FUN_006101b0	local_lifetime	local_58/mg0	scalar(/undefined4) -> scalar(/int)	00610A5D:t9570 signed_scalar_role operand=0 target=	INT_SRIGHT	retain neutral or current storage; require an exact per-use view	single undefined local lifetime; exact_type_votes=1; score=4; sources=[scalar_arithmetic]; one-way call conversion alone is review-only	review	1	1
006101B0	FUN_006101b0	local_lifetime	local_60/mg0	scalar(/undefined4) -> scalar(/int)	00610E85:t11274 signed_scalar_role operand=0 target=	INT_SRIGHT	persistent High lifetime already carries the proposed domain	single undefined local lifetime; exact_type_votes=4; score=16; sources=[scalar_arithmetic]	resolved	1	1
006101B0	FUN_006101b0	local_lifetime	local_60/mg0	scalar(/undefined4) -> scalar(/int)	006113EA:t13763 signed_scalar_role operand=0 target=	INT_SRIGHT	persistent High lifetime already carries the proposed domain	single undefined local lifetime; exact_type_votes=4; score=16; sources=[scalar_arithmetic]	resolved	1	1
006101B0	FUN_006101b0	local_lifetime	local_60/mg0	scalar(/undefined4) -> scalar(/int)	00611A51:t6849 signed_scalar_role operand=0 target=	INT_SRIGHT	persistent High lifetime already carries the proposed domain	single undefined local lifetime; exact_type_votes=4; score=16; sources=[scalar_arithmetic]	resolved	1	1
006101B0	FUN_006101b0	local_lifetime	local_60/mg0	scalar(/undefined4) -> scalar(/int)	0061253F:t2654 signed_scalar_role operand=0 target=	INT_SRIGHT	persistent High lifetime already carries the proposed domain	single undefined local lifetime; exact_type_votes=4; score=16; sources=[scalar_arithmetic]	resolved	1	1
006101B0	FUN_006101b0	local_lifetime	local_68/mg0	scalar(/undefined4) -> scalar(/int)	00610E93:t11354 signed_scalar_role operand=0 target=	INT_SRIGHT	persistent High lifetime already carries the proposed domain	single undefined local lifetime; exact_type_votes=4; score=16; sources=[scalar_arithmetic]	resolved	1	1
006101B0	FUN_006101b0	local_lifetime	local_68/mg0	scalar(/undefined4) -> scalar(/int)	006113F8:t13843 signed_scalar_role operand=0 target=	INT_SRIGHT	persistent High lifetime already carries the proposed domain	single undefined local lifetime; exact_type_votes=4; score=16; sources=[scalar_arithmetic]	resolved	1	1
006101B0	FUN_006101b0	local_lifetime	local_68/mg0	scalar(/undefined4) -> scalar(/int)	00611A5F:t6929 signed_scalar_role operand=0 target=	INT_SRIGHT	persistent High lifetime already carries the proposed domain	single undefined local lifetime; exact_type_votes=4; score=16; sources=[scalar_arithmetic]	resolved	1	1
006101B0	FUN_006101b0	local_lifetime	local_68/mg0	scalar(/undefined4) -> scalar(/int)	0061254D:t2734 signed_scalar_role operand=0 target=	INT_SRIGHT	persistent High lifetime already carries the proposed domain	single undefined local lifetime; exact_type_votes=4; score=16; sources=[scalar_arithmetic]	resolved	1	1
006101B0	FUN_006101b0	local_lifetime	uVar14/mg10	scalar(/uint) -> unknown	0061161E:t2055 call_return operand=-1 target=004052CC	ANALYSIS; direct=004052CC; resolved=004AD650	retain neutral or current storage; require an exact per-use view	incompatible exact lifetime types=[/int, /uint]	review	1	1
006132F0	STGenBombC::LoadImagSpr	local_lifetime	uVar7/mg0	scalar(/uint) -> unknown	0061354E:t1610 call_return operand=-1 target=004052CC	ANALYSIS; direct=004052CC; resolved=004AD650	retain neutral or current storage; require an exact per-use view	incompatible exact lifetime types=[/int, /uint]	review	1	1
006132F0	STGenBombC::LoadImagSpr	local_lifetime	uVar7/mg1	scalar(/uint) -> unknown	00613598:t1658 call_return operand=-1 target=004052CC	ANALYSIS; direct=004052CC; resolved=004AD650	retain neutral or current storage; require an exact per-use view	incompatible exact lifetime types=[/int, /uint]	review	1	1
00615AD0	FUN_00615ad0	return_abi	EAX/x87 return	scalar(/undefined4) -> scalar(/bool)	all reachable callee return paths	all explicit return values are constants in {0,1}, but the source domain alone does not prove the x86 ABI return width; review STAbiConsistencyAnalyzer evidence: [1, 0]	retain current machine-width return pending strict ABI proof	all explicit return values are constants in {0,1}, but the source domain alone does not prove the x86 ABI return width; review STAbiConsistencyAnalyzer evidence: [1, 0]	review	1	1
00618900	FUN_00618900	return_abi	EAX/x87 return	scalar(/undefined4) -> scalar(/bool)	all reachable callee return paths	all explicit return values are constants in {0,1}, but the source domain alone does not prove the x86 ABI return width; review STAbiConsistencyAnalyzer evidence: [0, 1, 1, 0]	retain current machine-width return pending strict ABI proof	all explicit return values are constants in {0,1}, but the source domain alone does not prove the x86 ABI return width; review STAbiConsistencyAnalyzer evidence: [0, 1, 1, 0]	review	1	1
00618C00	STJumpMineC::GetMessage	local_lifetime	local_8/mg0	pointer(pointer:/STJumpMineC) -> scalar(/uint)	00618F6B:t1045 call_argument operand=4 target=006E9520	DEFAULT; direct=006E9520	unattachable High lifetime is represented by the exact address-stable per-use boundary 00618F6B:t1045|006E9520|4	exact call-boundary type is proven, but no same-width transparent p-code path reattaches that argument to one persistent HighSymbol; complete CALL-operand scan records an address-local source view only	neutralized	1	1
00618C00		unattachable_call_argument_lifetime	generated per-use lifetime	anchors=00618F6B:t1045; target=006E9520; operand=4; locals=local_8; transition=pointer:/STJumpMineC -> /uint	verified by the matching Ghidra analyzer/export evidence	source audit kind=exact_machine_lifetime_call_view	exact source-only lifetime/view; Program ABI unchanged	Ghidra cannot persist this split without merging unrelated machine lifetimes	neutralized	1	1
006193E0	STJumpMineC::sub_006193E0	return_abi	EAX/x87 return	scalar(/undefined4) -> scalar(/bool)	all reachable callee return paths	all explicit return values are constants in {0,1}, but the source domain alone does not prove the x86 ABI return width; review STAbiConsistencyAnalyzer evidence: [1, 0]	retain current machine-width return pending strict ABI proof	all explicit return values are constants in {0,1}, but the source domain alone does not prove the x86 ABI return width; review STAbiConsistencyAnalyzer evidence: [1, 0]	review	1	1
006195E0	STJumpMineC::LoadImagJMine	local_lifetime	local_8/mg0	pointer(pointer:/STJumpMineC) -> scalar(/uint)	006196EC:t422 call_argument operand=4 target=006E9520	DEFAULT; direct=006E9520	unattachable High lifetime is represented by the exact address-stable per-use boundary 006196EC:t422|006E9520|4	exact call-boundary type is proven, but no same-width transparent p-code path reattaches that argument to one persistent HighSymbol; complete CALL-operand scan records an address-local source view only	neutralized	1	1
006195E0		unattachable_call_argument_lifetime	generated per-use lifetime	anchors=006196EC:t422; target=006E9520; operand=4; locals=local_8; transition=pointer:/STJumpMineC -> /uint	verified by the matching Ghidra analyzer/export evidence	source audit kind=exact_machine_lifetime_call_view	exact source-only lifetime/view; Program ABI unchanged	Ghidra cannot persist this split without merging unrelated machine lifetimes	neutralized	1	1
0061B340		incoming_parameter_slot_lifetime	generated per-use lifetime	_param_1: short[2] -> int x86 stack slot	verified by the matching Ghidra analyzer/export evidence	source audit kind=promoted_parameter_slot_materialization	exact source-only lifetime/view; Program ABI unchanged	Ghidra cannot persist this split without merging unrelated machine lifetimes	neutralized	1	1
0061B340		incoming_parameter_slot_lifetime	generated per-use lifetime	_param_2: short[2] -> int x86 stack slot	verified by the matching Ghidra analyzer/export evidence	source audit kind=promoted_parameter_slot_materialization	exact source-only lifetime/view; Program ABI unchanged	Ghidra cannot persist this split without merging unrelated machine lifetimes	neutralized	1	1
0061E7F0		pointer_float_lifetime	generated per-use lifetime	four-byte floating expression -> pointer storage STLightC_field_00A3Element *	verified by the matching Ghidra analyzer/export evidence	source audit kind=exact_pointer_float_storage_view	exact source-only lifetime/view; Program ABI unchanged	Ghidra cannot persist this split without merging unrelated machine lifetimes	neutralized	1	1
00620DA0	SndUnderAttMenegC::sub_00620DA0	return_abi	EAX/x87 return	scalar(/undefined4) -> scalar(/bool)	all reachable callee return paths	all explicit return values are constants in {0,1}, but the source domain alone does not prove the x86 ABI return width; review STAbiConsistencyAnalyzer evidence: [1, 0]	retain current machine-width return pending strict ABI proof	all explicit return values are constants in {0,1}, but the source domain alone does not prove the x86 ABI return width; review STAbiConsistencyAnalyzer evidence: [1, 0]	review	1	1
00623170	STMineSetC::LoadImagMineSet	local_lifetime	this_00/mg0	pointer(pointer:/undefined4) -> pointer(pointer:/STT3DSprC)	006231E9:t122 call_argument operand=0 target=00404183	ANALYSIS; direct=00404183; resolved=004AB880	retain neutral or current storage; require an exact per-use view	single undefined local lifetime; exact_type_votes=26; score=104; sources=[call_argument]; exact call-boundary type is proven, but no same-width transparent p-code path reattaches that argument to one persistent HighSymbol	review	1	1
00623170	STMineSetC::LoadImagMineSet	local_lifetime	this_00/mg0	pointer(pointer:/undefined4) -> pointer(pointer:/STT3DSprC)	0062321C:t182 call_argument operand=0 target=00401064	ANALYSIS; direct=00401064; resolved=004ABE40	retain neutral or current storage; require an exact per-use view	single undefined local lifetime; exact_type_votes=26; score=104; sources=[call_argument]; exact call-boundary type is proven, but no same-width transparent p-code path reattaches that argument to one persistent HighSymbol	review	1	1
00623170	STMineSetC::LoadImagMineSet	local_lifetime	this_00/mg0	pointer(pointer:/undefined4) -> pointer(pointer:/STT3DSprC)	00623225:t189 call_argument operand=0 target=004030BC	ANALYSIS; direct=004030BC; resolved=004AC040	retain neutral or current storage; require an exact per-use view	single undefined local lifetime; exact_type_votes=26; score=104; sources=[call_argument]; exact call-boundary type is proven, but no same-width transparent p-code path reattaches that argument to one persistent HighSymbol	review	1	1
00623170	STMineSetC::LoadImagMineSet	local_lifetime	this_00/mg0	pointer(pointer:/undefined4) -> pointer(pointer:/STT3DSprC)	0062323B:t203 call_argument operand=0 target=00405240	ANALYSIS; direct=00405240; resolved=004AC1A0	retain neutral or current storage; require an exact per-use view	single undefined local lifetime; exact_type_votes=26; score=104; sources=[call_argument]; exact call-boundary type is proven, but no same-width transparent p-code path reattaches that argument to one persistent HighSymbol	review	1	1
00623170	STMineSetC::LoadImagMineSet	local_lifetime	this_00/mg0	pointer(pointer:/undefined4) -> pointer(pointer:/STT3DSprC)	00623244:t210 call_argument operand=0 target=004022AC	ANALYSIS; direct=004022AC; resolved=004ACD30	retain neutral or current storage; require an exact per-use view	single undefined local lifetime; exact_type_votes=26; score=104; sources=[call_argument]; exact call-boundary type is proven, but no same-width transparent p-code path reattaches that argument to one persistent HighSymbol	review	1	1
00623170	STMineSetC::LoadImagMineSet	local_lifetime	this_00/mg0	pointer(pointer:/undefined4) -> pointer(pointer:/STT3DSprC)	0062327F:t265 call_argument operand=0 target=00404183	ANALYSIS; direct=00404183; resolved=004AB880	retain neutral or current storage; require an exact per-use view	single undefined local lifetime; exact_type_votes=26; score=104; sources=[call_argument]; exact call-boundary type is proven, but no same-width transparent p-code path reattaches that argument to one persistent HighSymbol	review	1	1
00623170	STMineSetC::LoadImagMineSet	local_lifetime	this_00/mg0	pointer(pointer:/undefined4) -> pointer(pointer:/STT3DSprC)	0062329E:t308 call_argument operand=0 target=00401064	ANALYSIS; direct=00401064; resolved=004ABE40	retain neutral or current storage; require an exact per-use view	single undefined local lifetime; exact_type_votes=26; score=104; sources=[call_argument]; exact call-boundary type is proven, but no same-width transparent p-code path reattaches that argument to one persistent HighSymbol	review	1	1
00623170	STMineSetC::LoadImagMineSet	local_lifetime	this_00/mg0	pointer(pointer:/undefined4) -> pointer(pointer:/STT3DSprC)	006232B0:t322 call_argument operand=0 target=004030BC	ANALYSIS; direct=004030BC; resolved=004AC040	retain neutral or current storage; require an exact per-use view	single undefined local lifetime; exact_type_votes=26; score=104; sources=[call_argument]; exact call-boundary type is proven, but no same-width transparent p-code path reattaches that argument to one persistent HighSymbol	review	1	1
00623170	STMineSetC::LoadImagMineSet	local_lifetime	this_00/mg0	pointer(pointer:/undefined4) -> pointer(pointer:/STT3DSprC)	006232C5:t336 call_argument operand=0 target=00405240	ANALYSIS; direct=00405240; resolved=004AC1A0	retain neutral or current storage; require an exact per-use view	single undefined local lifetime; exact_type_votes=26; score=104; sources=[call_argument]; exact call-boundary type is proven, but no same-width transparent p-code path reattaches that argument to one persistent HighSymbol	review	1	1
00623170	STMineSetC::LoadImagMineSet	local_lifetime	this_00/mg0	pointer(pointer:/undefined4) -> pointer(pointer:/STT3DSprC)	006232E4:t369 call_argument operand=0 target=004052FE	ANALYSIS; direct=004052FE; resolved=004ABF00	retain neutral or current storage; require an exact per-use view	single undefined local lifetime; exact_type_votes=26; score=104; sources=[call_argument]; exact call-boundary type is proven, but no same-width transparent p-code path reattaches that argument to one persistent HighSymbol	review	1	1
00623170	STMineSetC::LoadImagMineSet	local_lifetime	this_00/mg0	pointer(pointer:/undefined4) -> pointer(pointer:/STT3DSprC)	00623309:t528 call_argument operand=0 target=00404183	ANALYSIS; direct=00404183; resolved=004AB880	retain neutral or current storage; require an exact per-use view	single undefined local lifetime; exact_type_votes=26; score=104; sources=[call_argument]; exact call-boundary type is proven, but no same-width transparent p-code path reattaches that argument to one persistent HighSymbol	review	1	1
00623170	STMineSetC::LoadImagMineSet	local_lifetime	this_00/mg0	pointer(pointer:/undefined4) -> pointer(pointer:/STT3DSprC)	00623331:t578 call_argument operand=0 target=00401064	ANALYSIS; direct=00401064; resolved=004ABE40	retain neutral or current storage; require an exact per-use view	single undefined local lifetime; exact_type_votes=26; score=104; sources=[call_argument]; exact call-boundary type is proven, but no same-width transparent p-code path reattaches that argument to one persistent HighSymbol	review	1	1
00623170	STMineSetC::LoadImagMineSet	local_lifetime	this_00/mg0	pointer(pointer:/undefined4) -> pointer(pointer:/STT3DSprC)	0062333A:t585 call_argument operand=0 target=004030BC	ANALYSIS; direct=004030BC; resolved=004AC040	retain neutral or current storage; require an exact per-use view	single undefined local lifetime; exact_type_votes=26; score=104; sources=[call_argument]; exact call-boundary type is proven, but no same-width transparent p-code path reattaches that argument to one persistent HighSymbol	review	1	1
00623170	STMineSetC::LoadImagMineSet	local_lifetime	this_00/mg0	pointer(pointer:/undefined4) -> pointer(pointer:/STT3DSprC)	00623350:t599 call_argument operand=0 target=00405240	ANALYSIS; direct=00405240; resolved=004AC1A0	retain neutral or current storage; require an exact per-use view	single undefined local lifetime; exact_type_votes=26; score=104; sources=[call_argument]; exact call-boundary type is proven, but no same-width transparent p-code path reattaches that argument to one persistent HighSymbol	review	1	1
00623170	STMineSetC::LoadImagMineSet	local_lifetime	this_00/mg0	pointer(pointer:/undefined4) -> pointer(pointer:/STT3DSprC)	00623372:t632 call_argument operand=0 target=00404183	ANALYSIS; direct=00404183; resolved=004AB880	retain neutral or current storage; require an exact per-use view	single undefined local lifetime; exact_type_votes=26; score=104; sources=[call_argument]; exact call-boundary type is proven, but no same-width transparent p-code path reattaches that argument to one persistent HighSymbol	review	1	1
00623170	STMineSetC::LoadImagMineSet	local_lifetime	this_00/mg0	pointer(pointer:/undefined4) -> pointer(pointer:/STT3DSprC)	0062339A:t682 call_argument operand=0 target=00401064	ANALYSIS; direct=00401064; resolved=004ABE40	retain neutral or current storage; require an exact per-use view	single undefined local lifetime; exact_type_votes=26; score=104; sources=[call_argument]; exact call-boundary type is proven, but no same-width transparent p-code path reattaches that argument to one persistent HighSymbol	review	1	1
00623170	STMineSetC::LoadImagMineSet	local_lifetime	this_00/mg0	pointer(pointer:/undefined4) -> pointer(pointer:/STT3DSprC)	006233A3:t689 call_argument operand=0 target=004030BC	ANALYSIS; direct=004030BC; resolved=004AC040	retain neutral or current storage; require an exact per-use view	single undefined local lifetime; exact_type_votes=26; score=104; sources=[call_argument]; exact call-boundary type is proven, but no same-width transparent p-code path reattaches that argument to one persistent HighSymbol	review	1	1
00623170	STMineSetC::LoadImagMineSet	local_lifetime	this_00/mg0	pointer(pointer:/undefined4) -> pointer(pointer:/STT3DSprC)	006233B3:t700 call_argument operand=0 target=004044EE	ANALYSIS; direct=004044EE; resolved=004ACF20	retain neutral or current storage; require an exact per-use view	single undefined local lifetime; exact_type_votes=26; score=104; sources=[call_argument]; exact call-boundary type is proven, but no same-width transparent p-code path reattaches that argument to one persistent HighSymbol	review	1	1
00623170	STMineSetC::LoadImagMineSet	local_lifetime	this_00/mg0	pointer(pointer:/undefined4) -> pointer(pointer:/STT3DSprC)	006233BC:t707 call_argument operand=0 target=00403233	ANALYSIS; direct=00403233; resolved=004ACFE0	retain neutral or current storage; require an exact per-use view	single undefined local lifetime; exact_type_votes=26; score=104; sources=[call_argument]; exact call-boundary type is proven, but no same-width transparent p-code path reattaches that argument to one persistent HighSymbol	review	1	1
00623170	STMineSetC::LoadImagMineSet	local_lifetime	this_00/mg0	pointer(pointer:/undefined4) -> pointer(pointer:/STT3DSprC)	006233D2:t721 call_argument operand=0 target=00405240	ANALYSIS; direct=00405240; resolved=004AC1A0	retain neutral or current storage; require an exact per-use view	single undefined local lifetime; exact_type_votes=26; score=104; sources=[call_argument]; exact call-boundary type is proven, but no same-width transparent p-code path reattaches that argument to one persistent HighSymbol	review	1	1
00623170	STMineSetC::LoadImagMineSet	local_lifetime	this_00/mg0	pointer(pointer:/undefined4) -> pointer(pointer:/STT3DSprC)	006233FA:t757 call_argument operand=0 target=00404183	ANALYSIS; direct=00404183; resolved=004AB880	retain neutral or current storage; require an exact per-use view	single undefined local lifetime; exact_type_votes=26; score=104; sources=[call_argument]; exact call-boundary type is proven, but no same-width transparent p-code path reattaches that argument to one persistent HighSymbol	review	1	1
00623170	STMineSetC::LoadImagMineSet	local_lifetime	this_00/mg0	pointer(pointer:/undefined4) -> pointer(pointer:/STT3DSprC)	00623422:t807 call_argument operand=0 target=00401064	ANALYSIS; direct=00401064; resolved=004ABE40	retain neutral or current storage; require an exact per-use view	single undefined local lifetime; exact_type_votes=26; score=104; sources=[call_argument]; exact call-boundary type is proven, but no same-width transparent p-code path reattaches that argument to one persistent HighSymbol	review	1	1
00623170	STMineSetC::LoadImagMineSet	local_lifetime	this_00/mg0	pointer(pointer:/undefined4) -> pointer(pointer:/STT3DSprC)	0062342B:t814 call_argument operand=0 target=004030BC	ANALYSIS; direct=004030BC; resolved=004AC040	retain neutral or current storage; require an exact per-use view	single undefined local lifetime; exact_type_votes=26; score=104; sources=[call_argument]; exact call-boundary type is proven, but no same-width transparent p-code path reattaches that argument to one persistent HighSymbol	review	1	1
00623170	STMineSetC::LoadImagMineSet	local_lifetime	this_00/mg0	pointer(pointer:/undefined4) -> pointer(pointer:/STT3DSprC)	00623441:t828 call_argument operand=0 target=00405240	ANALYSIS; direct=00405240; resolved=004AC1A0	retain neutral or current storage; require an exact per-use view	single undefined local lifetime; exact_type_votes=26; score=104; sources=[call_argument]; exact call-boundary type is proven, but no same-width transparent p-code path reattaches that argument to one persistent HighSymbol	review	1	1
00623170	STMineSetC::LoadImagMineSet	local_lifetime	this_00/mg0	pointer(pointer:/undefined4) -> pointer(pointer:/STT3DSprC)	0062344A:t835 call_argument operand=0 target=00402761	ANALYSIS; direct=00402761; resolved=004AD070	retain neutral or current storage; require an exact per-use view	single undefined local lifetime; exact_type_votes=26; score=104; sources=[call_argument]; exact call-boundary type is proven, but no same-width transparent p-code path reattaches that argument to one persistent HighSymbol	review	1	1
00623170	STMineSetC::LoadImagMineSet	local_lifetime	this_00/mg0	pointer(pointer:/undefined4) -> pointer(pointer:/STT3DSprC)	006234A0:t473 call_argument operand=0 target=004045D9	ANALYSIS; direct=004045D9; resolved=004AD3C0	retain neutral or current storage; require an exact per-use view	single undefined local lifetime; exact_type_votes=26; score=104; sources=[call_argument]; exact call-boundary type is proven, but no same-width transparent p-code path reattaches that argument to one persistent HighSymbol	review	1	1
00623600	FUN_00623600	local_lifetime	puVar1/mg0	pointer(pointer:/undefined1) -> pointer(pointer:/STT3DSprC)	00623820:t769 call_argument operand=0 target=00401064	ANALYSIS; direct=00401064; resolved=004ABE40	retain neutral or current storage; require an exact per-use view	separate decompiler merge group; exact_type_votes=4; score=16; sources=[call_argument]; exact call-boundary type is proven, but no same-width transparent p-code path reattaches that argument to one persistent HighSymbol	review	1	1
00623600	FUN_00623600	local_lifetime	puVar1/mg0	pointer(pointer:/undefined1) -> pointer(pointer:/STT3DSprC)	00623829:t776 call_argument operand=0 target=004030BC	ANALYSIS; direct=004030BC; resolved=004AC040	retain neutral or current storage; require an exact per-use view	separate decompiler merge group; exact_type_votes=4; score=16; sources=[call_argument]; exact call-boundary type is proven, but no same-width transparent p-code path reattaches that argument to one persistent HighSymbol	review	1	1
00623600	FUN_00623600	local_lifetime	puVar1/mg0	pointer(pointer:/undefined1) -> pointer(pointer:/STT3DSprC)	00623843:t802 call_argument operand=0 target=00401064	ANALYSIS; direct=00401064; resolved=004ABE40	retain neutral or current storage; require an exact per-use view	separate decompiler merge group; exact_type_votes=4; score=16; sources=[call_argument]; exact call-boundary type is proven, but no same-width transparent p-code path reattaches that argument to one persistent HighSymbol	review	1	1
00623600	FUN_00623600	local_lifetime	puVar1/mg0	pointer(pointer:/undefined1) -> pointer(pointer:/STT3DSprC)	0062384C:t809 call_argument operand=0 target=004030BC	ANALYSIS; direct=004030BC; resolved=004AC040	retain neutral or current storage; require an exact per-use view	separate decompiler merge group; exact_type_votes=4; score=16; sources=[call_argument]; exact call-boundary type is proven, but no same-width transparent p-code path reattaches that argument to one persistent HighSymbol	review	1	1
00623600	FUN_00623600	local_lifetime	puVar1/mg1	pointer(pointer:/undefined1) -> pointer(pointer:/STT3DSprC)	00623783:t471 call_argument operand=0 target=00401064	ANALYSIS; direct=00401064; resolved=004ABE40	retain neutral or current storage; require an exact per-use view	separate decompiler merge group; exact_type_votes=4; score=16; sources=[call_argument]; exact call-boundary type is proven, but no same-width transparent p-code path reattaches that argument to one persistent HighSymbol	review	1	1
00623600	FUN_00623600	local_lifetime	puVar1/mg1	pointer(pointer:/undefined1) -> pointer(pointer:/STT3DSprC)	0062378C:t478 call_argument operand=0 target=004030BC	ANALYSIS; direct=004030BC; resolved=004AC040	retain neutral or current storage; require an exact per-use view	separate decompiler merge group; exact_type_votes=4; score=16; sources=[call_argument]; exact call-boundary type is proven, but no same-width transparent p-code path reattaches that argument to one persistent HighSymbol	review	1	1
00623600	FUN_00623600	local_lifetime	puVar1/mg1	pointer(pointer:/undefined1) -> pointer(pointer:/STT3DSprC)	006237A6:t504 call_argument operand=0 target=00401064	ANALYSIS; direct=00401064; resolved=004ABE40	retain neutral or current storage; require an exact per-use view	separate decompiler merge group; exact_type_votes=4; score=16; sources=[call_argument]; exact call-boundary type is proven, but no same-width transparent p-code path reattaches that argument to one persistent HighSymbol	review	1	1
00623600	FUN_00623600	local_lifetime	puVar1/mg1	pointer(pointer:/undefined1) -> pointer(pointer:/STT3DSprC)	006237AF:t511 call_argument operand=0 target=004030BC	ANALYSIS; direct=004030BC; resolved=004AC040	retain neutral or current storage; require an exact per-use view	separate decompiler merge group; exact_type_votes=4; score=16; sources=[call_argument]; exact call-boundary type is proven, but no same-width transparent p-code path reattaches that argument to one persistent HighSymbol	review	1	1
00624000	FUN_00624000	local_lifetime	this/mg0	pointer(pointer:/undefined4) -> pointer(pointer:/STT3DSprC)	0062400E:t15 call_argument operand=0 target=00404264	ANALYSIS; direct=00404264; resolved=004AC410	retain neutral or current storage; require an exact per-use view	single undefined local lifetime; exact_type_votes=3; score=12; sources=[call_argument]; exact call-boundary type is proven, but no same-width transparent p-code path reattaches that argument to one persistent HighSymbol	review	1	1
00624000	FUN_00624000	local_lifetime	this/mg0	pointer(pointer:/undefined4) -> pointer(pointer:/STT3DSprC)	00624021:t35 call_argument operand=0 target=00404264	ANALYSIS; direct=00404264; resolved=004AC410	retain neutral or current storage; require an exact per-use view	single undefined local lifetime; exact_type_votes=3; score=12; sources=[call_argument]; exact call-boundary type is proven, but no same-width transparent p-code path reattaches that argument to one persistent HighSymbol	review	1	1
00624000	FUN_00624000	local_lifetime	this/mg0	pointer(pointer:/undefined4) -> pointer(pointer:/STT3DSprC)	0062403C:t76 call_argument operand=0 target=00404264	ANALYSIS; direct=00404264; resolved=004AC410	retain neutral or current storage; require an exact per-use view	single undefined local lifetime; exact_type_votes=3; score=12; sources=[call_argument]; exact call-boundary type is proven, but no same-width transparent p-code path reattaches that argument to one persistent HighSymbol	review	1	1
00625730	STMineSetC::sub_00625730	local_lifetime	uVar9/mg0	scalar(/uint) -> scalar(/int)	00625FF3:t2393 signed_scalar_role operand=-1 target=	INT_SRIGHT	retain neutral or current storage; require an exact per-use view	separate decompiler merge group; exact_type_votes=1; score=4; sources=[scalar_arithmetic]; one-way call conversion alone is review-only	review	1	1
00629070	STParticleC::InitVisibelFlight	local_lifetime	pSVar8/mg0	pointer(pointer:/STParticleC) -> scalar(/uint)	0062931F:t349 call_argument operand=4 target=006E9520	DEFAULT; direct=006E9520	unattachable High lifetime is represented by the exact address-stable per-use boundary 0062931F:t349|006E9520|4	exact call-boundary type is proven, but no same-width transparent p-code path reattaches that argument to one persistent HighSymbol; complete CALL-operand scan records an address-local source view only	neutralized	1	1
00629070		unattachable_call_argument_lifetime	generated per-use lifetime	anchors=0062931F:t349; target=006E9520; operand=4; locals=pSVar8; transition=pointer:/STParticleC -> /uint	verified by the matching Ghidra analyzer/export evidence	source audit kind=exact_machine_lifetime_call_view	exact source-only lifetime/view; Program ABI unchanged	Ghidra cannot persist this split without merging unrelated machine lifetimes	neutralized	1	1
0062BFF0	FUN_0062bff0	local_lifetime	local_34/mg0	scalar(/float[4]) -> floating(/float)	0062C04C:t1731 floating_value_role operand=-1 target=	FLOAT_DIV	persistent High lifetime already carries the proposed domain	separate decompiler merge group; exact_type_votes=6; score=72; sources=[floating_role]	resolved	1	1
0062BFF0	FUN_0062bff0	local_lifetime	local_34/mg0	scalar(/float[4]) -> floating(/float)	0062C085:t2280 floating_value_role operand=1 target=	FLOAT_DIV	persistent High lifetime already carries the proposed domain	separate decompiler merge group; exact_type_votes=6; score=72; sources=[floating_role]	resolved	1	1
0062BFF0	FUN_0062bff0	local_lifetime	local_34/mg0	scalar(/float[4]) -> floating(/float)	0062C0C3:t1886 floating_value_role operand=1 target=	FLOAT_DIV	persistent High lifetime already carries the proposed domain	separate decompiler merge group; exact_type_votes=6; score=72; sources=[floating_role]	resolved	1	1
0062BFF0	FUN_0062bff0	local_lifetime	local_34/mg0	scalar(/float[4]) -> floating(/float)	0062C0DB:t1810 floating_value_role operand=1 target=	FLOAT_DIV	persistent High lifetime already carries the proposed domain	separate decompiler merge group; exact_type_votes=6; score=72; sources=[floating_role]	resolved	1	1
0062BFF0	FUN_0062bff0	local_lifetime	local_34/mg0	scalar(/float[4]) -> floating(/float)	0062C14C:t1926 floating_value_role operand=1 target=	FLOAT_DIV	persistent High lifetime already carries the proposed domain	separate decompiler merge group; exact_type_votes=6; score=72; sources=[floating_role]	resolved	1	1
0062BFF0	FUN_0062bff0	local_lifetime	local_34/mg0	scalar(/float[4]) -> floating(/float)	0062C168:t1940 floating_value_role operand=1 target=	FLOAT_DIV	persistent High lifetime already carries the proposed domain	separate decompiler merge group; exact_type_votes=6; score=72; sources=[floating_role]	resolved	1	1
0062BFF0	FUN_0062bff0	local_lifetime	local_34/mg1	scalar(/float[4]) -> floating(/float)	0062C033:t1726 floating_value_role operand=0 target=	FLOAT_MULT	persistent High lifetime already carries the proposed domain	separate decompiler merge group; exact_type_votes=2; score=24; sources=[floating_role]	resolved	1	1
0062BFF0	FUN_0062bff0	local_lifetime	local_34/mg1	scalar(/float[4]) -> floating(/float)	0062C04C:t1731 floating_value_role operand=0 target=	FLOAT_MULT	persistent High lifetime already carries the proposed domain	separate decompiler merge group; exact_type_votes=2; score=24; sources=[floating_role]	resolved	1	1
0062CAC0	FUN_0062cac0	return_abi	EAX/x87 return	scalar(/undefined4) -> scalar(/bool)	all reachable callee return paths	all explicit return values are constants in {0,1}, but the source domain alone does not prove the x86 ABI return width; review STAbiConsistencyAnalyzer evidence: [1, 0]	retain current machine-width return pending strict ABI proof	all explicit return values are constants in {0,1}, but the source domain alone does not prove the x86 ABI return width; review STAbiConsistencyAnalyzer evidence: [1, 0]	review	1	1
0062E740	STRubbishC::GetMessage	local_lifetime	local_14/mg0	pointer(pointer:/STRubbishC) -> unknown	0062E763:t4337 typed_copy operand=0 target=	DEFAULT	retain neutral or current storage; require an exact per-use view	incompatible exact lifetime types=[pointer:/STGameObjC, pointer:/STRubbishC]	review	1	1
00630AC0	STManRuinC::sub_00630AC0	return_abi	EAX/x87 return	scalar(/undefined4) -> scalar(/bool)	all reachable callee return paths	all explicit return values are constants in {0,1}, but the source domain alone does not prove the x86 ABI return width; review STAbiConsistencyAnalyzer evidence: [0, 0, 1, 1]	retain current machine-width return pending strict ABI proof	all explicit return values are constants in {0,1}, but the source domain alone does not prove the x86 ABI return width; review STAbiConsistencyAnalyzer evidence: [0, 0, 1, 1]	review	1	1
00631190	STManRuinC::FUN_00631190	return_abi	EAX/x87 return	scalar(/undefined4) -> scalar(/bool)	all reachable callee return paths	all explicit return values are constants in {0,1}, but the source domain alone does not prove the x86 ABI return width; review STAbiConsistencyAnalyzer evidence: [1, 0]	retain current machine-width return pending strict ABI proof	all explicit return values are constants in {0,1}, but the source domain alone does not prove the x86 ABI return width; review STAbiConsistencyAnalyzer evidence: [1, 0]	review	1	1
00633770	FUN_00633770	local_lifetime	uVar11/mg14	scalar(/uint) -> scalar(/int)	0063467D:t10240 signed_scalar_role operand=-1 target=	INT_SRIGHT	retain neutral or current storage; require an exact per-use view	separate decompiler merge group; exact_type_votes=1; score=4; sources=[scalar_arithmetic]; one-way call conversion alone is review-only	review	1	1
00633770	FUN_00633770	local_lifetime	uVar11/mg15	scalar(/uint) -> scalar(/int)	006346ED:t10465 signed_scalar_role operand=-1 target=	INT_SRIGHT	retain neutral or current storage; require an exact per-use view	separate decompiler merge group; exact_type_votes=1; score=4; sources=[scalar_arithmetic]; one-way call conversion alone is review-only	review	1	1
00633770	FUN_00633770	local_lifetime	uVar11/mg16	scalar(/uint) -> scalar(/int)	0063476C:t10753 signed_scalar_role operand=-1 target=	INT_SRIGHT	retain neutral or current storage; require an exact per-use view	separate decompiler merge group; exact_type_votes=1; score=4; sources=[scalar_arithmetic]; one-way call conversion alone is review-only	review	1	1
00633770	FUN_00633770	local_lifetime	uVar8/mg19	scalar(/uint) -> unknown	00633FEB:t21153 signed_scalar_role operand=-1 target=	INT_SDIV	retain neutral or current storage; require an exact per-use view	incompatible exact lifetime types=[/int, /uint]	review	1	1
00638CA0	FUN_00638ca0	local_lifetime	uVar5/mg1	scalar(/uint) -> unknown	00638E63:t1742 call_return operand=-1 target=004052CC	ANALYSIS; direct=004052CC; resolved=004AD650	retain neutral or current storage; require an exact per-use view	incompatible exact lifetime types=[/int, /uint]	review	1	1
00639990	FUN_00639990	local_lifetime	puVar1/mg0	pointer(pointer:/undefined1) -> pointer(pointer:/STT3DSprC)	00639AC8:t298 call_argument operand=0 target=00404183	ANALYSIS; direct=00404183; resolved=004AB880	retain neutral or current storage; require an exact per-use view	separate decompiler merge group; exact_type_votes=4; score=16; sources=[call_argument]; exact call-boundary type is proven, but no same-width transparent p-code path reattaches that argument to one persistent HighSymbol	review	1	1
00639990	FUN_00639990	local_lifetime	puVar1/mg0	pointer(pointer:/undefined1) -> pointer(pointer:/STT3DSprC)	00639AEB:t337 call_argument operand=0 target=00404183	ANALYSIS; direct=00404183; resolved=004AB880	retain neutral or current storage; require an exact per-use view	separate decompiler merge group; exact_type_votes=4; score=16; sources=[call_argument]; exact call-boundary type is proven, but no same-width transparent p-code path reattaches that argument to one persistent HighSymbol	review	1	1
00639990	FUN_00639990	local_lifetime	puVar1/mg0	pointer(pointer:/undefined1) -> pointer(pointer:/STT3DSprC)	00639B28:t395 call_argument operand=0 target=004022AC	ANALYSIS; direct=004022AC; resolved=004ACD30	retain neutral or current storage; require an exact per-use view	separate decompiler merge group; exact_type_votes=4; score=16; sources=[call_argument]; exact call-boundary type is proven, but no same-width transparent p-code path reattaches that argument to one persistent HighSymbol	review	1	1
00639990	FUN_00639990	local_lifetime	puVar1/mg0	pointer(pointer:/undefined1) -> pointer(pointer:/STT3DSprC)	00639B4D:t419 call_argument operand=0 target=00405240	ANALYSIS; direct=00405240; resolved=004AC1A0	retain neutral or current storage; require an exact per-use view	separate decompiler merge group; exact_type_votes=4; score=16; sources=[call_argument]; exact call-boundary type is proven, but no same-width transparent p-code path reattaches that argument to one persistent HighSymbol	review	1	1
00639990	FUN_00639990	local_lifetime	puVar1/mg1	pointer(pointer:/undefined1) -> pointer(pointer:/STT3DSprC)	006399C1:t50 call_argument operand=0 target=00404183	ANALYSIS; direct=00404183; resolved=004AB880	retain neutral or current storage; require an exact per-use view	separate decompiler merge group; exact_type_votes=10; score=40; sources=[call_argument]; exact call-boundary type is proven, but no same-width transparent p-code path reattaches that argument to one persistent HighSymbol	review	1	1
00639990	FUN_00639990	local_lifetime	puVar1/mg1	pointer(pointer:/undefined1) -> pointer(pointer:/STT3DSprC)	006399E4:t89 call_argument operand=0 target=00404183	ANALYSIS; direct=00404183; resolved=004AB880	retain neutral or current storage; require an exact per-use view	separate decompiler merge group; exact_type_votes=10; score=40; sources=[call_argument]; exact call-boundary type is proven, but no same-width transparent p-code path reattaches that argument to one persistent HighSymbol	review	1	1
00639990	FUN_00639990	local_lifetime	puVar1/mg1	pointer(pointer:/undefined1) -> pointer(pointer:/STT3DSprC)	00639A06:t125 call_argument operand=0 target=00405240	ANALYSIS; direct=00405240; resolved=004AC1A0	retain neutral or current storage; require an exact per-use view	separate decompiler merge group; exact_type_votes=10; score=40; sources=[call_argument]; exact call-boundary type is proven, but no same-width transparent p-code path reattaches that argument to one persistent HighSymbol	review	1	1
00639990	FUN_00639990	local_lifetime	puVar1/mg1	pointer(pointer:/undefined1) -> pointer(pointer:/STT3DSprC)	00639A23:t142 call_argument operand=0 target=00405240	ANALYSIS; direct=00405240; resolved=004AC1A0	retain neutral or current storage; require an exact per-use view	separate decompiler merge group; exact_type_votes=10; score=40; sources=[call_argument]; exact call-boundary type is proven, but no same-width transparent p-code path reattaches that argument to one persistent HighSymbol	review	1	1
00639990	FUN_00639990	local_lifetime	puVar1/mg1	pointer(pointer:/undefined1) -> pointer(pointer:/STT3DSprC)	00639A3E:t168 call_argument operand=0 target=00401064	ANALYSIS; direct=00401064; resolved=004ABE40	retain neutral or current storage; require an exact per-use view	separate decompiler merge group; exact_type_votes=10; score=40; sources=[call_argument]; exact call-boundary type is proven, but no same-width transparent p-code path reattaches that argument to one persistent HighSymbol	review	1	1
00639990	FUN_00639990	local_lifetime	puVar1/mg1	pointer(pointer:/undefined1) -> pointer(pointer:/STT3DSprC)	00639A52:t191 call_argument operand=0 target=00401064	ANALYSIS; direct=00401064; resolved=004ABE40	retain neutral or current storage; require an exact per-use view	separate decompiler merge group; exact_type_votes=10; score=40; sources=[call_argument]; exact call-boundary type is proven, but no same-width transparent p-code path reattaches that argument to one persistent HighSymbol	review	1	1
00639990	FUN_00639990	local_lifetime	puVar1/mg1	pointer(pointer:/undefined1) -> pointer(pointer:/STT3DSprC)	00639A80:t224 call_argument operand=0 target=004044EE	ANALYSIS; direct=004044EE; resolved=004ACF20	retain neutral or current storage; require an exact per-use view	separate decompiler merge group; exact_type_votes=10; score=40; sources=[call_argument]; exact call-boundary type is proven, but no same-width transparent p-code path reattaches that argument to one persistent HighSymbol	review	1	1
00639990	FUN_00639990	local_lifetime	puVar1/mg1	pointer(pointer:/undefined1) -> pointer(pointer:/STT3DSprC)	00639A89:t231 call_argument operand=0 target=00403233	ANALYSIS; direct=00403233; resolved=004ACFE0	retain neutral or current storage; require an exact per-use view	separate decompiler merge group; exact_type_votes=10; score=40; sources=[call_argument]; exact call-boundary type is proven, but no same-width transparent p-code path reattaches that argument to one persistent HighSymbol	review	1	1
00639990	FUN_00639990	local_lifetime	puVar1/mg1	pointer(pointer:/undefined1) -> pointer(pointer:/STT3DSprC)	00639A92:t238 call_argument operand=0 target=004022AC	ANALYSIS; direct=004022AC; resolved=004ACD30	retain neutral or current storage; require an exact per-use view	separate decompiler merge group; exact_type_votes=10; score=40; sources=[call_argument]; exact call-boundary type is proven, but no same-width transparent p-code path reattaches that argument to one persistent HighSymbol	review	1	1
00639990	FUN_00639990	local_lifetime	puVar1/mg1	pointer(pointer:/undefined1) -> pointer(pointer:/STT3DSprC)	00639AA1:t248 call_argument operand=0 target=004022AC	ANALYSIS; direct=004022AC; resolved=004ACD30	retain neutral or current storage; require an exact per-use view	separate decompiler merge group; exact_type_votes=10; score=40; sources=[call_argument]; exact call-boundary type is proven, but no same-width transparent p-code path reattaches that argument to one persistent HighSymbol	review	1	1
0063CB30	FUN_0063cb30	local_lifetime	uVar3/mg0	scalar(/uint) -> scalar(/int)	0063CB90:t142 signed_scalar_role operand=-1 target=	INT_SRIGHT	retain neutral or current storage; require an exact per-use view	separate decompiler merge group; exact_type_votes=1; score=4; sources=[scalar_arithmetic]; one-way call conversion alone is review-only	review	1	1
0063CB30	FUN_0063cb30	local_lifetime	uVar3/mg1	scalar(/uint) -> scalar(/int)	0063CBA5:t189 signed_scalar_role operand=-1 target=	INT_SRIGHT	retain neutral or current storage; require an exact per-use view	separate decompiler merge group; exact_type_votes=1; score=4; sources=[scalar_arithmetic]; one-way call conversion alone is review-only	review	1	1
0063CB30	FUN_0063cb30	local_lifetime	uVar3/mg2	scalar(/uint) -> scalar(/int)	0063CBB9:t236 signed_scalar_role operand=-1 target=	INT_SRIGHT	retain neutral or current storage; require an exact per-use view	separate decompiler merge group; exact_type_votes=1; score=4; sources=[scalar_arithmetic]; one-way call conversion alone is review-only	review	1	1
0063D660		incoming_parameter_slot_lifetime	generated per-use lifetime	_param_1: char[1] -> int x86 stack slot	verified by the matching Ghidra analyzer/export evidence	source audit kind=promoted_parameter_slot_materialization	exact source-only lifetime/view; Program ABI unchanged	Ghidra cannot persist this split without merging unrelated machine lifetimes	neutralized	1	1
006406D0	STTorpC::GetMessage	local_lifetime	local_c8/mg0	pointer(pointer:/STTorpC) -> unknown	00640702:t111472 typed_copy operand=0 target=	DEFAULT	retain neutral or current storage; require an exact per-use view	incompatible exact lifetime types=[pointer:/STAllPlayersC, pointer:/STJellyGunC, pointer:/STSprGameObjC, pointer:/STTorpC]	review	1	1
006406D0	STTorpC::GetMessage	local_lifetime	puVar15/mg2	pointer(pointer:/undefined4) -> pointer(pointer:/STT3DSprC)	00640D3E:t1218 call_argument operand=0 target=00404183	ANALYSIS; direct=00404183; resolved=004AB880	retain neutral or current storage; require an exact per-use view	separate decompiler merge group; exact_type_votes=2; score=8; sources=[call_argument]; exact call-boundary type is proven, but no same-width transparent p-code path reattaches that argument to one persistent HighSymbol	review	1	1
006406D0	STTorpC::GetMessage	local_lifetime	puVar15/mg2	pointer(pointer:/undefined4) -> pointer(pointer:/STT3DSprC)	00640F07:t1859 call_argument operand=0 target=00405240	ANALYSIS; direct=00405240; resolved=004AC1A0	retain neutral or current storage; require an exact per-use view	separate decompiler merge group; exact_type_votes=2; score=8; sources=[call_argument]; exact call-boundary type is proven, but no same-width transparent p-code path reattaches that argument to one persistent HighSymbol	review	1	1
006406D0	STTorpC::GetMessage	local_lifetime	puVar15/mg3	pointer(pointer:/undefined4) -> pointer(pointer:/STT3DSprC)	00642C33:t7489 call_argument operand=0 target=004022AC	ANALYSIS; direct=004022AC; resolved=004ACD30	retain neutral or current storage; require an exact per-use view	separate decompiler merge group; exact_type_votes=3; score=12; sources=[call_argument]; exact call-boundary type is proven, but no same-width transparent p-code path reattaches that argument to one persistent HighSymbol	review	1	1
006406D0	STTorpC::GetMessage	local_lifetime	puVar15/mg3	pointer(pointer:/undefined4) -> pointer(pointer:/STT3DSprC)	00642C49:t7529 call_argument operand=0 target=00404264	ANALYSIS; direct=00404264; resolved=004AC410	retain neutral or current storage; require an exact per-use view	separate decompiler merge group; exact_type_votes=3; score=12; sources=[call_argument]; exact call-boundary type is proven, but no same-width transparent p-code path reattaches that argument to one persistent HighSymbol	review	1	1
006406D0	STTorpC::GetMessage	local_lifetime	puVar15/mg3	pointer(pointer:/undefined4) -> pointer(pointer:/STT3DSprC)	00642C52:t7536 call_argument operand=0 target=004022AC	ANALYSIS; direct=004022AC; resolved=004ACD30	retain neutral or current storage; require an exact per-use view	separate decompiler merge group; exact_type_votes=3; score=12; sources=[call_argument]; exact call-boundary type is proven, but no same-width transparent p-code path reattaches that argument to one persistent HighSymbol	review	1	1
006406D0	STTorpC::GetMessage	local_lifetime	puVar15/mg4	pointer(pointer:/undefined4) -> pointer(pointer:/STT3DSprC)	006425A1:t4082 call_argument operand=0 target=00404183	ANALYSIS; direct=00404183; resolved=004AB880	retain neutral or current storage; require an exact per-use view	separate decompiler merge group; exact_type_votes=9; score=36; sources=[call_argument]; exact call-boundary type is proven, but no same-width transparent p-code path reattaches that argument to one persistent HighSymbol	review	1	1
006406D0	STTorpC::GetMessage	local_lifetime	puVar15/mg4	pointer(pointer:/undefined4) -> pointer(pointer:/STT3DSprC)	006425E3:t4147 call_argument operand=0 target=00404183	ANALYSIS; direct=00404183; resolved=004AB880	retain neutral or current storage; require an exact per-use view	separate decompiler merge group; exact_type_votes=9; score=36; sources=[call_argument]; exact call-boundary type is proven, but no same-width transparent p-code path reattaches that argument to one persistent HighSymbol	review	1	1
006406D0	STTorpC::GetMessage	local_lifetime	puVar15/mg4	pointer(pointer:/undefined4) -> pointer(pointer:/STT3DSprC)	006425F9:t4172 call_argument operand=0 target=004022AC	ANALYSIS; direct=004022AC; resolved=004ACD30	retain neutral or current storage; require an exact per-use view	separate decompiler merge group; exact_type_votes=9; score=36; sources=[call_argument]; exact call-boundary type is proven, but no same-width transparent p-code path reattaches that argument to one persistent HighSymbol	review	1	1
006406D0	STTorpC::GetMessage	local_lifetime	puVar15/mg4	pointer(pointer:/undefined4) -> pointer(pointer:/STT3DSprC)	0064262C:t4216 call_argument operand=0 target=00404183	ANALYSIS; direct=00404183; resolved=004AB880	retain neutral or current storage; require an exact per-use view	separate decompiler merge group; exact_type_votes=9; score=36; sources=[call_argument]; exact call-boundary type is proven, but no same-width transparent p-code path reattaches that argument to one persistent HighSymbol	review	1	1
006406D0	STTorpC::GetMessage	local_lifetime	puVar15/mg4	pointer(pointer:/undefined4) -> pointer(pointer:/STT3DSprC)	00642666:t4263 call_argument operand=0 target=00405240	ANALYSIS; direct=00405240; resolved=004AC1A0	retain neutral or current storage; require an exact per-use view	separate decompiler merge group; exact_type_votes=9; score=36; sources=[call_argument]; exact call-boundary type is proven, but no same-width transparent p-code path reattaches that argument to one persistent HighSymbol	review	1	1
006406D0	STTorpC::GetMessage	local_lifetime	puVar15/mg4	pointer(pointer:/undefined4) -> pointer(pointer:/STT3DSprC)	0064268B:t4296 call_argument operand=0 target=004022AC	ANALYSIS; direct=004022AC; resolved=004ACD30	retain neutral or current storage; require an exact per-use view	separate decompiler merge group; exact_type_votes=9; score=36; sources=[call_argument]; exact call-boundary type is proven, but no same-width transparent p-code path reattaches that argument to one persistent HighSymbol	review	1	1
006406D0	STTorpC::GetMessage	local_lifetime	puVar15/mg4	pointer(pointer:/undefined4) -> pointer(pointer:/STT3DSprC)	006426A4:t4322 call_argument operand=0 target=00405240	ANALYSIS; direct=00405240; resolved=004AC1A0	retain neutral or current storage; require an exact per-use view	separate decompiler merge group; exact_type_votes=9; score=36; sources=[call_argument]; exact call-boundary type is proven, but no same-width transparent p-code path reattaches that argument to one persistent HighSymbol	review	1	1
006406D0	STTorpC::GetMessage	local_lifetime	puVar15/mg4	pointer(pointer:/undefined4) -> pointer(pointer:/STT3DSprC)	006426CF:t4359 call_argument operand=0 target=004044EE	ANALYSIS; direct=004044EE; resolved=004ACF20	retain neutral or current storage; require an exact per-use view	separate decompiler merge group; exact_type_votes=9; score=36; sources=[call_argument]; exact call-boundary type is proven, but no same-width transparent p-code path reattaches that argument to one persistent HighSymbol	review	1	1
006406D0	STTorpC::GetMessage	local_lifetime	puVar15/mg4	pointer(pointer:/undefined4) -> pointer(pointer:/STT3DSprC)	006426D8:t4366 call_argument operand=0 target=00403233	ANALYSIS; direct=00403233; resolved=004ACFE0	retain neutral or current storage; require an exact per-use view	separate decompiler merge group; exact_type_votes=9; score=36; sources=[call_argument]; exact call-boundary type is proven, but no same-width transparent p-code path reattaches that argument to one persistent HighSymbol	review	1	1
006406D0	STTorpC::GetMessage	local_lifetime	uVar19/mg182	scalar(/uint) -> unknown	006426E5:t4379 call_return operand=-1 target=004052CC	ANALYSIS; direct=004052CC; resolved=004AD650	retain neutral or current storage; require an exact per-use view	incompatible exact lifetime types=[/int, /uint]	review	1	1
00643E20	STTorpC::sub_00643E20	local_lifetime	puVar1/mg0	pointer(pointer:/undefined1) -> pointer(pointer:/STT3DSprC)	00644202:t1434 call_argument operand=0 target=00401064	ANALYSIS; direct=00401064; resolved=004ABE40	retain neutral or current storage; require an exact per-use view	separate decompiler merge group; exact_type_votes=6; score=24; sources=[call_argument]; exact call-boundary type is proven, but no same-width transparent p-code path reattaches that argument to one persistent HighSymbol	review	1	1
00643E20	STTorpC::sub_00643E20	local_lifetime	puVar1/mg0	pointer(pointer:/undefined1) -> pointer(pointer:/STT3DSprC)	00644219:t1480 call_argument operand=0 target=004030BC	ANALYSIS; direct=004030BC; resolved=004AC040	retain neutral or current storage; require an exact per-use view	separate decompiler merge group; exact_type_votes=6; score=24; sources=[call_argument]; exact call-boundary type is proven, but no same-width transparent p-code path reattaches that argument to one persistent HighSymbol	review	1	1
00643E20	STTorpC::sub_00643E20	local_lifetime	puVar1/mg0	pointer(pointer:/undefined1) -> pointer(pointer:/STT3DSprC)	00644238:t1538 call_argument operand=0 target=004022AC	ANALYSIS; direct=004022AC; resolved=004ACD30	retain neutral or current storage; require an exact per-use view	separate decompiler merge group; exact_type_votes=6; score=24; sources=[call_argument]; exact call-boundary type is proven, but no same-width transparent p-code path reattaches that argument to one persistent HighSymbol	review	1	1
00643E20	STTorpC::sub_00643E20	local_lifetime	puVar1/mg0	pointer(pointer:/undefined1) -> pointer(pointer:/STT3DSprC)	00644246:t1561 call_argument operand=0 target=00401064	ANALYSIS; direct=00401064; resolved=004ABE40	retain neutral or current storage; require an exact per-use view	separate decompiler merge group; exact_type_votes=6; score=24; sources=[call_argument]; exact call-boundary type is proven, but no same-width transparent p-code path reattaches that argument to one persistent HighSymbol	review	1	1
00643E20	STTorpC::sub_00643E20	local_lifetime	puVar1/mg0	pointer(pointer:/undefined1) -> pointer(pointer:/STT3DSprC)	0064425D:t1607 call_argument operand=0 target=004030BC	ANALYSIS; direct=004030BC; resolved=004AC040	retain neutral or current storage; require an exact per-use view	separate decompiler merge group; exact_type_votes=6; score=24; sources=[call_argument]; exact call-boundary type is proven, but no same-width transparent p-code path reattaches that argument to one persistent HighSymbol	review	1	1
00643E20	STTorpC::sub_00643E20	local_lifetime	puVar1/mg0	pointer(pointer:/undefined1) -> pointer(pointer:/STT3DSprC)	00644274:t1653 call_argument operand=0 target=004022AC	ANALYSIS; direct=004022AC; resolved=004ACD30	retain neutral or current storage; require an exact per-use view	separate decompiler merge group; exact_type_votes=6; score=24; sources=[call_argument]; exact call-boundary type is proven, but no same-width transparent p-code path reattaches that argument to one persistent HighSymbol	review	1	1
00643E20	STTorpC::sub_00643E20	local_lifetime	puVar1/mg1	pointer(pointer:/undefined1) -> pointer(pointer:/STT3DSprC)	00644070:t856 call_argument operand=0 target=00401064	ANALYSIS; direct=00401064; resolved=004ABE40	retain neutral or current storage; require an exact per-use view	separate decompiler merge group; exact_type_votes=6; score=24; sources=[call_argument]; exact call-boundary type is proven, but no same-width transparent p-code path reattaches that argument to one persistent HighSymbol	review	1	1
00643E20	STTorpC::sub_00643E20	local_lifetime	puVar1/mg1	pointer(pointer:/undefined1) -> pointer(pointer:/STT3DSprC)	00644087:t902 call_argument operand=0 target=004030BC	ANALYSIS; direct=004030BC; resolved=004AC040	retain neutral or current storage; require an exact per-use view	separate decompiler merge group; exact_type_votes=6; score=24; sources=[call_argument]; exact call-boundary type is proven, but no same-width transparent p-code path reattaches that argument to one persistent HighSymbol	review	1	1
00643E20	STTorpC::sub_00643E20	local_lifetime	puVar1/mg1	pointer(pointer:/undefined1) -> pointer(pointer:/STT3DSprC)	006440A6:t960 call_argument operand=0 target=004022AC	ANALYSIS; direct=004022AC; resolved=004ACD30	retain neutral or current storage; require an exact per-use view	separate decompiler merge group; exact_type_votes=6; score=24; sources=[call_argument]; exact call-boundary type is proven, but no same-width transparent p-code path reattaches that argument to one persistent HighSymbol	review	1	1
00643E20	STTorpC::sub_00643E20	local_lifetime	puVar1/mg1	pointer(pointer:/undefined1) -> pointer(pointer:/STT3DSprC)	006440B4:t983 call_argument operand=0 target=00401064	ANALYSIS; direct=00401064; resolved=004ABE40	retain neutral or current storage; require an exact per-use view	separate decompiler merge group; exact_type_votes=6; score=24; sources=[call_argument]; exact call-boundary type is proven, but no same-width transparent p-code path reattaches that argument to one persistent HighSymbol	review	1	1
00643E20	STTorpC::sub_00643E20	local_lifetime	puVar1/mg1	pointer(pointer:/undefined1) -> pointer(pointer:/STT3DSprC)	006440CB:t1029 call_argument operand=0 target=004030BC	ANALYSIS; direct=004030BC; resolved=004AC040	retain neutral or current storage; require an exact per-use view	separate decompiler merge group; exact_type_votes=6; score=24; sources=[call_argument]; exact call-boundary type is proven, but no same-width transparent p-code path reattaches that argument to one persistent HighSymbol	review	1	1
00643E20	STTorpC::sub_00643E20	local_lifetime	puVar1/mg1	pointer(pointer:/undefined1) -> pointer(pointer:/STT3DSprC)	006440E2:t1075 call_argument operand=0 target=004022AC	ANALYSIS; direct=004022AC; resolved=004ACD30	retain neutral or current storage; require an exact per-use view	separate decompiler merge group; exact_type_votes=6; score=24; sources=[call_argument]; exact call-boundary type is proven, but no same-width transparent p-code path reattaches that argument to one persistent HighSymbol	review	1	1
00648780	LoadBossEdit	local_lifetime	param_1/mg0	scalar(/int) -> pointer(pointer:/cMf32)	006487E3:t121 call_argument operand=0 target=006F2D90	DEFAULT; direct=006F2D90	unattachable High lifetime is represented by the exact address-stable per-use boundary 006487E3:t121|006F2D90|0	exact call-boundary type is proven, but no same-width transparent p-code path reattaches that argument to one persistent HighSymbol; complete CALL-operand scan records an address-local source view only	neutralized	1	1
00648780		unattachable_call_argument_lifetime	generated per-use lifetime	anchors=006487E3:t121; target=006F2D90; operand=0; locals=param_1; transition=/int -> pointer:/cMf32	verified by the matching Ghidra analyzer/export evidence	source audit kind=exact_machine_lifetime_call_view	exact source-only lifetime/view; Program ABI unchanged	Ghidra cannot persist this split without merging unrelated machine lifetimes	neutralized	1	1
006488C0	SaveBossEdit	local_lifetime	local_8/mg0	pointer(pointer:/SubmarineTitans/Recovered/AllocationRecords/AllocationRecord_00648620) -> unknown	00648941:t172 call_return operand=-1 target=00405A24	ANALYSIS; direct=00405A24; resolved=00648620	retain neutral or current storage; require an exact per-use view	incompatible exact lifetime types=[pointer:/SubmarineTitans/Recovered/AllocationRecords/AllocationRecord_00648620, pointer:/byte]	review	1	1
00648AB0	LoadStrategData	local_lifetime	param_1/mg0	scalar(/int) -> pointer(pointer:/cMf32)	00648B0C:t136 call_argument operand=0 target=006F2D90	DEFAULT; direct=006F2D90	unattachable High lifetime is represented by the exact address-stable per-use boundary 00648B0C:t136|006F2D90|0	exact call-boundary type is proven, but no same-width transparent p-code path reattaches that argument to one persistent HighSymbol; complete CALL-operand scan records an address-local source view only	neutralized	1	1
00648AB0		unattachable_call_argument_lifetime	generated per-use lifetime	anchors=00648B0C:t136; target=006F2D90; operand=0; locals=param_1; transition=/int -> pointer:/cMf32	verified by the matching Ghidra analyzer/export evidence	source audit kind=exact_machine_lifetime_call_view	exact source-only lifetime/view; Program ABI unchanged	Ghidra cannot persist this split without merging unrelated machine lifetimes	neutralized	1	1
00648E70	CreateArbiter	local_lifetime	param_1/mg0	scalar(/int) -> pointer(pointer:/cMf32)	00648EE5:t140 call_argument operand=0 target=006F2D90	DEFAULT; direct=006F2D90	unattachable High lifetime is represented by the exact address-stable per-use boundary 00648EE5:t140|006F2D90|0	exact call-boundary type is proven, but no same-width transparent p-code path reattaches that argument to one persistent HighSymbol; complete CALL-operand scan records an address-local source view only	neutralized	1	1
00648E70		unattachable_call_argument_lifetime	generated per-use lifetime	anchors=00648EE5:t140; target=006F2D90; operand=0; locals=param_1; transition=/int -> pointer:/cMf32	verified by the matching Ghidra analyzer/export evidence	source audit kind=exact_machine_lifetime_call_view	exact source-only lifetime/view; Program ABI unchanged	Ghidra cannot persist this split without merging unrelated machine lifetimes	neutralized	1	1
0064A970	SubmarineTitans::Recovered::HiddenThis::RecoveredReceiver_0064A970::FUN_0064a970	local_lifetime	fVar11/mg2	floating(/float) -> scalar(/int)	0064C066:t6789 call_argument operand=1 target=007300E0	DEFAULT; direct=007300E0	unattachable High lifetime is represented by the exact address-stable per-use boundary 0064C066:t6789|007300E0|1	separate decompiler merge group; exact_type_votes=1; score=4; sources=[call_argument]; one-way call conversion alone is review-only; exact call-boundary type is proven, but no same-width transparent p-code path reattaches that argument to one persistent HighSymbol	neutralized	1	1
0064A970	SubmarineTitans::Recovered::HiddenThis::RecoveredReceiver_0064A970::FUN_0064a970	local_lifetime	local_20/mg0	floating(/float) -> scalar(/uint)	0064C054:t6765 call_argument operand=0 target=006AAC10	ANALYSIS; direct=006AAC10	unattachable High lifetime is represented by the exact address-stable per-use boundary 0064C054:t6765|006AAC10|0	exact call-boundary type is proven, but no same-width transparent p-code path reattaches that argument to one persistent HighSymbol; complete CALL-operand scan records an address-local source view only	neutralized	1	1
0064A970	SubmarineTitans::Recovered::HiddenThis::RecoveredReceiver_0064A970::FUN_0064a970	local_lifetime	local_28/mg0	pointer(pointer:/char) -> scalar(/uint)	0064BFF6:t7231 call_argument operand=1 target=006ACF50	ANALYSIS; direct=006ACF50	unattachable High lifetime is represented by the exact address-stable per-use boundary 0064BFF6:t7231|006ACF50|1	exact call-boundary type is proven, but no same-width transparent p-code path reattaches that argument to one persistent HighSymbol; complete CALL-operand scan records an address-local source view only	neutralized	1	1
0064A970	SubmarineTitans::Recovered::HiddenThis::RecoveredReceiver_0064A970::FUN_0064a970	local_lifetime	param_1/mg0	pointer(pointer:/char) -> scalar(/int)	0064B36A:t1805 call_argument operand=3 target=006A5E40	USER_DEFINED; direct=006A5E40	unattachable High lifetime is represented by the exact address-stable per-use boundary 0064B36A:t1805|006A5E40|3	exact call-boundary type is proven, but no same-width transparent p-code path reattaches that argument to one persistent HighSymbol; complete CALL-operand scan records an address-local source view only	neutralized	1	1
0064A970	SubmarineTitans::Recovered::HiddenThis::RecoveredReceiver_0064A970::FUN_0064a970	local_lifetime	pcVar8/mg4	pointer(pointer:/char) -> scalar(/uint)	0064BF21:t6925 call_argument operand=1 target=006ACF50	ANALYSIS; direct=006ACF50	unattachable High lifetime is represented by the exact address-stable per-use boundary 0064BF21:t6925|006ACF50|1	separate decompiler merge group; exact_type_votes=2; score=8; sources=[call_argument]; exact call-boundary type is proven, but no same-width transparent p-code path reattaches that argument to one persistent HighSymbol	neutralized	1	1
0064A970	SubmarineTitans::Recovered::HiddenThis::RecoveredReceiver_0064A970::FUN_0064a970	local_lifetime	pcVar8/mg4	pointer(pointer:/char) -> scalar(/uint)	0064BF7C:t7074 call_argument operand=1 target=006ACF50	ANALYSIS; direct=006ACF50	unattachable High lifetime is represented by the exact address-stable per-use boundary 0064BF7C:t7074|006ACF50|1	separate decompiler merge group; exact_type_votes=2; score=8; sources=[call_argument]; exact call-boundary type is proven, but no same-width transparent p-code path reattaches that argument to one persistent HighSymbol	neutralized	1	1
0064A970		pointer_float_lifetime	generated per-use lifetime	pointer bits char * -> float	verified by the matching Ghidra analyzer/export evidence	source audit kind=exact_pointer_float_storage_view	exact source-only lifetime/view; Program ABI unchanged	Ghidra cannot persist this split without merging unrelated machine lifetimes	neutralized	1	1
0064A970		pointer_float_lifetime	generated per-use lifetime	pointer bits int * -> float	verified by the matching Ghidra analyzer/export evidence	source audit kind=exact_pointer_float_storage_view	exact source-only lifetime/view; Program ABI unchanged	Ghidra cannot persist this split without merging unrelated machine lifetimes	neutralized	1	1
0064A970		pointer_float_lifetime	generated per-use lifetime	pointer bits int * -> float	verified by the matching Ghidra analyzer/export evidence	source audit kind=exact_pointer_float_storage_view	exact source-only lifetime/view; Program ABI unchanged	Ghidra cannot persist this split without merging unrelated machine lifetimes	neutralized	1	1
0064A970		pointer_float_lifetime	generated per-use lifetime	pointer bits int * -> float	verified by the matching Ghidra analyzer/export evidence	source audit kind=exact_pointer_float_storage_view	exact source-only lifetime/view; Program ABI unchanged	Ghidra cannot persist this split without merging unrelated machine lifetimes	neutralized	1	1
0064A970		pointer_float_lifetime	generated per-use lifetime	pointer bits int * -> float	verified by the matching Ghidra analyzer/export evidence	source audit kind=exact_pointer_float_storage_view	exact source-only lifetime/view; Program ABI unchanged	Ghidra cannot persist this split without merging unrelated machine lifetimes	neutralized	1	1
0064A970		pointer_float_lifetime	generated per-use lifetime	pointer bits int * -> float	verified by the matching Ghidra analyzer/export evidence	source audit kind=exact_pointer_float_storage_view	exact source-only lifetime/view; Program ABI unchanged	Ghidra cannot persist this split without merging unrelated machine lifetimes	neutralized	1	1
0064A970		pointer_float_lifetime	generated per-use lifetime	pointer bits int * -> float	verified by the matching Ghidra analyzer/export evidence	source audit kind=exact_pointer_float_storage_view	exact source-only lifetime/view; Program ABI unchanged	Ghidra cannot persist this split without merging unrelated machine lifetimes	neutralized	1	1
0064A970		pointer_float_lifetime	generated per-use lifetime	pointer bits int * -> float	verified by the matching Ghidra analyzer/export evidence	source audit kind=exact_pointer_float_storage_view	exact source-only lifetime/view; Program ABI unchanged	Ghidra cannot persist this split without merging unrelated machine lifetimes	neutralized	1	1
0064A970		pointer_float_lifetime	generated per-use lifetime	pointer bits int * -> float	verified by the matching Ghidra analyzer/export evidence	source audit kind=exact_pointer_float_storage_view	exact source-only lifetime/view; Program ABI unchanged	Ghidra cannot persist this split without merging unrelated machine lifetimes	neutralized	1	1
0064A970		pointer_float_lifetime	generated per-use lifetime	pointer bits int * -> float	verified by the matching Ghidra analyzer/export evidence	source audit kind=exact_pointer_float_storage_view	exact source-only lifetime/view; Program ABI unchanged	Ghidra cannot persist this split without merging unrelated machine lifetimes	neutralized	1	1
0064A970		pointer_float_lifetime	generated per-use lifetime	pointer bits int * -> float	verified by the matching Ghidra analyzer/export evidence	source audit kind=exact_pointer_float_storage_view	exact source-only lifetime/view; Program ABI unchanged	Ghidra cannot persist this split without merging unrelated machine lifetimes	neutralized	1	1
0064A970		unattachable_call_argument_lifetime	generated per-use lifetime	anchors=0064B36A:t1805; target=006A5E40; operand=3; locals=param_1; transition=pointer:/char -> /int	verified by the matching Ghidra analyzer/export evidence	source audit kind=exact_machine_lifetime_call_view	exact source-only lifetime/view; Program ABI unchanged	Ghidra cannot persist this split without merging unrelated machine lifetimes	neutralized	1	1
0064A970		unattachable_call_argument_lifetime	generated per-use lifetime	anchors=0064BF21:t6925,0064BF7C:t7074,0064BFF6:t7231; target=006ACF50; operand=1; locals=local_28,pcVar8; transition=pointer:/char -> /uint	verified by the matching Ghidra analyzer/export evidence	source audit kind=exact_machine_lifetime_call_view	exact source-only lifetime/view; Program ABI unchanged	Ghidra cannot persist this split without merging unrelated machine lifetimes	neutralized	1	1
0064A970		unattachable_call_argument_lifetime	generated per-use lifetime	anchors=0064BF21:t6925,0064BF7C:t7074,0064BFF6:t7231; target=006ACF50; operand=1; locals=local_28,pcVar8; transition=pointer:/char -> /uint	verified by the matching Ghidra analyzer/export evidence	source audit kind=exact_machine_lifetime_call_view	exact source-only lifetime/view; Program ABI unchanged	Ghidra cannot persist this split without merging unrelated machine lifetimes	neutralized	1	1
0064A970		unattachable_call_argument_lifetime	generated per-use lifetime	anchors=0064BF21:t6925,0064BF7C:t7074,0064BFF6:t7231; target=006ACF50; operand=1; locals=local_28,pcVar8; transition=pointer:/char -> /uint	verified by the matching Ghidra analyzer/export evidence	source audit kind=exact_machine_lifetime_call_view	exact source-only lifetime/view; Program ABI unchanged	Ghidra cannot persist this split without merging unrelated machine lifetimes	neutralized	1	1
0064A970		unattachable_call_argument_lifetime	generated per-use lifetime	anchors=0064C054:t6765; target=006AAC10; operand=0; locals=local_20; transition=/float -> /uint	verified by the matching Ghidra analyzer/export evidence	source audit kind=exact_machine_lifetime_call_view	exact source-only lifetime/view; Program ABI unchanged	Ghidra cannot persist this split without merging unrelated machine lifetimes	neutralized	1	1
0064A970		unattachable_call_argument_lifetime	generated per-use lifetime	anchors=0064C066:t6789; target=007300E0; operand=1; locals=fVar11; transition=/float -> /int	verified by the matching Ghidra analyzer/export evidence	source audit kind=exact_machine_lifetime_call_view	exact source-only lifetime/view; Program ABI unchanged	Ghidra cannot persist this split without merging unrelated machine lifetimes	neutralized	1	1
0064E5C0		incoming_parameter_slot_lifetime	generated per-use lifetime	_param_2: short[2] -> int x86 stack slot	verified by the matching Ghidra analyzer/export evidence	source audit kind=promoted_parameter_slot_materialization	exact source-only lifetime/view; Program ABI unchanged	Ghidra cannot persist this split without merging unrelated machine lifetimes	neutralized	1	1
0064E5C0		incoming_parameter_slot_lifetime	generated per-use lifetime	_param_3: short[2] -> int x86 stack slot	verified by the matching Ghidra analyzer/export evidence	source audit kind=promoted_parameter_slot_materialization	exact source-only lifetime/view; Program ABI unchanged	Ghidra cannot persist this split without merging unrelated machine lifetimes	neutralized	1	1
0064E8C0	FUN_0064e8c0	return_abi	EAX/x87 return	scalar(/undefined4) -> scalar(/bool)	all reachable callee return paths	all explicit return values are constants in {0,1}, but the source domain alone does not prove the x86 ABI return width; review STAbiConsistencyAnalyzer evidence: [0, 1, 0]	retain current machine-width return pending strict ABI proof	all explicit return values are constants in {0,1}, but the source domain alone does not prove the x86 ABI return width; review STAbiConsistencyAnalyzer evidence: [0, 1, 0]	review	1	1
0064E910	FUN_0064e910	return_abi	EAX/x87 return	scalar(/undefined4) -> scalar(/bool)	all reachable callee return paths	all explicit return values are constants in {0,1}, but the source domain alone does not prove the x86 ABI return width; review STAbiConsistencyAnalyzer evidence: [0, 1, 0]	retain current machine-width return pending strict ABI proof	all explicit return values are constants in {0,1}, but the source domain alone does not prove the x86 ABI return width; review STAbiConsistencyAnalyzer evidence: [0, 1, 0]	review	1	1
0064E960	FUN_0064e960	return_abi	EAX/x87 return	scalar(/undefined4) -> scalar(/bool)	all reachable callee return paths	all explicit return values are constants in {0,1}, but the source domain alone does not prove the x86 ABI return width; review STAbiConsistencyAnalyzer evidence: [0, 1, 0]	retain current machine-width return pending strict ABI proof	all explicit return values are constants in {0,1}, but the source domain alone does not prove the x86 ABI return width; review STAbiConsistencyAnalyzer evidence: [0, 1, 0]	review	1	1
0064E9A0	FUN_0064e9a0	return_abi	EAX/x87 return	scalar(/undefined4) -> scalar(/bool)	all reachable callee return paths	all explicit return values are constants in {0,1}, but the source domain alone does not prove the x86 ABI return width; review STAbiConsistencyAnalyzer evidence: [0, 0, 1, 0]	retain current machine-width return pending strict ABI proof	all explicit return values are constants in {0,1}, but the source domain alone does not prove the x86 ABI return width; review STAbiConsistencyAnalyzer evidence: [0, 0, 1, 0]	review	1	1
0064EA60	FUN_0064ea60	return_abi	EAX/x87 return	scalar(/undefined4) -> scalar(/bool)	all reachable callee return paths	all explicit return values are constants in {0,1}, but the source domain alone does not prove the x86 ABI return width; review STAbiConsistencyAnalyzer evidence: [0, 1, 0]	retain current machine-width return pending strict ABI proof	all explicit return values are constants in {0,1}, but the source domain alone does not prove the x86 ABI return width; review STAbiConsistencyAnalyzer evidence: [0, 1, 0]	review	1	1
0064EAA0	FUN_0064eaa0	return_abi	EAX/x87 return	scalar(/undefined4) -> scalar(/bool)	all reachable callee return paths	all explicit return values are constants in {0,1}, but the source domain alone does not prove the x86 ABI return width; review STAbiConsistencyAnalyzer evidence: [0, 0, 0, 1, 0]	retain current machine-width return pending strict ABI proof	all explicit return values are constants in {0,1}, but the source domain alone does not prove the x86 ABI return width; review STAbiConsistencyAnalyzer evidence: [0, 0, 0, 1, 0]	review	1	1
0064EF10	FUN_0064ef10	return_abi	EAX/x87 return	scalar(/undefined4) -> scalar(/bool)	all reachable callee return paths	all explicit return values are constants in {0,1}, but the source domain alone does not prove the x86 ABI return width; review STAbiConsistencyAnalyzer evidence: [0, 1, 0]	retain current machine-width return pending strict ABI proof	all explicit return values are constants in {0,1}, but the source domain alone does not prove the x86 ABI return width; review STAbiConsistencyAnalyzer evidence: [0, 1, 0]	review	1	1
0064F110	FUN_0064f110	return_abi	EAX/x87 return	scalar(/undefined4) -> scalar(/bool)	all reachable callee return paths	all explicit return values are constants in {0,1}, but the source domain alone does not prove the x86 ABI return width; review STAbiConsistencyAnalyzer evidence: [0, 0, 1]	retain current machine-width return pending strict ABI proof	all explicit return values are constants in {0,1}, but the source domain alone does not prove the x86 ABI return width; review STAbiConsistencyAnalyzer evidence: [0, 0, 1]	review	1	1
0064F360	FUN_0064f360	return_abi	EAX/x87 return	scalar(/undefined4) -> scalar(/bool)	all reachable callee return paths	all explicit return values are constants in {0,1}, but the source domain alone does not prove the x86 ABI return width; review STAbiConsistencyAnalyzer evidence: [0, 1, 0]	retain current machine-width return pending strict ABI proof	all explicit return values are constants in {0,1}, but the source domain alone does not prove the x86 ABI return width; review STAbiConsistencyAnalyzer evidence: [0, 1, 0]	review	1	1
0064F500	FUN_0064f500	return_abi	EAX/x87 return	scalar(/undefined4) -> scalar(/bool)	all reachable callee return paths	all explicit return values are constants in {0,1}, but the source domain alone does not prove the x86 ABI return width; review STAbiConsistencyAnalyzer evidence: [0, 0, 0, 0, 1, 0]	retain current machine-width return pending strict ABI proof	all explicit return values are constants in {0,1}, but the source domain alone does not prove the x86 ABI return width; review STAbiConsistencyAnalyzer evidence: [0, 0, 0, 0, 1, 0]	review	1	1
0064F620	FUN_0064f620	return_abi	EAX/x87 return	scalar(/undefined4) -> scalar(/bool)	all reachable callee return paths	all explicit return values are constants in {0,1}, but the source domain alone does not prove the x86 ABI return width; review STAbiConsistencyAnalyzer evidence: [0, 0, 0, 0, 0, 1, 1]	retain current machine-width return pending strict ABI proof	all explicit return values are constants in {0,1}, but the source domain alone does not prove the x86 ABI return width; review STAbiConsistencyAnalyzer evidence: [0, 0, 0, 0, 0, 1, 1]	review	1	1
0064F780	FUN_0064f780	return_abi	EAX/x87 return	scalar(/undefined4) -> scalar(/bool)	all reachable callee return paths	all explicit return values are constants in {0,1}, but the source domain alone does not prove the x86 ABI return width; review STAbiConsistencyAnalyzer evidence: [0, 0, 0, 0, 0, 0, 0, 0, 0, 0, 0, 1, 1]	retain current machine-width return pending strict ABI proof	all explicit return values are constants in {0,1}, but the source domain alone does not prove the x86 ABI return width; review STAbiConsistencyAnalyzer evidence: [0, 0, 0, 0, 0, 0, 0, 0, 0, 0, 0, 1, 1]	review	1	1
0064F950	FUN_0064f950	return_abi	EAX/x87 return	scalar(/undefined4) -> scalar(/bool)	all reachable callee return paths	all explicit return values are constants in {0,1}, but the source domain alone does not prove the x86 ABI return width; review STAbiConsistencyAnalyzer evidence: [0, 0, 0, 0, 0, 0, 0, 0, 0, 0, 0, 0, 1]	retain current machine-width return pending strict ABI proof	all explicit return values are constants in {0,1}, but the source domain alone does not prove the x86 ABI return width; review STAbiConsistencyAnalyzer evidence: [0, 0, 0, 0, 0, 0, 0, 0, 0, 0, 0, 0, 1]	review	1	1
0064FB00	FUN_0064fb00	return_abi	EAX/x87 return	scalar(/undefined4) -> scalar(/bool)	all reachable callee return paths	all explicit return values are constants in {0,1}, but the source domain alone does not prove the x86 ABI return width; review STAbiConsistencyAnalyzer evidence: [0, 0, 0, 1, 1]	retain current machine-width return pending strict ABI proof	all explicit return values are constants in {0,1}, but the source domain alone does not prove the x86 ABI return width; review STAbiConsistencyAnalyzer evidence: [0, 0, 0, 1, 1]	review	1	1
0064FB80	FUN_0064fb80	return_abi	EAX/x87 return	scalar(/undefined4) -> scalar(/bool)	all reachable callee return paths	all explicit return values are constants in {0,1}, but the source domain alone does not prove the x86 ABI return width; review STAbiConsistencyAnalyzer evidence: [0, 0, 0, 0, 0, 0, 0, 0, 0, 0, 1]	retain current machine-width return pending strict ABI proof	all explicit return values are constants in {0,1}, but the source domain alone does not prove the x86 ABI return width; review STAbiConsistencyAnalyzer evidence: [0, 0, 0, 0, 0, 0, 0, 0, 0, 0, 1]	review	1	1
0064FCE0	FUN_0064fce0	return_abi	EAX/x87 return	scalar(/undefined4) -> scalar(/bool)	all reachable callee return paths	all explicit return values are constants in {0,1}, but the source domain alone does not prove the x86 ABI return width; review STAbiConsistencyAnalyzer evidence: [0, 0, 0, 0, 1]	retain current machine-width return pending strict ABI proof	all explicit return values are constants in {0,1}, but the source domain alone does not prove the x86 ABI return width; review STAbiConsistencyAnalyzer evidence: [0, 0, 0, 0, 1]	review	1	1
0064FD80	FUN_0064fd80	return_abi	EAX/x87 return	scalar(/undefined4) -> scalar(/bool)	all reachable callee return paths	all explicit return values are constants in {0,1}, but the source domain alone does not prove the x86 ABI return width; review STAbiConsistencyAnalyzer evidence: [0, 0, 0, 0, 0, 0, 0, 0, 0, 1]	retain current machine-width return pending strict ABI proof	all explicit return values are constants in {0,1}, but the source domain alone does not prove the x86 ABI return width; review STAbiConsistencyAnalyzer evidence: [0, 0, 0, 0, 0, 0, 0, 0, 0, 1]	review	1	1
0064FEF0	FUN_0064fef0	return_abi	EAX/x87 return	scalar(/undefined4) -> scalar(/bool)	all reachable callee return paths	all explicit return values are constants in {0,1}, but the source domain alone does not prove the x86 ABI return width; review STAbiConsistencyAnalyzer evidence: [0, 0, 0, 1, 1]	retain current machine-width return pending strict ABI proof	all explicit return values are constants in {0,1}, but the source domain alone does not prove the x86 ABI return width; review STAbiConsistencyAnalyzer evidence: [0, 0, 0, 1, 1]	review	1	1
0064FF70	FUN_0064ff70	return_abi	EAX/x87 return	scalar(/undefined4) -> scalar(/bool)	all reachable callee return paths	all explicit return values are constants in {0,1}, but the source domain alone does not prove the x86 ABI return width; review STAbiConsistencyAnalyzer evidence: [0, 0, 0, 0, 0, 0, 0, 1, 0, 1]	retain current machine-width return pending strict ABI proof	all explicit return values are constants in {0,1}, but the source domain alone does not prove the x86 ABI return width; review STAbiConsistencyAnalyzer evidence: [0, 0, 0, 0, 0, 0, 0, 1, 0, 1]	review	1	1
00650090	FUN_00650090	return_abi	EAX/x87 return	scalar(/undefined4) -> scalar(/bool)	all reachable callee return paths	all explicit return values are constants in {0,1}, but the source domain alone does not prove the x86 ABI return width; review STAbiConsistencyAnalyzer evidence: [0, 0, 0, 0, 0, 0, 0, 0, 1]	retain current machine-width return pending strict ABI proof	all explicit return values are constants in {0,1}, but the source domain alone does not prove the x86 ABI return width; review STAbiConsistencyAnalyzer evidence: [0, 0, 0, 0, 0, 0, 0, 0, 1]	review	1	1
006501A0	FUN_006501a0	return_abi	EAX/x87 return	scalar(/undefined4) -> scalar(/bool)	all reachable callee return paths	all explicit return values are constants in {0,1}, but the source domain alone does not prove the x86 ABI return width; review STAbiConsistencyAnalyzer evidence: [0, 0, 0, 0, 1, 0]	retain current machine-width return pending strict ABI proof	all explicit return values are constants in {0,1}, but the source domain alone does not prove the x86 ABI return width; review STAbiConsistencyAnalyzer evidence: [0, 0, 0, 0, 1, 0]	review	1	1
00650240	FUN_00650240	return_abi	EAX/x87 return	scalar(/undefined4) -> scalar(/bool)	all reachable callee return paths	all explicit return values are constants in {0,1}, but the source domain alone does not prove the x86 ABI return width; review STAbiConsistencyAnalyzer evidence: [0, 0, 0, 0, 0, 0, 0, 0, 0, 1]	retain current machine-width return pending strict ABI proof	all explicit return values are constants in {0,1}, but the source domain alone does not prove the x86 ABI return width; review STAbiConsistencyAnalyzer evidence: [0, 0, 0, 0, 0, 0, 0, 0, 0, 1]	review	1	1
006503B0	FUN_006503b0	return_abi	EAX/x87 return	scalar(/undefined4) -> scalar(/bool)	all reachable callee return paths	all explicit return values are constants in {0,1}, but the source domain alone does not prove the x86 ABI return width; review STAbiConsistencyAnalyzer evidence: [0, 0, 0, 0, 0, 1, 1]	retain current machine-width return pending strict ABI proof	all explicit return values are constants in {0,1}, but the source domain alone does not prove the x86 ABI return width; review STAbiConsistencyAnalyzer evidence: [0, 0, 0, 0, 0, 1, 1]	review	1	1
00650480	FUN_00650480	return_abi	EAX/x87 return	scalar(/undefined4) -> scalar(/bool)	all reachable callee return paths	all explicit return values are constants in {0,1}, but the source domain alone does not prove the x86 ABI return width; review STAbiConsistencyAnalyzer evidence: [0, 0, 0, 0, 0, 0, 0, 0, 0, 0, 0, 1, 1]	retain current machine-width return pending strict ABI proof	all explicit return values are constants in {0,1}, but the source domain alone does not prove the x86 ABI return width; review STAbiConsistencyAnalyzer evidence: [0, 0, 0, 0, 0, 0, 0, 0, 0, 0, 0, 1, 1]	review	1	1
00650600	FUN_00650600	return_abi	EAX/x87 return	scalar(/undefined4) -> scalar(/bool)	all reachable callee return paths	all explicit return values are constants in {0,1}, but the source domain alone does not prove the x86 ABI return width; review STAbiConsistencyAnalyzer evidence: [0, 0, 0, 0, 0, 0, 0, 0, 0, 0, 1]	retain current machine-width return pending strict ABI proof	all explicit return values are constants in {0,1}, but the source domain alone does not prove the x86 ABI return width; review STAbiConsistencyAnalyzer evidence: [0, 0, 0, 0, 0, 0, 0, 0, 0, 0, 1]	review	1	1
00650A20	FUN_00650a20	return_abi	EAX/x87 return	scalar(/undefined4) -> scalar(/bool)	all reachable callee return paths	all explicit return values are constants in {0,1}, but the source domain alone does not prove the x86 ABI return width; review STAbiConsistencyAnalyzer evidence: [0, 0, 1, 0]	retain current machine-width return pending strict ABI proof	all explicit return values are constants in {0,1}, but the source domain alone does not prove the x86 ABI return width; review STAbiConsistencyAnalyzer evidence: [0, 0, 1, 0]	review	1	1
00650B10	FUN_00650b10	return_abi	EAX/x87 return	scalar(/undefined4) -> scalar(/bool)	all reachable callee return paths	all explicit return values are constants in {0,1}, but the source domain alone does not prove the x86 ABI return width; review STAbiConsistencyAnalyzer evidence: [0, 0, 0, 0, 0, 1, 0]	retain current machine-width return pending strict ABI proof	all explicit return values are constants in {0,1}, but the source domain alone does not prove the x86 ABI return width; review STAbiConsistencyAnalyzer evidence: [0, 0, 0, 0, 0, 1, 0]	review	1	1
00650BD0	FUN_00650bd0	return_abi	EAX/x87 return	scalar(/undefined4) -> scalar(/bool)	all reachable callee return paths	all explicit return values are constants in {0,1}, but the source domain alone does not prove the x86 ABI return width; review STAbiConsistencyAnalyzer evidence: [0, 0, 0, 0, 0, 0, 0, 0, 1]	retain current machine-width return pending strict ABI proof	all explicit return values are constants in {0,1}, but the source domain alone does not prove the x86 ABI return width; review STAbiConsistencyAnalyzer evidence: [0, 0, 0, 0, 0, 0, 0, 0, 1]	review	1	1
00650CF0	FUN_00650cf0	return_abi	EAX/x87 return	scalar(/undefined4) -> scalar(/bool)	all reachable callee return paths	all explicit return values are constants in {0,1}, but the source domain alone does not prove the x86 ABI return width; review STAbiConsistencyAnalyzer evidence: [0, 0, 0, 0, 0, 0, 0, 0, 1]	retain current machine-width return pending strict ABI proof	all explicit return values are constants in {0,1}, but the source domain alone does not prove the x86 ABI return width; review STAbiConsistencyAnalyzer evidence: [0, 0, 0, 0, 0, 0, 0, 0, 1]	review	1	1
00650E10	FUN_00650e10	return_abi	EAX/x87 return	scalar(/undefined4) -> scalar(/bool)	all reachable callee return paths	all explicit return values are constants in {0,1}, but the source domain alone does not prove the x86 ABI return width; review STAbiConsistencyAnalyzer evidence: [0, 0, 0, 0, 0, 0, 0, 0, 0, 1, 0]	retain current machine-width return pending strict ABI proof	all explicit return values are constants in {0,1}, but the source domain alone does not prove the x86 ABI return width; review STAbiConsistencyAnalyzer evidence: [0, 0, 0, 0, 0, 0, 0, 0, 0, 1, 0]	review	1	1
00650F50	FUN_00650f50	return_abi	EAX/x87 return	scalar(/undefined4) -> scalar(/bool)	all reachable callee return paths	all explicit return values are constants in {0,1}, but the source domain alone does not prove the x86 ABI return width; review STAbiConsistencyAnalyzer evidence: [0, 1, 0]	retain current machine-width return pending strict ABI proof	all explicit return values are constants in {0,1}, but the source domain alone does not prove the x86 ABI return width; review STAbiConsistencyAnalyzer evidence: [0, 1, 0]	review	1	1
006515B0	FUN_006515b0	return_abi	EAX/x87 return	scalar(/undefined4) -> scalar(/bool)	all reachable callee return paths	all explicit return values are constants in {0,1}, but the source domain alone does not prove the x86 ABI return width; review STAbiConsistencyAnalyzer evidence: [0, 0, 0, 0, 0, 0, 0, 0, 0, 0, 1]	retain current machine-width return pending strict ABI proof	all explicit return values are constants in {0,1}, but the source domain alone does not prove the x86 ABI return width; review STAbiConsistencyAnalyzer evidence: [0, 0, 0, 0, 0, 0, 0, 0, 0, 0, 1]	review	1	1
00651770	FUN_00651770	return_abi	EAX/x87 return	scalar(/undefined4) -> scalar(/bool)	all reachable callee return paths	all explicit return values are constants in {0,1}, but the source domain alone does not prove the x86 ABI return width; review STAbiConsistencyAnalyzer evidence: [0, 1, 0]	retain current machine-width return pending strict ABI proof	all explicit return values are constants in {0,1}, but the source domain alone does not prove the x86 ABI return width; review STAbiConsistencyAnalyzer evidence: [0, 1, 0]	review	1	1
00652700	FUN_00652700	return_abi	EAX/x87 return	scalar(/undefined4) -> scalar(/bool)	all reachable callee return paths	all explicit return values are constants in {0,1}, but the source domain alone does not prove the x86 ABI return width; review STAbiConsistencyAnalyzer evidence: [0, 0, 0, 0, 0, 1]	retain current machine-width return pending strict ABI proof	all explicit return values are constants in {0,1}, but the source domain alone does not prove the x86 ABI return width; review STAbiConsistencyAnalyzer evidence: [0, 0, 0, 0, 0, 1]	review	1	1
00652810	AiEventClassTy::GetMessage	local_lifetime	dVar14/mg7	scalar(/dword) -> scalar(/uint)	00655A80:t7608 unsigned_scalar_role operand=1 target=	INT_LESS	retain neutral or current storage; require an exact per-use view	separate decompiler merge group; exact_type_votes=1; score=4; sources=[scalar_arithmetic]; one-way call conversion alone is review-only	review	1	1
00652810	AiEventClassTy::GetMessage	local_lifetime	local_144/mg0	darray_pointer(pointer:/SubmarineTitans/Recovered/DArrayTy) -> pointer(pointer:/char)	006592D7:t20349 call_argument operand=1 target=0072E340	USER_DEFINED; direct=0072E340	retain neutral or current storage; require an exact per-use view	single receiver-alias lifetime; exact_type_votes=1; score=4; sources=[call_argument]; one-way call conversion alone is review-only; weaker generic evidence cannot replace the current nominal type; exact call-boundary type is proven, but no same-width transparent p-code path reattaches that argument to one persistent HighSymbol	review	1	1
00652810	AiEventClassTy::GetMessage	local_lifetime	local_15c/mg0	darray_pointer(pointer:/SubmarineTitans/Recovered/DArrayTy) -> pointer(pointer:/char)	0065356E:t5874 call_argument operand=1 target=004014D8	ANALYSIS; direct=004014D8; resolved=0052D320	retain neutral or current storage; require an exact per-use view	single receiver-alias lifetime; exact_type_votes=5; score=20; sources=[call_argument]; weaker generic evidence cannot replace the current nominal type; exact call-boundary type is proven, but no same-width transparent p-code path reattaches that argument to one persistent HighSymbol	review	1	1
00652810	AiEventClassTy::GetMessage	local_lifetime	local_15c/mg0	darray_pointer(pointer:/SubmarineTitans/Recovered/DArrayTy) -> pointer(pointer:/char)	006535C6:t5984 call_argument operand=1 target=004014D8	ANALYSIS; direct=004014D8; resolved=0052D320	retain neutral or current storage; require an exact per-use view	single receiver-alias lifetime; exact_type_votes=5; score=20; sources=[call_argument]; weaker generic evidence cannot replace the current nominal type; exact call-boundary type is proven, but no same-width transparent p-code path reattaches that argument to one persistent HighSymbol	review	1	1
00652810	AiEventClassTy::GetMessage	local_lifetime	local_15c/mg0	darray_pointer(pointer:/SubmarineTitans/Recovered/DArrayTy) -> pointer(pointer:/char)	0065381D:t4953 call_argument operand=2 target=00404BD8	ANALYSIS; direct=00404BD8; resolved=00568DD0	retain neutral or current storage; require an exact per-use view	single receiver-alias lifetime; exact_type_votes=5; score=20; sources=[call_argument]; weaker generic evidence cannot replace the current nominal type; exact call-boundary type is proven, but no same-width transparent p-code path reattaches that argument to one persistent HighSymbol	review	1	1
00652810	AiEventClassTy::GetMessage	local_lifetime	local_15c/mg0	darray_pointer(pointer:/SubmarineTitans/Recovered/DArrayTy) -> pointer(pointer:/char)	0065387A:t5072 call_argument operand=2 target=00404BD8	ANALYSIS; direct=00404BD8; resolved=00568DD0	retain neutral or current storage; require an exact per-use view	single receiver-alias lifetime; exact_type_votes=5; score=20; sources=[call_argument]; weaker generic evidence cannot replace the current nominal type; exact call-boundary type is proven, but no same-width transparent p-code path reattaches that argument to one persistent HighSymbol	review	1	1
00652810	AiEventClassTy::GetMessage	local_lifetime	local_15c/mg0	darray_pointer(pointer:/SubmarineTitans/Recovered/DArrayTy) -> pointer(pointer:/char)	00653FD2:t14735 call_argument operand=3 target=0072F110	ANALYSIS; direct=0072F110	retain neutral or current storage; require an exact per-use view	single receiver-alias lifetime; exact_type_votes=5; score=20; sources=[call_argument]; weaker generic evidence cannot replace the current nominal type; exact call-boundary type is proven, but no same-width transparent p-code path reattaches that argument to one persistent HighSymbol	review	1	1
00652810	AiEventClassTy::GetMessage	local_lifetime	local_160/mg0	darray_pointer(pointer:/SubmarineTitans/Recovered/DArrayTy) -> pointer(pointer:/char)	00652EB4:t3325 call_argument operand=2 target=006B6020	DEFAULT; direct=006B6020	retain neutral or current storage; require an exact per-use view	single receiver-alias lifetime; exact_type_votes=2; score=8; sources=[call_argument]; weaker generic evidence cannot replace the current nominal type; exact call-boundary type is proven, but no same-width transparent p-code path reattaches that argument to one persistent HighSymbol	review	1	1
00652810	AiEventClassTy::GetMessage	local_lifetime	local_160/mg0	darray_pointer(pointer:/SubmarineTitans/Recovered/DArrayTy) -> pointer(pointer:/char)	0065338E:t6510 call_argument operand=2 target=006B6020	DEFAULT; direct=006B6020	retain neutral or current storage; require an exact per-use view	single receiver-alias lifetime; exact_type_votes=2; score=8; sources=[call_argument]; weaker generic evidence cannot replace the current nominal type; exact call-boundary type is proven, but no same-width transparent p-code path reattaches that argument to one persistent HighSymbol	review	1	1
00652810	AiEventClassTy::GetMessage	local_lifetime	pAVar10/mg2	pointer(pointer:/AiPlrClassTy) -> unknown	006569FA:t16529 call_return operand=-1 target=00401DC5	USER_DEFINED; direct=00401DC5; resolved=004357F0	retain neutral or current storage; require an exact per-use view	incompatible exact lifetime types=[pointer:/AiPlrClassTy, pointer:/SubmarineTitans/Recovered/HiddenThis/RecoveredReceiver_00678E00]	review	1	1
00652810	AiEventClassTy::GetMessage	local_lifetime	pDStack_164/mg0	darray_pointer(pointer:/SubmarineTitans/Recovered/DArrayTy) -> scalar(/uint)	00652EB4:t3325 call_argument operand=1 target=006B6020	DEFAULT; direct=006B6020	unattachable High lifetime is represented by the exact address-stable per-use boundary 00652EB4:t3325|006B6020|1	exact call-boundary type is proven, but no same-width transparent p-code path reattaches that argument to one persistent HighSymbol; complete CALL-operand scan records an address-local source view only	neutralized	1	1
00652810	AiEventClassTy::GetMessage	local_lifetime	pDStack_164/mg0	darray_pointer(pointer:/SubmarineTitans/Recovered/DArrayTy) -> scalar(/uint)	0065338E:t6510 call_argument operand=1 target=006B6020	DEFAULT; direct=006B6020	unattachable High lifetime is represented by the exact address-stable per-use boundary 0065338E:t6510|006B6020|1	exact call-boundary type is proven, but no same-width transparent p-code path reattaches that argument to one persistent HighSymbol; complete CALL-operand scan records an address-local source view only	neutralized	1	1
00652810	AiEventClassTy::GetMessage	local_lifetime	pDVar16/mg1	darray_pointer(pointer:/SubmarineTitans/Recovered/DArrayTy) -> scalar(/uint)	006529D0:t605 unsigned_scalar_role operand=1 target=	INT_LESS	retain neutral or current storage; require an exact per-use view	separate decompiler merge group; exact_type_votes=1; score=4; sources=[scalar_arithmetic]; one-way call conversion alone is review-only	review	1	1
00652810		pointer_scalar_switch_lifetime	generated per-use lifetime	switch selector: DArrayTy * -> uint	verified by the matching Ghidra analyzer/export evidence	source audit kind=exact_pointer_switch_boundary	exact source-only lifetime/view; Program ABI unchanged	Ghidra cannot persist this split without merging unrelated machine lifetimes	neutralized	1	1
00652810		pointer_scalar_switch_lifetime	generated per-use lifetime	switch selector: DArrayTy * -> uint	verified by the matching Ghidra analyzer/export evidence	source audit kind=exact_pointer_switch_boundary	exact source-only lifetime/view; Program ABI unchanged	Ghidra cannot persist this split without merging unrelated machine lifetimes	neutralized	1	1
00652810		unattachable_call_argument_lifetime	generated per-use lifetime	anchors=00652EB4:t3325,0065338E:t6510; target=006B6020; operand=1; locals=pDStack_164; transition=pointer:/SubmarineTitans/Recovered/DArrayTy -> /uint	verified by the matching Ghidra analyzer/export evidence	source audit kind=exact_machine_lifetime_call_view	exact source-only lifetime/view; Program ABI unchanged	Ghidra cannot persist this split without merging unrelated machine lifetimes	neutralized	1	1
00652810		unattachable_call_argument_lifetime	generated per-use lifetime	anchors=00652EB4:t3325,0065338E:t6510; target=006B6020; operand=1; locals=pDStack_164; transition=pointer:/SubmarineTitans/Recovered/DArrayTy -> /uint	verified by the matching Ghidra analyzer/export evidence	source audit kind=exact_machine_lifetime_call_view	exact source-only lifetime/view; Program ABI unchanged	Ghidra cannot persist this split without merging unrelated machine lifetimes	neutralized	1	1
0065BD70	AiEventClassTy::sub_0065BD70	local_lifetime	pSVar5/mg0	pointer(pointer:/STGameObjC) -> unknown	0065BFAD:t1979 call_return operand=-1 target=004028BA	ANALYSIS; direct=004028BA; resolved=0042B620	retain neutral or current storage; require an exact per-use view	incompatible exact lifetime types=[pointer:/STFishC, pointer:/STGameObjC]	review	1	1
0065BD70	AiEventClassTy::sub_0065BD70	local_lifetime	pSVar5/mg1	pointer(pointer:/STGameObjC) -> unknown	0065C1C8:t1425 call_return operand=-1 target=004028BA	ANALYSIS; direct=004028BA; resolved=0042B620	retain neutral or current storage; require an exact per-use view	incompatible exact lifetime types=[pointer:/STFishC, pointer:/STGameObjC]	review	1	1
0065BD70	AiEventClassTy::sub_0065BD70	local_lifetime	pSVar5/mg2	pointer(pointer:/STGameObjC) -> unknown	0065C0A5:t1642 call_return operand=-1 target=004028BA	ANALYSIS; direct=004028BA; resolved=0042B620	retain neutral or current storage; require an exact per-use view	incompatible exact lifetime types=[pointer:/STFishC, pointer:/STGameObjC]	review	1	1
0065BD70	AiEventClassTy::sub_0065BD70	local_lifetime	pSVar5/mg3	pointer(pointer:/STGameObjC) -> unknown	0065C4D0:t730 call_return operand=-1 target=004028BA	ANALYSIS; direct=004028BA; resolved=0042B620	retain neutral or current storage; require an exact per-use view	incompatible exact lifetime types=[pointer:/STFishC, pointer:/STGameObjC]	review	1	1
0065D940	FUN_0065d940	local_lifetime	objPtr/mg0	pointer(pointer:/STGameObjC) -> unknown	0065D97B:t104 call_return operand=-1 target=004028BA	ANALYSIS; direct=004028BA; resolved=0042B620	retain neutral or current storage; require an exact per-use view	incompatible exact lifetime types=[pointer:/STGameObjC, pointer:/SubmarineTitans/Recovered/PointerShapes/RecoveredRecord_0065D760_A4BF8285]	review	1	1
0065DA10	AiFltClassTy::sub_0065DA10	local_lifetime	this/mg0	pointer(pointer:/STGroupBoatC) -> unknown	0065DA2C:t37 call_return operand=-1 target=00405CF9	ANALYSIS; direct=00405CF9; resolved=0042B760	retain neutral or current storage; require an exact per-use view	incompatible exact lifetime types=[pointer:/STGroupBoatC, pointer:/STGroupC]	review	1	1
0065E070	FUN_0065e070	local_lifetime	bVar13/mg1	scalar(/bool) -> unknown	0065E23A:t633 boolean_scalar_role operand=-1 target=	INT_LESS	retain neutral or current storage; require an exact per-use view	incompatible exact lifetime types=[/bool, /byte]	review	1	1
0065E360	AiFltClassTy::sub_0065E360	local_lifetime	this/mg0	pointer(pointer:/STGroupBoatC) -> unknown	0065E37F:t41 call_return operand=-1 target=00405CF9	ANALYSIS; direct=00405CF9; resolved=0042B760	retain neutral or current storage; require an exact per-use view	incompatible exact lifetime types=[pointer:/STGroupBoatC, pointer:/STGroupC]	review	1	1
0065E450	FUN_0065e450	local_lifetime	uVar6/mg0	scalar(/int) -> scalar(/byte)	0065E54E:t426 call_return operand=-1 target=004049B7	ANALYSIS; direct=004049B7; resolved=004406C0	persistent High lifetime already carries the proposed domain	single undefined local lifetime; exact_type_votes=2; score=22; sources=[call_return, scalar_extension]	resolved	1	1
0065E450	FUN_0065e450	local_lifetime	uVar6/mg0	scalar(/int) -> scalar(/byte)	0065E553:t814 unsigned_scalar_role operand=0 target=	ANALYSIS	persistent High lifetime already carries the proposed domain	single undefined local lifetime; exact_type_votes=2; score=22; sources=[call_return, scalar_extension]	resolved	1	1
0065EF70	FUN_0065ef70	return_abi	EAX/x87 return	scalar(/undefined4) -> scalar(/bool)	all reachable callee return paths	all explicit return values are constants in {0,1}, but the source domain alone does not prove the x86 ABI return width; review STAbiConsistencyAnalyzer evidence: [1, 0]	retain current machine-width return pending strict ABI proof	all explicit return values are constants in {0,1}, but the source domain alone does not prove the x86 ABI return width; review STAbiConsistencyAnalyzer evidence: [1, 0]	review	1	1
0065F5C0	AiFltClassTy::sub_0065F5C0	return_abi	EAX/x87 return	scalar(/undefined4) -> scalar(/bool)	all reachable callee return paths	all explicit return values are constants in {0,1}, but the source domain alone does not prove the x86 ABI return width; review STAbiConsistencyAnalyzer evidence: [0, 1]	retain current machine-width return pending strict ABI proof	all explicit return values are constants in {0,1}, but the source domain alone does not prove the x86 ABI return width; review STAbiConsistencyAnalyzer evidence: [0, 1]	review	1	1
00660B50	FUN_00660b50	local_lifetime	local_c/mg0	scalar(/undefined4) -> pointer(pointer:/SubmarineTitans/Recovered/PointerShapes/RecoveredRecordView_00660620_D94F552E)	00660C78:t801 typed_copy operand=0 target=	DEFAULT	persistent High lifetime already carries the proposed domain	single undefined local lifetime; exact_type_votes=1; score=10; sources=[typed_copy]	resolved	1	1
00662240	AiFltClassTy::GetAiMess	local_lifetime	SVar5/mg0	scalar(/SubmarineTitans/Recovered/Enums/STAllPlayersC_sub_004E80F0_param_2Enum) -> scalar(/uint)	006622CD:t3135 unsigned_scalar_role operand=1 target=	INT_LESS	retain neutral or current storage; require an exact per-use view	separate decompiler merge group; exact_type_votes=5; score=20; sources=[scalar_arithmetic]; weaker generic evidence cannot replace the current nominal type	review	1	1
00662240	AiFltClassTy::GetAiMess	local_lifetime	SVar5/mg0	scalar(/SubmarineTitans/Recovered/Enums/STAllPlayersC_sub_004E80F0_param_2Enum) -> scalar(/uint)	006622D9:t3155 unsigned_scalar_role operand=0 target=	INT_LESS	retain neutral or current storage; require an exact per-use view	separate decompiler merge group; exact_type_votes=5; score=20; sources=[scalar_arithmetic]; weaker generic evidence cannot replace the current nominal type	review	1	1
00662240	AiFltClassTy::GetAiMess	local_lifetime	SVar5/mg0	scalar(/SubmarineTitans/Recovered/Enums/STAllPlayersC_sub_004E80F0_param_2Enum) -> scalar(/uint)	00662663:t4252 unsigned_scalar_role operand=0 target=	INT_LESS	retain neutral or current storage; require an exact per-use view	separate decompiler merge group; exact_type_votes=5; score=20; sources=[scalar_arithmetic]; weaker generic evidence cannot replace the current nominal type	review	1	1
00662240	AiFltClassTy::GetAiMess	local_lifetime	SVar5/mg0	scalar(/SubmarineTitans/Recovered/Enums/STAllPlayersC_sub_004E80F0_param_2Enum) -> scalar(/uint)	00662668:t4263 unsigned_scalar_role operand=1 target=	INT_LESS	retain neutral or current storage; require an exact per-use view	separate decompiler merge group; exact_type_votes=5; score=20; sources=[scalar_arithmetic]; weaker generic evidence cannot replace the current nominal type	review	1	1
00662240	AiFltClassTy::GetAiMess	local_lifetime	SVar5/mg0	scalar(/SubmarineTitans/Recovered/Enums/STAllPlayersC_sub_004E80F0_param_2Enum) -> scalar(/uint)	00662998:t5260 unsigned_scalar_role operand=1 target=	INT_LESS	retain neutral or current storage; require an exact per-use view	separate decompiler merge group; exact_type_votes=5; score=20; sources=[scalar_arithmetic]; weaker generic evidence cannot replace the current nominal type	review	1	1
00662240	AiFltClassTy::GetAiMess	local_lifetime	local_10/mg0	darray_pointer(pointer:/SubmarineTitans/Recovered/DArrayTy) -> unknown	00662E1C:t9368 call_argument operand=0 target=00405ACE	ANALYSIS; direct=00405ACE; resolved=004C7860	retain neutral or current storage; require an exact per-use view	incompatible exact lifetime types=[pointer:/SubmarineTitans/Recovered/DArrayTy, pointer:/TLOBaseTy]	review	1	1
00662240	AiFltClassTy::GetAiMess	local_lifetime	local_24/mg0	pointer(pointer:/TLOBaseTy) -> unknown	00662B5F:t5620 call_argument operand=0 target=004046C9	ANALYSIS; direct=004046C9; resolved=004C93E0	retain neutral or current storage; require an exact per-use view	incompatible exact lifetime types=[pointer:/STGameObjC, pointer:/TLOBaseTy]	review	1	1
00662240	AiFltClassTy::GetAiMess	local_lifetime	local_EAX_6756/mg0	pointer(pointer:/STGameObjC) -> unknown	00663CA4:t8932 call_return operand=-1 target=004028BA	ANALYSIS; direct=004028BA; resolved=0042B620	retain neutral or current storage; require an exact per-use view	incompatible exact lifetime types=[pointer:/STFishC, pointer:/STGameObjC]	review	1	1
00662240	AiFltClassTy::GetAiMess	local_lifetime	pSVar14/mg0	pointer(pointer:/STGameObjC) -> scalar(/uint)	006630D4:t7555 unsigned_scalar_role operand=1 target=	INT_LESS	retain neutral or current storage; require an exact per-use view	pointer-shaped local has only scalar consumers; exact_type_votes=1; score=4; sources=[scalar_arithmetic]; one-way call conversion alone is review-only	review	1	1
00662240	AiFltClassTy::GetAiMess	local_lifetime	pSVar18/mg0	pointer(pointer:/STGameObjC) -> unknown	00663733:t1149 call_return operand=-1 target=004028BA	ANALYSIS; direct=004028BA; resolved=0042B620	retain neutral or current storage; require an exact per-use view	incompatible exact lifetime types=[pointer:/STGameObjC, pointer:/TLOBaseTy]	review	1	1
00664960	AiFltClassTy::sub_00664960	local_lifetime	AVar18/mg1	scalar(/SubmarineTitans/Recovered/Enums/AiFltClassTy_field_009BState) -> scalar(/uint)	00665078:t240 unsigned_scalar_role operand=1 target=	INT_LESS	retain neutral or current storage; require an exact per-use view	separate decompiler merge group; exact_type_votes=4; score=16; sources=[scalar_arithmetic]; weaker generic evidence cannot replace the current nominal type	review	1	1
00664960	AiFltClassTy::sub_00664960	local_lifetime	AVar18/mg1	scalar(/SubmarineTitans/Recovered/Enums/AiFltClassTy_field_009BState) -> scalar(/uint)	00665D21:t454 unsigned_scalar_role operand=0 target=	INT_LESS	retain neutral or current storage; require an exact per-use view	separate decompiler merge group; exact_type_votes=4; score=16; sources=[scalar_arithmetic]; weaker generic evidence cannot replace the current nominal type	review	1	1
00664960	AiFltClassTy::sub_00664960	local_lifetime	AVar18/mg1	scalar(/SubmarineTitans/Recovered/Enums/AiFltClassTy_field_009BState) -> scalar(/uint)	00665D32:t466 unsigned_scalar_role operand=0 target=	INT_LESS	retain neutral or current storage; require an exact per-use view	separate decompiler merge group; exact_type_votes=4; score=16; sources=[scalar_arithmetic]; weaker generic evidence cannot replace the current nominal type	review	1	1
00664960	AiFltClassTy::sub_00664960	local_lifetime	AVar18/mg1	scalar(/SubmarineTitans/Recovered/Enums/AiFltClassTy_field_009BState) -> scalar(/uint)	00665D45:t482 unsigned_scalar_role operand=0 target=	INT_LESS	retain neutral or current storage; require an exact per-use view	separate decompiler merge group; exact_type_votes=4; score=16; sources=[scalar_arithmetic]; weaker generic evidence cannot replace the current nominal type	review	1	1
00664960	AiFltClassTy::sub_00664960	local_lifetime	pAVar5/mg0	pointer(pointer:/SubmarineTitans/Recovered/ClassPointees/AnonPointee_AiFltClassTy_0223) -> pointer(pointer:/uint)	00664E0D:t3429 call_argument operand=0 target=006B11D0	DEFAULT; direct=006B11D0	retain neutral or current storage; require an exact per-use view	separate decompiler merge group; exact_type_votes=1; score=4; sources=[call_argument]; one-way call conversion alone is review-only; weaker generic evidence cannot replace the current nominal type; exact call-boundary type is proven, but no same-width transparent p-code path reattaches that argument to one persistent HighSymbol	review	1	1
00664960	AiFltClassTy::sub_00664960	local_lifetime	uVar12/mg0	scalar(/int) -> scalar(/byte)	00666FAA:t9352 call_return operand=-1 target=004049B7	ANALYSIS; direct=004049B7; resolved=004406C0	persistent High lifetime already carries the proposed domain	single undefined local lifetime; exact_type_votes=2; score=22; sources=[call_return, scalar_extension]	resolved	1	1
00664960	AiFltClassTy::sub_00664960	local_lifetime	uVar12/mg0	scalar(/int) -> scalar(/byte)	00666FAF:t12815 unsigned_scalar_role operand=0 target=	ANALYSIS	persistent High lifetime already carries the proposed domain	single undefined local lifetime; exact_type_votes=2; score=22; sources=[call_return, scalar_extension]	resolved	1	1
00667D90	AiFltClassTy::GetMessage	local_lifetime	this_01/mg0	pointer(pointer:/STGroupBoatC) -> unknown	00667F33:t543 call_return operand=-1 target=00405CF9	ANALYSIS; direct=00405CF9; resolved=0042B760	retain neutral or current storage; require an exact per-use view	incompatible exact lifetime types=[pointer:/STGroupBoatC, pointer:/STGroupC]	review	1	1
0066ACC0	SubmarineTitans::Recovered::HiddenThis::RecoveredReceiver_0064A970::FUN_0066acc0	local_lifetime	bVar2/mg0	scalar(/bool) -> unknown	0066F1AF:t19452 boolean_scalar_role operand=-1 target=	INT_SLESSEQUAL	retain neutral or current storage; require an exact per-use view	incompatible exact lifetime types=[/bool, /byte]	review	1	1
0066ACC0	SubmarineTitans::Recovered::HiddenThis::RecoveredReceiver_0064A970::FUN_0066acc0	local_lifetime	pcVar21/mg8	pointer(pointer:/char) -> scalar(/uint)	0066BEF9:t12981 unsigned_scalar_role operand=0 target=	INT_LESS	retain neutral or current storage; require an exact per-use view	separate decompiler merge group; exact_type_votes=1; score=4; sources=[scalar_arithmetic]; one-way call conversion alone is review-only	review	1	1
0066ACC0		pointer_scalar_switch_lifetime	generated per-use lifetime	switch selector: AiFltClassTy * -> uint	verified by the matching Ghidra analyzer/export evidence	source audit kind=exact_pointer_switch_boundary	exact source-only lifetime/view; Program ABI unchanged	Ghidra cannot persist this split without merging unrelated machine lifetimes	neutralized	1	1
006736F0	FUN_006736f0	local_lifetime	bVar12/mg0	scalar(/bool) -> unknown	006737C2:t211 boolean_scalar_role operand=-1 target=	INT_LESS	retain neutral or current storage; require an exact per-use view	incompatible exact lifetime types=[/bool, /byte]	review	1	1
006736F0	FUN_006736f0	local_lifetime	bVar12/mg1	scalar(/bool) -> unknown	006738C7:t540 boolean_scalar_role operand=-1 target=	INT_LESS	retain neutral or current storage; require an exact per-use view	incompatible exact lifetime types=[/bool, /byte]	review	1	1
00676170	_GetStaffGrpExch	local_lifetime	this/mg0	pointer(pointer:/STGroupBoatC) -> unknown	006761B2:t80 call_return operand=-1 target=00405CF9	ANALYSIS; direct=00405CF9; resolved=0042B760	retain neutral or current storage; require an exact per-use view	incompatible exact lifetime types=[pointer:/STGroupBoatC, pointer:/STGroupC]	review	1	1
00676260	_GetEmbrTobjGrpExch	local_lifetime	this/mg0	pointer(pointer:/STGroupBoatC) -> unknown	006762A8:t100 call_return operand=-1 target=00405CF9	ANALYSIS; direct=00405CF9; resolved=0042B760	retain neutral or current storage; require an exact per-use view	incompatible exact lifetime types=[pointer:/STGroupBoatC, pointer:/STGroupC]	review	1	1
006763F0	_GetEmbrGrpTobjGrpExch	local_lifetime	this/mg0	pointer(pointer:/STGroupBoatC) -> unknown	00676438:t100 call_return operand=-1 target=00405CF9	ANALYSIS; direct=00405CF9; resolved=0042B760	retain neutral or current storage; require an exact per-use view	incompatible exact lifetime types=[pointer:/STGroupBoatC, pointer:/STGroupC]	review	1	1
00677250	FUN_00677250	local_lifetime	array/mg0	pointer(pointer:/uint) -> unknown	00677250:t150 typed_copy operand=0 target=	DEFAULT	retain neutral or current storage; require an exact per-use view	incompatible exact lifetime types=[pointer:/SubmarineTitans/Recovered/DArrayTy, pointer:/uint]	review	1	1
00678E00	FUN_00678e00	local_lifetime	bVar9/mg1	scalar(/bool) -> unknown	00678E6C:t192 boolean_scalar_role operand=-1 target=	INT_LESS	retain neutral or current storage; require an exact per-use view	incompatible exact lifetime types=[/bool, /byte]	review	1	1
0067B520	AiPlrClassTy::ExecTech	local_lifetime	local_8/mg0	pointer(pointer:/STGameObjC) -> unknown	0067B75D:t1155 call_argument operand=0 target=004010E1	ANALYSIS; direct=004010E1; resolved=0068FD00	retain neutral or current storage; require an exact per-use view	incompatible exact lifetime types=[pointer:/AiTactClassTy, pointer:/STGameObjC]	review	1	1
0067BE20	FUN_0067be20	local_lifetime	objPtr/mg0	pointer(pointer:/STGameObjC) -> unknown	0067BE5F:t107 call_return operand=-1 target=004028BA	ANALYSIS; direct=004028BA; resolved=0042B620	retain neutral or current storage; require an exact per-use view	incompatible exact lifetime types=[pointer:/STFishC, pointer:/STGameObjC]	review	1	1
0067C180	AiPlrClassTy::Offensive	local_lifetime	local_3c/mg0	scalar(/undefined4) -> scalar(/short)	0067C3EF:t909 signed_scalar_role operand=0 target=	INT_SEXT	persistent High lifetime already carries the proposed domain	single undefined local lifetime; exact_type_votes=2; score=20; sources=[scalar_extension]	resolved	1	1
0067C180	AiPlrClassTy::Offensive	local_lifetime	local_3c/mg0	scalar(/undefined4) -> scalar(/short)	0067C5A3:t1492 signed_scalar_role operand=0 target=	INT_SEXT	persistent High lifetime already carries the proposed domain	single undefined local lifetime; exact_type_votes=2; score=20; sources=[scalar_extension]	resolved	1	1
0067D3B0	PlrDataPack	local_lifetime	ppDVar4/mg0	darray_pointer(pointer:pointer:/SubmarineTitans/Recovered/DArrayTy) -> scalar(/int)	0067D770:t1727 call_argument operand=0 target=006A5E40	USER_DEFINED; direct=006A5E40	unattachable High lifetime is represented by the exact address-stable per-use boundary 0067D770:t1727|006A5E40|0	separate decompiler merge group; exact_type_votes=1; score=4; sources=[call_argument]; one-way call conversion alone is review-only; exact call-boundary type is proven, but no same-width transparent p-code path reattaches that argument to one persistent HighSymbol	neutralized	1	1
0067D3B0		unattachable_call_argument_lifetime	generated per-use lifetime	anchors=0067D770:t1727; target=006A5E40; operand=0; locals=ppDVar4; transition=pointer:pointer:/SubmarineTitans/Recovered/DArrayTy -> /int	verified by the matching Ghidra analyzer/export evidence	source audit kind=exact_machine_lifetime_call_view	exact source-only lifetime/view; Program ABI unchanged	Ghidra cannot persist this split without merging unrelated machine lifetimes	neutralized	1	1
0067D880	LoadPlrEdit	local_lifetime	param_1/mg0	scalar(/int) -> pointer(pointer:/cMf32)	0067D8E6:t121 call_argument operand=0 target=006F2D90	DEFAULT; direct=006F2D90	unattachable High lifetime is represented by the exact address-stable per-use boundary 0067D8E6:t121|006F2D90|0	exact call-boundary type is proven, but no same-width transparent p-code path reattaches that argument to one persistent HighSymbol; complete CALL-operand scan records an address-local source view only	neutralized	1	1
0067D880		unattachable_call_argument_lifetime	generated per-use lifetime	anchors=0067D8E6:t121; target=006F2D90; operand=0; locals=param_1; transition=/int -> pointer:/cMf32	verified by the matching Ghidra analyzer/export evidence	source audit kind=exact_machine_lifetime_call_view	exact source-only lifetime/view; Program ABI unchanged	Ghidra cannot persist this split without merging unrelated machine lifetimes	neutralized	1	1
0067D9C0	SavePlrEdit	local_lifetime	local_8/mg0	pointer(pointer:/SubmarineTitans/Recovered/AllocationRecords/AllocationRecord_0067D3B0) -> unknown	0067DA44:t172 call_return operand=-1 target=00405204	ANALYSIS; direct=00405204; resolved=0067D3B0	retain neutral or current storage; require an exact per-use view	incompatible exact lifetime types=[pointer:/SubmarineTitans/Recovered/AllocationRecords/AllocationRecord_0067D3B0, pointer:/byte]	review	1	1
0067DB30	DelPlrEdit	local_lifetime	param_1/mg0	scalar(/int) -> pointer(pointer:/cMf32)	0067DB87:t110 call_argument operand=0 target=006F17C0	ANALYSIS; direct=006F17C0	unattachable High lifetime is represented by the exact address-stable per-use boundary 0067DB87:t110|006F17C0|0	exact call-boundary type is proven, but no same-width transparent p-code path reattaches that argument to one persistent HighSymbol; complete CALL-operand scan records an address-local source view only	neutralized	1	1
0067DB30		unattachable_call_argument_lifetime	generated per-use lifetime	anchors=0067DB87:t110; target=006F17C0; operand=0; locals=param_1; transition=/int -> pointer:/cMf32	verified by the matching Ghidra analyzer/export evidence	source audit kind=exact_machine_lifetime_call_view	exact source-only lifetime/view; Program ABI unchanged	Ghidra cannot persist this split without merging unrelated machine lifetimes	neutralized	1	1
0067DC20	_CreateStgListByRoot	local_lifetime	_Source/mg0	pointer(pointer:/undefined1) -> pointer(pointer:/char)	0067DD50:t466 call_argument operand=1 target=0072E340	USER_DEFINED; direct=0072E340	retain neutral or current storage; require an exact per-use view	single undefined local lifetime; exact_type_votes=1; score=4; sources=[call_argument]; one-way call conversion alone is review-only; downstream call consumers do not prove signedness or semantics of an already width-known pointee; exact call-boundary type is proven, but no same-width transparent p-code path reattaches that argument to one persistent HighSymbol	review	1	1
0067E320	GetStrategNameDB	local_lifetime	param_1/mg0	scalar(/int) -> pointer(pointer:/cMf32)	0067E3D1:t317 call_argument operand=0 target=006F21C0	ANALYSIS; direct=006F21C0	unattachable High lifetime is represented by the exact address-stable per-use boundary 0067E3D1:t317|006F21C0|0	exact call-boundary type is proven, but no same-width transparent p-code path reattaches that argument to one persistent HighSymbol; complete CALL-operand scan records an address-local source view only	neutralized	1	1
0067E320		unattachable_call_argument_lifetime	generated per-use lifetime	anchors=0067E3D1:t317; target=006F21C0; operand=0; locals=param_1; transition=/int -> pointer:/cMf32	verified by the matching Ghidra analyzer/export evidence	source audit kind=exact_machine_lifetime_call_view	exact source-only lifetime/view; Program ABI unchanged	Ghidra cannot persist this split without merging unrelated machine lifetimes	neutralized	1	1
0067F2B0	FUN_0067f2b0	local_lifetime	pbVar2/mg1	pointer(pointer:/byte) -> unknown	0067F34D:t141 call_return operand=-1 target=00401AA5	ANALYSIS; direct=00401AA5; resolved=0067ECE0	retain neutral or current storage; require an exact per-use view	incompatible exact lifetime types=[pointer:/byte, pointer:/char]	review	1	1
006800A0	FUN_006800a0	local_lifetime	bVar8/mg0	scalar(/bool) -> unknown	00680141:t288 boolean_scalar_role operand=-1 target=	INT_LESS	retain neutral or current storage; require an exact per-use view	incompatible exact lifetime types=[/bool, /byte]	review	1	1
006800A0	FUN_006800a0	local_lifetime	bVar8/mg1	scalar(/bool) -> unknown	006801AD:t452 boolean_scalar_role operand=-1 target=	INT_LESS	retain neutral or current storage; require an exact per-use view	incompatible exact lifetime types=[/bool, /byte]	review	1	1
006823E0		output_buffer_post_call_lifetime	generated per-use lifetime	param_1_after_write: unanimous exact output pointee int	verified by the matching Ghidra analyzer/export evidence	source audit kind=exact_auto_output_storage	exact source-only lifetime/view; Program ABI unchanged	Ghidra cannot persist this split without merging unrelated machine lifetimes	neutralized	1	1
00682D30		pointer_float_lifetime	generated per-use lifetime	pointer bits char * -> float	verified by the matching Ghidra analyzer/export evidence	source audit kind=exact_pointer_float_storage_view	exact source-only lifetime/view; Program ABI unchanged	Ghidra cannot persist this split without merging unrelated machine lifetimes	neutralized	1	1
00682DF0	FUN_00682df0	return_abi	EAX/x87 return	void -> void	all reachable callee return paths	void remains unchanged: one or more callsites retain/read EAX, but that alone does not prove the callee returned it; machine CFG audit: used=0, ignored=3, unknown=1	retain void unless a complete caller-use proof exists	void remains unchanged: one or more callsites retain/read EAX, but that alone does not prove the callee returned it; machine CFG audit: used=0, ignored=3, unknown=1	review	1	1
00683C70	FUN_00683c70	local_lifetime	pbVar3_mg0/mg0	pointer(pointer:/byte) -> unknown	00683FC8:t864 call_return operand=-1 target=00401AA5	ANALYSIS; direct=00401AA5; resolved=0067ECE0	retain neutral or current storage; require an exact per-use view	incompatible exact lifetime types=[pointer:/byte, pointer:/char]	review	1	1
00683C70	FUN_00683c70	local_lifetime	uVar5/mg16	scalar(/uint) -> unknown	00689D7E:t14047 call_return operand=-1 target=004042CD	ANALYSIS; direct=004042CD; resolved=0067FDF0	retain neutral or current storage; require an exact per-use view	incompatible exact lifetime types=[/int, /uint]	review	1	1
0068CEC0	FUN_0068cec0	local_lifetime	pbVar5_mg0/mg0	pointer(pointer:/byte) -> unknown	0068D18B:t800 call_return operand=-1 target=00401AA5	ANALYSIS; direct=00401AA5; resolved=0067ECE0	retain neutral or current storage; require an exact per-use view	incompatible exact lifetime types=[pointer:/byte, pointer:/char]	review	1	1
0068F020	AiTactClassTy::GiveObjByClaim	local_lifetime	uVar10/mg1	scalar(/uint) -> unknown	0068F1D5:t605 call_return operand=-1 target=00403986	ANALYSIS; direct=00403986; resolved=0068E8C0	retain neutral or current storage; require an exact per-use view	incompatible exact lifetime types=[/int, /uint]	review	1	1
0068F020	AiTactClassTy::GiveObjByClaim	local_lifetime	uVar10/mg2	scalar(/uint) -> unknown	0068F141:t383 call_return operand=-1 target=00403986	ANALYSIS; direct=00403986; resolved=0068E8C0	retain neutral or current storage; require an exact per-use view	incompatible exact lifetime types=[/int, /uint]	review	1	1
0068F7E0	AiTactClassTy::InitDistrObj	local_lifetime	array/mg0	pointer(pointer:/AiTactClassTy) -> unknown	0068F81E:t75 call_return operand=-1 target=00404DA9	USE_SITE_OVERRIDE; direct=00404DA9; resolved=00676170	retain neutral or current storage; require an exact per-use view	incompatible exact lifetime types=[pointer:/AiTactClassTy, pointer:/SubmarineTitans/Recovered/DArrayTy]	review	1	1
0068F7E0	AiTactClassTy::InitDistrObj	local_lifetime	local_8/mg0	pointer(pointer:/AiTactClassTy) -> darray_pointer(pointer:/SubmarineTitans/Recovered/DArrayTy)	0068F865:t161 call_argument operand=0 target=006AE110	ANALYSIS; direct=006AE110	retain neutral or current storage; require an exact per-use view	pointer-shaped local has only scalar consumers; exact_type_votes=1; score=4; sources=[call_argument]; one-way call conversion alone is review-only; exact call-boundary type is proven, but no same-width transparent p-code path reattaches that argument to one persistent HighSymbol	review	1	1
00693D00	SubmarineTitans::Recovered::HiddenThis::RecoveredReceiver_00693B20::FUN_00693d00	local_lifetime	local_8/mg0	pointer(pointer:/SubmarineTitans/Recovered/HiddenThis/RecoveredReceiver_00693B20) -> unknown	00693D3F:t276 typed_copy operand=0 target=	DEFAULT	retain neutral or current storage; require an exact per-use view	incompatible exact lifetime types=[pointer:/SubmarineTitans/Recovered/HiddenThis/RecoveredReceiver_00693B20, pointer:/byte]	review	1	1
00694780	FUN_00694780	local_lifetime	local_c/mg0	scalar(/undefined4) -> scalar(/uint)	006947F3:t261 unsigned_scalar_role operand=0 target=	INT_LESS	retain neutral or current storage; require an exact per-use view	single undefined local lifetime; exact_type_votes=1; score=4; sources=[scalar_arithmetic]; one-way call conversion alone is review-only	review	1	1
00696940	CGenerate::sub_00696940	local_lifetime	uVar6/mg0	scalar(/uint) -> scalar(/int)	006969FC:t277 signed_scalar_role operand=-1 target=	INT_SREM	retain neutral or current storage; require an exact per-use view	separate decompiler merge group; exact_type_votes=1; score=4; sources=[scalar_arithmetic]; one-way call conversion alone is review-only	review	1	1
006971B0	CGenerate::sub_006971B0	local_lifetime	uVar8/mg0	scalar(/uint) -> scalar(/int)	006972AE:t601 signed_scalar_role operand=-1 target=	INT_SRIGHT	retain neutral or current storage; require an exact per-use view	separate decompiler merge group; exact_type_votes=1; score=4; sources=[scalar_arithmetic]; one-way call conversion alone is review-only	review	1	1
006971B0	CGenerate::sub_006971B0	local_lifetime	uVar8/mg1	scalar(/uint) -> scalar(/int)	0069729C:t490 signed_scalar_role operand=-1 target=	INT_SRIGHT	retain neutral or current storage; require an exact per-use view	separate decompiler merge group; exact_type_votes=1; score=4; sources=[scalar_arithmetic]; one-way call conversion alone is review-only	review	1	1
00697AF0	FUN_00697af0	return_abi	EAX/x87 return	scalar(/undefined4) -> scalar(/bool)	all reachable callee return paths	all explicit return values are constants in {0,1}, but the source domain alone does not prove the x86 ABI return width; review STAbiConsistencyAnalyzer evidence: [1, 0]	retain current machine-width return pending strict ABI proof	all explicit return values are constants in {0,1}, but the source domain alone does not prove the x86 ABI return width; review STAbiConsistencyAnalyzer evidence: [1, 0]	review	1	1
00697CF0	FUN_00697cf0	local_lifetime	uVar12/mg0	scalar(/uint) -> unknown	00698144:t1538 signed_scalar_role operand=-1 target=	INT_SREM	retain neutral or current storage; require an exact per-use view	incompatible exact lifetime types=[/int, /uint]	review	1	1
00698CA0	CGenerate::sub_00698CA0	local_lifetime	local_c/mg0	scalar(/undefined8) -> scalar(/uint)	00698D05:t123 unsigned_scalar_role operand=0 target=	INT_RIGHT	retain neutral or current storage; require an exact per-use view	single undefined local lifetime; exact_type_votes=1; score=4; sources=[scalar_arithmetic]; one-way call conversion alone is review-only	review	1	1
006991C0	CGenerate::sub_006991C0	local_lifetime	uVar15/mg1	scalar(/uint) -> scalar(/int)	00699771:t1876 signed_scalar_role operand=-1 target=	INT_SRIGHT	retain neutral or current storage; require an exact per-use view	separate decompiler merge group; exact_type_votes=1; score=4; sources=[scalar_arithmetic]; one-way call conversion alone is review-only	review	1	1
006991C0	CGenerate::sub_006991C0	local_lifetime	uVar15/mg2	scalar(/uint) -> scalar(/int)	00699783:t1922 signed_scalar_role operand=-1 target=	INT_SRIGHT	retain neutral or current storage; require an exact per-use view	separate decompiler merge group; exact_type_votes=1; score=4; sources=[scalar_arithmetic]; one-way call conversion alone is review-only	review	1	1
0069CB50	CGenerate::sub_0069CB50	local_lifetime	uVar16/mg1	scalar(/uint) -> unknown	0069CDAA:t6861 signed_scalar_role operand=-1 target=	INT_SREM	retain neutral or current storage; require an exact per-use view	incompatible exact lifetime types=[/int, /uint]	review	1	1
0069CB50	CGenerate::sub_0069CB50	local_lifetime	uVar16/mg13	scalar(/uint) -> unknown	0069DBF5:t2226 signed_scalar_role operand=-1 target=	INT_SREM	retain neutral or current storage; require an exact per-use view	incompatible exact lifetime types=[/int, /uint]	review	1	1
0069F5C0		output_buffer_post_call_lifetime	generated per-use lifetime	param_3_after_write: unanimous exact output pointee undefined4	verified by the matching Ghidra analyzer/export evidence	source audit kind=exact_auto_output_storage	exact source-only lifetime/view; Program ABI unchanged	Ghidra cannot persist this split without merging unrelated machine lifetimes	neutralized	1	1
0069F660	FUN_0069f660	local_lifetime	uVar7/mg0	scalar(/uint) -> scalar(/int)	0069F676:t42 signed_scalar_role operand=-1 target=	INT_SRIGHT	retain neutral or current storage; require an exact per-use view	separate decompiler merge group; exact_type_votes=1; score=4; sources=[scalar_arithmetic]; one-way call conversion alone is review-only	review	1	1
0069F660	FUN_0069f660	local_lifetime	uVar7/mg1	scalar(/uint) -> scalar(/int)	0069F682:t75 signed_scalar_role operand=-1 target=	INT_SRIGHT	retain neutral or current storage; require an exact per-use view	separate decompiler merge group; exact_type_votes=1; score=4; sources=[scalar_arithmetic]; one-way call conversion alone is review-only	review	1	1
0069F8D0	FUN_0069f8d0	local_lifetime	local_38/mg0	pointer(pointer:/undefined2) -> scalar(/uint)	0069F9F5:t361 call_argument operand=1 target=006ACF50	ANALYSIS; direct=006ACF50	unattachable High lifetime is represented by the exact address-stable per-use boundary 0069F9F5:t361|006ACF50|1	single undefined local lifetime; exact_type_votes=1; score=4; sources=[call_argument]; one-way call conversion alone is review-only; exact call-boundary type is proven, but no same-width transparent p-code path reattaches that argument to one persistent HighSymbol	neutralized	1	1
0069F8D0		unattachable_call_argument_lifetime	generated per-use lifetime	anchors=0069F9F5:t361; target=006ACF50; operand=1; locals=local_38; transition=pointer:/undefined2 -> /uint	verified by the matching Ghidra analyzer/export evidence	source audit kind=exact_machine_lifetime_call_view	exact source-only lifetime/view; Program ABI unchanged	Ghidra cannot persist this split without merging unrelated machine lifetimes	neutralized	1	1
006A0150	CGenerate::sub_006A0150	local_lifetime	pbVar1/mg0	pointer(pointer:/byte) -> pointer(pointer:/short)	006A0180:t46 call_argument operand=0 target=006F0620	DEFAULT; direct=006F0620	retain neutral or current storage; require an exact per-use view	pointer-shaped local has only scalar consumers; exact_type_votes=1; score=4; sources=[call_argument]; one-way call conversion alone is review-only; exact call-boundary type is proven, but no same-width transparent p-code path reattaches that argument to one persistent HighSymbol	review	1	1
006A0150	CGenerate::sub_006A0150	return_abi	EAX/x87 return	scalar(/undefined4) -> scalar(/bool)	all reachable callee return paths	all explicit return values are constants in {0,1}, but the source domain alone does not prove the x86 ABI return width; review STAbiConsistencyAnalyzer evidence: [0, 1]	retain current machine-width return pending strict ABI proof	all explicit return values are constants in {0,1}, but the source domain alone does not prove the x86 ABI return width; review STAbiConsistencyAnalyzer evidence: [0, 1]	review	1	1
006A0740	CGenerate::SaveMap	local_lifetime	local_c/mg0	pointer(pointer:/SubmarineTitans/Recovered/PointerShapes/AnonShape_006B5050_99986F91) -> unknown	006A086F:t452 call_return operand=-1 target=004041D3	USE_SITE_OVERRIDE; direct=004041D3; resolved=006A2ED0	retain neutral or current storage; require an exact per-use view	incompatible exact lifetime types=[pointer:/SubmarineTitans/Recovered/PointerShapes/AnonShape_006B5050_99986F91, pointer:/byte]	review	1	1
006A0740	CGenerate::SaveMap	local_lifetime	pbVar4/mg0	pointer(pointer:/byte) -> unknown	006A087E:t479 call_return operand=-1 target=006B5050	USE_SITE_OVERRIDE; direct=006B5050	retain neutral or current storage; require an exact per-use view	incompatible exact lifetime types=[/uint, pointer:/byte]	review	1	1
006A0740	CGenerate::SaveMap	local_lifetime	pbVar4/mg0	pointer(pointer:/byte) -> scalar(/uint)	006A0893:t501 call_argument operand=4 target=006F13F0	DEFAULT; direct=006F13F0	unattachable High lifetime is represented by the exact address-stable per-use boundary 006A0893:t501|006F13F0|4	exact call-boundary type is proven, but no same-width transparent p-code path reattaches that argument to one persistent HighSymbol; complete CALL-operand scan records an address-local source view only	neutralized	1	1
006A0740		unattachable_call_argument_lifetime	generated per-use lifetime	anchors=006A0893:t501; target=006F13F0; operand=4; locals=pbVar4; transition=pointer:/byte -> /uint	verified by the matching Ghidra analyzer/export evidence	source audit kind=exact_machine_lifetime_call_view	exact source-only lifetime/view; Program ABI unchanged	Ghidra cannot persist this split without merging unrelated machine lifetimes	neutralized	1	1
006A1410	FUN_006a1410	local_lifetime	local_14/mg0	scalar(/undefined8) -> scalar(/uint)	006A146F:t137 unsigned_scalar_role operand=0 target=	INT_RIGHT	persistent High lifetime already carries the proposed domain	single undefined local lifetime; exact_type_votes=2; score=8; sources=[scalar_arithmetic]	resolved	1	1
006A1410	FUN_006a1410	local_lifetime	local_14/mg0	scalar(/undefined8) -> scalar(/uint)	006A1531:t578 unsigned_scalar_role operand=0 target=	INT_RIGHT	persistent High lifetime already carries the proposed domain	single undefined local lifetime; exact_type_votes=2; score=8; sources=[scalar_arithmetic]	resolved	1	1
006A21F0	FUN_006a21f0	return_abi	EAX/x87 return	scalar(/undefined4) -> scalar(/bool)	all reachable callee return paths	all explicit return values are constants in {0,1}, but the source domain alone does not prove the x86 ABI return width; review STAbiConsistencyAnalyzer evidence: [0, 0, 0, 1]	retain current machine-width return pending strict ABI proof	all explicit return values are constants in {0,1}, but the source domain alone does not prove the x86 ABI return width; review STAbiConsistencyAnalyzer evidence: [0, 0, 0, 1]	review	1	1
006A24E0	FUN_006a24e0	return_abi	EAX/x87 return	scalar(/int) -> scalar(/bool)	all reachable callee return paths	all explicit return values are constants in {0,1}, but the source domain alone does not prove the x86 ABI return width; review STAbiConsistencyAnalyzer evidence: [0, 1, 1, 0, 0]	retain current machine-width return pending strict ABI proof	all explicit return values are constants in {0,1}, but the source domain alone does not prove the x86 ABI return width; review STAbiConsistencyAnalyzer evidence: [0, 1, 1, 0, 0]	review	1	1
006A40C0	FUN_006a40c0	local_lifetime	piVar4/mg0	pointer(pointer:/int) -> scalar(/uint)	006A40E9:t68 unsigned_scalar_role operand=1 target=	INT_LESS	retain neutral or current storage; require an exact per-use view	separate decompiler merge group; exact_type_votes=1; score=4; sources=[scalar_arithmetic]; one-way call conversion alone is review-only	review	1	1
006A5620	FUN_006a5620	local_lifetime	lpMem/mg0	pointer(pointer:/void) -> scalar(/int)	006A5646:t82 call_argument operand=0 target=00731AE0	DEFAULT; direct=00731AE0	unattachable High lifetime is represented by the exact address-stable per-use boundary 006A5646:t82|00731AE0|0	single undefined local lifetime; exact_type_votes=2; score=8; sources=[call_argument]; neutral void pointer has an unclassified consumer; exact call-boundary type is proven, but no same-width transparent p-code path reattaches that argument to one persistent HighSymbol	neutralized	1	1
006A5620	FUN_006a5620	local_lifetime	lpMem/mg0	pointer(pointer:/void) -> scalar(/int)	006A5654:t110 call_argument operand=1 target=00731B40	DEFAULT; direct=00731B40	unattachable High lifetime is represented by the exact address-stable per-use boundary 006A5654:t110|00731B40|1	single undefined local lifetime; exact_type_votes=2; score=8; sources=[call_argument]; neutral void pointer has an unclassified consumer; exact call-boundary type is proven, but no same-width transparent p-code path reattaches that argument to one persistent HighSymbol	neutralized	1	1
006A5620		unattachable_call_argument_lifetime	generated per-use lifetime	anchors=006A5646:t82; target=00731AE0; operand=0; locals=lpMem; transition=pointer:/void -> /int	verified by the matching Ghidra analyzer/export evidence	source audit kind=exact_machine_lifetime_call_view	exact source-only lifetime/view; Program ABI unchanged	Ghidra cannot persist this split without merging unrelated machine lifetimes	neutralized	1	1
006A5620		unattachable_call_argument_lifetime	generated per-use lifetime	anchors=006A5654:t110; target=00731B40; operand=1; locals=lpMem; transition=pointer:/void -> /int	verified by the matching Ghidra analyzer/export evidence	source audit kind=exact_machine_lifetime_call_view	exact source-only lifetime/view; Program ABI unchanged	Ghidra cannot persist this split without merging unrelated machine lifetimes	neutralized	1	1
006A5F20	FUN_006a5f20	local_lifetime	uVar6/mg0	scalar(/uint) -> scalar(/int)	006A5F33:t39 signed_scalar_role operand=-1 target=	INT_SRIGHT	retain neutral or current storage; require an exact per-use view	separate decompiler merge group; exact_type_votes=1; score=4; sources=[scalar_arithmetic]; one-way call conversion alone is review-only	review	1	1
006A5F20	FUN_006a5f20	local_lifetime	uVar6/mg1	scalar(/uint) -> scalar(/int)	006A5F62:t96 signed_scalar_role operand=-1 target=	INT_SRIGHT	retain neutral or current storage; require an exact per-use view	separate decompiler merge group; exact_type_votes=1; score=4; sources=[scalar_arithmetic]; one-way call conversion alone is review-only	review	1	1
006A5F20	FUN_006a5f20	local_lifetime	uVar7/mg0	scalar(/uint) -> scalar(/int)	006A5F8A:t148 signed_scalar_role operand=-1 target=	INT_SRIGHT	retain neutral or current storage; require an exact per-use view	separate decompiler merge group; exact_type_votes=1; score=4; sources=[scalar_arithmetic]; one-way call conversion alone is review-only	review	1	1
006A6100	FUN_006a6100	local_lifetime	local_18/mg0	scalar(/undefined4) -> scalar(/int)	006A61B8:t242 signed_scalar_role operand=1 target=	INT_SLESS	retain neutral or current storage; require an exact per-use view	single undefined local lifetime; exact_type_votes=1; score=4; sources=[scalar_arithmetic]; one-way call conversion alone is review-only	review	1	1
006A6100	FUN_006a6100	local_lifetime	uVar5/mg0	scalar(/uint) -> scalar(/int)	006A6113:t39 signed_scalar_role operand=-1 target=	INT_SRIGHT	retain neutral or current storage; require an exact per-use view	separate decompiler merge group; exact_type_votes=1; score=4; sources=[scalar_arithmetic]; one-way call conversion alone is review-only	review	1	1
006A6100	FUN_006a6100	local_lifetime	uVar5/mg1	scalar(/uint) -> scalar(/int)	006A6142:t96 signed_scalar_role operand=-1 target=	INT_SRIGHT	retain neutral or current storage; require an exact per-use view	separate decompiler merge group; exact_type_votes=1; score=4; sources=[scalar_arithmetic]; one-way call conversion alone is review-only	review	1	1
006A6100	FUN_006a6100	local_lifetime	uVar6/mg0	scalar(/uint) -> scalar(/int)	006A616A:t148 signed_scalar_role operand=-1 target=	INT_SRIGHT	retain neutral or current storage; require an exact per-use view	separate decompiler merge group; exact_type_votes=1; score=4; sources=[scalar_arithmetic]; one-way call conversion alone is review-only	review	1	1
006AADD0	FUN_006aadd0	local_lifetime	uVar3/mg0	scalar(/uint) -> scalar(/int)	006AADDC:t23 signed_scalar_role operand=-1 target=	INT_SRIGHT	retain neutral or current storage; require an exact per-use view	separate decompiler merge group; exact_type_votes=1; score=4; sources=[scalar_arithmetic]; one-way call conversion alone is review-only	review	1	1
006AADD0	FUN_006aadd0	local_lifetime	uVar3/mg1	scalar(/uint) -> scalar(/int)	006AADEB:t59 signed_scalar_role operand=-1 target=	INT_SRIGHT	retain neutral or current storage; require an exact per-use view	separate decompiler merge group; exact_type_votes=1; score=4; sources=[scalar_arithmetic]; one-way call conversion alone is review-only	review	1	1
006AADD0	FUN_006aadd0	local_lifetime	uVar3/mg2	scalar(/uint) -> scalar(/int)	006AADFA:t95 signed_scalar_role operand=-1 target=	INT_SRIGHT	retain neutral or current storage; require an exact per-use view	separate decompiler merge group; exact_type_votes=1; score=4; sources=[scalar_arithmetic]; one-way call conversion alone is review-only	review	1	1
006AAE60	FUN_006aae60	local_lifetime	uVar3/mg0	scalar(/uint) -> scalar(/int)	006AAE6C:t23 signed_scalar_role operand=-1 target=	INT_SRIGHT	retain neutral or current storage; require an exact per-use view	separate decompiler merge group; exact_type_votes=1; score=4; sources=[scalar_arithmetic]; one-way call conversion alone is review-only	review	1	1
006AAE60	FUN_006aae60	local_lifetime	uVar3/mg1	scalar(/uint) -> scalar(/int)	006AAE7B:t59 signed_scalar_role operand=-1 target=	INT_SRIGHT	retain neutral or current storage; require an exact per-use view	separate decompiler merge group; exact_type_votes=1; score=4; sources=[scalar_arithmetic]; one-way call conversion alone is review-only	review	1	1
006AAE60	FUN_006aae60	local_lifetime	uVar3/mg2	scalar(/uint) -> scalar(/int)	006AAE8A:t95 signed_scalar_role operand=-1 target=	INT_SRIGHT	retain neutral or current storage; require an exact per-use view	separate decompiler merge group; exact_type_votes=1; score=4; sources=[scalar_arithmetic]; one-way call conversion alone is review-only	review	1	1
006ACF90	FUN_006acf90	local_lifetime	uVar3/mg0	scalar(/uint) -> scalar(/int)	006ACF9B:t20 signed_scalar_role operand=-1 target=	INT_SRIGHT	retain neutral or current storage; require an exact per-use view	separate decompiler merge group; exact_type_votes=1; score=4; sources=[scalar_arithmetic]; one-way call conversion alone is review-only	review	1	1
006ACF90	FUN_006acf90	local_lifetime	uVar3/mg1	scalar(/uint) -> scalar(/int)	006ACFAA:t56 signed_scalar_role operand=-1 target=	INT_SRIGHT	retain neutral or current storage; require an exact per-use view	separate decompiler merge group; exact_type_votes=1; score=4; sources=[scalar_arithmetic]; one-way call conversion alone is review-only	review	1	1
006ACFD0	FUN_006acfd0	local_lifetime	uVar3/mg0	scalar(/uint) -> scalar(/int)	006ACFDB:t20 signed_scalar_role operand=-1 target=	INT_SRIGHT	retain neutral or current storage; require an exact per-use view	separate decompiler merge group; exact_type_votes=1; score=4; sources=[scalar_arithmetic]; one-way call conversion alone is review-only	review	1	1
006ACFD0	FUN_006acfd0	local_lifetime	uVar3/mg1	scalar(/uint) -> scalar(/int)	006ACFEA:t56 signed_scalar_role operand=-1 target=	INT_SRIGHT	retain neutral or current storage; require an exact per-use view	separate decompiler merge group; exact_type_votes=1; score=4; sources=[scalar_arithmetic]; one-way call conversion alone is review-only	review	1	1
006AD0B0	FUN_006ad0b0	local_lifetime	uVar3/mg0	scalar(/uint) -> scalar(/int)	006AD0C3:t33 signed_scalar_role operand=-1 target=	INT_SRIGHT	retain neutral or current storage; require an exact per-use view	separate decompiler merge group; exact_type_votes=1; score=4; sources=[scalar_arithmetic]; one-way call conversion alone is review-only	review	1	1
006AD0B0	FUN_006ad0b0	local_lifetime	uVar3/mg1	scalar(/uint) -> scalar(/int)	006AD0D1:t67 signed_scalar_role operand=-1 target=	INT_SRIGHT	retain neutral or current storage; require an exact per-use view	separate decompiler merge group; exact_type_votes=1; score=4; sources=[scalar_arithmetic]; one-way call conversion alone is review-only	review	1	1
006B2330	FUN_006b2330	local_lifetime	param_1/mg0	pointer(pointer:/SubmarineTitans/Recovered/LibraryContexts/DDXContext_008075A8) -> scalar(/uint)	006B234F:t51 call_argument operand=0 target=006B1D50	DEFAULT; direct=006B1D50	unattachable High lifetime is represented by the exact address-stable per-use boundary 006B234F:t51|006B1D50|0	exact call-boundary type is proven, but no same-width transparent p-code path reattaches that argument to one persistent HighSymbol; complete CALL-operand scan records an address-local source view only	neutralized	1	1
006B2330		unattachable_call_argument_lifetime	generated per-use lifetime	anchors=006B234F:t51; target=006B1D50; operand=0; locals=param_1; transition=pointer:/SubmarineTitans/Recovered/LibraryContexts/DDXContext_008075A8 -> /uint	verified by the matching Ghidra analyzer/export evidence	source audit kind=exact_machine_lifetime_call_view	exact source-only lifetime/view; Program ABI unchanged	Ghidra cannot persist this split without merging unrelated machine lifetimes	neutralized	1	1
006B30D0	FUN_006b30d0	local_lifetime	param_1/mg0	pointer(pointer:/SubmarineTitans/Recovered/PointerShapes/RecoveredRecord_006B30D0_CB79E1A3) -> scalar(/int)	006B3110:t95 call_argument operand=0 target=006B3040	DEFAULT; direct=006B3040	unattachable High lifetime is represented by the exact address-stable per-use boundary 006B3110:t95|006B3040|0	exact call-boundary type is proven, but no same-width transparent p-code path reattaches that argument to one persistent HighSymbol; complete CALL-operand scan records an address-local source view only	neutralized	1	1
006B30D0		unattachable_call_argument_lifetime	generated per-use lifetime	anchors=006B3110:t95; target=006B3040; operand=0; locals=param_1; transition=pointer:/SubmarineTitans/Recovered/PointerShapes/RecoveredRecord_006B30D0_CB79E1A3 -> /int	verified by the matching Ghidra analyzer/export evidence	source audit kind=exact_machine_lifetime_call_view	exact source-only lifetime/view; Program ABI unchanged	Ghidra cannot persist this split without merging unrelated machine lifetimes	neutralized	1	1
006B5F80	FUN_006b5f80	return_abi	EAX/x87 return	void -> void	all reachable callee return paths	void remains unchanged: one or more callsites retain/read EAX, but that alone does not prove the callee returned it; machine CFG audit: used=0, ignored=97, unknown=1	retain void unless a complete caller-use proof exists	void remains unchanged: one or more callsites retain/read EAX, but that alone does not prove the callee returned it; machine CFG audit: used=0, ignored=97, unknown=1	review	1	1
006B94E0	FUN_006b94e0	local_lifetime	param_1/mg0	pointer(pointer:/SubmarineTitans/Recovered/PointerShapes/RecoveredRecordView_006B94E0_92E1E144) -> scalar(/int)	006B95A8:t264 call_argument operand=0 target=006C53B0	DEFAULT; direct=006C53B0	unattachable High lifetime is represented by the exact address-stable per-use boundary 006B95A8:t264|006C53B0|0	exact call-boundary type is proven, but no same-width transparent p-code path reattaches that argument to one persistent HighSymbol; complete CALL-operand scan records an address-local source view only	neutralized	1	1
006B94E0	FUN_006b94e0	local_lifetime	param_1/mg0	pointer(pointer:/SubmarineTitans/Recovered/PointerShapes/RecoveredRecordView_006B94E0_92E1E144) -> scalar(/int)	006B95FD:t390 call_argument operand=0 target=006C53B0	DEFAULT; direct=006C53B0	unattachable High lifetime is represented by the exact address-stable per-use boundary 006B95FD:t390|006C53B0|0	exact call-boundary type is proven, but no same-width transparent p-code path reattaches that argument to one persistent HighSymbol; complete CALL-operand scan records an address-local source view only	neutralized	1	1
006B94E0	FUN_006b94e0	local_lifetime	param_1/mg0	pointer(pointer:/SubmarineTitans/Recovered/PointerShapes/RecoveredRecordView_006B94E0_92E1E144) -> scalar(/int)	006B964D:t507 call_argument operand=0 target=006C53B0	DEFAULT; direct=006C53B0	unattachable High lifetime is represented by the exact address-stable per-use boundary 006B964D:t507|006C53B0|0	exact call-boundary type is proven, but no same-width transparent p-code path reattaches that argument to one persistent HighSymbol; complete CALL-operand scan records an address-local source view only	neutralized	1	1
006B94E0	FUN_006b94e0	local_lifetime	param_1/mg0	pointer(pointer:/SubmarineTitans/Recovered/PointerShapes/RecoveredRecordView_006B94E0_92E1E144) -> scalar(/int)	006B969F:t630 call_argument operand=0 target=006C53B0	DEFAULT; direct=006C53B0	unattachable High lifetime is represented by the exact address-stable per-use boundary 006B969F:t630|006C53B0|0	exact call-boundary type is proven, but no same-width transparent p-code path reattaches that argument to one persistent HighSymbol; complete CALL-operand scan records an address-local source view only	neutralized	1	1
006B94E0		unattachable_call_argument_lifetime	generated per-use lifetime	anchors=006B95A8:t264,006B95FD:t390,006B964D:t507,006B969F:t630; target=006C53B0; operand=0; locals=param_1; transition=pointer:/SubmarineTitans/Recovered/PointerShapes/RecoveredRecordView_006B94E0_92E1E144 -> /int	verified by the matching Ghidra analyzer/export evidence	source audit kind=exact_machine_lifetime_call_view	exact source-only lifetime/view; Program ABI unchanged	Ghidra cannot persist this split without merging unrelated machine lifetimes	neutralized	1	1
006B94E0		unattachable_call_argument_lifetime	generated per-use lifetime	anchors=006B95A8:t264,006B95FD:t390,006B964D:t507,006B969F:t630; target=006C53B0; operand=0; locals=param_1; transition=pointer:/SubmarineTitans/Recovered/PointerShapes/RecoveredRecordView_006B94E0_92E1E144 -> /int	verified by the matching Ghidra analyzer/export evidence	source audit kind=exact_machine_lifetime_call_view	exact source-only lifetime/view; Program ABI unchanged	Ghidra cannot persist this split without merging unrelated machine lifetimes	neutralized	1	1
006B94E0		unattachable_call_argument_lifetime	generated per-use lifetime	anchors=006B95A8:t264,006B95FD:t390,006B964D:t507,006B969F:t630; target=006C53B0; operand=0; locals=param_1; transition=pointer:/SubmarineTitans/Recovered/PointerShapes/RecoveredRecordView_006B94E0_92E1E144 -> /int	verified by the matching Ghidra analyzer/export evidence	source audit kind=exact_machine_lifetime_call_view	exact source-only lifetime/view; Program ABI unchanged	Ghidra cannot persist this split without merging unrelated machine lifetimes	neutralized	1	1
006B94E0		unattachable_call_argument_lifetime	generated per-use lifetime	anchors=006B95A8:t264,006B95FD:t390,006B964D:t507,006B969F:t630; target=006C53B0; operand=0; locals=param_1; transition=pointer:/SubmarineTitans/Recovered/PointerShapes/RecoveredRecordView_006B94E0_92E1E144 -> /int	verified by the matching Ghidra analyzer/export evidence	source audit kind=exact_machine_lifetime_call_view	exact source-only lifetime/view; Program ABI unchanged	Ghidra cannot persist this split without merging unrelated machine lifetimes	neutralized	1	1
006BC440	FUN_006bc440	return_abi	EAX/x87 return	scalar(/undefined4) -> scalar(/bool)	all reachable callee return paths	all explicit return values are constants in {0,1}, but the source domain alone does not prove the x86 ABI return width; review STAbiConsistencyAnalyzer evidence: [0, 1]	retain current machine-width return pending strict ABI proof	all explicit return values are constants in {0,1}, but the source domain alone does not prove the x86 ABI return width; review STAbiConsistencyAnalyzer evidence: [0, 1]	review	1	1
006BFBF0	FUN_006bfbf0	local_lifetime	uVar5/mg0	scalar(/uint) -> scalar(/int)	006BFC5C:t188 signed_scalar_role operand=-1 target=	INT_SRIGHT	retain neutral or current storage; require an exact per-use view	separate decompiler merge group; exact_type_votes=1; score=4; sources=[scalar_arithmetic]; one-way call conversion alone is review-only	review	1	1
006BFE70	FUN_006bfe70	local_lifetime	local_8/mg0	pointer(pointer:/SubmarineTitans/Recovered/PointerShapes/RecoveredRecord_006BFE70_3123BCE8) -> scalar(/WinDef.h/DWORD)	006BFF61:t392 call_argument operand=3 target=006BFB90	ANALYSIS; direct=006BFB90	unattachable High lifetime is represented by the exact address-stable per-use boundary 006BFF61:t392|006BFB90|3	exact call-boundary type is proven, but no same-width transparent p-code path reattaches that argument to one persistent HighSymbol; complete CALL-operand scan records an address-local source view only	neutralized	1	1
006BFE70	FUN_006bfe70	local_lifetime	local_8/mg0	pointer(pointer:/SubmarineTitans/Recovered/PointerShapes/RecoveredRecord_006BFE70_3123BCE8) -> scalar(/WinDef.h/DWORD)	006C01DA:t1215 call_argument operand=3 target=006BFB90	ANALYSIS; direct=006BFB90	unattachable High lifetime is represented by the exact address-stable per-use boundary 006C01DA:t1215|006BFB90|3	exact call-boundary type is proven, but no same-width transparent p-code path reattaches that argument to one persistent HighSymbol; complete CALL-operand scan records an address-local source view only	neutralized	1	1
006BFE70	FUN_006bfe70	local_lifetime	local_8/mg0	pointer(pointer:/SubmarineTitans/Recovered/PointerShapes/RecoveredRecord_006BFE70_3123BCE8) -> scalar(/WinDef.h/DWORD)	006C03CB:t1968 call_argument operand=3 target=006BFB90	ANALYSIS; direct=006BFB90	unattachable High lifetime is represented by the exact address-stable per-use boundary 006C03CB:t1968|006BFB90|3	exact call-boundary type is proven, but no same-width transparent p-code path reattaches that argument to one persistent HighSymbol; complete CALL-operand scan records an address-local source view only	neutralized	1	1
006BFE70	FUN_006bfe70	local_lifetime	local_8/mg0	pointer(pointer:/SubmarineTitans/Recovered/PointerShapes/RecoveredRecord_006BFE70_3123BCE8) -> scalar(/WinDef.h/DWORD)	006C04D5:t2363 call_argument operand=3 target=006BFB90	ANALYSIS; direct=006BFB90	unattachable High lifetime is represented by the exact address-stable per-use boundary 006C04D5:t2363|006BFB90|3	exact call-boundary type is proven, but no same-width transparent p-code path reattaches that argument to one persistent HighSymbol; complete CALL-operand scan records an address-local source view only	neutralized	1	1
006BFE70	FUN_006bfe70	local_lifetime	local_8/mg0	pointer(pointer:/SubmarineTitans/Recovered/PointerShapes/RecoveredRecord_006BFE70_3123BCE8) -> scalar(/WinDef.h/DWORD)	006C0604:t2808 call_argument operand=3 target=006BFB90	ANALYSIS; direct=006BFB90	unattachable High lifetime is represented by the exact address-stable per-use boundary 006C0604:t2808|006BFB90|3	exact call-boundary type is proven, but no same-width transparent p-code path reattaches that argument to one persistent HighSymbol; complete CALL-operand scan records an address-local source view only	neutralized	1	1
006BFE70	FUN_006bfe70	local_lifetime	param_1/mg0	pointer(pointer:/SubmarineTitans/Recovered/PointerShapes/RecoveredRecord_006BFE70_3123BCE8) -> scalar(/WinDef.h/DWORD)	006C003B:t614 call_argument operand=3 target=006BFB90	ANALYSIS; direct=006BFB90	unattachable High lifetime is represented by the exact address-stable per-use boundary 006C003B:t614|006BFB90|3	exact call-boundary type is proven, but no same-width transparent p-code path reattaches that argument to one persistent HighSymbol; complete CALL-operand scan records an address-local source view only	neutralized	1	1
006BFE70		unattachable_call_argument_lifetime	generated per-use lifetime	anchors=006BFF61:t392,006C003B:t614,006C01DA:t1215,006C03CB:t1968,006C04D5:t2363,006C0604:t2808; target=006BFB90; operand=3; locals=local_8,param_1; transition=pointer:/SubmarineTitans/Recovered/PointerShapes/RecoveredRecord_006BFE70_3123BCE8 -> /WinDef.h/DWORD	verified by the matching Ghidra analyzer/export evidence	source audit kind=exact_machine_lifetime_call_view	exact source-only lifetime/view; Program ABI unchanged	Ghidra cannot persist this split without merging unrelated machine lifetimes	neutralized	1	1
006BFE70		unattachable_call_argument_lifetime	generated per-use lifetime	anchors=006BFF61:t392,006C003B:t614,006C01DA:t1215,006C03CB:t1968,006C04D5:t2363,006C0604:t2808; target=006BFB90; operand=3; locals=local_8,param_1; transition=pointer:/SubmarineTitans/Recovered/PointerShapes/RecoveredRecord_006BFE70_3123BCE8 -> /WinDef.h/DWORD	verified by the matching Ghidra analyzer/export evidence	source audit kind=exact_machine_lifetime_call_view	exact source-only lifetime/view; Program ABI unchanged	Ghidra cannot persist this split without merging unrelated machine lifetimes	neutralized	1	1
006BFE70		unattachable_call_argument_lifetime	generated per-use lifetime	anchors=006BFF61:t392,006C003B:t614,006C01DA:t1215,006C03CB:t1968,006C04D5:t2363,006C0604:t2808; target=006BFB90; operand=3; locals=local_8,param_1; transition=pointer:/SubmarineTitans/Recovered/PointerShapes/RecoveredRecord_006BFE70_3123BCE8 -> /WinDef.h/DWORD	verified by the matching Ghidra analyzer/export evidence	source audit kind=exact_machine_lifetime_call_view	exact source-only lifetime/view; Program ABI unchanged	Ghidra cannot persist this split without merging unrelated machine lifetimes	neutralized	1	1
006BFE70		unattachable_call_argument_lifetime	generated per-use lifetime	anchors=006BFF61:t392,006C003B:t614,006C01DA:t1215,006C03CB:t1968,006C04D5:t2363,006C0604:t2808; target=006BFB90; operand=3; locals=local_8,param_1; transition=pointer:/SubmarineTitans/Recovered/PointerShapes/RecoveredRecord_006BFE70_3123BCE8 -> /WinDef.h/DWORD	verified by the matching Ghidra analyzer/export evidence	source audit kind=exact_machine_lifetime_call_view	exact source-only lifetime/view; Program ABI unchanged	Ghidra cannot persist this split without merging unrelated machine lifetimes	neutralized	1	1
006BFE70		unattachable_call_argument_lifetime	generated per-use lifetime	anchors=006BFF61:t392,006C003B:t614,006C01DA:t1215,006C03CB:t1968,006C04D5:t2363,006C0604:t2808; target=006BFB90; operand=3; locals=local_8,param_1; transition=pointer:/SubmarineTitans/Recovered/PointerShapes/RecoveredRecord_006BFE70_3123BCE8 -> /WinDef.h/DWORD	verified by the matching Ghidra analyzer/export evidence	source audit kind=exact_machine_lifetime_call_view	exact source-only lifetime/view; Program ABI unchanged	Ghidra cannot persist this split without merging unrelated machine lifetimes	neutralized	1	1
006BFE70		unattachable_call_argument_lifetime	generated per-use lifetime	anchors=006BFF61:t392,006C003B:t614,006C01DA:t1215,006C03CB:t1968,006C04D5:t2363,006C0604:t2808; target=006BFB90; operand=3; locals=local_8,param_1; transition=pointer:/SubmarineTitans/Recovered/PointerShapes/RecoveredRecord_006BFE70_3123BCE8 -> /WinDef.h/DWORD	verified by the matching Ghidra analyzer/export evidence	source audit kind=exact_machine_lifetime_call_view	exact source-only lifetime/view; Program ABI unchanged	Ghidra cannot persist this split without merging unrelated machine lifetimes	neutralized	1	1
006C2460	FUN_006c2460	local_lifetime	param_2/mg0	scalar(/WinDef.h/DWORD) -> scalar(/WinDef.h/LPDWORD)	006C24B1:t177 call_argument operand=1 target=006D4930	ANALYSIS; direct=006D4930	retain neutral or current storage; require an exact per-use view	exact call-boundary type is proven, but no same-width transparent p-code path reattaches that argument to one persistent HighSymbol; complete CALL-operand scan records an address-local source view only	review	1	1
006C3720	FUN_006c3720	local_lifetime	WVar2/mg0	scalar(/WinDef.h/WPARAM) -> pointer(pointer:/SubmarineTitans/Recovered/PointerShapes/RecoveredSourceFamily_dvideo)	006C377B:t141 call_argument operand=0 target=006C4110	DEFAULT; direct=006C4110	unattachable High lifetime is represented by the exact address-stable per-use boundary 006C377B:t141|006C4110|0	exact call-boundary type is proven, but no same-width transparent p-code path reattaches that argument to one persistent HighSymbol; complete CALL-operand scan records an address-local source view only	neutralized	1	1
006C3720		unattachable_call_argument_lifetime	generated per-use lifetime	anchors=006C377B:t141; target=006C4110; operand=0; locals=WVar2; transition=/WinDef.h/WPARAM -> pointer:/SubmarineTitans/Recovered/PointerShapes/RecoveredSourceFamily_dvideo	verified by the matching Ghidra analyzer/export evidence	source audit kind=exact_machine_lifetime_call_view	exact source-only lifetime/view; Program ABI unchanged	Ghidra cannot persist this split without merging unrelated machine lifetimes	neutralized	1	1
006C8990	FUN_006c8990	local_lifetime	uVar10/mg1	scalar(/uint) -> scalar(/int)	006C8B59:t655 call_argument operand=0 target=00730610	DEFAULT; direct=00730610	retain neutral or current storage; require an exact per-use view	separate decompiler merge group; exact_type_votes=1; score=4; sources=[call_argument]; one-way call conversion alone is review-only; exact call-boundary type is proven, but no same-width transparent p-code path reattaches that argument to one persistent HighSymbol	review	1	1
006CFE10	FUN_006cfe10	local_lifetime	uVar3/mg0	scalar(/uint) -> scalar(/int)	006CFE3A:t101 signed_scalar_role operand=-1 target=	INT_SRIGHT	retain neutral or current storage; require an exact per-use view	separate decompiler merge group; exact_type_votes=1; score=4; sources=[scalar_arithmetic]; one-way call conversion alone is review-only	review	1	1
006D0020	FUN_006d0020	local_lifetime	hdc/mg0	scalar(/WinDef.h/HDC) -> scalar(/uint)	006D002F:t29 call_argument operand=0 target=006CE770	DEFAULT; direct=006CE770	retain neutral or current storage; require an exact per-use view	exact call-boundary type is proven, but no same-width transparent p-code path reattaches that argument to one persistent HighSymbol; complete CALL-operand scan records an address-local source view only	review	1	1
006D0020	FUN_006d0020	local_lifetime	pHVar2/mg0	scalar(/WinDef.h/HDC) -> unknown	006D0020:t663 typed_copy operand=0 target=	ANALYSIS	retain neutral or current storage; require an exact per-use view	incompatible exact lifetime types=[/WinDef.h/HDC, /int]	review	1	1
006D0020	FUN_006d0020	local_lifetime	pHVar2/mg0	scalar(/WinDef.h/HDC) -> scalar(/int)	006D00B5:t224 call_argument operand=0 target=006CE8C0	DEFAULT; direct=006CE8C0	retain neutral or current storage; require an exact per-use view	exact call-boundary type is proven, but no same-width transparent p-code path reattaches that argument to one persistent HighSymbol; complete CALL-operand scan records an address-local source view only	review	1	1
006D1610	FUN_006d1610	local_lifetime	param_3/mg0	pointer(pointer:/SubmarineTitans/Recovered/PointerShapes/RecoveredSourceFamily_dibcopy) -> scalar(/int)	006D162F:t61 call_argument operand=1 target=006CEA60	ANALYSIS; direct=006CEA60	unattachable High lifetime is represented by the exact address-stable per-use boundary 006D162F:t61|006CEA60|1	exact call-boundary type is proven, but no same-width transparent p-code path reattaches that argument to one persistent HighSymbol; complete CALL-operand scan records an address-local source view only	neutralized	1	1
006D1610	FUN_006d1610	local_lifetime	param_3/mg0	pointer(pointer:/SubmarineTitans/Recovered/PointerShapes/RecoveredSourceFamily_dibcopy) -> scalar(/int)	006D162F:t61 call_argument operand=3 target=006CEA60	ANALYSIS; direct=006CEA60	unattachable High lifetime is represented by the exact address-stable per-use boundary 006D162F:t61|006CEA60|3	exact call-boundary type is proven, but no same-width transparent p-code path reattaches that argument to one persistent HighSymbol; complete CALL-operand scan records an address-local source view only	neutralized	1	1
006D1610		unattachable_call_argument_lifetime	generated per-use lifetime	anchors=006D162F:t61; target=006CEA60; operand=1; locals=param_3; transition=pointer:/SubmarineTitans/Recovered/PointerShapes/RecoveredSourceFamily_dibcopy -> /int	verified by the matching Ghidra analyzer/export evidence	source audit kind=exact_machine_lifetime_call_view	exact source-only lifetime/view; Program ABI unchanged	Ghidra cannot persist this split without merging unrelated machine lifetimes	neutralized	1	1
006D1610		unattachable_call_argument_lifetime	generated per-use lifetime	anchors=006D162F:t61; target=006CEA60; operand=3; locals=param_3; transition=pointer:/SubmarineTitans/Recovered/PointerShapes/RecoveredSourceFamily_dibcopy -> /int	verified by the matching Ghidra analyzer/export evidence	source audit kind=exact_machine_lifetime_call_view	exact source-only lifetime/view; Program ABI unchanged	Ghidra cannot persist this split without merging unrelated machine lifetimes	neutralized	1	1
006D3300	FUN_006d3300	local_lifetime	uVar5/mg0	scalar(/uint) -> scalar(/int)	006D350A:t1116 signed_scalar_role operand=-1 target=	INT_SRIGHT	retain neutral or current storage; require an exact per-use view	separate decompiler merge group; exact_type_votes=1; score=4; sources=[scalar_arithmetic]; one-way call conversion alone is review-only	review	1	1
006D5260	FUN_006d5260	local_lifetime	pAVar1/mg0	pointer(pointer:/SubmarineTitans/Recovered/PointerShapes/AnonShape_00749A79_05F12707) -> unknown	006D52B0:t96 call_argument operand=0 target=00749A5E	DEFAULT; direct=00749A5E	retain neutral or current storage; require an exact per-use view	incompatible exact lifetime types=[/int, pointer:/SubmarineTitans/Recovered/PointerShapes/AnonShape_00749A79_05F12707]	review	1	1
006D5260	FUN_006d5260	local_lifetime	pAVar1/mg0	pointer(pointer:/SubmarineTitans/Recovered/PointerShapes/AnonShape_00749A79_05F12707) -> scalar(/int)	006D52B0:t96 call_argument operand=0 target=00749A5E	DEFAULT; direct=00749A5E	unattachable High lifetime is represented by the exact address-stable per-use boundary 006D52B0:t96|00749A5E|0	exact call-boundary type is proven, but no same-width transparent p-code path reattaches that argument to one persistent HighSymbol; complete CALL-operand scan records an address-local source view only	neutralized	1	1
006D5260	FUN_006d5260	local_lifetime	pAVar2/mg0	pointer(pointer:/SubmarineTitans/Recovered/PointerShapes/AnonShape_00749A79_05F12707) -> scalar(/int)	006D5297:t67 call_argument operand=0 target=00749A5E	DEFAULT; direct=00749A5E	unattachable High lifetime is represented by the exact address-stable per-use boundary 006D5297:t67|00749A5E|0	exact call-boundary type is proven, but no same-width transparent p-code path reattaches that argument to one persistent HighSymbol; complete CALL-operand scan records an address-local source view only	neutralized	1	1
006D5260		unattachable_call_argument_lifetime	generated per-use lifetime	anchors=006D5297:t67,006D52B0:t96; target=00749A5E; operand=0; locals=pAVar1,pAVar2; transition=pointer:/SubmarineTitans/Recovered/PointerShapes/AnonShape_00749A79_05F12707 -> /int	verified by the matching Ghidra analyzer/export evidence	source audit kind=exact_machine_lifetime_call_view	exact source-only lifetime/view; Program ABI unchanged	Ghidra cannot persist this split without merging unrelated machine lifetimes	neutralized	1	1
006D5260		unattachable_call_argument_lifetime	generated per-use lifetime	anchors=006D5297:t67,006D52B0:t96; target=00749A5E; operand=0; locals=pAVar1,pAVar2; transition=pointer:/SubmarineTitans/Recovered/PointerShapes/AnonShape_00749A79_05F12707 -> /int	verified by the matching Ghidra analyzer/export evidence	source audit kind=exact_machine_lifetime_call_view	exact source-only lifetime/view; Program ABI unchanged	Ghidra cannot persist this split without merging unrelated machine lifetimes	neutralized	1	1
006D54C0	FUN_006d54c0	local_lifetime	uVar5/mg0	scalar(/uint) -> scalar(/int)	006D5515:t125 signed_scalar_role operand=-1 target=	INT_SRIGHT	retain neutral or current storage; require an exact per-use view	separate decompiler merge group; exact_type_votes=1; score=4; sources=[scalar_arithmetic]; one-way call conversion alone is review-only	review	1	1
006D54C0	FUN_006d54c0	local_lifetime	uVar5/mg1	scalar(/uint) -> scalar(/int)	006D55BD:t277 signed_scalar_role operand=-1 target=	INT_SRIGHT	retain neutral or current storage; require an exact per-use view	separate decompiler merge group; exact_type_votes=1; score=4; sources=[scalar_arithmetic]; one-way call conversion alone is review-only	review	1	1
006D57F0	FUN_006d57f0	local_lifetime	this/mg0	pointer(pointer:/void) -> scalar(/int)	006D57F6:t10 call_argument operand=0 target=007485C5	DEFAULT; direct=007485C5	unattachable High lifetime is represented by the exact address-stable per-use boundary 006D57F6:t10|007485C5|0	exact call-boundary type is proven, but no same-width transparent p-code path reattaches that argument to one persistent HighSymbol; complete CALL-operand scan records an address-local source view only	neutralized	1	1
006D57F0		unattachable_call_argument_lifetime	generated per-use lifetime	anchors=006D57F6:t10; target=007485C5; operand=0; locals=this; transition=pointer:/void -> /int	verified by the matching Ghidra analyzer/export evidence	source audit kind=exact_machine_lifetime_call_view	exact source-only lifetime/view; Program ABI unchanged	Ghidra cannot persist this split without merging unrelated machine lifetimes	neutralized	1	1
006D5820	FUN_006d5820	local_lifetime	param_1/mg0	pointer(pointer:/SubmarineTitans/Recovered/PointerShapes/AnonShape_006D5820_330472AB) -> scalar(/int)	006D5844:t51 call_argument operand=0 target=0074862E	DEFAULT; direct=0074862E	unattachable High lifetime is represented by the exact address-stable per-use boundary 006D5844:t51|0074862E|0	exact call-boundary type is proven, but no same-width transparent p-code path reattaches that argument to one persistent HighSymbol; complete CALL-operand scan records an address-local source view only	neutralized	1	1
006D5820		unattachable_call_argument_lifetime	generated per-use lifetime	anchors=006D5844:t51; target=0074862E; operand=0; locals=param_1; transition=pointer:/SubmarineTitans/Recovered/PointerShapes/AnonShape_006D5820_330472AB -> /int	verified by the matching Ghidra analyzer/export evidence	source audit kind=exact_machine_lifetime_call_view	exact source-only lifetime/view; Program ABI unchanged	Ghidra cannot persist this split without merging unrelated machine lifetimes	neutralized	1	1
006D5DB0	FUN_006d5db0	local_lifetime	param_1/mg0	pointer(pointer:/undefined4) -> scalar(/int)	006D5DE3:t56 call_argument operand=0 target=00749091	DEFAULT; direct=00749091	unattachable High lifetime is represented by the exact address-stable per-use boundary 006D5DE3:t56|00749091|0	exact call-boundary type is proven, but no same-width transparent p-code path reattaches that argument to one persistent HighSymbol; complete CALL-operand scan records an address-local source view only	neutralized	1	1
006D5DB0		unattachable_call_argument_lifetime	generated per-use lifetime	anchors=006D5DE3:t56; target=00749091; operand=0; locals=param_1; transition=pointer:/undefined4 -> /int	verified by the matching Ghidra analyzer/export evidence	source audit kind=exact_machine_lifetime_call_view	exact source-only lifetime/view; Program ABI unchanged	Ghidra cannot persist this split without merging unrelated machine lifetimes	neutralized	1	1
006D5E50	FUN_006d5e50	local_lifetime	param_1/mg0	scalar(/int) -> pointer(pointer:/SubmarineTitans/Recovered/PointerShapes/AnonShape_00749106_79800343)	006D5EAE:t117 call_argument operand=0 target=00749106	DEFAULT; direct=00749106	unattachable High lifetime is represented by the exact address-stable per-use boundary 006D5EAE:t117|00749106|0	exact call-boundary type is proven, but no same-width transparent p-code path reattaches that argument to one persistent HighSymbol; complete CALL-operand scan records an address-local source view only	neutralized	1	1
006D5E50		unattachable_call_argument_lifetime	generated per-use lifetime	anchors=006D5EAE:t117; target=00749106; operand=0; locals=param_1; transition=/int -> pointer:/SubmarineTitans/Recovered/PointerShapes/AnonShape_00749106_79800343	verified by the matching Ghidra analyzer/export evidence	source audit kind=exact_machine_lifetime_call_view	exact source-only lifetime/view; Program ABI unchanged	Ghidra cannot persist this split without merging unrelated machine lifetimes	neutralized	1	1
006D71D0	FUN_006d71d0	local_lifetime	this/mg0	pointer(pointer:/void) -> scalar(/int)	006D7212:t100 call_argument operand=2 target=0074CDC5	DEFAULT; direct=0074CDC5	unattachable High lifetime is represented by the exact address-stable per-use boundary 006D7212:t100|0074CDC5|2	exact call-boundary type is proven, but no same-width transparent p-code path reattaches that argument to one persistent HighSymbol; complete CALL-operand scan records an address-local source view only	neutralized	1	1
006D71D0	FUN_006d71d0	local_lifetime	this/mg0	pointer(pointer:/void) -> scalar(/int)	006D7273:t190 call_argument operand=2 target=0074CFC0	DEFAULT; direct=0074CFC0	unattachable High lifetime is represented by the exact address-stable per-use boundary 006D7273:t190|0074CFC0|2	exact call-boundary type is proven, but no same-width transparent p-code path reattaches that argument to one persistent HighSymbol; complete CALL-operand scan records an address-local source view only	neutralized	1	1
006D71D0		unattachable_call_argument_lifetime	generated per-use lifetime	anchors=006D7212:t100; target=0074CDC5; operand=2; locals=this; transition=pointer:/void -> /int	verified by the matching Ghidra analyzer/export evidence	source audit kind=exact_machine_lifetime_call_view	exact source-only lifetime/view; Program ABI unchanged	Ghidra cannot persist this split without merging unrelated machine lifetimes	neutralized	1	1
006D71D0		unattachable_call_argument_lifetime	generated per-use lifetime	anchors=006D7273:t190; target=0074CFC0; operand=2; locals=this; transition=pointer:/void -> /int	verified by the matching Ghidra analyzer/export evidence	source audit kind=exact_machine_lifetime_call_view	exact source-only lifetime/view; Program ABI unchanged	Ghidra cannot persist this split without merging unrelated machine lifetimes	neutralized	1	1
006D7350	FUN_006d7350	local_lifetime	this/mg0	pointer(pointer:/void) -> scalar(/int)	006D7356:t10 call_argument operand=0 target=007485C5	DEFAULT; direct=007485C5	unattachable High lifetime is represented by the exact address-stable per-use boundary 006D7356:t10|007485C5|0	exact call-boundary type is proven, but no same-width transparent p-code path reattaches that argument to one persistent HighSymbol; complete CALL-operand scan records an address-local source view only	neutralized	1	1
006D7350		unattachable_call_argument_lifetime	generated per-use lifetime	anchors=006D7356:t10; target=007485C5; operand=0; locals=this; transition=pointer:/void -> /int	verified by the matching Ghidra analyzer/export evidence	source audit kind=exact_machine_lifetime_call_view	exact source-only lifetime/view; Program ABI unchanged	Ghidra cannot persist this split without merging unrelated machine lifetimes	neutralized	1	1
006D7D9A	FUN_006d7d9a	local_lifetime	local_36/mg0	scalar(/undefined4) -> scalar(/int)	006D7F83:t741 signed_scalar_role operand=1 target=	INT_SLESSEQUAL	retain neutral or current storage; require an exact per-use view	single undefined local lifetime; exact_type_votes=1; score=4; sources=[scalar_arithmetic]; one-way call conversion alone is review-only	review	1	1
006D8A60	FUN_006d8a60	local_lifetime	uVar15/mg12	scalar(/uint) -> unknown	006D8FBA:t3209 signed_scalar_role operand=-1 target=	INT_SRIGHT	retain neutral or current storage; require an exact per-use view	incompatible exact lifetime types=[/int, /uint]	review	1	1
006D8A60	FUN_006d8a60	local_lifetime	uVar15/mg2	scalar(/uint) -> unknown	006D976E:t7310 signed_scalar_role operand=-1 target=	INT_SRIGHT	retain neutral or current storage; require an exact per-use view	incompatible exact lifetime types=[/int, /uint]	review	1	1
006DDD50		pointer_float_lifetime	generated per-use lifetime	exact low-word aggregate piece -> pointer storage RecursiveNode_ST3DSMAPContext_0140_DDDC9F89 *	verified by the matching Ghidra analyzer/export evidence	source audit kind=exact_pointer_float_storage_view	exact source-only lifetime/view; Program ABI unchanged	Ghidra cannot persist this split without merging unrelated machine lifetimes	neutralized	1	1
006E1460	ST3DSMAPContext::sub_006E1460	local_lifetime	local_24/mg0	scalar(/undefined8) -> floating(/double)	006E16C2:t3581 floating_value_role operand=-1 target=	FLOAT_SUB	persistent High lifetime already carries the proposed domain	single undefined local lifetime; exact_type_votes=1; score=12; sources=[floating_role]	resolved	1	1
006E1460	ST3DSMAPContext::sub_006E1460	local_lifetime	local_3c/mg0	scalar(/undefined8) -> floating(/double)	006E170A:t3579 floating_value_role operand=-1 target=	FLOAT_ADD	persistent High lifetime already carries the proposed domain	single undefined local lifetime; exact_type_votes=1; score=12; sources=[floating_role]	resolved	1	1
006E1460	ST3DSMAPContext::sub_006E1460	local_lifetime	local_74/mg0	scalar(/undefined8) -> floating(/double)	006E17D1:t3608 floating_value_role operand=-1 target=	FLOAT_SUB	persistent High lifetime already carries the proposed domain	single undefined local lifetime; exact_type_votes=1; score=12; sources=[floating_role]	resolved	1	1
006E1460	ST3DSMAPContext::sub_006E1460	local_lifetime	local_84/mg0	scalar(/undefined8) -> floating(/double)	006E177A:t3603 floating_value_role operand=-1 target=	FLOAT_ADD	persistent High lifetime already carries the proposed domain	single undefined local lifetime; exact_type_votes=1; score=12; sources=[floating_role]	resolved	1	1
006E1460	ST3DSMAPContext::sub_006E1460	local_lifetime	uVar5/mg0	scalar(/uint) -> scalar(/int)	006E15AE:t5063 signed_scalar_role operand=-1 target=	INT_SRIGHT	retain neutral or current storage; require an exact per-use view	separate decompiler merge group; exact_type_votes=1; score=4; sources=[scalar_arithmetic]; one-way call conversion alone is review-only	review	1	1
006E56B0	StartSystemTy::sub_006E56B0	local_lifetime	uVar2/mg0	scalar(/uint) -> scalar(/int)	006E570F:t123 call_argument operand=1 target=006E3970	DEFAULT; direct=006E3970	retain neutral or current storage; require an exact per-use view	separate decompiler merge group; exact_type_votes=1; score=4; sources=[call_argument]; one-way call conversion alone is review-only; exact call-boundary type is proven, but no same-width transparent p-code path reattaches that argument to one persistent HighSymbol	review	1	1
006F6330	FUN_006f6330	local_lifetime	uVar8/mg0	scalar(/uint) -> scalar(/int)	006F638D:t170 signed_scalar_role operand=-1 target=	INT_SRIGHT	retain neutral or current storage; require an exact per-use view	separate decompiler merge group; exact_type_votes=1; score=4; sources=[scalar_arithmetic]; one-way call conversion alone is review-only	review	1	1
006F66C0	FUN_006f66c0	local_lifetime	uVar8/mg0	scalar(/uint) -> scalar(/int)	006F671D:t170 signed_scalar_role operand=-1 target=	INT_SRIGHT	retain neutral or current storage; require an exact per-use view	separate decompiler merge group; exact_type_votes=1; score=4; sources=[scalar_arithmetic]; one-way call conversion alone is review-only	review	1	1
006F6AE0	FUN_006f6ae0	local_lifetime	uVar7/mg0	scalar(/uint) -> scalar(/int)	006F6B3D:t170 signed_scalar_role operand=-1 target=	INT_SRIGHT	retain neutral or current storage; require an exact per-use view	separate decompiler merge group; exact_type_votes=1; score=4; sources=[scalar_arithmetic]; one-way call conversion alone is review-only	review	1	1
006F6EA0	FUN_006f6ea0	local_lifetime	uVar7/mg0	scalar(/uint) -> scalar(/int)	006F6EFD:t170 signed_scalar_role operand=-1 target=	INT_SRIGHT	retain neutral or current storage; require an exact per-use view	separate decompiler merge group; exact_type_votes=1; score=4; sources=[scalar_arithmetic]; one-way call conversion alone is review-only	review	1	1
006F81D0	FUN_006f81d0	local_lifetime	uVar7/mg0	scalar(/uint) -> scalar(/int)	006F822B:t164 signed_scalar_role operand=-1 target=	INT_SRIGHT	retain neutral or current storage; require an exact per-use view	separate decompiler merge group; exact_type_votes=1; score=4; sources=[scalar_arithmetic]; one-way call conversion alone is review-only	review	1	1
006FBD40	FUN_006fbd40	local_lifetime	uVar5/mg3	scalar(/uint) -> unknown	006FBDF0:t302 signed_scalar_role operand=-1 target=	INT_SRIGHT	retain neutral or current storage; require an exact per-use view	incompatible exact lifetime types=[/int, /uint]	review	1	1
006FC3E0	FUN_006fc3e0	local_lifetime	uVar7/mg3	scalar(/uint) -> unknown	006FC487:t293 signed_scalar_role operand=-1 target=	INT_SRIGHT	retain neutral or current storage; require an exact per-use view	incompatible exact lifetime types=[/int, /uint]	review	1	1
006FCB30	FUN_006fcb30	local_lifetime	uVar5/mg3	scalar(/uint) -> unknown	006FCBEC:t343 signed_scalar_role operand=-1 target=	INT_SRIGHT	retain neutral or current storage; require an exact per-use view	incompatible exact lifetime types=[/int, /uint]	review	1	1
006FD430	FUN_006fd430	local_lifetime	uVar6/mg3	scalar(/uint) -> unknown	006FD4EC:t343 signed_scalar_role operand=-1 target=	INT_SRIGHT	retain neutral or current storage; require an exact per-use view	incompatible exact lifetime types=[/int, /uint]	review	1	1
006FDEA0	FUN_006fdea0	local_lifetime	uVar4/mg3	scalar(/uint) -> unknown	006FDF50:t302 signed_scalar_role operand=-1 target=	INT_SRIGHT	retain neutral or current storage; require an exact per-use view	incompatible exact lifetime types=[/int, /uint]	review	1	1
006FE570	FUN_006fe570	local_lifetime	uVar9/mg3	scalar(/uint) -> unknown	006FE620:t302 signed_scalar_role operand=-1 target=	INT_SRIGHT	retain neutral or current storage; require an exact per-use view	incompatible exact lifetime types=[/int, /uint]	review	1	1
006FED50	FUN_006fed50	local_lifetime	uVar6/mg3	scalar(/uint) -> unknown	006FEE0C:t343 signed_scalar_role operand=-1 target=	INT_SRIGHT	retain neutral or current storage; require an exact per-use view	incompatible exact lifetime types=[/int, /uint]	review	1	1
006FF690	FUN_006ff690	local_lifetime	uVar8/mg3	scalar(/uint) -> unknown	006FF74C:t343 signed_scalar_role operand=-1 target=	INT_SRIGHT	retain neutral or current storage; require an exact per-use view	incompatible exact lifetime types=[/int, /uint]	review	1	1
00703D40	FUN_00703d40	local_lifetime	uVar4/mg3	scalar(/uint) -> unknown	00703DF0:t302 signed_scalar_role operand=-1 target=	INT_SRIGHT	retain neutral or current storage; require an exact per-use view	incompatible exact lifetime types=[/int, /uint]	review	1	1
00704460	FUN_00704460	local_lifetime	uVar5/mg3	scalar(/uint) -> unknown	0070451C:t343 signed_scalar_role operand=-1 target=	INT_SRIGHT	retain neutral or current storage; require an exact per-use view	incompatible exact lifetime types=[/int, /uint]	review	1	1
00709670		incoming_parameter_slot_lifetime	generated per-use lifetime	_param_4: byte[1] -> int x86 stack slot	verified by the matching Ghidra analyzer/export evidence	source audit kind=promoted_parameter_slot_materialization	exact source-only lifetime/view; Program ABI unchanged	Ghidra cannot persist this split without merging unrelated machine lifetimes	neutralized	1	1
0070CB20	FUN_0070cb20	local_lifetime	uVar2/mg2	scalar(/uint) -> scalar(/int)	0070CCCA:t741 signed_scalar_role operand=-1 target=	INT_SDIV	retain neutral or current storage; require an exact per-use view	separate decompiler merge group; exact_type_votes=1; score=4; sources=[scalar_arithmetic]; one-way call conversion alone is review-only	review	1	1
00717970	FUN_00717970	local_lifetime	uVar8/mg1	scalar(/uint) -> unknown	00717F77:t1853 signed_scalar_role operand=-1 target=	INT_SRIGHT	retain neutral or current storage; require an exact per-use view	incompatible exact lifetime types=[/int, /uint]	review	1	1
00719560	FUN_00719560	return_abi	EAX/x87 return	scalar(/undefined4) -> scalar(/bool)	all reachable callee return paths	all explicit return values are constants in {0,1}, but the source domain alone does not prove the x86 ABI return width; review STAbiConsistencyAnalyzer evidence: [1, 1, 0]	retain current machine-width return pending strict ABI proof	all explicit return values are constants in {0,1}, but the source domain alone does not prove the x86 ABI return width; review STAbiConsistencyAnalyzer evidence: [1, 1, 0]	review	1	1
00719960	FUN_00719960	local_lifetime	param_1/mg0	pointer(pointer:/mmsystem.h/MCIDEVICEID) -> scalar(/basetsd.h/DWORD_PTR)	007199C9:t148 call_argument operand=0 target=00719C60	ANALYSIS; direct=00719C60	unattachable High lifetime is represented by the exact address-stable per-use boundary 007199C9:t148|00719C60|0	exact call-boundary type is proven, but no same-width transparent p-code path reattaches that argument to one persistent HighSymbol; complete CALL-operand scan records an address-local source view only	neutralized	1	1
00719960	FUN_00719960	return_abi	EAX/x87 return	scalar(/undefined4) -> scalar(/bool)	all reachable callee return paths	all explicit return values are constants in {0,1}, but the source domain alone does not prove the x86 ABI return width; review STAbiConsistencyAnalyzer evidence: [1, 1, 1, 0]	retain current machine-width return pending strict ABI proof	all explicit return values are constants in {0,1}, but the source domain alone does not prove the x86 ABI return width; review STAbiConsistencyAnalyzer evidence: [1, 1, 1, 0]	review	1	1
00719960		unattachable_call_argument_lifetime	generated per-use lifetime	anchors=007199C9:t148; target=00719C60; operand=0; locals=param_1; transition=pointer:/mmsystem.h/MCIDEVICEID -> /basetsd.h/DWORD_PTR	verified by the matching Ghidra analyzer/export evidence	source audit kind=exact_machine_lifetime_call_view	exact source-only lifetime/view; Program ABI unchanged	Ghidra cannot persist this split without merging unrelated machine lifetimes	neutralized	1	1
00719BB0	FUN_00719bb0	local_lifetime	param_1/mg0	pointer(pointer:/mmsystem.h/MCIDEVICEID) -> scalar(/basetsd.h/DWORD_PTR)	00719C3B:t155 call_argument operand=0 target=00719560	ANALYSIS; direct=00719560	unattachable High lifetime is represented by the exact address-stable per-use boundary 00719C3B:t155|00719560|0	exact call-boundary type is proven, but no same-width transparent p-code path reattaches that argument to one persistent HighSymbol; complete CALL-operand scan records an address-local source view only	neutralized	1	1
00719BB0	FUN_00719bb0	local_lifetime	param_1/mg0	pointer(pointer:/mmsystem.h/MCIDEVICEID) -> scalar(/basetsd.h/DWORD_PTR)	00719C41:t161 call_argument operand=0 target=00719C60	ANALYSIS; direct=00719C60	unattachable High lifetime is represented by the exact address-stable per-use boundary 00719C41:t161|00719C60|0	exact call-boundary type is proven, but no same-width transparent p-code path reattaches that argument to one persistent HighSymbol; complete CALL-operand scan records an address-local source view only	neutralized	1	1
00719BB0		unattachable_call_argument_lifetime	generated per-use lifetime	anchors=00719C3B:t155; target=00719560; operand=0; locals=param_1; transition=pointer:/mmsystem.h/MCIDEVICEID -> /basetsd.h/DWORD_PTR	verified by the matching Ghidra analyzer/export evidence	source audit kind=exact_machine_lifetime_call_view	exact source-only lifetime/view; Program ABI unchanged	Ghidra cannot persist this split without merging unrelated machine lifetimes	neutralized	1	1
00719BB0		unattachable_call_argument_lifetime	generated per-use lifetime	anchors=00719C41:t161; target=00719C60; operand=0; locals=param_1; transition=pointer:/mmsystem.h/MCIDEVICEID -> /basetsd.h/DWORD_PTR	verified by the matching Ghidra analyzer/export evidence	source audit kind=exact_machine_lifetime_call_view	exact source-only lifetime/view; Program ABI unchanged	Ghidra cannot persist this split without merging unrelated machine lifetimes	neutralized	1	1
00719C90	FUN_00719c90	local_lifetime	param_2/mg0	pointer(pointer:/mmsystem.h/MCIDEVICEID) -> scalar(/basetsd.h/DWORD_PTR)	00719CA3:t36 call_argument operand=0 target=00719C60	ANALYSIS; direct=00719C60	unattachable High lifetime is represented by the exact address-stable per-use boundary 00719CA3:t36|00719C60|0	exact call-boundary type is proven, but no same-width transparent p-code path reattaches that argument to one persistent HighSymbol; complete CALL-operand scan records an address-local source view only	neutralized	1	1
00719C90		unattachable_call_argument_lifetime	generated per-use lifetime	anchors=00719CA3:t36; target=00719C60; operand=0; locals=param_2; transition=pointer:/mmsystem.h/MCIDEVICEID -> /basetsd.h/DWORD_PTR	verified by the matching Ghidra analyzer/export evidence	source audit kind=exact_machine_lifetime_call_view	exact source-only lifetime/view; Program ABI unchanged	Ghidra cannot persist this split without merging unrelated machine lifetimes	neutralized	1	1
00727230	FUN_00727230	local_lifetime	bVar16/mg0	scalar(/bool) -> unknown	00727747:t3369 boolean_scalar_role operand=-1 target=	INT_CARRY	retain neutral or current storage; require an exact per-use view	incompatible exact lifetime types=[/bool, /byte]	review	1	1
00727230	FUN_00727230	local_lifetime	bVar16/mg1	scalar(/bool) -> unknown	0072775C:t3426 boolean_scalar_role operand=-1 target=	INT_CARRY	retain neutral or current storage; require an exact per-use view	incompatible exact lifetime types=[/bool, /byte]	review	1	1
00727230	FUN_00727230	local_lifetime	bVar16/mg10	scalar(/bool) -> unknown	00727822:t3948 boolean_scalar_role operand=-1 target=	INT_CARRY	retain neutral or current storage; require an exact per-use view	incompatible exact lifetime types=[/bool, /byte]	review	1	1
00727230	FUN_00727230	local_lifetime	bVar16/mg11	scalar(/bool) -> unknown	00727838:t4006 boolean_scalar_role operand=-1 target=	INT_CARRY	retain neutral or current storage; require an exact per-use view	incompatible exact lifetime types=[/bool, /byte]	review	1	1
00727230	FUN_00727230	local_lifetime	bVar16/mg12	scalar(/bool) -> unknown	0072784E:t4064 boolean_scalar_role operand=-1 target=	INT_CARRY	retain neutral or current storage; require an exact per-use view	incompatible exact lifetime types=[/bool, /byte]	review	1	1
00727230	FUN_00727230	local_lifetime	bVar16/mg13	scalar(/bool) -> unknown	00727864:t4122 boolean_scalar_role operand=-1 target=	INT_CARRY	retain neutral or current storage; require an exact per-use view	incompatible exact lifetime types=[/bool, /byte]	review	1	1
00727230	FUN_00727230	local_lifetime	bVar16/mg14	scalar(/bool) -> unknown	0072787A:t4180 boolean_scalar_role operand=-1 target=	INT_CARRY	retain neutral or current storage; require an exact per-use view	incompatible exact lifetime types=[/bool, /byte]	review	1	1
00727230	FUN_00727230	local_lifetime	bVar16/mg16	scalar(/bool) -> unknown	007278B0:t4274 boolean_scalar_role operand=-1 target=	INT_CARRY	retain neutral or current storage; require an exact per-use view	incompatible exact lifetime types=[/bool, /byte]	review	1	1
00727230	FUN_00727230	local_lifetime	bVar16/mg18	scalar(/bool) -> unknown	007273B0:t802 boolean_scalar_role operand=-1 target=	INT_CARRY	retain neutral or current storage; require an exact per-use view	incompatible exact lifetime types=[/bool, /byte]	review	1	1
00727230	FUN_00727230	local_lifetime	bVar16/mg19	scalar(/bool) -> unknown	007273C5:t859 boolean_scalar_role operand=-1 target=	INT_CARRY	retain neutral or current storage; require an exact per-use view	incompatible exact lifetime types=[/bool, /byte]	review	1	1
00727230	FUN_00727230	local_lifetime	bVar16/mg2	scalar(/bool) -> unknown	00727772:t3484 boolean_scalar_role operand=-1 target=	INT_CARRY	retain neutral or current storage; require an exact per-use view	incompatible exact lifetime types=[/bool, /byte]	review	1	1
00727230	FUN_00727230	local_lifetime	bVar16/mg20	scalar(/bool) -> unknown	007273DB:t917 boolean_scalar_role operand=-1 target=	INT_CARRY	retain neutral or current storage; require an exact per-use view	incompatible exact lifetime types=[/bool, /byte]	review	1	1
00727230	FUN_00727230	local_lifetime	bVar16/mg21	scalar(/bool) -> unknown	007273F1:t975 boolean_scalar_role operand=-1 target=	INT_CARRY	retain neutral or current storage; require an exact per-use view	incompatible exact lifetime types=[/bool, /byte]	review	1	1
00727230	FUN_00727230	local_lifetime	bVar16/mg22	scalar(/bool) -> unknown	00727407:t1033 boolean_scalar_role operand=-1 target=	INT_CARRY	retain neutral or current storage; require an exact per-use view	incompatible exact lifetime types=[/bool, /byte]	review	1	1
00727230	FUN_00727230	local_lifetime	bVar16/mg23	scalar(/bool) -> unknown	0072741D:t1091 boolean_scalar_role operand=-1 target=	INT_CARRY	retain neutral or current storage; require an exact per-use view	incompatible exact lifetime types=[/bool, /byte]	review	1	1
00727230	FUN_00727230	local_lifetime	bVar16/mg24	scalar(/bool) -> unknown	00727433:t1149 boolean_scalar_role operand=-1 target=	INT_CARRY	retain neutral or current storage; require an exact per-use view	incompatible exact lifetime types=[/bool, /byte]	review	1	1
00727230	FUN_00727230	local_lifetime	bVar16/mg25	scalar(/bool) -> unknown	00727449:t1207 boolean_scalar_role operand=-1 target=	INT_CARRY	retain neutral or current storage; require an exact per-use view	incompatible exact lifetime types=[/bool, /byte]	review	1	1
00727230	FUN_00727230	local_lifetime	bVar16/mg26	scalar(/bool) -> unknown	0072745F:t1265 boolean_scalar_role operand=-1 target=	INT_CARRY	retain neutral or current storage; require an exact per-use view	incompatible exact lifetime types=[/bool, /byte]	review	1	1
00727230	FUN_00727230	local_lifetime	bVar16/mg27	scalar(/bool) -> unknown	00727475:t1323 boolean_scalar_role operand=-1 target=	INT_CARRY	retain neutral or current storage; require an exact per-use view	incompatible exact lifetime types=[/bool, /byte]	review	1	1
00727230	FUN_00727230	local_lifetime	bVar16/mg28	scalar(/bool) -> unknown	0072748B:t1381 boolean_scalar_role operand=-1 target=	INT_CARRY	retain neutral or current storage; require an exact per-use view	incompatible exact lifetime types=[/bool, /byte]	review	1	1
00727230	FUN_00727230	local_lifetime	bVar16/mg29	scalar(/bool) -> unknown	007274A1:t1439 boolean_scalar_role operand=-1 target=	INT_CARRY	retain neutral or current storage; require an exact per-use view	incompatible exact lifetime types=[/bool, /byte]	review	1	1
00727230	FUN_00727230	local_lifetime	bVar16/mg3	scalar(/bool) -> unknown	00727788:t3542 boolean_scalar_role operand=-1 target=	INT_CARRY	retain neutral or current storage; require an exact per-use view	incompatible exact lifetime types=[/bool, /byte]	review	1	1
00727230	FUN_00727230	local_lifetime	bVar16/mg30	scalar(/bool) -> unknown	007274B7:t1497 boolean_scalar_role operand=-1 target=	INT_CARRY	retain neutral or current storage; require an exact per-use view	incompatible exact lifetime types=[/bool, /byte]	review	1	1
00727230	FUN_00727230	local_lifetime	bVar16/mg31	scalar(/bool) -> unknown	007274CD:t1555 boolean_scalar_role operand=-1 target=	INT_CARRY	retain neutral or current storage; require an exact per-use view	incompatible exact lifetime types=[/bool, /byte]	review	1	1
00727230	FUN_00727230	local_lifetime	bVar16/mg32	scalar(/bool) -> unknown	007274E3:t1613 boolean_scalar_role operand=-1 target=	INT_CARRY	retain neutral or current storage; require an exact per-use view	incompatible exact lifetime types=[/bool, /byte]	review	1	1
00727230	FUN_00727230	local_lifetime	bVar16/mg33	scalar(/bool) -> unknown	0072753F:t1774 boolean_scalar_role operand=-1 target=	INT_CARRY	retain neutral or current storage; require an exact per-use view	incompatible exact lifetime types=[/bool, /byte]	review	1	1
00727230	FUN_00727230	local_lifetime	bVar16/mg34	scalar(/bool) -> unknown	00727554:t1831 boolean_scalar_role operand=-1 target=	INT_CARRY	retain neutral or current storage; require an exact per-use view	incompatible exact lifetime types=[/bool, /byte]	review	1	1
00727230	FUN_00727230	local_lifetime	bVar16/mg35	scalar(/bool) -> unknown	0072756A:t1889 boolean_scalar_role operand=-1 target=	INT_CARRY	retain neutral or current storage; require an exact per-use view	incompatible exact lifetime types=[/bool, /byte]	review	1	1
00727230	FUN_00727230	local_lifetime	bVar16/mg36	scalar(/bool) -> unknown	00727580:t1947 boolean_scalar_role operand=-1 target=	INT_CARRY	retain neutral or current storage; require an exact per-use view	incompatible exact lifetime types=[/bool, /byte]	review	1	1
00727230	FUN_00727230	local_lifetime	bVar16/mg37	scalar(/bool) -> unknown	00727596:t2005 boolean_scalar_role operand=-1 target=	INT_CARRY	retain neutral or current storage; require an exact per-use view	incompatible exact lifetime types=[/bool, /byte]	review	1	1
00727230	FUN_00727230	local_lifetime	bVar16/mg38	scalar(/bool) -> unknown	007275AC:t2063 boolean_scalar_role operand=-1 target=	INT_CARRY	retain neutral or current storage; require an exact per-use view	incompatible exact lifetime types=[/bool, /byte]	review	1	1
00727230	FUN_00727230	local_lifetime	bVar16/mg39	scalar(/bool) -> unknown	007275C2:t2121 boolean_scalar_role operand=-1 target=	INT_CARRY	retain neutral or current storage; require an exact per-use view	incompatible exact lifetime types=[/bool, /byte]	review	1	1
00727230	FUN_00727230	local_lifetime	bVar16/mg4	scalar(/bool) -> unknown	0072779E:t3600 boolean_scalar_role operand=-1 target=	INT_CARRY	retain neutral or current storage; require an exact per-use view	incompatible exact lifetime types=[/bool, /byte]	review	1	1
00727230	FUN_00727230	local_lifetime	bVar16/mg41	scalar(/bool) -> unknown	007275F0:t2203 boolean_scalar_role operand=-1 target=	INT_CARRY	retain neutral or current storage; require an exact per-use view	incompatible exact lifetime types=[/bool, /byte]	review	1	1
00727230	FUN_00727230	local_lifetime	bVar16/mg5	scalar(/bool) -> unknown	007277B4:t3658 boolean_scalar_role operand=-1 target=	INT_CARRY	retain neutral or current storage; require an exact per-use view	incompatible exact lifetime types=[/bool, /byte]	review	1	1
00727230	FUN_00727230	local_lifetime	bVar16/mg6	scalar(/bool) -> unknown	007277CA:t3716 boolean_scalar_role operand=-1 target=	INT_CARRY	retain neutral or current storage; require an exact per-use view	incompatible exact lifetime types=[/bool, /byte]	review	1	1
00727230	FUN_00727230	local_lifetime	bVar16/mg7	scalar(/bool) -> unknown	007277E0:t3774 boolean_scalar_role operand=-1 target=	INT_CARRY	retain neutral or current storage; require an exact per-use view	incompatible exact lifetime types=[/bool, /byte]	review	1	1
00727230	FUN_00727230	local_lifetime	bVar16/mg8	scalar(/bool) -> unknown	007277F6:t3832 boolean_scalar_role operand=-1 target=	INT_CARRY	retain neutral or current storage; require an exact per-use view	incompatible exact lifetime types=[/bool, /byte]	review	1	1
00727230	FUN_00727230	local_lifetime	bVar16/mg9	scalar(/bool) -> unknown	0072780C:t3890 boolean_scalar_role operand=-1 target=	INT_CARRY	retain neutral or current storage; require an exact per-use view	incompatible exact lifetime types=[/bool, /byte]	review	1	1
00727230	FUN_00727230	local_lifetime	bVar17/mg0	scalar(/bool) -> unknown	007278BA:t4300 boolean_scalar_role operand=-1 target=	INT_CARRY	retain neutral or current storage; require an exact per-use view	incompatible exact lifetime types=[/bool, /byte]	review	1	1
00727230	FUN_00727230	local_lifetime	bVar17/mg1	scalar(/bool) -> unknown	007275FB:t2237 boolean_scalar_role operand=-1 target=	INT_CARRY	retain neutral or current storage; require an exact per-use view	incompatible exact lifetime types=[/bool, /byte]	review	1	1
007297E0		incoming_parameter_slot_lifetime	generated per-use lifetime	_param_7: byte[1] -> int x86 stack slot	verified by the matching Ghidra analyzer/export evidence	source audit kind=promoted_parameter_slot_materialization	exact source-only lifetime/view; Program ABI unchanged	Ghidra cannot persist this split without merging unrelated machine lifetimes	neutralized	1	1
0072B0B0	FUN_0072b0b0	local_lifetime	local_20/mg0	pointer(pointer:/SubmarineTitans/Recovered/PointerShapes/RecoveredSourceFamily_dibcopy) -> scalar(/int)	0072B132:t175 call_argument operand=1 target=006CEA60	ANALYSIS; direct=006CEA60	unattachable High lifetime is represented by the exact address-stable per-use boundary 0072B132:t175|006CEA60|1	exact call-boundary type is proven, but no same-width transparent p-code path reattaches that argument to one persistent HighSymbol; complete CALL-operand scan records an address-local source view only	neutralized	1	1
0072B0B0	FUN_0072b0b0	local_lifetime	local_20/mg0	pointer(pointer:/SubmarineTitans/Recovered/PointerShapes/RecoveredSourceFamily_dibcopy) -> scalar(/int)	0072B298:t589 call_argument operand=3 target=006CEA60	ANALYSIS; direct=006CEA60	unattachable High lifetime is represented by the exact address-stable per-use boundary 0072B298:t589|006CEA60|3	exact call-boundary type is proven, but no same-width transparent p-code path reattaches that argument to one persistent HighSymbol; complete CALL-operand scan records an address-local source view only	neutralized	1	1
0072B0B0	FUN_0072b0b0	local_lifetime	local_20/mg0	pointer(pointer:/SubmarineTitans/Recovered/PointerShapes/RecoveredSourceFamily_dibcopy) -> scalar(/int)	0072B4F0:t1800 call_argument operand=3 target=006CEA60	ANALYSIS; direct=006CEA60	unattachable High lifetime is represented by the exact address-stable per-use boundary 0072B4F0:t1800|006CEA60|3	exact call-boundary type is proven, but no same-width transparent p-code path reattaches that argument to one persistent HighSymbol; complete CALL-operand scan records an address-local source view only	neutralized	1	1
0072B0B0	FUN_0072b0b0	local_lifetime	local_20/mg0	pointer(pointer:/SubmarineTitans/Recovered/PointerShapes/RecoveredSourceFamily_dibcopy) -> scalar(/int)	0072B65F:t1329 call_argument operand=3 target=006CEA60	ANALYSIS; direct=006CEA60	unattachable High lifetime is represented by the exact address-stable per-use boundary 0072B65F:t1329|006CEA60|3	exact call-boundary type is proven, but no same-width transparent p-code path reattaches that argument to one persistent HighSymbol; complete CALL-operand scan records an address-local source view only	neutralized	1	1
0072B0B0		unattachable_call_argument_lifetime	generated per-use lifetime	anchors=0072B132:t175; target=006CEA60; operand=1; locals=local_20; transition=pointer:/SubmarineTitans/Recovered/PointerShapes/RecoveredSourceFamily_dibcopy -> /int	verified by the matching Ghidra analyzer/export evidence	source audit kind=exact_machine_lifetime_call_view	exact source-only lifetime/view; Program ABI unchanged	Ghidra cannot persist this split without merging unrelated machine lifetimes	neutralized	1	1
0072B0B0		unattachable_call_argument_lifetime	generated per-use lifetime	anchors=0072B298:t589,0072B4F0:t1800,0072B65F:t1329; target=006CEA60; operand=3; locals=local_20; transition=pointer:/SubmarineTitans/Recovered/PointerShapes/RecoveredSourceFamily_dibcopy -> /int	verified by the matching Ghidra analyzer/export evidence	source audit kind=exact_machine_lifetime_call_view	exact source-only lifetime/view; Program ABI unchanged	Ghidra cannot persist this split without merging unrelated machine lifetimes	neutralized	1	1
0072B0B0		unattachable_call_argument_lifetime	generated per-use lifetime	anchors=0072B298:t589,0072B4F0:t1800,0072B65F:t1329; target=006CEA60; operand=3; locals=local_20; transition=pointer:/SubmarineTitans/Recovered/PointerShapes/RecoveredSourceFamily_dibcopy -> /int	verified by the matching Ghidra analyzer/export evidence	source audit kind=exact_machine_lifetime_call_view	exact source-only lifetime/view; Program ABI unchanged	Ghidra cannot persist this split without merging unrelated machine lifetimes	neutralized	1	1
0072B0B0		unattachable_call_argument_lifetime	generated per-use lifetime	anchors=0072B298:t589,0072B4F0:t1800,0072B65F:t1329; target=006CEA60; operand=3; locals=local_20; transition=pointer:/SubmarineTitans/Recovered/PointerShapes/RecoveredSourceFamily_dibcopy -> /int	verified by the matching Ghidra analyzer/export evidence	source audit kind=exact_machine_lifetime_call_view	exact source-only lifetime/view; Program ABI unchanged	Ghidra cannot persist this split without merging unrelated machine lifetimes	neutralized	1	1
007519D0	FUN_007519d0	local_lifetime	uVar6/mg2	scalar(/uint) -> scalar(/int)	00751A89:t537 signed_scalar_role operand=-1 target=	INT_SRIGHT	retain neutral or current storage; require an exact per-use view	separate decompiler merge group; exact_type_votes=1; score=4; sources=[scalar_arithmetic]; one-way call conversion alone is review-only	review	1	1
007532A0	FUN_007532a0	local_lifetime	param_1/mg0	pointer(pointer:/undefined4) -> scalar(/int)	007532AC:t25 call_argument operand=0 target=00754EC0	DEFAULT; direct=00754EC0	unattachable High lifetime is represented by the exact address-stable per-use boundary 007532AC:t25|00754EC0|0	exact call-boundary type is proven, but no same-width transparent p-code path reattaches that argument to one persistent HighSymbol; complete CALL-operand scan records an address-local source view only	neutralized	1	1
007532A0		unattachable_call_argument_lifetime	generated per-use lifetime	anchors=007532AC:t25; target=00754EC0; operand=0; locals=param_1; transition=pointer:/undefined4 -> /int	verified by the matching Ghidra analyzer/export evidence	source audit kind=exact_machine_lifetime_call_view	exact source-only lifetime/view; Program ABI unchanged	Ghidra cannot persist this split without merging unrelated machine lifetimes	neutralized	1	1
00753B40	FUN_00753b40	local_lifetime	pAVar1/mg0	pointer(pointer:/SubmarineTitans/Recovered/PointerShapes/AnonNested_AnonShape_00753C80_4C8E695D_0008_9237F694) -> scalar(/int)	00753B59:t43 call_argument operand=0 target=006D4A40	DEFAULT; direct=006D4A40	unattachable High lifetime is represented by the exact address-stable per-use boundary 00753B59:t43|006D4A40|0	exact call-boundary type is proven, but no same-width transparent p-code path reattaches that argument to one persistent HighSymbol; complete CALL-operand scan records an address-local source view only	neutralized	1	1
00753B40		unattachable_call_argument_lifetime	generated per-use lifetime	anchors=00753B59:t43; target=006D4A40; operand=0; locals=pAVar1; transition=pointer:/SubmarineTitans/Recovered/PointerShapes/AnonNested_AnonShape_00753C80_4C8E695D_0008_9237F694 -> /int	verified by the matching Ghidra analyzer/export evidence	source audit kind=exact_machine_lifetime_call_view	exact source-only lifetime/view; Program ABI unchanged	Ghidra cannot persist this split without merging unrelated machine lifetimes	neutralized	1	1
00753CE0	FUN_00753ce0	local_lifetime	puVar1/mg0	pointer(pointer:/uint) -> scalar(/uint)	00753D1D:t89 unsigned_scalar_role operand=1 target=	INT_LESS	retain neutral or current storage; require an exact per-use view	pointer-shaped local has only scalar consumers; exact_type_votes=1; score=4; sources=[scalar_arithmetic]; one-way call conversion alone is review-only	review	1	1
00753FF7	FUN_00753ff7	local_lifetime	puVar1/mg0	pointer(pointer:/undefined1) -> scalar(/uint)	00754026:t81 unsigned_scalar_role operand=0 target=	INT_LESS	retain neutral or current storage; require an exact per-use view	single undefined local lifetime; exact_type_votes=1; score=4; sources=[scalar_arithmetic]; one-way call conversion alone is review-only	review	1	1
00754B80	FUN_00754b80	local_lifetime	pAVar6/mg0	pointer(pointer:/SubmarineTitans/Recovered/PointerShapes/AnonShape_00754B80_75BFDB7A) -> scalar(/int)	00754E20:t1268 call_argument operand=0 target=007568D0	DEFAULT; direct=007568D0	unattachable High lifetime is represented by the exact address-stable per-use boundary 00754E20:t1268|007568D0|0	exact call-boundary type is proven, but no same-width transparent p-code path reattaches that argument to one persistent HighSymbol; complete CALL-operand scan records an address-local source view only	neutralized	1	1
00754B80	FUN_00754b80	local_lifetime	param_1/mg0	pointer(pointer:/SubmarineTitans/Recovered/PointerShapes/AnonShape_00754B80_75BFDB7A) -> scalar(/int)	00754D9B:t718 call_argument operand=0 target=007568D0	DEFAULT; direct=007568D0	unattachable High lifetime is represented by the exact address-stable per-use boundary 00754D9B:t718|007568D0|0	exact call-boundary type is proven, but no same-width transparent p-code path reattaches that argument to one persistent HighSymbol; complete CALL-operand scan records an address-local source view only	neutralized	1	1
00754B80		unattachable_call_argument_lifetime	generated per-use lifetime	anchors=00754D9B:t718,00754E20:t1268; target=007568D0; operand=0; locals=pAVar6,param_1; transition=pointer:/SubmarineTitans/Recovered/PointerShapes/AnonShape_00754B80_75BFDB7A -> /int	verified by the matching Ghidra analyzer/export evidence	source audit kind=exact_machine_lifetime_call_view	exact source-only lifetime/view; Program ABI unchanged	Ghidra cannot persist this split without merging unrelated machine lifetimes	neutralized	1	1
00754B80		unattachable_call_argument_lifetime	generated per-use lifetime	anchors=00754D9B:t718,00754E20:t1268; target=007568D0; operand=0; locals=pAVar6,param_1; transition=pointer:/SubmarineTitans/Recovered/PointerShapes/AnonShape_00754B80_75BFDB7A -> /int	verified by the matching Ghidra analyzer/export evidence	source audit kind=exact_machine_lifetime_call_view	exact source-only lifetime/view; Program ABI unchanged	Ghidra cannot persist this split without merging unrelated machine lifetimes	neutralized	1	1
00754FD0	FUN_00754fd0	local_lifetime	uVar4/mg0	scalar(/uint) -> unknown	00755055:t161 call_argument operand=1 target=006D4C50	DEFAULT; direct=006D4C50	retain neutral or current storage; require an exact per-use view	incompatible exact lifetime types=[/WinDef.h/DWORD, /int]	review	1	1
00755560	FUN_00755560	local_lifetime	uVar15/mg2	scalar(/uint) -> unknown	00755801:t817 call_return operand=-1 target=00755970	ANALYSIS; direct=00755970	retain neutral or current storage; require an exact per-use view	incompatible exact lifetime types=[/int, /uint]	review	1	1
0075BE40	FUN_0075be40	return_abi	EAX/x87 return	scalar(/undefined4) -> scalar(/bool)	all reachable callee return paths	all explicit return values are constants in {0,1}, but the source domain alone does not prove the x86 ABI return width; review STAbiConsistencyAnalyzer evidence: [0, 1]	retain current machine-width return pending strict ABI proof	all explicit return values are constants in {0,1}, but the source domain alone does not prove the x86 ABI return width; review STAbiConsistencyAnalyzer evidence: [0, 1]	review	1	1
0075C3B0	FUN_0075c3b0	return_abi	EAX/x87 return	scalar(/undefined4) -> scalar(/bool)	all reachable callee return paths	all explicit return values are constants in {0,1}, but the source domain alone does not prove the x86 ABI return width; review STAbiConsistencyAnalyzer evidence: [0, 1]	retain current machine-width return pending strict ABI proof	all explicit return values are constants in {0,1}, but the source domain alone does not prove the x86 ABI return width; review STAbiConsistencyAnalyzer evidence: [0, 1]	review	1	1
00761960	FUN_00761960	local_lifetime	local_8/mg0	scalar(/undefined4) -> scalar(/ulong)	00761992:t63 call_argument operand=0 target=00740BF0	DEFAULT; direct=00740BF0	retain neutral or current storage; require an exact per-use view	single undefined local lifetime; exact_type_votes=1; score=4; sources=[call_argument]; one-way call conversion alone is review-only; exact call-boundary type is proven, but no same-width transparent p-code path reattaches that argument to one persistent HighSymbol	review	1	1
007619B0	FID_conflict:_remove	local_lifetime	local_8/mg0	scalar(/undefined4) -> scalar(/ulong)	007619DE:t57 call_argument operand=0 target=00740BF0	DEFAULT; direct=00740BF0	retain neutral or current storage; require an exact per-use view	single undefined local lifetime; exact_type_votes=1; score=4; sources=[call_argument]; one-way call conversion alone is review-only; exact call-boundary type is proven, but no same-width transparent p-code path reattaches that argument to one persistent HighSymbol	review	1	1
