issue_id	function_address	function_name	occurrence	decompiler_line	classification	reason	compiler_blocker	abi_blocker	excerpt
00405687/raw_pointer_offset/aba14dba4882/1	00405687	FUN_00405687	1	8	packed_unaligned_or_union_view	the exact access is misaligned for its width; preserve the packed/unaligned per-use view until a complete union partition is proven	0	0	switch(*(undefined4 *)(param_1 + 0x4a2)) {
0040EB90/raw_pointer_offset/016783bf3dc9/1	0040EB90	FUN_0040eb90	3	220	packed_unaligned_or_union_view	the exact access is misaligned for its width; preserve the packed/unaligned per-use view until a complete union partition is proven	0	0	*(int *)(PTR_007f4d00[local_48 * 3 + 2] + 0x14) = piVar6[1];
0040EB90/raw_pointer_offset/6dd16a60c5e4/1	0040EB90	FUN_0040eb90	2	219	packed_unaligned_or_union_view	the exact access is misaligned for its width; preserve the packed/unaligned per-use view until a complete union partition is proven	0	0	*(int *)(PTR_007f4d00[local_48 * 3 + 2] + 0x10) = *piVar6;
0040EB90/raw_pointer_offset/f60bb56fa668/1	0040EB90	FUN_0040eb90	1	217	packed_unaligned_or_union_view	the exact access is misaligned for its width; preserve the packed/unaligned per-use view until a complete union partition is proven	0	0	*(int *)(PTR_007f4d00[local_48 * 3 + 2] + 0xc) =
00413AF0/raw_pointer_offset/29e6d1284258/1	00413AF0	FUN_00413af0	4	227	array_or_pointer_walk	indexed or induction-variable addressing proves a walk, but not one fixed member or a unique public element type	0	0	*(undefined4 *)((int)param_1->field_0059 + iVar15 * 0x10 + 0x14);
00413AF0/raw_pointer_offset/b150a297bb75/1	00413AF0	FUN_00413af0	3	222	array_or_pointer_walk	indexed or induction-variable addressing proves a walk, but not one fixed member or a unique public element type	0	0	*(undefined4 *)((int)param_1->field_0059 + iVar15 * 0x10 + 0xc);
00413AF0/raw_pointer_offset/ca89f35c4eed/1	00413AF0	FUN_00413af0	2	217	array_or_pointer_walk	indexed or induction-variable addressing proves a walk, but not one fixed member or a unique public element type	0	0	*(int *)((int)param_1->field_0059 + iVar15 * 0x10 + 0x14);
00413AF0/raw_pointer_offset/ce69e6287bcb/1	00413AF0	FUN_00413af0	1	212	array_or_pointer_walk	indexed or induction-variable addressing proves a walk, but not one fixed member or a unique public element type	0	0	*(int *)((int)param_1->field_0059 + iVar15 * 0x10 + 0xc);
00419BF0/raw_pointer_offset/c213f20614b3/1	00419BF0	FUN_00419bf0	1	11	insufficient_independent_evidence	a fixed offset is visible, but no unique owner, complete compatible layout, and independent typed boundary jointly prove a field	0	0	iVar1 = (**(code **)(*param_1 + 0x1c))();
0041ABC0/raw_pointer_offset/a01a35d231af/1	0041ABC0	FUN_0041abc0	2	11	array_or_pointer_walk	indexed or induction-variable addressing proves a walk, but not one fixed member or a unique public element type	0	0	*(undefined4 *)(param_1[1] + 0xc) = 0;
0041ABC0/raw_pointer_offset/d5a5bd15a6bd/1	0041ABC0	FUN_0041abc0	1	8	insufficient_independent_evidence	a fixed offset is visible, but no unique owner, complete compatible layout, and independent typed boundary jointly prove a field	0	0	*(undefined4 *)(*param_1 + 0xc) = 0;
0041ABF0/raw_pointer_offset/74b74543c5bf/1	0041ABF0	FUN_0041abf0	3	14	array_or_pointer_walk	indexed or induction-variable addressing proves a walk, but not one fixed member or a unique public element type	0	0	*(undefined4 *)(param_1[2] + 0xc) = 0;
0041ABF0/raw_pointer_offset/a01a35d231af/1	0041ABF0	FUN_0041abf0	2	11	array_or_pointer_walk	indexed or induction-variable addressing proves a walk, but not one fixed member or a unique public element type	0	0	*(undefined4 *)(param_1[1] + 0xc) = 0;
0041ABF0/raw_pointer_offset/d5a5bd15a6bd/1	0041ABF0	FUN_0041abf0	1	8	insufficient_independent_evidence	a fixed offset is visible, but no unique owner, complete compatible layout, and independent typed boundary jointly prove a field	0	0	*(undefined4 *)(*param_1 + 0xc) = 0;
0041ABF0/raw_pointer_offset/dc2acac0f695/1	0041ABF0	FUN_0041abf0	4	17	array_or_pointer_walk	indexed or induction-variable addressing proves a walk, but not one fixed member or a unique public element type	0	0	*(undefined4 *)(param_1[3] + 0xc) = 0;
0041AC40/raw_pointer_offset/74b74543c5bf/1	0041AC40	FUN_0041ac40	3	14	array_or_pointer_walk	indexed or induction-variable addressing proves a walk, but not one fixed member or a unique public element type	0	0	*(undefined4 *)(param_1[2] + 0xc) = 0;
0041AC40/raw_pointer_offset/a01a35d231af/1	0041AC40	FUN_0041ac40	2	11	array_or_pointer_walk	indexed or induction-variable addressing proves a walk, but not one fixed member or a unique public element type	0	0	*(undefined4 *)(param_1[1] + 0xc) = 0;
0041AC40/raw_pointer_offset/d5a5bd15a6bd/1	0041AC40	FUN_0041ac40	1	8	insufficient_independent_evidence	a fixed offset is visible, but no unique owner, complete compatible layout, and independent typed boundary jointly prove a field	0	0	*(undefined4 *)(*param_1 + 0xc) = 0;
0041AC40/raw_pointer_offset/dc2acac0f695/1	0041AC40	FUN_0041ac40	4	17	array_or_pointer_walk	indexed or induction-variable addressing proves a walk, but not one fixed member or a unique public element type	0	0	*(undefined4 *)(param_1[3] + 0xc) = 0;
0041AC40/raw_pointer_offset/ea6e9f84c897/1	0041AC40	FUN_0041ac40	5	20	array_or_pointer_walk	indexed or induction-variable addressing proves a walk, but not one fixed member or a unique public element type	0	0	*(undefined4 *)(param_1[4] + 0xc) = 0;
0041AD20/raw_pointer_offset/d5a5bd15a6bd/1	0041AD20	FUN_0041ad20	1	8	insufficient_independent_evidence	a fixed offset is visible, but no unique owner, complete compatible layout, and independent typed boundary jointly prove a field	0	0	*(undefined4 *)(*param_1 + 0xc) = 0;
0041AE80/raw_pointer_offset/9632b90382fb/1	0041AE80	FUN_0041ae80	1	8	insufficient_independent_evidence	a fixed offset is visible, but no unique owner, complete compatible layout, and independent typed boundary jointly prove a field	0	0	return *(undefined4 *)(param_1 + 0x24);
0041D8E0/raw_pointer_offset/6ad29399c366/1	0041D8E0	FUN_0041d8e0	1	10	insufficient_independent_evidence	a fixed offset is visible, but no unique owner, complete compatible layout, and independent typed boundary jointly prove a field	0	0	(**(code **)(*param_1 + 0x2c))();
0041DA10/raw_pointer_offset/ffc287439448/1	0041DA10	FUN_0041da10	1	8	packed_unaligned_or_union_view	the exact access is misaligned for its width; preserve the packed/unaligned per-use view until a complete union partition is proven	0	0	return *(undefined4 *)(param_1 + 0x219);
0041E510/raw_pointer_offset/1ebf3277f839/1	0041E510	FUN_0041e510	1	8	packed_unaligned_or_union_view	the exact access is misaligned for its width; preserve the packed/unaligned per-use view until a complete union partition is proven	0	0	return *(undefined4 *)(param_1 + 0x21d);
0041F310/raw_pointer_offset/bb5f17d34da9/1	0041F310	FUN_0041f310	1	8	packed_unaligned_or_union_view	the exact access is misaligned for its width; preserve the packed/unaligned per-use view until a complete union partition is proven	0	0	return ~*(uint *)(param_1 + 0x1d1) >> 1 & 1;
0041F630/raw_pointer_offset/8f48d64c4abd/1	0041F630	FUN_0041f630	1	71	insufficient_independent_evidence	a fixed offset is visible, but no unique owner, complete compatible layout, and independent typed boundary jointly prove a field	0	0	uVar4 = (**(code **)(param_1->field_0000 + 0x2c))();
0041F630/raw_pointer_offset/8f48d64c4abd/2	0041F630	FUN_0041f630	2	104	insufficient_independent_evidence	a fixed offset is visible, but no unique owner, complete compatible layout, and independent typed boundary jointly prove a field	0	0	uVar4 = (**(code **)(param_1->field_0000 + 0x2c))();
004210E0/raw_pointer_offset/6c0fe96f148d/1	004210E0	STAllPlayersC::SaveGObjData	1	429	array_or_pointer_walk	indexed or induction-variable addressing proves a walk, but not one fixed member or a unique public element type	0	0	*(undefined4 *)(&local_18[1].field_0xa + iVar19 + -0x281) = *(undefined4 *)puVar9;
004210E0/raw_pointer_offset/8a182d4f161b/1	004210E0	STAllPlayersC::SaveGObjData	2	430	array_or_pointer_walk	indexed or induction-variable addressing proves a walk, but not one fixed member or a unique public element type	0	0	*(ushort *)((int)(&local_18[1].field_0xa + iVar19 + -0x281) + 4) = puVar9[2];
004210E0/raw_pointer_offset/ac425c029663/1	004210E0	STAllPlayersC::SaveGObjData	3	434	array_or_pointer_walk	indexed or induction-variable addressing proves a walk, but not one fixed member or a unique public element type	0	0	*(undefined4 *)(&local_18[1].field_0x10 + iVar19 + -0x281) = *(undefined4 *)puVar9;
004210E0/raw_pointer_offset/bf21f7733405/1	004210E0	STAllPlayersC::SaveGObjData	4	435	array_or_pointer_walk	indexed or induction-variable addressing proves a walk, but not one fixed member or a unique public element type	0	0	*(ushort *)((int)(&local_18[1].field_0x10 + iVar19 + -0x281) + 4) = puVar9[2];
00424E10/raw_pointer_offset/0467ca7dfc60/1	00424E10	SubmarineTitans::Recovered::HiddenThis::RecoveredReceiver_004248D0::FUN_00424e10	2	554	array_or_pointer_walk	indexed or induction-variable addressing proves a walk, but not one fixed member or a unique public element type	0	0	*(int *)(&stack0xfffffe9c + iVar23) = local_44 * 8 + 0x50;
00424E10/raw_pointer_offset/1647338b3eaf/1	00424E10	SubmarineTitans::Recovered::HiddenThis::RecoveredReceiver_004248D0::FUN_00424e10	1	504	packed_unaligned_or_union_view	the exact access is misaligned for its width; preserve the packed/unaligned per-use view until a complete union partition is proven	0	0	*(int *)(&stack0xfffffe9c + iVar23) = (local_9c * 3 + 0x1e) * 4;
00427090/raw_pointer_offset/33ab9d36fc8d/1	00427090	SubmarineTitans::Recovered::HiddenThis::RecoveredReceiver_004248D0::sub_00427090	2	165	insufficient_independent_evidence	a fixed offset is visible, but no unique owner, complete compatible layout, and independent typed boundary jointly prove a field	0	0	if (*(int *)(local_c + -0xc + (int)pRVar10) < iVar8) {
00427090/raw_pointer_offset/718468fc563f/1	00427090	SubmarineTitans::Recovered::HiddenThis::RecoveredReceiver_004248D0::sub_00427090	1	157	insufficient_independent_evidence	a fixed offset is visible, but no unique owner, complete compatible layout, and independent typed boundary jointly prove a field	0	0	if ((iVar8 < *(int *)(local_c + -0xc + (int)pRVar10)) && (param_2 != iVar11)) {
0042D770/raw_pointer_offset/9b9d06a29424/1	0042D770	FUN_0042d770	1	107	insufficient_independent_evidence	a fixed offset is visible, but no unique owner, complete compatible layout, and independent typed boundary jointly prove a field	0	0	if ((uint)uVar3 == *(uint *)(*param_3 + 0xc)) {
00430A90/raw_pointer_offset/0aa903a00e6f/1	00430A90	STAllPlayersC::GetMessage	1	424	intentional_byte_cursor	the value is traversed as byte storage; semantic element identity is not independently proven	0	0	sub_004D8B70(this_00,*(char *)(this_00->field_0010 + 0x112d));
0043AE40/raw_pointer_offset/af079fd4c168/1	0043AE40	STAllPlayersC::SetActivePanel	1	121	packed_unaligned_or_union_view	the exact access is misaligned for its width; preserve the packed/unaligned per-use view until a complete union partition is proven	0	0	iVar2 = *(int *)(param_2 * 0x10 + 0x7f4f83 + iVar6);
0043BEB0/raw_pointer_offset/42d047275466/1	0043BEB0	STAllPlayersC::GetPanelInfo	10	936	insufficient_independent_evidence	a fixed offset is visible, but no unique owner, complete compatible layout, and independent typed boundary jointly prove a field	0	0	*(undefined4 *)(*(int *)&param_2->field_0x10 + 0xc) = 0;
0043BEB0/raw_pointer_offset/7e57ee55e58c/1	0043BEB0	STAllPlayersC::GetPanelInfo	5	891	insufficient_independent_evidence	a fixed offset is visible, but no unique owner, complete compatible layout, and independent typed boundary jointly prove a field	0	0	*(undefined4 *)(*(int *)&param_2->field_0xc + 0xc) = 0;
0043BEB0/raw_pointer_offset/7e57ee55e58c/2	0043BEB0	STAllPlayersC::GetPanelInfo	9	935	insufficient_independent_evidence	a fixed offset is visible, but no unique owner, complete compatible layout, and independent typed boundary jointly prove a field	0	0	*(undefined4 *)(*(int *)&param_2->field_0xc + 0xc) = 0;
0043BEB0/raw_pointer_offset/8d2cd58fa674/1	0043BEB0	STAllPlayersC::GetPanelInfo	1	847	insufficient_independent_evidence	a fixed offset is visible, but no unique owner, complete compatible layout, and independent typed boundary jointly prove a field	0	0	*(undefined4 *)(*(int *)param_2 + 0xc) = 0;
0043BEB0/raw_pointer_offset/8d2cd58fa674/2	0043BEB0	STAllPlayersC::GetPanelInfo	2	888	insufficient_independent_evidence	a fixed offset is visible, but no unique owner, complete compatible layout, and independent typed boundary jointly prove a field	0	0	*(undefined4 *)(*(int *)param_2 + 0xc) = 0;
0043BEB0/raw_pointer_offset/8d2cd58fa674/3	0043BEB0	STAllPlayersC::GetPanelInfo	6	932	insufficient_independent_evidence	a fixed offset is visible, but no unique owner, complete compatible layout, and independent typed boundary jointly prove a field	0	0	*(undefined4 *)(*(int *)param_2 + 0xc) = 0;
0043BEB0/raw_pointer_offset/8d2cd58fa674/4	0043BEB0	STAllPlayersC::GetPanelInfo	11	1045	insufficient_independent_evidence	a fixed offset is visible, but no unique owner, complete compatible layout, and independent typed boundary jointly prove a field	0	0	*(undefined4 *)(*(int *)param_2 + 0xc) = 0;
0043BEB0/raw_pointer_offset/8fb7f465934d/1	0043BEB0	STAllPlayersC::GetPanelInfo	4	890	insufficient_independent_evidence	a fixed offset is visible, but no unique owner, complete compatible layout, and independent typed boundary jointly prove a field	0	0	*(undefined4 *)(*(int *)&param_2->field_0x8 + 0xc) = 0;
0043BEB0/raw_pointer_offset/8fb7f465934d/2	0043BEB0	STAllPlayersC::GetPanelInfo	8	934	insufficient_independent_evidence	a fixed offset is visible, but no unique owner, complete compatible layout, and independent typed boundary jointly prove a field	0	0	*(undefined4 *)(*(int *)&param_2->field_0x8 + 0xc) = 0;
0043BEB0/raw_pointer_offset/96d3b193f645/1	0043BEB0	STAllPlayersC::GetPanelInfo	3	889	insufficient_independent_evidence	a fixed offset is visible, but no unique owner, complete compatible layout, and independent typed boundary jointly prove a field	0	0	*(undefined4 *)(*(int *)&param_2->field_0004 + 0xc) = 0;
0043BEB0/raw_pointer_offset/96d3b193f645/2	0043BEB0	STAllPlayersC::GetPanelInfo	7	933	insufficient_independent_evidence	a fixed offset is visible, but no unique owner, complete compatible layout, and independent typed boundary jointly prove a field	0	0	*(undefined4 *)(*(int *)&param_2->field_0004 + 0xc) = 0;
00440860/raw_pointer_offset/5b6e233061a9/1	00440860	STAllPlayersC::_ChangeMD	1	54	insufficient_independent_evidence	a fixed offset is visible, but no unique owner, complete compatible layout, and independent typed boundary jointly prove a field	0	0	(**(code **)(*param_2 + 0x10))(param_1,param_3);
00440990/raw_pointer_offset/04239e2d44cb/1	00440990	STAllPlayersC::_ChangeDock	1	55	insufficient_independent_evidence	a fixed offset is visible, but no unique owner, complete compatible layout, and independent typed boundary jointly prove a field	0	0	(**(code **)(*param_3 + 0x14))(param_2,param_4);
00442E50/raw_pointer_offset/a2fdf9b643ec/1	00442E50	STAllPlayersC::_AssignMDPairs	1	297	insufficient_independent_evidence	a fixed offset is visible, but no unique owner, complete compatible layout, and independent typed boundary jointly prove a field	0	0	(iVar11 = (**(code **)(local_1c->vtable + 0xc))(), iVar11 == 8)) {
00443F30/raw_pointer_offset/3f2c1fac974e/1	00443F30	STAllPlayersC::SaveAllPlData	3	640	dynamic_darray_or_runtime_stride	the address depends on a runtime container stride; a static field or C array would misstate the ABI	0	0	*(DArrayTy **)(local_2c + 0x5588) = local_1c;
00443F30/raw_pointer_offset/80eb7e08f86f/1	00443F30	STAllPlayersC::SaveAllPlData	4	641	insufficient_independent_evidence	a fixed offset is visible, but no unique owner, complete compatible layout, and independent typed boundary jointly prove a field	0	0	*(uint *)(local_2c + 0x558c) = uVar16;
00443F30/raw_pointer_offset/a1d2c02bba03/1	00443F30	STAllPlayersC::SaveAllPlData	1	477	dynamic_darray_or_runtime_stride	the address depends on a runtime container stride; a static field or C array would misstate the ABI	0	0	*(DArrayTy **)(local_2c + (int)local_18 + (int)local_24 + 0x246) = local_1c;
00443F30/raw_pointer_offset/c3c840dff21a/1	00443F30	STAllPlayersC::SaveAllPlData	2	478	insufficient_independent_evidence	a fixed offset is visible, but no unique owner, complete compatible layout, and independent typed boundary jointly prove a field	0	0	*(AnonNested_00443F30_0839_FB957E77 **)(local_2c + (int)local_18 + (int)local_24 + 0x24a)
00444E70/raw_pointer_offset/0e956d3d1258/1	00444E70	FUN_00444e70	1	311	packed_unaligned_or_union_view	the exact access is misaligned for its width; preserve the packed/unaligned per-use view until a complete union partition is proven	0	0	if (0 < *(int *)(param_1 + 0x2aba)) {
00444E70/raw_pointer_offset/1fafd817dd52/1	00444E70	FUN_00444e70	12	349	packed_unaligned_or_union_view	the exact access is misaligned for its width; preserve the packed/unaligned per-use view until a complete union partition is proven	0	0	uVar7 = *(uint *)(param_1 + 0x2ac6);
00444E70/raw_pointer_offset/2bd6868642ab/1	00444E70	FUN_00444e70	3	318	insufficient_independent_evidence	a fixed offset is visible, but no unique owner, complete compatible layout, and independent typed boundary jointly prove a field	0	0	if (0 < *(int *)(param_1 + 0x2abc)) {
00444E70/raw_pointer_offset/38332e00a15d/1	00444E70	FUN_00444e70	9	339	packed_unaligned_or_union_view	the exact access is misaligned for its width; preserve the packed/unaligned per-use view until a complete union partition is proven	0	0	if (0 < *(int *)(param_1 + 0x2ac2)) {
00444E70/raw_pointer_offset/4961dc7fdf8e/1	00444E70	FUN_00444e70	13	351	intentional_byte_cursor	the value is traversed as byte storage; semantic element identity is not independently proven	0	0	puVar9 = (byte *)(*(int *)(param_1 + 0x2ac4) + (int)param_1);
00444E70/raw_pointer_offset/640e453be886/1	00444E70	FUN_00444e70	5	325	packed_unaligned_or_union_view	the exact access is misaligned for its width; preserve the packed/unaligned per-use view until a complete union partition is proven	0	0	if (0 < *(int *)(param_1 + 0x2abe)) {
00444E70/raw_pointer_offset/759280e6edd2/1	00444E70	FUN_00444e70	10	343	dynamic_darray_or_runtime_stride	the address depends on a runtime container stride; a static field or C array would misstate the ABI	0	0	((DArrayTy *)g_array_007FA164,*(int *)(param_1 + 0x2ac2) - 1,&local_c);
00444E70/raw_pointer_offset/9385dd4ed0c5/1	00444E70	FUN_00444e70	2	315	dynamic_darray_or_runtime_stride	the address depends on a runtime container stride; a static field or C array would misstate the ABI	0	0	((DArrayTy *)g_array_007FA154,*(int *)(param_1 + 0x2aba) - 1,&local_c);
00444E70/raw_pointer_offset/979738f3700f/1	00444E70	FUN_00444e70	6	329	dynamic_darray_or_runtime_stride	the address depends on a runtime container stride; a static field or C array would misstate the ABI	0	0	((DArrayTy *)g_array_007FA15C,*(int *)(param_1 + 0x2abe) - 1,&local_c);
00444E70/raw_pointer_offset/b163f06b4098/1	00444E70	FUN_00444e70	11	347	packed_unaligned_or_union_view	the exact access is misaligned for its width; preserve the packed/unaligned per-use view until a complete union partition is proven	0	0	DAT_007fa168 = Library::DKW::LIB::MemAlloc(*(uint *)(param_1 + 0x2ac6));
00444E70/raw_pointer_offset/c5b5de02202f/1	00444E70	FUN_00444e70	7	332	insufficient_independent_evidence	a fixed offset is visible, but no unique owner, complete compatible layout, and independent typed boundary jointly prove a field	0	0	if (0 < *(int *)(param_1 + 0x2ac0)) {
00444E70/raw_pointer_offset/d62a7182c952/1	00444E70	FUN_00444e70	8	336	dynamic_darray_or_runtime_stride	the address depends on a runtime container stride; a static field or C array would misstate the ABI	0	0	((DArrayTy *)g_array_007FA160,*(int *)(param_1 + 0x2ac0) - 1,&local_c);
00444E70/raw_pointer_offset/d6f97e93cecb/1	00444E70	FUN_00444e70	4	322	dynamic_darray_or_runtime_stride	the address depends on a runtime container stride; a static field or C array would misstate the ABI	0	0	((DArrayTy *)g_array_007FA158,*(int *)(param_1 + 0x2abc) - 1,&local_c);
00446F80/raw_pointer_offset/c30a37ecb49e/1	00446F80	STAllPlayersC::DistributeGuardBoats	1	184	dynamic_darray_or_runtime_stride	the address depends on a runtime container stride; a static field or C array would misstate the ABI	0	0	local_30 = *(DArrayTy **)(local_78 + 0xc);
0044EE30/raw_pointer_offset/b800c5b01a31/1	0044EE30	STBoatC::GetMessage	1	1505	packed_unaligned_or_union_view	the exact access is misaligned for its width; preserve the packed/unaligned per-use view until a complete union partition is proven	0	0	uVar17 = *(uint *)(this_00->field_05A6 + 0x12);
00483880/raw_pointer_offset/5ea5540e64a1/1	00483880	FUN_00483880	1	9	packed_unaligned_or_union_view	the exact access is misaligned for its width; preserve the packed/unaligned per-use view until a complete union partition is proven	0	0	if (*(int *)(param_1 + 0x455) == 1) {
00486A60/raw_pointer_offset/0ff3224e84a7/1	00486A60	FUN_00486a60	1	10	packed_unaligned_or_union_view	the exact access is misaligned for its width; preserve the packed/unaligned per-use view until a complete union partition is proven	0	0	iVar1 = (*(int *)(param_1 + 0x716) * 100) / *(int *)(param_1 + 0x712);
00486A60/raw_pointer_offset/7d5db7ae09a8/1	00486A60	FUN_00486a60	2	12	packed_unaligned_or_union_view	the exact access is misaligned for its width; preserve the packed/unaligned per-use view until a complete union partition is proven	0	0	if ((0 < *(int *)(param_1 + 0x716)) && (iVar1 == 0)) {
00491180/raw_pointer_offset/c952779fc026/1	00491180	FUN_00491180	1	8	packed_unaligned_or_union_view	the exact access is misaligned for its width; preserve the packed/unaligned per-use view until a complete union partition is proven	0	0	if ((*(int *)(param_1 + 0x45d) == 0x14) && (*(int *)(param_1 + 0x5c0) == 3)) {
00491600/raw_pointer_offset/23286c322058/1	00491600	FUN_00491600	1	18	insufficient_independent_evidence	a fixed offset is visible, but no unique owner, complete compatible layout, and independent typed boundary jointly prove a field	0	0	(**(code **)(param_1->field_0000 + 0x100))(param_1->field_01D1 | 0xd);
00491930/raw_pointer_offset/5f090d9bdd4b/1	00491930	FUN_00491930	2	14	packed_unaligned_or_union_view	the exact access is misaligned for its width; preserve the packed/unaligned per-use view until a complete union partition is proven	0	0	((*(int *)(param_1 + 0x45d) != 0x14 || (*(int *)(param_1 + 0x5c0) != 3)))))) {
00491930/raw_pointer_offset/da10c6af274b/1	00491930	FUN_00491930	1	10	packed_unaligned_or_union_view	the exact access is misaligned for its width; preserve the packed/unaligned per-use view until a complete union partition is proven	0	0	iVar1 = *(int *)(param_1 + 0x6f7);
004919C0/raw_pointer_offset/73cd738d45e1/1	004919C0	STBoatC::GetCellForLoading	1	148	array_or_pointer_walk	indexed or induction-variable addressing proves a walk, but not one fixed member or a unique public element type	0	0	*(int *)((int)local_48 + iVar8 + 0x14) = iVar11;
004919C0/raw_pointer_offset/73cd738d45e1/2	004919C0	STBoatC::GetCellForLoading	2	154	array_or_pointer_walk	indexed or induction-variable addressing proves a walk, but not one fixed member or a unique public element type	0	0	*(int *)((int)local_48 + iVar8 + 0x14) = iVar11;
004919C0/raw_pointer_offset/73cd738d45e1/3	004919C0	STBoatC::GetCellForLoading	3	166	array_or_pointer_walk	indexed or induction-variable addressing proves a walk, but not one fixed member or a unique public element type	0	0	*(int *)((int)local_48 + iVar8 + 0x14) = iVar11;
004919C0/raw_pointer_offset/f54c8702e751/1	004919C0	STBoatC::GetCellForLoading	4	234	array_or_pointer_walk	indexed or induction-variable addressing proves a walk, but not one fixed member or a unique public element type	0	0	iVar11 = *(int *)((int)local_48 + iVar8 + 0x14);
00493110/raw_pointer_offset/cca0c4684c71/1	00493110	FUN_00493110	1	19	insufficient_independent_evidence	a fixed offset is visible, but no unique owner, complete compatible layout, and independent typed boundary jointly prove a field	0	0	iVar3 = (**(code **)(param_1->field_0000 + 0x2c))();
00493250/raw_pointer_offset/144bbab53818/1	00493250	FUN_00493250	2	14	insufficient_independent_evidence	a fixed offset is visible, but no unique owner, complete compatible layout, and independent typed boundary jointly prove a field	0	0	if ((iVar1 == 0x14) && (*(int *)(param_1 + 0x5c0) == 3)) {
00493250/raw_pointer_offset/3c84f3bdab42/1	00493250	FUN_00493250	1	11	packed_unaligned_or_union_view	the exact access is misaligned for its width; preserve the packed/unaligned per-use view until a complete union partition is proven	0	0	iVar1 = *(int *)(param_1 + 0x45d);
00493250/raw_pointer_offset/64387f13db2e/1	00493250	FUN_00493250	11	47	packed_unaligned_or_union_view	the exact access is misaligned for its width; preserve the packed/unaligned per-use view until a complete union partition is proven	0	0	if (*(int *)(param_1 + 0x72e) != 1) {
00493250/raw_pointer_offset/732117c35f8f/1	00493250	FUN_00493250	7	34	packed_unaligned_or_union_view	the exact access is misaligned for its width; preserve the packed/unaligned per-use view until a complete union partition is proven	0	0	if (((iVar1 == 0xc) && ((*(int *)(param_1 + 0x4d5) == 5 || (*(int *)(param_1 + 0x4d5) == 0xc))))
00493250/raw_pointer_offset/7a69b482ba44/1	00493250	FUN_00493250	6	30	packed_unaligned_or_union_view	the exact access is misaligned for its width; preserve the packed/unaligned per-use view until a complete union partition is proven	0	0	if ((iVar1 == 9) && (*(int *)(param_1 + 0x611) == 3)) {
00493250/raw_pointer_offset/92e955838b0b/1	00493250	FUN_00493250	5	26	packed_unaligned_or_union_view	the exact access is misaligned for its width; preserve the packed/unaligned per-use view until a complete union partition is proven	0	0	if (0 < *(int *)(param_1 + 0x73a)) {
00493250/raw_pointer_offset/92e955838b0b/2	00493250	FUN_00493250	9	39	packed_unaligned_or_union_view	the exact access is misaligned for its width; preserve the packed/unaligned per-use view until a complete union partition is proven	0	0	if (0 < *(int *)(param_1 + 0x73a)) {
00493250/raw_pointer_offset/9b6eb829c7ed/1	00493250	FUN_00493250	12	57	packed_unaligned_or_union_view	the exact access is misaligned for its width; preserve the packed/unaligned per-use view until a complete union partition is proven	0	0	if (*(int *)(param_1 + 0x732) == 1) {
00493250/raw_pointer_offset/a1b8ba15e50e/1	00493250	FUN_00493250	4	22	insufficient_independent_evidence	a fixed offset is visible, but no unique owner, complete compatible layout, and independent typed boundary jointly prove a field	0	0	if ((iVar1 == 4) && (*(int *)(param_1 + 0x580) == 5)) {
00493250/raw_pointer_offset/a86a6b7bee6a/1	00493250	FUN_00493250	3	18	packed_unaligned_or_union_view	the exact access is misaligned for its width; preserve the packed/unaligned per-use view until a complete union partition is proven	0	0	if (*(int *)(param_1 + 0x7ca) != 0) {
00493250/raw_pointer_offset/da10c6af274b/1	00493250	FUN_00493250	10	43	packed_unaligned_or_union_view	the exact access is misaligned for its width; preserve the packed/unaligned per-use view until a complete union partition is proven	0	0	iVar1 = *(int *)(param_1 + 0x6f7);
00493250/raw_pointer_offset/e46b1e1acc93/1	00493250	FUN_00493250	8	35	insufficient_independent_evidence	a fixed offset is visible, but no unique owner, complete compatible layout, and independent typed boundary jointly prove a field	0	0	|| ((iVar1 == 0xd && (*(int *)(param_1 + 0x54c) == 5)))) {
00497E00/raw_pointer_offset/437708ccd5ad/1	00497E00	STGroupBoatC::GetMessage	1	90	insufficient_independent_evidence	a fixed offset is visible, but no unique owner, complete compatible layout, and independent typed boundary jointly prove a field	0	0	*(uint *)(local_8 + 0x38) = local_c;
00497E00/raw_pointer_offset/48fb3e51b5ad/1	00497E00	STGroupBoatC::GetMessage	2	91	insufficient_independent_evidence	a fixed offset is visible, but no unique owner, complete compatible layout, and independent typed boundary jointly prove a field	0	0	*(uint *)(local_8 + 0x3c) = local_10;
0049D750/raw_pointer_offset/e4c6fb4e3047/1	0049D750	STGroupBoatC::GrpRepare	1	102	insufficient_independent_evidence	a fixed offset is visible, but no unique owner, complete compatible layout, and independent typed boundary jointly prove a field	0	0	if (*(int *)(this_00->field_029F + 0xc) == 0) {
004A4D60/raw_pointer_offset/f368d20c9e65/1	004A4D60	STGroupBoatC::ChangeMDNotify	1	49	insufficient_independent_evidence	a fixed offset is visible, but no unique owner, complete compatible layout, and independent typed boundary jointly prove a field	0	0	iVar2 = *(int *)(local_c->field_029F + 0xc);
004A4D60/raw_pointer_offset/f368d20c9e65/2	004A4D60	STGroupBoatC::ChangeMDNotify	2	70	insufficient_independent_evidence	a fixed offset is visible, but no unique owner, complete compatible layout, and independent typed boundary jointly prove a field	0	0	iVar2 = *(int *)(local_c->field_029F + 0xc);
004A67A0/raw_pointer_offset/16ecd2730cc1/1	004A67A0	STGroupBoatC::RestoreGrpBData	13	222	packed_unaligned_or_union_view	the exact access is misaligned for its width; preserve the packed/unaligned per-use view until a complete union partition is proven	0	0	local_8->field_0299 = *(short *)(local_c + 0xa9);
004A67A0/raw_pointer_offset/29acbac21ec6/1	004A67A0	STGroupBoatC::RestoreGrpBData	4	85	packed_unaligned_or_union_view	the exact access is misaligned for its width; preserve the packed/unaligned per-use view until a complete union partition is proven	0	0	local_8->field_00FD = *(short *)(local_c + 0x31);
004A67A0/raw_pointer_offset/2d5d92a20339/1	004A67A0	STGroupBoatC::RestoreGrpBData	12	171	insufficient_independent_evidence	a fixed offset is visible, but no unique owner, complete compatible layout, and independent typed boundary jointly prove a field	0	0	local_8->field_01BD = *(short *)(local_c + 0x66);
004A67A0/raw_pointer_offset/38a3a8f0574b/1	004A67A0	STGroupBoatC::RestoreGrpBData	10	108	insufficient_independent_evidence	a fixed offset is visible, but no unique owner, complete compatible layout, and independent typed boundary jointly prove a field	0	0	local_8->field_0135 = *(undefined2 *)(local_c + 0x42);
004A67A0/raw_pointer_offset/4576ec7d4108/1	004A67A0	STGroupBoatC::RestoreGrpBData	7	97	packed_unaligned_or_union_view	the exact access is misaligned for its width; preserve the packed/unaligned per-use view until a complete union partition is proven	0	0	local_8->field_011D = *(undefined2 *)(local_c + 0x3b);
004A67A0/raw_pointer_offset/6aaf37d4cde7/1	004A67A0	STGroupBoatC::RestoreGrpBData	9	105	packed_unaligned_or_union_view	the exact access is misaligned for its width; preserve the packed/unaligned per-use view until a complete union partition is proven	0	0	local_8->field_0131 = *(undefined2 *)(local_c + 0x41);
004A67A0/raw_pointer_offset/8340846152a8/1	004A67A0	STGroupBoatC::RestoreGrpBData	15	243	insufficient_independent_evidence	a fixed offset is visible, but no unique owner, complete compatible layout, and independent typed boundary jointly prove a field	0	0	local_8->field_02C1 = *(undefined2 *)(local_c + 0xb4);
004A67A0/raw_pointer_offset/93f954071252/1	004A67A0	STGroupBoatC::RestoreGrpBData	2	79	packed_unaligned_or_union_view	the exact access is misaligned for its width; preserve the packed/unaligned per-use view until a complete union partition is proven	0	0	local_8->field_00F5 = *(short *)(local_c + 0x2f);
004A67A0/raw_pointer_offset/9a27cd343314/1	004A67A0	STGroupBoatC::RestoreGrpBData	14	233	insufficient_independent_evidence	a fixed offset is visible, but no unique owner, complete compatible layout, and independent typed boundary jointly prove a field	0	0	local_8->field_02B1 = *(undefined2 *)(local_c + 0xb0);
004A67A0/raw_pointer_offset/adf0f0b36ad0/1	004A67A0	STGroupBoatC::RestoreGrpBData	8	102	insufficient_independent_evidence	a fixed offset is visible, but no unique owner, complete compatible layout, and independent typed boundary jointly prove a field	0	0	local_8->field_012D = *(undefined2 *)(local_c + 0x40);
004A67A0/raw_pointer_offset/b191b7afd9a7/1	004A67A0	STGroupBoatC::RestoreGrpBData	1	75	packed_unaligned_or_union_view	the exact access is misaligned for its width; preserve the packed/unaligned per-use view until a complete union partition is proven	0	0	local_8->field_00E5 = *(undefined2 *)(local_c + 0x2b);
004A67A0/raw_pointer_offset/b987d470af01/1	004A67A0	STGroupBoatC::RestoreGrpBData	5	91	packed_unaligned_or_union_view	the exact access is misaligned for its width; preserve the packed/unaligned per-use view until a complete union partition is proven	0	0	local_8->field_0115 = *(undefined2 *)(local_c + 0x39);
004A67A0/raw_pointer_offset/c07f96efba86/1	004A67A0	STGroupBoatC::RestoreGrpBData	6	94	insufficient_independent_evidence	a fixed offset is visible, but no unique owner, complete compatible layout, and independent typed boundary jointly prove a field	0	0	local_8->field_0119 = *(undefined2 *)(local_c + 0x3a);
004A67A0/raw_pointer_offset/d691604d7e27/1	004A67A0	STGroupBoatC::RestoreGrpBData	3	82	insufficient_independent_evidence	a fixed offset is visible, but no unique owner, complete compatible layout, and independent typed boundary jointly prove a field	0	0	local_8->field_00F9 = *(short *)(local_c + 0x30);
004A67A0/raw_pointer_offset/eb9f362c6411/1	004A67A0	STGroupBoatC::RestoreGrpBData	11	152	packed_unaligned_or_union_view	the exact access is misaligned for its width; preserve the packed/unaligned per-use view until a complete union partition is proven	0	0	local_8->field_01A1 = *(undefined2 *)(local_c + 0x5f);
004ABF00/raw_pointer_offset/27a41d548a24/1	004ABF00	STT3DSprC::SetCurShad	1	54	packed_unaligned_or_union_view	the exact access is misaligned for its width; preserve the packed/unaligned per-use view until a complete union partition is proven	0	0	if (*(int *)(*(int *)(&pSVar1->field_0020->field_0x0 + param_1 * 0x24) + 0x29) != 0) {
004AC1A0/raw_pointer_offset/94c962fc214e/1	004AC1A0	STT3DSprC::StartShow	1	179	packed_unaligned_or_union_view	the exact access is misaligned for its width; preserve the packed/unaligned per-use view until a complete union partition is proven	0	0	if (*(int *)(*(int *)(&pSVar1->field_0020->field_0x0 + iVar3) + 0x29) == 0)
004AD6C0/raw_pointer_offset/1de2f69d23c3/1	004AD6C0	FUN_004ad6c0	1	23	packed_unaligned_or_union_view	the exact access is misaligned for its width; preserve the packed/unaligned per-use view until a complete union partition is proven	0	0	iVar2 = *(int *)(*(int *)(param_4->field_0020 + param_4->field_0013 * 0x24) + 0x29);
004B1120/raw_pointer_offset/512f7309045d/1	004B1120	FUN_004b1120	1	38	insufficient_independent_evidence	a fixed offset is visible, but no unique owner, complete compatible layout, and independent typed boundary jointly prove a field	0	0	piVar4 = *(int **)(param_6 + 0x18);
004B1120/raw_pointer_offset/512f7309045d/2	004B1120	FUN_004b1120	2	132	insufficient_independent_evidence	a fixed offset is visible, but no unique owner, complete compatible layout, and independent typed boundary jointly prove a field	0	0	piVar4 = *(int **)(param_6 + 0x18);
004B1120/raw_pointer_offset/512f7309045d/3	004B1120	FUN_004b1120	3	152	insufficient_independent_evidence	a fixed offset is visible, but no unique owner, complete compatible layout, and independent typed boundary jointly prove a field	0	0	piVar4 = *(int **)(param_6 + 0x18);
004B1120/raw_pointer_offset/512f7309045d/4	004B1120	FUN_004b1120	4	176	insufficient_independent_evidence	a fixed offset is visible, but no unique owner, complete compatible layout, and independent typed boundary jointly prove a field	0	0	piVar4 = *(int **)(param_6 + 0x18);
004B1120/raw_pointer_offset/512f7309045d/5	004B1120	FUN_004b1120	5	191	insufficient_independent_evidence	a fixed offset is visible, but no unique owner, complete compatible layout, and independent typed boundary jointly prove a field	0	0	piVar4 = *(int **)(param_6 + 0x18);
004B1690/raw_pointer_offset/a5b0d35a26b8/1	004B1690	FUN_004b1690	1	84	array_or_pointer_walk	indexed or induction-variable addressing proves a walk, but not one fixed member or a unique public element type	0	0	if (*(int *)(local_8 + param_4 + param_2 * -0xc + param_1 * -4 + iVar8 * 4 + 0x10) == 1)
004B33D0/raw_pointer_offset/59ca64c64d55/1	004B33D0	FUN_004b33d0	1	463	packed_unaligned_or_union_view	the exact access is misaligned for its width; preserve the packed/unaligned per-use view until a complete union partition is proven	0	0	else if ((*(int *)(pbVar27 + 0x19) < 0) || (local_88 < *(int *)(pbVar27 + 0x19))) {
004B6D20/raw_pointer_offset/f661a4d6920b/1	004B6D20	FUN_004b6d20	1	21	intentional_byte_cursor	the value is traversed as byte storage; semantic element identity is not independently proven	0	0	if (STField<uint>(param_1,0x24) == (uint)*(byte *)(STField<int>(param_1,0x10) + 0x112d)) {
004B6D70/raw_pointer_offset/f661a4d6920b/1	004B6D70	FUN_004b6d70	1	37	intentional_byte_cursor	the value is traversed as byte storage; semantic element identity is not independently proven	0	0	if (STField<uint>(param_1,0x24) == (uint)*(byte *)(STField<int>(param_1,0x10) + 0x112d)) {
004B9FA0/raw_pointer_offset/0eaabb7594c3/1	004B9FA0	TLOBaseTy::GetMessage	2	307	array_or_pointer_walk	indexed or induction-variable addressing proves a walk, but not one fixed member or a unique public element type	0	0	*(int *)(*(int *)&this_00->field_05FF->field_0x20 + 0x20 + iVar25) = aiStack_544[iVar38];
004B9FA0/raw_pointer_offset/5254f9874033/1	004B9FA0	TLOBaseTy::GetMessage	1	305	array_or_pointer_walk	indexed or induction-variable addressing proves a walk, but not one fixed member or a unique public element type	0	0	*(undefined4 *)(*(int *)&this_00->field_05FF->field_0x20 + 0x1c + iVar25) =
004BEA70/raw_pointer_offset/0855245d3bf7/1	004BEA70	TLOBaseTy::sub_004BEA70	5	1264	insufficient_independent_evidence	a fixed offset is visible, but no unique owner, complete compatible layout, and independent typed boundary jointly prove a field	0	0	*(undefined2 *)(param_1 + 0xc) = *(undefined2 *)(puVar16 + -8);
004BEA70/raw_pointer_offset/0855245d3bf7/2	004BEA70	TLOBaseTy::sub_004BEA70	16	1619	insufficient_independent_evidence	a fixed offset is visible, but no unique owner, complete compatible layout, and independent typed boundary jointly prove a field	0	0	*(undefined2 *)(param_1 + 0xc) = *(undefined2 *)(puVar16 + -8);
004BEA70/raw_pointer_offset/142be55741df/1	004BEA70	TLOBaseTy::sub_004BEA70	8	1282	insufficient_independent_evidence	a fixed offset is visible, but no unique owner, complete compatible layout, and independent typed boundary jointly prove a field	0	0	*(undefined2 *)(param_1 + 0x12) = *(undefined2 *)(puVar16 + -8);
004BEA70/raw_pointer_offset/142be55741df/2	004BEA70	TLOBaseTy::sub_004BEA70	17	1625	insufficient_independent_evidence	a fixed offset is visible, but no unique owner, complete compatible layout, and independent typed boundary jointly prove a field	0	0	*(undefined2 *)(param_1 + 0x12) = *(undefined2 *)(puVar16 + -8);
004BEA70/raw_pointer_offset/3c66cdfe5f2e/1	004BEA70	TLOBaseTy::sub_004BEA70	11	1300	packed_unaligned_or_union_view	the exact access is misaligned for its width; preserve the packed/unaligned per-use view until a complete union partition is proven	0	0	*(undefined2 *)(param_1 + 0x15) = *(undefined2 *)(puVar16 + -8);
004BEA70/raw_pointer_offset/4cf487b84f90/1	004BEA70	TLOBaseTy::sub_004BEA70	1	1215	intentional_byte_cursor	the value is traversed as byte storage; semantic element identity is not independently proven	0	0	*(undefined1 *)((int)param_1 + 0x2f + (int)piVar3) = 0xff;
004BEA70/raw_pointer_offset/5f29fbc0c8a9/1	004BEA70	TLOBaseTy::sub_004BEA70	6	1269	insufficient_independent_evidence	a fixed offset is visible, but no unique owner, complete compatible layout, and independent typed boundary jointly prove a field	0	0	*(undefined2 *)(param_1 + 0xe) = uVar24;
004BEA70/raw_pointer_offset/5f29fbc0c8a9/2	004BEA70	TLOBaseTy::sub_004BEA70	12	1582	insufficient_independent_evidence	a fixed offset is visible, but no unique owner, complete compatible layout, and independent typed boundary jointly prove a field	0	0	*(undefined2 *)(param_1 + 0xe) = uVar24;
004BEA70/raw_pointer_offset/71fb40d6b8af/1	004BEA70	TLOBaseTy::sub_004BEA70	7	1276	packed_unaligned_or_union_view	the exact access is misaligned for its width; preserve the packed/unaligned per-use view until a complete union partition is proven	0	0	*(undefined2 *)(param_1 + 0xf) = *(undefined2 *)(puVar16 + -8);
004BEA70/raw_pointer_offset/71fb40d6b8af/2	004BEA70	TLOBaseTy::sub_004BEA70	15	1607	packed_unaligned_or_union_view	the exact access is misaligned for its width; preserve the packed/unaligned per-use view until a complete union partition is proven	0	0	*(undefined2 *)(param_1 + 0xf) = *(undefined2 *)(puVar16 + -8);
004BEA70/raw_pointer_offset/742f3b4bde5b/1	004BEA70	TLOBaseTy::sub_004BEA70	4	1257	packed_unaligned_or_union_view	the exact access is misaligned for its width; preserve the packed/unaligned per-use view until a complete union partition is proven	0	0	*(undefined2 *)(param_1 + 0xb) = uVar24;
004BEA70/raw_pointer_offset/742f3b4bde5b/2	004BEA70	TLOBaseTy::sub_004BEA70	14	1600	packed_unaligned_or_union_view	the exact access is misaligned for its width; preserve the packed/unaligned per-use view until a complete union partition is proven	0	0	*(undefined2 *)(param_1 + 0xb) = uVar24;
004BEA70/raw_pointer_offset/8067efe1e646/1	004BEA70	TLOBaseTy::sub_004BEA70	9	1287	packed_unaligned_or_union_view	the exact access is misaligned for its width; preserve the packed/unaligned per-use view until a complete union partition is proven	0	0	*(undefined2 *)(param_1 + 0x11) = uVar24;
004BEA70/raw_pointer_offset/8067efe1e646/2	004BEA70	TLOBaseTy::sub_004BEA70	13	1588	packed_unaligned_or_union_view	the exact access is misaligned for its width; preserve the packed/unaligned per-use view until a complete union partition is proven	0	0	*(undefined2 *)(param_1 + 0x11) = uVar24;
004BEA70/raw_pointer_offset/86b2e4c2764d/1	004BEA70	TLOBaseTy::sub_004BEA70	2	1222	intentional_byte_cursor	the value is traversed as byte storage; semantic element identity is not independently proven	0	0	*(char *)((int)param_1 + 0x2f + (int)piVar3) =
004BEA70/raw_pointer_offset/8e672342f863/1	004BEA70	TLOBaseTy::sub_004BEA70	10	1293	insufficient_independent_evidence	a fixed offset is visible, but no unique owner, complete compatible layout, and independent typed boundary jointly prove a field	0	0	*(undefined2 *)(param_1 + 0x14) = uVar24;
004BEA70/raw_pointer_offset/a262493486d1/1	004BEA70	TLOBaseTy::sub_004BEA70	3	1226	intentional_byte_cursor	the value is traversed as byte storage; semantic element identity is not independently proven	0	0	*(byte *)((int)param_1 + 0x25 + (int)piVar3) = bVar4;
004C2810/raw_pointer_offset/47fddf368600/1	004C2810	FUN_004c2810	1	10	packed_unaligned_or_union_view	the exact access is misaligned for its width; preserve the packed/unaligned per-use view until a complete union partition is proven	0	0	if (*(int *)(param_1 + 0x265) != 0) {
004C7CC0/raw_pointer_offset/0b84be3b9c47/1	004C7CC0	TLOBaseTy::FUN_004c7cc0	1	145	insufficient_independent_evidence	a fixed offset is visible, but no unique owner, complete compatible layout, and independent typed boundary jointly prove a field	0	0	*(uint *)(this->field_03D4 * 0x27 + 0xc + (int)this->field_0607) = param_5;
004C7CC0/raw_pointer_offset/1e195f00334d/1	004C7CC0	TLOBaseTy::FUN_004c7cc0	2	146	insufficient_independent_evidence	a fixed offset is visible, but no unique owner, complete compatible layout, and independent typed boundary jointly prove a field	0	0	*(undefined4 *)(this->field_03D4 * 0x27 + 0x10 + (int)this->field_0607) = param_6;
004C7CC0/raw_pointer_offset/4f586a07d3fe/1	004C7CC0	TLOBaseTy::FUN_004c7cc0	3	147	insufficient_independent_evidence	a fixed offset is visible, but no unique owner, complete compatible layout, and independent typed boundary jointly prove a field	0	0	*(int *)(this->field_03D4 * 0x27 + 0x14 + (int)this->field_0607) = param_7;
004CBFB0/raw_pointer_offset/faa709cd0255/1	004CBFB0	FUN_004cbfb0	1	10	insufficient_independent_evidence	a fixed offset is visible, but no unique owner, complete compatible layout, and independent typed boundary jointly prove a field	0	0	switch(*(undefined4 *)(param_1 + 0x5ac)) {
004CC840/raw_pointer_offset/32de8c7ad415/1	004CC840	FUN_004cc840	1	14	insufficient_independent_evidence	a fixed offset is visible, but no unique owner, complete compatible layout, and independent typed boundary jointly prove a field	0	0	iVar1 = (**(code **)(*param_1 + 0x7c))();
004CE0F0/raw_pointer_offset/d5a5bd15a6bd/1	004CE0F0	TLOBaseTy::sub_004CE0F0	1	35	insufficient_independent_evidence	a fixed offset is visible, but no unique owner, complete compatible layout, and independent typed boundary jointly prove a field	0	0	*(undefined4 *)(*param_1 + 0xc) = 0;
004D10A0/raw_pointer_offset/bbfff59fb456/1	004D10A0	TLOEmbryoTy::sub_004D10A0	1	19	insufficient_independent_evidence	a fixed offset is visible, but no unique owner, complete compatible layout, and independent typed boundary jointly prove a field	0	0	uVar2 = (*(int *)(this->field_01F5 + 0x18 + this->field_02F0 * 0x24) -
004D10A0/raw_pointer_offset/da3175ba391f/1	004D10A0	TLOEmbryoTy::sub_004D10A0	2	20	array_or_pointer_walk	indexed or induction-variable addressing proves a walk, but not one fixed member or a unique public element type	0	0	*(int *)(this->field_01F5 + this->field_02F0 * 0x24 + 0x10)) + uVar1;
004D2FD0/raw_pointer_offset/2a6362588841/1	004D2FD0	FUN_004d2fd0	1	61	intentional_byte_cursor	the value is traversed as byte storage; semantic element identity is not independently proven	0	0	local_14 = STPointerBoundaryCast<byte *>(STT3DSprC::SaveSpr(*(STT3DSprC **)(param_1 + 0x35c),&local_4d));
004D2FD0/raw_pointer_offset/2bb6428b9792/1	004D2FD0	FUN_004d2fd0	5	106	array_or_pointer_walk	indexed or induction-variable addressing proves a walk, but not one fixed member or a unique public element type	0	0	pbVar7 = local_8 + *(int *)((int)local_45 + iVar2 + 0xc);
004D2FD0/raw_pointer_offset/6f9d93d1b66a/1	004D2FD0	FUN_004d2fd0	3	73	array_or_pointer_walk	indexed or induction-variable addressing proves a walk, but not one fixed member or a unique public element type	0	0	*(RecoveredRecordView_0060EA30_C6688588 **)((int)local_45 + iVar2 + 0xc) = local_c;
004D2FD0/raw_pointer_offset/7a8144ef0aee/1	004D2FD0	FUN_004d2fd0	2	67	insufficient_independent_evidence	a fixed offset is visible, but no unique owner, complete compatible layout, and independent typed boundary jointly prove a field	0	0	if (*(int *)(param_1 + 0x370) == 0) {
004D2FD0/raw_pointer_offset/7a8144ef0aee/2	004D2FD0	FUN_004d2fd0	4	100	insufficient_independent_evidence	a fixed offset is visible, but no unique owner, complete compatible layout, and independent typed boundary jointly prove a field	0	0	if (*(int *)(param_1 + 0x370) == 0) {
004D2FD0/raw_pointer_offset/7a8144ef0aee/3	004D2FD0	FUN_004d2fd0	7	128	insufficient_independent_evidence	a fixed offset is visible, but no unique owner, complete compatible layout, and independent typed boundary jointly prove a field	0	0	if (*(int *)(param_1 + 0x370) == 0) {
004D2FD0/raw_pointer_offset/e121aa63eaef/1	004D2FD0	FUN_004d2fd0	6	122	insufficient_independent_evidence	a fixed offset is visible, but no unique owner, complete compatible layout, and independent typed boundary jointly prove a field	0	0	STPlaySystemC::SaveObjData(g_playSystem_00802A38,*(int **)(param_1 + 0x18),local_8,(uint)local_c);
004D55B0/raw_pointer_offset/64334b20be6e/1	004D55B0	TLOEmbryoTy::GetMessage	1	80	insufficient_independent_evidence	a fixed offset is visible, but no unique owner, complete compatible layout, and independent typed boundary jointly prove a field	0	0	local_24 = *(undefined4 *)(this_00->field_000C + 0x14);
004D55B0/raw_pointer_offset/babc81b8e7f9/1	004D55B0	TLOEmbryoTy::GetMessage	2	187	intentional_byte_cursor	the value is traversed as byte storage; semantic element identity is not independently proven	0	0	cVar16 = *(char *)((message->arg0).u32 + 0xe);
004D55B0/raw_pointer_offset/de8f5bf8cefb/1	004D55B0	TLOEmbryoTy::GetMessage	3	194	intentional_byte_cursor	the value is traversed as byte storage; semantic element identity is not independently proven	0	0	pcVar15 = *(char **)((message->arg0).u32 + 0x17);
004D55B0/raw_pointer_offset/e48d140460fc/1	004D55B0	TLOEmbryoTy::GetMessage	5	411	insufficient_independent_evidence	a fixed offset is visible, but no unique owner, complete compatible layout, and independent typed boundary jointly prove a field	0	0	if (**(int **)(this_00->field_01F5 + 0x1d4) < (int)uVar7) {
004D55B0/raw_pointer_offset/e80d452c6f3c/1	004D55B0	TLOEmbryoTy::GetMessage	4	334	array_or_pointer_walk	indexed or induction-variable addressing proves a walk, but not one fixed member or a unique public element type	0	0	auStack_17c[iVar11] = *(undefined4 *)(this_00->field_01F5 + 0x1c + iVar9);
004D6C20/raw_pointer_offset/3e61d07172f6/1	004D6C20	FUN_004d6c20	1	8	insufficient_independent_evidence	a fixed offset is visible, but no unique owner, complete compatible layout, and independent typed boundary jointly prove a field	0	0	if ((*(int *)(param_1 + 0x2a0) == 0) && (*(int *)(param_1 + 0x2e4) == 0)) {
004D6D30/raw_pointer_offset/b797a41515e7/1	004D6D30	FUN_004d6d30	1	10	insufficient_independent_evidence	a fixed offset is visible, but no unique owner, complete compatible layout, and independent typed boundary jointly prove a field	0	0	(**(code **)(*param_1 + 0xf8))();
004D6F70/raw_pointer_offset/098e51be446a/1	004D6F70	FUN_004d6f70	1	28	intentional_byte_cursor	the value is traversed as byte storage; semantic element identity is not independently proven	0	0	if (param_1[9] == (uint)*(byte *)(param_1[4] + 0x112d)) {
004D7010/raw_pointer_offset/3e2bc341b33c/1	004D7010	FUN_004d7010	2	11	packed_unaligned_or_union_view	the exact access is misaligned for its width; preserve the packed/unaligned per-use view until a complete union partition is proven	0	0	*(uint *)(param_1 + 0x115) = uVar1;
004D7010/raw_pointer_offset/c6d7e70a36dd/1	004D7010	FUN_004d7010	1	10	packed_unaligned_or_union_view	the exact access is misaligned for its width; preserve the packed/unaligned per-use view until a complete union partition is proven	0	0	*(uint *)(param_1 + 0x119) = uVar1;
004D9B20/raw_pointer_offset/f661a4d6920b/1	004D9B20	FUN_004d9b20	1	21	intentional_byte_cursor	the value is traversed as byte storage; semantic element identity is not independently proven	0	0	if (STField<uint>(param_1,0x24) == (uint)*(byte *)(STField<int>(param_1,0x10) + 0x112d)) {
004DBCC0/raw_pointer_offset/31bdc080b829/1	004DBCC0	FUN_004dbcc0	1	20	array_or_pointer_walk	indexed or induction-variable addressing proves a walk, but not one fixed member or a unique public element type	0	0	if ((*(int *)((int)this + (int)param_1 * 4 + 0x4d0) != 0) &&
004DBCC0/raw_pointer_offset/4fa0c34fe7c1/1	004DBCC0	FUN_004dbcc0	4	24	array_or_pointer_walk	indexed or induction-variable addressing proves a walk, but not one fixed member or a unique public element type	0	0	*(undefined4 *)((int)this + (int)param_1 * 4 + 0x4e0) = 100;
004DBCC0/raw_pointer_offset/80d40de6e013/1	004DBCC0	FUN_004dbcc0	2	21	array_or_pointer_walk	indexed or induction-variable addressing proves a walk, but not one fixed member or a unique public element type	0	0	(*(int *)((int)this + (int)param_1 * 4 + 0x4e8) != 0)) {
004DBCC0/raw_pointer_offset/9dab177f1af0/1	004DBCC0	FUN_004dbcc0	6	28	array_or_pointer_walk	indexed or induction-variable addressing proves a walk, but not one fixed member or a unique public element type	0	0	*(undefined4 *)((int)this + (int)param_1 * 4 + 0x4e0) = 0;
004DBCC0/raw_pointer_offset/d13193ebee96/1	004DBCC0	FUN_004dbcc0	5	27	array_or_pointer_walk	indexed or induction-variable addressing proves a walk, but not one fixed member or a unique public element type	0	0	if (*(int *)((int)this + (int)param_1 * 4 + 0x4e0) < 0) {
004DBCC0/raw_pointer_offset/e2d743cd6bee/1	004DBCC0	FUN_004dbcc0	3	22	array_or_pointer_walk	indexed or induction-variable addressing proves a walk, but not one fixed member or a unique public element type	0	0	*(int *)((int)this + (int)param_1 * 4 + 0x4e0) = param_2;
004DBF30/raw_pointer_offset/30267d457dea/1	004DBF30	FUN_004dbf30	3	21	array_or_pointer_walk	indexed or induction-variable addressing proves a walk, but not one fixed member or a unique public element type	0	0	*(undefined4 *)((int)this + (int)param_1 * 4 + 0x4e8) = 1;
004DBF30/raw_pointer_offset/62d6e6146773/1	004DBF30	FUN_004dbf30	4	45	array_or_pointer_walk	indexed or induction-variable addressing proves a walk, but not one fixed member or a unique public element type	0	0	*(undefined4 *)((int)this + (int)param_1 * 4 + 0x4e8) = 0;
004DBF30/raw_pointer_offset/695be29bd295/1	004DBF30	FUN_004dbf30	1	18	array_or_pointer_walk	indexed or induction-variable addressing proves a walk, but not one fixed member or a unique public element type	0	0	if (*(int *)((int)this + (int)param_1 * 4 + 0x4d0) != 0) {
004DBF30/raw_pointer_offset/de069a3e583e/1	004DBF30	FUN_004dbf30	2	20	array_or_pointer_walk	indexed or induction-variable addressing proves a walk, but not one fixed member or a unique public element type	0	0	if (*(int *)((int)this + (int)param_1 * 4 + 0x4e8) == 0) {
004DD070/raw_pointer_offset/03861ac39bed/1	004DD070	FUN_004dd070	1	21	insufficient_independent_evidence	a fixed offset is visible, but no unique owner, complete compatible layout, and independent typed boundary jointly prove a field	0	0	uVar2 = iVar1 - *(int *)(param_1->field_01F5 + 0x208);
004DD260/raw_pointer_offset/5cc15e962ec9/1	004DD260	FUN_004dd260	1	13	insufficient_independent_evidence	a fixed offset is visible, but no unique owner, complete compatible layout, and independent typed boundary jointly prove a field	0	0	iVar1 == *(int *)(param_1->field_01F5 + 0x20c))) {
004DDBA0/raw_pointer_offset/4ea1649c454b/1	004DDBA0	FUN_004ddba0	1	27	array_or_pointer_walk	indexed or induction-variable addressing proves a walk, but not one fixed member or a unique public element type	0	0	return *(undefined4 *)(&DAT_007e601c + (iVar1 + param_1 * 5 + -0x2ee) * 4);
004DDD50/raw_pointer_offset/0c1159fcd48c/1	004DDD50	FUN_004ddd50	1	96	intentional_byte_cursor	the value is traversed as byte storage; semantic element identity is not independently proven	0	0	if ((bVar3) && (param_1[9] == (uint)*(byte *)(param_1[4] + 0x112d))) {
004DE4F0/raw_pointer_offset/877b84764236/1	004DE4F0	FUN_004de4f0	2	85	insufficient_independent_evidence	a fixed offset is visible, but no unique owner, complete compatible layout, and independent typed boundary jointly prove a field	0	0	iVar2 = (**(code **)(*local_8 + 0x2c))();
004DE4F0/raw_pointer_offset/da786de088a3/1	004DE4F0	FUN_004de4f0	1	57	insufficient_independent_evidence	a fixed offset is visible, but no unique owner, complete compatible layout, and independent typed boundary jointly prove a field	0	0	SVar1 = (**(code **)(*local_8 + 0x2c))();
004DE820/raw_pointer_offset/838a1797a854/1	004DE820	FUN_004de820	1	20	insufficient_independent_evidence	a fixed offset is visible, but no unique owner, complete compatible layout, and independent typed boundary jointly prove a field	0	0	if (iVar3 != *(int *)(param_1->field_01F5 + 0x1c4)) {
004DFC70/raw_pointer_offset/301afb675ca3/1	004DFC70	FUN_004dfc70	2	64	insufficient_independent_evidence	a fixed offset is visible, but no unique owner, complete compatible layout, and independent typed boundary jointly prove a field	0	0	iVar3 = (**(code **)(*param_1 + 0x2c))();
004DFC70/raw_pointer_offset/70951d604b76/1	004DFC70	FUN_004dfc70	1	45	insufficient_independent_evidence	a fixed offset is visible, but no unique owner, complete compatible layout, and independent typed boundary jointly prove a field	0	0	SVar2 = (**(code **)(*param_1 + 0x2c))();
004E1310/raw_pointer_offset/a4b95fd87ee6/1	004E1310	FUN_004e1310	1	16	intentional_byte_cursor	the value is traversed as byte storage; semantic element identity is not independently proven	0	0	if (param_1->field_0024 == (uint)*(byte *)(param_1->field_0010 + 0x112d)) {
004E1F70/raw_pointer_offset/858c19160f7e/1	004E1F70	FUN_004e1f70	1	12	array_or_pointer_walk	indexed or induction-variable addressing proves a walk, but not one fixed member or a unique public element type	0	0	return (uint)(*(int *)((int)this + param_1 * 0x28 + 0x4d0) == 0);
004E1FB0/raw_pointer_offset/82438f843c7e/1	004E1FB0	FUN_004e1fb0	1	17	array_or_pointer_walk	indexed or induction-variable addressing proves a walk, but not one fixed member or a unique public element type	0	0	*(uint *)((int)this + param_1 * 0x28 + 0x4d0) = param_2;
004E20D0/raw_pointer_offset/03c31522e28c/1	004E20D0	FUN_004e20d0	4	17	array_or_pointer_walk	indexed or induction-variable addressing proves a walk, but not one fixed member or a unique public element type	0	0	*(STBoatC_field_06F7State *)((int)this + (param_1 * 5 + 0x9b) * 8) = param_3;
004E20D0/raw_pointer_offset/1406b4ec3332/1	004E20D0	FUN_004e20d0	5	18	array_or_pointer_walk	indexed or induction-variable addressing proves a walk, but not one fixed member or a unique public element type	0	0	*(undefined4 *)((int)this + param_1 * 0x28 + 0x4e4) =
004E20D0/raw_pointer_offset/1f34adaed86b/1	004E20D0	FUN_004e20d0	1	14	array_or_pointer_walk	indexed or induction-variable addressing proves a walk, but not one fixed member or a unique public element type	0	0	if ((*(int *)((int)this + param_1 * 0x28 + 0x4d0) == param_2) &&
004E20D0/raw_pointer_offset/87c9ba402e21/1	004E20D0	FUN_004e20d0	2	15	array_or_pointer_walk	indexed or induction-variable addressing proves a walk, but not one fixed member or a unique public element type	0	0	(*(int *)((int)this + param_1 * 0x28 + 0x4d4) == 0)) {
004E20D0/raw_pointer_offset/d53f3ca3745b/1	004E20D0	FUN_004e20d0	3	16	array_or_pointer_walk	indexed or induction-variable addressing proves a walk, but not one fixed member or a unique public element type	0	0	*(undefined4 *)((int)this + param_1 * 0x28 + 0x4d4) = 1;
004E2190/raw_pointer_offset/c5fbe7644221/1	004E2190	FUN_004e2190	2	17	array_or_pointer_walk	indexed or induction-variable addressing proves a walk, but not one fixed member or a unique public element type	0	0	(*(int *)((int)this + (int)param_1 * 0x28 + 0x4d4) != 0)) {
004E2190/raw_pointer_offset/f3a31dae2636/1	004E2190	FUN_004e2190	1	14	array_or_pointer_walk	indexed or induction-variable addressing proves a walk, but not one fixed member or a unique public element type	0	0	pRVar1 = *(RecoveredRecordView_005EFAE0_855D930D **)((int)this + (int)param_1 * 0x28 + 0x4d0);
004E2200/raw_pointer_offset/1f34adaed86b/1	004E2200	FUN_004e2200	1	10	array_or_pointer_walk	indexed or induction-variable addressing proves a walk, but not one fixed member or a unique public element type	0	0	if ((*(int *)((int)this + param_1 * 0x28 + 0x4d0) == param_2) &&
004E2200/raw_pointer_offset/41d2466c640e/1	004E2200	FUN_004e2200	7	16	array_or_pointer_walk	indexed or induction-variable addressing proves a walk, but not one fixed member or a unique public element type	0	0	*(undefined4 *)((int)this + param_1 * 0x28 + 0x4f0) = 0;
004E2200/raw_pointer_offset/4da3a8ec81a2/1	004E2200	FUN_004e2200	3	12	array_or_pointer_walk	indexed or induction-variable addressing proves a walk, but not one fixed member or a unique public element type	0	0	*(undefined4 *)((int)this + param_1 * 0x28 + 0x4e0) = param_3;
004E2200/raw_pointer_offset/5665306008fc/1	004E2200	FUN_004e2200	8	17	array_or_pointer_walk	indexed or induction-variable addressing proves a walk, but not one fixed member or a unique public element type	0	0	*(undefined4 *)((int)this + param_1 * 0x28 + 0x4f4) = 0;
004E2200/raw_pointer_offset/6ca992e65c53/1	004E2200	FUN_004e2200	4	13	array_or_pointer_walk	indexed or induction-variable addressing proves a walk, but not one fixed member or a unique public element type	0	0	*(undefined4 *)((int)this + param_1 * 0x28 + 0x4dc) = param_3;
004E2200/raw_pointer_offset/6fc1d169b516/1	004E2200	FUN_004e2200	6	15	array_or_pointer_walk	indexed or induction-variable addressing proves a walk, but not one fixed member or a unique public element type	0	0	*(undefined4 *)((int)this + param_1 * 0x28 + 0x4ec) = 0;
004E2200/raw_pointer_offset/79fbefc529fd/1	004E2200	FUN_004e2200	5	14	array_or_pointer_walk	indexed or induction-variable addressing proves a walk, but not one fixed member or a unique public element type	0	0	*(uint *)((int)this + param_1 * 0x28 + 0x4e8) = g_playSystem_00802A38->field_00E4;
004E2200/raw_pointer_offset/cf8a5981f651/1	004E2200	FUN_004e2200	2	11	array_or_pointer_walk	indexed or induction-variable addressing proves a walk, but not one fixed member or a unique public element type	0	0	(*(int *)((int)this + param_1 * 0x28 + 0x4d4) != 0)) {
004E22A0/raw_pointer_offset/1f34adaed86b/1	004E22A0	FUN_004e22a0	1	10	array_or_pointer_walk	indexed or induction-variable addressing proves a walk, but not one fixed member or a unique public element type	0	0	if ((*(int *)((int)this + param_1 * 0x28 + 0x4d0) == param_2) &&
004E22A0/raw_pointer_offset/aa460ef88700/1	004E22A0	FUN_004e22a0	3	12	array_or_pointer_walk	indexed or induction-variable addressing proves a walk, but not one fixed member or a unique public element type	0	0	*(undefined4 *)((int)this + param_1 * 0x28 + 0x4d4) = 0;
004E22A0/raw_pointer_offset/cf8a5981f651/1	004E22A0	FUN_004e22a0	2	11	array_or_pointer_walk	indexed or induction-variable addressing proves a walk, but not one fixed member or a unique public element type	0	0	(*(int *)((int)this + param_1 * 0x28 + 0x4d4) != 0)) {
004E22F0/raw_pointer_offset/533a2e64427b/1	004E22F0	FUN_004e22f0	1	20	array_or_pointer_walk	indexed or induction-variable addressing proves a walk, but not one fixed member or a unique public element type	0	0	if ((iVar1 == 0) && (*(int *)((int)this + param_1 * 0x28 + 0x4d4) != 0)) {
004E2340/raw_pointer_offset/1f34adaed86b/1	004E2340	FUN_004e2340	1	19	array_or_pointer_walk	indexed or induction-variable addressing proves a walk, but not one fixed member or a unique public element type	0	0	if ((*(int *)((int)this + param_1 * 0x28 + 0x4d0) == param_2) &&
004E2340/raw_pointer_offset/9ae96343c048/1	004E2340	FUN_004e2340	3	38	array_or_pointer_walk	indexed or induction-variable addressing proves a walk, but not one fixed member or a unique public element type	0	0	iVar6 = *(int *)((int)this + param_1 * 0x28 + 0x4e8);
004E2340/raw_pointer_offset/c91dcc5de6f6/1	004E2340	FUN_004e2340	4	42	array_or_pointer_walk	indexed or induction-variable addressing proves a walk, but not one fixed member or a unique public element type	0	0	*(int *)((int)this + param_1 * 0x28 + 0x4e4)) /
004E2340/raw_pointer_offset/cf8a5981f651/1	004E2340	FUN_004e2340	2	20	array_or_pointer_walk	indexed or induction-variable addressing proves a walk, but not one fixed member or a unique public element type	0	0	(*(int *)((int)this + param_1 * 0x28 + 0x4d4) != 0)) {
004E3200/raw_pointer_offset/a01a35d231af/1	004E3200	TLOBaseTy::sub_004E3200	2	69	array_or_pointer_walk	indexed or induction-variable addressing proves a walk, but not one fixed member or a unique public element type	0	0	*(undefined4 *)(param_1[1] + 0xc) = 0;
004E3200/raw_pointer_offset/d5a5bd15a6bd/1	004E3200	TLOBaseTy::sub_004E3200	1	68	insufficient_independent_evidence	a fixed offset is visible, but no unique owner, complete compatible layout, and independent typed boundary jointly prove a field	0	0	*(undefined4 *)(*param_1 + 0xc) = 0;
004E4670/raw_pointer_offset/f661a4d6920b/1	004E4670	FUN_004e4670	1	21	intentional_byte_cursor	the value is traversed as byte storage; semantic element identity is not independently proven	0	0	if (STField<uint>(param_1,0x24) == (uint)*(byte *)(STField<int>(param_1,0x10) + 0x112d)) {
004E46F0/raw_pointer_offset/098e51be446a/1	004E46F0	FUN_004e46f0	1	51	intentional_byte_cursor	the value is traversed as byte storage; semantic element identity is not independently proven	0	0	if (param_1[9] == (uint)*(byte *)(param_1[4] + 0x112d)) {
004E46F0/raw_pointer_offset/42640f377b36/1	004E46F0	FUN_004e46f0	2	54	array_or_pointer_walk	indexed or induction-variable addressing proves a walk, but not one fixed member or a unique public element type	0	0	pSVar4 = thunk_FUN_0042b760((char)param_1[9],*(ushort *)(param_1 + 0xc));
004EF020/raw_pointer_offset/32f1f2bc7fbd/1	004EF020	BldBoatPanelTy::Update	1	35	array_or_pointer_walk	indexed or induction-variable addressing proves a walk, but not one fixed member or a unique public element type	0	0	uVar4 = *(uint *)((&this_00->field_027A)[(byte)this_00->field_0279] + 0xc);
004EF020/raw_pointer_offset/a13b1fd819e4/1	004EF020	BldBoatPanelTy::Update	2	42	array_or_pointer_walk	indexed or induction-variable addressing proves a walk, but not one fixed member or a unique public element type	0	0	uVar2 = *(uint *)((&this_00->field_027A)[(byte)this_00->field_0278] + 0xc);
004EF140/raw_pointer_offset/4a061d565a18/1	004EF140	BldBoatPanelTy::sub_004EF140	1	38	array_or_pointer_walk	indexed or induction-variable addressing proves a walk, but not one fixed member or a unique public element type	0	0	*(uint *)((&this->field_027A)[(byte)this->field_0278] + 0xc));
004EFFE0/raw_pointer_offset/181c388dd6ff/1	004EFFE0	BldLabPanelTy::PaintUpdBut	1	49	packed_unaligned_or_union_view	the exact access is misaligned for its width; preserve the packed/unaligned per-use view until a complete union partition is proven	0	0	local_c = *(short *)((int)this->field_0188 + 0x23) + -1;
004F0B60/raw_pointer_offset/52ac2b584651/1	004F0B60	BldObjPanelTy::Update	2	42	array_or_pointer_walk	indexed or induction-variable addressing proves a walk, but not one fixed member or a unique public element type	0	0	uVar2 = *(uint *)((&this_00->field_027E)[(byte)this_00->field_0278] + 0xc);
004F0B60/raw_pointer_offset/fbad9427a71f/1	004F0B60	BldObjPanelTy::Update	1	35	array_or_pointer_walk	indexed or induction-variable addressing proves a walk, but not one fixed member or a unique public element type	0	0	uVar4 = *(uint *)((&this_00->field_027E)[(byte)this_00->field_0279] + 0xc);
004F0C80/raw_pointer_offset/f4990f13c79b/1	004F0C80	BldObjPanelTy::sub_004F0C80	1	38	array_or_pointer_walk	indexed or induction-variable addressing proves a walk, but not one fixed member or a unique public element type	0	0	*(uint *)((&this->field_027E)[(byte)this->field_0278] + 0xc));
004F1890/raw_pointer_offset/a84f69a9475c/1	004F1890	CPanelTy::sub_004F1890	2	28	intentional_byte_cursor	the value is traversed as byte storage; semantic element identity is not independently proven	0	0	(uint)*(byte *)((int)this->field_0308 + (param_1 - 0x1e)));
004F1890/raw_pointer_offset/e74abc71078c/1	004F1890	CPanelTy::sub_004F1890	1	27	array_or_pointer_walk	indexed or induction-variable addressing proves a walk, but not one fixed member or a unique public element type	0	0	pRVar2 = FUN_0070b650(*(short **)((int)this->field_0308 + (uint)param_1 * 4 + -0x26),
004F42A0/raw_pointer_offset/928963d9104e/1	004F42A0	CPanelTy::PaintTab	1	39	insufficient_independent_evidence	a fixed offset is visible, but no unique owner, complete compatible layout, and independent typed boundary jointly prove a field	0	0	local_c = *(int *)((param_2->arg0).u32 + 0x10);
004F42A0/raw_pointer_offset/a7b060a5d008/1	004F42A0	CPanelTy::PaintTab	2	41	array_or_pointer_walk	indexed or induction-variable addressing proves a walk, but not one fixed member or a unique public element type	0	0	local_10 = *(int *)((param_2->arg0).u32 + 0xc) - (&this->field_003C)[uVar2];
004F80A0/raw_pointer_offset/00980d11d21c/1	004F80A0	CPanelTy::PaintTV	5	90	array_or_pointer_walk	indexed or induction-variable addressing proves a walk, but not one fixed member or a unique public element type	0	0	if (**(short **)((int)this_00->field_0308 + uVar12 * 4 + -0x26) <= (short)(ushort)bVar9) {
004F80A0/raw_pointer_offset/28e40eae926b/1	004F80A0	CPanelTy::PaintTV	11	180	array_or_pointer_walk	indexed or induction-variable addressing proves a walk, but not one fixed member or a unique public element type	0	0	if (**(short **)((int)this_00->field_0308 + uVar12 * 4 + -0x26) <= (short)(ushort)*pbVar13)
004F80A0/raw_pointer_offset/311c1ce6f674/1	004F80A0	CPanelTy::PaintTV	14	222	intentional_byte_cursor	the value is traversed as byte storage; semantic element identity is not independently proven	0	0	*(char **)((int)this_00->field_0308 + uVar12 * 4 + -0x12),6,0,1,0,
004F80A0/raw_pointer_offset/3941bb7fee58/1	004F80A0	CPanelTy::PaintTV	6	113	array_or_pointer_walk	indexed or induction-variable addressing proves a walk, but not one fixed member or a unique public element type	0	0	*(int *)((int)this_00->field_0308 + uVar12 * 4 + -0x1a))) {
004F80A0/raw_pointer_offset/3941bb7fee58/2	004F80A0	CPanelTy::PaintTV	9	171	array_or_pointer_walk	indexed or induction-variable addressing proves a walk, but not one fixed member or a unique public element type	0	0	*(int *)((int)this_00->field_0308 + uVar12 * 4 + -0x1a))) {
004F80A0/raw_pointer_offset/3941bb7fee58/3	004F80A0	CPanelTy::PaintTV	12	212	array_or_pointer_walk	indexed or induction-variable addressing proves a walk, but not one fixed member or a unique public element type	0	0	*(int *)((int)this_00->field_0308 + uVar12 * 4 + -0x1a))) {
004F80A0/raw_pointer_offset/6a018356220c/1	004F80A0	CPanelTy::PaintTV	3	84	array_or_pointer_walk	indexed or induction-variable addressing proves a walk, but not one fixed member or a unique public element type	0	0	*(int *)((int)this_00->field_0308 + uVar12 * 4 + -0x1a) = this_00->field_0038;
004F80A0/raw_pointer_offset/6a018356220c/2	004F80A0	CPanelTy::PaintTV	7	115	array_or_pointer_walk	indexed or induction-variable addressing proves a walk, but not one fixed member or a unique public element type	0	0	*(int *)((int)this_00->field_0308 + uVar12 * 4 + -0x1a) = this_00->field_0038;
004F80A0/raw_pointer_offset/6a018356220c/3	004F80A0	CPanelTy::PaintTV	10	173	array_or_pointer_walk	indexed or induction-variable addressing proves a walk, but not one fixed member or a unique public element type	0	0	*(int *)((int)this_00->field_0308 + uVar12 * 4 + -0x1a) = this_00->field_0038;
004F80A0/raw_pointer_offset/6a018356220c/4	004F80A0	CPanelTy::PaintTV	13	214	array_or_pointer_walk	indexed or induction-variable addressing proves a walk, but not one fixed member or a unique public element type	0	0	*(int *)((int)this_00->field_0308 + uVar12 * 4 + -0x1a) = this_00->field_0038;
004F80A0/raw_pointer_offset/71c4e09200d7/1	004F80A0	CPanelTy::PaintTV	2	83	array_or_pointer_walk	indexed or induction-variable addressing proves a walk, but not one fixed member or a unique public element type	0	0	*(int *)((int)this_00->field_0308 + uVar12 * 4 + -0x1a)))) {
004F80A0/raw_pointer_offset/9785096e4d84/1	004F80A0	CPanelTy::PaintTV	8	130	array_or_pointer_walk	indexed or induction-variable addressing proves a walk, but not one fixed member or a unique public element type	0	0	*(ushort **)((int)this_00->field_0308 + uVar12 * 4 + -0x26) = local_EAX_411;
004F80A0/raw_pointer_offset/998d37bc8557/1	004F80A0	CPanelTy::PaintTV	1	78	intentional_byte_cursor	the value is traversed as byte storage; semantic element identity is not independently proven	0	0	switch(*(undefined1 *)((int)this_00->field_0308 + (uVar12 - 0x1c))) {
004F80A0/raw_pointer_offset/e744c6dca4d3/1	004F80A0	CPanelTy::PaintTV	4	87	intentional_byte_cursor	the value is traversed as byte storage; semantic element identity is not independently proven	0	0	bVar9 = *(char *)((int)this_00->field_0308 + (uVar12 - 0x1e)) + 1;
004FA870/raw_pointer_offset/bbab1d0f3032/1	004FA870	CPanelTy::sub_004FA870	1	21	intentional_byte_cursor	the value is traversed as byte storage; semantic element identity is not independently proven	0	0	*(undefined1 *)((int)this->field_0B1F + param_1 + 0x2f) = 1;
004FB060/raw_pointer_offset/381953a0c401/1	004FB060	CPanelTy::GetMessage	1	281	intentional_byte_cursor	the value is traversed as byte storage; semantic element identity is not independently proven	0	0	if (*(char *)((int)local_44->field_0B1F + uVar3 + 0x83) != '\0') {
004FB060/raw_pointer_offset/381953a0c401/2	004FB060	CPanelTy::GetMessage	2	299	intentional_byte_cursor	the value is traversed as byte storage; semantic element identity is not independently proven	0	0	if (*(char *)((int)local_44->field_0B1F + uVar3 + 0x83) != '\0') {
004FB060/raw_pointer_offset/381953a0c401/3	004FB060	CPanelTy::GetMessage	3	373	intentional_byte_cursor	the value is traversed as byte storage; semantic element identity is not independently proven	0	0	if (*(char *)((int)local_44->field_0B1F + uVar3 + 0x83) != '\0') {
004FB060/raw_pointer_offset/3b3decd3efac/1	004FB060	CPanelTy::GetMessage	4	1194	intentional_byte_cursor	the value is traversed as byte storage; semantic element identity is not independently proven	0	0	if (*(char *)((int)this_00->field_0B1F + uVar5 + 0x30) != '\0') {
004FB060/raw_pointer_offset/52d6eea2e356/1	004FB060	CPanelTy::GetMessage	5	1298	intentional_byte_cursor	the value is traversed as byte storage; semantic element identity is not independently proven	0	0	*(undefined1 *)((int)this_00->field_0B1F + uVar5 + 0x30) = 0;
004FF110/raw_pointer_offset/1011d8d7ed14/1	004FF110	CPanelTy::SwitchTV	4	65	intentional_byte_cursor	the value is traversed as byte storage; semantic element identity is not independently proven	0	0	*(undefined1 *)((int)this_00->field_0308 + (uVar9 - 0x1e)) = 0;
004FF110/raw_pointer_offset/1011d8d7ed14/2	004FF110	CPanelTy::SwitchTV	7	76	intentional_byte_cursor	the value is traversed as byte storage; semantic element identity is not independently proven	0	0	*(undefined1 *)((int)this_00->field_0308 + (uVar9 - 0x1e)) = 0;
004FF110/raw_pointer_offset/17a413c0f27a/1	004FF110	CPanelTy::SwitchTV	1	52	intentional_byte_cursor	the value is traversed as byte storage; semantic element identity is not independently proven	0	0	cVar1 = *(char *)((int)local_10->field_0308 + (uVar9 - 0x1c));
004FF110/raw_pointer_offset/1fee5a28c05d/1	004FF110	CPanelTy::SwitchTV	2	63	array_or_pointer_walk	indexed or induction-variable addressing proves a walk, but not one fixed member or a unique public element type	0	0	*(ushort **)((int)this_00->field_0308 + uVar9 * 4 + -0x26) = puVar8;
004FF110/raw_pointer_offset/1fee5a28c05d/2	004FF110	CPanelTy::SwitchTV	6	75	array_or_pointer_walk	indexed or induction-variable addressing proves a walk, but not one fixed member or a unique public element type	0	0	*(ushort **)((int)this_00->field_0308 + uVar9 * 4 + -0x26) = puVar8;
004FF110/raw_pointer_offset/233d1f92b40a/1	004FF110	CPanelTy::SwitchTV	3	64	intentional_byte_cursor	the value is traversed as byte storage; semantic element identity is not independently proven	0	0	*(undefined1 *)((int)this_00->field_0308 + (uVar9 - 0x1c)) = 5;
004FF110/raw_pointer_offset/f57ed23aab11/1	004FF110	CPanelTy::SwitchTV	5	67	intentional_byte_cursor	the value is traversed as byte storage; semantic element identity is not independently proven	0	0	*(char **)((int)this_00->field_0308 + uVar9 * 4 + -0x12) = pcVar7;
004FF110/raw_pointer_offset/f57ed23aab11/2	004FF110	CPanelTy::SwitchTV	8	93	intentional_byte_cursor	the value is traversed as byte storage; semantic element identity is not independently proven	0	0	*(char **)((int)this_00->field_0308 + uVar9 * 4 + -0x12) = pcVar7;
005007A0/raw_pointer_offset/23afde727ddb/1	005007A0	CPanelTy::SetNewDeep	2	130	intentional_byte_cursor	the value is traversed as byte storage; semantic element identity is not independently proven	0	0	cVar1 = *(char *)((int)local_10->field_0B1F + (byte)local_10->field_02A8 + 0x6e);
005007A0/raw_pointer_offset/5e921005b697/1	005007A0	CPanelTy::SetNewDeep	1	86	intentional_byte_cursor	the value is traversed as byte storage; semantic element identity is not independently proven	0	0	if (*(char *)((int)local_10->field_0B1F + uVar9 + 0x6e) == '\0') {
005007A0/raw_pointer_offset/afd947bbf844/1	005007A0	CPanelTy::SetNewDeep	3	159	insufficient_independent_evidence	a fixed offset is visible, but no unique owner, complete compatible layout, and independent typed boundary jointly prove a field	0	0	*(undefined4 *)((int)pCVar4->field_0308 + (int)pRVar12 * 4 + -0x5e) = 0;
00500BD0/raw_pointer_offset/7a023adb08ec/1	00500BD0	CPanelTy::PaintNewDeep	4	57	intentional_byte_cursor	the value is traversed as byte storage; semantic element identity is not independently proven	0	0	bVar8 = *(char *)((int)pCVar4->field_0308 + (uVar6 - 0x62)) + 1;
00500BD0/raw_pointer_offset/890f0f620f01/1	00500BD0	CPanelTy::PaintNewDeep	5	94	intentional_byte_cursor	the value is traversed as byte storage; semantic element identity is not independently proven	0	0	cVar5 = *(char *)((int)pCVar4->field_0B1F + (byte)pCVar4->field_02A8 + 0x6e);
00500BD0/raw_pointer_offset/91d5c16258cd/1	00500BD0	CPanelTy::PaintNewDeep	1	52	intentional_byte_cursor	the value is traversed as byte storage; semantic element identity is not independently proven	0	0	if ((*(char *)((int)pCVar4->field_0308 + (uVar6 - 0x60)) != -1) &&
00500BD0/raw_pointer_offset/cb4ceaae0881/1	00500BD0	CPanelTy::PaintNewDeep	3	54	array_or_pointer_walk	indexed or induction-variable addressing proves a walk, but not one fixed member or a unique public element type	0	0	*(int *)((int)pCVar4->field_0308 + uVar6 * 4 + -0x5e) = pCVar4->field_0038;
00500BD0/raw_pointer_offset/ee49bf48c565/1	00500BD0	CPanelTy::PaintNewDeep	2	53	array_or_pointer_walk	indexed or induction-variable addressing proves a walk, but not one fixed member or a unique public element type	0	0	(199 < (uint)(pCVar4->field_0038 - *(int *)((int)pCVar4->field_0308 + uVar6 * 4 + -0x5e)))) {
00502360/raw_pointer_offset/facb9402120f/1	00502360	CPanelTy::SetControlBoat	1	155	array_or_pointer_walk	indexed or induction-variable addressing proves a walk, but not one fixed member or a unique public element type	0	0	*(undefined4 *)((int)local_bb0 + iVar5 + 0x110) = 1;
00503450/raw_pointer_offset/034f11ca020a/1	00503450	CPanelTy::SetControlBoatSI	2	153	intentional_byte_cursor	the value is traversed as byte storage; semantic element identity is not independently proven	0	0	local_14 = (uint *)(uint)*(byte *)((int)this_00->field_0B1F + uVar14 + 0x89);
00503450/raw_pointer_offset/2576ce227275/1	00503450	CPanelTy::SetControlBoatSI	1	117	intentional_byte_cursor	the value is traversed as byte storage; semantic element identity is not independently proven	0	0	if (*(char *)((int)this_00->field_0B1F + uVar14 + 0x83) == '\0') goto LAB_005036ae;
00503450/raw_pointer_offset/7d4d4737d24c/1	00503450	CPanelTy::SetControlBoatSI	4	174	array_or_pointer_walk	indexed or induction-variable addressing proves a walk, but not one fixed member or a unique public element type	0	0	*(BITMAPINFO **)((int)local_9f8 + iVar10 * 0x17c + 0x124) = pBVar6;
00503450/raw_pointer_offset/a7e5d18b0da2/1	00503450	CPanelTy::SetControlBoatSI	5	175	array_or_pointer_walk	indexed or induction-variable addressing proves a walk, but not one fixed member or a unique public element type	0	0	*(undefined4 *)((int)local_9f8 + iVar10 * 0x17c + 0x128) = 0x3c;
00503450/raw_pointer_offset/baabb5b66bd6/1	00503450	CPanelTy::SetControlBoatSI	3	168	array_or_pointer_walk	indexed or induction-variable addressing proves a walk, but not one fixed member or a unique public element type	0	0	*(undefined4 *)((int)local_9f8 + local_2c * 0x17c + 0x110) = 1;
00503BB0/raw_pointer_offset/1bb44271ba46/1	00503BB0	CPanelTy::SetCmdBoat	1	110	intentional_byte_cursor	the value is traversed as byte storage; semantic element identity is not independently proven	0	0	bVar1 = *(byte *)((int)this_00->field_0B1F + param_1 + 0x83);
005061C0/raw_pointer_offset/b6ec739883d7/1	005061C0	CPanelTy::PaintCtrlObj	1	903	array_or_pointer_walk	indexed or induction-variable addressing proves a walk, but not one fixed member or a unique public element type	0	0	*(int *)(this_00->field_09D9[5] + 8) + -0x21);
00507F60/raw_pointer_offset/b6ec739883d7/1	00507F60	CPanelTy::Update4PanelWB	1	834	array_or_pointer_walk	indexed or induction-variable addressing proves a walk, but not one fixed member or a unique public element type	0	0	*(int *)(this_00->field_09D9[5] + 8) + -0x21);
005097E0/raw_pointer_offset/2a096873ed0e/1	005097E0	CPanelTy::SetControlObj	1	197	array_or_pointer_walk	indexed or induction-variable addressing proves a walk, but not one fixed member or a unique public element type	0	0	*(undefined4 *)((int)local_b44 + iVar11 + 0x110) = 1;
0050C620/raw_pointer_offset/2c997f88abec/1	0050C620	CPanelTy::Update4PanelSI	1	596	packed_unaligned_or_union_view	the exact access is misaligned for its width; preserve the packed/unaligned per-use view until a complete union partition is proven	0	0	*(int *)((int)this_00->field_0A15 + uVar6 * 0x27 + 0x19) = iVar10;
0050E7D0/raw_pointer_offset/3755adcb4ad0/1	0050E7D0	CPanelTy::SetControlObjSI	4	379	packed_unaligned_or_union_view	the exact access is misaligned for its width; preserve the packed/unaligned per-use view until a complete union partition is proven	0	0	*(int *)(local_10 + 0xa2e) = iVar14;
0050E7D0/raw_pointer_offset/a5e90134e519/1	0050E7D0	CPanelTy::SetControlObjSI	2	217	array_or_pointer_walk	indexed or induction-variable addressing proves a walk, but not one fixed member or a unique public element type	0	0	*(BITMAPINFO **)((int)local_84c + iVar14 * 0x17c + 0x124) = pBVar7;
0050E7D0/raw_pointer_offset/c5bff94b01eb/1	0050E7D0	CPanelTy::SetControlObjSI	3	218	array_or_pointer_walk	indexed or induction-variable addressing proves a walk, but not one fixed member or a unique public element type	0	0	*(undefined4 *)((int)local_84c + iVar14 * 0x17c + 0x128) = 0x3c;
0050E7D0/raw_pointer_offset/e90ddc3278fa/1	0050E7D0	CPanelTy::SetControlObjSI	1	214	array_or_pointer_walk	indexed or induction-variable addressing proves a walk, but not one fixed member or a unique public element type	0	0	*(undefined4 *)((int)local_84c + local_28 * 0x17c + 0x110) = 1;
005105E0/raw_pointer_offset/eb86af2b9946/1	005105E0	FrmPanelTy::PaintBut	1	57	intentional_byte_cursor	the value is traversed as byte storage; semantic element identity is not independently proven	0	0	local_8 = (uint)(*(char *)(param_1->field_0010 + -0xbf04 + (int)local_14) != '\0');
00514BC0/raw_pointer_offset/4a2c088da5dd/1	00514BC0	HelpPanelTy::sub_00514BC0	1	151	packed_unaligned_or_union_view	the exact access is misaligned for its width; preserve the packed/unaligned per-use view until a complete union partition is proven	0	0	LinkAct(this,*(int *)(this->field_01C7 + iVar6 + 9),*(int *)(this->field_01C7 + iVar6 + 0xd));
00518C20/raw_pointer_offset/8044475e28fd/1	00518C20	HelpPanelTy::SubProc	1	382	packed_unaligned_or_union_view	the exact access is misaligned for its width; preserve the packed/unaligned per-use view until a complete union partition is proven	0	0	local_c = (*(int *)(&DAT_007dfc6c + param_1 * 4) < (int)(local_c + iVar13 * 2)) + 0x5613;
00518C20/raw_pointer_offset/85ee43224be9/1	00518C20	HelpPanelTy::SubProc	3	499	array_or_pointer_walk	indexed or induction-variable addressing proves a walk, but not one fixed member or a unique public element type	0	0	((bVar10 || ((&DAT_007bf678)[*(int *)(&DAT_007a8cf8 + param_1 * 4) * 3 + -0x1c2] != 0))))
00518C20/raw_pointer_offset/890e2a4f097b/1	00518C20	HelpPanelTy::SubProc	2	495	array_or_pointer_walk	indexed or induction-variable addressing proves a walk, but not one fixed member or a unique public element type	0	0	bVar10 = (&DAT_007bf678)[*(int *)(&DAT_007a8b18 + param_1 * 4) * 3 + -0x1c2] != 0;
0051A100/raw_pointer_offset/2798926546a9/1	0051A100	HelpPanelTy::ObjProc	3	477	array_or_pointer_walk	indexed or induction-variable addressing proves a walk, but not one fixed member or a unique public element type	0	0	bVar9 = (&DAT_007bf678)[*(int *)((int)&DAT_00792ca0 + local_18) * 3 + -0x1c2] != 0;
0051A100/raw_pointer_offset/64d1be27f01a/1	0051A100	HelpPanelTy::ObjProc	4	481	array_or_pointer_walk	indexed or induction-variable addressing proves a walk, but not one fixed member or a unique public element type	0	0	((bVar9 || ((&DAT_007bf678)[*(int *)((int)&DAT_00792cac + local_18) * 3 + -0x1c2] != 0)))
0051A100/raw_pointer_offset/73eae18c532e/1	0051A100	HelpPanelTy::ObjProc	2	434	insufficient_independent_evidence	a fixed offset is visible, but no unique owner, complete compatible layout, and independent typed boundary jointly prove a field	0	0	iVar10 = *(int *)(&DAT_0079403c + (param_1 + -0x32) * 8);
0051A100/raw_pointer_offset/f419e0254146/1	0051A100	HelpPanelTy::ObjProc	1	429	insufficient_independent_evidence	a fixed offset is visible, but no unique owner, complete compatible layout, and independent typed boundary jointly prove a field	0	0	if (*(int *)(&DAT_00793e2c + (param_1 + -0x32) * 8) == 0) {
0051DDD0/raw_pointer_offset/3541481a001a/1	0051DDD0	HelpPanelTy::GetMessage	2	828	packed_unaligned_or_union_view	the expression is a contained or unaligned storage view, not independent evidence for replacing the enclosing field	0	0	(*(int *)((message->arg2).u32 + 0x1c) != 1) + 1);
0051DDD0/raw_pointer_offset/5a4e925eba03/1	0051DDD0	HelpPanelTy::GetMessage	3	936	packed_unaligned_or_union_view	the exact access is misaligned for its width; preserve the packed/unaligned per-use view until a complete union partition is proven	0	0	local_30 = *(int *)((int)local_10 + (uint)uVar21 * 0xd + 5) + 0x21 + this_00->field_003C;
0051DDD0/raw_pointer_offset/962e4cf90b13/1	0051DDD0	HelpPanelTy::GetMessage	1	505	packed_unaligned_or_union_view	the exact access is misaligned for its width; preserve the packed/unaligned per-use view until a complete union partition is proven	0	0	local_40 = *(int *)((int)local_8_mg0 + (uint)uVar21 * 0xd + 5) + 0x21 +
00520D10/raw_pointer_offset/946d1078e21b/1	00520D10	InfocPanelTy::PaintInfoc	1	226	insufficient_independent_evidence	a fixed offset is visible, but no unique owner, complete compatible layout, and independent typed boundary jointly prove a field	0	0	*(int *)(&this_00->field_0x1c0 + (uint)(byte)this_00->field_03D4 * 0x10) + 0x14);
0052AFE0/raw_pointer_offset/ec64e7c15f82/1	0052AFE0	CPanelTy::sub_0052AFE0	1	106	array_or_pointer_walk	indexed or induction-variable addressing proves a walk, but not one fixed member or a unique public element type	0	0	(char)*(undefined2 *)(this->field_09C0[param_1 + 2] + 0x23),param_2,param_3,5,5,1);
0052B330/raw_pointer_offset/15fbfecb413e/1	0052B330	CPanelTy::sub_0052B330	1	85	array_or_pointer_walk	indexed or induction-variable addressing proves a walk, but not one fixed member or a unique public element type	0	0	(char)*(undefined2 *)(this->field_09C0[(byte)this->field_0DCC + 2] + 0x23),
0052FB00/raw_pointer_offset/7442754fa9cf/1	0052FB00	OptPanelTy::SetOptControls	1	1811	packed_unaligned_or_union_view	the exact access is misaligned for its width; preserve the packed/unaligned per-use view until a complete union partition is proven	0	0	uVar32_mg2B = CreateSlider(this_00,0x94,0x70,*(int *)(this_00->field_018C + 2) + 0xaf,0x70,
0053AFB0/raw_pointer_offset/3e8e66e4a714/1	0053AFB0	PlayPanelTy::GetMessage	1	77	insufficient_independent_evidence	a fixed offset is visible, but no unique owner, complete compatible layout, and independent typed boundary jointly prove a field	0	0	iVar8 = *(int *)((message->arg0).u32 + 0x10);
0053AFB0/raw_pointer_offset/b2a66d144e49/1	0053AFB0	PlayPanelTy::GetMessage	2	79	insufficient_independent_evidence	a fixed offset is visible, but no unique owner, complete compatible layout, and independent typed boundary jointly prove a field	0	0	local_10 = *(int *)((message->arg0).u32 + 0xc) - this_00->field_003C;
0053C500/raw_pointer_offset/32f1f2bc7fbd/1	0053C500	ResearchPanelTy::Update	1	35	array_or_pointer_walk	indexed or induction-variable addressing proves a walk, but not one fixed member or a unique public element type	0	0	uVar4 = *(uint *)((&this_00->field_027A)[(byte)this_00->field_0279] + 0xc);
0053C500/raw_pointer_offset/a13b1fd819e4/1	0053C500	ResearchPanelTy::Update	2	42	array_or_pointer_walk	indexed or induction-variable addressing proves a walk, but not one fixed member or a unique public element type	0	0	uVar2 = *(uint *)((&this_00->field_027A)[(byte)this_00->field_0278] + 0xc);
0053C620/raw_pointer_offset/4a061d565a18/1	0053C620	ResearchPanelTy::sub_0053C620	1	37	array_or_pointer_walk	indexed or induction-variable addressing proves a walk, but not one fixed member or a unique public element type	0	0	*(uint *)((&this->field_027A)[(byte)this->field_0278] + 0xc));
0053C820/raw_pointer_offset/9a106f052cdb/1	0053C820	ResearchPanelTy::PaintUpdBut	1	48	packed_unaligned_or_union_view	the exact access is misaligned for its width; preserve the packed/unaligned per-use view until a complete union partition is proven	0	0	local_c = (int)*(short *)((int)this->field_0188 + 0x23) - ((DAT_0080874e != '\x03') + 1);
00540C40/raw_pointer_offset/0594e1414b85/1	00540C40	FUN_00540c40	1	53	array_or_pointer_walk	indexed or induction-variable addressing proves a walk, but not one fixed member or a unique public element type	0	0	(int)*(short *)(param_1->field_009A + 0x6a + (uint)uVar2 * 10);
00543AD0/raw_pointer_offset/778eb38117c6/1	00543AD0	CursorClassTy::SetImages	1	50	packed_unaligned_or_union_view	the exact access is misaligned for its width; preserve the packed/unaligned per-use view until a complete union partition is proven	0	0	((uint *)pCVar2->field_00AD,(int)*(short *)(pCVar2->field_0069 + 0x23),
00543C90/raw_pointer_offset/396715003076/1	00543C90	CursorClassTy::DrawSprite	1	89	packed_unaligned_or_union_view	the exact access is misaligned for its width; preserve the packed/unaligned per-use view until a complete union partition is proven	0	0	pCVar4->field_04EB->field_0020 - *(int *)((int)pCVar4->field_04E7 + 0xd) / 2;
0054A9B0/raw_pointer_offset/024d4dc96040/1	0054A9B0	SubmarineTitans::Recovered::HiddenThis::RecoveredReceiver_0054A9B0::FUN_0054a9b0	3	162	insufficient_independent_evidence	a fixed offset is visible, but no unique owner, complete compatible layout, and independent typed boundary jointly prove a field	0	0	*(int *)(pRVar4->field_04EB + 0x1c) - (int)pRVar4->field_04E7->field_0009 / 2;
0054A9B0/raw_pointer_offset/1795908bfd0d/1	0054A9B0	SubmarineTitans::Recovered::HiddenThis::RecoveredReceiver_0054A9B0::FUN_0054a9b0	4	163	insufficient_independent_evidence	a fixed offset is visible, but no unique owner, complete compatible layout, and independent typed boundary jointly prove a field	0	0	*(int *)(pRVar4->field_04EB + 0x20) =
0054A9B0/raw_pointer_offset/24df4d835c16/1	0054A9B0	SubmarineTitans::Recovered::HiddenThis::RecoveredReceiver_0054A9B0::FUN_0054a9b0	5	164	insufficient_independent_evidence	a fixed offset is visible, but no unique owner, complete compatible layout, and independent typed boundary jointly prove a field	0	0	*(int *)(pRVar4->field_04EB + 0x20) - (int)pRVar4->field_04E7->field_000D / 2;
0054A9B0/raw_pointer_offset/4af94a5ecb70/1	0054A9B0	SubmarineTitans::Recovered::HiddenThis::RecoveredReceiver_0054A9B0::FUN_0054a9b0	1	153	insufficient_independent_evidence	a fixed offset is visible, but no unique owner, complete compatible layout, and independent typed boundary jointly prove a field	0	0	*(undefined4 *)(pRVar4->field_04EB + 0x40) = 0x19;
0054A9B0/raw_pointer_offset/e5a796a48364/1	0054A9B0	SubmarineTitans::Recovered::HiddenThis::RecoveredReceiver_0054A9B0::FUN_0054a9b0	2	161	insufficient_independent_evidence	a fixed offset is visible, but no unique owner, complete compatible layout, and independent typed boundary jointly prove a field	0	0	*(int *)(pRVar4->field_04EB + 0x1c) =
005522A0/raw_pointer_offset/1be8494b05a6/1	005522A0	TradePanelTy::GetMessage	1	164	insufficient_independent_evidence	a fixed offset is visible, but no unique owner, complete compatible layout, and independent typed boundary jointly prove a field	0	0	local_8 = *(int *)((message->arg0).u32 + 0xc) - this_00->field_003C;
005522A0/raw_pointer_offset/a8cedf358bb7/1	005522A0	TradePanelTy::GetMessage	2	175	insufficient_independent_evidence	a fixed offset is visible, but no unique owner, complete compatible layout, and independent typed boundary jointly prove a field	0	0	iVar7 = *(int *)((message->arg0).u32 + 0x10) - iVar7;
00555FE0/raw_pointer_offset/62e352e231a5/1	00555FE0	TraksClassTy::PrepareToSave	1	52	insufficient_independent_evidence	a fixed offset is visible, but no unique owner, complete compatible layout, and independent typed boundary jointly prove a field	0	0	*(undefined4 *)(local_8 + 0x18) = local_14->field_001C;
00556170/raw_pointer_offset/c3e8f7e02a62/1	00556170	TraksClassTy::PrepareAfterSave	1	44	insufficient_independent_evidence	a fixed offset is visible, but no unique owner, complete compatible layout, and independent typed boundary jointly prove a field	0	0	local_c->field_001C = *(undefined4 *)(param_1 + 0xc);
005585F0/raw_pointer_offset/015174c5e257/1	005585F0	Visible::PrepareAfterSave	3	42	insufficient_independent_evidence	a fixed offset is visible, but no unique owner, complete compatible layout, and independent typed boundary jointly prove a field	0	0	local_14->field_0028 = *(undefined4 *)(param_1 + 0x10);
005585F0/raw_pointer_offset/2beb44675f47/1	005585F0	Visible::PrepareAfterSave	2	40	packed_unaligned_or_union_view	the exact access is misaligned for its width; preserve the packed/unaligned per-use view until a complete union partition is proven	0	0	local_14->field_0024 = *(undefined4 *)(param_1 + 0xe);
005585F0/raw_pointer_offset/3409bf89cc12/1	005585F0	Visible::PrepareAfterSave	11	58	packed_unaligned_or_union_view	the exact access is misaligned for its width; preserve the packed/unaligned per-use view until a complete union partition is proven	0	0	local_14->field_0100 = *(undefined4 *)(param_1 + 0x26);
005585F0/raw_pointer_offset/41530d80062f/1	005585F0	Visible::PrepareAfterSave	8	52	insufficient_independent_evidence	a fixed offset is visible, but no unique owner, complete compatible layout, and independent typed boundary jointly prove a field	0	0	local_14->field_0114 = *(undefined4 *)(param_1 + 0x20);
005585F0/raw_pointer_offset/49ae1b2199af/1	005585F0	Visible::PrepareAfterSave	7	50	insufficient_independent_evidence	a fixed offset is visible, but no unique owner, complete compatible layout, and independent typed boundary jointly prove a field	0	0	local_14->field_001C = *(undefined4 *)(param_1 + 0x18);
005585F0/raw_pointer_offset/4ba63cce2084/1	005585F0	Visible::PrepareAfterSave	9	54	packed_unaligned_or_union_view	the exact access is misaligned for its width; preserve the packed/unaligned per-use view until a complete union partition is proven	0	0	local_14->field_00F8 = *(undefined4 *)(param_1 + 0x22);
005585F0/raw_pointer_offset/5312083fa437/1	005585F0	Visible::PrepareAfterSave	10	56	insufficient_independent_evidence	a fixed offset is visible, but no unique owner, complete compatible layout, and independent typed boundary jointly prove a field	0	0	local_14->field_00FC = *(undefined4 *)(param_1 + 0x24);
005585F0/raw_pointer_offset/8154182c786c/1	005585F0	Visible::PrepareAfterSave	1	38	insufficient_independent_evidence	a fixed offset is visible, but no unique owner, complete compatible layout, and independent typed boundary jointly prove a field	0	0	local_14->field_0020 = *(undefined4 *)(param_1 + 0xc);
005585F0/raw_pointer_offset/840e581af799/1	005585F0	Visible::PrepareAfterSave	12	85	insufficient_independent_evidence	a fixed offset is visible, but no unique owner, complete compatible layout, and independent typed boundary jointly prove a field	0	0	pDVar6 = FUN_006b0060(nullptr,(uint *)((int)puVar8 + *(int *)(param_1 + 0x1c)));
005585F0/raw_pointer_offset/c568a7d4f253/1	005585F0	Visible::PrepareAfterSave	6	48	packed_unaligned_or_union_view	the exact access is misaligned for its width; preserve the packed/unaligned per-use view until a complete union partition is proven	0	0	local_14->field_0034 = *(undefined4 *)(param_1 + 0x16);
005585F0/raw_pointer_offset/f641b98a6f65/1	005585F0	Visible::PrepareAfterSave	4	44	packed_unaligned_or_union_view	the exact access is misaligned for its width; preserve the packed/unaligned per-use view until a complete union partition is proven	0	0	local_14->field_002C = *(undefined4 *)(param_1 + 0x12);
005585F0/raw_pointer_offset/ff6066b9ba8a/1	005585F0	Visible::PrepareAfterSave	5	46	insufficient_independent_evidence	a fixed offset is visible, but no unique owner, complete compatible layout, and independent typed boundary jointly prove a field	0	0	local_14->field_0030 = *(undefined4 *)(param_1 + 0x14);
0055BF20/raw_pointer_offset/4be148aab02f/1	0055BF20	FUN_0055bf20	1	48	insufficient_independent_evidence	a fixed offset is visible, but no unique owner, complete compatible layout, and independent typed boundary jointly prove a field	0	0	if (*(int *)(local_c + 0x40) != 0) {
0055C180/raw_pointer_offset/423a382f57e4/1	0055C180	FUN_0055c180	1	13	insufficient_independent_evidence	a fixed offset is visible, but no unique owner, complete compatible layout, and independent typed boundary jointly prove a field	0	0	*(undefined4 *)(param_1 + 0x6b8) = 0;
0055C550/raw_pointer_offset/d81b9f217c1c/1	0055C550	FUN_0055c550	1	8	packed_unaligned_or_union_view	the exact access is misaligned for its width; preserve the packed/unaligned per-use view until a complete union partition is proven	0	0	*(undefined4 *)(param_1 + 0x1b) = 0x6151;
0055D410/raw_pointer_offset/b455836d1ae3/1	0055D410	FUN_0055d410	1	10	intentional_byte_cursor	the value is traversed as byte storage; semantic element identity is not independently proven	0	0	(param_1,(char *)(param_1 + 0x648),(char *)(param_1 + 0x688),*(ulong *)(param_1 + 0x6a8)
0055F410/raw_pointer_offset/6929cac57f34/1	0055F410	AiCalcDispositionAreas	1	577	array_or_pointer_walk	indexed or induction-variable addressing proves a walk, but not one fixed member or a unique public element type	0	0	iVar18 = *(int *)(local_3c * 8 + 0x7c9640);
0055F410/raw_pointer_offset/f67bbde1cbf9/1	0055F410	AiCalcDispositionAreas	2	579	array_or_pointer_walk	indexed or induction-variable addressing proves a walk, but not one fixed member or a unique public element type	0	0	iVar21 = *(int *)(local_3c * 8 + 0x7c963c);
00561240/raw_pointer_offset/171486b8c6e4/1	00561240	FUN_00561240	2	130	array_or_pointer_walk	indexed or induction-variable addressing proves a walk, but not one fixed member or a unique public element type	0	0	*(int *)(local_1c + local_10 * -8 + 0x14 + (int)piVar5) = iVar6 >> 0x10;
00561240/raw_pointer_offset/ad88712e05ca/1	00561240	FUN_00561240	1	104	array_or_pointer_walk	indexed or induction-variable addressing proves a walk, but not one fixed member or a unique public element type	0	0	*(int *)(iVar4 + local_10 * -8 + 0x18 + (int)piVar5) = iVar7 >> 0x10;
00565820/raw_pointer_offset/833ec454f919/1	00565820	AiMinesDistribTgts	1	139	insufficient_independent_evidence	a fixed offset is visible, but no unique owner, complete compatible layout, and independent typed boundary jointly prove a field	0	0	(*(int *)(local_50->iteratorIndex + 0x20) == 0x1ae)) {
00565820/raw_pointer_offset/967d47cec818/1	00565820	AiMinesDistribTgts	3	324	array_or_pointer_walk	indexed or induction-variable addressing proves a walk, but not one fixed member or a unique public element type	0	0	iVar8 = *(int *)(scalar_local_18 + 0xc + (int)local_14) + local_38;
00565820/raw_pointer_offset/9e5b5f34c2ad/1	00565820	AiMinesDistribTgts	2	322	array_or_pointer_walk	indexed or induction-variable addressing proves a walk, but not one fixed member or a unique public element type	0	0	iVar15 = *(int *)(scalar_local_18 + 0x10 + (int)local_14) + local_38;
0056A8D0/raw_pointer_offset/2168fb14ad16/1	0056A8D0	FUN_0056a8d0	1	18	intentional_byte_cursor	the value is traversed as byte storage; semantic element identity is not independently proven	0	0	*(char *)((int)this + (int)puVar1 * 8 + param_2 + 0x142f) = param_3;
0056A960/raw_pointer_offset/7ddf1ee3e17e/1	0056A960	FUN_0056a960	2	26	intentional_byte_cursor	the value is traversed as byte storage; semantic element identity is not independently proven	0	0	*(char *)((int)this + (int)puVar1 * 8 + param_2 + 0x142f) = cVar2;
0056A960/raw_pointer_offset/b3bdd4ee37e0/1	0056A960	FUN_0056a960	1	25	intentional_byte_cursor	the value is traversed as byte storage; semantic element identity is not independently proven	0	0	cVar2 = '\x01' - *(char *)((int)this + (int)puVar1 * 8 + param_2 + 0x142f);
0056ADC0/raw_pointer_offset/634f3c9ab210/1	0056ADC0	STAppC::InitApp	1	783	packed_unaligned_or_union_view	the expression is a contained or unaligned storage view, not independent evidence for replacing the enclosing field	0	0	DAT_00807340 = *(char *)(PTR_00857168->field_0004 + 3) - 0x30;
0056ADC0/raw_pointer_offset/890207e584de/1	0056ADC0	STAppC::InitApp	2	788	intentional_byte_cursor	the value is traversed as byte storage; semantic element identity is not independently proven	0	0	pSVar16->field_8552 = *(char *)(PTR_00857168->field_0004 + 5) + -0x30;
005718D0/raw_pointer_offset/4a1fce3f440e/1	005718D0	FUN_005718d0	1	17	packed_unaligned_or_union_view	the exact access is misaligned for its width; preserve the packed/unaligned per-use view until a complete union partition is proven	0	0	if (*(int *)(param_1 + 0x4efa) == 0) {
00575CB0/raw_pointer_offset/a95118b03312/1	00575CB0	STAlgaC::GetMessage	2	425	insufficient_independent_evidence	a fixed offset is visible, but no unique owner, complete compatible layout, and independent typed boundary jointly prove a field	0	0	*(int *)(local_1c + 0x14) = pSVar18->field_003C + pSVar18->field_0044;
00575CB0/raw_pointer_offset/f908af27cd35/1	00575CB0	STAlgaC::GetMessage	1	120	insufficient_independent_evidence	a fixed offset is visible, but no unique owner, complete compatible layout, and independent typed boundary jointly prove a field	0	0	local_20 = *(RecoveredRecordView_0060EA30_C6688588 **)((message->arg0).u32 + 0x14);
00577440/raw_pointer_offset/2db598752b6a/1	00577440	FUN_00577440	1	85	intentional_byte_cursor	the value is traversed as byte storage; semantic element identity is not independently proven	0	0	*(undefined1 *)((int)param_1 + uVar7 * 4 + 0x28) =
00577440/raw_pointer_offset/9be7c08bafa8/1	00577440	FUN_00577440	3	89	intentional_byte_cursor	the value is traversed as byte storage; semantic element identity is not independently proven	0	0	*(undefined1 *)((int)param_1 + (uint)((byte *)piVar5)[1] * 4 + 0x2a) =
00577440/raw_pointer_offset/c37ed3915979/1	00577440	FUN_00577440	2	87	intentional_byte_cursor	the value is traversed as byte storage; semantic element identity is not independently proven	0	0	*(undefined1 *)((int)param_1 + (uint)((byte *)piVar5)[1] * 4 + 0x29) =
005776D0/raw_pointer_offset/1656fae6dcc3/1	005776D0	GameSystemC::GetMessage	1	97	insufficient_independent_evidence	a fixed offset is visible, but no unique owner, complete compatible layout, and independent typed boundary jointly prove a field	0	0	piVar13 = *(int **)((message->arg0).u32 + 0x17);
005776D0/raw_pointer_offset/de8f5bf8cefb/1	005776D0	GameSystemC::GetMessage	2	331	intentional_byte_cursor	the value is traversed as byte storage; semantic element identity is not independently proven	0	0	pcVar15 = *(char **)((message->arg0).u32 + 0x17);
00578630/raw_pointer_offset/3a2f50d2adc9/1	00578630	STCrabC::GetMessage	1	370	insufficient_independent_evidence	a fixed offset is visible, but no unique owner, complete compatible layout, and independent typed boundary jointly prove a field	0	0	this_00->field_0041 = *(short *)(local_20 + 0x14);
00578630/raw_pointer_offset/4aa45321ccef/1	00578630	STCrabC::GetMessage	3	383	insufficient_independent_evidence	a fixed offset is visible, but no unique owner, complete compatible layout, and independent typed boundary jointly prove a field	0	0	this_00->field_0050 = *(undefined2 *)(local_20 + 0x16);
00578630/raw_pointer_offset/ffb7372242ca/1	00578630	STCrabC::GetMessage	2	373	packed_unaligned_or_union_view	the exact access is misaligned for its width; preserve the packed/unaligned per-use view until a complete union partition is proven	0	0	this_00->field_0045 = *(short *)(local_20 + 0x15);
0057A2C0/raw_pointer_offset/ab3f254493ce/1	0057A2C0	FUN_0057a2c0	1	197	insufficient_independent_evidence	a fixed offset is visible, but no unique owner, complete compatible layout, and independent typed boundary jointly prove a field	0	0	uVar10 = (**(code **)(param_1->field_0000 + 0x10))
0057A2C0/raw_pointer_offset/ab3f254493ce/2	0057A2C0	FUN_0057a2c0	2	475	insufficient_independent_evidence	a fixed offset is visible, but no unique owner, complete compatible layout, and independent typed boundary jointly prove a field	0	0	uVar10 = (**(code **)(param_1->field_0000 + 0x10))
0057BF60/raw_pointer_offset/42e7af5bd7fc/1	0057BF60	STFishC::GetMessage	1	215	insufficient_independent_evidence	a fixed offset is visible, but no unique owner, complete compatible layout, and independent typed boundary jointly prove a field	0	0	this_00->field_0235 = *(short *)(local_20 + 0xc);
0057BF60/raw_pointer_offset/6e8c95923e6c/1	0057BF60	STFishC::GetMessage	2	218	packed_unaligned_or_union_view	the exact access is misaligned for its width; preserve the packed/unaligned per-use view until a complete union partition is proven	0	0	this_00->field_0239 = *(short *)(local_20 + 0xd);
005808E0/raw_pointer_offset/aad210f3b7df/1	005808E0	FUN_005808e0	1	8	packed_unaligned_or_union_view	the exact access is misaligned for its width; preserve the packed/unaligned per-use view until a complete union partition is proven	0	0	if ((*(int *)(param_1 + 0x21d) == 0) && (*(int *)(param_1 + 0x25d) != 2)) {
00581200/raw_pointer_offset/acd2c0b99930/1	00581200	FUN_00581200	1	107	intentional_byte_cursor	the value is traversed as byte storage; semantic element identity is not independently proven	0	0	local_5 = *(char *)((uint)local_c->field_0024 * 0x51 + 0x11ca + (int)this);
00581BF0/raw_pointer_offset/30fc33bb5f86/1	00581BF0	STJellyManC::GetMessage	1	164	packed_unaligned_or_union_view	the exact access is misaligned for its width; preserve the packed/unaligned per-use view until a complete union partition is proven	0	0	*(int *)(local_8 + 0x32) = pSVar4->field_020F;
00581BF0/raw_pointer_offset/ab1d27017b5b/1	00581BF0	STJellyManC::GetMessage	2	165	packed_unaligned_or_union_view	the exact access is misaligned for its width; preserve the packed/unaligned per-use view until a complete union partition is proven	0	0	*(undefined4 *)(local_8 + 0x2e) = pSVar4->field_01D5;
00586AF0/raw_pointer_offset/3f78d18fb709/1	00586AF0	FUN_00586af0	1	842	insufficient_independent_evidence	a fixed offset is visible, but no unique owner, complete compatible layout, and independent typed boundary jointly prove a field	0	0	(**(code **)(*param_1 + 0xd8))(iVar8,puVar21,psVar22,puVar23,piVar18);
00588BC0/raw_pointer_offset/4a9653b630eb/1	00588BC0	STMBombC::GetMessage	1	285	packed_unaligned_or_union_view	the exact access is misaligned for its width; preserve the packed/unaligned per-use view until a complete union partition is proven	0	0	this_00->field_0243 = *(undefined2 *)(local_48 + 0xf);
00588BC0/raw_pointer_offset/5d6e666090eb/1	00588BC0	STMBombC::GetMessage	6	308	insufficient_independent_evidence	a fixed offset is visible, but no unique owner, complete compatible layout, and independent typed boundary jointly prove a field	0	0	this_00->field_0043 = *(short *)(local_48 + 0x1c);
00588BC0/raw_pointer_offset/6d553087bac5/1	00588BC0	STMBombC::GetMessage	2	291	insufficient_independent_evidence	a fixed offset is visible, but no unique owner, complete compatible layout, and independent typed boundary jointly prove a field	0	0	this_00->field_0247 = *(undefined2 *)(local_48 + 0x10);
00588BC0/raw_pointer_offset/720738840ce2/1	00588BC0	STMBombC::GetMessage	5	305	insufficient_independent_evidence	a fixed offset is visible, but no unique owner, complete compatible layout, and independent typed boundary jointly prove a field	0	0	this_00->field_0273 = *(undefined2 *)(local_48 + 0x18);
00588BC0/raw_pointer_offset/82c47b7bdb6a/1	00588BC0	STMBombC::GetMessage	3	294	packed_unaligned_or_union_view	the exact access is misaligned for its width; preserve the packed/unaligned per-use view until a complete union partition is proven	0	0	this_00->field_024B = *(undefined2 *)(local_48 + 0x11);
00588BC0/raw_pointer_offset/a3d4efdf88e6/1	00588BC0	STMBombC::GetMessage	4	297	insufficient_independent_evidence	a fixed offset is visible, but no unique owner, complete compatible layout, and independent typed boundary jointly prove a field	0	0	this_00->field_024F = *(undefined2 *)(local_48 + 0x12);
00589C10/raw_pointer_offset/4b7e399798f3/1	00589C10	STOctopusC::GetMessage	1	344	insufficient_independent_evidence	a fixed offset is visible, but no unique owner, complete compatible layout, and independent typed boundary jointly prove a field	0	0	this_00->field_0041 = *(short *)(local_1c + 0x1e);
00589C10/raw_pointer_offset/d868b0fa9583/1	00589C10	STOctopusC::GetMessage	2	347	packed_unaligned_or_union_view	the exact access is misaligned for its width; preserve the packed/unaligned per-use view until a complete union partition is proven	0	0	this_00->field_0045 = *(short *)(local_1c + 0x1f);
00589C10/raw_pointer_offset/da3160a2cb00/1	00589C10	STOctopusC::GetMessage	3	368	insufficient_independent_evidence	a fixed offset is visible, but no unique owner, complete compatible layout, and independent typed boundary jointly prove a field	0	0	this_00->field_0050 = *(undefined2 *)(local_1c + 0x20);
00589C10/raw_pointer_offset/e98e3a130baf/1	00589C10	STOctopusC::GetMessage	4	371	packed_unaligned_or_union_view	the exact access is misaligned for its width; preserve the packed/unaligned per-use view until a complete union partition is proven	0	0	this_00->field_006C = *(short *)(local_1c + 0x21);
0058D7C0/raw_pointer_offset/061b8db1a365/1	0058D7C0	STSharkC::GetMessage	1	304	packed_unaligned_or_union_view	the exact access is misaligned for its width; preserve the packed/unaligned per-use view until a complete union partition is proven	0	0	this_00->field_0231 = *(short *)(local_1c + 0xd);
0058D7C0/raw_pointer_offset/5a7cc5655b11/1	0058D7C0	STSharkC::GetMessage	2	307	insufficient_independent_evidence	a fixed offset is visible, but no unique owner, complete compatible layout, and independent typed boundary jointly prove a field	0	0	this_00->field_0235 = *(short *)(local_1c + 0xe);
0058D7C0/raw_pointer_offset/a95d7f09349d/1	0058D7C0	STSharkC::GetMessage	3	311	insufficient_independent_evidence	a fixed offset is visible, but no unique owner, complete compatible layout, and independent typed boundary jointly prove a field	0	0	this_00->field_024D = *(short *)(local_1c + 0x10);
00590860/raw_pointer_offset/3b529be89490/1	00590860	MAdvTy::sub_00590860	1	19	insufficient_independent_evidence	a fixed offset is visible, but no unique owner, complete compatible layout, and independent typed boundary jointly prove a field	0	0	this->field_0020 = *(undefined4 *)(this->field_000C + 0x14);
005908B0/raw_pointer_offset/fdc798aaec0e/1	005908B0	MAdvTy::GetMessage	1	40	intentional_byte_cursor	the value is traversed as byte storage; semantic element identity is not independently proven	0	0	local_8->field_005D = *(undefined1 *)((message->arg0).u32 + 0x14);
00590B40/raw_pointer_offset/12a0c2fe5702/1	00590B40	CampaignTy::InitCampaign	2	310	array_or_pointer_walk	indexed or induction-variable addressing proves a walk, but not one fixed member or a unique public element type	0	0	this_00 = *(MMsgTy **)(this_02->field_00BB[0xc].field_01DC + 0x2e6);
00590B40/raw_pointer_offset/6ae4571a39e3/1	00590B40	CampaignTy::InitCampaign	4	317	packed_unaligned_or_union_view	the exact access is misaligned for its width; preserve the packed/unaligned per-use view until a complete union partition is proven	0	0	*(undefined4 *)(*(int *)(this_02->field_00BB[0xc].field_01DC + 0x2e6) + 0x1cab) =
00590B40/raw_pointer_offset/985d50ebce68/1	00590B40	CampaignTy::InitCampaign	3	316	array_or_pointer_walk	indexed or induction-variable addressing proves a walk, but not one fixed member or a unique public element type	0	0	MMsgTy::ShowSprites(*(MMsgTy **)(this_02->field_00BB[0xc].field_01DC + 0x2e6));
00590B40/raw_pointer_offset/ae0f4134899f/1	00590B40	CampaignTy::InitCampaign	1	168	packed_unaligned_or_union_view	the exact access is misaligned for its width; preserve the packed/unaligned per-use view until a complete union partition is proven	0	0	iVar19 = *(int *)((int)(this_02->field_00BB + 0xd) + iVar9 * 4 + 0x21);
00590B40/raw_pointer_offset/f6b23469dbbb/1	00590B40	CampaignTy::InitCampaign	5	444	array_or_pointer_walk	indexed or induction-variable addressing proves a walk, but not one fixed member or a unique public element type	0	0	MMsgTy::StatePanel(*(MMsgTy **)(this_02->field_00BB[0xc].field_01DC + 0x2e6),
005916F0/raw_pointer_offset/703282028290/1	005916F0	CampaignTy::DoneCampaign	1	47	array_or_pointer_walk	indexed or induction-variable addressing proves a walk, but not one fixed member or a unique public element type	0	0	this_00 = *(MMsgTy **)(pCVar2->field_00BB[0xc].field_01DC + 0x2e6);
005916F0/raw_pointer_offset/f144c4ce0872/1	005916F0	CampaignTy::DoneCampaign	2	51	packed_unaligned_or_union_view	the exact access is misaligned for its width; preserve the packed/unaligned per-use view until a complete union partition is proven	0	0	*(undefined4 *)(*(int *)(pCVar2->field_00BB[0xc].field_01DC + 0x2e6) + 0x1cab) = 0;
005926E0/raw_pointer_offset/34691a5c70c4/1	005926E0	CampaignTy::AnimationCampaign	1	146	array_or_pointer_walk	indexed or induction-variable addressing proves a walk, but not one fixed member or a unique public element type	0	0	if (*(int *)((&this_00->field_1B13)[local_24[2] + iVar6 * 0xf] + 0x14) -
005926E0/raw_pointer_offset/4e907662b105/1	005926E0	CampaignTy::AnimationCampaign	2	147	array_or_pointer_walk	indexed or induction-variable addressing proves a walk, but not one fixed member or a unique public element type	0	0	*(int *)((&this_00->field_1B13)[local_24[2] + iVar4 * 0xf] + 0x18) != 1)
005926E0/raw_pointer_offset/96ae02b7a6e7/1	005926E0	CampaignTy::AnimationCampaign	3	325	intentional_byte_cursor	the value is traversed as byte storage; semantic element identity is not independently proven	0	0	if (*(char *)((int)g_startSystem_0081176C->array_0244 + local_24[5] + 0x2c) == '\0') {
00593040/raw_pointer_offset/ac1a0527935e/1	00593040	CampaignTy::GetMessage	1	80	insufficient_independent_evidence	a fixed offset is visible, but no unique owner, complete compatible layout, and independent typed boundary jointly prove a field	0	0	InitCampaign(this_00,*(undefined4 *)((message->arg0).u32 + 0x14));
00593040/raw_pointer_offset/bdc8c1ba152f/1	00593040	CampaignTy::GetMessage	2	122	array_or_pointer_walk	indexed or induction-variable addressing proves a walk, but not one fixed member or a unique public element type	0	0	pMVar4 = *(MMsgTy **)(this_00->field_00BB[0xc].field_01DC + 0x2e6);
00593040/raw_pointer_offset/bdc8c1ba152f/2	00593040	CampaignTy::GetMessage	4	185	array_or_pointer_walk	indexed or induction-variable addressing proves a walk, but not one fixed member or a unique public element type	0	0	pMVar4 = *(MMsgTy **)(this_00->field_00BB[0xc].field_01DC + 0x2e6);
00593040/raw_pointer_offset/bed96f41eb4d/1	00593040	CampaignTy::GetMessage	3	141	array_or_pointer_walk	indexed or induction-variable addressing proves a walk, but not one fixed member or a unique public element type	0	0	(pMVar4 = *(MMsgTy **)(this_00->field_00BB[0xc].field_01DC + 0x2e6), pMVar4 != nullptr)
00593B50/raw_pointer_offset/123259a378ba/1	00593B50	ComboTy::InitCombo	1	83	insufficient_independent_evidence	a fixed offset is visible, but no unique owner, complete compatible layout, and independent typed boundary jointly prove a field	0	0	(uint)*(ushort *)(this_00->field_00D4 + 0xe),local_EAX_159,
00593B50/raw_pointer_offset/1544da0f7d09/1	00593B50	ComboTy::InitCombo	3	134	insufficient_independent_evidence	a fixed offset is visible, but no unique owner, complete compatible layout, and independent typed boundary jointly prove a field	0	0	(uint)*(ushort *)(this_00->field_00D4 + 0xe),local_EAX_427,
00593B50/raw_pointer_offset/aa2b4e92b698/1	00593B50	ComboTy::InitCombo	2	109	insufficient_independent_evidence	a fixed offset is visible, but no unique owner, complete compatible layout, and independent typed boundary jointly prove a field	0	0	(uint)*(ushort *)(this_00->field_00D4 + 0xe),uVar4,
005A4350/raw_pointer_offset/f93914ed1e45/1	005A4350	FSGSTy::GetMessage	1	3084	intentional_byte_cursor	the value is traversed as byte storage; semantic element identity is not independently proven	0	0	InitFSGS(this_00,*(byte *)((message->arg0).u32 + 0x14));
005AB300/raw_pointer_offset/493c1d43f400/1	005AB300	ChooseMapTy::InitChooseMap	1	322	array_or_pointer_walk	indexed or induction-variable addressing proves a walk, but not one fixed member or a unique public element type	0	0	*(undefined4 *)(this_01->array_00BC[0xc].field_01DB + 0x140) = 0x1f;
005AB300/raw_pointer_offset/5774e1ccf7ad/1	005AB300	ChooseMapTy::InitChooseMap	2	410	array_or_pointer_walk	indexed or induction-variable addressing proves a walk, but not one fixed member or a unique public element type	0	0	this_00 = *(MMsgTy **)(this_01->array_00BC[0xc].field_01DB + 0x2e6);
005AB300/raw_pointer_offset/58f1b732e20b/1	005AB300	ChooseMapTy::InitChooseMap	5	947	array_or_pointer_walk	indexed or induction-variable addressing proves a walk, but not one fixed member or a unique public element type	0	0	MMsgTy::StatePanel(*(MMsgTy **)(this_01->array_00BC[0xc].field_01DB + 0x2e6),(int)local_26c);
005AB300/raw_pointer_offset/69edccfac44c/1	005AB300	ChooseMapTy::InitChooseMap	3	414	packed_unaligned_or_union_view	the exact access is misaligned for its width; preserve the packed/unaligned per-use view until a complete union partition is proven	0	0	*(undefined4 *)(*(int *)(this_01->array_00BC[0xc].field_01DB + 0x2e6) + 0x1cab) =
005AB300/raw_pointer_offset/ada1c2cb7982/1	005AB300	ChooseMapTy::InitChooseMap	4	791	array_or_pointer_walk	indexed or induction-variable addressing proves a walk, but not one fixed member or a unique public element type	0	0	(byte)*(undefined4 *)(this_01->array_00BC[0xc].field_01DB + 0x140),0xd);
005ACB30/raw_pointer_offset/0143b8e06c96/1	005ACB30	ChooseMapTy::DoneChooseMap	2	139	packed_unaligned_or_union_view	the exact access is misaligned for its width; preserve the packed/unaligned per-use view until a complete union partition is proven	0	0	*(undefined4 *)(*(int *)(pCVar3->array_00BC[0xc].field_01DB + 0x2e6) + 0x1cab) = 0;
005ACB30/raw_pointer_offset/2d357424f595/1	005ACB30	ChooseMapTy::DoneChooseMap	1	135	array_or_pointer_walk	indexed or induction-variable addressing proves a walk, but not one fixed member or a unique public element type	0	0	(this_00 = *(MMsgTy **)(pCVar3->array_00BC[0xc].field_01DB + 0x2e6), this_00 != nullptr
005B0BA0/raw_pointer_offset/1913386092aa/1	005B0BA0	ChooseMapTy::GetMessage	5	638	dynamic_darray_or_runtime_stride	the address depends on a runtime container stride; a static field or C array would misstate the ABI	0	0	(*(DArrayTy **)(this_01->array_00BC[0xc].field_01DB + 0x686),0,&CHAR_00h_008016a0);
005B0BA0/raw_pointer_offset/61be68439dac/1	005B0BA0	ChooseMapTy::GetMessage	6	781	array_or_pointer_walk	indexed or induction-variable addressing proves a walk, but not one fixed member or a unique public element type	0	0	pMVar12 = *(MMsgTy **)(this_01->array_00BC[0xc].field_01DB + 0x2e6);
005B0BA0/raw_pointer_offset/61be68439dac/2	005B0BA0	ChooseMapTy::GetMessage	7	810	array_or_pointer_walk	indexed or induction-variable addressing proves a walk, but not one fixed member or a unique public element type	0	0	pMVar12 = *(MMsgTy **)(this_01->array_00BC[0xc].field_01DB + 0x2e6);
005B0BA0/raw_pointer_offset/61be68439dac/3	005B0BA0	ChooseMapTy::GetMessage	8	1009	array_or_pointer_walk	indexed or induction-variable addressing proves a walk, but not one fixed member or a unique public element type	0	0	pMVar12 = *(MMsgTy **)(this_01->array_00BC[0xc].field_01DB + 0x2e6);
005B0BA0/raw_pointer_offset/61be68439dac/4	005B0BA0	ChooseMapTy::GetMessage	9	1312	array_or_pointer_walk	indexed or induction-variable addressing proves a walk, but not one fixed member or a unique public element type	0	0	pMVar12 = *(MMsgTy **)(this_01->array_00BC[0xc].field_01DB + 0x2e6);
005B0BA0/raw_pointer_offset/924c34ca1aad/1	005B0BA0	ChooseMapTy::GetMessage	1	241	intentional_byte_cursor	the value is traversed as byte storage; semantic element identity is not independently proven	0	0	InitChooseMap(this_01,*(undefined1 *)((message->arg0).u32 + 0x14),
005B0BA0/raw_pointer_offset/9515c9fcf468/1	005B0BA0	ChooseMapTy::GetMessage	3	557	packed_unaligned_or_union_view	the exact access is misaligned for its width; preserve the packed/unaligned per-use view until a complete union partition is proven	0	0	iVar24 = *(int *)(this_01->array_00BC[0xc].field_01DB + 0x686);
005B0BA0/raw_pointer_offset/9515c9fcf468/2	005B0BA0	ChooseMapTy::GetMessage	4	568	packed_unaligned_or_union_view	the exact access is misaligned for its width; preserve the packed/unaligned per-use view until a complete union partition is proven	0	0	iVar24 = *(int *)(this_01->array_00BC[0xc].field_01DB + 0x686);
005B0BA0/raw_pointer_offset/a468da232735/1	005B0BA0	ChooseMapTy::GetMessage	2	242	insufficient_independent_evidence	a fixed offset is visible, but no unique owner, complete compatible layout, and independent typed boundary jointly prove a field	0	0	*(ChooseMapTy_InitChooseMap_param_2Enum *)((message->arg0).u32 + 0x18));
005B2970/raw_pointer_offset/12a0c2fe5702/1	005B2970	MainMenuTy::InitMainMenu	1	166	array_or_pointer_walk	indexed or induction-variable addressing proves a walk, but not one fixed member or a unique public element type	0	0	this_00 = *(MMsgTy **)(this_02->field_00BB[0xc].field_01DC + 0x2e6);
005B2970/raw_pointer_offset/6ae4571a39e3/1	005B2970	MainMenuTy::InitMainMenu	3	173	packed_unaligned_or_union_view	the exact access is misaligned for its width; preserve the packed/unaligned per-use view until a complete union partition is proven	0	0	*(undefined4 *)(*(int *)(this_02->field_00BB[0xc].field_01DC + 0x2e6) + 0x1cab) =
005B2970/raw_pointer_offset/985d50ebce68/1	005B2970	MainMenuTy::InitMainMenu	2	172	array_or_pointer_walk	indexed or induction-variable addressing proves a walk, but not one fixed member or a unique public element type	0	0	MMsgTy::ShowSprites(*(MMsgTy **)(this_02->field_00BB[0xc].field_01DC + 0x2e6));
005B2F90/raw_pointer_offset/04190ebea840/1	005B2F90	MainMenuTy::DoneMainMenu	1	44	array_or_pointer_walk	indexed or induction-variable addressing proves a walk, but not one fixed member or a unique public element type	0	0	this_00 = *(MMsgTy **)(pMVar2->field_00BB[0xc].field_01DC + 0x2e6);
005B2F90/raw_pointer_offset/600760a1acae/1	005B2F90	MainMenuTy::DoneMainMenu	2	48	packed_unaligned_or_union_view	the exact access is misaligned for its width; preserve the packed/unaligned per-use view until a complete union partition is proven	0	0	*(undefined4 *)(*(int *)(pMVar2->field_00BB[0xc].field_01DC + 0x2e6) + 0x1cab) = 0;
005B48E0/raw_pointer_offset/e44089355574/1	005B48E0	MainMenuTy::AnimationMainMenu	1	55	intentional_byte_cursor	the value is traversed as byte storage; semantic element identity is not independently proven	0	0	if (*(char *)((int)g_startSystem_0081176C->array_0244 + local_10 + 0x2c) == '\0') {
005B4BB0/raw_pointer_offset/ae7f68c503fe/1	005B4BB0	MainMenuTy::GetMessage	1	162	array_or_pointer_walk	indexed or induction-variable addressing proves a walk, but not one fixed member or a unique public element type	0	0	this_01 = *(MMsgTy **)(this_00->field_00BB[0xc].field_01DC + 0x2e6);
005B4BB0/raw_pointer_offset/ae7f68c503fe/2	005B4BB0	MainMenuTy::GetMessage	2	219	array_or_pointer_walk	indexed or induction-variable addressing proves a walk, but not one fixed member or a unique public element type	0	0	this_01 = *(MMsgTy **)(this_00->field_00BB[0xc].field_01DC + 0x2e6);
005B5690/raw_pointer_offset/53c5937b9d95/1	005B5690	MMObjTy::PaintSprBut	1	63	packed_unaligned_or_union_view	the exact access is misaligned for its width; preserve the packed/unaligned per-use view until a complete union partition is proven	0	0	uVar8 = *(uint *)((int)local_8 + (param_2 & 0xff) * 0x1fb + 0xe7);
005B5690/raw_pointer_offset/b609b2592c86/1	005B5690	MMObjTy::PaintSprBut	2	68	packed_unaligned_or_union_view	the exact access is misaligned for its width; preserve the packed/unaligned per-use view until a complete union partition is proven	0	0	(*(uint **)((int)local_8 + iVar7 + 299),uVar8,*(uint *)((int)local_8 + iVar7 + 0xeb),
005B5690/raw_pointer_offset/c64765564ae0/1	005B5690	MMObjTy::PaintSprBut	3	69	packed_unaligned_or_union_view	the exact access is misaligned for its width; preserve the packed/unaligned per-use view until a complete union partition is proven	0	0	*(uint *)((int)local_8 + iVar7 + 0xff),*(uint *)((int)local_8 + iVar7 + 0x103));
005B5BE0/raw_pointer_offset/0b7ac85ae376/1	005B5BE0	ChooseMapTy::sub_005B5BE0	2	34	array_or_pointer_walk	indexed or induction-variable addressing proves a walk, but not one fixed member or a unique public element type	0	0	(byte)*(undefined4 *)(this->array_00BC[0xc].field_01DB + 0x140),0xd);
005B5BE0/raw_pointer_offset/0b7ac85ae376/2	005B5BE0	ChooseMapTy::sub_005B5BE0	4	41	array_or_pointer_walk	indexed or induction-variable addressing proves a walk, but not one fixed member or a unique public element type	0	0	(byte)*(undefined4 *)(this->array_00BC[0xc].field_01DB + 0x140),0xd);
005B5BE0/raw_pointer_offset/0b7ac85ae376/3	005B5BE0	ChooseMapTy::sub_005B5BE0	5	45	array_or_pointer_walk	indexed or induction-variable addressing proves a walk, but not one fixed member or a unique public element type	0	0	(byte)*(undefined4 *)(this->array_00BC[0xc].field_01DB + 0x140),0xd);
005B5BE0/raw_pointer_offset/0b7ac85ae376/4	005B5BE0	ChooseMapTy::sub_005B5BE0	6	52	array_or_pointer_walk	indexed or induction-variable addressing proves a walk, but not one fixed member or a unique public element type	0	0	(byte)*(undefined4 *)(this->array_00BC[0xc].field_01DB + 0x140),0xd);
005B5BE0/raw_pointer_offset/0b7ac85ae376/5	005B5BE0	ChooseMapTy::sub_005B5BE0	7	55	array_or_pointer_walk	indexed or induction-variable addressing proves a walk, but not one fixed member or a unique public element type	0	0	(byte)*(undefined4 *)(this->array_00BC[0xc].field_01DB + 0x140),0xd);
005B5BE0/raw_pointer_offset/0b7ac85ae376/6	005B5BE0	ChooseMapTy::sub_005B5BE0	8	58	array_or_pointer_walk	indexed or induction-variable addressing proves a walk, but not one fixed member or a unique public element type	0	0	(byte)*(undefined4 *)(this->array_00BC[0xc].field_01DB + 0x140),0xd);
005B5BE0/raw_pointer_offset/0b7ac85ae376/7	005B5BE0	ChooseMapTy::sub_005B5BE0	9	62	array_or_pointer_walk	indexed or induction-variable addressing proves a walk, but not one fixed member or a unique public element type	0	0	(byte)*(undefined4 *)(this->array_00BC[0xc].field_01DB + 0x140),0xd);
005B5BE0/raw_pointer_offset/0b7ac85ae376/8	005B5BE0	ChooseMapTy::sub_005B5BE0	10	66	array_or_pointer_walk	indexed or induction-variable addressing proves a walk, but not one fixed member or a unique public element type	0	0	(byte)*(undefined4 *)(this->array_00BC[0xc].field_01DB + 0x140),0xd);
005B5BE0/raw_pointer_offset/0b7ac85ae376/9	005B5BE0	ChooseMapTy::sub_005B5BE0	11	69	array_or_pointer_walk	indexed or induction-variable addressing proves a walk, but not one fixed member or a unique public element type	0	0	(byte)*(undefined4 *)(this->array_00BC[0xc].field_01DB + 0x140),0xd);
005B5BE0/raw_pointer_offset/b2e846d440e2/1	005B5BE0	ChooseMapTy::sub_005B5BE0	3	37	array_or_pointer_walk	indexed or induction-variable addressing proves a walk, but not one fixed member or a unique public element type	0	0	0x17,(byte)*(undefined4 *)(this->array_00BC[0xc].field_01DB + 0x140),0xd);
005B5BE0/raw_pointer_offset/b7c79355854b/1	005B5BE0	ChooseMapTy::sub_005B5BE0	1	31	array_or_pointer_walk	indexed or induction-variable addressing proves a walk, but not one fixed member or a unique public element type	0	0	0x14,(byte)*(undefined4 *)(this->array_00BC[0xc].field_01DB + 0x140),0xd);
005B7EF0/raw_pointer_offset/43884df8ff36/1	005B7EF0	MMsgTy::SetMessage	1	364	packed_unaligned_or_union_view	the exact access is misaligned for its width; preserve the packed/unaligned per-use view until a complete union partition is proven	0	0	if (*(int *)((int)(this_00->array_00BC + 0xd) + uVar14 * 0x27 + 0xc) != 0) {
005B8F90/raw_pointer_offset/7a0cf864b643/1	005B8F90	FUN_005b8f90	1	15	array_or_pointer_walk	indexed or induction-variable addressing proves a walk, but not one fixed member or a unique public element type	0	0	*(undefined4 *)(param_1 * 0x1fb + 0xbc + (int)this) = 0;
005BBA40/raw_pointer_offset/799b14f03e51/1	005BBA40	FUN_005bba40	1	15	insufficient_independent_evidence	a fixed offset is visible, but no unique owner, complete compatible layout, and independent typed boundary jointly prove a field	0	0	(**(code **)(*param_1->field_000C + 0x18))(&param_1->field_0x1d);
005BC5E0/raw_pointer_offset/0ed1993d4726/1	005BC5E0	PrividerTy::GetMessage	1	97	intentional_byte_cursor	the value is traversed as byte storage; semantic element identity is not independently proven	0	0	InitPrivider(this_00,*(char *)((message->arg0).u32 + 0x14),
005BC5E0/raw_pointer_offset/f5a7a15f0f6d/1	005BC5E0	PrividerTy::GetMessage	2	98	intentional_byte_cursor	the value is traversed as byte storage; semantic element identity is not independently proven	0	0	*(char *)((message->arg0).u32 + 0x18));
005BD4B0/raw_pointer_offset/ac6ff8cce7e5/1	005BD4B0	MReportTy::OutTGlProc	1	47	insufficient_independent_evidence	a fixed offset is visible, but no unique owner, complete compatible layout, and independent typed boundary jointly prove a field	0	0	puVar9 = *(ushort **)(local_c + 0x5d) + 0x14;
005BD4B0/raw_pointer_offset/db3e9bfda6d7/1	005BD4B0	MReportTy::OutTGlProc	2	50	insufficient_independent_evidence	a fixed offset is visible, but no unique owner, complete compatible layout, and independent typed boundary jointly prove a field	0	0	uVar3 = FUN_006b4fe0(*(ushort **)(local_c + 0x5d));
005C1A90/raw_pointer_offset/718b52113797/1	005C1A90	MReportTy::GetMessage	1	263	intentional_byte_cursor	the value is traversed as byte storage; semantic element identity is not independently proven	0	0	InitMReport(local_10,*(undefined1 *)((message->arg0).u32 + 0x14));
005C29B0/raw_pointer_offset/291d102dc573/1	005C29B0	SettMapMTy::sub_005C29B0	3	595	insufficient_independent_evidence	a fixed offset is visible, but no unique owner, complete compatible layout, and independent typed boundary jointly prove a field	0	0	pRVar10 = STPointerBoundaryCast<RecoveredRecord_006B4FA0_DAC3A217 *>(FUN_006b50c0(0x205,0x8c,(uint)*(ushort *)(this_01->field_005D + 0xe),local_EAX_2876,
005C29B0/raw_pointer_offset/9c15971a5f8d/1	005C29B0	SettMapMTy::sub_005C29B0	1	284	insufficient_independent_evidence	a fixed offset is visible, but no unique owner, complete compatible layout, and independent typed boundary jointly prove a field	0	0	pRVar10 = STPointerBoundaryCast<RecoveredRecord_006B4FA0_DAC3A217 *>(FUN_006b50c0(0xf9,0x123,(uint)*(ushort *)(this_01->field_005D + 0xe),uVar22,
005C29B0/raw_pointer_offset/c8b3e3dbde0c/1	005C29B0	SettMapMTy::sub_005C29B0	2	562	insufficient_independent_evidence	a fixed offset is visible, but no unique owner, complete compatible layout, and independent typed boundary jointly prove a field	0	0	pRVar10 = STPointerBoundaryCast<RecoveredRecord_006B4FA0_DAC3A217 *>(FUN_006b50c0(0x1e5,0x14,(uint)*(ushort *)(this_01->field_005D + 0xe),local_EAX_2693,
005C4930/raw_pointer_offset/49db6e00a244/1	005C4930	SettMapTy::DoneSettMap	1	162	array_or_pointer_walk	indexed or induction-variable addressing proves a walk, but not one fixed member or a unique public element type	0	0	(this_00 = *(MMsgTy **)(pSVar2->array_00BC[0xc].field_01DB + 0x2e6), this_00 != nullptr
005C4930/raw_pointer_offset/5d467db8ce55/1	005C4930	SettMapTy::DoneSettMap	2	166	packed_unaligned_or_union_view	the exact access is misaligned for its width; preserve the packed/unaligned per-use view until a complete union partition is proven	0	0	*(undefined4 *)(*(int *)(pSVar2->array_00BC[0xc].field_01DB + 0x2e6) + 0x1cab) = 0;
005C5CA0/raw_pointer_offset/40257e738c95/1	005C5CA0	FUN_005c5ca0	1	72	insufficient_independent_evidence	a fixed offset is visible, but no unique owner, complete compatible layout, and independent typed boundary jointly prove a field	0	0	uVar4 = *(uint *)(param_1->field_1F84 + 0xc);
005C8A40/raw_pointer_offset/2a6e122c0260/1	005C8A40	SettMapTy::GetMessage	1	169	insufficient_independent_evidence	a fixed offset is visible, but no unique owner, complete compatible layout, and independent typed boundary jointly prove a field	0	0	this_00->field_1E27 = *(uint *)((message->arg0).u32 + 0x18);
005C8A40/raw_pointer_offset/318344d81f4c/1	005C8A40	SettMapTy::GetMessage	3	473	dynamic_darray_or_runtime_stride	the address depends on a runtime container stride; a static field or C array would misstate the ABI	0	0	CONCAT11(*(undefined1 *)(pDVar4->elementSize * uVar18 + 0x104 + (int)pDVar4->data),
005C8A40/raw_pointer_offset/36dbbc620e49/1	005C8A40	SettMapTy::GetMessage	6	528	dynamic_darray_or_runtime_stride	the address depends on a runtime container stride; a static field or C array would misstate the ABI	0	0	DAT_00808a9b = *(byte *)(pDVar4->elementSize * uVar18 + 0x104 + (int)pDVar4->data);
005C8A40/raw_pointer_offset/ba8f9c5b6d5e/1	005C8A40	SettMapTy::GetMessage	2	172	intentional_byte_cursor	the value is traversed as byte storage; semantic element identity is not independently proven	0	0	this_00->sub_005C29B0(*(undefined1 *)((message->arg0).u32 + 0x14));
005C8A40/raw_pointer_offset/c181a12c2093/1	005C8A40	SettMapTy::GetMessage	7	1274	array_or_pointer_walk	indexed or induction-variable addressing proves a walk, but not one fixed member or a unique public element type	0	0	this_01 = *(MMsgTy **)(this_00->array_00BC[0xc].field_01DB + 0x2e6);
005C8A40/raw_pointer_offset/c181a12c2093/2	005C8A40	SettMapTy::GetMessage	8	1361	array_or_pointer_walk	indexed or induction-variable addressing proves a walk, but not one fixed member or a unique public element type	0	0	this_01 = *(MMsgTy **)(this_00->array_00BC[0xc].field_01DB + 0x2e6);
005C8A40/raw_pointer_offset/ef4016591849/1	005C8A40	SettMapTy::GetMessage	4	489	dynamic_darray_or_runtime_stride	the address depends on a runtime container stride; a static field or C array would misstate the ABI	0	0	CONCAT12(*(undefined1 *)(pDVar4->elementSize * uVar18 + 0x104 + (int)pDVar4->data),
005C8A40/raw_pointer_offset/f27dc23eb5a4/1	005C8A40	SettMapTy::GetMessage	5	521	dynamic_darray_or_runtime_stride	the address depends on a runtime container stride; a static field or C array would misstate the ABI	0	0	DAT_00808a97 = *(int *)(pDVar4->elementSize * uVar18 + 0x104 + (int)pDVar4->data);
005CBD00/raw_pointer_offset/2caf6095a74b/1	005CBD00	SettMapMTy::InitSettMap	1	68	insufficient_independent_evidence	a fixed offset is visible, but no unique owner, complete compatible layout, and independent typed boundary jointly prove a field	0	0	pRVar4 = STPointerBoundaryCast<RecoveredRecord_006B4FA0_DAC3A217 *>(FUN_006b50c0(0xfa,0x16,(uint)*(ushort *)(this_00->field_005D + 0xe),uVar6,
005D5560/raw_pointer_offset/9c8ea4939bfd/1	005D5560	SettMapSTy::GetMessage	1	669	array_or_pointer_walk	indexed or induction-variable addressing proves a walk, but not one fixed member or a unique public element type	0	0	pMVar6 = *(MMsgTy **)(this_00->array_00BC[0xc].field_01DB + 0x2e6);
005D5560/raw_pointer_offset/9c8ea4939bfd/2	005D5560	SettMapSTy::GetMessage	2	725	array_or_pointer_walk	indexed or induction-variable addressing proves a walk, but not one fixed member or a unique public element type	0	0	pMVar6 = *(MMsgTy **)(this_00->array_00BC[0xc].field_01DB + 0x2e6);
005E4570/raw_pointer_offset/2e4c42255103/1	005E4570	MTaskTy::GetMessage	2	109	intentional_byte_cursor	the value is traversed as byte storage; semantic element identity is not independently proven	0	0	*(undefined1 *)((message->arg0).u32 + 0x18));
005E4570/raw_pointer_offset/bbb7221f0949/1	005E4570	MTaskTy::GetMessage	1	108	intentional_byte_cursor	the value is traversed as byte storage; semantic element identity is not independently proven	0	0	InitMTask(local_18,*(char *)((message->arg0).u32 + 0x14),
005E5F60/raw_pointer_offset/fbaf4d290e5a/1	005E5F60	MTestTy::sub_005E5F60	1	19	insufficient_independent_evidence	a fixed offset is visible, but no unique owner, complete compatible layout, and independent typed boundary jointly prove a field	0	0	this->field_0069 = *(undefined4 *)(this->field_000C + 0x14);
005E6770/raw_pointer_offset/0f94c4155fd7/1	005E6770	WaitTy::InitWait	3	441	array_or_pointer_walk	indexed or induction-variable addressing proves a walk, but not one fixed member or a unique public element type	0	0	MMsgTy::SetPanel(*(MMsgTy **)(this_01->array_00BC[0xc].field_01DB + 0x2e6),0,(int)&local_268,0
005E6770/raw_pointer_offset/493c1d43f400/1	005E6770	WaitTy::InitWait	1	83	array_or_pointer_walk	indexed or induction-variable addressing proves a walk, but not one fixed member or a unique public element type	0	0	*(undefined4 *)(this_01->array_00BC[0xc].field_01DB + 0x140) = 0x1f;
005E6770/raw_pointer_offset/5b9791a5bca9/1	005E6770	WaitTy::InitWait	4	445	array_or_pointer_walk	indexed or induction-variable addressing proves a walk, but not one fixed member or a unique public element type	0	0	MMsgTy::StatePanel(*(MMsgTy **)(this_01->array_00BC[0xc].field_01DB + 0x2e6),(int)local_6c);
005E6770/raw_pointer_offset/69edccfac44c/1	005E6770	WaitTy::InitWait	2	437	packed_unaligned_or_union_view	the exact access is misaligned for its width; preserve the packed/unaligned per-use view until a complete union partition is proven	0	0	*(undefined4 *)(*(int *)(this_01->array_00BC[0xc].field_01DB + 0x2e6) + 0x1cab) =
005E7570/raw_pointer_offset/63fc3762886e/1	005E7570	WaitTy::DoneWait	1	122	array_or_pointer_walk	indexed or induction-variable addressing proves a walk, but not one fixed member or a unique public element type	0	0	(this_00 = *(MMsgTy **)(pWVar2->array_00BC[0xc].field_01DB + 0x2e6), this_00 != nullptr
005E7570/raw_pointer_offset/64014c0c7f54/1	005E7570	WaitTy::DoneWait	2	126	packed_unaligned_or_union_view	the exact access is misaligned for its width; preserve the packed/unaligned per-use view until a complete union partition is proven	0	0	*(undefined4 *)(*(int *)(pWVar2->array_00BC[0xc].field_01DB + 0x2e6) + 0x1cab) = 0;
005E84D0/raw_pointer_offset/213db56d16d1/1	005E84D0	WaitTy::NoneWait	5	339	array_or_pointer_walk	indexed or induction-variable addressing proves a walk, but not one fixed member or a unique public element type	0	0	*(void **)(this_01->array_00BC[0xc].field_01DB + 0x69a) = pvVar12;
005E84D0/raw_pointer_offset/29b8a1c0464d/1	005E84D0	WaitTy::NoneWait	13	464	packed_unaligned_or_union_view	the exact access is misaligned for its width; preserve the packed/unaligned per-use view until a complete union partition is proven	0	0	} while (uVar14 < *(uint *)(this_01->array_00BC[0xc].field_01DB + 0x6a6));
005E84D0/raw_pointer_offset/2d6c86b59176/1	005E84D0	WaitTy::NoneWait	4	335	packed_unaligned_or_union_view	the exact access is misaligned for its width; preserve the packed/unaligned per-use view until a complete union partition is proven	0	0	if (*(int *)(this_01->array_00BC[0xc].field_01DB + 0x69a) == 0) {
005E84D0/raw_pointer_offset/3984b5e86d03/1	005E84D0	WaitTy::NoneWait	2	318	array_or_pointer_walk	indexed or induction-variable addressing proves a walk, but not one fixed member or a unique public element type	0	0	MMsgTy::SetMessage(*(MMsgTy **)(this_01->array_00BC[0xc].field_01DB + 0x2e6),UVar24,
005E84D0/raw_pointer_offset/50fe51698f47/1	005E84D0	WaitTy::NoneWait	7	343	packed_unaligned_or_union_view	the exact access is misaligned for its width; preserve the packed/unaligned per-use view until a complete union partition is proven	0	0	*(undefined4 *)(this_01->array_00BC[0xc].field_01DB + 0x6ae) =
005E84D0/raw_pointer_offset/5774e1ccf7ad/1	005E84D0	WaitTy::NoneWait	1	283	array_or_pointer_walk	indexed or induction-variable addressing proves a walk, but not one fixed member or a unique public element type	0	0	this_00 = *(MMsgTy **)(this_01->array_00BC[0xc].field_01DB + 0x2e6);
005E84D0/raw_pointer_offset/583842cbe350/1	005E84D0	WaitTy::NoneWait	8	345	packed_unaligned_or_union_view	the exact access is misaligned for its width; preserve the packed/unaligned per-use view until a complete union partition is proven	0	0	*(undefined4 *)(this_01->array_00BC[0xc].field_01DB + 0x6b2) =
005E84D0/raw_pointer_offset/5ce0ec00a80f/1	005E84D0	WaitTy::NoneWait	3	332	packed_unaligned_or_union_view	the exact access is misaligned for its width; preserve the packed/unaligned per-use view until a complete union partition is proven	0	0	((local_10 = local_14 + 2, (int)local_28 <= *(int *)(local_14 + 2) + 0x1c &&
005E84D0/raw_pointer_offset/6dba45060699/1	005E84D0	WaitTy::NoneWait	11	354	packed_unaligned_or_union_view	the exact access is misaligned for its width; preserve the packed/unaligned per-use view until a complete union partition is proven	0	0	uVar16 = *(uint *)(this_01->array_00BC[0xc].field_01DB + 0x6a6);
005E84D0/raw_pointer_offset/7c6aa5a3992e/1	005E84D0	WaitTy::NoneWait	10	348	packed_unaligned_or_union_view	the exact access is misaligned for its width; preserve the packed/unaligned per-use view until a complete union partition is proven	0	0	*(undefined4 *)(this_01->array_00BC[0xc].field_01DB + 0x6a6) =
005E84D0/raw_pointer_offset/8f0e7bc3bca2/1	005E84D0	WaitTy::NoneWait	12	454	packed_unaligned_or_union_view	the exact access is misaligned for its width; preserve the packed/unaligned per-use view until a complete union partition is proven	0	0	if (*(int *)(this_01->array_00BC[0xc].field_01DB + 0x6a6) != 0) {
005E84D0/raw_pointer_offset/9964f85012cc/1	005E84D0	WaitTy::NoneWait	6	341	packed_unaligned_or_union_view	the exact access is misaligned for its width; preserve the packed/unaligned per-use view until a complete union partition is proven	0	0	*(undefined4 *)(this_01->array_00BC[0xc].field_01DB + 0x69e) =
005E84D0/raw_pointer_offset/a0172651de09/1	005E84D0	WaitTy::NoneWait	9	347	packed_unaligned_or_union_view	the exact access is misaligned for its width; preserve the packed/unaligned per-use view until a complete union partition is proven	0	0	*(int *)(this_01->array_00BC[0xc].field_01DB + 0x6a2) = *(int *)local_10;
005EA680/raw_pointer_offset/2749f0624fef/1	005EA680	WaitTy::GetMessage	1	97	insufficient_independent_evidence	a fixed offset is visible, but no unique owner, complete compatible layout, and independent typed boundary jointly prove a field	0	0	InitWait(this_02,*(undefined4 *)((message->arg0).u32 + 0x14),
005EA680/raw_pointer_offset/5605294281b0/1	005EA680	WaitTy::GetMessage	3	207	array_or_pointer_walk	indexed or induction-variable addressing proves a walk, but not one fixed member or a unique public element type	0	0	this_00 = *(MMsgTy **)(this_02->array_00BC[0xc].field_01DB + 0x2e6);
005EA680/raw_pointer_offset/61fe1575b744/1	005EA680	WaitTy::GetMessage	6	303	dynamic_darray_or_runtime_stride	the address depends on a runtime container stride; a static field or C array would misstate the ABI	0	0	(*(DArrayTy **)(this_02->array_00BC[0xc].field_01DB + 0x686),0,&CHAR_00h_008016a0);
005EA680/raw_pointer_offset/88fc921bb996/1	005EA680	WaitTy::GetMessage	2	98	insufficient_independent_evidence	a fixed offset is visible, but no unique owner, complete compatible layout, and independent typed boundary jointly prove a field	0	0	*(undefined4 *)((message->arg0).u32 + 0x18));
005EA680/raw_pointer_offset/e0991601a854/1	005EA680	WaitTy::GetMessage	4	221	packed_unaligned_or_union_view	the exact access is misaligned for its width; preserve the packed/unaligned per-use view until a complete union partition is proven	0	0	iVar9 = *(int *)(this_02->array_00BC[0xc].field_01DB + 0x686);
005EA680/raw_pointer_offset/e0991601a854/2	005EA680	WaitTy::GetMessage	5	232	packed_unaligned_or_union_view	the exact access is misaligned for its width; preserve the packed/unaligned per-use view until a complete union partition is proven	0	0	iVar9 = *(int *)(this_02->array_00BC[0xc].field_01DB + 0x686);
005EDC20/raw_pointer_offset/6f49d71dd6e8/1	005EDC20	FUN_005edc20	1	41	insufficient_independent_evidence	a fixed offset is visible, but no unique owner, complete compatible layout, and independent typed boundary jointly prove a field	0	0	iVar4 = (**(code **)(*(int *)param_1 + 0x138))();
005EDC20/raw_pointer_offset/b632c36cc8cf/1	005EDC20	FUN_005edc20	2	44	insufficient_independent_evidence	a fixed offset is visible, but no unique owner, complete compatible layout, and independent typed boundary jointly prove a field	0	0	iVar6 = (**(code **)(*(int *)param_1 + 0x130))();
005EE080/raw_pointer_offset/312dcc48bb11/1	005EE080	FUN_005ee080	3	90	packed_unaligned_or_union_view	the exact access is misaligned for its width; preserve the packed/unaligned per-use view until a complete union partition is proven	0	0	*(short *)((int)this + (_param_2 * 3 + 0x177) * 2) = param_6;
005EE080/raw_pointer_offset/b6c540798753/1	005EE080	FUN_005ee080	1	88	insufficient_independent_evidence	a fixed offset is visible, but no unique owner, complete compatible layout, and independent typed boundary jointly prove a field	0	0	*(short *)((int)this + _param_2 * 6 + 0x2ea) = (short)iVar2;
005EE080/raw_pointer_offset/cfa365adc9c6/1	005EE080	FUN_005ee080	2	89	insufficient_independent_evidence	a fixed offset is visible, but no unique owner, complete compatible layout, and independent typed boundary jointly prove a field	0	0	*(short *)((int)this + _param_2 * 6 + 0x2ec) = (short)iVar3;
005EE670/raw_pointer_offset/7619fca22713/1	005EE670	FUN_005ee670	1	11	insufficient_independent_evidence	a fixed offset is visible, but no unique owner, complete compatible layout, and independent typed boundary jointly prove a field	0	0	iVar1 = (**(code **)(param_1->field_0000 + 0x124))(2000);
005EF5D0/raw_pointer_offset/ae4b00694b33/1	005EF5D0	FUN_005ef5d0	1	11	insufficient_independent_evidence	a fixed offset is visible, but no unique owner, complete compatible layout, and independent typed boundary jointly prove a field	0	0	return *(undefined2 *)(param_1 + 0x32);
005EFA30/raw_pointer_offset/1dd7fdff496d/1	005EFA30	FUN_005efa30	1	8	packed_unaligned_or_union_view	the exact access is misaligned for its width; preserve the packed/unaligned per-use view until a complete union partition is proven	0	0	return (*(int *)(param_1 + 0x23e) * 100) / 2000;
005F0050/raw_pointer_offset/23f2ada2fd8f/1	005F0050	FUN_005f0050	2	9	packed_unaligned_or_union_view	the exact access is misaligned for its width; preserve the packed/unaligned per-use view until a complete union partition is proven	0	0	(*(int *)(param_1 + 0x23a) != 6)) {
005F0050/raw_pointer_offset/6fb8ae3ddf0f/1	005F0050	FUN_005f0050	1	8	packed_unaligned_or_union_view	the exact access is misaligned for its width; preserve the packed/unaligned per-use view until a complete union partition is proven	0	0	if (((0 < *(int *)(param_1 + 0x23e)) && (*(int *)(param_1 + 0x23a) != 5)) &&
005F0380/raw_pointer_offset/572712e1efa5/1	005F0380	FUN_005f0380	1	8	packed_unaligned_or_union_view	the exact access is misaligned for its width; preserve the packed/unaligned per-use view until a complete union partition is proven	0	0	switch(*(undefined4 *)(param_1 + 0x2b1)) {
005F3530/raw_pointer_offset/913c1feb951b/1	005F3530	FUN_005f3530	1	17	packed_unaligned_or_union_view	the exact access is misaligned for its width; preserve the packed/unaligned per-use view until a complete union partition is proven	0	0	iVar2 = *(int *)(param_4->field_0171 + 0x29);
005F66F0/raw_pointer_offset/04f8efa7c731/1	005F66F0	STColl3C::sub_005F66F0	1	98	intentional_byte_cursor	the value is traversed as byte storage; semantic element identity is not independently proven	0	0	pbVar11 = *(byte **)(local_14->field_02E6 + 0x2c);
005F68B0/raw_pointer_offset/0d1f518bbc66/1	005F68B0	STColl3C::sub_005F68B0	3	94	insufficient_independent_evidence	a fixed offset is visible, but no unique owner, complete compatible layout, and independent typed boundary jointly prove a field	0	0	*(void **)(this->field_02E6 + 0x2c) = pvVar2;
005F68B0/raw_pointer_offset/325f86cb5405/1	005F68B0	STColl3C::sub_005F68B0	1	87	insufficient_independent_evidence	a fixed offset is visible, but no unique owner, complete compatible layout, and independent typed boundary jointly prove a field	0	0	if (*(int *)(this->field_02E6 + 0x2c) != 0) {
005F68B0/raw_pointer_offset/33b4469eff7d/1	005F68B0	STColl3C::sub_005F68B0	2	89	packed_unaligned_or_union_view	the exact access is misaligned for its width; preserve the packed/unaligned per-use view until a complete union partition is proven	0	0	uVar5 = *(uint *)(this->field_02E6 + 0x2e);
005F68B0/raw_pointer_offset/f22796bf0482/1	005F68B0	STColl3C::sub_005F68B0	4	96	intentional_byte_cursor	the value is traversed as byte storage; semantic element identity is not independently proven	0	0	puVar8 = (byte *)(*(undefined4 **)(this->field_02E6 + 0x2c));
005F6F60/raw_pointer_offset/0dea7d4963f5/1	005F6F60	STColl3C::sub_005F6F60	4	384	packed_unaligned_or_union_view	the exact access is misaligned for its width; preserve the packed/unaligned per-use view until a complete union partition is proven	0	0	*(int *)(this->field_02E6 + 0x30) = *(int *)(this->field_02E6 + 0x2e) + -1;
005F6F60/raw_pointer_offset/47eceaacbea7/1	005F6F60	STColl3C::sub_005F6F60	1	239	insufficient_independent_evidence	a fixed offset is visible, but no unique owner, complete compatible layout, and independent typed boundary jointly prove a field	0	0	*(int *)(this->field_02E6 + 0x10) = *(int *)(this->field_02E6 + 0x10) + 1;
005F6F60/raw_pointer_offset/47eceaacbea7/2	005F6F60	STColl3C::sub_005F6F60	7	411	insufficient_independent_evidence	a fixed offset is visible, but no unique owner, complete compatible layout, and independent typed boundary jointly prove a field	0	0	*(int *)(this->field_02E6 + 0x10) = *(int *)(this->field_02E6 + 0x10) + 1;
005F6F60/raw_pointer_offset/6fd073f6e9e0/1	005F6F60	STColl3C::sub_005F6F60	2	241	insufficient_independent_evidence	a fixed offset is visible, but no unique owner, complete compatible layout, and independent typed boundary jointly prove a field	0	0	if (*(int *)(this->field_02E6 + 0x10) < 0x23) {
005F6F60/raw_pointer_offset/7df587765b1d/1	005F6F60	STColl3C::sub_005F6F60	5	409	insufficient_independent_evidence	a fixed offset is visible, but no unique owner, complete compatible layout, and independent typed boundary jointly prove a field	0	0	*(int *)(this->field_02E6 + 0xc) = local_18;
005F6F60/raw_pointer_offset/8b386d52271e/1	005F6F60	STColl3C::sub_005F6F60	6	410	packed_unaligned_or_union_view	the exact access is misaligned for its width; preserve the packed/unaligned per-use view until a complete union partition is proven	0	0	*(int *)(this->field_02E6 + 0xe) = local_10;
005F6F60/raw_pointer_offset/d0112115bf40/1	005F6F60	STColl3C::sub_005F6F60	3	378	insufficient_independent_evidence	a fixed offset is visible, but no unique owner, complete compatible layout, and independent typed boundary jointly prove a field	0	0	*(uint *)(this->field_02E6 + 0x34) = g_playSystem_00802A38->field_00E4;
005F8D10/raw_pointer_offset/76e50106f085/1	005F8D10	FUN_005f8d10	1	16	insufficient_independent_evidence	a fixed offset is visible, but no unique owner, complete compatible layout, and independent typed boundary jointly prove a field	0	0	uVar2 = (**(code **)(*param_1 + 0x1c))();
005F95B0/raw_pointer_offset/1250a5bc0c26/1	005F95B0	FUN_005f95b0	10	73	insufficient_independent_evidence	a fixed offset is visible, but no unique owner, complete compatible layout, and independent typed boundary jointly prove a field	0	0	iVar9 = *(int *)(param_1->field_02E6 + 0x1c);
005F95B0/raw_pointer_offset/40f72c605e00/1	005F95B0	FUN_005f95b0	8	68	insufficient_independent_evidence	a fixed offset is visible, but no unique owner, complete compatible layout, and independent typed boundary jointly prove a field	0	0	*(undefined4 *)(param_1->field_02E6 + 0x48) = *(undefined4 *)(param_1->field_02E6 + 0x1c);
005F95B0/raw_pointer_offset/53998c3d1a33/1	005F95B0	FUN_005f95b0	17	202	insufficient_independent_evidence	a fixed offset is visible, but no unique owner, complete compatible layout, and independent typed boundary jointly prove a field	0	0	*(int *)(param_1->field_02E6 + 0x5c) = iVar7;
005F95B0/raw_pointer_offset/54f566c44605/1	005F95B0	FUN_005f95b0	11	75	insufficient_independent_evidence	a fixed offset is visible, but no unique owner, complete compatible layout, and independent typed boundary jointly prove a field	0	0	iVar8 = *(int *)(param_1->field_02E6 + 0x3c) - iVar9;
005F95B0/raw_pointer_offset/5e13cfb64a6a/1	005F95B0	FUN_005f95b0	9	71	insufficient_independent_evidence	a fixed offset is visible, but no unique owner, complete compatible layout, and independent typed boundary jointly prove a field	0	0	*(int *)(param_1->field_02E6 + 0x3c) = (int)sVar5;
005F95B0/raw_pointer_offset/72087af83024/1	005F95B0	FUN_005f95b0	16	201	insufficient_independent_evidence	a fixed offset is visible, but no unique owner, complete compatible layout, and independent typed boundary jointly prove a field	0	0	*(void **)(param_1->field_02E6 + 0x58) = local_14;
005F95B0/raw_pointer_offset/7694cf7118fd/1	005F95B0	FUN_005f95b0	3	59	insufficient_independent_evidence	a fixed offset is visible, but no unique owner, complete compatible layout, and independent typed boundary jointly prove a field	0	0	*(int *)(param_1->field_02E6 + 0x54) = (int)lVar10;
005F95B0/raw_pointer_offset/7cb89668cb84/1	005F95B0	FUN_005f95b0	7	67	insufficient_independent_evidence	a fixed offset is visible, but no unique owner, complete compatible layout, and independent typed boundary jointly prove a field	0	0	*(undefined4 *)(param_1->field_02E6 + 0x44) = *(undefined4 *)(param_1->field_02E6 + 0x18);
005F95B0/raw_pointer_offset/8a1fac7f8da9/1	005F95B0	FUN_005f95b0	15	99	insufficient_independent_evidence	a fixed offset is visible, but no unique owner, complete compatible layout, and independent typed boundary jointly prove a field	0	0	*(undefined4 *)(param_1->field_02E6 + 0x5c) = 10;
005F95B0/raw_pointer_offset/8e274d93f1e0/1	005F95B0	FUN_005f95b0	5	65	insufficient_independent_evidence	a fixed offset is visible, but no unique owner, complete compatible layout, and independent typed boundary jointly prove a field	0	0	*(int *)(param_1->field_02E6 + 0x38) = (int)local_6;
005F95B0/raw_pointer_offset/a6238dc44437/1	005F95B0	FUN_005f95b0	4	64	insufficient_independent_evidence	a fixed offset is visible, but no unique owner, complete compatible layout, and independent typed boundary jointly prove a field	0	0	*(int *)(param_1->field_02E6 + 0x34) = (int)local_8;
005F95B0/raw_pointer_offset/ae5dd230e4f1/1	005F95B0	FUN_005f95b0	14	98	insufficient_independent_evidence	a fixed offset is visible, but no unique owner, complete compatible layout, and independent typed boundary jointly prove a field	0	0	*(void **)(param_1->field_02E6 + 0x58) = pvVar2;
005F95B0/raw_pointer_offset/bc7fa5d13b69/1	005F95B0	FUN_005f95b0	6	66	insufficient_independent_evidence	a fixed offset is visible, but no unique owner, complete compatible layout, and independent typed boundary jointly prove a field	0	0	*(undefined4 *)(param_1->field_02E6 + 0x40) = *(undefined4 *)(param_1->field_02E6 + 0x14);
005F95B0/raw_pointer_offset/c106ec3a02a7/1	005F95B0	FUN_005f95b0	13	97	insufficient_independent_evidence	a fixed offset is visible, but no unique owner, complete compatible layout, and independent typed boundary jointly prove a field	0	0	*(undefined4 *)(param_1->field_02E6 + 0x54) = 0;
005F95B0/raw_pointer_offset/c7af90b0aac4/1	005F95B0	FUN_005f95b0	2	57	insufficient_independent_evidence	a fixed offset is visible, but no unique owner, complete compatible layout, and independent typed boundary jointly prove a field	0	0	*(int *)(param_1->field_02E6 + 0x50) = (int)lVar10;
005F95B0/raw_pointer_offset/d8bd949bc4a9/1	005F95B0	FUN_005f95b0	1	52	insufficient_independent_evidence	a fixed offset is visible, but no unique owner, complete compatible layout, and independent typed boundary jointly prove a field	0	0	*(uint *)(param_1->field_02E6 + 0x4c) = local_18;
005F95B0/raw_pointer_offset/d9106c2f48c6/1	005F95B0	FUN_005f95b0	12	96	insufficient_independent_evidence	a fixed offset is visible, but no unique owner, complete compatible layout, and independent typed boundary jointly prove a field	0	0	*(undefined4 *)(param_1->field_02E6 + 0x50) = 0;
005FAC40/raw_pointer_offset/f527ca97b001/1	005FAC40	FUN_005fac40	1	45	insufficient_independent_evidence	a fixed offset is visible, but no unique owner, complete compatible layout, and independent typed boundary jointly prove a field	0	0	*(int *)(STField<int>(this,0x2e6) + 0x1c) = param_5 + -0x32;
005FCDC0/raw_pointer_offset/b7e3c6baf030/1	005FCDC0	FUN_005fcdc0	1	11	packed_unaligned_or_union_view	the exact access is misaligned for its width; preserve the packed/unaligned per-use view until a complete union partition is proven	0	0	switch(*(undefined4 *)(param_1 + 0x346)) {
005FD380/raw_pointer_offset/ae4b00694b33/1	005FD380	FUN_005fd380	1	11	insufficient_independent_evidence	a fixed offset is visible, but no unique owner, complete compatible layout, and independent typed boundary jointly prove a field	0	0	return *(undefined2 *)(param_1 + 0x32);
005FD850/raw_pointer_offset/02d0b0686d07/1	005FD850	FUN_005fd850	1	40	array_or_pointer_walk	indexed or induction-variable addressing proves a walk, but not one fixed member or a unique public element type	0	0	*(STT3DSprC **)(param_1->field_0233 + -0x10 + iVar6) = pSVar2;
005FDB50/raw_pointer_offset/587437ca9156/1	005FDB50	SubmarineTitans::Recovered::HiddenThis::RecoveredReceiver_005FDB50::FUN_005fdb50	2	115	intentional_byte_cursor	the value is traversed as byte storage; semantic element identity is not independently proven	0	0	*(undefined1 *)(local_8 + 0x41 + local_c->field_0233) = 0;
005FDB50/raw_pointer_offset/6269cb465623/1	005FDB50	SubmarineTitans::Recovered::HiddenThis::RecoveredReceiver_005FDB50::FUN_005fdb50	1	60	insufficient_independent_evidence	a fixed offset is visible, but no unique owner, complete compatible layout, and independent typed boundary jointly prove a field	0	0	(this_00 = *(STT3DSprC **)(iVar8 + this->field_0233 + 0x42), this_00 != nullptr))
005FE280/raw_pointer_offset/0725a94f00ee/1	005FE280	FUN_005fe280	2	22	packed_unaligned_or_union_view	the exact access is misaligned for its width; preserve the packed/unaligned per-use view until a complete union partition is proven	0	0	*param_4 = (*(int *)(psVar1 + 0xe) * param_2) / *(int *)(psVar1 + 0x10) + (int)psVar1[1];
005FE280/raw_pointer_offset/0da13d039bd7/1	005FE280	FUN_005fe280	1	21	insufficient_independent_evidence	a fixed offset is visible, but no unique owner, complete compatible layout, and independent typed boundary jointly prove a field	0	0	*param_3 = (*(int *)(psVar1 + 0xc) * param_2) / *(int *)(psVar1 + 0x10) + (int)*psVar1;
005FE360/raw_pointer_offset/05e94ef62ad1/1	005FE360	FUN_005fe360	2	34	packed_unaligned_or_union_view	the exact access is misaligned for its width; preserve the packed/unaligned per-use view until a complete union partition is proven	0	0	*(int *)(param_1 + 0xe) = (int)param_6 - (short)param_3;
005FE360/raw_pointer_offset/4f275159e682/1	005FE360	FUN_005fe360	3	37	insufficient_independent_evidence	a fixed offset is visible, but no unique owner, complete compatible layout, and independent typed boundary jointly prove a field	0	0	*(int *)(param_1 + 0x10) = iVar2;
005FE360/raw_pointer_offset/a414db2677cd/1	005FE360	FUN_005fe360	1	32	insufficient_independent_evidence	a fixed offset is visible, but no unique owner, complete compatible layout, and independent typed boundary jointly prove a field	0	0	*(int *)(param_1 + 0xc) = (short)param_5 - (short)param_2;
005FE5D0/raw_pointer_offset/1414456d94d8/1	005FE5D0	FUN_005fe5d0	1	112	packed_unaligned_or_union_view	the exact access is misaligned for its width; preserve the packed/unaligned per-use view until a complete union partition is proven	0	0	*(uint *)(param_1 * 0x52 + 0x35 + STField<int>(this,0x233)) =
00600750/raw_pointer_offset/3682313de1d3/1	00600750	FUN_00600750	1	198	packed_unaligned_or_union_view	the exact access is misaligned for its width; preserve the packed/unaligned per-use view until a complete union partition is proven	0	0	*(undefined4 *)((int)local_c + 0x39 + param_1->field_0233) = 4;
00600750/raw_pointer_offset/4d41ccec2210/1	00600750	FUN_00600750	5	265	intentional_byte_cursor	the value is traversed as byte storage; semantic element identity is not independently proven	0	0	*(undefined1 *)((int)local_c + 0x41 + param_1->field_0233) = 0;
00600750/raw_pointer_offset/9f10b8e2a55d/1	00600750	FUN_00600750	4	262	intentional_byte_cursor	the value is traversed as byte storage; semantic element identity is not independently proven	0	0	else if (*(char *)((int)local_c + 0x41 + param_1->field_0233) != '\0') {
00600750/raw_pointer_offset/ad4e56c03003/1	00600750	FUN_00600750	3	258	intentional_byte_cursor	the value is traversed as byte storage; semantic element identity is not independently proven	0	0	*(undefined1 *)((int)local_c + 0x41 + param_1->field_0233) = 1;
00600750/raw_pointer_offset/c8ec62c03f66/1	00600750	FUN_00600750	2	256	intentional_byte_cursor	the value is traversed as byte storage; semantic element identity is not independently proven	0	0	if (*(char *)((int)local_c + 0x41 + param_1->field_0233) == '\0') {
006010A0/raw_pointer_offset/0483d33f54ab/1	006010A0	FUN_006010a0	4	51	packed_unaligned_or_union_view	the exact access is misaligned for its width; preserve the packed/unaligned per-use view until a complete union partition is proven	0	0	iVar2 = *(int *)(local_c + 0x39 + STField<int>(this,0x233));
006010A0/raw_pointer_offset/107b9cf01a34/1	006010A0	FUN_006010a0	3	49	packed_unaligned_or_union_view	the exact access is misaligned for its width; preserve the packed/unaligned per-use view until a complete union partition is proven	0	0	*(undefined4 *)(local_c + 0x42 + STField<int>(this,0x233)) = uVar1;
006010A0/raw_pointer_offset/21308ff88826/1	006010A0	FUN_006010a0	8	64	insufficient_independent_evidence	a fixed offset is visible, but no unique owner, complete compatible layout, and independent typed boundary jointly prove a field	0	0	*(void **)(local_c + 0x4e + STField<int>(this,0x233)) = pvVar3;
006010A0/raw_pointer_offset/342a1389f080/1	006010A0	FUN_006010a0	7	57	packed_unaligned_or_union_view	the exact access is misaligned for its width; preserve the packed/unaligned per-use view until a complete union partition is proven	0	0	*(undefined4 *)(local_c + 0x42 + STField<int>(this,0x233)) = 0;
006010A0/raw_pointer_offset/4aeda013f35c/1	006010A0	FUN_006010a0	5	55	packed_unaligned_or_union_view	the exact access is misaligned for its width; preserve the packed/unaligned per-use view until a complete union partition is proven	0	0	*(undefined4 *)(local_c + 0x46 + STField<int>(this,0x233)) = 0;
006010A0/raw_pointer_offset/b714fc138c8a/1	006010A0	FUN_006010a0	6	56	packed_unaligned_or_union_view	the exact access is misaligned for its width; preserve the packed/unaligned per-use view until a complete union partition is proven	0	0	*(undefined4 *)(local_c + 0x39 + STField<int>(this,0x233)) = 5;
006010A0/raw_pointer_offset/e3182aa2950c/1	006010A0	FUN_006010a0	2	40	packed_unaligned_or_union_view	the exact access is misaligned for its width; preserve the packed/unaligned per-use view until a complete union partition is proven	0	0	uVar1 = *(undefined4 *)(local_c + 0x42 + STField<int>(this,0x233));
006010A0/raw_pointer_offset/e493e1708b81/1	006010A0	FUN_006010a0	1	37	packed_unaligned_or_union_view	the exact access is misaligned for its width; preserve the packed/unaligned per-use view until a complete union partition is proven	0	0	iVar6 = *(int *)((int)param_1 + local_8 + 0x3d);
006012D0/raw_pointer_offset/00cb6ec0eb1c/1	006012D0	FUN_006012d0	1	61	packed_unaligned_or_union_view	the exact access is misaligned for its width; preserve the packed/unaligned per-use view until a complete union partition is proven	0	0	*(int *)((int)local_c + local_14 + 0x3d) = iVar4;
006012D0/raw_pointer_offset/89d79239a213/1	006012D0	FUN_006012d0	2	84	packed_unaligned_or_union_view	the exact access is misaligned for its width; preserve the packed/unaligned per-use view until a complete union partition is proven	0	0	*(int *)(local_8 + 0x3d + (int)local_c) = local_10;
00604A00/raw_pointer_offset/41274471d247/1	00604A00	FUN_00604a00	2	32	packed_unaligned_or_union_view	the exact access is misaligned for its width; preserve the packed/unaligned per-use view until a complete union partition is proven	0	0	*(undefined4 *)((int)this + param_1 * 4 + 0x219) = 0;
00604A00/raw_pointer_offset/e049cf6833c4/1	00604A00	FUN_00604a00	1	20	array_or_pointer_walk	indexed or induction-variable addressing proves a walk, but not one fixed member or a unique public element type	0	0	(this_00 = *(STParticleC **)((int)this + param_1 * 4 + 0x219), this_00 != nullptr))
0060A000/raw_pointer_offset/a5be49a5b340/1	0060A000	FUN_0060a000	1	34	insufficient_independent_evidence	a fixed offset is visible, but no unique owner, complete compatible layout, and independent typed boundary jointly prove a field	0	0	local_8 = *(int *)(param_1->field_0234 + 0xc);
0060AA00/raw_pointer_offset/d25ab5e8e2cc/1	0060AA00	FUN_0060aa00	1	30	insufficient_independent_evidence	a fixed offset is visible, but no unique owner, complete compatible layout, and independent typed boundary jointly prove a field	0	0	local_10 = *(int *)(param_1->field_0234 + 0xc);
0060C320/raw_pointer_offset/8748f405d41d/1	0060C320	FUN_0060c320	1	270	array_or_pointer_walk	indexed or induction-variable addressing proves a walk, but not one fixed member or a unique public element type	0	0	*(int *)(auStack_b0 + iVar11 * -0x1e) = STField<int>(param_1,0x1f1) + 0xb4;
0060D390/raw_pointer_offset/8012769b73e4/1	0060D390	FUN_0060d390	1	104	insufficient_independent_evidence	a fixed offset is visible, but no unique owner, complete compatible layout, and independent typed boundary jointly prove a field	0	0	piVar10 = *(int **)(local_58 + 0x40 + STField<int>(this,0x244));
0060D660/raw_pointer_offset/0674134e48df/1	0060D660	STFieldC::sub_0060D660	1	57	array_or_pointer_walk	indexed or induction-variable addressing proves a walk, but not one fixed member or a unique public element type	0	0	iVar6 = *(int *)((int)pvVar1 + local_14 + 0x40);
0060EF40/raw_pointer_offset/00aa2d4e8fc3/1	0060EF40	SubmarineTitans::Recovered::HiddenThis::RecoveredReceiver_0060EF40::FUN_0060ef40	6	184	array_or_pointer_walk	indexed or induction-variable addressing proves a walk, but not one fixed member or a unique public element type	0	0	*(undefined4 **)((int)local_b8 + iVar10 + -0x20),
0060EF40/raw_pointer_offset/00aa2d4e8fc3/2	0060EF40	SubmarineTitans::Recovered::HiddenThis::RecoveredReceiver_0060EF40::FUN_0060ef40	25		array_or_pointer_walk	indexed or induction-variable addressing proves a walk, but not one fixed member or a unique public element type	0	0	*(undefined4 **)((int)local_b8 + iVar10 + -0x20),
0060EF40/raw_pointer_offset/00aa2d4e8fc3/3	0060EF40	SubmarineTitans::Recovered::HiddenThis::RecoveredReceiver_0060EF40::FUN_0060ef40	26		array_or_pointer_walk	indexed or induction-variable addressing proves a walk, but not one fixed member or a unique public element type	0	0	*(undefined4 **)((int)local_b8 + iVar10 + -0x20),
0060EF40/raw_pointer_offset/00aa2d4e8fc3/4	0060EF40	SubmarineTitans::Recovered::HiddenThis::RecoveredReceiver_0060EF40::FUN_0060ef40	27		array_or_pointer_walk	indexed or induction-variable addressing proves a walk, but not one fixed member or a unique public element type	0	0	*(undefined4 **)((int)local_b8 + iVar10 + -0x20),
0060EF40/raw_pointer_offset/200f8dd0d398/1	0060EF40	SubmarineTitans::Recovered::HiddenThis::RecoveredReceiver_0060EF40::FUN_0060ef40	3	147	array_or_pointer_walk	indexed or induction-variable addressing proves a walk, but not one fixed member or a unique public element type	0	0	iVar1 = thunk_FUN_004961b0(*(short *)((int)local_b8 + iVar10 + -0x1c),
0060EF40/raw_pointer_offset/2676964b1f15/1	0060EF40	SubmarineTitans::Recovered::HiddenThis::RecoveredReceiver_0060EF40::FUN_0060ef40	24	386	array_or_pointer_walk	indexed or induction-variable addressing proves a walk, but not one fixed member or a unique public element type	0	0	*(int *)((int)local_b8 + iVar10 + -0x1c) =
0060EF40/raw_pointer_offset/4e01dfa6c075/1	0060EF40	SubmarineTitans::Recovered::HiddenThis::RecoveredReceiver_0060EF40::FUN_0060ef40	9	214	array_or_pointer_walk	indexed or induction-variable addressing proves a walk, but not one fixed member or a unique public element type	0	0	*(int *)((int)local_b8 + iVar10 + -0x20) = local_b0 - local_38;
0060EF40/raw_pointer_offset/554c05cb050f/1	0060EF40	SubmarineTitans::Recovered::HiddenThis::RecoveredReceiver_0060EF40::FUN_0060ef40	10	234	array_or_pointer_walk	indexed or induction-variable addressing proves a walk, but not one fixed member or a unique public element type	0	0	*(short **)((int)local_b8 + iVar10 + -0x20),
0060EF40/raw_pointer_offset/5f2a1da26fc1/1	0060EF40	SubmarineTitans::Recovered::HiddenThis::RecoveredReceiver_0060EF40::FUN_0060ef40	23	380	array_or_pointer_walk	indexed or induction-variable addressing proves a walk, but not one fixed member or a unique public element type	0	0	*(int **)((int)local_b8 + iVar10 + -0x1c),
0060EF40/raw_pointer_offset/6e9d9e74beee/1	0060EF40	SubmarineTitans::Recovered::HiddenThis::RecoveredReceiver_0060EF40::FUN_0060ef40	20	374	array_or_pointer_walk	indexed or induction-variable addressing proves a walk, but not one fixed member or a unique public element type	0	0	*(undefined4 **)((int)local_b8 + iVar10 + -0x1c) = &local_30;
0060EF40/raw_pointer_offset/7ab6a14b7321/1	0060EF40	SubmarineTitans::Recovered::HiddenThis::RecoveredReceiver_0060EF40::FUN_0060ef40	2	144	array_or_pointer_walk	indexed or induction-variable addressing proves a walk, but not one fixed member or a unique public element type	0	0	*(undefined4 *)((int)local_b8 + iVar10 + -0x20) = 0x60f22c;
0060EF40/raw_pointer_offset/7d045e526b7e/1	0060EF40	SubmarineTitans::Recovered::HiddenThis::RecoveredReceiver_0060EF40::FUN_0060ef40	14	314	array_or_pointer_walk	indexed or induction-variable addressing proves a walk, but not one fixed member or a unique public element type	0	0	*(int *)((int)local_b8 + iVar10 + -0x20),
0060EF40/raw_pointer_offset/7d045e526b7e/2	0060EF40	SubmarineTitans::Recovered::HiddenThis::RecoveredReceiver_0060EF40::FUN_0060ef40	18	364	array_or_pointer_walk	indexed or induction-variable addressing proves a walk, but not one fixed member or a unique public element type	0	0	*(int *)((int)local_b8 + iVar10 + -0x20),
0060EF40/raw_pointer_offset/83c72ededa3d/1	0060EF40	SubmarineTitans::Recovered::HiddenThis::RecoveredReceiver_0060EF40::FUN_0060ef40	11	235	array_or_pointer_walk	indexed or induction-variable addressing proves a walk, but not one fixed member or a unique public element type	0	0	*(short **)((int)local_b8 + iVar10 + -0x1c),
0060EF40/raw_pointer_offset/98f08a1ff5bb/1	0060EF40	SubmarineTitans::Recovered::HiddenThis::RecoveredReceiver_0060EF40::FUN_0060ef40	21	375	array_or_pointer_walk	indexed or induction-variable addressing proves a walk, but not one fixed member or a unique public element type	0	0	*(int *)((int)local_b8 + iVar10 + -0x20) = (int)this->field_01F5;
0060EF40/raw_pointer_offset/c8c5ff927e87/1	0060EF40	SubmarineTitans::Recovered::HiddenThis::RecoveredReceiver_0060EF40::FUN_0060ef40	7	185	array_or_pointer_walk	indexed or induction-variable addressing proves a walk, but not one fixed member or a unique public element type	0	0	*(undefined4 **)((int)local_b8 + iVar10 + -0x1c),
0060EF40/raw_pointer_offset/cf5823db249c/1	0060EF40	SubmarineTitans::Recovered::HiddenThis::RecoveredReceiver_0060EF40::FUN_0060ef40	8	212	array_or_pointer_walk	indexed or induction-variable addressing proves a walk, but not one fixed member or a unique public element type	0	0	*(int *)((int)local_b8 + iVar10 + -0x1c) = local_34;
0060EF40/raw_pointer_offset/dd30e7ac376d/1	0060EF40	SubmarineTitans::Recovered::HiddenThis::RecoveredReceiver_0060EF40::FUN_0060ef40	4	178	array_or_pointer_walk	indexed or induction-variable addressing proves a walk, but not one fixed member or a unique public element type	0	0	*(undefined4 *)((int)local_b8 + iVar10 + -0x1c) = 0;
0060EF40/raw_pointer_offset/dd30e7ac376d/2	0060EF40	SubmarineTitans::Recovered::HiddenThis::RecoveredReceiver_0060EF40::FUN_0060ef40	12	286	array_or_pointer_walk	indexed or induction-variable addressing proves a walk, but not one fixed member or a unique public element type	0	0	*(undefined4 *)((int)local_b8 + iVar10 + -0x1c) = 0;
0060EF40/raw_pointer_offset/dd30e7ac376d/3	0060EF40	SubmarineTitans::Recovered::HiddenThis::RecoveredReceiver_0060EF40::FUN_0060ef40	16	336	array_or_pointer_walk	indexed or induction-variable addressing proves a walk, but not one fixed member or a unique public element type	0	0	*(undefined4 *)((int)local_b8 + iVar10 + -0x1c) = 0;
0060EF40/raw_pointer_offset/dda0c086b2e5/1	0060EF40	SubmarineTitans::Recovered::HiddenThis::RecoveredReceiver_0060EF40::FUN_0060ef40	5	179	array_or_pointer_walk	indexed or induction-variable addressing proves a walk, but not one fixed member or a unique public element type	0	0	*(undefined4 *)((int)local_b8 + iVar10 + -0x20) = 0;
0060EF40/raw_pointer_offset/dda0c086b2e5/2	0060EF40	SubmarineTitans::Recovered::HiddenThis::RecoveredReceiver_0060EF40::FUN_0060ef40	13	287	array_or_pointer_walk	indexed or induction-variable addressing proves a walk, but not one fixed member or a unique public element type	0	0	*(undefined4 *)((int)local_b8 + iVar10 + -0x20) = 0;
0060EF40/raw_pointer_offset/dda0c086b2e5/3	0060EF40	SubmarineTitans::Recovered::HiddenThis::RecoveredReceiver_0060EF40::FUN_0060ef40	17	337	array_or_pointer_walk	indexed or induction-variable addressing proves a walk, but not one fixed member or a unique public element type	0	0	*(undefined4 *)((int)local_b8 + iVar10 + -0x20) = 0;
0060EF40/raw_pointer_offset/efe3380744e2/1	0060EF40	SubmarineTitans::Recovered::HiddenThis::RecoveredReceiver_0060EF40::FUN_0060ef40	1	143	array_or_pointer_walk	indexed or induction-variable addressing proves a walk, but not one fixed member or a unique public element type	0	0	*(int *)((int)local_b8 + iVar10 + -0x1c) = iVar13;
0060EF40/raw_pointer_offset/f47ea66d846d/1	0060EF40	SubmarineTitans::Recovered::HiddenThis::RecoveredReceiver_0060EF40::FUN_0060ef40	15	315	array_or_pointer_walk	indexed or induction-variable addressing proves a walk, but not one fixed member or a unique public element type	0	0	*(int *)((int)local_b8 + iVar10 + -0x1c),
0060EF40/raw_pointer_offset/f47ea66d846d/2	0060EF40	SubmarineTitans::Recovered::HiddenThis::RecoveredReceiver_0060EF40::FUN_0060ef40	19	365	array_or_pointer_walk	indexed or induction-variable addressing proves a walk, but not one fixed member or a unique public element type	0	0	*(int *)((int)local_b8 + iVar10 + -0x1c),
0060EF40/raw_pointer_offset/f97a268a641f/1	0060EF40	SubmarineTitans::Recovered::HiddenThis::RecoveredReceiver_0060EF40::FUN_0060ef40	22	379	array_or_pointer_walk	indexed or induction-variable addressing proves a walk, but not one fixed member or a unique public element type	0	0	thunk_FUN_00615860(*(int *)((int)local_b8 + iVar10 + -0x20),
00617EB0/raw_pointer_offset/0be08927fe8d/1	00617EB0	FUN_00617eb0	1	11	insufficient_independent_evidence	a fixed offset is visible, but no unique owner, complete compatible layout, and independent typed boundary jointly prove a field	0	0	uVar1 = *(undefined4 *)(param_1->field_005E + 0xc);
00619540/raw_pointer_offset/80683d2ad433/1	00619540	FUN_00619540	1	17	packed_unaligned_or_union_view	the exact access is misaligned for its width; preserve the packed/unaligned per-use view until a complete union partition is proven	0	0	iVar2 = *(int *)(param_4->field_004E + 0x29);
0061E7F0/raw_pointer_offset/395a39a57ad6/1	0061E7F0	FUN_0061e7f0	1	124	array_or_pointer_walk	indexed or induction-variable addressing proves a walk, but not one fixed member or a unique public element type	0	0	fVar5 = *(float *)(local_18 + 0x1c + iVar15) * param_1->field_0047;
0061E7F0/raw_pointer_offset/395a39a57ad6/2	0061E7F0	FUN_0061e7f0	6	320	array_or_pointer_walk	indexed or induction-variable addressing proves a walk, but not one fixed member or a unique public element type	0	0	fVar5 = *(float *)(local_18 + 0x1c + iVar15) * param_1->field_0047;
0061E7F0/raw_pointer_offset/886f518dbc46/1	0061E7F0	FUN_0061e7f0	5	259	array_or_pointer_walk	indexed or induction-variable addressing proves a walk, but not one fixed member or a unique public element type	0	0	*(undefined4 *)(*(int *)((int)param_1->field_009F + uVar17 * 4) + 0x24 + local_18);
0061E7F0/raw_pointer_offset/aa21f83a5599/1	0061E7F0	FUN_0061e7f0	4	255	array_or_pointer_walk	indexed or induction-variable addressing proves a walk, but not one fixed member or a unique public element type	0	0	iVar15 = *(int *)(*(int *)((int)param_1->field_009F + uVar17 * 4) + 0x24 + local_18);
0061E7F0/raw_pointer_offset/ac1424fbe491/1	0061E7F0	FUN_0061e7f0	3	128	array_or_pointer_walk	indexed or induction-variable addressing proves a walk, but not one fixed member or a unique public element type	0	0	fVar6 = *(float *)(local_18 + 0x14 + iVar15) * param_1->field_0047;
0061E7F0/raw_pointer_offset/ac1424fbe491/2	0061E7F0	FUN_0061e7f0	8	324	array_or_pointer_walk	indexed or induction-variable addressing proves a walk, but not one fixed member or a unique public element type	0	0	fVar6 = *(float *)(local_18 + 0x14 + iVar15) * param_1->field_0047;
0061E7F0/raw_pointer_offset/b9f74c6b9b2f/1	0061E7F0	FUN_0061e7f0	2	126	array_or_pointer_walk	indexed or induction-variable addressing proves a walk, but not one fixed member or a unique public element type	0	0	fVar7 = *(float *)(local_18 + 0x18 + iVar15) * param_1->field_0047;
0061E7F0/raw_pointer_offset/b9f74c6b9b2f/2	0061E7F0	FUN_0061e7f0	7	322	array_or_pointer_walk	indexed or induction-variable addressing proves a walk, but not one fixed member or a unique public element type	0	0	fVar7 = *(float *)(local_18 + 0x18 + iVar15) * param_1->field_0047;
0061FDB0/raw_pointer_offset/0b9251f124ce/1	0061FDB0	FUN_0061fdb0	14	20	packed_unaligned_or_union_view	the exact access is misaligned for its width; preserve the packed/unaligned per-use view until a complete union partition is proven	0	0	*(undefined4 *)(param_1 + 0xe5) = 0;
0061FDB0/raw_pointer_offset/1ebf253137c2/1	0061FDB0	FUN_0061fdb0	4	10	packed_unaligned_or_union_view	the exact access is misaligned for its width; preserve the packed/unaligned per-use view until a complete union partition is proven	0	0	*(undefined4 *)(param_1 + 0xbd) = 0;
0061FDB0/raw_pointer_offset/21f1d2878d1b/1	0061FDB0	FUN_0061fdb0	1	7	packed_unaligned_or_union_view	the exact access is misaligned for its width; preserve the packed/unaligned per-use view until a complete union partition is proven	0	0	*(undefined4 *)(param_1 + 0xb1) = 0;
0061FDB0/raw_pointer_offset/3323ef18052b/1	0061FDB0	FUN_0061fdb0	6	12	packed_unaligned_or_union_view	the exact access is misaligned for its width; preserve the packed/unaligned per-use view until a complete union partition is proven	0	0	*(undefined4 *)(param_1 + 0xc5) = 0;
0061FDB0/raw_pointer_offset/3aeab3697765/1	0061FDB0	FUN_0061fdb0	9	15	packed_unaligned_or_union_view	the exact access is misaligned for its width; preserve the packed/unaligned per-use view until a complete union partition is proven	0	0	*(undefined4 *)(param_1 + 0xd1) = 0;
0061FDB0/raw_pointer_offset/4acc6833ba03/1	0061FDB0	FUN_0061fdb0	7	13	packed_unaligned_or_union_view	the exact access is misaligned for its width; preserve the packed/unaligned per-use view until a complete union partition is proven	0	0	*(undefined4 *)(param_1 + 0xc9) = 0;
0061FDB0/raw_pointer_offset/4d18cbb223bb/1	0061FDB0	FUN_0061fdb0	10	16	packed_unaligned_or_union_view	the exact access is misaligned for its width; preserve the packed/unaligned per-use view until a complete union partition is proven	0	0	*(undefined4 *)(param_1 + 0xd5) = 0;
0061FDB0/raw_pointer_offset/54d251496577/1	0061FDB0	FUN_0061fdb0	11	17	packed_unaligned_or_union_view	the exact access is misaligned for its width; preserve the packed/unaligned per-use view until a complete union partition is proven	0	0	*(undefined4 *)(param_1 + 0xd9) = 0;
0061FDB0/raw_pointer_offset/91f43af9a32c/1	0061FDB0	FUN_0061fdb0	15	21	packed_unaligned_or_union_view	the exact access is misaligned for its width; preserve the packed/unaligned per-use view until a complete union partition is proven	0	0	*(undefined4 *)(param_1 + 0xe9) = 0;
0061FDB0/raw_pointer_offset/a7f11283f3a2/1	0061FDB0	FUN_0061fdb0	3	9	packed_unaligned_or_union_view	the exact access is misaligned for its width; preserve the packed/unaligned per-use view until a complete union partition is proven	0	0	*(undefined4 *)(param_1 + 0xb9) = 0;
0061FDB0/raw_pointer_offset/ba4d4e9dece1/1	0061FDB0	FUN_0061fdb0	8	14	packed_unaligned_or_union_view	the exact access is misaligned for its width; preserve the packed/unaligned per-use view until a complete union partition is proven	0	0	*(undefined4 *)(param_1 + 0xcd) = 0;
0061FDB0/raw_pointer_offset/c35dc575d315/1	0061FDB0	FUN_0061fdb0	2	8	packed_unaligned_or_union_view	the exact access is misaligned for its width; preserve the packed/unaligned per-use view until a complete union partition is proven	0	0	*(undefined4 *)(param_1 + 0xb5) = 0;
0061FDB0/raw_pointer_offset/cf0fedfadb3a/1	0061FDB0	FUN_0061fdb0	13	19	packed_unaligned_or_union_view	the exact access is misaligned for its width; preserve the packed/unaligned per-use view until a complete union partition is proven	0	0	*(undefined4 *)(param_1 + 0xe1) = 0;
0061FDB0/raw_pointer_offset/e034d45e101f/1	0061FDB0	FUN_0061fdb0	12	18	packed_unaligned_or_union_view	the exact access is misaligned for its width; preserve the packed/unaligned per-use view until a complete union partition is proven	0	0	*(undefined4 *)(param_1 + 0xdd) = 0;
0061FDB0/raw_pointer_offset/e96463775ad6/1	0061FDB0	FUN_0061fdb0	5	11	packed_unaligned_or_union_view	the exact access is misaligned for its width; preserve the packed/unaligned per-use view until a complete union partition is proven	0	0	*(undefined4 *)(param_1 + 0xc1) = 0;
00621A70/raw_pointer_offset/ccecd8c9140a/1	00621A70	FUN_00621a70	1	16	insufficient_independent_evidence	a fixed offset is visible, but no unique owner, complete compatible layout, and independent typed boundary jointly prove a field	0	0	if ((param_1->field_010A != 0) && (local_c = *(int *)(param_1->field_010A + 0xc), 0 < local_c)) {
00623040/raw_pointer_offset/df24316dbd75/1	00623040	FUN_00623040	1	24	packed_unaligned_or_union_view	the exact access is misaligned for its width; preserve the packed/unaligned per-use view until a complete union partition is proven	0	0	iVar1 = *(int *)(param_4->field_0060 + 0x29);
00627250/raw_pointer_offset/44b377a27f7c/1	00627250	FUN_00627250	1	8	packed_unaligned_or_union_view	the exact access is misaligned for its width; preserve the packed/unaligned per-use view until a complete union partition is proven	0	0	if ((*(int *)(param_1 + 0x2ae) != 0) && (*(int *)(param_1 + 0x2ae) != 1)) {
0062A370/raw_pointer_offset/0c61ffb2974e/1	0062A370	STParticleC::sub_0062A370	1	71	insufficient_independent_evidence	a fixed offset is visible, but no unique owner, complete compatible layout, and independent typed boundary jointly prove a field	0	0	(iVar2 = (**(code **)(this->field_00EB->field_0000 + 0xe0))
0062B420/raw_pointer_offset/b042b082628e/1	0062B420	FUN_0062b420	1	17	packed_unaligned_or_union_view	the exact access is misaligned for its width; preserve the packed/unaligned per-use view until a complete union partition is proven	0	0	iVar2 = *(int *)(param_4->field_00CA + 0x29);
0062B830/raw_pointer_offset/f9c413cca4d4/1	0062B830	FUN_0062b830	1	56	insufficient_independent_evidence	a fixed offset is visible, but no unique owner, complete compatible layout, and independent typed boundary jointly prove a field	0	0	iVar1 = (**(code **)(*param_5 + 0x2c))();
0062D120/raw_pointer_offset/8788d26ddc91/1	0062D120	FUN_0062d120	1	16	array_or_pointer_walk	indexed or induction-variable addressing proves a walk, but not one fixed member or a unique public element type	0	0	if ((this != (void *)0xffffffd0) && (iVar2 = *(int *)((int)this + param_1 * 4 + 0x30), iVar2 != 0)
0062D230/raw_pointer_offset/5e7bb3be6a03/1	0062D230	FUN_0062d230	1	14	dynamic_darray_or_runtime_stride	the address depends on a runtime container stride; a static field or C array would misstate the ABI	0	0	array = *(DArrayTy **)((int)this + *param_1 * 4 + 0x30);
0062D2D0/raw_pointer_offset/8788d26ddc91/1	0062D2D0	FUN_0062d2d0	1	37	array_or_pointer_walk	indexed or induction-variable addressing proves a walk, but not one fixed member or a unique public element type	0	0	if ((this != (void *)0xffffffd0) && (iVar2 = *(int *)((int)this + param_1 * 4 + 0x30), iVar2 != 0)
0062D2D0/raw_pointer_offset/c8b14acea6b1/1	0062D2D0	FUN_0062d2d0	2	59	array_or_pointer_walk	indexed or induction-variable addressing proves a walk, but not one fixed member or a unique public element type	0	0	iVar4 = *(int *)((int)this + param_1 * 4 + 0x30);
0062D910/raw_pointer_offset/223993c03f2e/1	0062D910	STManRub3C::AddNewDock	1	73	array_or_pointer_walk	indexed or induction-variable addressing proves a walk, but not one fixed member or a unique public element type	0	0	local_c = *(int *)(local_8->field_0030[param_1 + 8] + 0xc);
0062DB50/raw_pointer_offset/b32c0ef1f212/1	0062DB50	FUN_0062db50	1	14	array_or_pointer_walk	indexed or induction-variable addressing proves a walk, but not one fixed member or a unique public element type	0	0	iVar1 = *(int *)((int)this + param_1 * 4 + 0x50);
0062DBD0/raw_pointer_offset/6ef95934db4a/1	0062DBD0	FUN_0062dbd0	5	58	array_or_pointer_walk	indexed or induction-variable addressing proves a walk, but not one fixed member or a unique public element type	0	0	iVar3 = *(int *)((int)this + param_1 * 4 + 0x70);
0062DBD0/raw_pointer_offset/b32c0ef1f212/1	0062DBD0	FUN_0062dbd0	2	26	array_or_pointer_walk	indexed or induction-variable addressing proves a walk, but not one fixed member or a unique public element type	0	0	iVar1 = *(int *)((int)this + param_1 * 4 + 0x50);
0062DBD0/raw_pointer_offset/b484a946b4dd/1	0062DBD0	FUN_0062dbd0	4	47	array_or_pointer_walk	indexed or induction-variable addressing proves a walk, but not one fixed member or a unique public element type	0	0	if ((-1 < (int)local_8) && (iVar3 = *(int *)((int)this + param_1 * 4 + 0x70), iVar3 != 0)) {
0062DBD0/raw_pointer_offset/be69dfea2a59/1	0062DBD0	FUN_0062dbd0	1	17	array_or_pointer_walk	indexed or induction-variable addressing proves a walk, but not one fixed member or a unique public element type	0	0	iVar3 = *(int *)((int)this + param_1 * 4 + 0x50);
0062DBD0/raw_pointer_offset/f1cdcd033ab5/1	0062DBD0	FUN_0062dbd0	3	41	dynamic_darray_or_runtime_stride	the address depends on a runtime container stride; a static field or C array would misstate the ABI	0	0	DArrayRemoveAt(*(DArrayTy **)((int)this + param_1 * 4 + 0x50),uVar4);
0062DD00/raw_pointer_offset/84b733d258c3/1	0062DD00	FUN_0062dd00	1	10	dynamic_darray_or_runtime_stride	the address depends on a runtime container stride; a static field or C array would misstate the ABI	0	0	array = *(DArrayTy **)((int)this + param_1 * 4 + 0x50);
0062DD00/raw_pointer_offset/cf56ba752f19/1	0062DD00	FUN_0062dd00	2	13	array_or_pointer_walk	indexed or induction-variable addressing proves a walk, but not one fixed member or a unique public element type	0	0	*(undefined4 *)((int)this + param_1 * 4 + 0x50) = 0;
0062DD80/raw_pointer_offset/7b8ab643c78d/1	0062DD80	STManRub3C::AddNewColl3	1	51	array_or_pointer_walk	indexed or induction-variable addressing proves a walk, but not one fixed member or a unique public element type	0	0	iVar4 = *(int *)(local_c->field_0030[param_1 + 0x10] + 0xc);
0062DF30/raw_pointer_offset/4b5ff0892d86/1	0062DF30	FUN_0062df30	1	14	array_or_pointer_walk	indexed or induction-variable addressing proves a walk, but not one fixed member or a unique public element type	0	0	iVar1 = *(int *)((int)this + param_1 * 4 + 0x70);
0062DFD0/raw_pointer_offset/4b5ff0892d86/1	0062DFD0	FUN_0062dfd0	1	16	array_or_pointer_walk	indexed or induction-variable addressing proves a walk, but not one fixed member or a unique public element type	0	0	iVar1 = *(int *)((int)this + param_1 * 4 + 0x70);
0062DFD0/raw_pointer_offset/6ef95934db4a/1	0062DFD0	FUN_0062dfd0	2	23	array_or_pointer_walk	indexed or induction-variable addressing proves a walk, but not one fixed member or a unique public element type	0	0	iVar3 = *(int *)((int)this + param_1 * 4 + 0x70);
0062DFD0/raw_pointer_offset/be69dfea2a59/1	0062DFD0	FUN_0062dfd0	3	29	array_or_pointer_walk	indexed or induction-variable addressing proves a walk, but not one fixed member or a unique public element type	0	0	iVar3 = *(int *)((int)this + param_1 * 4 + 0x50);
0062DFD0/raw_pointer_offset/be9735c9aa65/1	0062DFD0	FUN_0062dfd0	4	38	dynamic_darray_or_runtime_stride	the address depends on a runtime container stride; a static field or C array would misstate the ABI	0	0	DArrayRemoveAt(*(DArrayTy **)((int)this + param_1 * 4 + 0x70),local_8);
0062E0F0/raw_pointer_offset/1041dfc8b791/1	0062E0F0	FUN_0062e0f0	1	10	dynamic_darray_or_runtime_stride	the address depends on a runtime container stride; a static field or C array would misstate the ABI	0	0	array = *(DArrayTy **)((int)this + param_1 * 4 + 0x70);
0062E0F0/raw_pointer_offset/5105c285c8d3/1	0062E0F0	FUN_0062e0f0	2	13	array_or_pointer_walk	indexed or induction-variable addressing proves a walk, but not one fixed member or a unique public element type	0	0	*(undefined4 *)((int)this + param_1 * 4 + 0x70) = 0;
0062E3A0/raw_pointer_offset/afb79885972f/1	0062E3A0	FUN_0062e3a0	1	13	array_or_pointer_walk	indexed or induction-variable addressing proves a walk, but not one fixed member or a unique public element type	0	0	iVar2 = *(int *)((int)this + (int)param_1 * 4 + 0x50);
0062E490/raw_pointer_offset/afb79885972f/1	0062E490	FUN_0062e490	1	18	array_or_pointer_walk	indexed or induction-variable addressing proves a walk, but not one fixed member or a unique public element type	0	0	iVar2 = *(int *)((int)this + (int)param_1 * 4 + 0x50);
0062E550/raw_pointer_offset/be69dfea2a59/1	0062E550	FUN_0062e550	1	22	array_or_pointer_walk	indexed or induction-variable addressing proves a walk, but not one fixed member or a unique public element type	0	0	iVar3 = *(int *)((int)this + param_1 * 4 + 0x50);
0062E640/raw_pointer_offset/b32c0ef1f212/1	0062E640	FUN_0062e640	1	17	array_or_pointer_walk	indexed or induction-variable addressing proves a walk, but not one fixed member or a unique public element type	0	0	iVar1 = *(int *)((int)this + param_1 * 4 + 0x50);
0062E6B0/raw_pointer_offset/b32c0ef1f212/1	0062E6B0	FUN_0062e6b0	1	14	array_or_pointer_walk	indexed or induction-variable addressing proves a walk, but not one fixed member or a unique public element type	0	0	iVar1 = *(int *)((int)this + param_1 * 4 + 0x50);
0062ED90/raw_pointer_offset/8fa6ce5fcc7e/1	0062ED90	STRubbishC::RubbishCreatePart	1	65	array_or_pointer_walk	indexed or induction-variable addressing proves a walk, but not one fixed member or a unique public element type	0	0	*(STT3DSprC **)((&local_c->field_01E5)[iVar6] + 0x10) = pSVar4;
0062EF00/raw_pointer_offset/25250b3d6d0b/1	0062EF00	STRubbishC::sub_0062EF00	5	30	packed_unaligned_or_union_view	the exact access is misaligned for its width; preserve the packed/unaligned per-use view until a complete union partition is proven	0	0	*(uint *)((&this->field_01E5)[param_1] + 0x35) = g_playSystem_00802A38->field_00E4;
0062EF00/raw_pointer_offset/28fa8b90cb5d/1	0062EF00	STRubbishC::sub_0062EF00	1	25	array_or_pointer_walk	indexed or induction-variable addressing proves a walk, but not one fixed member or a unique public element type	0	0	*(uint *)((&this->field_01E5)[param_1] + 0x14) = (uint)(ushort)param_2->field_0028;
0062EF00/raw_pointer_offset/2d7384bad540/1	0062EF00	STRubbishC::sub_0062EF00	9	41	array_or_pointer_walk	indexed or induction-variable addressing proves a walk, but not one fixed member or a unique public element type	0	0	*(int *)((&this->field_01E5)[param_1] + 0x2c) = iVar4;
0062EF00/raw_pointer_offset/31d6f1682f8d/1	0062EF00	STRubbishC::sub_0062EF00	3	27	array_or_pointer_walk	indexed or induction-variable addressing proves a walk, but not one fixed member or a unique public element type	0	0	*(undefined4 *)((&this->field_01E5)[param_1] + 0x24) = *(undefined4 *)&param_2->field_0x18;
0062EF00/raw_pointer_offset/6f7d69b6a354/1	0062EF00	STRubbishC::sub_0062EF00	7	34	array_or_pointer_walk	indexed or induction-variable addressing proves a walk, but not one fixed member or a unique public element type	0	0	*(uint *)((&this->field_01E5)[param_1] + 0x1c) = (uVar1 >> 0x10) % 5;
0062EF00/raw_pointer_offset/ae2977605c49/1	0062EF00	STRubbishC::sub_0062EF00	2	26	array_or_pointer_walk	indexed or induction-variable addressing proves a walk, but not one fixed member or a unique public element type	0	0	*(undefined4 *)((&this->field_01E5)[param_1] + 0x20) = *(undefined4 *)&param_2->field_0x14;
0062EF00/raw_pointer_offset/ba8e3d297cc3/1	0062EF00	STRubbishC::sub_0062EF00	4	28	array_or_pointer_walk	indexed or induction-variable addressing proves a walk, but not one fixed member or a unique public element type	0	0	*(undefined4 *)((&this->field_01E5)[param_1] + 0x28) = *(undefined4 *)&param_2->field_0x1c;
0062EF00/raw_pointer_offset/d6706d169653/1	0062EF00	STRubbishC::sub_0062EF00	8	36	array_or_pointer_walk	indexed or induction-variable addressing proves a walk, but not one fixed member or a unique public element type	0	0	iVar5 = *(int *)((&this->field_01E5)[param_1] + 0x1c);
0062EF00/raw_pointer_offset/da685b385609/1	0062EF00	STRubbishC::sub_0062EF00	6	31	packed_unaligned_or_union_view	the exact access is misaligned for its width; preserve the packed/unaligned per-use view until a complete union partition is proven	0	0	*(undefined4 *)((&this->field_01E5)[param_1] + 0x39) = 3000;
0062EF00/raw_pointer_offset/f51429a87a2c/1	0062EF00	STRubbishC::sub_0062EF00	10	43	array_or_pointer_walk	indexed or induction-variable addressing proves a walk, but not one fixed member or a unique public element type	0	0	*(uint *)((&this->field_01E5)[param_1] + 0xc) = (uint)*(ushort *)&param_2->field_0x24;
0062F080/raw_pointer_offset/4d78c3273ec0/1	0062F080	FUN_0062f080	1	18	packed_unaligned_or_union_view	the exact access is misaligned for its width; preserve the packed/unaligned per-use view until a complete union partition is proven	0	0	iVar1 = *(int *)((int)this + param_1 * 4 + 0x1e5);
0062F0D0/raw_pointer_offset/4d78c3273ec0/1	0062F0D0	FUN_0062f0d0	1	15	packed_unaligned_or_union_view	the exact access is misaligned for its width; preserve the packed/unaligned per-use view until a complete union partition is proven	0	0	iVar1 = *(int *)((int)this + param_1 * 4 + 0x1e5);
0062F0D0/raw_pointer_offset/9fdddb2e4765/1	0062F0D0	FUN_0062f0d0	2	21	intentional_byte_cursor	the value is traversed as byte storage; semantic element identity is not independently proven	0	0	*(undefined1 *)(*(int *)((int)this + param_1 * 4 + 0x1e5) + 0x3d) = 1;
0062F6C0/raw_pointer_offset/4d78c3273ec0/1	0062F6C0	FUN_0062f6c0	1	14	packed_unaligned_or_union_view	the exact access is misaligned for its width; preserve the packed/unaligned per-use view until a complete union partition is proven	0	0	iVar1 = *(int *)((int)this + param_1 * 4 + 0x1e5);
0062F830/raw_pointer_offset/0cbf3ccd3bb7/1	0062F830	FUN_0062f830	3	21	packed_unaligned_or_union_view	the exact access is misaligned for its width; preserve the packed/unaligned per-use view until a complete union partition is proven	0	0	*(uint *)(*(int *)((int)this + param_2 * 4 + 0x1e5) + 0x35) = g_playSystem_00802A38->field_00E4;
0062F830/raw_pointer_offset/23491c6791c8/1	0062F830	FUN_0062f830	2	20	packed_unaligned_or_union_view	the exact access is misaligned for its width; preserve the packed/unaligned per-use view until a complete union partition is proven	0	0	*(undefined4 *)(*(int *)((int)this + param_2 * 4 + 0x1e5) + 0x18) = 2;
0062F830/raw_pointer_offset/41712e038059/1	0062F830	FUN_0062f830	4	22	packed_unaligned_or_union_view	the exact access is misaligned for its width; preserve the packed/unaligned per-use view until a complete union partition is proven	0	0	*(undefined4 *)(*(int *)((int)this + param_2 * 4 + 0x1e5) + 0x39) = 10;
0062F830/raw_pointer_offset/4565fa2820df/1	0062F830	FUN_0062f830	1	12	array_or_pointer_walk	indexed or induction-variable addressing proves a walk, but not one fixed member or a unique public element type	0	0	piVar1 = *(int **)((int)this + param_2 * 4 + 0x1e5);
0062F830/raw_pointer_offset/ab131f3b837a/1	0062F830	FUN_0062f830	5	23	intentional_byte_cursor	the value is traversed as byte storage; semantic element identity is not independently proven	0	0	*(undefined1 *)(*(int *)((int)this + param_2 * 4 + 0x1e5) + 0x34) = 0;
0062FCA0/raw_pointer_offset/d35a3f89c682/1	0062FCA0	STRubbishC::sub_0062FCA0	1	53	array_or_pointer_walk	indexed or induction-variable addressing proves a walk, but not one fixed member or a unique public element type	0	0	iVar4 = thunk_FUN_0062f080(this,iVar3,*(undefined4 *)((&this->field_01E5)[iVar3] + 0xc),
00630160/raw_pointer_offset/c833aba85bed/1	00630160	FUN_00630160	1	11	array_or_pointer_walk	indexed or induction-variable addressing proves a walk, but not one fixed member or a unique public element type	0	0	piVar1 = *(int **)((int)this + param_1 * 4 + 0x1e5);
00630220/raw_pointer_offset/4d78c3273ec0/1	00630220	FUN_00630220	1	10	packed_unaligned_or_union_view	the exact access is misaligned for its width; preserve the packed/unaligned per-use view until a complete union partition is proven	0	0	iVar1 = *(int *)((int)this + param_1 * 4 + 0x1e5);
00630340/raw_pointer_offset/02e287446c99/1	00630340	FUN_00630340	2	24	packed_unaligned_or_union_view	the exact access is misaligned for its width; preserve the packed/unaligned per-use view until a complete union partition is proven	0	0	*param_2 = *(int *)((int)this + param_1 * 4 + 0x1e5) + 0x14;
00630340/raw_pointer_offset/34011e53c3ce/1	00630340	FUN_00630340	3	25	packed_unaligned_or_union_view	the exact access is misaligned for its width; preserve the packed/unaligned per-use view until a complete union partition is proven	0	0	*param_4 = *(undefined4 *)(*(int *)((int)this + param_1 * 4 + 0x1e5) + 8);
00630340/raw_pointer_offset/93301cf712d1/1	00630340	FUN_00630340	4	26	packed_unaligned_or_union_view	the exact access is misaligned for its width; preserve the packed/unaligned per-use view until a complete union partition is proven	0	0	*(undefined4 *)(*(int *)((int)this + param_1 * 4 + 0x1e5) + 0x10) = 0;
00630340/raw_pointer_offset/df5a31880ff7/1	00630340	FUN_00630340	1	19	packed_unaligned_or_union_view	the exact access is misaligned for its width; preserve the packed/unaligned per-use view until a complete union partition is proven	0	0	(iVar1 = *(int *)((int)this + param_1 * 4 + 0x1e5), iVar1 != 0)) &&
006303E0/raw_pointer_offset/02e287446c99/1	006303E0	FUN_006303e0	2	13	packed_unaligned_or_union_view	the exact access is misaligned for its width; preserve the packed/unaligned per-use view until a complete union partition is proven	0	0	*param_2 = *(int *)((int)this + param_1 * 4 + 0x1e5) + 0x14;
006303E0/raw_pointer_offset/4d78c3273ec0/1	006303E0	FUN_006303e0	1	10	packed_unaligned_or_union_view	the exact access is misaligned for its width; preserve the packed/unaligned per-use view until a complete union partition is proven	0	0	iVar1 = *(int *)((int)this + param_1 * 4 + 0x1e5);
00632E30/raw_pointer_offset/5d5fe438bd04/1	00632E30	FUN_00632e30	1	80	insufficient_independent_evidence	a fixed offset is visible, but no unique owner, complete compatible layout, and independent typed boundary jointly prove a field	0	0	iVar7 = *(int *)(param_1->field_0000 + 0xc);
00632E30/raw_pointer_offset/5d5fe438bd04/2	00632E30	FUN_00632e30	2	189	insufficient_independent_evidence	a fixed offset is visible, but no unique owner, complete compatible layout, and independent typed boundary jointly prove a field	0	0	iVar7 = *(int *)(param_1->field_0000 + 0xc);
00632E30/raw_pointer_offset/649edab5478c/1	00632E30	FUN_00632e30	4	295	insufficient_independent_evidence	a fixed offset is visible, but no unique owner, complete compatible layout, and independent typed boundary jointly prove a field	0	0	uVar12 = *(uint *)(param_1->field_0000 + 0xc);
00632E30/raw_pointer_offset/aacced2d4024/1	00632E30	FUN_00632e30	3	233	insufficient_independent_evidence	a fixed offset is visible, but no unique owner, complete compatible layout, and independent typed boundary jointly prove a field	0	0	if ((param_1->field_0000 != 0) && (iVar7 = *(int *)(param_1->field_0000 + 0xc), iVar7 != 0)) {
00635F50/raw_pointer_offset/6b14e71c8897/1	00635F50	FUN_00635f50	1	13	insufficient_independent_evidence	a fixed offset is visible, but no unique owner, complete compatible layout, and independent typed boundary jointly prove a field	0	0	iVar1 = *(int *)(*param_1 + 0xc);
00635FD0/raw_pointer_offset/50e7436c4ad8/1	00635FD0	FUN_00635fd0	1	26	insufficient_independent_evidence	a fixed offset is visible, but no unique owner, complete compatible layout, and independent typed boundary jointly prove a field	0	0	iVar1 = *(int *)(*(int *)param_1 + 0xc);
00636750/raw_pointer_offset/8396fb2dcc12/1	00636750	FUN_00636750	1	14	insufficient_independent_evidence	a fixed offset is visible, but no unique owner, complete compatible layout, and independent typed boundary jointly prove a field	0	0	iVar1 = *(int *)(param_1->field_002C + 0xc);
0063E410/raw_pointer_offset/732635b5372c/1	0063E410	FUN_0063e410	1	23	insufficient_independent_evidence	a fixed offset is visible, but no unique owner, complete compatible layout, and independent typed boundary jointly prove a field	0	0	iVar1 = *(int *)(param_1->field_0336 + 0xc);
0063F790/raw_pointer_offset/3384c561cfb8/1	0063F790	FUN_0063f790	4	140	intentional_byte_cursor	the value is traversed as byte storage; semantic element identity is not independently proven	0	0	*(undefined1 *)(param_1->field_037F + 0x15) = 1;
0063F790/raw_pointer_offset/75656e37313b/1	0063F790	FUN_0063f790	3	138	intentional_byte_cursor	the value is traversed as byte storage; semantic element identity is not independently proven	0	0	if ((*(char *)(param_1->field_037F + 0x15) == '\0') &&
0063F790/raw_pointer_offset/770357258a61/1	0063F790	FUN_0063f790	2	136	insufficient_independent_evidence	a fixed offset is visible, but no unique owner, complete compatible layout, and independent typed boundary jointly prove a field	0	0	*(int *)(param_1->field_037F + 0xc) = iVar6;
0063F790/raw_pointer_offset/c1220fadfce1/1	0063F790	FUN_0063f790	5	146	intentional_byte_cursor	the value is traversed as byte storage; semantic element identity is not independently proven	0	0	(uint)(PTR_008032b8 + (uint)*(byte *)((int)param_1->field_037F + 0x15) * 0x80));
0063F790/raw_pointer_offset/e0f3ef849cbe/1	0063F790	FUN_0063f790	1	45	insufficient_independent_evidence	a fixed offset is visible, but no unique owner, complete compatible layout, and independent typed boundary jointly prove a field	0	0	iVar3 = *(int *)(param_1->field_0336 + 0xc);
006406D0/raw_pointer_offset/3146f02463c8/1	006406D0	STTorpC::GetMessage	1	808	insufficient_independent_evidence	a fixed offset is visible, but no unique owner, complete compatible layout, and independent typed boundary jointly prove a field	0	0	local_c4 = *(int *)(&DAT_007e6468 + (this_00->field_0259 * 5 + -0x2ee + (uVar19 & 0xff)) * 4
006461E0/raw_pointer_offset/bd2c587fc1c6/1	006461E0	STVolcanoC::GetMessage	1	106	packed_unaligned_or_union_view	the exact access is misaligned for its width; preserve the packed/unaligned per-use view until a complete union partition is proven	0	0	*(undefined4 *)(*(int *)((int)local_8->field_0061 + 0x21) + 0xa0),0x5a,0x2f
00647C80/raw_pointer_offset/112b53c97436/1	00647C80	FUN_00647c80	1	8	packed_unaligned_or_union_view	the exact access is misaligned for its width; preserve the packed/unaligned per-use view until a complete union partition is proven	0	0	return *(undefined4 *)(param_1 + 0xd6);
00647CA0/raw_pointer_offset/bf9df7b18439/1	00647CA0	FUN_00647ca0	1	9	packed_unaligned_or_union_view	the exact access is misaligned for its width; preserve the packed/unaligned per-use view until a complete union partition is proven	0	0	return *(undefined4 *)((int)this + param_1 * 4 + 0xde);
00647CE0/raw_pointer_offset/cac88c05bb51/1	00647CE0	FUN_00647ce0	1	8	packed_unaligned_or_union_view	the exact access is misaligned for its width; preserve the packed/unaligned per-use view until a complete union partition is proven	0	0	*(undefined4 *)((int)this + param_1 * 4 + 0xde) = param_2;
00647D10/raw_pointer_offset/d365ee15f297/1	00647D10	FUN_00647d10	1	9	packed_unaligned_or_union_view	the exact access is misaligned for its width; preserve the packed/unaligned per-use view until a complete union partition is proven	0	0	return *(undefined4 *)((int)this + param_1 * 4 + 0x52f);
0064DD70/raw_pointer_offset/26ce8c340cf4/1	0064DD70	FUN_0064dd70	1	10	insufficient_independent_evidence	a fixed offset is visible, but no unique owner, complete compatible layout, and independent typed boundary jointly prove a field	0	0	(**(code **)(*param_3 + 0x140))(param_4);
0064E680/raw_pointer_offset/351a0291bb6c/1	0064E680	FUN_0064e680	1	12	intentional_byte_cursor	the value is traversed as byte storage; semantic element identity is not independently proven	0	0	if (*(char *)(param_1 + 0xd0 + iVar1) != '\b') {
0064E6C0/raw_pointer_offset/351a0291bb6c/1	0064E6C0	FUN_0064e6c0	1	12	intentional_byte_cursor	the value is traversed as byte storage; semantic element identity is not independently proven	0	0	if (*(char *)(param_1 + 0xd0 + iVar1) != '\b') {
0064E700/raw_pointer_offset/351a0291bb6c/1	0064E700	FUN_0064e700	1	12	intentional_byte_cursor	the value is traversed as byte storage; semantic element identity is not independently proven	0	0	if (*(char *)(param_1 + 0xd0 + iVar1) != '\b') {
0064E740/raw_pointer_offset/351a0291bb6c/1	0064E740	FUN_0064e740	1	12	intentional_byte_cursor	the value is traversed as byte storage; semantic element identity is not independently proven	0	0	if (*(char *)(param_1 + 0xd0 + iVar1) != '\b') {
0064E7C0/raw_pointer_offset/b5e29208d93d/1	0064E7C0	FUN_0064e7c0	1	12	intentional_byte_cursor	the value is traversed as byte storage; semantic element identity is not independently proven	0	0	if (*(char *)((int)param_1 + iVar1 + 0xd0) != '\b') {
0064E830/raw_pointer_offset/b5e29208d93d/1	0064E830	FUN_0064e830	1	12	intentional_byte_cursor	the value is traversed as byte storage; semantic element identity is not independently proven	0	0	if (*(char *)((int)param_1 + iVar1 + 0xd0) != '\b') {
0064EB60/raw_pointer_offset/351a0291bb6c/1	0064EB60	FUN_0064eb60	1	12	intentional_byte_cursor	the value is traversed as byte storage; semantic element identity is not independently proven	0	0	if (*(char *)(param_1 + 0xd0 + iVar1) != '\b') {
0064EBA0/raw_pointer_offset/351a0291bb6c/1	0064EBA0	FUN_0064eba0	1	12	intentional_byte_cursor	the value is traversed as byte storage; semantic element identity is not independently proven	0	0	if (*(char *)(param_1 + 0xd0 + iVar1) != '\b') {
0064EDC0/raw_pointer_offset/351a0291bb6c/1	0064EDC0	FUN_0064edc0	1	12	intentional_byte_cursor	the value is traversed as byte storage; semantic element identity is not independently proven	0	0	if (*(char *)(param_1 + 0xd0 + iVar1) != '\b') {
0064EE00/raw_pointer_offset/351a0291bb6c/1	0064EE00	FUN_0064ee00	1	12	intentional_byte_cursor	the value is traversed as byte storage; semantic element identity is not independently proven	0	0	if (*(char *)(param_1 + 0xd0 + iVar1) != '\b') {
0064EE40/raw_pointer_offset/b5e29208d93d/1	0064EE40	FUN_0064ee40	1	12	intentional_byte_cursor	the value is traversed as byte storage; semantic element identity is not independently proven	0	0	if (*(char *)((int)param_1 + iVar1 + 0xd0) != '\b') {
0064EE90/raw_pointer_offset/351a0291bb6c/1	0064EE90	FUN_0064ee90	1	12	intentional_byte_cursor	the value is traversed as byte storage; semantic element identity is not independently proven	0	0	if (*(char *)(param_1 + 0xd0 + iVar1) != '\b') {
0064EED0/raw_pointer_offset/351a0291bb6c/1	0064EED0	FUN_0064eed0	1	12	intentional_byte_cursor	the value is traversed as byte storage; semantic element identity is not independently proven	0	0	if (*(char *)(param_1 + 0xd0 + iVar1) != '\b') {
0064EF50/raw_pointer_offset/351a0291bb6c/1	0064EF50	FUN_0064ef50	1	12	intentional_byte_cursor	the value is traversed as byte storage; semantic element identity is not independently proven	0	0	if (*(char *)(param_1 + 0xd0 + iVar1) != '\b') {
0064F000/raw_pointer_offset/351a0291bb6c/1	0064F000	FUN_0064f000	1	17	intentional_byte_cursor	the value is traversed as byte storage; semantic element identity is not independently proven	0	0	if (*(char *)(param_1 + 0xd0 + iVar1) != '\b') {
0064F040/raw_pointer_offset/351a0291bb6c/1	0064F040	FUN_0064f040	1	17	intentional_byte_cursor	the value is traversed as byte storage; semantic element identity is not independently proven	0	0	if (*(char *)(param_1 + 0xd0 + iVar1) != '\b') {
0064F080/raw_pointer_offset/351a0291bb6c/1	0064F080	FUN_0064f080	1	12	intentional_byte_cursor	the value is traversed as byte storage; semantic element identity is not independently proven	0	0	if (*(char *)(param_1 + 0xd0 + iVar1) != '\b') {
0064F320/raw_pointer_offset/351a0291bb6c/1	0064F320	FUN_0064f320	1	12	intentional_byte_cursor	the value is traversed as byte storage; semantic element identity is not independently proven	0	0	if (*(char *)(param_1 + 0xd0 + iVar1) != '\b') {
0064F3B0/raw_pointer_offset/351a0291bb6c/1	0064F3B0	FUN_0064f3b0	1	12	intentional_byte_cursor	the value is traversed as byte storage; semantic element identity is not independently proven	0	0	if (*(char *)(param_1 + 0xd0 + iVar1) != '\b') {
0064F3F0/raw_pointer_offset/351a0291bb6c/1	0064F3F0	FUN_0064f3f0	1	12	intentional_byte_cursor	the value is traversed as byte storage; semantic element identity is not independently proven	0	0	if (*(char *)(param_1 + 0xd0 + iVar1) != '\b') {
0064F5A0/raw_pointer_offset/351a0291bb6c/1	0064F5A0	FUN_0064f5a0	1	12	intentional_byte_cursor	the value is traversed as byte storage; semantic element identity is not independently proven	0	0	if (*(char *)(param_1 + 0xd0 + iVar1) != '\b') {
0064F5E0/raw_pointer_offset/351a0291bb6c/1	0064F5E0	FUN_0064f5e0	1	12	intentional_byte_cursor	the value is traversed as byte storage; semantic element identity is not independently proven	0	0	if (*(char *)(param_1 + 0xd0 + iVar1) != '\b') {
0064F700/raw_pointer_offset/6b161bcd2e9b/1	0064F700	FUN_0064f700	3	33	insufficient_independent_evidence	a fixed offset is visible, but no unique owner, complete compatible layout, and independent typed boundary jointly prove a field	0	0	if ((-1 < *(int *)(param_1 + 0xc)) && (*(int *)(param_1 + 0xc) < 3)) {
0064F700/raw_pointer_offset/b5e29208d93d/1	0064F700	FUN_0064f700	2	20	intentional_byte_cursor	the value is traversed as byte storage; semantic element identity is not independently proven	0	0	if (*(char *)((int)param_1 + iVar1 + 0xd0) != '\b') {
0064F700/raw_pointer_offset/dd377a2cf724/1	0064F700	FUN_0064f700	1	12	intentional_byte_cursor	the value is traversed as byte storage; semantic element identity is not independently proven	0	0	if (*(char *)((int)param_1 + iVar1 + 0xd0) != '\n') {
0064F900/raw_pointer_offset/de79bdd80986/1	0064F900	FUN_0064f900	1	12	intentional_byte_cursor	the value is traversed as byte storage; semantic element identity is not independently proven	0	0	if (*(char *)((int)param_1 + iVar1 + 0xd0) != '\b') goto LAB_0064f931;
0064FEB0/raw_pointer_offset/bf012e09a43e/1	0064FEB0	FUN_0064feb0	1	12	intentional_byte_cursor	the value is traversed as byte storage; semantic element identity is not independently proven	0	0	if (*(char *)(param_1 + 0xd0 + iVar1) != '\n') {
00650370/raw_pointer_offset/bf012e09a43e/1	00650370	FUN_00650370	1	12	intentional_byte_cursor	the value is traversed as byte storage; semantic element identity is not independently proven	0	0	if (*(char *)(param_1 + 0xd0 + iVar1) != '\n') {
00650760/raw_pointer_offset/b5e29208d93d/1	00650760	FUN_00650760	1	17	intentional_byte_cursor	the value is traversed as byte storage; semantic element identity is not independently proven	0	0	if (*(char *)((int)param_1 + iVar1 + 0xd0) != '\b') {
006507E0/raw_pointer_offset/351a0291bb6c/1	006507E0	FUN_006507e0	1	17	intentional_byte_cursor	the value is traversed as byte storage; semantic element identity is not independently proven	0	0	if (*(char *)(param_1 + 0xd0 + iVar1) != '\b') {
00650820/raw_pointer_offset/df76129c1ecf/1	00650820	FUN_00650820	1	13	intentional_byte_cursor	the value is traversed as byte storage; semantic element identity is not independently proven	0	0	if (*(char *)((int)param_1 + iVar2 + 0xd0) != '\b') {
006508C0/raw_pointer_offset/b5e29208d93d/1	006508C0	FUN_006508c0	1	12	intentional_byte_cursor	the value is traversed as byte storage; semantic element identity is not independently proven	0	0	if (*(char *)((int)param_1 + iVar1 + 0xd0) != '\b') {
00650940/raw_pointer_offset/df76129c1ecf/1	00650940	FUN_00650940	1	13	intentional_byte_cursor	the value is traversed as byte storage; semantic element identity is not independently proven	0	0	if (*(char *)((int)param_1 + iVar2 + 0xd0) != '\b') {
006509E0/raw_pointer_offset/351a0291bb6c/1	006509E0	FUN_006509e0	1	12	intentional_byte_cursor	the value is traversed as byte storage; semantic element identity is not independently proven	0	0	if (*(char *)(param_1 + 0xd0 + iVar1) != '\b') {
00650A90/raw_pointer_offset/351a0291bb6c/1	00650A90	FUN_00650a90	1	12	intentional_byte_cursor	the value is traversed as byte storage; semantic element identity is not independently proven	0	0	if (*(char *)(param_1 + 0xd0 + iVar1) != '\b') {
00650AD0/raw_pointer_offset/351a0291bb6c/1	00650AD0	FUN_00650ad0	1	12	intentional_byte_cursor	the value is traversed as byte storage; semantic element identity is not independently proven	0	0	if (*(char *)(param_1 + 0xd0 + iVar1) != '\b') {
00650F90/raw_pointer_offset/04cf159a6bc2/1	00650F90	FUN_00650f90	3	32	packed_unaligned_or_union_view	the exact access is misaligned for its width; preserve the packed/unaligned per-use view until a complete union partition is proven	0	0	return (uint)(-1 < *(int *)(param_1 + 0xe));
00650F90/raw_pointer_offset/3679ed682c0e/1	00650F90	FUN_00650f90	2	30	packed_unaligned_or_union_view	the exact access is misaligned for its width; preserve the packed/unaligned per-use view until a complete union partition is proven	0	0	(-1 < *(int *)(param_1 + 10))) && (-1 < *(int *)(param_1 + 0xc))) {
00650F90/raw_pointer_offset/b5e29208d93d/1	00650F90	FUN_00650f90	1	16	intentional_byte_cursor	the value is traversed as byte storage; semantic element identity is not independently proven	0	0	if (*(char *)((int)param_1 + iVar1 + 0xd0) != '\b') {
00651010/raw_pointer_offset/7bb909f2303c/1	00651010	FUN_00651010	2	21	intentional_byte_cursor	the value is traversed as byte storage; semantic element identity is not independently proven	0	0	if (*(char *)((int)param_1 + iVar2 + 0xd0) != '\n') {
00651010/raw_pointer_offset/b35e4e16d8b6/1	00651010	FUN_00651010	5	64	packed_unaligned_or_union_view	the exact access is misaligned for its width; preserve the packed/unaligned per-use view until a complete union partition is proven	0	0	if (0x13 < *(int *)(param_1 + 0xe)) {
00651010/raw_pointer_offset/d5403c0ef441/1	00651010	FUN_00651010	4	59	packed_unaligned_or_union_view	the exact access is misaligned for its width; preserve the packed/unaligned per-use view until a complete union partition is proven	0	0	if (*(int *)(param_1 + 0xe) < 0) {
00651010/raw_pointer_offset/df76129c1ecf/1	00651010	FUN_00651010	1	13	intentional_byte_cursor	the value is traversed as byte storage; semantic element identity is not independently proven	0	0	if (*(char *)((int)param_1 + iVar2 + 0xd0) != '\b') {
00651010/raw_pointer_offset/df76129c1ecf/2	00651010	FUN_00651010	3	29	intentional_byte_cursor	the value is traversed as byte storage; semantic element identity is not independently proven	0	0	if (*(char *)((int)param_1 + iVar2 + 0xd0) != '\b') {
00651290/raw_pointer_offset/2454b1f72aa6/1	00651290	FUN_00651290	2	64	packed_unaligned_or_union_view	the exact access is misaligned for its width; preserve the packed/unaligned per-use view until a complete union partition is proven	0	0	((-1 < *(int *)(param_1 + 0xe) && (-1 < *(int *)(param_1 + 0x10))))) {
00651290/raw_pointer_offset/79208d405a72/1	00651290	FUN_00651290	3	66	packed_unaligned_or_union_view	the exact access is misaligned for its width; preserve the packed/unaligned per-use view until a complete union partition is proven	0	0	if (*(int *)(param_1 + 0x12) < 0) {
00651290/raw_pointer_offset/df76129c1ecf/1	00651290	FUN_00651290	1	13	intentional_byte_cursor	the value is traversed as byte storage; semantic element identity is not independently proven	0	0	if (*(char *)((int)param_1 + iVar2 + 0xd0) != '\b') {
006513C0/raw_pointer_offset/2454b1f72aa6/1	006513C0	FUN_006513c0	2	57	packed_unaligned_or_union_view	the exact access is misaligned for its width; preserve the packed/unaligned per-use view until a complete union partition is proven	0	0	((-1 < *(int *)(param_1 + 0xe) && (-1 < *(int *)(param_1 + 0x10))))) {
006513C0/raw_pointer_offset/79208d405a72/1	006513C0	FUN_006513c0	3	59	packed_unaligned_or_union_view	the exact access is misaligned for its width; preserve the packed/unaligned per-use view until a complete union partition is proven	0	0	if (*(int *)(param_1 + 0x12) < 0) {
006513C0/raw_pointer_offset/df76129c1ecf/1	006513C0	FUN_006513c0	1	13	intentional_byte_cursor	the value is traversed as byte storage; semantic element identity is not independently proven	0	0	if (*(char *)((int)param_1 + iVar2 + 0xd0) != '\b') {
006514D0/raw_pointer_offset/57b38aa6efac/1	006514D0	FUN_006514d0	2	53	packed_unaligned_or_union_view	the exact access is misaligned for its width; preserve the packed/unaligned per-use view until a complete union partition is proven	0	0	(*(int *)(param_1 + 10) < 3)) && (-1 < *(int *)(param_1 + 0xe))) {
006514D0/raw_pointer_offset/8f502ac415c0/1	006514D0	FUN_006514d0	3	55	insufficient_independent_evidence	a fixed offset is visible, but no unique owner, complete compatible layout, and independent typed boundary jointly prove a field	0	0	return (uint)(-1 < *(int *)(param_1 + 0x10));
006514D0/raw_pointer_offset/df76129c1ecf/1	006514D0	FUN_006514d0	1	17	intentional_byte_cursor	the value is traversed as byte storage; semantic element identity is not independently proven	0	0	if (*(char *)((int)param_1 + iVar2 + 0xd0) != '\b') {
006517C0/raw_pointer_offset/57b38aa6efac/1	006517C0	FUN_006517c0	2	46	packed_unaligned_or_union_view	the exact access is misaligned for its width; preserve the packed/unaligned per-use view until a complete union partition is proven	0	0	(*(int *)(param_1 + 10) < 3)) && (-1 < *(int *)(param_1 + 0xe))) {
006517C0/raw_pointer_offset/8f502ac415c0/1	006517C0	FUN_006517c0	3	48	insufficient_independent_evidence	a fixed offset is visible, but no unique owner, complete compatible layout, and independent typed boundary jointly prove a field	0	0	return (uint)(-1 < *(int *)(param_1 + 0x10));
006517C0/raw_pointer_offset/df76129c1ecf/1	006517C0	FUN_006517c0	1	17	intentional_byte_cursor	the value is traversed as byte storage; semantic element identity is not independently proven	0	0	if (*(char *)((int)param_1 + iVar2 + 0xd0) != '\b') {
00651900/raw_pointer_offset/04cf159a6bc2/1	00651900	FUN_00651900	3	59	packed_unaligned_or_union_view	the exact access is misaligned for its width; preserve the packed/unaligned per-use view until a complete union partition is proven	0	0	return (uint)(-1 < *(int *)(param_1 + 0xe));
00651900/raw_pointer_offset/1e0359f5e764/1	00651900	FUN_00651900	2	54	insufficient_independent_evidence	a fixed offset is visible, but no unique owner, complete compatible layout, and independent typed boundary jointly prove a field	0	0	if (99 < *(int *)(param_1 + 0xc)) {
00651900/raw_pointer_offset/df76129c1ecf/1	00651900	FUN_00651900	1	17	intentional_byte_cursor	the value is traversed as byte storage; semantic element identity is not independently proven	0	0	if (*(char *)((int)param_1 + iVar2 + 0xd0) != '\b') {
006519E0/raw_pointer_offset/a483ab2580da/1	006519E0	FUN_006519e0	3	79	insufficient_independent_evidence	a fixed offset is visible, but no unique owner, complete compatible layout, and independent typed boundary jointly prove a field	0	0	((-1 < *(int *)(param_1 + 0x18) && (*(int *)(param_1 + 0x18) < 10)))))) {
006519E0/raw_pointer_offset/af4297e96684/1	006519E0	FUN_006519e0	2	78	packed_unaligned_or_union_view	the exact access is misaligned for its width; preserve the packed/unaligned per-use view until a complete union partition is proven	0	0	(((-1 < *(int *)(param_1 + 0x16) && (*(int *)(param_1 + 0x16) < 6)) &&
006519E0/raw_pointer_offset/df76129c1ecf/1	006519E0	FUN_006519e0	1	13	intentional_byte_cursor	the value is traversed as byte storage; semantic element identity is not independently proven	0	0	if (*(char *)((int)param_1 + iVar2 + 0xd0) != '\b') {
00651B40/raw_pointer_offset/df76129c1ecf/1	00651B40	FUN_00651b40	1	13	intentional_byte_cursor	the value is traversed as byte storage; semantic element identity is not independently proven	0	0	if (*(char *)((int)param_1 + iVar2 + 0xd0) != '\b') {
00651BD0/raw_pointer_offset/df76129c1ecf/1	00651BD0	FUN_00651bd0	1	13	intentional_byte_cursor	the value is traversed as byte storage; semantic element identity is not independently proven	0	0	if (*(char *)((int)param_1 + iVar2 + 0xd0) != '\b') {
00651C60/raw_pointer_offset/b5e29208d93d/1	00651C60	FUN_00651c60	1	12	intentional_byte_cursor	the value is traversed as byte storage; semantic element identity is not independently proven	0	0	if (*(char *)((int)param_1 + iVar1 + 0xd0) != '\b') {
00651CD0/raw_pointer_offset/2222a70dcc80/1	00651CD0	FUN_00651cd0	3	56	insufficient_independent_evidence	a fixed offset is visible, but no unique owner, complete compatible layout, and independent typed boundary jointly prove a field	0	0	(*(int *)(param_1 + 0x14) < 6)) &&
00651CD0/raw_pointer_offset/7a8ae3f067b3/1	00651CD0	FUN_00651cd0	4	57	packed_unaligned_or_union_view	the exact access is misaligned for its width; preserve the packed/unaligned per-use view until a complete union partition is proven	0	0	((-1 < *(int *)(param_1 + 0x16) && (*(int *)(param_1 + 0x16) < 10)))) {
00651CD0/raw_pointer_offset/df76129c1ecf/1	00651CD0	FUN_00651cd0	1	13	intentional_byte_cursor	the value is traversed as byte storage; semantic element identity is not independently proven	0	0	if (*(char *)((int)param_1 + iVar2 + 0xd0) != '\b') {
00651CD0/raw_pointer_offset/f6a910fb37a9/1	00651CD0	FUN_00651cd0	2	55	insufficient_independent_evidence	a fixed offset is visible, but no unique owner, complete compatible layout, and independent typed boundary jointly prove a field	0	0	if ((((-1 < *(int *)(param_1 + 8)) && (-1 < *(int *)(param_1 + 0x14))) &&
00651DF0/raw_pointer_offset/2222a70dcc80/1	00651DF0	FUN_00651df0	3	56	insufficient_independent_evidence	a fixed offset is visible, but no unique owner, complete compatible layout, and independent typed boundary jointly prove a field	0	0	(*(int *)(param_1 + 0x14) < 6)) &&
00651DF0/raw_pointer_offset/7a8ae3f067b3/1	00651DF0	FUN_00651df0	4	57	packed_unaligned_or_union_view	the exact access is misaligned for its width; preserve the packed/unaligned per-use view until a complete union partition is proven	0	0	((-1 < *(int *)(param_1 + 0x16) && (*(int *)(param_1 + 0x16) < 10)))) {
00651DF0/raw_pointer_offset/df76129c1ecf/1	00651DF0	FUN_00651df0	1	13	intentional_byte_cursor	the value is traversed as byte storage; semantic element identity is not independently proven	0	0	if (*(char *)((int)param_1 + iVar2 + 0xd0) != '\b') {
00651DF0/raw_pointer_offset/f6a910fb37a9/1	00651DF0	FUN_00651df0	2	55	insufficient_independent_evidence	a fixed offset is visible, but no unique owner, complete compatible layout, and independent typed boundary jointly prove a field	0	0	if ((((-1 < *(int *)(param_1 + 8)) && (-1 < *(int *)(param_1 + 0x14))) &&
00652030/raw_pointer_offset/50f453acfe0c/1	00652030	FUN_00652030	3	52	packed_unaligned_or_union_view	the exact access is misaligned for its width; preserve the packed/unaligned per-use view until a complete union partition is proven	0	0	if (-1 < *(int *)(param_1 + 0x12)) {
00652030/raw_pointer_offset/b6b9b8545f94/1	00652030	FUN_00652030	4	54	insufficient_independent_evidence	a fixed offset is visible, but no unique owner, complete compatible layout, and independent typed boundary jointly prove a field	0	0	return (uint)(-1 < *(int *)(param_1 + 0x14));
00652030/raw_pointer_offset/df76129c1ecf/1	00652030	FUN_00652030	1	17	intentional_byte_cursor	the value is traversed as byte storage; semantic element identity is not independently proven	0	0	if (*(char *)((int)param_1 + iVar2 + 0xd0) != '\b') {
00652030/raw_pointer_offset/e9c9e0d5c856/1	00652030	FUN_00652030	2	48	insufficient_independent_evidence	a fixed offset is visible, but no unique owner, complete compatible layout, and independent typed boundary jointly prove a field	0	0	if (*(int *)(param_1 + 0x10) < 0) {
00652100/raw_pointer_offset/df76129c1ecf/1	00652100	FUN_00652100	1	17	intentional_byte_cursor	the value is traversed as byte storage; semantic element identity is not independently proven	0	0	if (*(char *)((int)param_1 + iVar2 + 0xd0) != '\b') {
006521C0/raw_pointer_offset/df76129c1ecf/1	006521C0	FUN_006521c0	1	17	intentional_byte_cursor	the value is traversed as byte storage; semantic element identity is not independently proven	0	0	if (*(char *)((int)param_1 + iVar2 + 0xd0) != '\b') {
00652540/raw_pointer_offset/df76129c1ecf/1	00652540	FUN_00652540	1	17	intentional_byte_cursor	the value is traversed as byte storage; semantic element identity is not independently proven	0	0	if (*(char *)((int)param_1 + iVar2 + 0xd0) != '\b') {
006527D0/raw_pointer_offset/351a0291bb6c/1	006527D0	FUN_006527d0	1	12	intentional_byte_cursor	the value is traversed as byte storage; semantic element identity is not independently proven	0	0	if (*(char *)(param_1 + 0xd0 + iVar1) != '\b') {
0065CD10/raw_pointer_offset/7325c03e37d4/1	0065CD10	EventDataPack	1	66	insufficient_independent_evidence	a fixed offset is visible, but no unique owner, complete compatible layout, and independent typed boundary jointly prove a field	0	0	iVar3 = *(int *)(param_1->field_0462 + 0xc) * *(int *)(param_1->field_0462 + 8) + 0x1c;
0065D1F0/raw_pointer_offset/72e63181b6d7/1	0065D1F0	FUN_0065d1f0	1	15	dynamic_darray_or_runtime_stride	the address depends on a runtime container stride; a static field or C array would misstate the ABI	0	0	array = *(DArrayTy **)(*param_1 + 0xf);
0065D1F0/raw_pointer_offset/e7f285baa244/1	0065D1F0	FUN_0065d1f0	2	18	packed_unaligned_or_union_view	the exact access is misaligned for its width; preserve the packed/unaligned per-use view until a complete union partition is proven	0	0	*(undefined4 *)(*param_1 + 0xf) = 0;
0065D630/raw_pointer_offset/c43250ce6af3/1	0065D630	FUN_0065d630	1	14	array_or_pointer_walk	indexed or induction-variable addressing proves a walk, but not one fixed member or a unique public element type	0	0	local_24[2] = *(undefined4 *)(param_1->field_000C + 0x14);
00660F70/raw_pointer_offset/6d42ec0f782e/1	00660F70	AiFltClassTy::sub_00660F70	2	95	packed_unaligned_or_union_view	the exact access is misaligned for its width; preserve the packed/unaligned per-use view until a complete union partition is proven	0	0	iVar7 = *(int *)(this->field_0284 + 0x9a);
00660F70/raw_pointer_offset/6d42ec0f782e/2	00660F70	AiFltClassTy::sub_00660F70	5	112	packed_unaligned_or_union_view	the exact access is misaligned for its width; preserve the packed/unaligned per-use view until a complete union partition is proven	0	0	iVar7 = *(int *)(this->field_0284 + 0x9a);
00660F70/raw_pointer_offset/beb600d69f2f/1	00660F70	AiFltClassTy::sub_00660F70	4	107	packed_unaligned_or_union_view	the exact access is misaligned for its width; preserve the packed/unaligned per-use view until a complete union partition is proven	0	0	iVar7 = *(int *)(this->field_0284 + 0x9e);
00660F70/raw_pointer_offset/d1e569a9bbf0/1	00660F70	AiFltClassTy::sub_00660F70	1	91	insufficient_independent_evidence	a fixed offset is visible, but no unique owner, complete compatible layout, and independent typed boundary jointly prove a field	0	0	iVar7 = *(int *)(this->field_0284 + 0x9c);
00660F70/raw_pointer_offset/d1e569a9bbf0/2	00660F70	AiFltClassTy::sub_00660F70	3	103	insufficient_independent_evidence	a fixed offset is visible, but no unique owner, complete compatible layout, and independent typed boundary jointly prove a field	0	0	iVar7 = *(int *)(this->field_0284 + 0x9c);
00660F70/raw_pointer_offset/e51bde47d226/1	00660F70	AiFltClassTy::sub_00660F70	6	116	insufficient_independent_evidence	a fixed offset is visible, but no unique owner, complete compatible layout, and independent typed boundary jointly prove a field	0	0	iVar7 = *(int *)(this->field_0284 + 0xa0);
00661CA0/raw_pointer_offset/13e7beb6a362/1	00661CA0	AiFltClassTy::sub_00661CA0	8	252	packed_unaligned_or_union_view	the expression is a contained or unaligned storage view, not independent evidence for replacing the enclosing field	0	0	STPiece<0,1>(psStack_5a) = (undefined1)((ushort)*(undefined2 *)(param_3 + 0x16) >> 8);
00661CA0/raw_pointer_offset/13e7beb6a362/2	00661CA0	AiFltClassTy::sub_00661CA0	10	272	packed_unaligned_or_union_view	the expression is a contained or unaligned storage view, not independent evidence for replacing the enclosing field	0	0	STPiece<0,1>(psStack_5a) = (undefined1)((ushort)*(undefined2 *)(param_3 + 0x16) >> 8);
00661CA0/raw_pointer_offset/51bfc6aa7248/1	00661CA0	AiFltClassTy::sub_00661CA0	3	84	array_or_pointer_walk	indexed or induction-variable addressing proves a walk, but not one fixed member or a unique public element type	0	0	puVar6[10] = *(uint *)(param_3 + 0x18);
00661CA0/raw_pointer_offset/5e281ef6fcc8/1	00661CA0	AiFltClassTy::sub_00661CA0	2	62	insufficient_independent_evidence	a fixed offset is visible, but no unique owner, complete compatible layout, and independent typed boundary jointly prove a field	0	0	if (*(short *)(param_3 + 0x14) == 0) {
00661CA0/raw_pointer_offset/7b5c7ef5dfe8/1	00661CA0	AiFltClassTy::sub_00661CA0	6	223	insufficient_independent_evidence	a fixed offset is visible, but no unique owner, complete compatible layout, and independent typed boundary jointly prove a field	0	0	if (STField<int>(iVar11,0x28) == *(int *)(param_3 + 0x18)) {
00661CA0/raw_pointer_offset/9fccb8546276/1	00661CA0	AiFltClassTy::sub_00661CA0	5	145	insufficient_independent_evidence	a fixed offset is visible, but no unique owner, complete compatible layout, and independent typed boundary jointly prove a field	0	0	uVar5 = *(uint *)(param_3 + 0x18);
00661CA0/raw_pointer_offset/d0bb262d7c2d/1	00661CA0	AiFltClassTy::sub_00661CA0	7	250	insufficient_independent_evidence	a fixed offset is visible, but no unique owner, complete compatible layout, and independent typed boundary jointly prove a field	0	0	local_5b = (undefined1)*(undefined2 *)(param_3 + 0x16);
00661CA0/raw_pointer_offset/d0bb262d7c2d/2	00661CA0	AiFltClassTy::sub_00661CA0	9	270	insufficient_independent_evidence	a fixed offset is visible, but no unique owner, complete compatible layout, and independent typed boundary jointly prove a field	0	0	local_5b = (undefined1)*(undefined2 *)(param_3 + 0x16);
00661CA0/raw_pointer_offset/d12e032b4089/1	00661CA0	AiFltClassTy::sub_00661CA0	1	53	insufficient_independent_evidence	a fixed offset is visible, but no unique owner, complete compatible layout, and independent typed boundary jointly prove a field	0	0	(g_allPlayers_007FA174,param_1->field_0024,*(ushort *)(param_3 + 0x16),CASE_1)
00661CA0/raw_pointer_offset/f48d14923899/1	00661CA0	AiFltClassTy::sub_00661CA0	4	117	insufficient_independent_evidence	a fixed offset is visible, but no unique owner, complete compatible layout, and independent typed boundary jointly prove a field	0	0	uVar2 = *(undefined4 *)(param_3 + 0x18);
00662240/raw_pointer_offset/0c9c136912db/1	00662240	AiFltClassTy::GetAiMess	14	1363	array_or_pointer_walk	indexed or induction-variable addressing proves a walk, but not one fixed member or a unique public element type	0	0	(sub_00660F70(this_00,(uint *)param_1[3],0xffff), *(int *)(param_1[3] + 0x24) != 0)) {
00662240/raw_pointer_offset/4e594e3347f6/1	00662240	AiFltClassTy::GetAiMess	7	742	intentional_byte_cursor	the value is traversed as byte storage; semantic element identity is not independently proven	0	0	((*(char *)(STField<int>(param_1,10) + 0x3e) != '\0' ||
00662240/raw_pointer_offset/4e594e3347f6/2	00662240	AiFltClassTy::GetAiMess	9	900	intentional_byte_cursor	the value is traversed as byte storage; semantic element identity is not independently proven	0	0	((*(char *)(STField<int>(param_1,10) + 0x3e) != '\0' ||
00662240/raw_pointer_offset/4e594e3347f6/3	00662240	AiFltClassTy::GetAiMess	11	1058	intentional_byte_cursor	the value is traversed as byte storage; semantic element identity is not independently proven	0	0	((*(char *)(STField<int>(param_1,10) + 0x3e) != '\0' ||
00662240/raw_pointer_offset/539a12a06429/1	00662240	AiFltClassTy::GetAiMess	2	401	array_or_pointer_walk	indexed or induction-variable addressing proves a walk, but not one fixed member or a unique public element type	0	0	*(ushort *)(STField<int>(param_1,10) + 0x1a) = this_00->field_0284[0x43];
00662240/raw_pointer_offset/539a12a06429/2	00662240	AiFltClassTy::GetAiMess	5	604	array_or_pointer_walk	indexed or induction-variable addressing proves a walk, but not one fixed member or a unique public element type	0	0	*(ushort *)(STField<int>(param_1,10) + 0x1a) = this_00->field_0284[0x43];
00662240/raw_pointer_offset/898f2e33ac46/1	00662240	AiFltClassTy::GetAiMess	3	468	intentional_byte_cursor	the value is traversed as byte storage; semantic element identity is not independently proven	0	0	if (*(char *)(STField<int>(param_1,10) + 0x3e) != '\0') {
00662240/raw_pointer_offset/898f2e33ac46/2	00662240	AiFltClassTy::GetAiMess	8	786	intentional_byte_cursor	the value is traversed as byte storage; semantic element identity is not independently proven	0	0	if (*(char *)(STField<int>(param_1,10) + 0x3e) != '\0') {
00662240/raw_pointer_offset/898f2e33ac46/3	00662240	AiFltClassTy::GetAiMess	10	951	intentional_byte_cursor	the value is traversed as byte storage; semantic element identity is not independently proven	0	0	if (*(char *)(STField<int>(param_1,10) + 0x3e) != '\0') {
00662240/raw_pointer_offset/898f2e33ac46/4	00662240	AiFltClassTy::GetAiMess	12	1134	intentional_byte_cursor	the value is traversed as byte storage; semantic element identity is not independently proven	0	0	if (*(char *)(STField<int>(param_1,10) + 0x3e) != '\0') {
00662240/raw_pointer_offset/90ee304d163a/1	00662240	AiFltClassTy::GetAiMess	1	400	array_or_pointer_walk	indexed or induction-variable addressing proves a walk, but not one fixed member or a unique public element type	0	0	*(ushort *)(STField<int>(param_1,10) + 0x18) = this_00->field_0284[0x42];
00662240/raw_pointer_offset/90ee304d163a/2	00662240	AiFltClassTy::GetAiMess	4	603	array_or_pointer_walk	indexed or induction-variable addressing proves a walk, but not one fixed member or a unique public element type	0	0	*(ushort *)(STField<int>(param_1,10) + 0x18) = this_00->field_0284[0x42];
00662240/raw_pointer_offset/d8a534e33f99/1	00662240	AiFltClassTy::GetAiMess	6	643	intentional_byte_cursor	the value is traversed as byte storage; semantic element identity is not independently proven	0	0	if (*(char *)(STField<int>(param_1,10) + 0x3e) == '\0') {
00662240/raw_pointer_offset/dc3fe4ebd2ae/1	00662240	AiFltClassTy::GetAiMess	13	1201	insufficient_independent_evidence	a fixed offset is visible, but no unique owner, complete compatible layout, and independent typed boundary jointly prove a field	0	0	if (uVar24 == *(ushort *)(STField<int>(param_1,9) + 0xc)) {
00664540/raw_pointer_offset/e791d9f6b37d/1	00664540	SubmarineTitans::Recovered::HiddenThis::RecoveredReceiver_00664540::FUN_00664540	1	58	insufficient_independent_evidence	a fixed offset is visible, but no unique owner, complete compatible layout, and independent typed boundary jointly prove a field	0	0	return *(int *)(*(int *)&this->field_0x217 + 0xc);
006684E0/raw_pointer_offset/d2afaffc7ffb/1	006684E0	FltDataPack	1	66	array_or_pointer_walk	indexed or induction-variable addressing proves a walk, but not one fixed member or a unique public element type	0	0	*(int *)(&local_8->field_0x1ef + iVar6) = (int)puVar8 + (-0x25f - (int)local_8);
0066ACC0/raw_pointer_offset/0ab89ce807c4/1	0066ACC0	SubmarineTitans::Recovered::HiddenThis::RecoveredReceiver_0064A970::FUN_0066acc0	1	3562	intentional_byte_cursor	the value is traversed as byte storage; semantic element identity is not independently proven	0	0	pcVar21 = *(char **)(local_EAX_20210 + 0xeb);
00672440/raw_pointer_offset/371498c6c9bc/1	00672440	SubmarineTitans::Recovered::HiddenThis::RecoveredReceiver_0064A970::FUN_00672440	2	94	intentional_byte_cursor	the value is traversed as byte storage; semantic element identity is not independently proven	0	0	*(undefined1 *)(*param_3 + 0xd0 + (int)param_3) = 9;
00672440/raw_pointer_offset/371498c6c9bc/2	00672440	SubmarineTitans::Recovered::HiddenThis::RecoveredReceiver_0064A970::FUN_00672440	5	150	intentional_byte_cursor	the value is traversed as byte storage; semantic element identity is not independently proven	0	0	*(undefined1 *)(*param_3 + 0xd0 + (int)param_3) = 9;
00672440/raw_pointer_offset/4c470458216a/1	00672440	SubmarineTitans::Recovered::HiddenThis::RecoveredReceiver_0064A970::FUN_00672440	1	79	intentional_byte_cursor	the value is traversed as byte storage; semantic element identity is not independently proven	0	0	*(undefined1 *)(*param_3 + 0xd0 + (int)param_3) = 8;
00672440/raw_pointer_offset/4c470458216a/2	00672440	SubmarineTitans::Recovered::HiddenThis::RecoveredReceiver_0064A970::FUN_00672440	4	138	intentional_byte_cursor	the value is traversed as byte storage; semantic element identity is not independently proven	0	0	*(undefined1 *)(*param_3 + 0xd0 + (int)param_3) = 8;
00672440/raw_pointer_offset/7e1706e0bde3/1	00672440	SubmarineTitans::Recovered::HiddenThis::RecoveredReceiver_0064A970::FUN_00672440	3	108	intentional_byte_cursor	the value is traversed as byte storage; semantic element identity is not independently proven	0	0	*(undefined1 *)(*param_3 + 0xd0 + (int)param_3) = 10;
00672440/raw_pointer_offset/7e1706e0bde3/2	00672440	SubmarineTitans::Recovered::HiddenThis::RecoveredReceiver_0064A970::FUN_00672440	6	166	intentional_byte_cursor	the value is traversed as byte storage; semantic element identity is not independently proven	0	0	*(undefined1 *)(*param_3 + 0xd0 + (int)param_3) = 10;
00677EF0/raw_pointer_offset/da17712a577d/1	00677EF0	FUN_00677ef0	1	11	insufficient_independent_evidence	a fixed offset is visible, but no unique owner, complete compatible layout, and independent typed boundary jointly prove a field	0	0	iVar1 = (**(code **)(*param_3 + 0x138))();
0067B260/raw_pointer_offset/8a960753789d/1	0067B260	FUN_0067b260	1	23	insufficient_independent_evidence	a fixed offset is visible, but no unique owner, complete compatible layout, and independent typed boundary jointly prove a field	0	0	index = *(uint *)(param_1->field_06A1 + 0xc);
0067D3B0/raw_pointer_offset/e4f70267de5b/1	0067D3B0	PlrDataPack	1	176	array_or_pointer_walk	indexed or induction-variable addressing proves a walk, but not one fixed member or a unique public element type	0	0	*(int *)(&local_8->field_0xc6 + iVar13) = (int)puVar14 + (-0x12a - (int)local_8);
0067E7E0/raw_pointer_offset/a0c305743932/1	0067E7E0	CreateArbList	1	217	packed_unaligned_or_union_view	the exact access is misaligned for its width; preserve the packed/unaligned per-use view until a complete union partition is proven	0	0	local_a8 = *(uint *)(local_c + 0x29);
00683C70/raw_pointer_offset/1491619c0d0a/1	00683C70	FUN_00683c70	1	771	dynamic_darray_or_runtime_stride	the address depends on a runtime container stride; a static field or C array would misstate the ABI	0	0	(*(DArrayTy **)(local_EAX_3220 + 0x462),PTR_008489cc);
00690650/raw_pointer_offset/c7684391643b/1	00690650	AiTactClassTy::HelpOrganize	1	150	packed_unaligned_or_union_view	the exact access is misaligned for its width; preserve the packed/unaligned per-use view until a complete union partition is proven	0	0	*(undefined2 *)(element_00a5->field_0004 + 0x7d));
00690B90/raw_pointer_offset/156857facc7d/1	00690B90	AiTactClassTy::GetMessage	1	114	insufficient_independent_evidence	a fixed offset is visible, but no unique owner, complete compatible layout, and independent typed boundary jointly prove a field	0	0	*(AiTactClassTy **)(local_8 + 0x284) = this_00;
00690FC0/raw_pointer_offset/01ff7a992931/1	00690FC0	FUN_00690fc0	1	61	insufficient_independent_evidence	a fixed offset is visible, but no unique owner, complete compatible layout, and independent typed boundary jointly prove a field	0	0	*(undefined4 *)(pAVar1->field_0085 + 0xc) = 0;
00691190/raw_pointer_offset/3035312c9d60/1	00691190	TactDataPack	1	76	array_or_pointer_walk	indexed or induction-variable addressing proves a walk, but not one fixed member or a unique public element type	0	0	*(int *)(&local_8->field_0x89 + iVar10) = (int)puVar12 + (-0x10b - (int)local_8);
00691690/raw_pointer_offset/002d3a4f5ead/1	00691690	FUN_00691690	7	346	packed_unaligned_or_union_view	the exact access is misaligned for its width; preserve the packed/unaligned per-use view until a complete union partition is proven	0	0	*(short *)(*local_1c + 0x29) =
00691690/raw_pointer_offset/00b975a1f683/1	00691690	FUN_00691690	5	273	array_or_pointer_walk	indexed or induction-variable addressing proves a walk, but not one fixed member or a unique public element type	0	0	psVar1 = (short *)(*(int *)((int)local_14 + (local_18 + local_8) * 4 + 0x1a74) +
00691690/raw_pointer_offset/08deb2057414/1	00691690	FUN_00691690	1	143	packed_unaligned_or_union_view	the exact access is misaligned for its width; preserve the packed/unaligned per-use view until a complete union partition is proven	0	0	*(undefined2 *)(*local_28 + 0x23) = 0;
00691690/raw_pointer_offset/3a0b5f1bc566/1	00691690	FUN_00691690	3	148	packed_unaligned_or_union_view	the exact access is misaligned for its width; preserve the packed/unaligned per-use view until a complete union partition is proven	0	0	*(short *)(*local_28 + 0x2b) =
00691690/raw_pointer_offset/511bca39cd9a/1	00691690	FUN_00691690	10	365	array_or_pointer_walk	indexed or induction-variable addressing proves a walk, but not one fixed member or a unique public element type	0	0	psVar1 = (short *)(*(int *)((int)local_14 + (local_18 + local_8) * 4 + 0x1b08) +
00691690/raw_pointer_offset/88449f608667/1	00691690	FUN_00691690	8	348	packed_unaligned_or_union_view	the exact access is misaligned for its width; preserve the packed/unaligned per-use view until a complete union partition is proven	0	0	*(short *)(*local_1c + 0x2b) =
00691690/raw_pointer_offset/ae24d2ee5c12/1	00691690	FUN_00691690	4	165	packed_unaligned_or_union_view	the exact access is misaligned for its width; preserve the packed/unaligned per-use view until a complete union partition is proven	0	0	*(short *)(*local_28 + 0x23) = *(short *)(*local_28 + 0x23) + 1;
00691690/raw_pointer_offset/b658e3a61c8b/1	00691690	FUN_00691690	2	146	packed_unaligned_or_union_view	the exact access is misaligned for its width; preserve the packed/unaligned per-use view until a complete union partition is proven	0	0	*(short *)(*local_28 + 0x29) =
00691690/raw_pointer_offset/c84bcd32049e/1	00691690	FUN_00691690	6	345	packed_unaligned_or_union_view	the exact access is misaligned for its width; preserve the packed/unaligned per-use view until a complete union partition is proven	0	0	*(undefined2 *)(*local_1c + 0x23) = 0;
00691690/raw_pointer_offset/e6e078887e52/1	00691690	FUN_00691690	9	350	packed_unaligned_or_union_view	the exact access is misaligned for its width; preserve the packed/unaligned per-use view until a complete union partition is proven	0	0	*(undefined4 *)(*local_1c + 0x25) = 0;
006923E0/raw_pointer_offset/68306ed988d5/1	006923E0	FUN_006923e0	1	19	array_or_pointer_walk	indexed or induction-variable addressing proves a walk, but not one fixed member or a unique public element type	0	0	return *(undefined4 *)(*(int *)((int)this + param_2 * 0x248 + 0x1950) + 0x2d);
00692470/raw_pointer_offset/a8e2952425fb/1	00692470	FUN_00692470	1	12	array_or_pointer_walk	indexed or induction-variable addressing proves a walk, but not one fixed member or a unique public element type	0	0	(*(int *)((int)this + (param_3 + param_2 * 6 + param_4 * 0x92) * 4 + 0x1a74) + 0x2d +
006924C0/raw_pointer_offset/2c0415c3f068/1	006924C0	FUN_006924c0	1	13	array_or_pointer_walk	indexed or induction-variable addressing proves a walk, but not one fixed member or a unique public element type	0	0	(*(int *)((int)this + (param_4 + param_3 * 6 + param_5 * 0x92 + param_1) * 4 + 0x1b08) +
00692570/raw_pointer_offset/637f97e5fe71/1	00692570	FUN_00692570	1	11	packed_unaligned_or_union_view	the exact access is misaligned for its width; preserve the packed/unaligned per-use view until a complete union partition is proven	0	0	return *(undefined4 *)((int)this + (param_1 + (param_3 + (param_2 * 3 + 0x36) * 2) * 10) * 4);
00692600/raw_pointer_offset/df61ab2f8ef5/1	00692600	FUN_00692600	1	92	array_or_pointer_walk	indexed or induction-variable addressing proves a walk, but not one fixed member or a unique public element type	0	0	if (0 < *(short *)(param_1[iVar1 + 0x6c2] + 0x23)) {
00692C10/raw_pointer_offset/10bb91126c2a/1	00692C10	FUN_00692c10	1	181	array_or_pointer_walk	indexed or induction-variable addressing proves a walk, but not one fixed member or a unique public element type	0	0	_DAT_007d5a18 = *(undefined4 *)(&DAT_007d59e0 + (param_2 * 3 + -0x297) * 4);
00693B20/raw_pointer_offset/28905ea48a58/1	00693B20	FUN_00693b20	1	31	intentional_byte_cursor	the value is traversed as byte storage; semantic element identity is not independently proven	0	0	*(char *)((int)param_1 + param_2 * 0x51 + 0x33) = (char)param_2;
00693B20/raw_pointer_offset/2d76352553c3/1	00693B20	FUN_00693b20	5	35	packed_unaligned_or_union_view	the exact access is misaligned for its width; preserve the packed/unaligned per-use view until a complete union partition is proven	0	0	*(undefined4 *)((int)param_1 + param_2 * 0x51 + 0x3d) = param_6;
00693B20/raw_pointer_offset/4cd247ea90a3/1	00693B20	FUN_00693b20	2	32	intentional_byte_cursor	the value is traversed as byte storage; semantic element identity is not independently proven	0	0	*(undefined1 *)((int)param_1 + param_2 * 0x51 + 0x32) = param_3;
00693B20/raw_pointer_offset/74b72e8e482a/1	00693B20	FUN_00693b20	6	38	intentional_byte_cursor	the value is traversed as byte storage; semantic element identity is not independently proven	0	0	*(char *)((int)param_1 + param_2 * 0x51 + 0x34) = (char)uVar4;
00693B20/raw_pointer_offset/8741c54422ea/1	00693B20	FUN_00693b20	4	34	packed_unaligned_or_union_view	the exact access is misaligned for its width; preserve the packed/unaligned per-use view until a complete union partition is proven	0	0	*(undefined4 *)((int)param_1 + param_2 * 0x51 + 0x39) = param_5;
00693B20/raw_pointer_offset/cd41432e0941/1	00693B20	FUN_00693b20	3	33	packed_unaligned_or_union_view	the exact access is misaligned for its width; preserve the packed/unaligned per-use view until a complete union partition is proven	0	0	*(undefined4 *)((int)param_1 + param_2 * 0x51 + 0x35) = param_4;
00693C10/raw_pointer_offset/0a25e0d3bba2/1	00693C10	FUN_00693c10	1	22	intentional_byte_cursor	the value is traversed as byte storage; semantic element identity is not independently proven	0	0	*(char *)((uint)param_1->field_0022 * 0x51 + 0x34 + (int)this) = (char)iVar2;
00693E60/raw_pointer_offset/bbc8be603622/1	00693E60	FUN_00693e60	1	9	intentional_byte_cursor	the value is traversed as byte storage; semantic element identity is not independently proven	0	0	(*(char *)((int)this + param_1 * 0x51 + 0x33) != -1)) {
00693EB0/raw_pointer_offset/5b8186add3fc/1	00693EB0	SubmarineTitans::Recovered::HiddenThis::RecoveredReceiver_00693B20::FUN_00693eb0	1	49	intentional_byte_cursor	the value is traversed as byte storage; semantic element identity is not independently proven	0	0	*(char *)(local_c + 0x33 + (int)this) = (char)param_2;
00694CD0/raw_pointer_offset/6bfb6d2ca78a/1	00694CD0	CGenerate::sub_00694CD0	2	45	insufficient_independent_evidence	a fixed offset is visible, but no unique owner, complete compatible layout, and independent typed boundary jointly prove a field	0	0	iVar2 = *(int *)(param_1->field_001C + 0xc);
00694CD0/raw_pointer_offset/f314b8753486/1	00694CD0	CGenerate::sub_00694CD0	1	27	insufficient_independent_evidence	a fixed offset is visible, but no unique owner, complete compatible layout, and independent typed boundary jointly prove a field	0	0	iVar2 = *(int *)(param_1->field_0018 + 0xc);
00697CF0/raw_pointer_offset/e92c0da1b6ee/1	00697CF0	FUN_00697cf0	1	373	array_or_pointer_walk	indexed or induction-variable addressing proves a walk, but not one fixed member or a unique public element type	0	0	iVar10 = *(int *)(puVar1 + (local_58 * 0x39 + iVar13) * 4 + 0xcc) * 0x1c + iVar20;
006991C0/raw_pointer_offset/06e8842b7388/1	006991C0	CGenerate::sub_006991C0	14	651	array_or_pointer_walk	indexed or induction-variable addressing proves a walk, but not one fixed member or a unique public element type	0	0	*(int *)((int)aiStackY_1150 + iVar21 * -8 + iVar23 + param_5 * -0x14 + iVar10 + 0x38
006991C0/raw_pointer_offset/1eb29d8af838/1	006991C0	CGenerate::sub_006991C0	8	530	array_or_pointer_walk	indexed or induction-variable addressing proves a walk, but not one fixed member or a unique public element type	0	0	*(int *)((int)aiStackY_1150 + iVar21 * -8 + iVar23 + param_5 * -0x14 + iVar10 + 0x40) =
006991C0/raw_pointer_offset/2f89d1806cbd/1	006991C0	CGenerate::sub_006991C0	2	413	array_or_pointer_walk	indexed or induction-variable addressing proves a walk, but not one fixed member or a unique public element type	0	0	*(undefined4 *)((int)aAStackY_a34 + iVar21 * -8 + iVar23 + param_5 * -0x14 + iVar10 + -4) =
006991C0/raw_pointer_offset/358374910590/1	006991C0	CGenerate::sub_006991C0	3	417	array_or_pointer_walk	indexed or induction-variable addressing proves a walk, but not one fixed member or a unique public element type	0	0	*(undefined4 *)((int)&uStackY_f1c + iVar21 * -8 + iVar23 + param_5 * -0x14 + iVar10) =
006991C0/raw_pointer_offset/37b68ade47b7/1	006991C0	CGenerate::sub_006991C0	12	642	array_or_pointer_walk	indexed or induction-variable addressing proves a walk, but not one fixed member or a unique public element type	0	0	*(int *)((int)aiStackY_1150 + iVar21 * -8 + iVar23 + param_5 * -0x14 + iVar10 + 0x40
006991C0/raw_pointer_offset/5d1f554e8972/1	006991C0	CGenerate::sub_006991C0	9	532	array_or_pointer_walk	indexed or induction-variable addressing proves a walk, but not one fixed member or a unique public element type	0	0	*(int *)((int)aiStackY_1150 + iVar21 * -8 + iVar23 + param_5 * -0x14 + iVar10 + 0x3c) =
006991C0/raw_pointer_offset/6318c69cad9c/1	006991C0	CGenerate::sub_006991C0	5	431	array_or_pointer_walk	indexed or induction-variable addressing proves a walk, but not one fixed member or a unique public element type	0	0	*(int *)((int)aiStackY_1150 + iVar21 * -8 + iVar23 + param_5 * -0x14 + iVar10 + 0x3c)
006991C0/raw_pointer_offset/679f0e648fec/1	006991C0	CGenerate::sub_006991C0	1	410	array_or_pointer_walk	indexed or induction-variable addressing proves a walk, but not one fixed member or a unique public element type	0	0	*(undefined4 *)((int)aAStackY_a34 + iVar21 * -8 + iVar23 + param_5 * -0xc + iVar10 + -4) =
006991C0/raw_pointer_offset/723d258d32be/1	006991C0	CGenerate::sub_006991C0	11	536	array_or_pointer_walk	indexed or induction-variable addressing proves a walk, but not one fixed member or a unique public element type	0	0	*(int *)((int)aiStackY_1150 + iVar21 * -8 + iVar23 + param_5 * -0x14 + iVar10 + 0x34) =
006991C0/raw_pointer_offset/792d708cf04b/1	006991C0	CGenerate::sub_006991C0	7	435	array_or_pointer_walk	indexed or induction-variable addressing proves a walk, but not one fixed member or a unique public element type	0	0	*(int *)((int)aiStackY_1150 + iVar21 * -8 + iVar23 + param_5 * -0x14 + iVar10 + 0x34)
006991C0/raw_pointer_offset/954a76279c18/1	006991C0	CGenerate::sub_006991C0	10	534	array_or_pointer_walk	indexed or induction-variable addressing proves a walk, but not one fixed member or a unique public element type	0	0	*(int *)((int)aiStackY_1150 + iVar21 * -8 + iVar23 + param_5 * -0x14 + iVar10 + 0x38) =
006991C0/raw_pointer_offset/a810259aba07/1	006991C0	CGenerate::sub_006991C0	4	429	array_or_pointer_walk	indexed or induction-variable addressing proves a walk, but not one fixed member or a unique public element type	0	0	*(int *)((int)aiStackY_1150 + iVar21 * -8 + iVar23 + param_5 * -0x14 + iVar10 + 0x40)
006991C0/raw_pointer_offset/d2a419e4c5fd/1	006991C0	CGenerate::sub_006991C0	6	433	array_or_pointer_walk	indexed or induction-variable addressing proves a walk, but not one fixed member or a unique public element type	0	0	*(int *)((int)aiStackY_1150 + iVar21 * -8 + iVar23 + param_5 * -0x14 + iVar10 + 0x38)
006991C0/raw_pointer_offset/e7f66eb6c643/1	006991C0	CGenerate::sub_006991C0	15	656	array_or_pointer_walk	indexed or induction-variable addressing proves a walk, but not one fixed member or a unique public element type	0	0	*(int *)((int)aiStackY_1150 + iVar21 * -8 + iVar23 + param_5 * -0x14 + iVar10 + 0x34
006991C0/raw_pointer_offset/fd1f382a3151/1	006991C0	CGenerate::sub_006991C0	13	647	array_or_pointer_walk	indexed or induction-variable addressing proves a walk, but not one fixed member or a unique public element type	0	0	*(int *)((int)aiStackY_1150 + iVar21 * -8 + iVar23 + param_5 * -0x14 + iVar10 + 0x3c
0069ADA0/raw_pointer_offset/d67c7acba11c/1	0069ADA0	CGenerate::sub_0069ADA0	1	40	packed_unaligned_or_union_view	the exact access is misaligned for its width; preserve the packed/unaligned per-use view until a complete union partition is proven	0	0	iVar8 = *(int *)(pbVar5 + local_18 * 4 + 0x459);
0069B910/raw_pointer_offset/1a8c2c2814a4/1	0069B910	FUN_0069b910	1	35	array_or_pointer_walk	indexed or induction-variable addressing proves a walk, but not one fixed member or a unique public element type	0	0	if (param_6 < *(int *)(local_18 * 0x40 + 0x2c + param_1)) {
0069BC10/raw_pointer_offset/90dc533ff5dd/1	0069BC10	FUN_0069bc10	1	23	array_or_pointer_walk	indexed or induction-variable addressing proves a walk, but not one fixed member or a unique public element type	0	0	iVar2 = *(int *)(param_3 * 0x40 + -0x14 + param_1);
0069BDC0/raw_pointer_offset/84614333adaa/1	0069BDC0	CGenerate::sub_0069BDC0	2	205	packed_unaligned_or_union_view	the exact access is misaligned for its width; preserve the packed/unaligned per-use view until a complete union partition is proven	0	0	+ *(short *)(local_78 + iVar5 * 0x10 + 0xd);
0069BDC0/raw_pointer_offset/b6451b367a29/1	0069BDC0	CGenerate::sub_0069BDC0	1	200	array_or_pointer_walk	indexed or induction-variable addressing proves a walk, but not one fixed member or a unique public element type	0	0	+ *(short *)(local_78 + iVar5 * 0x10 + 0xc);
0069CB50/raw_pointer_offset/afca70c84a6c/1	0069CB50	CGenerate::sub_0069CB50	1	370	array_or_pointer_walk	indexed or induction-variable addressing proves a walk, but not one fixed member or a unique public element type	0	0	*(undefined4 *)(local_70 + iVar17 * 4) = *(undefined4 *)(piVar5[3] + 0xc);
0069E4D0/raw_pointer_offset/d936cf2eae72/1	0069E4D0	FUN_0069e4d0	1	149	array_or_pointer_walk	indexed or induction-variable addressing proves a walk, but not one fixed member or a unique public element type	0	0	local_3c[4] = (int)*(short *)((int)local_a0 + iVar7 * 4 + -0x22);
006A0A70/raw_pointer_offset/8369a4a7eeb2/1	006A0A70	FUN_006a0a70	2	25	insufficient_independent_evidence	a fixed offset is visible, but no unique owner, complete compatible layout, and independent typed boundary jointly prove a field	0	0	*(undefined4 *)(*param_1 + 0x10) = 0;
006A0A70/raw_pointer_offset/d5a5bd15a6bd/1	006A0A70	FUN_006a0a70	1	24	insufficient_independent_evidence	a fixed offset is visible, but no unique owner, complete compatible layout, and independent typed boundary jointly prove a field	0	0	*(undefined4 *)(*param_1 + 0xc) = 0;
006A0C00/raw_pointer_offset/f2322c274199/1	006A0C00	FUN_006a0c00	2	12	insufficient_independent_evidence	a fixed offset is visible, but no unique owner, complete compatible layout, and independent typed boundary jointly prove a field	0	0	"wsprintfA(local_108,""%s%08u"",&DAT_007c8400,*(undefined4 *)(*param_1 + 0x14));"
006A0C00/raw_pointer_offset/fc217a3597cc/1	006A0C00	FUN_006a0c00	3	15	intentional_byte_cursor	the value is traversed as byte storage; semantic element identity is not independently proven	0	0	*(int *)((byte *)*param_1 + 0x14) * 0x92 + 0xaa,nullptr,'\x01',nullptr
006A0C00/raw_pointer_offset/fce91fee8b1c/1	006A0C00	FUN_006a0c00	1	9	array_or_pointer_walk	indexed or induction-variable addressing proves a walk, but not one fixed member or a unique public element type	0	0	*(int *)(*param_1 + 0x14) = param_1[1];
006A56B0/raw_pointer_offset/264dfd811d71/1	006A56B0	FUN_006a56b0	2	19	insufficient_independent_evidence	a fixed offset is visible, but no unique owner, complete compatible layout, and independent typed boundary jointly prove a field	0	0	if (((iVar3 != 0) && (*(UINT_PTR *)((int)param_1 + -0x10) == param_2)) &&
006A56B0/raw_pointer_offset/6d76f2176e47/1	006A56B0	FUN_006a56b0	4	28	insufficient_independent_evidence	a fixed offset is visible, but no unique owner, complete compatible layout, and independent typed boundary jointly prove a field	0	0	*param_5 = *(undefined4 *)((int)param_1 + -0x14);
006A56B0/raw_pointer_offset/8f283f168708/1	006A56B0	FUN_006a56b0	1	15	insufficient_independent_evidence	a fixed offset is visible, but no unique owner, complete compatible layout, and independent typed boundary jointly prove a field	0	0	uVar1 = *(uint *)((int)param_1 + -0xc);
006A56B0/raw_pointer_offset/e5c3d7c0ffcf/1	006A56B0	FUN_006a56b0	3	25	insufficient_independent_evidence	a fixed offset is visible, but no unique owner, complete compatible layout, and independent typed boundary jointly prove a field	0	0	*param_4 = *(undefined4 *)((int)param_1 + -0x18);
006A5F20/raw_pointer_offset/f54f1a4f0a9e/1	006A5F20	FUN_006a5f20	1	127	array_or_pointer_walk	indexed or induction-variable addressing proves a walk, but not one fixed member or a unique public element type	0	0	return *(int *)(((uVar9 + uVar7 * 3) * 3 + local_14) * 4 + 0x7ed500);
006A6100/raw_pointer_offset/5b00e1dda97d/1	006A6100	FUN_006a6100	1	128	array_or_pointer_walk	indexed or induction-variable addressing proves a walk, but not one fixed member or a unique public element type	0	0	return *(int *)(((uVar5 + local_2c * 3) * 3 + local_14) * 4 + 0x7ed500);
006A7D50/raw_pointer_offset/09ab185d8ebf/1	006A7D50	FUN_006a7d50	7	195	insufficient_independent_evidence	a fixed offset is visible, but no unique owner, complete compatible layout, and independent typed boundary jointly prove a field	0	0	*(undefined2 *)(local_28 + -0x11) = (undefined2)local_18;
006A7D50/raw_pointer_offset/27e71c2678e4/1	006A7D50	FUN_006a7d50	3	188	insufficient_independent_evidence	a fixed offset is visible, but no unique owner, complete compatible layout, and independent typed boundary jointly prove a field	0	0	*(undefined2 *)(local_28 + -0x11) = (undefined2)local_10;
006A7D50/raw_pointer_offset/31f879599191/1	006A7D50	FUN_006a7d50	1	186	insufficient_independent_evidence	a fixed offset is visible, but no unique owner, complete compatible layout, and independent typed boundary jointly prove a field	0	0	*(undefined2 *)(local_28 + -0x12) = (undefined2)local_30;
006A7D50/raw_pointer_offset/5bb330a7967f/1	006A7D50	FUN_006a7d50	4	189	insufficient_independent_evidence	a fixed offset is visible, but no unique owner, complete compatible layout, and independent typed boundary jointly prove a field	0	0	*(undefined2 *)((int)local_28 + -0x42) = STField<undefined2>(local_28,6);
006A7D50/raw_pointer_offset/6cd6aba01570/1	006A7D50	FUN_006a7d50	2	187	insufficient_independent_evidence	a fixed offset is visible, but no unique owner, complete compatible layout, and independent typed boundary jointly prove a field	0	0	*(undefined2 *)((int)local_28 + -0x46) = (undefined2)local_c;
006A7D50/raw_pointer_offset/82a735c876f4/1	006A7D50	FUN_006a7d50	8	196	insufficient_independent_evidence	a fixed offset is visible, but no unique owner, complete compatible layout, and independent typed boundary jointly prove a field	0	0	*(short *)((int)local_28 + -0x42) =
006A7D50/raw_pointer_offset/a5873b3999c7/1	006A7D50	FUN_006a7d50	5	193	insufficient_independent_evidence	a fixed offset is visible, but no unique owner, complete compatible layout, and independent typed boundary jointly prove a field	0	0	*(short *)(local_28 + -0x12) = (short)local_40;
006A7D50/raw_pointer_offset/af4a16d61baf/1	006A7D50	FUN_006a7d50	9	198	insufficient_independent_evidence	a fixed offset is visible, but no unique owner, complete compatible layout, and independent typed boundary jointly prove a field	0	0	*(undefined2 *)((int)local_28 + -0x3a) = 0x7fff;
006A7D50/raw_pointer_offset/c9b0df0913eb/1	006A7D50	FUN_006a7d50	6	194	insufficient_independent_evidence	a fixed offset is visible, but no unique owner, complete compatible layout, and independent typed boundary jointly prove a field	0	0	*(short *)((int)local_28 + -0x46) = (short)local_44;
006AD4D0/raw_pointer_offset/953676380192/1	006AD4D0	ReportDebugMessage	2	402	insufficient_independent_evidence	a fixed offset is visible, but no unique owner, complete compatible layout, and independent typed boundary jointly prove a field	0	0	(**(code **)(*g_anonShape_GLOBAL_0080759C_9638EF10_00854EB8->field_0030 + 0x4c))
006AD4D0/raw_pointer_offset/9c09bfcebb8e/1	006AD4D0	ReportDebugMessage	1	397	insufficient_independent_evidence	a fixed offset is visible, but no unique owner, complete compatible layout, and independent typed boundary jointly prove a field	0	0	(**(code **)(*g_anonShape_GLOBAL_0080759C_9638EF10_00854EB8->field_0030 + 0x50))
006AD4D0/raw_pointer_offset/9c09bfcebb8e/2	006AD4D0	ReportDebugMessage	3	416	insufficient_independent_evidence	a fixed offset is visible, but no unique owner, complete compatible layout, and independent typed boundary jointly prove a field	0	0	(**(code **)(*g_anonShape_GLOBAL_0080759C_9638EF10_00854EB8->field_0030 + 0x50))
006ADC30/raw_pointer_offset/4ef5b09ef88d/1	006ADC30	FUN_006adc30	1	30	array_or_pointer_walk	indexed or induction-variable addressing proves a walk, but not one fixed member or a unique public element type	0	0	if ((PTR_00854eb0 == nullptr) || (*(uint **)(param_1[1] + 0xc4) <= PTR_00854eb0)) break;
006ADC30/raw_pointer_offset/5bc45147b181/1	006ADC30	FUN_006adc30	4	54	insufficient_independent_evidence	a fixed offset is visible, but no unique owner, complete compatible layout, and independent typed boundary jointly prove a field	0	0	} while ((int)DAT_00854aa0 < *(int *)(*param_1 + 0x10));
006ADC30/raw_pointer_offset/744be3e6a3dc/1	006ADC30	FUN_006adc30	7	113	array_or_pointer_walk	indexed or induction-variable addressing proves a walk, but not one fixed member or a unique public element type	0	0	DAT_00854a80 = *(undefined4 **)(param_1[1] + 0xc4);
006ADC30/raw_pointer_offset/813cd1aeb025/1	006ADC30	FUN_006adc30	5	68	array_or_pointer_walk	indexed or induction-variable addressing proves a walk, but not one fixed member or a unique public element type	0	0	DAT_00854ea4 = *(uint **)(param_1[1] + 0xb4);
006ADC30/raw_pointer_offset/9d1e5f07ebe0/1	006ADC30	FUN_006adc30	3	46	insufficient_independent_evidence	a fixed offset is visible, but no unique owner, complete compatible layout, and independent typed boundary jointly prove a field	0	0	if ((int)DAT_00854aa0 < *(int *)(*param_1 + 0x10)) {
006ADC30/raw_pointer_offset/a0f085b43d00/1	006ADC30	FUN_006adc30	6	70	array_or_pointer_walk	indexed or induction-variable addressing proves a walk, but not one fixed member or a unique public element type	0	0	if ((*(uint **)(param_1[1] + 0xc4) <= DAT_00854ea4) && (DAT_00854ea4 < PTR_00854eb0)) {
006ADC30/raw_pointer_offset/d3408458fc14/1	006ADC30	FUN_006adc30	2	38	insufficient_independent_evidence	a fixed offset is visible, but no unique owner, complete compatible layout, and independent typed boundary jointly prove a field	0	0	if (*(int *)(*param_1 + 0x10) != 0) {
006B0A20/raw_pointer_offset/fb92295f934a/1	006B0A20	FUN_006b0a20	1	58	insufficient_independent_evidence	a fixed offset is visible, but no unique owner, complete compatible layout, and independent typed boundary jointly prove a field	0	0	(**(code **)(*param_1->field_0030 + 0x58))(param_1->field_0030,1,0);
006B0BE0/raw_pointer_offset/fe5a9b706823/1	006B0BE0	FUN_006b0be0	1	19	insufficient_independent_evidence	a fixed offset is visible, but no unique owner, complete compatible layout, and independent typed boundary jointly prove a field	0	0	if ((param_1 != 0) && (piVar1 = *(int **)(param_1 + 0x3c), piVar1 != nullptr)) {
006B13E0/raw_pointer_offset/41273f278d80/1	006B13E0	FUN_006b13e0	3	28	insufficient_independent_evidence	a fixed offset is visible, but no unique owner, complete compatible layout, and independent typed boundary jointly prove a field	0	0	piVar3 = *(int **)(*param_1 + 0x44);
006B13E0/raw_pointer_offset/706c21ed9d7f/1	006B13E0	FUN_006b13e0	4	33	insufficient_independent_evidence	a fixed offset is visible, but no unique owner, complete compatible layout, and independent typed boundary jointly prove a field	0	0	*(undefined4 *)(*param_1 + 0x44) = 0;
006B13E0/raw_pointer_offset/7b355c8b42c5/1	006B13E0	FUN_006b13e0	1	24	insufficient_independent_evidence	a fixed offset is visible, but no unique owner, complete compatible layout, and independent typed boundary jointly prove a field	0	0	*(undefined4 *)(*param_1 + 0x44) = uVar2;
006B13E0/raw_pointer_offset/a88cc5dd4b24/1	006B13E0	FUN_006b13e0	2	25	insufficient_independent_evidence	a fixed offset is visible, but no unique owner, complete compatible layout, and independent typed boundary jointly prove a field	0	0	*(undefined4 *)(*param_1 + 0x4b0) = 0;
006B2450/raw_pointer_offset/0b508f96858a/1	006B2450	FUN_006b2450	1	8	insufficient_independent_evidence	a fixed offset is visible, but no unique owner, complete compatible layout, and independent typed boundary jointly prove a field	0	0	if (*(int *)(*param_1 + 0x20) == 0x10) {
006B4FE0/raw_pointer_offset/29a0e0d6f205/1	006B4FE0	FUN_006b4fe0	1	23	insufficient_independent_evidence	a fixed offset is visible, but no unique owner, complete compatible layout, and independent typed boundary jointly prove a field	0	0	iVar2 = *(int *)(param_1 + 0x10);
006B68C0/raw_pointer_offset/932cb18c8f3e/1	006B68C0	FUN_006b68c0	1	9	insufficient_independent_evidence	a fixed offset is visible, but no unique owner, complete compatible layout, and independent typed boundary jointly prove a field	0	0	(**(code **)(*(int *)*param_1 + 0x30))((int *)*param_1,0,&LAB_006b68b0,&param_1,0);
006B7140/raw_pointer_offset/455a128e235a/1	006B7140	FUN_006b7140	1	16	insufficient_independent_evidence	a fixed offset is visible, but no unique owner, complete compatible layout, and independent typed boundary jointly prove a field	0	0	(**(code **)(*(int *)*param_1 + 0x30))
006B76D0/raw_pointer_offset/c675b63101de/1	006B76D0	FUN_006b76d0	1	25	insufficient_independent_evidence	a fixed offset is visible, but no unique owner, complete compatible layout, and independent typed boundary jointly prove a field	0	0	(**(code **)(*(int *)*param_1 + 0x10))((int *)*param_1);
006B8A30/raw_pointer_offset/676efca6ced2/1	006B8A30	FUN_006b8a30	1	13	insufficient_independent_evidence	a fixed offset is visible, but no unique owner, complete compatible layout, and independent typed boundary jointly prove a field	0	0	*(undefined4 *)(*param_1 + 0x4e8) = 0;
006B8E30/raw_pointer_offset/2be7a04e06f0/1	006B8E30	FUN_006b8e30	3	35	array_or_pointer_walk	indexed or induction-variable addressing proves a walk, but not one fixed member or a unique public element type	0	0	(*(int **)(*param_1 + 0x40),&local_24,param_1[0xf],&local_14,0x1000000,0);
006B8E30/raw_pointer_offset/4e64d2dc21bf/1	006B8E30	FUN_006b8e30	1	20	insufficient_independent_evidence	a fixed offset is visible, but no unique owner, complete compatible layout, and independent typed boundary jointly prove a field	0	0	if (*(int *)(*param_1 + 0x40) == 0) {
006B8E30/raw_pointer_offset/9e740b41efac/1	006B8E30	FUN_006b8e30	2	34	insufficient_independent_evidence	a fixed offset is visible, but no unique owner, complete compatible layout, and independent typed boundary jointly prove a field	0	0	iVar1 = (**(code **)(**(int **)(*param_1 + 0x40) + 0x14))
006B8E30/raw_pointer_offset/f09746319e65/1	006B8E30	FUN_006b8e30	4	40	array_or_pointer_walk	indexed or induction-variable addressing proves a walk, but not one fixed member or a unique public element type	0	0	(**(code **)(*(int *)param_1[0xf] + 0x6c))((int *)param_1[0xf]);
006B91A0/raw_pointer_offset/167fa188772a/1	006B91A0	FUN_006b91a0	2	48	array_or_pointer_walk	indexed or induction-variable addressing proves a walk, but not one fixed member or a unique public element type	0	0	((int *)param_1[0xf],&local_34,*(undefined4 *)(*param_1 + 0x40),&local_24,
006B91A0/raw_pointer_offset/9378284af9a3/1	006B91A0	FUN_006b91a0	1	47	array_or_pointer_walk	indexed or induction-variable addressing proves a walk, but not one fixed member or a unique public element type	0	0	iVar2 = (**(code **)(*(int *)param_1[0xf] + 0x14))
006B91A0/raw_pointer_offset/f09746319e65/1	006B91A0	FUN_006b91a0	3	54	array_or_pointer_walk	indexed or induction-variable addressing proves a walk, but not one fixed member or a unique public element type	0	0	(**(code **)(*(int *)param_1[0xf] + 0x6c))((int *)param_1[0xf]);
006B94E0/raw_pointer_offset/0bb217da4f15/1	006B94E0	FUN_006b94e0	1	18	array_or_pointer_walk	indexed or induction-variable addressing proves a walk, but not one fixed member or a unique public element type	0	0	iVar8 = *(int *)(param_8 + 0x18 + param_3 * 0x1c);
006BB690/raw_pointer_offset/5089d1f61bda/1	006BB690	FUN_006bb690	1	13	insufficient_independent_evidence	a fixed offset is visible, but no unique owner, complete compatible layout, and independent typed boundary jointly prove a field	0	0	uVar1 = (**(code **)(*param_1->field_0030 + 0x28))(param_1->field_0030);
006BB6C0/raw_pointer_offset/7d55bea95684/1	006BB6C0	FUN_006bb6c0	1	26	insufficient_independent_evidence	a fixed offset is visible, but no unique owner, complete compatible layout, and independent typed boundary jointly prove a field	0	0	iVar1 = (**(code **)(*param_1->field_0030 + 0x18))(param_1->field_0030,local_88,param_2,0);
006BB6C0/raw_pointer_offset/88f146d2bf8e/1	006BB6C0	FUN_006bb6c0	2	32	insufficient_independent_evidence	a fixed offset is visible, but no unique owner, complete compatible layout, and independent typed boundary jointly prove a field	0	0	iVar1 = (**(code **)(*(int *)*param_2 + 0x74))
006BB780/raw_pointer_offset/375bbcd9bae0/1	006BB780	FUN_006bb780	2	72	insufficient_independent_evidence	a fixed offset is visible, but no unique owner, complete compatible layout, and independent typed boundary jointly prove a field	0	0	iVar1 = (**(code **)(*(int *)*param_2 + 0x74))((int *)*param_2,0x10,&local_c);
006BB780/raw_pointer_offset/74bffc9da174/1	006BB780	FUN_006bb780	1	66	insufficient_independent_evidence	a fixed offset is visible, but no unique owner, complete compatible layout, and independent typed boundary jointly prove a field	0	0	iVar1 = (**(code **)(*param_1->field_0030 + 0x18))(param_1->field_0030,&local_88,param_2,0);
006BB980/raw_pointer_offset/d92a246100df/1	006BB980	FUN_006bb980	1	14	insufficient_independent_evidence	a fixed offset is visible, but no unique owner, complete compatible layout, and independent typed boundary jointly prove a field	0	0	(**(code **)(*param_1->field_0040 + 0x80))(param_1->field_0040,0);
006BB9D0/raw_pointer_offset/8adeda1f1e00/1	006BB9D0	FUN_006bb9d0	1	53	insufficient_independent_evidence	a fixed offset is visible, but no unique owner, complete compatible layout, and independent typed boundary jointly prove a field	0	0	(**(code **)(*param_6 + 0x6c))(param_6);
006BBB20/raw_pointer_offset/084960f82d43/1	006BBB20	FUN_006bbb20	4	160	insufficient_independent_evidence	a fixed offset is visible, but no unique owner, complete compatible layout, and independent typed boundary jointly prove a field	0	0	(**(code **)(*param_1->field_0044 + 0x38))(param_1->field_0044,local_38);
006BBB20/raw_pointer_offset/2da0801b5fd1/1	006BBB20	FUN_006bbb20	2	97	insufficient_independent_evidence	a fixed offset is visible, but no unique owner, complete compatible layout, and independent typed boundary jointly prove a field	0	0	(**(code **)(*local_c + 0x7c))(local_c,param_1->field_003C);
006BBB20/raw_pointer_offset/81c9a21ba831/1	006BBB20	FUN_006bbb20	3	112	insufficient_independent_evidence	a fixed offset is visible, but no unique owner, complete compatible layout, and independent typed boundary jointly prove a field	0	0	(**(code **)(*local_14 + 0x7c))(local_14,param_1->field_003C);
006BBB20/raw_pointer_offset/8f1213cbc923/1	006BBB20	FUN_006bbb20	1	83	insufficient_independent_evidence	a fixed offset is visible, but no unique owner, complete compatible layout, and independent typed boundary jointly prove a field	0	0	(**(code **)(*STField<int *>(param_1,0x40) + 0x38))((int *)param_1->field_0040,local_28);
006BBF50/raw_pointer_offset/7c3f2573c8ad/1	006BBF50	FUN_006bbf50	1	17	insufficient_independent_evidence	a fixed offset is visible, but no unique owner, complete compatible layout, and independent typed boundary jointly prove a field	0	0	(**(code **)(*param_1 + 0x10))(param_1,1,param_2);
006BC580/raw_pointer_offset/41e529be7cda/1	006BC580	FUN_006bc580	1	22	insufficient_independent_evidence	a fixed offset is visible, but no unique owner, complete compatible layout, and independent typed boundary jointly prove a field	0	0	iVar1 = (**(code **)(*param_1->field_0044 + 0x14))
006BD260/raw_pointer_offset/38868c7f262b/1	006BD260	FUN_006bd260	1	26	insufficient_independent_evidence	a fixed offset is visible, but no unique owner, complete compatible layout, and independent typed boundary jointly prove a field	0	0	while (DAT_00854fec = (**(code **)(*PTR_00854ee8->field_0044 + 0x14))
006BFE70/raw_pointer_offset/32dbe050ea33/1	006BFE70	FUN_006bfe70	3	125	insufficient_independent_evidence	a fixed offset is visible, but no unique owner, complete compatible layout, and independent typed boundary jointly prove a field	0	0	DVar7 = FUN_006bfb90(*(HANDLE *)(*(int *)(pAVar5->field_001C + 4) + 0xc),pDVar2,
006BFE70/raw_pointer_offset/ac32401de86c/1	006BFE70	FUN_006bfe70	4	185	insufficient_independent_evidence	a fixed offset is visible, but no unique owner, complete compatible layout, and independent typed boundary jointly prove a field	0	0	local_c = FUN_006bfb90(*(HANDLE *)(*(int *)(pAVar5->field_001C + 4) + 0xc),pDVar2,
006BFE70/raw_pointer_offset/ac32401de86c/2	006BFE70	FUN_006bfe70	5	275	insufficient_independent_evidence	a fixed offset is visible, but no unique owner, complete compatible layout, and independent typed boundary jointly prove a field	0	0	local_c = FUN_006bfb90(*(HANDLE *)(*(int *)(pAVar5->field_001C + 4) + 0xc),pDVar2,
006BFE70/raw_pointer_offset/ac32401de86c/3	006BFE70	FUN_006bfe70	6	317	insufficient_independent_evidence	a fixed offset is visible, but no unique owner, complete compatible layout, and independent typed boundary jointly prove a field	0	0	local_c = FUN_006bfb90(*(HANDLE *)(*(int *)(pAVar5->field_001C + 4) + 0xc),pDVar2,
006BFE70/raw_pointer_offset/ac32401de86c/4	006BFE70	FUN_006bfe70	7	370	insufficient_independent_evidence	a fixed offset is visible, but no unique owner, complete compatible layout, and independent typed boundary jointly prove a field	0	0	local_c = FUN_006bfb90(*(HANDLE *)(*(int *)(pAVar5->field_001C + 4) + 0xc),pDVar2,
006BFE70/raw_pointer_offset/ee9ec99b637b/1	006BFE70	FUN_006bfe70	1	69	insufficient_independent_evidence	a fixed offset is visible, but no unique owner, complete compatible layout, and independent typed boundary jointly prove a field	0	0	local_c = FUN_006bfb90(*(HANDLE *)(*(int *)(param_2->field_001C + 4) + 0xc),
006BFE70/raw_pointer_offset/f2e5c8f09197/1	006BFE70	FUN_006bfe70	2	94	insufficient_independent_evidence	a fixed offset is visible, but no unique owner, complete compatible layout, and independent typed boundary jointly prove a field	0	0	local_c = FUN_006bfb90(*(HANDLE *)(*(int *)(param_2->field_001C + 4) + 0xc),pDVar2,
006C08E0/raw_pointer_offset/341a2b9d0dcd/1	006C08E0	FUN_006c08e0	1	63	array_or_pointer_walk	indexed or induction-variable addressing proves a walk, but not one fixed member or a unique public element type	0	0	iVar4 = (**(code **)(*(int *)(&PTR_00855004)[local_c * 0x31] + 0x24))
006C23F0/raw_pointer_offset/f58367417d43/1	006C23F0	FUN_006c23f0	1	17	packed_unaligned_or_union_view	the exact access is misaligned for its width; preserve the packed/unaligned per-use view until a complete union partition is proven	0	0	(*(uint *)(param_1 + 0xd),(int)*(uint *)(param_1 + 0xd) >> 0x1f,1000,0);
006C3500/raw_pointer_offset/e47af83453d7/1	006C3500	FUN_006c3500	1	25	insufficient_independent_evidence	a fixed offset is visible, but no unique owner, complete compatible layout, and independent typed boundary jointly prove a field	0	0	(**(code **)(**(int **)(iVar1 + 0x30) + 0x18))(*(int **)(iVar1 + 0x30),local_80,iVar1 + 0x40,0);
006C3720/raw_pointer_offset/a48111df15d3/1	006C3720	FUN_006c3720	1	18	insufficient_independent_evidence	a fixed offset is visible, but no unique owner, complete compatible layout, and independent typed boundary jointly prove a field	0	0	DVar3 = WaitForSingleObject(*(HANDLE *)(param_1 + 0x74),0xffffffff);
006C5210/raw_pointer_offset/16b421720f4a/1	006C5210	FUN_006c5210	1	34	insufficient_independent_evidence	a fixed offset is visible, but no unique owner, complete compatible layout, and independent typed boundary jointly prove a field	0	0	iVar1 = (**(code **)(*param_1->field_0040 + 0x14))
006C52E0/raw_pointer_offset/16b421720f4a/1	006C52E0	FUN_006c52e0	1	34	insufficient_independent_evidence	a fixed offset is visible, but no unique owner, complete compatible layout, and independent typed boundary jointly prove a field	0	0	iVar1 = (**(code **)(*param_1->field_0040 + 0x14))
006C7F90/raw_pointer_offset/3aaeb55ca153/1	006C7F90	FUN_006c7f90	1	52	packed_unaligned_or_union_view	the exact access is misaligned for its width; preserve the packed/unaligned per-use view until a complete union partition is proven	0	0	uVar8 = *(int *)(param_1 + 2) * (uint)param_1[7] + 0x1f >> 3 & 0x1ffffffc;
006CECB0/raw_pointer_offset/c965c0ed104c/1	006CECB0	FUN_006cecb0	1	63	insufficient_independent_evidence	a fixed offset is visible, but no unique owner, complete compatible layout, and independent typed boundary jointly prove a field	0	0	(**(code **)(*local_8 + 0x38))(local_8,local_18);
006CEE60/raw_pointer_offset/759dbb418a87/1	006CEE60	FUN_006cee60	1	14	insufficient_independent_evidence	a fixed offset is visible, but no unique owner, complete compatible layout, and independent typed boundary jointly prove a field	0	0	puVar4 = (uint *)**(undefined4 **)(param_1 + 0x1ac);
006CEF60/raw_pointer_offset/0b508f96858a/1	006CEF60	FUN_006cef60	6	181	insufficient_independent_evidence	a fixed offset is visible, but no unique owner, complete compatible layout, and independent typed boundary jointly prove a field	0	0	if (*(int *)(*param_1 + 0x20) == 0x10) {
006CEF60/raw_pointer_offset/0b508f96858a/2	006CEF60	FUN_006cef60	7	193	insufficient_independent_evidence	a fixed offset is visible, but no unique owner, complete compatible layout, and independent typed boundary jointly prove a field	0	0	if (*(int *)(*param_1 + 0x20) == 0x10) {
006CEF60/raw_pointer_offset/0b508f96858a/3	006CEF60	FUN_006cef60	10	301	insufficient_independent_evidence	a fixed offset is visible, but no unique owner, complete compatible layout, and independent typed boundary jointly prove a field	0	0	if (*(int *)(*param_1 + 0x20) == 0x10) {
006CEF60/raw_pointer_offset/0b508f96858a/4	006CEF60	FUN_006cef60	11	314	insufficient_independent_evidence	a fixed offset is visible, but no unique owner, complete compatible layout, and independent typed boundary jointly prove a field	0	0	if (*(int *)(*param_1 + 0x20) == 0x10) {
006CEF60/raw_pointer_offset/327e3b02c416/1	006CEF60	FUN_006cef60	1	87	insufficient_independent_evidence	a fixed offset is visible, but no unique owner, complete compatible layout, and independent typed boundary jointly prove a field	0	0	if ((*(int *)(*param_1 + 0x20) == 0x10) && (local_24 = param_4->field_00B4, local_24 == 0)) {
006CEF60/raw_pointer_offset/340fcd2d28d8/1	006CEF60	FUN_006cef60	2	89	insufficient_independent_evidence	a fixed offset is visible, but no unique owner, complete compatible layout, and independent typed boundary jointly prove a field	0	0	local_24 = *(int *)(*param_1 + 0x4c0);
006CEF60/raw_pointer_offset/517afe0771d1/1	006CEF60	FUN_006cef60	8	275	insufficient_independent_evidence	a fixed offset is visible, but no unique owner, complete compatible layout, and independent typed boundary jointly prove a field	0	0	(**(code **)(**(int **)(*param_1 + 0x44) + 0x80))(*(int **)(*param_1 + 0x44),0);
006CEF60/raw_pointer_offset/517afe0771d1/2	006CEF60	FUN_006cef60	12	365	insufficient_independent_evidence	a fixed offset is visible, but no unique owner, complete compatible layout, and independent typed boundary jointly prove a field	0	0	(**(code **)(**(int **)(*param_1 + 0x44) + 0x80))(*(int **)(*param_1 + 0x44),0);
006CEF60/raw_pointer_offset/e842ff37545e/1	006CEF60	FUN_006cef60	5	149	insufficient_independent_evidence	a fixed offset is visible, but no unique owner, complete compatible layout, and independent typed boundary jointly prove a field	0	0	iVar12 = FUN_006bbe40(*(int **)(*param_1 + 0x44),(uint *)&param_2,(int *)&param_3,0x20);
006CEF60/raw_pointer_offset/e842ff37545e/2	006CEF60	FUN_006cef60	9	290	insufficient_independent_evidence	a fixed offset is visible, but no unique owner, complete compatible layout, and independent typed boundary jointly prove a field	0	0	iVar12 = FUN_006bbe40(*(int **)(*param_1 + 0x44),(uint *)&param_2,(int *)&param_3,0x20);
006CEF60/raw_pointer_offset/fc754e86b007/1	006CEF60	FUN_006cef60	3	101	insufficient_independent_evidence	a fixed offset is visible, but no unique owner, complete compatible layout, and independent typed boundary jointly prove a field	0	0	while (iVar6 = (**(code **)(**(int **)(*param_1 + 0x44) + 0x14))
006CEF60/raw_pointer_offset/fe25258e35f0/1	006CEF60	FUN_006cef60	4	102	insufficient_independent_evidence	a fixed offset is visible, but no unique owner, complete compatible layout, and independent typed boundary jointly prove a field	0	0	(*(int **)(*param_1 + 0x44),&local_38,param_5,&local_60,0x1008000,0),
006D5260/raw_pointer_offset/d65773f692f0/1	006D5260	FUN_006d5260	1	147	insufficient_independent_evidence	a fixed offset is visible, but no unique owner, complete compatible layout, and independent typed boundary jointly prove a field	0	0	FUN_006b0a20(*(RecoveredGlobalRecordView_00854EB8 **)(STField<int>(local_c,0x288) + 0x28),
006D54C0/raw_pointer_offset/41295c16d691/1	006D54C0	FUN_006d54c0	2	73	insufficient_independent_evidence	a fixed offset is visible, but no unique owner, complete compatible layout, and independent typed boundary jointly prove a field	0	0	(**(code **)(*local_8 + 0x6c))(local_8);
006D54C0/raw_pointer_offset/e31fca064cec/1	006D54C0	FUN_006d54c0	1	64	insufficient_independent_evidence	a fixed offset is visible, but no unique owner, complete compatible layout, and independent typed boundary jointly prove a field	0	0	(**(code **)(*local_8 + 0x80))(local_8,0);
006D58C0/raw_pointer_offset/cbccf8a4e34e/1	006D58C0	FUN_006d58c0	1	98	insufficient_independent_evidence	a fixed offset is visible, but no unique owner, complete compatible layout, and independent typed boundary jointly prove a field	0	0	*(undefined4 *)(STField<int>(local_10,0xe0) + 0x310) = 1;
006D5DB0/raw_pointer_offset/ee289af3f29f/1	006D5DB0	FUN_006d5db0	1	16	array_or_pointer_walk	indexed or induction-variable addressing proves a walk, but not one fixed member or a unique public element type	0	0	if ((*(int *)(param_1[0x17] + 0x310) == 0) &&
006D5DF0/raw_pointer_offset/c7161aba925b/1	006D5DF0	FUN_006d5df0	1	18	insufficient_independent_evidence	a fixed offset is visible, but no unique owner, complete compatible layout, and independent typed boundary jointly prove a field	0	0	iVar1 = *(int *)(param_1->field_0058 + 0x44);
006D5ED0/raw_pointer_offset/271b5e8fa9b7/1	006D5ED0	FUN_006d5ed0	1	25	insufficient_independent_evidence	a fixed offset is visible, but no unique owner, complete compatible layout, and independent typed boundary jointly prove a field	0	0	iVar6 = *(int *)(param_1->field_005C + 0x288);
006D5ED0/raw_pointer_offset/4edea6785823/1	006D5ED0	FUN_006d5ed0	3	50	insufficient_independent_evidence	a fixed offset is visible, but no unique owner, complete compatible layout, and independent typed boundary jointly prove a field	0	0	if (*(int *)(param_1->field_005C + 0x310) == 0) {
006D5ED0/raw_pointer_offset/74e6bed33c20/1	006D5ED0	FUN_006d5ed0	2	47	insufficient_independent_evidence	a fixed offset is visible, but no unique owner, complete compatible layout, and independent typed boundary jointly prove a field	0	0	pAVar7 = (AnonShape_006D5ED0_6A5D6B49 *)(*(int *)(param_1->field_0058 + 0x44) + 0x30);
006D5ED0/raw_pointer_offset/e1622e1932b8/1	006D5ED0	FUN_006d5ed0	4	85	insufficient_independent_evidence	a fixed offset is visible, but no unique owner, complete compatible layout, and independent typed boundary jointly prove a field	0	0	if ((*(int *)(param_1->field_005C + 0x310) == 0) &&
006D6090/raw_pointer_offset/e1622e1932b8/1	006D6090	FUN_006d6090	1	22	insufficient_independent_evidence	a fixed offset is visible, but no unique owner, complete compatible layout, and independent typed boundary jointly prove a field	0	0	if ((*(int *)(param_1->field_005C + 0x310) == 0) &&
006D6290/raw_pointer_offset/2e5b38492e21/1	006D6290	FUN_006d6290	1	60	insufficient_independent_evidence	a fixed offset is visible, but no unique owner, complete compatible layout, and independent typed boundary jointly prove a field	0	0	(**(code **)(*pAVar1->field_0064 + 0x6c))(pAVar1->field_0064);
006D63E0/raw_pointer_offset/0bae19274e53/1	006D63E0	SubmarineTitans::Recovered::HiddenThis::RecoveredReceiver_006CEC40::FUN_006d63e0	9	222	insufficient_independent_evidence	a fixed offset is visible, but no unique owner, complete compatible layout, and independent typed boundary jointly prove a field	0	0	hrgn = *(HRGN *)(this->field_0288->field_0028 + 0x494);
006D63E0/raw_pointer_offset/553d432d3e4f/1	006D63E0	SubmarineTitans::Recovered::HiddenThis::RecoveredReceiver_006CEC40::FUN_006d63e0	8	203	insufficient_independent_evidence	a fixed offset is visible, but no unique owner, complete compatible layout, and independent typed boundary jointly prove a field	0	0	piVar5 = *(int **)(pAVar3->field_0028 + 0x40);
006D63E0/raw_pointer_offset/66990fed6acd/1	006D63E0	SubmarineTitans::Recovered::HiddenThis::RecoveredReceiver_006CEC40::FUN_006d63e0	11	228	insufficient_independent_evidence	a fixed offset is visible, but no unique owner, complete compatible layout, and independent typed boundary jointly prove a field	0	0	*(int **)(this->field_0288->field_0028 + 0x480) = piVar5;
006D63E0/raw_pointer_offset/91783aec3086/1	006D63E0	SubmarineTitans::Recovered::HiddenThis::RecoveredReceiver_006CEC40::FUN_006d63e0	4	84	insufficient_independent_evidence	a fixed offset is visible, but no unique owner, complete compatible layout, and independent typed boundary jointly prove a field	0	0	(*pcVar4)(*(undefined4 *)(pAVar3->field_0028 + 0x4ec),iVar7,iVar10,local_a0,
006D63E0/raw_pointer_offset/9dda854cf402/1	006D63E0	SubmarineTitans::Recovered::HiddenThis::RecoveredReceiver_006CEC40::FUN_006d63e0	12	247	insufficient_independent_evidence	a fixed offset is visible, but no unique owner, complete compatible layout, and independent typed boundary jointly prove a field	0	0	*(undefined4 *)(this->field_0288->field_0028 + 0x47c) = 0;
006D63E0/raw_pointer_offset/a0e138f552ef/1	006D63E0	SubmarineTitans::Recovered::HiddenThis::RecoveredReceiver_006CEC40::FUN_006d63e0	10	227	insufficient_independent_evidence	a fixed offset is visible, but no unique owner, complete compatible layout, and independent typed boundary jointly prove a field	0	0	*(HDC **)(this->field_0288->field_0028 + 0x47c) = local_b4;
006D63E0/raw_pointer_offset/b94f5732f520/1	006D63E0	SubmarineTitans::Recovered::HiddenThis::RecoveredReceiver_006CEC40::FUN_006d63e0	5	118	insufficient_independent_evidence	a fixed offset is visible, but no unique owner, complete compatible layout, and independent typed boundary jointly prove a field	0	0	if ((*(int *)(pAVar3->field_0028 + 0x20) < 0x11) &&
006D63E0/raw_pointer_offset/bd0627da5c50/1	006D63E0	SubmarineTitans::Recovered::HiddenThis::RecoveredReceiver_006CEC40::FUN_006d63e0	6	147	insufficient_independent_evidence	a fixed offset is visible, but no unique owner, complete compatible layout, and independent typed boundary jointly prove a field	0	0	if (*(int *)(pAVar3->field_0028 + 0x20) == 8) {
006D63E0/raw_pointer_offset/c53a4297f97c/1	006D63E0	SubmarineTitans::Recovered::HiddenThis::RecoveredReceiver_006CEC40::FUN_006d63e0	7	169	insufficient_independent_evidence	a fixed offset is visible, but no unique owner, complete compatible layout, and independent typed boundary jointly prove a field	0	0	pvVar6 = *(void **)(pAVar3->field_0028 + 0x4c0);
006D63E0/raw_pointer_offset/d7b38ed899e0/1	006D63E0	SubmarineTitans::Recovered::HiddenThis::RecoveredReceiver_006CEC40::FUN_006d63e0	3	80	insufficient_independent_evidence	a fixed offset is visible, but no unique owner, complete compatible layout, and independent typed boundary jointly prove a field	0	0	pcVar4 = *(code **)(pAVar3->field_0028 + 0x4e4);
006D63E0/raw_pointer_offset/e1a0357c58f7/1	006D63E0	SubmarineTitans::Recovered::HiddenThis::RecoveredReceiver_006CEC40::FUN_006d63e0	2	61	insufficient_independent_evidence	a fixed offset is visible, but no unique owner, complete compatible layout, and independent typed boundary jointly prove a field	0	0	iVar7 = (**(code **)(*param_1 + 0xc))(param_1,&local_bc);
006D63E0/raw_pointer_offset/f0565a248478/1	006D63E0	SubmarineTitans::Recovered::HiddenThis::RecoveredReceiver_006CEC40::FUN_006d63e0	1	57	insufficient_independent_evidence	a fixed offset is visible, but no unique owner, complete compatible layout, and independent typed boundary jointly prove a field	0	0	if ((*(uint *)(this->field_0288->field_0028 + 0xc) & 0x100) == 0) {
006D7D9A/raw_pointer_offset/17a5a90c2990/1	006D7D9A	FUN_006d7d9a	1	92	array_or_pointer_walk	indexed or induction-variable addressing proves a walk, but not one fixed member or a unique public element type	0	0	uVar8 = (uint)*(ushort *)((int)local_8 + uVar8 * 2 + 0x2000)) {
006D7D9A/raw_pointer_offset/1e10dde9837b/1	006D7D9A	FUN_006d7d9a	2	93	intentional_byte_cursor	the value is traversed as byte storage; semantic element identity is not independently proven	0	0	*puVar15 = *(undefined1 *)((int)local_8 + uVar8 + 0x1000);
006D7D9A/raw_pointer_offset/63f71bd6d2d8/1	006D7D9A	FUN_006d7d9a	3	99	intentional_byte_cursor	the value is traversed as byte storage; semantic element identity is not independently proven	0	0	*(undefined1 *)((int)local_8 + local_16 + 0x1000) = local_2b;
006D7D9A/raw_pointer_offset/ce27fda0b755/1	006D7D9A	FUN_006d7d9a	4	100	array_or_pointer_walk	indexed or induction-variable addressing proves a walk, but not one fixed member or a unique public element type	0	0	*(short *)((int)local_8 + local_16 * 2 + 0x2000) = (short)local_2a;
006D9F30/raw_pointer_offset/3437d0a57009/1	006D9F30	FUN_006d9f30	3	59	array_or_pointer_walk	indexed or induction-variable addressing proves a walk, but not one fixed member or a unique public element type	0	0	(**(code **)(*(int *)param_1[0x73] + 0x6c))((int *)param_1[0x73]);
006D9F30/raw_pointer_offset/4413ba2c842b/1	006D9F30	FUN_006d9f30	2	54	array_or_pointer_walk	indexed or induction-variable addressing proves a walk, but not one fixed member or a unique public element type	0	0	((int *)param_1[0x73],&local_24,*(undefined4 *)(*param_1 + 0x44),
006D9F30/raw_pointer_offset/e0252074f771/1	006D9F30	FUN_006d9f30	1	53	array_or_pointer_walk	indexed or induction-variable addressing proves a walk, but not one fixed member or a unique public element type	0	0	while (iVar3 = (**(code **)(*(int *)param_1[0x73] + 0x14))
006DA080/raw_pointer_offset/3437d0a57009/1	006DA080	FUN_006da080	1	36	array_or_pointer_walk	indexed or induction-variable addressing proves a walk, but not one fixed member or a unique public element type	0	0	(**(code **)(*(int *)param_1[0x73] + 0x6c))((int *)param_1[0x73]);
006DA080/raw_pointer_offset/d25df5475674/1	006DA080	FUN_006da080	2	50	array_or_pointer_walk	indexed or induction-variable addressing proves a walk, but not one fixed member or a unique public element type	0	0	(**(code **)(*(int *)param_1[0x73] + 0x80))((int *)param_1[0x73],0);
006DB6F0/raw_pointer_offset/f0b0e4b3470f/1	006DB6F0	FUN_006db6f0	1	20	array_or_pointer_walk	indexed or induction-variable addressing proves a walk, but not one fixed member or a unique public element type	0	0	iVar1 = -*(int *)(s_AppClassTy__DeleteObject_Error___007ee83c + param_1 * -4 + 0x18);
006DBAB0/raw_pointer_offset/74a291fba017/1	006DBAB0	ST3DSMAPContext::sub_006DBAB0	1	50	array_or_pointer_walk	indexed or induction-variable addressing proves a walk, but not one fixed member or a unique public element type	0	0	FUN_006a5e90(*(short **)(this->field_031C + iVar2 + 0xec));
006DBD20/raw_pointer_offset/736501635aee/1	006DBD20	ST3DSMAPContext::sub_006DBD20	1	100	insufficient_independent_evidence	a fixed offset is visible, but no unique owner, complete compatible layout, and independent typed boundary jointly prove a field	0	0	*(AnonPointee_ST3DSMAPContext_0280 **)(param_1->field_0358 + 0x280) = param_1->field_0280;
006DBD20/raw_pointer_offset/bc4536ef238a/1	006DBD20	ST3DSMAPContext::sub_006DBD20	2	118	insufficient_independent_evidence	a fixed offset is visible, but no unique owner, complete compatible layout, and independent typed boundary jointly prove a field	0	0	*(undefined4 *)(param_1->field_0358 + 0x134) = 1;
006DC050/raw_pointer_offset/386113bc4d6b/1	006DC050	ST3DSMAPContext::sub_006DC050	7	101	insufficient_independent_evidence	a fixed offset is visible, but no unique owner, complete compatible layout, and independent typed boundary jointly prove a field	0	0	*(undefined4 *)(param_1->field_0358 + 0x370) = param_1->field_0370;
006DC050/raw_pointer_offset/52e6b1b20ea7/1	006DC050	ST3DSMAPContext::sub_006DC050	3	87	insufficient_independent_evidence	a fixed offset is visible, but no unique owner, complete compatible layout, and independent typed boundary jointly prove a field	0	0	*(undefined4 *)(param_1->field_0358 + 0x41c) = 0;
006DC050/raw_pointer_offset/9121255a8553/1	006DC050	ST3DSMAPContext::sub_006DC050	5	99	insufficient_independent_evidence	a fixed offset is visible, but no unique owner, complete compatible layout, and independent typed boundary jointly prove a field	0	0	*(undefined4 *)(param_1->field_0358 + 0x128) = 0x70;
006DC050/raw_pointer_offset/b115dd8b5d5b/1	006DC050	ST3DSMAPContext::sub_006DC050	1	85	insufficient_independent_evidence	a fixed offset is visible, but no unique owner, complete compatible layout, and independent typed boundary jointly prove a field	0	0	*(double *)(param_1->field_0358 + 0xd0) = param_12;
006DC050/raw_pointer_offset/b9d3f0bb2ac6/1	006DC050	ST3DSMAPContext::sub_006DC050	6	100	insufficient_independent_evidence	a fixed offset is visible, but no unique owner, complete compatible layout, and independent typed boundary jointly prove a field	0	0	*(int *)(param_1->field_0358 + 0x380) = param_13;
006DC050/raw_pointer_offset/d8953a655333/1	006DC050	ST3DSMAPContext::sub_006DC050	2	86	insufficient_independent_evidence	a fixed offset is visible, but no unique owner, complete compatible layout, and independent typed boundary jointly prove a field	0	0	*(undefined4 *)(param_1->field_0358 + 0x128) = 0;
006DC050/raw_pointer_offset/ecd8a331387e/1	006DC050	ST3DSMAPContext::sub_006DC050	4	88	insufficient_independent_evidence	a fixed offset is visible, but no unique owner, complete compatible layout, and independent typed boundary jointly prove a field	0	0	*(undefined4 *)(param_1->field_0358 + 0x124) = 1;
006DCD60/raw_pointer_offset/13fef6be5a28/1	006DCD60	FUN_006dcd60	1	45	array_or_pointer_walk	indexed or induction-variable addressing proves a walk, but not one fixed member or a unique public element type	0	0	(*(void **)(STField<int>(param_1,0x358) + 8),iVar7 * iVar7 + 0x18);
006DCD60/raw_pointer_offset/17cfb88dd022/1	006DCD60	FUN_006dcd60	6	55	insufficient_independent_evidence	a fixed offset is visible, but no unique owner, complete compatible layout, and independent typed boundary jointly prove a field	0	0	*(int *)(STField<int>(param_1,0x358) + 0x10) + 8;
006DCD60/raw_pointer_offset/4d1d2208bc07/1	006DCD60	FUN_006dcd60	8	103	insufficient_independent_evidence	a fixed offset is visible, but no unique owner, complete compatible layout, and independent typed boundary jointly prove a field	0	0	*(int *)(STField<int>(param_1,0x358) + 0x370) = iVar7;
006DCD60/raw_pointer_offset/5939ea167afa/1	006DCD60	FUN_006dcd60	9	105	insufficient_independent_evidence	a fixed offset is visible, but no unique owner, complete compatible layout, and independent typed boundary jointly prove a field	0	0	*(undefined4 *)(STField<int>(param_1,0x358) + 0x134) = 1;
006DCD60/raw_pointer_offset/6ab5a167432e/1	006DCD60	FUN_006dcd60	7	60	insufficient_independent_evidence	a fixed offset is visible, but no unique owner, complete compatible layout, and independent typed boundary jointly prove a field	0	0	*(int *)(STField<int>(param_1,0x358) + 0x2c) = iVar7;
006DCD60/raw_pointer_offset/8ce1920fd53b/1	006DCD60	FUN_006dcd60	5	54	insufficient_independent_evidence	a fixed offset is visible, but no unique owner, complete compatible layout, and independent typed boundary jointly prove a field	0	0	*(int *)(STField<int>(param_1,0x358) + 0x14) =
006DCD60/raw_pointer_offset/978dd1df279e/1	006DCD60	FUN_006dcd60	2	47	insufficient_independent_evidence	a fixed offset is visible, but no unique owner, complete compatible layout, and independent typed boundary jointly prove a field	0	0	*(undefined4 *)(STField<int>(param_1,0x358) + 0xc) =
006DCD60/raw_pointer_offset/ba714b814ef1/1	006DCD60	FUN_006dcd60	4	53	insufficient_independent_evidence	a fixed offset is visible, but no unique owner, complete compatible layout, and independent typed boundary jointly prove a field	0	0	*(void **)(STField<int>(param_1,0x358) + 0x10) = pvVar8;
006DCD60/raw_pointer_offset/eb3958b50531/1	006DCD60	FUN_006dcd60	3	52	array_or_pointer_walk	indexed or induction-variable addressing proves a walk, but not one fixed member or a unique public element type	0	0	(*(void **)(STField<int>(param_1,0x358) + 0x10),iVar7 * iVar7 + 0x10);
006E1050/raw_pointer_offset/2ca2ca32bf67/1	006E1050	ST3DSMAPContext::sub_006E1050	3	109	insufficient_independent_evidence	a fixed offset is visible, but no unique owner, complete compatible layout, and independent typed boundary jointly prove a field	0	0	*(undefined4 *)(param_1->field_0358 + 0x134) = 0;
006E1050/raw_pointer_offset/736501635aee/1	006E1050	ST3DSMAPContext::sub_006E1050	1	85	insufficient_independent_evidence	a fixed offset is visible, but no unique owner, complete compatible layout, and independent typed boundary jointly prove a field	0	0	*(AnonPointee_ST3DSMAPContext_0280 **)(param_1->field_0358 + 0x280) = param_1->field_0280;
006E1050/raw_pointer_offset/8427a6937502/1	006E1050	ST3DSMAPContext::sub_006E1050	2	100	insufficient_independent_evidence	a fixed offset is visible, but no unique owner, complete compatible layout, and independent typed boundary jointly prove a field	0	0	*(int *)(param_1->field_0358 + 0x378) = iVar6;
006E1460/raw_pointer_offset/474a92d53fb4/1	006E1460	ST3DSMAPContext::sub_006E1460	2	330	insufficient_independent_evidence	a fixed offset is visible, but no unique owner, complete compatible layout, and independent typed boundary jointly prove a field	0	0	this->field_0378 = *(int *)(this->field_0358 + 0x378);
006E1460/raw_pointer_offset/77909cfcc114/1	006E1460	ST3DSMAPContext::sub_006E1460	1	328	insufficient_independent_evidence	a fixed offset is visible, but no unique owner, complete compatible layout, and independent typed boundary jointly prove a field	0	0	this->field_0374 = *(int *)(this->field_0358 + 0x374);
006EA340/raw_pointer_offset/f952c282ebfc/1	006EA340	FUN_006ea340	1	22	array_or_pointer_walk	indexed or induction-variable addressing proves a walk, but not one fixed member or a unique public element type	0	0	if (*(uint *)(iVar2 + param_2 * 0x114 + 0x94) <= param_3) {
006EB350/raw_pointer_offset/365c704bed40/1	006EB350	ST3DSMAPContext::sub_006EB350	1	47	insufficient_independent_evidence	a fixed offset is visible, but no unique owner, complete compatible layout, and independent typed boundary jointly prove a field	0	0	iVar2 = *(int *)(local_18 + 0xc + (int)local_c);
006EB4B0/raw_pointer_offset/1958b1d1f7cf/1	006EB4B0	FUN_006eb4b0	1	17	insufficient_independent_evidence	a fixed offset is visible, but no unique owner, complete compatible layout, and independent typed boundary jointly prove a field	0	0	iVar3 = FUN_006bbe40(*(int **)(iVar1 + 0x44),(uint *)(param_2 + 0x4ea),
006EB540/raw_pointer_offset/b7bc5bc673b0/1	006EB540	FUN_006eb540	1	12	array_or_pointer_walk	indexed or induction-variable addressing proves a walk, but not one fixed member or a unique public element type	0	0	(**(code **)(param_1->entries_0004[0x11]->field_0000 + 0x80))(param_1->entries_0004[0x11],0);
006F31D0/raw_pointer_offset/0ca5b3419eac/1	006F31D0	SubmarineTitans::Recovered::HiddenThis::RecoveredReceiver_006F31D0::sub_006F31D0	2	287	insufficient_independent_evidence	a fixed offset is visible, but no unique owner, complete compatible layout, and independent typed boundary jointly prove a field	0	0	local_58 = *(AnonShape_006F31D0_0BFF23DC **)(local_54 + 0xc);
006F31D0/raw_pointer_offset/c859f61dbf5f/1	006F31D0	SubmarineTitans::Recovered::HiddenThis::RecoveredReceiver_006F31D0::sub_006F31D0	4	970	array_or_pointer_walk	indexed or induction-variable addressing proves a walk, but not one fixed member or a unique public element type	0	0	if (4 < *(int *)(this->field_0330 + local_5c + 0x18)) {
006F31D0/raw_pointer_offset/d24f135fc139/1	006F31D0	SubmarineTitans::Recovered::HiddenThis::RecoveredReceiver_006F31D0::sub_006F31D0	3	903	array_or_pointer_walk	indexed or induction-variable addressing proves a walk, but not one fixed member or a unique public element type	0	0	if (*(int *)(local_24->field_0330 + local_5c + 0x18) <= (int)&local_58->field_0x1)
006F31D0/raw_pointer_offset/f6a89c1c5967/1	006F31D0	SubmarineTitans::Recovered::HiddenThis::RecoveredReceiver_006F31D0::sub_006F31D0	1	204	array_or_pointer_walk	indexed or induction-variable addressing proves a walk, but not one fixed member or a unique public element type	0	0	(local_54 = (ushort *)(this->field_0330 + local_5c), *(int *)(local_54 + 0xc) != 0)) {
00708650/raw_pointer_offset/10b5555d1563/1	00708650	FUN_00708650	3	177	array_or_pointer_walk	indexed or induction-variable addressing proves a walk, but not one fixed member or a unique public element type	0	0	local_7c = *(int *)(iVar4 + param_1[0xcc] + 0x18);
00708650/raw_pointer_offset/10b5555d1563/2	00708650	FUN_00708650	4	209	array_or_pointer_walk	indexed or induction-variable addressing proves a walk, but not one fixed member or a unique public element type	0	0	local_7c = *(int *)(iVar4 + param_1[0xcc] + 0x18);
00708650/raw_pointer_offset/8ec1ce02d254/1	00708650	FUN_00708650	1	52	array_or_pointer_walk	indexed or induction-variable addressing proves a walk, but not one fixed member or a unique public element type	0	0	iVar4 = FUN_006bbe40(*(int **)(param_1[1] + 0x40),(uint *)&DAT_00857004,(int *)&DAT_00857028,
00708650/raw_pointer_offset/c1732e88c331/1	00708650	FUN_00708650	5	254	array_or_pointer_walk	indexed or induction-variable addressing proves a walk, but not one fixed member or a unique public element type	0	0	(**(code **)(**(int **)(param_1[1] + 0x40) + 0x80))(*(int **)(param_1[1] + 0x40),0);
00708650/raw_pointer_offset/c6bc62493aa6/1	00708650	FUN_00708650	2	151	array_or_pointer_walk	indexed or induction-variable addressing proves a walk, but not one fixed member or a unique public element type	0	0	local_78 = ~*(uint *)(iVar7 + *(int *)(param_1[199] + 0xc + puVar3[7] * 0x114) * 0x68)
0070B650/raw_pointer_offset/5aecbb1172da/1	0070B650	FUN_0070b650	1	13	intentional_byte_cursor	the value is traversed as byte storage; semantic element identity is not independently proven	0	0	return *(byte **)((int)param_1 + param_2 * 4 + 0x11);
0070B690/raw_pointer_offset/651bcc80019c/1	0070B690	FUN_0070b690	1	10	packed_unaligned_or_union_view	the exact access is misaligned for its width; preserve the packed/unaligned per-use view until a complete union partition is proven	0	0	return *(undefined4 *)((int)param_1 + param_1[3] * 4 + 0x11);
0070CB20/raw_pointer_offset/c0ca0a58b416/1	0070CB20	FUN_0070cb20	1	50	intentional_byte_cursor	the value is traversed as byte storage; semantic element identity is not independently proven	0	0	bVar1 = *(byte *)(((uint)param_3->field_000E * *(int *)&param_3->field_0x4 + 0x1f >> 3 &
00714C80/raw_pointer_offset/6bfafdd27a46/1	00714C80	FUN_00714c80	1	16	packed_unaligned_or_union_view	the exact access is misaligned for its width; preserve the packed/unaligned per-use view until a complete union partition is proven	0	0	uVar1 = *(undefined4 *)(*param_1 + 0x72);
00728DA0/raw_pointer_offset/20ec6c147400/1	00728DA0	FUN_00728da0	7	449	array_or_pointer_walk	indexed or induction-variable addressing proves a walk, but not one fixed member or a unique public element type	0	0	DAT_0085710c = *(uint *)(&stack0xffffff40 + local_94 * 8 + param_4 * -0x10);
00728DA0/raw_pointer_offset/51e207b6dad3/1	00728DA0	FUN_00728da0	3	339	array_or_pointer_walk	indexed or induction-variable addressing proves a walk, but not one fixed member or a unique public element type	0	0	*(int *)(&stack0xffffff40 + local_94 * 8 + param_4 * -0x10) = iVar14;
00728DA0/raw_pointer_offset/b4e3e2c2e4c9/1	00728DA0	FUN_00728da0	1	315	array_or_pointer_walk	indexed or induction-variable addressing proves a walk, but not one fixed member or a unique public element type	0	0	puVar8 = *(undefined4 **)(&stack0xffffff44 + local_94 * 8 + param_4 * -0x10);
00728DA0/raw_pointer_offset/b4e3e2c2e4c9/2	00728DA0	FUN_00728da0	4	343	array_or_pointer_walk	indexed or induction-variable addressing proves a walk, but not one fixed member or a unique public element type	0	0	puVar8 = *(undefined4 **)(&stack0xffffff44 + local_94 * 8 + param_4 * -0x10);
00728DA0/raw_pointer_offset/b4e3e2c2e4c9/3	00728DA0	FUN_00728da0	6	368	array_or_pointer_walk	indexed or induction-variable addressing proves a walk, but not one fixed member or a unique public element type	0	0	puVar8 = *(undefined4 **)(&stack0xffffff44 + local_94 * 8 + param_4 * -0x10);
00728DA0/raw_pointer_offset/b4e3e2c2e4c9/4	00728DA0	FUN_00728da0	8	451	array_or_pointer_walk	indexed or induction-variable addressing proves a walk, but not one fixed member or a unique public element type	0	0	puVar8 = *(undefined4 **)(&stack0xffffff44 + local_94 * 8 + param_4 * -0x10);
00728DA0/raw_pointer_offset/d4cb33a7ddec/1	00728DA0	FUN_00728da0	2	322	intentional_byte_cursor	the value is traversed as byte storage; semantic element identity is not independently proven	0	0	*(undefined1 **)(&stack0xffffff44 + local_94 * 8 + param_4 * -0x10) = puVar13 + iVar14;
00728DA0/raw_pointer_offset/d4cb33a7ddec/2	00728DA0	FUN_00728da0	5	350	intentional_byte_cursor	the value is traversed as byte storage; semantic element identity is not independently proven	0	0	*(undefined1 **)(&stack0xffffff44 + local_94 * 8 + param_4 * -0x10) = puVar13 + iVar14;
007295F0/raw_pointer_offset/4127cea6c8dd/1	007295F0	FUN_007295f0	1	80	array_or_pointer_walk	indexed or induction-variable addressing proves a walk, but not one fixed member or a unique public element type	0	0	(**(code **)(param_1->entries_0004[0x10]->field_0000 + 0x80))(param_1->entries_0004[0x10],0);
00751B10/raw_pointer_offset/1c22cfd23f96/1	00751B10	FUN_00751b10	1	10	array_or_pointer_walk	indexed or induction-variable addressing proves a walk, but not one fixed member or a unique public element type	0	0	uVar1 = *(uint *)(param_1[1] + 0x34);
00751B10/raw_pointer_offset/6df39e9f2cca/1	00751B10	FUN_00751b10	3	14	insufficient_independent_evidence	a fixed offset is visible, but no unique owner, complete compatible layout, and independent typed boundary jointly prove a field	0	0	uVar1 = *(uint *)(*(int *)(*param_1 + 8) + 0x34);
00751B10/raw_pointer_offset/b5bfe9859614/1	00751B10	FUN_00751b10	4	17	array_or_pointer_walk	indexed or induction-variable addressing proves a walk, but not one fixed member or a unique public element type	0	0	(*(int *)(*(int *)(*param_1 + 8) + 0x38) + uVar1 <= param_2)) {
00751B10/raw_pointer_offset/f867dd763231/1	00751B10	FUN_00751b10	2	12	array_or_pointer_walk	indexed or induction-variable addressing proves a walk, but not one fixed member or a unique public element type	0	0	if (((uVar1 == 0) || (param_2 < uVar1)) || (*(int *)(param_1[1] + 0x38) + uVar1 <= param_2)) {
007543F0/raw_pointer_offset/19c345c8291e/1	007543F0	FUN_007543f0	1	24	insufficient_independent_evidence	a fixed offset is visible, but no unique owner, complete compatible layout, and independent typed boundary jointly prove a field	0	0	*(AnonNested_AnonShape_007543F0_E9DD5DAA_000C_D54F7079 **)(param_1->field_0008 + 0x50);
00755560/raw_pointer_offset/9102ec854ad1/1	00755560	FUN_00755560	1	90	array_or_pointer_walk	indexed or induction-variable addressing proves a walk, but not one fixed member or a unique public element type	0	0	(*(int *)(&pAVar4[1].field_0xe + (int)pAVar4->field_001C * 8) + 0x18 +
00755BC0/raw_pointer_offset/6b4291ebe517/1	00755BC0	FUN_00755bc0	1	58	intentional_byte_cursor	the value is traversed as byte storage; semantic element identity is not independently proven	0	0	puVar10 = (byte *)(*(int *)&pAVar3[1].field_0x4 + *(int *)(param_1->field_0008 + 0x34));
00755BC0/raw_pointer_offset/966be95eba26/1	00755BC0	FUN_00755bc0	3	78	insufficient_independent_evidence	a fixed offset is visible, but no unique owner, complete compatible layout, and independent typed boundary jointly prove a field	0	0	if (*(short *)(param_1->field_0008 + 0x16) + -0x10 >> 1 <= (int)pRVar7->field_0008) {
00755BC0/raw_pointer_offset/b1addc4560da/1	00755BC0	FUN_00755bc0	2	64	insufficient_independent_evidence	a fixed offset is visible, but no unique owner, complete compatible layout, and independent typed boundary jointly prove a field	0	0	uVar9 = (uint)*(short *)(param_1->field_0008 + 0x16);
00755E10/raw_pointer_offset/5bdca43d717f/1	00755E10	FUN_00755e10	1	53	array_or_pointer_walk	indexed or induction-variable addressing proves a walk, but not one fixed member or a unique public element type	0	0	(*(int *)(&pAVar1[2].field_0x4 + (int)pAVar1->field_001C * 8) + 0x10 + iVar4_mg1);
00755E10/raw_pointer_offset/5bdca43d717f/2	00755E10	FUN_00755e10	3	132	array_or_pointer_walk	indexed or induction-variable addressing proves a walk, but not one fixed member or a unique public element type	0	0	(*(int *)(&pAVar1[2].field_0x4 + (int)pAVar1->field_001C * 8) + 0x10 + iVar4_mg1);
00755E10/raw_pointer_offset/899d42d70b40/1	00755E10	FUN_00755e10	2	111	array_or_pointer_walk	indexed or induction-variable addressing proves a walk, but not one fixed member or a unique public element type	0	0	(*(int *)(&pAVar1[2].field_0x4 + (int)pAVar1->field_001C * 8) + 0x18 +
00757280/raw_pointer_offset/1073c9d4896d/1	00757280	FUN_00757280	4	18	array_or_pointer_walk	indexed or induction-variable addressing proves a walk, but not one fixed member or a unique public element type	0	0	*(code **)(param_1[4] + 0x18) = Library::DKW::JPG::FUN_00757350;
00757280/raw_pointer_offset/25175088b8e0/1	00757280	FUN_00757280	1	15	array_or_pointer_walk	indexed or induction-variable addressing proves a walk, but not one fixed member or a unique public element type	0	0	*(code **)(param_1[4] + 0xc) = Library::DKW::JPG::FUN_00757300;
00757280/raw_pointer_offset/a56192ecf09d/1	00757280	FUN_00757280	3	17	array_or_pointer_walk	indexed or induction-variable addressing proves a walk, but not one fixed member or a unique public element type	0	0	*(code **)(param_1[4] + 0x14) = Library::DKW::JPG::FUN_00757cd0;
00757280/raw_pointer_offset/ec45db0403c1/1	00757280	FUN_00757280	2	16	array_or_pointer_walk	indexed or induction-variable addressing proves a walk, but not one fixed member or a unique public element type	0	0	*(code **)(param_1[4] + 0x10) = Library::DKW::JPG::FUN_00757330;
00757D90/raw_pointer_offset/60a369b5eab6/1	00757D90	FUN_00757d90	2	77	insufficient_independent_evidence	a fixed offset is visible, but no unique owner, complete compatible layout, and independent typed boundary jointly prove a field	0	0	*(undefined4 *)(param_1->field_01A6 + 0x5c) = 0;
00757D90/raw_pointer_offset/a02f2391a299/1	00757D90	FUN_00757d90	1	76	insufficient_independent_evidence	a fixed offset is visible, but no unique owner, complete compatible layout, and independent typed boundary jointly prove a field	0	0	if (*(int *)(param_1->field_01A6 + 0x5c) != 0) {
00759DD0/raw_pointer_offset/081b1e796a35/1	00759DD0	FUN_00759dd0	1	9	insufficient_independent_evidence	a fixed offset is visible, but no unique owner, complete compatible layout, and independent typed boundary jointly prove a field	0	0	(**(code **)(*param_1 + 0x24))(param_1,1);
00759E00/raw_pointer_offset/2174dfecb059/1	00759E00	FUN_00759e00	1	10	insufficient_independent_evidence	a fixed offset is visible, but no unique owner, complete compatible layout, and independent typed boundary jointly prove a field	0	0	(**(code **)(*param_1 + 0x28))(param_1);
0075A7A0/raw_pointer_offset/2400f210625e/1	0075A7A0	FUN_0075a7a0	2	19	insufficient_independent_evidence	a fixed offset is visible, but no unique owner, complete compatible layout, and independent typed boundary jointly prove a field	0	0	uVar2 = *(undefined4 *)(param_1->field_013A + 0x48);
0075A7A0/raw_pointer_offset/75e56e2ac875/1	0075A7A0	FUN_0075a7a0	1	13	insufficient_independent_evidence	a fixed offset is visible, but no unique owner, complete compatible layout, and independent typed boundary jointly prove a field	0	0	*(undefined4 *)(iVar1 + 0x1c) = *(undefined4 *)(param_1->field_013A + 0xc);
0075B720/raw_pointer_offset/69a9b14be167/1	0075B720	FUN_0075b720	3	34	array_or_pointer_walk	indexed or induction-variable addressing proves a walk, but not one fixed member or a unique public element type	0	0	iVar1 = (*(undefined4 **)(param_1[5] + 0x10))[1];
0075B720/raw_pointer_offset/69a9b14be167/2	0075B720	FUN_0075b720	6	51	array_or_pointer_walk	indexed or induction-variable addressing proves a walk, but not one fixed member or a unique public element type	0	0	iVar1 = (*(undefined4 **)(param_1[5] + 0x10))[1];
0075B720/raw_pointer_offset/b42c0a83e9dc/1	0075B720	FUN_0075b720	2	32	intentional_byte_cursor	the value is traversed as byte storage; semantic element identity is not independently proven	0	0	pbVar2 = (byte *)**(undefined4 **)(param_1[5] + 0x10);
0075B720/raw_pointer_offset/b42c0a83e9dc/2	0075B720	FUN_0075b720	5	49	intentional_byte_cursor	the value is traversed as byte storage; semantic element identity is not independently proven	0	0	pbVar2 = (byte *)**(undefined4 **)(param_1[5] + 0x10);
0075B720/raw_pointer_offset/bb30d0edde5e/1	0075B720	FUN_0075b720	1	27	array_or_pointer_walk	indexed or induction-variable addressing proves a walk, but not one fixed member or a unique public element type	0	0	iVar1 = (**(code **)(*(int *)(param_1[5] + 0x10) + 0xc))(param_1[5]);
0075B720/raw_pointer_offset/bb30d0edde5e/2	0075B720	FUN_0075b720	4	44	array_or_pointer_walk	indexed or induction-variable addressing proves a walk, but not one fixed member or a unique public element type	0	0	iVar1 = (**(code **)(*(int *)(param_1[5] + 0x10) + 0xc))(param_1[5]);
0075B800/raw_pointer_offset/02aa3a260a12/1	0075B800	FUN_0075b800	1	58	packed_unaligned_or_union_view	the exact access is misaligned for its width; preserve the packed/unaligned per-use view until a complete union partition is proven	0	0	*(int *)(&param_4->field_0x0 + param_5 * 4)) + param_4->field_00D0 + 0x11 +
0075E890/raw_pointer_offset/e5b16166b0ef/1	0075E890	FUN_0075e890	1	22	insufficient_independent_evidence	a fixed offset is visible, but no unique owner, complete compatible layout, and independent typed boundary jointly prove a field	0	0	local_8 = *(int *)(param_1->field_01BA + 0x18);
0075EFE0/raw_pointer_offset/a8f51e6d59d3/1	0075EFE0	FUN_0075efe0	1	28	insufficient_independent_evidence	a fixed offset is visible, but no unique owner, complete compatible layout, and independent typed boundary jointly prove a field	0	0	iVar5 = *(int *)(param_1->field_01BA + 0x18);
0075F590/raw_pointer_offset/dc9a8ca6053c/1	0075F590	FUN_0075f590	1	37	array_or_pointer_walk	indexed or induction-variable addressing proves a walk, but not one fixed member or a unique public element type	0	0	auto param_2_after_write = (int *)(*(int *)(param_1->field_01BA + 0x18) + iVar7 * 4); /* compiler stack-slot lifetime split */
007603B0/raw_pointer_offset/2cd7adce4723/1	007603B0	FUN_007603b0	1	144	intentional_byte_cursor	the value is traversed as byte storage; semantic element identity is not independently proven	0	0	puVar5[1] = *(undefined1 *)((local_24 + 0x20000 + local_8 >> 0x12 & 0x3ffU) + local_2c);
007603B0/raw_pointer_offset/74f74fa082b8/1	007603B0	FUN_007603b0	4	150	intentional_byte_cursor	the value is traversed as byte storage; semantic element identity is not independently proven	0	0	puVar5[5] = *(undefined1 *)(((local_20 - iVar3) + 0x20000 >> 0x12 & 0x3ffU) + local_2c);
007603B0/raw_pointer_offset/7af0703ac097/1	007603B0	FUN_007603b0	2	146	intentional_byte_cursor	the value is traversed as byte storage; semantic element identity is not independently proven	0	0	puVar5[6] = *(undefined1 *)(((local_24 - local_8) + 0x20000 >> 0x12 & 0x3ffU) + local_2c);
007603B0/raw_pointer_offset/8be1c8349f3a/1	007603B0	FUN_007603b0	5	153	intentional_byte_cursor	the value is traversed as byte storage; semantic element identity is not independently proven	0	0	puVar5[4] = *(undefined1 *)(((iVar9 - local_28) + 0x20000 >> 0x12 & 0x3ffU) + local_2c);
007603B0/raw_pointer_offset/e8606702dbb6/1	007603B0	FUN_007603b0	3	148	intentional_byte_cursor	the value is traversed as byte storage; semantic element identity is not independently proven	0	0	puVar5[2] = *(undefined1 *)((local_20 + 0x20000 + iVar3 >> 0x12 & 0x3ffU) + local_2c);
00760970/raw_pointer_offset/d4a18f0c8735/1	00760970	FUN_00760970	1	41	packed_unaligned_or_union_view	the exact access is misaligned for its width; preserve the packed/unaligned per-use view until a complete union partition is proven	0	0	iVar10 = *(int *)(param_1 + 0x132) + 0x80;
00760DF0/raw_pointer_offset/c57e61829c7c/1	00760DF0	FUN_00760df0	1	38	packed_unaligned_or_union_view	the exact access is misaligned for its width; preserve the packed/unaligned per-use view until a complete union partition is proven	0	0	iVar8 = *(int *)(param_1 + 0x132) + 0x80;
007611C0/raw_pointer_offset/90bbcf9f63ee/1	007611C0	FUN_007611c0	1	31	packed_unaligned_or_union_view	the exact access is misaligned for its width; preserve the packed/unaligned per-use view until a complete union partition is proven	0	0	local_14 = *(int *)(param_1 + 0x132) + 0x80;
00761550/raw_pointer_offset/1c5fa03e440f/1	00761550	FUN_00761550	2	29	array_or_pointer_walk	indexed or induction-variable addressing proves a walk, but not one fixed member or a unique public element type	0	0	iVar2 = *(int *)((param_3 - (int)local_4c) + (int)piVar7) * piVar6[-0x18] * 4;
00761550/raw_pointer_offset/c04a423aadf7/1	00761550	FUN_00761550	1	22	insufficient_independent_evidence	a fixed offset is visible, but no unique owner, complete compatible layout, and independent typed boundary jointly prove a field	0	0	piVar6 = (int *)(*(int *)(param_2 + 0x50) + 0x60);
00761550/raw_pointer_offset/d12aab8454e5/1	00761550	FUN_00761550	3	34	array_or_pointer_walk	indexed or induction-variable addressing proves a walk, but not one fixed member or a unique public element type	0	0	iVar2 = *(int *)((param_3 - (int)local_4c) + (int)piVar7) * piVar6[-0x18] * 0x8000;
