apply	function_address	expected_function	expected_signature	target_address	expected_target	expected_target_signature	stack_offset	length	element_type	element_width	element_count	proposed_name	expected_overlaps	call_sites	consumer_sites	reason	evidence
0	0040D540	FUN_0040d540	int __stdcall FUN_0040d540(AnonShape_0040D540_1BB7A4CF * param_1, uint param_2)	0040CE20	FUN_0040ce20	int __stdcall FUN_0040ce20(AnonShape_0040D540_1BB7A4CF * param_1, RecoveredRecordView_0040CE20_65C5764C * param_2, int * param_3, int * param_4, int * param_5, uint * param_6)	-72	72	/uint	4	18	output_values_neg_48	Stack[-0x10]:4:local_10:/undefined4:DEFAULT: | Stack[-0x14]:4:local_14:/undefined4:DEFAULT: | Stack[-0x18]:4:local_18:/undefined4:DEFAULT: | Stack[-0x1c]:4:local_1c:/undefined4:DEFAULT: | Stack[-0x20]:4:local_20:/undefined4:DEFAULT: | Stack[-0x24]:4:local_24:/undefined4:DEFAULT: | Stack[-0x28]:4:local_28:/undefined4:DEFAULT: | Stack[-0x2c]:4:local_2c:/undefined4:DEFAULT: | Stack[-0x30]:4:local_30:/undefined4:DEFAULT: | Stack[-0x34]:4:local_34:/undefined4:DEFAULT: | Stack[-0x38]:4:local_38:/undefined4:DEFAULT: | Stack[-0x3c]:4:local_3c:/undefined4:DEFAULT: | Stack[-0x40]:4:local_40:/undefined4:DEFAULT: | Stack[-0x44]:4:local_44:/undefined4:DEFAULT: | Stack[-0x48]:4:local_48:/undefined4:DEFAULT: | Stack[-0x8]:4:local_8:/undefined4:DEFAULT: | Stack[-0xc]:4:local_c:/undefined4:DEFAULT:	0040DD1B@0040DD0C<-0040DD06		needs_two_exact_output_calls	last explicit scalar-pointer parameter; exact EBP-rooted argument; callee return is tested and drives a width-4 pointer walk;
0	0040D540	FUN_0040d540	int __stdcall FUN_0040d540(AnonShape_0040D540_1BB7A4CF * param_1, uint param_2)	0040CE20	FUN_0040ce20	int __stdcall FUN_0040ce20(AnonShape_0040D540_1BB7A4CF * param_1, RecoveredRecordView_0040CE20_65C5764C * param_2, int * param_3, int * param_4, int * param_5, uint * param_6)	-32	32	/uint	4	8	output_values_neg_20	Stack[-0x10]:4:local_10:/undefined4:DEFAULT: | Stack[-0x14]:4:local_14:/undefined4:DEFAULT: | Stack[-0x18]:4:local_18:/undefined4:DEFAULT: | Stack[-0x1c]:4:local_1c:/undefined4:DEFAULT: | Stack[-0x20]:4:local_20:/undefined4:DEFAULT: | Stack[-0x8]:4:local_8:/undefined4:DEFAULT: | Stack[-0xc]:4:local_c:/undefined4:DEFAULT:	0040DDCB@0040DDBC<-0040DDB6		needs_two_exact_output_calls	last explicit scalar-pointer parameter; exact EBP-rooted argument; callee return is tested and drives a width-4 pointer walk;
0	00416400	FUN_00416400	int __fastcall FUN_00416400(STJellyGunC * param_1)	00415ED0	STJellyGunC::sub_00415ED0	int __thiscall sub_00415ED0(undefined4 * param_1, int * param_2)	-44	4	/int	4	1	output_values_neg_2C	Stack[-0x2c]:1:local_2c:/undefined:DEFAULT:	00416460@0041645C<-00416456		needs_two_exact_output_calls	last explicit scalar-pointer parameter; exact EBP-rooted argument; callee return is tested and drives a width-4 pointer walk;
0	0041C710	FUN_0041c710	int __fastcall FUN_0041c710(RecoveredRecordView_0041C710_A35B7121 * param_1)	00558C00	VisibleClassTy::sub_00558C00	undefined4 __thiscall sub_00558C00(VisibleClassTy_sub_00558C00_param_1Enum param_1, int param_2, int param_3, int * param_4, int * param_5)	-12	12	/int	4	3	output_values_neg_C	Stack[-0x8]:4:local_8:/undefined4:DEFAULT: | Stack[-0xc]:4:local_c:/undefined4:DEFAULT:	0041C76E@0041C75D<-0041C757		needs_two_exact_output_calls	last explicit scalar-pointer parameter; exact EBP-rooted argument; callee return is tested and drives a width-4 pointer walk;
0	0041C710	FUN_0041c710	int __fastcall FUN_0041c710(RecoveredRecordView_0041C710_A35B7121 * param_1)	00558C00	VisibleClassTy::sub_00558C00	undefined4 __thiscall sub_00558C00(VisibleClassTy_sub_00558C00_param_1Enum param_1, int param_2, int param_3, int * param_4, int * param_5)	-8	8	/int	4	2	output_values_neg_8	Stack[-0x8]:4:local_8:/undefined4:DEFAULT:	0041C815@0041C804<-0041C7FE|0041C8A2@0041C890<-0041C88A|0041C92F@0041C91D<-0041C917|0041C9BD@0041C9AA<-0041C9A4		needs_two_count_driven_consumers	last explicit scalar-pointer parameter; exact EBP-rooted argument; callee return is tested and drives a width-4 pointer walk;
0	00428E50	FUN_00428e50	undefined __cdecl FUN_00428e50(RecoveredRecord_00428E50_9DEE1150 * param_1)	00428B20	FUN_00428b20	int __cdecl FUN_00428b20(int * param_1, uint param_2, uint param_3, uint * param_4)	-264	16	/uint	4	4	output_values_neg_108	Stack[-0x108]:1:local_108:/undefined:DEFAULT:	0042936B@00429364<-00429350		needs_two_exact_output_calls	last explicit scalar-pointer parameter; exact EBP-rooted argument; callee return is tested and drives a width-4 pointer walk;
0	0042ABE0	STAllPlayersC::GetGObjFromZone2	void __thiscall GetGObjFromZone2(char param_1, int param_2, int param_3, int param_4, int param_5, int * param_6, int * param_7, int * param_8, int * param_9, int * param_10, int * param_11, int * param_12, int * param_13, int * param_14, int * param_15, int * param_16, int * param_17)	006EAD90	Library::Ourlib::ST3DSPR::FUN_006ead90	int __thiscall FUN_006ead90(int param_1, int param_2, int param_3, int param_4, undefined4 * param_5, int * param_6)	-8	8	/int	4	2	output_values_neg_8	Stack[-0x8]:4:local_8:/undefined4:DEFAULT:	0042ADF4@0042ADDF<-0042ADD9		needs_two_exact_output_calls	last explicit scalar-pointer parameter; exact EBP-rooted argument; callee return is tested and drives a width-4 pointer walk;
0	00436F20	STAllPlayersC::CmdToPlsObj	void __thiscall CmdToPlsObj(void * command)	004E9960	FUN_004e9960	undefined4 __thiscall FUN_004e9960(undefined4 * param_1, undefined4 * param_2, undefined4 * param_3)	-78	0	/undefined4	4	0	output_values_neg_4E		00438455@0043844D<-00438447		needs_two_exact_output_calls	last explicit scalar-pointer parameter; exact EBP-rooted argument; callee return is tested and drives a width-4 pointer walk;
0	00436F20	STAllPlayersC::CmdToPlsObj	void __thiscall CmdToPlsObj(void * command)	006E62D0	STPlaySystemC::sub_006E62D0	int __thiscall sub_006E62D0(RecoveredRecordView_005EFAE0_855D930D * param_1, int * param_2)	-64	12	/int	4	3	output_values_neg_40	Stack[-0x38]:4:local_38:/undefined4:DEFAULT: | Stack[-0x3c]:4:local_3c:/undefined4:DEFAULT: | Stack[-0x40]:4:local_40:/undefined4:DEFAULT:	00437BA3@00437B99<-00437B8E		needs_two_exact_output_calls	last explicit scalar-pointer parameter; exact EBP-rooted argument; callee return is tested and drives a width-4 pointer walk;
0	00436F20	STAllPlayersC::CmdToPlsObj	void __thiscall CmdToPlsObj(void * command)	0042B7D0	STAllPlayersC::AddObjsToGroup	undefined4 __thiscall AddObjsToGroup(char param_1, ushort param_2, DArrayTy * groupContent, undefined2 * param_4)	-28	16	/undefined2	2	8	output_values_neg_1C	Stack[-0x16]:2:local_16:/undefined2:DEFAULT: | Stack[-0x17]:1:local_17:/undefined1:DEFAULT: | Stack[-0x18]:1:local_18:/undefined1:DEFAULT: | Stack[-0x1c]:4:local_1c:/undefined4:DEFAULT:	00437512@00437507<-00437504|0043756E@00437563<-00437560		needs_two_count_driven_consumers	last explicit scalar-pointer parameter; exact EBP-rooted argument; callee return is tested and drives a width-2 pointer walk;
0	00436F20	STAllPlayersC::CmdToPlsObj	void __thiscall CmdToPlsObj(void * command)	006E62D0	STPlaySystemC::sub_006E62D0	int __thiscall sub_006E62D0(RecoveredRecordView_005EFAE0_855D930D * param_1, int * param_2)	-8	0	/int	4	0	output_values_neg_8		004377D8@004377D0<-004377CD|004378D8@004378D6<-004378D3|00438116@00438114<-00438111		needs_two_count_driven_consumers	last explicit scalar-pointer parameter; exact EBP-rooted argument; callee return is tested and drives a width-4 pointer walk;
0	00439100	STAllPlayersC::RestoreTmp	undefined __thiscall RestoreTmp(int param_1)	0043AAF0	STAllPlayersC::GetCamPoint	undefined4 __stdcall GetCamPoint(short param_1, uint param_2, DArrayTy * param_3, uint param_4, int * param_5, int * param_6, int * param_7, uint * param_8)	-28	16	/uint	4	4	output_values_neg_1C	Stack[-0x10]:4:local_10:/undefined4:DEFAULT: | Stack[-0x14]:4:local_14:/undefined4:DEFAULT: | Stack[-0x18]:4:local_18:/undefined4:DEFAULT: | Stack[-0x1c]:4:local_1c:/undefined4:DEFAULT:	0043A4AB@0043A48C<-0043A486		needs_two_exact_output_calls	last explicit scalar-pointer parameter; exact EBP-rooted argument; callee return is tested and drives a width-4 pointer walk;
0	0044C720	STAllPlayersC::GetScrObjList	ushort * __thiscall GetScrObjList(int param_1, int param_2, int param_3, int param_4, int param_5, int * param_6)	006EAD90	Library::Ourlib::ST3DSPR::FUN_006ead90	int __thiscall FUN_006ead90(int param_1, int param_2, int param_3, int param_4, undefined4 * param_5, int * param_6)	-8	8	/int	4	2	output_values_neg_8	Stack[-0x8]:4:local_8:/undefined4:DEFAULT:	0044C794@0044C77F<-0044C779|0044C8B4@0044C89F<-0044C899		needs_two_count_driven_consumers	last explicit scalar-pointer parameter; exact EBP-rooted argument; callee return is tested and drives a width-4 pointer walk;
0	0044EE30	STBoatC::GetMessage	int __thiscall GetMessage(STMessage * message)	006E5810	SystemClassTy::PostMessage	int __thiscall PostMessage(undefined4 * param_1)	-156	8	/undefined4	4	2	output_values_neg_9C	Stack[-0x9c]:1:local_9c:/undefined:DEFAULT:	00451125@00451124<-00451118|0045ADAA@0045ADA9<-0045AD9D		needs_two_count_driven_consumers	last explicit scalar-pointer parameter; exact EBP-rooted argument; callee return is tested and drives a width-4 pointer walk;
0	0044EE30	STBoatC::GetMessage	int __thiscall GetMessage(STMessage * message)	0042B7D0	STAllPlayersC::AddObjsToGroup	undefined4 __thiscall AddObjsToGroup(char param_1, ushort param_2, DArrayTy * groupContent, undefined2 * param_4)	-96	56	/undefined2	2	28	output_values_neg_60	Stack[-0x2c]:4:local_2c:/undefined4:DEFAULT: | Stack[-0x30]:4:local_30:/undefined4:DEFAULT: | Stack[-0x34]:4:local_34:/undefined4:DEFAULT: | Stack[-0x38]:4:local_38:/undefined4:DEFAULT: | Stack[-0x3c]:4:local_3c:/undefined4:DEFAULT: | Stack[-0x40]:4:local_40:/undefined4:DEFAULT: | Stack[-0x44]:4:local_44:/undefined4:DEFAULT: | Stack[-0x46]:2:local_46:/undefined2:DEFAULT: | Stack[-0x48]:2:local_48:/undefined2:DEFAULT: | Stack[-0x4c]:4:local_4c:/undefined4:DEFAULT: | Stack[-0x50]:4:local_50:/undefined4:DEFAULT: | Stack[-0x54]:4:local_54:/undefined4:DEFAULT: | Stack[-0x58]:4:local_58:/undefined4:DEFAULT: | Stack[-0x5c]:4:local_5c:/undefined4:DEFAULT: | Stack[-0x60]:4:local_60:/undefined4:DEFAULT:	00450662@00450654<-00450651		needs_two_exact_output_calls	last explicit scalar-pointer parameter; exact EBP-rooted argument; callee return is tested and drives a width-2 pointer walk;
0	0044EE30	STBoatC::GetMessage	int __thiscall GetMessage(STMessage * message)	006E62D0	STPlaySystemC::sub_006E62D0	int __thiscall sub_006E62D0(RecoveredRecordView_005EFAE0_855D930D * param_1, int * param_2)	-88	48	/int	4	12	output_values_neg_58	Stack[-0x2c]:4:local_2c:/undefined4:DEFAULT: | Stack[-0x30]:4:local_30:/undefined4:DEFAULT: | Stack[-0x34]:4:local_34:/undefined4:DEFAULT: | Stack[-0x38]:4:local_38:/undefined4:DEFAULT: | Stack[-0x3c]:4:local_3c:/undefined4:DEFAULT: | Stack[-0x40]:4:local_40:/undefined4:DEFAULT: | Stack[-0x44]:4:local_44:/undefined4:DEFAULT: | Stack[-0x46]:2:local_46:/undefined2:DEFAULT: | Stack[-0x48]:2:local_48:/undefined2:DEFAULT: | Stack[-0x4c]:4:local_4c:/undefined4:DEFAULT: | Stack[-0x50]:4:local_50:/undefined4:DEFAULT: | Stack[-0x54]:4:local_54:/undefined4:DEFAULT: | Stack[-0x58]:4:local_58:/undefined4:DEFAULT:	0045A2F9@0045A2F1<-0045A2EE		needs_two_exact_output_calls	last explicit scalar-pointer parameter; exact EBP-rooted argument; callee return is tested and drives a width-4 pointer walk;
0	0044EE30	STBoatC::GetMessage	int __thiscall GetMessage(STMessage * message)	0042B7D0	STAllPlayersC::AddObjsToGroup	undefined4 __thiscall AddObjsToGroup(char param_1, ushort param_2, DArrayTy * groupContent, undefined2 * param_4)	-80	40	/undefined2	2	20	output_values_neg_50	Stack[-0x2c]:4:local_2c:/undefined4:DEFAULT: | Stack[-0x30]:4:local_30:/undefined4:DEFAULT: | Stack[-0x34]:4:local_34:/undefined4:DEFAULT: | Stack[-0x38]:4:local_38:/undefined4:DEFAULT: | Stack[-0x3c]:4:local_3c:/undefined4:DEFAULT: | Stack[-0x40]:4:local_40:/undefined4:DEFAULT: | Stack[-0x44]:4:local_44:/undefined4:DEFAULT: | Stack[-0x46]:2:local_46:/undefined2:DEFAULT: | Stack[-0x48]:2:local_48:/undefined2:DEFAULT: | Stack[-0x4c]:4:local_4c:/undefined4:DEFAULT: | Stack[-0x50]:4:local_50:/undefined4:DEFAULT:	004505CF@004505C1<-004505BE		needs_two_exact_output_calls	last explicit scalar-pointer parameter; exact EBP-rooted argument; callee return is tested and drives a width-2 pointer walk;
0	0044EE30	STBoatC::GetMessage	int __thiscall GetMessage(STMessage * message)	006E62D0	STPlaySystemC::sub_006E62D0	int __thiscall sub_006E62D0(RecoveredRecordView_005EFAE0_855D930D * param_1, int * param_2)	-76	36	/int	4	9	output_values_neg_4C	Stack[-0x2c]:4:local_2c:/undefined4:DEFAULT: | Stack[-0x30]:4:local_30:/undefined4:DEFAULT: | Stack[-0x34]:4:local_34:/undefined4:DEFAULT: | Stack[-0x38]:4:local_38:/undefined4:DEFAULT: | Stack[-0x3c]:4:local_3c:/undefined4:DEFAULT: | Stack[-0x40]:4:local_40:/undefined4:DEFAULT: | Stack[-0x44]:4:local_44:/undefined4:DEFAULT: | Stack[-0x46]:2:local_46:/undefined2:DEFAULT: | Stack[-0x48]:2:local_48:/undefined2:DEFAULT: | Stack[-0x4c]:4:local_4c:/undefined4:DEFAULT:	0045A93E@0045A936<-0045A933		needs_two_exact_output_calls	last explicit scalar-pointer parameter; exact EBP-rooted argument; callee return is tested and drives a width-4 pointer walk;
0	0044EE30	STBoatC::GetMessage	int __thiscall GetMessage(STMessage * message)	006E62D0	STPlaySystemC::sub_006E62D0	int __thiscall sub_006E62D0(RecoveredRecordView_005EFAE0_855D930D * param_1, int * param_2)	-48	8	/int	4	2	output_values_neg_30	Stack[-0x2c]:4:local_2c:/undefined4:DEFAULT: | Stack[-0x30]:4:local_30:/undefined4:DEFAULT:	00450298@00450290<-0045028D|00450327@0045031F<-0045031C		needs_two_count_driven_consumers	last explicit scalar-pointer parameter; exact EBP-rooted argument; callee return is tested and drives a width-4 pointer walk;
0	0044EE30	STBoatC::GetMessage	int __thiscall GetMessage(STMessage * message)	006E62D0	STPlaySystemC::sub_006E62D0	int __thiscall sub_006E62D0(RecoveredRecordView_005EFAE0_855D930D * param_1, int * param_2)	-40	0	/int	4	0	output_values_neg_28		0045A438@0045A430<-0045A42D|0045A487@0045A485<-0045A482		needs_two_count_driven_consumers	last explicit scalar-pointer parameter; exact EBP-rooted argument; callee return is tested and drives a width-4 pointer walk;
0	0044EE30	STBoatC::GetMessage	int __thiscall GetMessage(STMessage * message)	006E62D0	STPlaySystemC::sub_006E62D0	int __thiscall sub_006E62D0(RecoveredRecordView_005EFAE0_855D930D * param_1, int * param_2)	-36	0	/int	4	0	output_values_neg_24		0045AB9F@0045AB97<-0045AB94|0045ABEE@0045ABE6<-0045ABE3		needs_two_count_driven_consumers	last explicit scalar-pointer parameter; exact EBP-rooted argument; callee return is tested and drives a width-4 pointer walk;
0	0044EE30	STBoatC::GetMessage	int __thiscall GetMessage(STMessage * message)	006E62D0	STPlaySystemC::sub_006E62D0	int __thiscall sub_006E62D0(RecoveredRecordView_005EFAE0_855D930D * param_1, int * param_2)	-16	0	/int	4	0	output_values_neg_10		0045A9E6@0045A9DE<-0045A9DB		needs_two_exact_output_calls	last explicit scalar-pointer parameter; exact EBP-rooted argument; callee return is tested and drives a width-4 pointer walk;
0	004603B0	FUN_004603b0	int __thiscall FUN_004603b0(STTorpC * param_1)	00645020	STTorpC::IsDangerous	int __thiscall IsDangerous(int param_1, uint * param_2)	-8	8	/uint	4	2	output_values_neg_8	Stack[-0x8]:4:local_8:/undefined4:DEFAULT:	00460482@0046047F<-0046047C		needs_two_exact_output_calls	last explicit scalar-pointer parameter; exact EBP-rooted argument; callee return is tested and drives a width-4 pointer walk;
0	004603B0	FUN_004603b0	int __thiscall FUN_004603b0(STTorpC * param_1)	006451B0	STTorpC::SetDangerous	undefined4 __thiscall SetDangerous(uint param_1, uint * param_2)	-8	8	/uint	4	2	output_values_neg_8	Stack[-0x8]:4:local_8:/undefined4:DEFAULT:	004604AB@004604A6<-004604A3		needs_two_exact_output_calls	last explicit scalar-pointer parameter; exact EBP-rooted argument; callee return is tested and drives a width-4 pointer walk;
0	004608B0	STBoatC::Defence	int __thiscall Defence(int param_1)	00645020	STTorpC::IsDangerous	int __thiscall IsDangerous(int param_1, uint * param_2)	-36	4	/uint	4	1	output_values_neg_24	Stack[-0x24]:4:local_24:/undefined4:DEFAULT:	00460A94@00460A8F<-00460A8C		needs_two_exact_output_calls	last explicit scalar-pointer parameter; exact EBP-rooted argument; callee return is tested and drives a width-4 pointer walk;
0	004608B0	STBoatC::Defence	int __thiscall Defence(int param_1)	006451B0	STTorpC::SetDangerous	undefined4 __thiscall SetDangerous(uint param_1, uint * param_2)	-36	4	/uint	4	1	output_values_neg_24	Stack[-0x24]:4:local_24:/undefined4:DEFAULT:	00460ABD@00460AB8<-00460AB5		needs_two_exact_output_calls	last explicit scalar-pointer parameter; exact EBP-rooted argument; callee return is tested and drives a width-4 pointer walk;
0	004608B0	STBoatC::Defence	int __thiscall Defence(int param_1)	00484020	STBoatC::sub_00484020	undefined4 __thiscall sub_00484020(short param_1, short * param_2, short * param_3, short * param_4)	-28	28	/short	2	14	output_values_neg_1C	Stack[-0x10]:4:local_10:/undefined4:DEFAULT: | Stack[-0x14]:4:local_14:/undefined4:DEFAULT: | Stack[-0x18]:4:local_18:/undefined4:DEFAULT: | Stack[-0x1c]:4:local_1c:/undefined4:DEFAULT: | Stack[-0x6]:2:local_6:/undefined2:DEFAULT: | Stack[-0x8]:2:local_8:/undefined2:DEFAULT: | Stack[-0xa]:2:local_a:/undefined2:DEFAULT: | Stack[-0xc]:2:local_c:/undefined2:DEFAULT:	00460EA0@00460E97<-00460E8A		needs_two_exact_output_calls	last explicit scalar-pointer parameter; exact EBP-rooted argument; callee return is tested and drives a width-2 pointer walk;
0	00462180	FUN_00462180	int __thiscall FUN_00462180(int param_1)	00415ED0	STJellyGunC::sub_00415ED0	int __thiscall sub_00415ED0(undefined4 * param_1, int * param_2)	-116	8	/int	4	2	output_values_neg_74	Stack[-0x74]:1:local_74:/undefined:DEFAULT:	00464788@0046477D<-00464777		needs_two_exact_output_calls	last explicit scalar-pointer parameter; exact EBP-rooted argument; callee return is tested and drives a width-4 pointer walk;
0	00462180	FUN_00462180	int __thiscall FUN_00462180(int param_1)	00484020	STBoatC::sub_00484020	undefined4 __thiscall sub_00484020(short param_1, short * param_2, short * param_3, short * param_4)	-32	10	/short	2	5	output_values_neg_20	Stack[-0x1c]:4:local_1c:/undefined4:DEFAULT: | Stack[-0x20]:4:local_20:/undefined4:DEFAULT:	004623D8@004623C9<-004623C3		needs_two_exact_output_calls	last explicit scalar-pointer parameter; exact EBP-rooted argument; callee return is tested and drives a width-2 pointer walk;
0	00462180	FUN_00462180	int __thiscall FUN_00462180(int param_1)	006E62D0	STPlaySystemC::sub_006E62D0	int __thiscall sub_006E62D0(RecoveredRecordView_005EFAE0_855D930D * param_1, int * param_2)	-20	0	/int	4	0	output_values_neg_14		00463F78@00463F70<-00463F6D		needs_two_exact_output_calls	last explicit scalar-pointer parameter; exact EBP-rooted argument; callee return is tested and drives a width-4 pointer walk;
0	00462180	FUN_00462180	int __thiscall FUN_00462180(int param_1)	00415ED0	STJellyGunC::sub_00415ED0	int __thiscall sub_00415ED0(undefined4 * param_1, int * param_2)	-16	4	/int	4	1	output_values_neg_10	Stack[-0x10]:4:local_10:/undefined4:DEFAULT:	0046356E@0046356A<-00463564		needs_two_exact_output_calls	last explicit scalar-pointer parameter; exact EBP-rooted argument; callee return is tested and drives a width-4 pointer walk;
0	00462180	FUN_00462180	int __thiscall FUN_00462180(int param_1)	006E62D0	STPlaySystemC::sub_006E62D0	int __thiscall sub_006E62D0(RecoveredRecordView_005EFAE0_855D930D * param_1, int * param_2)	-12	0	/int	4	0	output_values_neg_C		00463A3F@00463A37<-00463A34|00463C0D@00463C05<-00463C02|00464647@0046463F<-0046463C		needs_two_count_driven_consumers	last explicit scalar-pointer parameter; exact EBP-rooted argument; callee return is tested and drives a width-4 pointer walk;
0	00465C60	STBoatC::LoadRC	int __thiscall LoadRC(int * param_1)	00415ED0	STJellyGunC::sub_00415ED0	int __thiscall sub_00415ED0(undefined4 * param_1, int * param_2)	-24	8	/int	4	2	output_values_neg_18	Stack[-0x14]:1:local_14:/undefined:DEFAULT: | Stack[-0x18]:4:local_18:/undefined4:DEFAULT:	00469539@00469535<-0046952F		needs_two_exact_output_calls	last explicit scalar-pointer parameter; exact EBP-rooted argument; callee return is tested and drives a width-4 pointer walk;
0	00465C60	STBoatC::LoadRC	int __thiscall LoadRC(int * param_1)	00415ED0	STJellyGunC::sub_00415ED0	int __thiscall sub_00415ED0(undefined4 * param_1, int * param_2)	-20	4	/int	4	1	output_values_neg_14	Stack[-0x14]:1:local_14:/undefined:DEFAULT:	00468DDB@00468DD7<-00468DD1		needs_two_exact_output_calls	last explicit scalar-pointer parameter; exact EBP-rooted argument; callee return is tested and drives a width-4 pointer walk;
0	0046B100	STBoatC::Build	int __thiscall Build(uint * param_1)	00415ED0	STJellyGunC::sub_00415ED0	int __thiscall sub_00415ED0(undefined4 * param_1, int * param_2)	-24	24	/int	4	6	output_values_neg_18	Stack[-0x10]:4:local_10:/undefined4:DEFAULT: | Stack[-0x14]:4:local_14:/undefined4:DEFAULT: | Stack[-0x18]:4:local_18:/undefined4:DEFAULT: | Stack[-0x8]:2:local_8:/undefined2:DEFAULT: | Stack[-0xc]:4:local_c:/undefined4:DEFAULT:	0046BB04@0046BB00<-0046BAFA|0046C108@0046C104<-0046C0FE		needs_two_count_driven_consumers	last explicit scalar-pointer parameter; exact EBP-rooted argument; callee return is tested and drives a width-4 pointer walk;
0	0046B100	STBoatC::Build	int __thiscall Build(uint * param_1)	00415ED0	STJellyGunC::sub_00415ED0	int __thiscall sub_00415ED0(undefined4 * param_1, int * param_2)	-20	20	/int	4	5	output_values_neg_14	Stack[-0x10]:4:local_10:/undefined4:DEFAULT: | Stack[-0x14]:4:local_14:/undefined4:DEFAULT: | Stack[-0x8]:2:local_8:/undefined2:DEFAULT: | Stack[-0xc]:4:local_c:/undefined4:DEFAULT:	0046B7A7@0046B7A3<-0046B79D		needs_two_exact_output_calls	last explicit scalar-pointer parameter; exact EBP-rooted argument; callee return is tested and drives a width-4 pointer walk;
0	0046CF20	STBoatC::CreateGame	uint __thiscall CreateGame(int * param_1)	0048DFD0	STBoatC::sub_0048DFD0	undefined4 __thiscall sub_0048DFD0(short param_1, short param_2, short param_3, short param_4, short param_5, int * param_6, int param_7, short * param_8, short * param_9, short * param_10)	-20	4	/short	2	2	output_values_neg_14	Stack[-0x14]:2:local_14:/undefined2:DEFAULT:	0046D13B@0046D128<-0046D117		needs_two_exact_output_calls	last explicit scalar-pointer parameter; exact EBP-rooted argument; callee return is tested and drives a width-2 pointer walk;
0	0046CF20	STBoatC::CreateGame	uint __thiscall CreateGame(int * param_1)	00415ED0	STJellyGunC::sub_00415ED0	int __thiscall sub_00415ED0(undefined4 * param_1, int * param_2)	-12	4	/int	4	1	output_values_neg_C	Stack[-0xc]:1:local_c:/undefined:DEFAULT:	0046D07A@0046D076<-0046D070		needs_two_exact_output_calls	last explicit scalar-pointer parameter; exact EBP-rooted argument; callee return is tested and drives a width-4 pointer walk;
0	0046CF20	STBoatC::CreateGame	uint __thiscall CreateGame(int * param_1)	006E62D0	STPlaySystemC::sub_006E62D0	int __thiscall sub_006E62D0(RecoveredRecordView_005EFAE0_855D930D * param_1, int * param_2)	-8	8	/int	4	2	output_values_neg_8	Stack[-0x8]:4:local_8:/undefined4:DEFAULT:	0046D0A7@0046D09F<-0046D09C		needs_two_exact_output_calls	last explicit scalar-pointer parameter; exact EBP-rooted argument; callee return is tested and drives a width-4 pointer walk;
0	0046D450	STBoatC::UnLoadRC	int __thiscall UnLoadRC(int param_1)	00415ED0	STJellyGunC::sub_00415ED0	int __thiscall sub_00415ED0(undefined4 * param_1, int * param_2)	-20	4	/int	4	1	output_values_neg_14	Stack[-0x14]:1:local_14:/undefined:DEFAULT:	0046E517@0046E513<-0046E50D		needs_two_exact_output_calls	last explicit scalar-pointer parameter; exact EBP-rooted argument; callee return is tested and drives a width-4 pointer walk;
0	0046D450	STBoatC::UnLoadRC	int __thiscall UnLoadRC(int param_1)	00415ED0	STJellyGunC::sub_00415ED0	int __thiscall sub_00415ED0(undefined4 * param_1, int * param_2)	-16	4	/int	4	1	output_values_neg_10	Stack[-0x10]:1:local_10:/undefined:DEFAULT:	0046DF4D@0046DF49<-0046DF43		needs_two_exact_output_calls	last explicit scalar-pointer parameter; exact EBP-rooted argument; callee return is tested and drives a width-4 pointer walk;
0	0046F5C0	STBoatC::ToDok	int __thiscall ToDok(int param_1)	00415ED0	STJellyGunC::sub_00415ED0	int __thiscall sub_00415ED0(undefined4 * param_1, int * param_2)	-20	4	/int	4	1	output_values_neg_14	Stack[-0x14]:1:local_14:/undefined:DEFAULT:	00470229@00470225<-0047021F|0047088C@00470888<-00470882		needs_two_count_driven_consumers	last explicit scalar-pointer parameter; exact EBP-rooted argument; callee return is tested and drives a width-4 pointer walk;
0	00471AC0	STBoatC::Guard	int __thiscall Guard(int param_1)	00645020	STTorpC::IsDangerous	int __thiscall IsDangerous(int param_1, uint * param_2)	-36	4	/uint	4	1	output_values_neg_24	Stack[-0x24]:4:local_24:/undefined4:DEFAULT:	00471C76@00471C71<-00471C6E		needs_two_exact_output_calls	last explicit scalar-pointer parameter; exact EBP-rooted argument; callee return is tested and drives a width-4 pointer walk;
0	00471AC0	STBoatC::Guard	int __thiscall Guard(int param_1)	006451B0	STTorpC::SetDangerous	undefined4 __thiscall SetDangerous(uint param_1, uint * param_2)	-36	4	/uint	4	1	output_values_neg_24	Stack[-0x24]:4:local_24:/undefined4:DEFAULT:	00471C9F@00471C9A<-00471C97		needs_two_exact_output_calls	last explicit scalar-pointer parameter; exact EBP-rooted argument; callee return is tested and drives a width-4 pointer walk;
0	00471AC0	STBoatC::Guard	int __thiscall Guard(int param_1)	00484020	STBoatC::sub_00484020	undefined4 __thiscall sub_00484020(short param_1, short * param_2, short * param_3, short * param_4)	-28	28	/short	2	14	output_values_neg_1C	Stack[-0x10]:4:local_10:/undefined4:DEFAULT: | Stack[-0x14]:4:local_14:/undefined4:DEFAULT: | Stack[-0x18]:4:local_18:/undefined4:DEFAULT: | Stack[-0x1c]:4:local_1c:/undefined4:DEFAULT: | Stack[-0x6]:2:local_6:/undefined2:DEFAULT: | Stack[-0x8]:2:local_8:/undefined2:DEFAULT: | Stack[-0xa]:2:local_a:/undefined2:DEFAULT: | Stack[-0xc]:2:local_c:/undefined2:DEFAULT:	00472049@00472040<-00472033		needs_two_exact_output_calls	last explicit scalar-pointer parameter; exact EBP-rooted argument; callee return is tested and drives a width-2 pointer walk;
0	004732F0	STBoatC::LoadObj	int __thiscall LoadObj(RecoveredRecordView_005EFAE0_855D930D * param_1)	00415ED0	STJellyGunC::sub_00415ED0	int __thiscall sub_00415ED0(undefined4 * param_1, int * param_2)	-44	4	/int	4	1	output_values_neg_2C	Stack[-0x2c]:1:local_2c:/undefined:DEFAULT:	00474117@00474113<-0047410D		needs_two_exact_output_calls	last explicit scalar-pointer parameter; exact EBP-rooted argument; callee return is tested and drives a width-4 pointer walk;
0	004732F0	STBoatC::LoadObj	int __thiscall LoadObj(RecoveredRecordView_005EFAE0_855D930D * param_1)	00415ED0	STJellyGunC::sub_00415ED0	int __thiscall sub_00415ED0(undefined4 * param_1, int * param_2)	-40	4	/int	4	1	output_values_neg_28	Stack[-0x28]:1:local_28:/undefined:DEFAULT:	00473C34@00473C30<-00473C2A		needs_two_exact_output_calls	last explicit scalar-pointer parameter; exact EBP-rooted argument; callee return is tested and drives a width-4 pointer walk;
0	004732F0	STBoatC::LoadObj	int __thiscall LoadObj(RecoveredRecordView_005EFAE0_855D930D * param_1)	004919C0	STBoatC::GetCellForLoading	int __thiscall GetCellForLoading(short param_1, short param_2, short param_3, short param_4, short param_5, STBoatC_GetCellForLoading_param_6Enum param_6, undefined2 * param_7, undefined2 * param_8, undefined2 * param_9, short * param_10, short * param_11, undefined2 * param_12)	-16	4	/undefined2	2	2	output_values_neg_10	Stack[-0x10]:4:local_10:/undefined4:DEFAULT:	0047346F@00473438<-00473432|00473657@00473624<-0047361E|00473836@00473803<-004737FD		needs_two_count_driven_consumers	last explicit scalar-pointer parameter; exact EBP-rooted argument; callee return is tested and drives a width-2 pointer walk;
0	004732F0	STBoatC::LoadObj	int __thiscall LoadObj(RecoveredRecordView_005EFAE0_855D930D * param_1)	006E62D0	STPlaySystemC::sub_006E62D0	int __thiscall sub_006E62D0(RecoveredRecordView_005EFAE0_855D930D * param_1, int * param_2)	-12	0	/int	4	0	output_values_neg_C		004733E4@004733E2<-004733DF|004735CF@004735CD<-004735CA|004737AE@004737AC<-004737A9|004739F4@004739F2<-004739EF		needs_two_count_driven_consumers	last explicit scalar-pointer parameter; exact EBP-rooted argument; callee return is tested and drives a width-4 pointer walk;
0	004749C0	STBoatC::WaitLoad	int __thiscall WaitLoad(STBoatC * param_1)	006E5810	SystemClassTy::PostMessage	int __thiscall PostMessage(undefined4 * param_1)	-76	8	/undefined4	4	2	output_values_neg_4C	Stack[-0x4c]:1:local_4c:/undefined:DEFAULT:	0047527D@00475265<-00475262		needs_two_exact_output_calls	last explicit scalar-pointer parameter; exact EBP-rooted argument; callee return is tested and drives a width-4 pointer walk;
0	004749C0	STBoatC::WaitLoad	int __thiscall WaitLoad(STBoatC * param_1)	00415ED0	STJellyGunC::sub_00415ED0	int __thiscall sub_00415ED0(undefined4 * param_1, int * param_2)	-20	4	/int	4	1	output_values_neg_14	Stack[-0x14]:1:local_14:/undefined:DEFAULT:	00474D45@00474D41<-00474D3B		needs_two_exact_output_calls	last explicit scalar-pointer parameter; exact EBP-rooted argument; callee return is tested and drives a width-4 pointer walk;
0	00475530	STBoatC::BackWaitLoad	int __thiscall BackWaitLoad(int * param_1)	00415ED0	STJellyGunC::sub_00415ED0	int __thiscall sub_00415ED0(undefined4 * param_1, int * param_2)	-20	4	/int	4	1	output_values_neg_14	Stack[-0x14]:1:local_14:/undefined:DEFAULT:	004755CF@004755CB<-004755C5		needs_two_exact_output_calls	last explicit scalar-pointer parameter; exact EBP-rooted argument; callee return is tested and drives a width-4 pointer walk;
0	004758E0	STBoatC::UnLoadObj	int __thiscall UnLoadObj(int param_1)	00415ED0	STJellyGunC::sub_00415ED0	int __thiscall sub_00415ED0(undefined4 * param_1, int * param_2)	-20	4	/int	4	1	output_values_neg_14	Stack[-0x14]:1:local_14:/undefined:DEFAULT:	00475C31@00475C2D<-00475C27		needs_two_exact_output_calls	last explicit scalar-pointer parameter; exact EBP-rooted argument; callee return is tested and drives a width-4 pointer walk;
0	004758E0	STBoatC::UnLoadObj	int __thiscall UnLoadObj(int param_1)	006E62D0	STPlaySystemC::sub_006E62D0	int __thiscall sub_006E62D0(RecoveredRecordView_005EFAE0_855D930D * param_1, int * param_2)	-12	0	/int	4	0	output_values_neg_C		00475ABE@00475ABC<-00475AA9		needs_two_exact_output_calls	last explicit scalar-pointer parameter; exact EBP-rooted argument; callee return is tested and drives a width-4 pointer walk;
0	00476CE0	STBoatC::Capture	int __thiscall Capture(int param_1)	00415ED0	STJellyGunC::sub_00415ED0	int __thiscall sub_00415ED0(undefined4 * param_1, int * param_2)	-16	16	/int	4	4	output_values_neg_10	Stack[-0x10]:4:local_10:/undefined4:DEFAULT: | Stack[-0x8]:4:local_8:/undefined4:DEFAULT: | Stack[-0xc]:4:local_c:/undefined4:DEFAULT:	0047784F@0047784B<-00477845		needs_two_exact_output_calls	last explicit scalar-pointer parameter; exact EBP-rooted argument; callee return is tested and drives a width-4 pointer walk;
0	00476CE0	STBoatC::Capture	int __thiscall Capture(int param_1)	00415ED0	STJellyGunC::sub_00415ED0	int __thiscall sub_00415ED0(undefined4 * param_1, int * param_2)	-12	12	/int	4	3	output_values_neg_C	Stack[-0x8]:4:local_8:/undefined4:DEFAULT: | Stack[-0xc]:4:local_c:/undefined4:DEFAULT:	004771E1@004771DD<-004771D7		needs_two_exact_output_calls	last explicit scalar-pointer parameter; exact EBP-rooted argument; callee return is tested and drives a width-4 pointer walk;
0	00479600	STBoatC::Teleport	int __thiscall Teleport(int param_1)	00415ED0	STJellyGunC::sub_00415ED0	int __thiscall sub_00415ED0(undefined4 * param_1, int * param_2)	-28	4	/int	4	1	output_values_neg_1C	Stack[-0x1c]:1:local_1c:/undefined:DEFAULT:	0047A0FD@0047A0F9<-0047A0F3|0047AE70@0047AE6C<-0047AE66		needs_two_count_driven_consumers	last explicit scalar-pointer parameter; exact EBP-rooted argument; callee return is tested and drives a width-4 pointer walk;
0	00479600	STBoatC::Teleport	int __thiscall Teleport(int param_1)	006E62D0	STPlaySystemC::sub_006E62D0	int __thiscall sub_006E62D0(RecoveredRecordView_005EFAE0_855D930D * param_1, int * param_2)	-8	8	/int	4	2	output_values_neg_8	Stack[-0x8]:4:local_8:/undefined4:DEFAULT:	0047A52C@0047A524<-0047A521|0047A720@0047A718<-0047A715|0047A7EE@0047A7EC<-0047A7E9|0047A933@0047A92B<-0047A928|0047AB17@0047AB0F<-0047AB0C|0047ABDD@0047ABDB<-0047ABD8		needs_two_count_driven_consumers	last explicit scalar-pointer parameter; exact EBP-rooted argument; callee return is tested and drives a width-4 pointer walk;
0	0047D080	STBoatC::Annih	int __thiscall Annih(uint param_1)	00415ED0	STJellyGunC::sub_00415ED0	int __thiscall sub_00415ED0(undefined4 * param_1, int * param_2)	-16	4	/int	4	1	output_values_neg_10	Stack[-0x10]:1:local_10:/undefined:DEFAULT:	0047D305@0047D301<-0047D2FB		needs_two_exact_output_calls	last explicit scalar-pointer parameter; exact EBP-rooted argument; callee return is tested and drives a width-4 pointer walk;
0	0047DA50	STBoatC::BackAnnih	int __thiscall BackAnnih(int * param_1)	00415ED0	STJellyGunC::sub_00415ED0	int __thiscall sub_00415ED0(undefined4 * param_1, int * param_2)	-20	4	/int	4	1	output_values_neg_14	Stack[-0x14]:1:local_14:/undefined:DEFAULT:	0047DBE4@0047DBE0<-0047DBDA		needs_two_exact_output_calls	last explicit scalar-pointer parameter; exact EBP-rooted argument; callee return is tested and drives a width-4 pointer walk;
0	0047DF00	STBoatC::Dismant	int __thiscall Dismant(RecoveredRecordView_004B9D90_09AED060 * param_1)	00415ED0	STJellyGunC::sub_00415ED0	int __thiscall sub_00415ED0(undefined4 * param_1, int * param_2)	-24	24	/int	4	6	output_values_neg_18	Stack[-0x10]:4:local_10:/undefined4:DEFAULT: | Stack[-0x14]:4:local_14:/undefined4:DEFAULT: | Stack[-0x18]:4:local_18:/undefined4:DEFAULT: | Stack[-0x8]:4:local_8:/undefined4:DEFAULT: | Stack[-0xc]:4:local_c:/undefined4:DEFAULT:	0047EE67@0047EE63<-0047EE5D		needs_two_exact_output_calls	last explicit scalar-pointer parameter; exact EBP-rooted argument; callee return is tested and drives a width-4 pointer walk;
0	0047DF00	STBoatC::Dismant	int __thiscall Dismant(RecoveredRecordView_004B9D90_09AED060 * param_1)	00415ED0	STJellyGunC::sub_00415ED0	int __thiscall sub_00415ED0(undefined4 * param_1, int * param_2)	-20	20	/int	4	5	output_values_neg_14	Stack[-0x10]:4:local_10:/undefined4:DEFAULT: | Stack[-0x14]:4:local_14:/undefined4:DEFAULT: | Stack[-0x8]:4:local_8:/undefined4:DEFAULT: | Stack[-0xc]:4:local_c:/undefined4:DEFAULT:	0047E852@0047E84E<-0047E848		needs_two_exact_output_calls	last explicit scalar-pointer parameter; exact EBP-rooted argument; callee return is tested and drives a width-4 pointer walk;
0	00482DB0	FUN_00482db0	int __fastcall FUN_00482db0(int * param_1, undefined4 param_2)	006E62D0	STPlaySystemC::sub_006E62D0	int __thiscall sub_006E62D0(RecoveredRecordView_005EFAE0_855D930D * param_1, int * param_2)	-20	0	/int	4	0	output_values_neg_14		00482F74@00482F6C<-00482F69		needs_two_exact_output_calls	last explicit scalar-pointer parameter; exact EBP-rooted argument; callee return is tested and drives a width-4 pointer walk;
0	004845E0	STBoatC::vfunc_28	ushort __thiscall vfunc_28(STBoatC_vfunc_28_param_1Enum param_1, RecoveredRecord_004845E0_7E8F2946 * param_2)	006E62D0	STPlaySystemC::sub_006E62D0	int __thiscall sub_006E62D0(RecoveredRecordView_005EFAE0_855D930D * param_1, int * param_2)	-12	12	/int	4	3	output_values_neg_C	Stack[-0x8]:4:local_8:/undefined4:DEFAULT: | Stack[-0xc]:4:local_c:/undefined4:DEFAULT:	00485E48@00485E40<-00485E3D		needs_two_exact_output_calls	last explicit scalar-pointer parameter; exact EBP-rooted argument; callee return is tested and drives a width-4 pointer walk;
0	00486B60	FUN_00486b60	undefined __thiscall FUN_00486b60(undefined1 * param_1)	006E62D0	STPlaySystemC::sub_006E62D0	int __thiscall sub_006E62D0(RecoveredRecordView_005EFAE0_855D930D * param_1, int * param_2)	-12	6	/int	4	1	output_values_neg_C	Stack[-0x8]:1:local_8:/undefined:DEFAULT: | Stack[-0xc]:4:local_c:/undefined4:DEFAULT:	00486C3C@00486C34<-00486C2E		needs_two_exact_output_calls	last explicit scalar-pointer parameter; exact EBP-rooted argument; callee return is tested and drives a width-4 pointer walk;
0	00492080	STBoatC::NotReadyForLoading	undefined __thiscall NotReadyForLoading(int param_1)	006E62D0	STPlaySystemC::sub_006E62D0	int __thiscall sub_006E62D0(RecoveredRecordView_005EFAE0_855D930D * param_1, int * param_2)	-20	6	/int	4	1	output_values_neg_14	Stack[-0x14]:4:local_14:/undefined4:DEFAULT:	004920C6@004920BE<-004920BB		needs_two_exact_output_calls	last explicit scalar-pointer parameter; exact EBP-rooted argument; callee return is tested and drives a width-4 pointer walk;
0	00492080	STBoatC::NotReadyForLoading	undefined __thiscall NotReadyForLoading(int param_1)	004919C0	STBoatC::GetCellForLoading	int __thiscall GetCellForLoading(short param_1, short param_2, short param_3, short param_4, short param_5, STBoatC_GetCellForLoading_param_6Enum param_6, undefined2 * param_7, undefined2 * param_8, undefined2 * param_9, short * param_10, short * param_11, undefined2 * param_12)	-10	10	/undefined2	2	5	output_values_neg_A	Stack[-0x6]:2:local_6:/undefined2:DEFAULT: | Stack[-0x8]:2:local_8:/undefined2:DEFAULT: | Stack[-0xa]:2:local_a:/undefined2:DEFAULT:	00492177@00492144<-0049213E		needs_two_exact_output_calls	last explicit scalar-pointer parameter; exact EBP-rooted argument; callee return is tested and drives a width-2 pointer walk;
0	00492390	STBoatC::sub_00492390	undefined __thiscall sub_00492390(void)	006E62D0	STPlaySystemC::sub_006E62D0	int __thiscall sub_006E62D0(RecoveredRecordView_005EFAE0_855D930D * param_1, int * param_2)	-8	8	/int	4	2	output_values_neg_8	Stack[-0x8]:4:local_8:/undefined4:DEFAULT:	004923C9@004923C1<-004923BE		needs_two_exact_output_calls	last explicit scalar-pointer parameter; exact EBP-rooted argument; callee return is tested and drives a width-4 pointer walk;
0	00492420	STBoatC::sub_00492420	void __thiscall sub_00492420(void)	006E62D0	STPlaySystemC::sub_006E62D0	int __thiscall sub_006E62D0(RecoveredRecordView_005EFAE0_855D930D * param_1, int * param_2)	-8	8	/int	4	2	output_values_neg_8	Stack[-0x8]:4:local_8:/undefined4:DEFAULT:	00492455@00492443<-00492440		needs_two_exact_output_calls	last explicit scalar-pointer parameter; exact EBP-rooted argument; callee return is tested and drives a width-4 pointer walk;
0	004924A0	FUN_004924a0	void __fastcall FUN_004924a0(RecoveredRecordView_004924A0_8E78FEB0 * param_1)	006E62D0	STPlaySystemC::sub_006E62D0	int __thiscall sub_006E62D0(RecoveredRecordView_005EFAE0_855D930D * param_1, int * param_2)	-8	0	/int	4	0	output_values_neg_8		004924CE@004924C6<-004924C3		needs_two_exact_output_calls	last explicit scalar-pointer parameter; exact EBP-rooted argument; callee return is tested and drives a width-4 pointer walk;
0	00497E00	STGroupBoatC::GetMessage	int __thiscall GetMessage(STMessage * message)	006E5810	SystemClassTy::PostMessage	int __thiscall PostMessage(undefined4 * param_1)	-64	8	/undefined4	4	2	output_values_neg_40	Stack[-0x40]:1:local_40:/undefined:DEFAULT:	00497EEF@00497EEE<-00497EEB		needs_two_exact_output_calls	last explicit scalar-pointer parameter; exact EBP-rooted argument; callee return is tested and drives a width-4 pointer walk;
0	00497E00	STGroupBoatC::GetMessage	int __thiscall GetMessage(STMessage * message)	004240F0	STGroupC::SaveGrpData	int __thiscall SaveGrpData(int * param_1)	-12	12	/int	4	3	output_values_neg_C	Stack[-0x8]:4:local_8:/undefined4:DEFAULT: | Stack[-0xc]:4:local_c:/undefined4:DEFAULT:	004988AD@004988AC<-004988A7		needs_two_exact_output_calls	last explicit scalar-pointer parameter; exact EBP-rooted argument; callee return is tested and drives a width-4 pointer walk;
0	0049DFA0	STGroupBoatC::GrpLoadObj	int __thiscall GrpLoadObj(int param_1)	006E62D0	STPlaySystemC::sub_006E62D0	int __thiscall sub_006E62D0(RecoveredRecordView_005EFAE0_855D930D * param_1, int * param_2)	-8	0	/int	4	0	output_values_neg_8		0049E02B@0049E029<-0049E015		needs_two_exact_output_calls	last explicit scalar-pointer parameter; exact EBP-rooted argument; callee return is tested and drives a width-4 pointer walk;
0	004A0990	STGroupBoatC::GrpRepSub	int __thiscall GrpRepSub(int param_1)	006E62D0	STPlaySystemC::sub_006E62D0	int __thiscall sub_006E62D0(RecoveredRecordView_005EFAE0_855D930D * param_1, int * param_2)	-8	0	/int	4	0	output_values_neg_8		004A0A1B@004A0A19<-004A0A05		needs_two_exact_output_calls	last explicit scalar-pointer parameter; exact EBP-rooted argument; callee return is tested and drives a width-4 pointer walk;
0	004B7750	STAllPlayersC::sub_004B7750	undefined4 __thiscall sub_004B7750(uint param_1)	006B11D0	Library::DKW::TBL::FUN_006b11d0	int __stdcall FUN_006b11d0(uint * param_1, uint param_2, undefined4 * param_3)	-28	28	/undefined4	4	7	output_values_neg_1C	Stack[-0x10]:4:local_10:/undefined4:DEFAULT: | Stack[-0x14]:4:local_14:/undefined4:DEFAULT: | Stack[-0x18]:4:local_18:/undefined4:DEFAULT: | Stack[-0x1c]:4:local_1c:/undefined4:DEFAULT: | Stack[-0x8]:4:local_8:/undefined4:DEFAULT: | Stack[-0xc]:4:local_c:/undefined4:DEFAULT:	004B78D6@004B78D3<-004B78D0		needs_two_exact_output_calls	last explicit scalar-pointer parameter; exact EBP-rooted argument; callee return is tested and drives a width-4 pointer walk;
0	004B8C80	FUN_004b8c80	undefined4 __fastcall FUN_004b8c80(TLOBaseTy * param_1)	006E60A0	sub_006E60A0	int __thiscall sub_006E60A0(undefined4 * param_1)	-44	8	/undefined4	4	2	output_values_neg_2C	Stack[-0x2c]:1:local_2c:/undefined:DEFAULT:	004B8F99@004B8F89<-004B8F83|004B94A5@004B9492<-004B948F|004B950E@004B94FA<-004B94F4		needs_two_count_driven_consumers	last explicit scalar-pointer parameter; exact EBP-rooted argument; callee return is tested and drives a width-4 pointer walk;
0	004B8C80	FUN_004b8c80	undefined4 __fastcall FUN_004b8c80(TLOBaseTy * param_1)	006E62D0	STPlaySystemC::sub_006E62D0	int __thiscall sub_006E62D0(RecoveredRecordView_005EFAE0_855D930D * param_1, int * param_2)	-12	0	/int	4	0	output_values_neg_C		004B92B1@004B92AF<-004B92AC		needs_two_exact_output_calls	last explicit scalar-pointer parameter; exact EBP-rooted argument; callee return is tested and drives a width-4 pointer walk;
0	004B9FA0	TLOBaseTy::GetMessage	int __thiscall GetMessage(STMessage * message)	006E60A0	sub_006E60A0	int __thiscall sub_006E60A0(undefined4 * param_1)	-124	8	/undefined4	4	2	output_values_neg_7C	Stack[-0x7c]:1:local_7c:/undefined:DEFAULT:	004BBDF5@004BBDE1<-004BBDDB		needs_two_exact_output_calls	last explicit scalar-pointer parameter; exact EBP-rooted argument; callee return is tested and drives a width-4 pointer walk;
0	004B9FA0	TLOBaseTy::GetMessage	int __thiscall GetMessage(STMessage * message)	006E62D0	STPlaySystemC::sub_006E62D0	int __thiscall sub_006E62D0(RecoveredRecordView_005EFAE0_855D930D * param_1, int * param_2)	-24	0	/int	4	0	output_values_neg_18		004BCC07@004BCC05<-004BCC02		needs_two_exact_output_calls	last explicit scalar-pointer parameter; exact EBP-rooted argument; callee return is tested and drives a width-4 pointer walk;
0	004B9FA0	TLOBaseTy::GetMessage	int __thiscall GetMessage(STMessage * message)	006E62D0	STPlaySystemC::sub_006E62D0	int __thiscall sub_006E62D0(RecoveredRecordView_005EFAE0_855D930D * param_1, int * param_2)	-20	8	/int	4	2	output_values_neg_14	Stack[-0x10]:4:local_10:/undefined4:DEFAULT: | Stack[-0x14]:4:local_14:/undefined4:DEFAULT:	004BA620@004BA617<-004BA60A		needs_two_exact_output_calls	last explicit scalar-pointer parameter; exact EBP-rooted argument; callee return is tested and drives a width-4 pointer walk;
0	004C21A0	FUN_004c21a0	undefined4 __thiscall FUN_004c21a0(Global_sub_004C21A0_param_1Enum param_1, int * param_2, float param_3, int param_4)	006E1C20	ST3DSMAPContext::sub_006E1C20	undefined4 __thiscall sub_006E1C20(float param_1, int param_2, float param_3, float * param_4, float * param_5)	-12	4	/float	4	1	output_values_neg_C	Stack[-0xc]:4:local_c:/undefined4:DEFAULT:	004C21C7@004C21B6<-004C21AD		needs_two_exact_output_calls	last explicit scalar-pointer parameter; exact EBP-rooted argument; callee return is tested and drives a width-4 pointer walk;
0	004C2D40	FUN_004c2d40	undefined4 __fastcall FUN_004c2d40(RecoveredRecordView_004C2D40_151343D1 * param_1)	006E62D0	STPlaySystemC::sub_006E62D0	int __thiscall sub_006E62D0(RecoveredRecordView_005EFAE0_855D930D * param_1, int * param_2)	-8	8	/int	4	2	output_values_neg_8	Stack[-0x8]:4:local_8:/undefined4:DEFAULT:	004C2D62@004C2D5A<-004C2D57		needs_two_exact_output_calls	last explicit scalar-pointer parameter; exact EBP-rooted argument; callee return is tested and drives a width-4 pointer walk;
0	004C2F70	TLOBaseTy::sub_004C2F70	undefined4 __thiscall sub_004C2F70(void)	006E62D0	STPlaySystemC::sub_006E62D0	int __thiscall sub_006E62D0(RecoveredRecordView_005EFAE0_855D930D * param_1, int * param_2)	-8	8	/int	4	2	output_values_neg_8	Stack[-0x8]:4:local_8:/undefined4:DEFAULT:	004C2FAA@004C2FA2<-004C2F9F		needs_two_exact_output_calls	last explicit scalar-pointer parameter; exact EBP-rooted argument; callee return is tested and drives a width-4 pointer walk;
0	004C3C00	TLOBaseTy::fireFindCheckTarget	int __thiscall fireFindCheckTarget(int param_1, int param_2)	006E62D0	STPlaySystemC::sub_006E62D0	int __thiscall sub_006E62D0(RecoveredRecordView_005EFAE0_855D930D * param_1, int * param_2)	-8	0	/int	4	0	output_values_neg_8		004C42EF@004C42ED<-004C42EA		needs_two_exact_output_calls	last explicit scalar-pointer parameter; exact EBP-rooted argument; callee return is tested and drives a width-4 pointer walk;
0	004C4550	TLOBaseTy::sub_004C4550	undefined4 __thiscall sub_004C4550(int * param_1)	006E62D0	STPlaySystemC::sub_006E62D0	int __thiscall sub_006E62D0(RecoveredRecordView_005EFAE0_855D930D * param_1, int * param_2)	-36	8	/int	4	2	output_values_neg_24	Stack[-0x20]:2:local_20:/undefined2:DEFAULT: | Stack[-0x24]:4:local_24:/undefined4:DEFAULT:	004C45EA@004C45E2<-004C45DF		needs_two_exact_output_calls	last explicit scalar-pointer parameter; exact EBP-rooted argument; callee return is tested and drives a width-4 pointer walk;
0	004C5E60	FUN_004c5e60	undefined4 __fastcall FUN_004c5e60(RecoveredRecord_004C5E60_EA3D928C * param_1)	006E62D0	STPlaySystemC::sub_006E62D0	int __thiscall sub_006E62D0(RecoveredRecordView_005EFAE0_855D930D * param_1, int * param_2)	-8	8	/int	4	2	output_values_neg_8	Stack[-0x8]:4:local_8:/undefined4:DEFAULT:	004C5E7C@004C5E74<-004C5E71		needs_two_exact_output_calls	last explicit scalar-pointer parameter; exact EBP-rooted argument; callee return is tested and drives a width-4 pointer walk;
0	004C5EB0	FUN_004c5eb0	undefined4 __fastcall FUN_004c5eb0(RecoveredRecordView_004C5EB0_23829C22 * param_1)	006E62D0	STPlaySystemC::sub_006E62D0	int __thiscall sub_006E62D0(RecoveredRecordView_005EFAE0_855D930D * param_1, int * param_2)	-8	8	/int	4	2	output_values_neg_8	Stack[-0x8]:4:local_8:/undefined4:DEFAULT:	004C5ED8@004C5ED6<-004C5ED3		needs_two_exact_output_calls	last explicit scalar-pointer parameter; exact EBP-rooted argument; callee return is tested and drives a width-4 pointer walk;
0	004C6440	TLOBldMark::sub_004C6440	undefined4 __thiscall sub_004C6440(float param_1, int param_2, int * param_3, int * param_4, int * param_5)	00558C00	VisibleClassTy::sub_00558C00	undefined4 __thiscall sub_00558C00(VisibleClassTy_sub_00558C00_param_1Enum param_1, int param_2, int param_3, int * param_4, int * param_5)	-52	12	/int	4	3	output_values_neg_34	Stack[-0x2c]:1:local_2c:/undefined:DEFAULT: | Stack[-0x30]:4:local_30:/undefined4:DEFAULT: | Stack[-0x34]:4:local_34:/undefined4:DEFAULT:	004C6550@004C6540<-004C653A		needs_two_exact_output_calls	last explicit scalar-pointer parameter; exact EBP-rooted argument; callee return is tested and drives a width-4 pointer walk;
0	004C6440	TLOBldMark::sub_004C6440	undefined4 __thiscall sub_004C6440(float param_1, int param_2, int * param_3, int * param_4, int * param_5)	006E1C20	ST3DSMAPContext::sub_006E1C20	undefined4 __thiscall sub_006E1C20(float param_1, int param_2, float param_3, float * param_4, float * param_5)	-24	24	/float	4	6	output_values_neg_18	Stack[-0x10]:4:local_10:/undefined4:DEFAULT: | Stack[-0x14]:4:local_14:/undefined4:DEFAULT: | Stack[-0x18]:4:local_18:/undefined4:DEFAULT: | Stack[-0x8]:4:local_8:/undefined4:DEFAULT: | Stack[-0xc]:4:local_c:/undefined4:DEFAULT:	004C6484@004C646D<-004C6467		needs_two_exact_output_calls	last explicit scalar-pointer parameter; exact EBP-rooted argument; callee return is tested and drives a width-4 pointer walk;
0	004C6D00	FUN_004c6d00	undefined4 __fastcall FUN_004c6d00(STJellyGunC * param_1)	00415ED0	STJellyGunC::sub_00415ED0	int __thiscall sub_00415ED0(undefined4 * param_1, int * param_2)	-28	4	/int	4	1	output_values_neg_1C	Stack[-0x1c]:1:local_1c:/undefined:DEFAULT:	004C6E3B@004C6E37<-004C6E31		needs_two_exact_output_calls	last explicit scalar-pointer parameter; exact EBP-rooted argument; callee return is tested and drives a width-4 pointer walk;
0	004C7460	TLOBaseTy::sub_004C7460	undefined4 __thiscall sub_004C7460(void)	004C7260	TLOBaseTy::sub_004C7260	undefined4 __thiscall sub_004C7260(TLOBaseTy_sub_004C7260_param_1Enum param_1, int param_2, undefined4 * param_3, undefined4 * param_4, int * param_5, undefined4 * param_6)	-40	40	/undefined4	4	10	output_values_neg_28	Stack[-0x10]:4:local_10:/undefined4:DEFAULT: | Stack[-0x14]:4:local_14:/undefined4:DEFAULT: | Stack[-0x18]:4:local_18:/undefined4:DEFAULT: | Stack[-0x1c]:4:local_1c:/undefined4:DEFAULT: | Stack[-0x20]:4:local_20:/undefined4:DEFAULT: | Stack[-0x24]:4:local_24:/undefined4:DEFAULT: | Stack[-0x28]:4:local_28:/undefined4:DEFAULT: | Stack[-0x8]:4:local_8:/undefined4:DEFAULT: | Stack[-0xc]:4:local_c:/undefined4:DEFAULT:	004C75D4@004C75BF<-004C75B9		needs_two_exact_output_calls	last explicit scalar-pointer parameter; exact EBP-rooted argument; callee return is tested and drives a width-4 pointer walk;
0	004CD6F0	FUN_004cd6f0	undefined4 __fastcall FUN_004cd6f0(RecoveredRecord_004CD6F0_B6FC69DC * param_1)	006E62D0	STPlaySystemC::sub_006E62D0	int __thiscall sub_006E62D0(RecoveredRecordView_005EFAE0_855D930D * param_1, int * param_2)	-8	0	/int	4	0	output_values_neg_8		004CD71B@004CD713<-004CD710		needs_two_exact_output_calls	last explicit scalar-pointer parameter; exact EBP-rooted argument; callee return is tested and drives a width-4 pointer walk;
0	004CE060	FUN_004ce060	int __thiscall FUN_004ce060(int param_1)	006E62D0	STPlaySystemC::sub_006E62D0	int __thiscall sub_006E62D0(RecoveredRecordView_005EFAE0_855D930D * param_1, int * param_2)	-12	12	/int	4	3	output_values_neg_C	Stack[-0x8]:4:local_8:/undefined4:DEFAULT: | Stack[-0xc]:4:local_c:/undefined4:DEFAULT:	004CE08F@004CE087<-004CE084		needs_two_exact_output_calls	last explicit scalar-pointer parameter; exact EBP-rooted argument; callee return is tested and drives a width-4 pointer walk;
0	004CE250	FUN_004ce250	undefined4 __thiscall FUN_004ce250(int param_1)	006E62D0	STPlaySystemC::sub_006E62D0	int __thiscall sub_006E62D0(RecoveredRecordView_005EFAE0_855D930D * param_1, int * param_2)	-8	8	/int	4	2	output_values_neg_8	Stack[-0x8]:4:local_8:/undefined4:DEFAULT:	004CE287@004CE27F<-004CE27C		needs_two_exact_output_calls	last explicit scalar-pointer parameter; exact EBP-rooted argument; callee return is tested and drives a width-4 pointer walk;
0	004CE670	FUN_004ce670	undefined4 __fastcall FUN_004ce670(RecoveredRecordView_004CE670_E8CA8BFA * param_1)	006E62D0	STPlaySystemC::sub_006E62D0	int __thiscall sub_006E62D0(RecoveredRecordView_005EFAE0_855D930D * param_1, int * param_2)	-8	8	/int	4	2	output_values_neg_8	Stack[-0x8]:4:local_8:/undefined4:DEFAULT:	004CE69C@004CE694<-004CE691		needs_two_exact_output_calls	last explicit scalar-pointer parameter; exact EBP-rooted argument; callee return is tested and drives a width-4 pointer walk;
0	004CF640	TLOBaseTy::sub_004CF640	undefined __thiscall sub_004CF640(int * param_1)	004C7260	TLOBaseTy::sub_004C7260	undefined4 __thiscall sub_004C7260(TLOBaseTy_sub_004C7260_param_1Enum param_1, int param_2, undefined4 * param_3, undefined4 * param_4, int * param_5, undefined4 * param_6)	-36	36	/undefined4	4	9	output_values_neg_24	Stack[-0x10]:4:local_10:/undefined4:DEFAULT: | Stack[-0x14]:4:local_14:/undefined4:DEFAULT: | Stack[-0x18]:4:local_18:/undefined4:DEFAULT: | Stack[-0x1c]:4:local_1c:/undefined4:DEFAULT: | Stack[-0x20]:4:local_20:/undefined4:DEFAULT: | Stack[-0x24]:4:local_24:/undefined4:DEFAULT: | Stack[-0x8]:4:local_8:/undefined4:DEFAULT: | Stack[-0xc]:4:local_c:/undefined4:DEFAULT:	004CF871@004CF862<-004CF85C		needs_two_exact_output_calls	last explicit scalar-pointer parameter; exact EBP-rooted argument; callee return is tested and drives a width-4 pointer walk;
0	004D32C0	FUN_004d32c0	undefined4 __fastcall FUN_004d32c0(TLOBaseTy * param_1)	006E5810	SystemClassTy::PostMessage	int __thiscall PostMessage(undefined4 * param_1)	-60	8	/undefined4	4	2	output_values_neg_3C	Stack[-0x3c]:1:local_3c:/undefined:DEFAULT:	004D39AC@004D39A1<-004D399E		needs_two_exact_output_calls	last explicit scalar-pointer parameter; exact EBP-rooted argument; callee return is tested and drives a width-4 pointer walk;
0	004D32C0	FUN_004d32c0	undefined4 __fastcall FUN_004d32c0(TLOBaseTy * param_1)	006E60A0	sub_006E60A0	int __thiscall sub_006E60A0(undefined4 * param_1)	-60	8	/undefined4	4	2	output_values_neg_3C	Stack[-0x3c]:1:local_3c:/undefined:DEFAULT:	004D4C21@004D4C0D<-004D4C07		needs_two_exact_output_calls	last explicit scalar-pointer parameter; exact EBP-rooted argument; callee return is tested and drives a width-4 pointer walk;
0	004D55B0	TLOEmbryoTy::GetMessage	int __thiscall GetMessage(STMessage * message)	006E60A0	sub_006E60A0	int __thiscall sub_006E60A0(undefined4 * param_1)	-44	8	/undefined4	4	2	output_values_neg_2C	Stack[-0x2c]:1:local_2c:/undefined:DEFAULT:	004D5D93@004D5D80<-004D5D7D		needs_two_exact_output_calls	last explicit scalar-pointer parameter; exact EBP-rooted argument; callee return is tested and drives a width-4 pointer walk;
0	004D8D40	FUN_004d8d40	undefined4 __fastcall FUN_004d8d40(RecoveredRecord_004D8D40_E38296AE * param_1)	006E62D0	STPlaySystemC::sub_006E62D0	int __thiscall sub_006E62D0(RecoveredRecordView_005EFAE0_855D930D * param_1, int * param_2)	-8	0	/int	4	0	output_values_neg_8		004D8D63@004D8D5B<-004D8D58		needs_two_exact_output_calls	last explicit scalar-pointer parameter; exact EBP-rooted argument; callee return is tested and drives a width-4 pointer walk;
0	004D8E70	FUN_004d8e70	undefined4 __thiscall FUN_004d8e70(int param_1, int param_2, undefined4 param_3)	006E62D0	STPlaySystemC::sub_006E62D0	int __thiscall sub_006E62D0(RecoveredRecordView_005EFAE0_855D930D * param_1, int * param_2)	-8	8	/int	4	2	output_values_neg_8	Stack[-0x8]:4:local_8:/undefined4:DEFAULT:	004D8EE5@004D8EDD<-004D8EDA		needs_two_exact_output_calls	last explicit scalar-pointer parameter; exact EBP-rooted argument; callee return is tested and drives a width-4 pointer walk;
0	004DBA70	FUN_004dba70	undefined4 __fastcall FUN_004dba70(void * param_1)	006E62D0	STPlaySystemC::sub_006E62D0	int __thiscall sub_006E62D0(RecoveredRecordView_005EFAE0_855D930D * param_1, int * param_2)	-12	0	/int	4	0	output_values_neg_C		004DBA9E@004DBA96<-004DBA93		needs_two_exact_output_calls	last explicit scalar-pointer parameter; exact EBP-rooted argument; callee return is tested and drives a width-4 pointer walk;
0	004DC150	TLOBaseTy::sub_004DC150	void __thiscall sub_004DC150(void)	006E62D0	STPlaySystemC::sub_006E62D0	int __thiscall sub_006E62D0(RecoveredRecordView_005EFAE0_855D930D * param_1, int * param_2)	-8	8	/int	4	2	output_values_neg_8	Stack[-0x8]:4:local_8:/undefined4:DEFAULT:	004DC1A4@004DC19C<-004DC199		needs_two_exact_output_calls	last explicit scalar-pointer parameter; exact EBP-rooted argument; callee return is tested and drives a width-4 pointer walk;
0	004DCBF0	FUN_004dcbf0	undefined4 __fastcall FUN_004dcbf0(RecoveredRecordView_004DCBF0_FF5B50F1 * param_1)	006E62D0	STPlaySystemC::sub_006E62D0	int __thiscall sub_006E62D0(RecoveredRecordView_005EFAE0_855D930D * param_1, int * param_2)	-8	8	/int	4	2	output_values_neg_8	Stack[-0x8]:4:local_8:/undefined4:DEFAULT:	004DCC1F@004DCC1D<-004DCC1A		needs_two_exact_output_calls	last explicit scalar-pointer parameter; exact EBP-rooted argument; callee return is tested and drives a width-4 pointer walk;
0	004DCC80	FUN_004dcc80	undefined4 __fastcall FUN_004dcc80(RecoveredRecord_004DCC80_51520547 * param_1)	006E62D0	STPlaySystemC::sub_006E62D0	int __thiscall sub_006E62D0(RecoveredRecordView_005EFAE0_855D930D * param_1, int * param_2)	-8	0	/int	4	0	output_values_neg_8		004DCCA3@004DCC9B<-004DCC98		needs_two_exact_output_calls	last explicit scalar-pointer parameter; exact EBP-rooted argument; callee return is tested and drives a width-4 pointer walk;
0	004E27E0	FUN_004e27e0	undefined4 __fastcall FUN_004e27e0(TLOBaseTy * param_1)	006E62D0	STPlaySystemC::sub_006E62D0	int __thiscall sub_006E62D0(RecoveredRecordView_005EFAE0_855D930D * param_1, int * param_2)	-8	8	/int	4	2	output_values_neg_8	Stack[-0x8]:4:local_8:/undefined4:DEFAULT:	004E281D@004E281B<-004E2818		needs_two_exact_output_calls	last explicit scalar-pointer parameter; exact EBP-rooted argument; callee return is tested and drives a width-4 pointer walk;
0	004E3200	TLOBaseTy::sub_004E3200	undefined __thiscall sub_004E3200(int * param_1)	004C7260	TLOBaseTy::sub_004C7260	undefined4 __thiscall sub_004C7260(TLOBaseTy_sub_004C7260_param_1Enum param_1, int param_2, undefined4 * param_3, undefined4 * param_4, int * param_5, undefined4 * param_6)	-20	20	/undefined4	4	5	output_values_neg_14	Stack[-0x10]:4:local_10:/undefined4:DEFAULT: | Stack[-0x14]:4:local_14:/undefined4:DEFAULT: | Stack[-0x8]:4:local_8:/undefined4:DEFAULT: | Stack[-0xc]:4:local_c:/undefined4:DEFAULT:	004E3389@004E3378<-004E3372|004E353F@004E3530<-004E352A		needs_two_count_driven_consumers	last explicit scalar-pointer parameter; exact EBP-rooted argument; callee return is tested and drives a width-4 pointer walk;
0	004E8D40	FUN_004e8d40	undefined __fastcall FUN_004e8d40(RecoveredRecordView_004E8D40_4C38236A * param_1)	006E62D0	STPlaySystemC::sub_006E62D0	int __thiscall sub_006E62D0(RecoveredRecordView_005EFAE0_855D930D * param_1, int * param_2)	-8	8	/int	4	2	output_values_neg_8	Stack[-0x8]:4:local_8:/undefined4:DEFAULT:	004E8D88@004E8D80<-004E8D7D		needs_two_exact_output_calls	last explicit scalar-pointer parameter; exact EBP-rooted argument; callee return is tested and drives a width-4 pointer walk;
0	004E8DC0	FUN_004e8dc0	undefined4 __fastcall FUN_004e8dc0(RecoveredRecordView_004E8DC0_419C0053 * param_1)	006E62D0	STPlaySystemC::sub_006E62D0	int __thiscall sub_006E62D0(RecoveredRecordView_005EFAE0_855D930D * param_1, int * param_2)	-8	8	/int	4	2	output_values_neg_8	Stack[-0x8]:4:local_8:/undefined4:DEFAULT:	004E8DE6@004E8DDE<-004E8DDB		needs_two_exact_output_calls	last explicit scalar-pointer parameter; exact EBP-rooted argument; callee return is tested and drives a width-4 pointer walk;
0	004E9C20	FUN_004e9c20	undefined4 __fastcall FUN_004e9c20(RecoveredRecordView_004E9C20_2DA6BDD3 * param_1)	006E62D0	STPlaySystemC::sub_006E62D0	int __thiscall sub_006E62D0(RecoveredRecordView_005EFAE0_855D930D * param_1, int * param_2)	-8	8	/int	4	2	output_values_neg_8	Stack[-0x8]:4:local_8:/undefined4:DEFAULT:	004E9C4C@004E9C44<-004E9C41		needs_two_exact_output_calls	last explicit scalar-pointer parameter; exact EBP-rooted argument; callee return is tested and drives a width-4 pointer walk;
0	004E9CE0	TLOBaseTy::teleNone	int __thiscall teleNone(void)	00415ED0	STJellyGunC::sub_00415ED0	int __thiscall sub_00415ED0(undefined4 * param_1, int * param_2)	-28	4	/int	4	1	output_values_neg_1C	Stack[-0x1c]:1:local_1c:/undefined:DEFAULT:	004E9EF4@004E9EF0<-004E9EEA		needs_two_exact_output_calls	last explicit scalar-pointer parameter; exact EBP-rooted argument; callee return is tested and drives a width-4 pointer walk;
0	004E9CE0	TLOBaseTy::teleNone	int __thiscall teleNone(void)	006E62D0	STPlaySystemC::sub_006E62D0	int __thiscall sub_006E62D0(RecoveredRecordView_005EFAE0_855D930D * param_1, int * param_2)	-8	8	/int	4	2	output_values_neg_8	Stack[-0x8]:4:local_8:/undefined4:DEFAULT:	004E9DD1@004E9DC9<-004E9DC6|004EA24E@004EA246<-004EA243		needs_two_count_driven_consumers	last explicit scalar-pointer parameter; exact EBP-rooted argument; callee return is tested and drives a width-4 pointer walk;
0	004FAE90	CPanelTy::sub_004FAE90	undefined __thiscall sub_004FAE90(uint * param_1, ushort param_2)	006E68C0	ST3DSMAPContext::sub_006E68C0	int __thiscall sub_006E68C0(int param_1, int param_2, int * param_3, int * param_4)	-8	8	/int	4	2	output_values_neg_8	Stack[-0x8]:4:local_8:/undefined4:DEFAULT:	004FAF38@004FAF23<-004FAF1E		needs_two_exact_output_calls	last explicit scalar-pointer parameter; exact EBP-rooted argument; callee return is tested and drives a width-4 pointer walk;
0	004FB060	CPanelTy::GetMessage	int __thiscall GetMessage(STMessage * message)	006E68C0	ST3DSMAPContext::sub_006E68C0	int __thiscall sub_006E68C0(int param_1, int param_2, int * param_3, int * param_4)	-56	10	/int	4	2	output_values_neg_38	Stack[-0x34]:4:local_34:/undefined4:DEFAULT: | Stack[-0x38]:4:local_38:/undefined4:DEFAULT:	004FBC84@004FBC69<-004FBC64		needs_two_exact_output_calls	last explicit scalar-pointer parameter; exact EBP-rooted argument; callee return is tested and drives a width-4 pointer walk;
0	004FB060	CPanelTy::GetMessage	int __thiscall GetMessage(STMessage * message)	004F19D0	FUN_004f19d0	int __stdcall FUN_004f19d0(char param_1, Global_sub_004F19D0_param_2Enum param_2, undefined4 * param_3, undefined4 * param_4)	-40	27	/undefined4	4	6	output_values_neg_28	Stack[-0x14]:4:local_14:/undefined4:DEFAULT: | Stack[-0x18]:4:local_18:/undefined4:DEFAULT: | Stack[-0x1c]:4:local_1c:/undefined4:DEFAULT: | Stack[-0x20]:4:local_20:/undefined4:DEFAULT: | Stack[-0x24]:4:local_24:/undefined4:DEFAULT: | Stack[-0x28]:4:local_28:/undefined4:DEFAULT:	004FC3D2@004FC3CB<-004FC3C5|004FC4AF@004FC4A8<-004FC4A2		needs_two_count_driven_consumers	last explicit scalar-pointer parameter; exact EBP-rooted argument; callee return is tested and drives a width-4 pointer walk;
0	00513030	HelpPanelTy::ChangeTree	undefined __thiscall ChangeTree(int * param_1, int param_2)	006B11D0	Library::DKW::TBL::FUN_006b11d0	int __stdcall FUN_006b11d0(uint * param_1, uint param_2, undefined4 * param_3)	-60	54	/undefined4	4	13	output_values_neg_3C	Stack[-0x10]:4:local_10:/undefined4:DEFAULT: | Stack[-0x14]:4:local_14:/undefined4:DEFAULT: | Stack[-0x18]:4:local_18:/undefined4:DEFAULT: | Stack[-0x1c]:4:local_1c:/undefined4:DEFAULT: | Stack[-0x20]:4:local_20:/undefined4:DEFAULT: | Stack[-0x24]:4:local_24:/undefined4:DEFAULT: | Stack[-0x28]:4:local_28:/undefined4:DEFAULT: | Stack[-0x29]:1:local_29:/undefined1:DEFAULT: | Stack[-0x2a]:1:local_2a:/undefined1:DEFAULT: | Stack[-0x2b]:1:local_2b:/undefined1:DEFAULT: | Stack[-0x2c]:1:local_2c:/undefined1:DEFAULT: | Stack[-0x30]:4:local_30:/undefined4:DEFAULT: | Stack[-0x34]:4:local_34:/undefined4:DEFAULT: | Stack[-0x38]:4:local_38:/undefined4:DEFAULT: | Stack[-0x3c]:4:local_3c:/undefined4:DEFAULT: | Stack[-0xc]:4:local_c:/undefined4:DEFAULT:	005131ED@005131E2<-005131D1		needs_two_exact_output_calls	last explicit scalar-pointer parameter; exact EBP-rooted argument; callee return is tested and drives a width-4 pointer walk;
0	0051B5A0	HelpPanelTy::ArmProc	undefined __thiscall ArmProc(int param_1, int param_2, char param_3)	00646110	FUN_00646110	undefined4 __cdecl FUN_00646110(int param_1, int param_2, undefined4 * param_3, undefined4 * param_4, undefined4 * param_5)	-24	11	/undefined4	4	2	output_values_neg_18	Stack[-0x14]:4:local_14:/undefined4:DEFAULT: | Stack[-0x18]:4:local_18:/undefined4:DEFAULT:	0051B778@0051B76D<-0051B767		needs_two_exact_output_calls	last explicit scalar-pointer parameter; exact EBP-rooted argument; callee return is tested and drives a width-4 pointer walk;
0	0052BF00	MoneyTy::GetMessage	int __thiscall GetMessage(STMessage * message)	006E6000	FUN_006e6000	int __thiscall FUN_006e6000(undefined4 param_1, undefined4 param_2, undefined4 * param_3)	-56	16	/undefined4	4	4	output_values_neg_38	Stack[-0x38]:1:local_38:/undefined:DEFAULT:	0052C2DE@0052C2CE<-0052C2C6|0052C397@0052C388<-0052C383		needs_two_count_driven_consumers	last explicit scalar-pointer parameter; exact EBP-rooted argument; callee return is tested and drives a width-4 pointer walk;
0	0052FB00	OptPanelTy::SetOptControls	undefined __thiscall SetOptControls(void)	00711110	FUN_00711110	int __thiscall FUN_00711110(char * resourceString)	-2436	260	/char	1	260	output_values_neg_984	Stack[-0x984]:1:local_984:/undefined:DEFAULT:	0052FCD1@0052FCC8<-0052FCBF		needs_two_exact_output_calls	last explicit scalar-pointer parameter; exact EBP-rooted argument; callee return is tested and drives a width-1 pointer walk;
0	0052FB00	OptPanelTy::SetOptControls	undefined __thiscall SetOptControls(void)	00711110	FUN_00711110	int __thiscall FUN_00711110(char * resourceString)	-2176	260	/char	1	260	output_values_neg_880	Stack[-0x880]:1:local_880:/undefined:DEFAULT:	0052FE76@0052FE6D<-0052FE64		needs_two_exact_output_calls	last explicit scalar-pointer parameter; exact EBP-rooted argument; callee return is tested and drives a width-1 pointer walk;
0	0052FB00	OptPanelTy::SetOptControls	undefined __thiscall SetOptControls(void)	006B7E00	Library::DKW::SND::FUN_006b7e00	undefined4 __stdcall FUN_006b7e00(int param_1, uint param_2, undefined4 * param_3, undefined4 * param_4)	-112	99	/undefined4	4	24	output_values_neg_70	Stack[-0x14]:4:local_14:/undefined4:DEFAULT: | Stack[-0x18]:4:local_18:/undefined4:DEFAULT: | Stack[-0x1c]:4:local_1c:/undefined4:DEFAULT: | Stack[-0x20]:4:local_20:/undefined4:DEFAULT: | Stack[-0x24]:4:local_24:/undefined4:DEFAULT: | Stack[-0x28]:4:local_28:/undefined4:DEFAULT: | Stack[-0x2c]:4:local_2c:/undefined4:DEFAULT: | Stack[-0x30]:4:local_30:/undefined4:DEFAULT: | Stack[-0x34]:4:local_34:/undefined4:DEFAULT: | Stack[-0x38]:4:local_38:/undefined4:DEFAULT: | Stack[-0x3c]:4:local_3c:/undefined4:DEFAULT: | Stack[-0x40]:4:local_40:/undefined4:DEFAULT: | Stack[-0x44]:4:local_44:/undefined4:DEFAULT: | Stack[-0x48]:4:local_48:/undefined4:DEFAULT: | Stack[-0x4c]:4:local_4c:/undefined4:DEFAULT: | Stack[-0x50]:4:local_50:/undefined4:DEFAULT: | Stack[-0x54]:4:local_54:/undefined4:DEFAULT: | Stack[-0x58]:4:local_58:/undefined4:DEFAULT: | Stack[-0x5c]:4:local_5c:/undefined4:DEFAULT: | Stack[-0x60]:4:local_60:/undefined4:DEFAULT: | Stack[-0x64]:4:local_64:/undefined4:DEFAULT: | Stack[-0x68]:4:local_68:/undefined4:DEFAULT: | Stack[-0x6c]:4:local_6c:/undefined4:DEFAULT: | Stack[-0x70]:4:local_70:/undefined4:DEFAULT:	00530E35@00530E30<-00530E2A		needs_two_exact_output_calls	last explicit scalar-pointer parameter; exact EBP-rooted argument; callee return is tested and drives a width-4 pointer walk;
0	0052FB00	OptPanelTy::SetOptControls	undefined __thiscall SetOptControls(void)	006B7E00	Library::DKW::SND::FUN_006b7e00	undefined4 __stdcall FUN_006b7e00(int param_1, uint param_2, undefined4 * param_3, undefined4 * param_4)	-108	95	/undefined4	4	23	output_values_neg_6C	Stack[-0x14]:4:local_14:/undefined4:DEFAULT: | Stack[-0x18]:4:local_18:/undefined4:DEFAULT: | Stack[-0x1c]:4:local_1c:/undefined4:DEFAULT: | Stack[-0x20]:4:local_20:/undefined4:DEFAULT: | Stack[-0x24]:4:local_24:/undefined4:DEFAULT: | Stack[-0x28]:4:local_28:/undefined4:DEFAULT: | Stack[-0x2c]:4:local_2c:/undefined4:DEFAULT: | Stack[-0x30]:4:local_30:/undefined4:DEFAULT: | Stack[-0x34]:4:local_34:/undefined4:DEFAULT: | Stack[-0x38]:4:local_38:/undefined4:DEFAULT: | Stack[-0x3c]:4:local_3c:/undefined4:DEFAULT: | Stack[-0x40]:4:local_40:/undefined4:DEFAULT: | Stack[-0x44]:4:local_44:/undefined4:DEFAULT: | Stack[-0x48]:4:local_48:/undefined4:DEFAULT: | Stack[-0x4c]:4:local_4c:/undefined4:DEFAULT: | Stack[-0x50]:4:local_50:/undefined4:DEFAULT: | Stack[-0x54]:4:local_54:/undefined4:DEFAULT: | Stack[-0x58]:4:local_58:/undefined4:DEFAULT: | Stack[-0x5c]:4:local_5c:/undefined4:DEFAULT: | Stack[-0x60]:4:local_60:/undefined4:DEFAULT: | Stack[-0x64]:4:local_64:/undefined4:DEFAULT: | Stack[-0x68]:4:local_68:/undefined4:DEFAULT: | Stack[-0x6c]:4:local_6c:/undefined4:DEFAULT:	00530D4B@00530D47<-00530D41		needs_two_exact_output_calls	last explicit scalar-pointer parameter; exact EBP-rooted argument; callee return is tested and drives a width-4 pointer walk;
0	0052FB00	OptPanelTy::SetOptControls	undefined __thiscall SetOptControls(void)	006B7E00	Library::DKW::SND::FUN_006b7e00	undefined4 __stdcall FUN_006b7e00(int param_1, uint param_2, undefined4 * param_3, undefined4 * param_4)	-104	91	/undefined4	4	22	output_values_neg_68	Stack[-0x14]:4:local_14:/undefined4:DEFAULT: | Stack[-0x18]:4:local_18:/undefined4:DEFAULT: | Stack[-0x1c]:4:local_1c:/undefined4:DEFAULT: | Stack[-0x20]:4:local_20:/undefined4:DEFAULT: | Stack[-0x24]:4:local_24:/undefined4:DEFAULT: | Stack[-0x28]:4:local_28:/undefined4:DEFAULT: | Stack[-0x2c]:4:local_2c:/undefined4:DEFAULT: | Stack[-0x30]:4:local_30:/undefined4:DEFAULT: | Stack[-0x34]:4:local_34:/undefined4:DEFAULT: | Stack[-0x38]:4:local_38:/undefined4:DEFAULT: | Stack[-0x3c]:4:local_3c:/undefined4:DEFAULT: | Stack[-0x40]:4:local_40:/undefined4:DEFAULT: | Stack[-0x44]:4:local_44:/undefined4:DEFAULT: | Stack[-0x48]:4:local_48:/undefined4:DEFAULT: | Stack[-0x4c]:4:local_4c:/undefined4:DEFAULT: | Stack[-0x50]:4:local_50:/undefined4:DEFAULT: | Stack[-0x54]:4:local_54:/undefined4:DEFAULT: | Stack[-0x58]:4:local_58:/undefined4:DEFAULT: | Stack[-0x5c]:4:local_5c:/undefined4:DEFAULT: | Stack[-0x60]:4:local_60:/undefined4:DEFAULT: | Stack[-0x64]:4:local_64:/undefined4:DEFAULT: | Stack[-0x68]:4:local_68:/undefined4:DEFAULT:	00531119@00531114<-0053110E		needs_two_exact_output_calls	last explicit scalar-pointer parameter; exact EBP-rooted argument; callee return is tested and drives a width-4 pointer walk;
0	0052FB00	OptPanelTy::SetOptControls	undefined __thiscall SetOptControls(void)	006B7E00	Library::DKW::SND::FUN_006b7e00	undefined4 __stdcall FUN_006b7e00(int param_1, uint param_2, undefined4 * param_3, undefined4 * param_4)	-92	79	/undefined4	4	19	output_values_neg_5C	Stack[-0x14]:4:local_14:/undefined4:DEFAULT: | Stack[-0x18]:4:local_18:/undefined4:DEFAULT: | Stack[-0x1c]:4:local_1c:/undefined4:DEFAULT: | Stack[-0x20]:4:local_20:/undefined4:DEFAULT: | Stack[-0x24]:4:local_24:/undefined4:DEFAULT: | Stack[-0x28]:4:local_28:/undefined4:DEFAULT: | Stack[-0x2c]:4:local_2c:/undefined4:DEFAULT: | Stack[-0x30]:4:local_30:/undefined4:DEFAULT: | Stack[-0x34]:4:local_34:/undefined4:DEFAULT: | Stack[-0x38]:4:local_38:/undefined4:DEFAULT: | Stack[-0x3c]:4:local_3c:/undefined4:DEFAULT: | Stack[-0x40]:4:local_40:/undefined4:DEFAULT: | Stack[-0x44]:4:local_44:/undefined4:DEFAULT: | Stack[-0x48]:4:local_48:/undefined4:DEFAULT: | Stack[-0x4c]:4:local_4c:/undefined4:DEFAULT: | Stack[-0x50]:4:local_50:/undefined4:DEFAULT: | Stack[-0x54]:4:local_54:/undefined4:DEFAULT: | Stack[-0x58]:4:local_58:/undefined4:DEFAULT: | Stack[-0x5c]:4:local_5c:/undefined4:DEFAULT:	00531304@005312FF<-005312F9		needs_two_exact_output_calls	last explicit scalar-pointer parameter; exact EBP-rooted argument; callee return is tested and drives a width-4 pointer walk;
0	0052FB00	OptPanelTy::SetOptControls	undefined __thiscall SetOptControls(void)	006B7E00	Library::DKW::SND::FUN_006b7e00	undefined4 __stdcall FUN_006b7e00(int param_1, uint param_2, undefined4 * param_3, undefined4 * param_4)	-84	71	/undefined4	4	17	output_values_neg_54	Stack[-0x14]:4:local_14:/undefined4:DEFAULT: | Stack[-0x18]:4:local_18:/undefined4:DEFAULT: | Stack[-0x1c]:4:local_1c:/undefined4:DEFAULT: | Stack[-0x20]:4:local_20:/undefined4:DEFAULT: | Stack[-0x24]:4:local_24:/undefined4:DEFAULT: | Stack[-0x28]:4:local_28:/undefined4:DEFAULT: | Stack[-0x2c]:4:local_2c:/undefined4:DEFAULT: | Stack[-0x30]:4:local_30:/undefined4:DEFAULT: | Stack[-0x34]:4:local_34:/undefined4:DEFAULT: | Stack[-0x38]:4:local_38:/undefined4:DEFAULT: | Stack[-0x3c]:4:local_3c:/undefined4:DEFAULT: | Stack[-0x40]:4:local_40:/undefined4:DEFAULT: | Stack[-0x44]:4:local_44:/undefined4:DEFAULT: | Stack[-0x48]:4:local_48:/undefined4:DEFAULT: | Stack[-0x4c]:4:local_4c:/undefined4:DEFAULT: | Stack[-0x50]:4:local_50:/undefined4:DEFAULT: | Stack[-0x54]:4:local_54:/undefined4:DEFAULT:	00531034@0053102F<-00531029		needs_two_exact_output_calls	last explicit scalar-pointer parameter; exact EBP-rooted argument; callee return is tested and drives a width-4 pointer walk;
0	0052FB00	OptPanelTy::SetOptControls	undefined __thiscall SetOptControls(void)	006B7E00	Library::DKW::SND::FUN_006b7e00	undefined4 __stdcall FUN_006b7e00(int param_1, uint param_2, undefined4 * param_3, undefined4 * param_4)	-80	67	/undefined4	4	16	output_values_neg_50	Stack[-0x14]:4:local_14:/undefined4:DEFAULT: | Stack[-0x18]:4:local_18:/undefined4:DEFAULT: | Stack[-0x1c]:4:local_1c:/undefined4:DEFAULT: | Stack[-0x20]:4:local_20:/undefined4:DEFAULT: | Stack[-0x24]:4:local_24:/undefined4:DEFAULT: | Stack[-0x28]:4:local_28:/undefined4:DEFAULT: | Stack[-0x2c]:4:local_2c:/undefined4:DEFAULT: | Stack[-0x30]:4:local_30:/undefined4:DEFAULT: | Stack[-0x34]:4:local_34:/undefined4:DEFAULT: | Stack[-0x38]:4:local_38:/undefined4:DEFAULT: | Stack[-0x3c]:4:local_3c:/undefined4:DEFAULT: | Stack[-0x40]:4:local_40:/undefined4:DEFAULT: | Stack[-0x44]:4:local_44:/undefined4:DEFAULT: | Stack[-0x48]:4:local_48:/undefined4:DEFAULT: | Stack[-0x4c]:4:local_4c:/undefined4:DEFAULT: | Stack[-0x50]:4:local_50:/undefined4:DEFAULT:	00531249@00531244<-0053123E		needs_two_exact_output_calls	last explicit scalar-pointer parameter; exact EBP-rooted argument; callee return is tested and drives a width-4 pointer walk;
0	005325B0	OptPanelTy::PrepAsses	undefined __thiscall PrepAsses(void)	006B11D0	Library::DKW::TBL::FUN_006b11d0	int __stdcall FUN_006b11d0(uint * param_1, uint param_2, undefined4 * param_3)	-300	108	/undefined4	4	27	output_values_neg_12C	Stack[-0x12c]:1:local_12c:/undefined:DEFAULT:	005327C7@005327B8<-005327B2		needs_two_exact_output_calls	last explicit scalar-pointer parameter; exact EBP-rooted argument; callee return is tested and drives a width-4 pointer walk;
0	00533D10	OptPanelTy::GetMessage	int __thiscall GetMessage(STMessage * message)	006B7E00	Library::DKW::SND::FUN_006b7e00	undefined4 __stdcall FUN_006b7e00(int param_1, uint param_2, undefined4 * param_3, undefined4 * param_4)	-44	28	/undefined4	4	7	output_values_neg_2C	Stack[-0x14]:4:local_14:/undefined4:DEFAULT: | Stack[-0x18]:4:local_18:/undefined4:DEFAULT: | Stack[-0x1c]:4:local_1c:/undefined4:DEFAULT: | Stack[-0x20]:4:local_20:/undefined4:DEFAULT: | Stack[-0x24]:4:local_24:/undefined4:DEFAULT: | Stack[-0x28]:4:local_28:/undefined4:DEFAULT: | Stack[-0x2c]:4:local_2c:/undefined4:DEFAULT:	00535064@0053505F<-00535059		needs_two_exact_output_calls	last explicit scalar-pointer parameter; exact EBP-rooted argument; callee return is tested and drives a width-4 pointer walk;
0	00533D10	OptPanelTy::GetMessage	int __thiscall GetMessage(STMessage * message)	006B7E00	Library::DKW::SND::FUN_006b7e00	undefined4 __stdcall FUN_006b7e00(int param_1, uint param_2, undefined4 * param_3, undefined4 * param_4)	-40	24	/undefined4	4	6	output_values_neg_28	Stack[-0x14]:4:local_14:/undefined4:DEFAULT: | Stack[-0x18]:4:local_18:/undefined4:DEFAULT: | Stack[-0x1c]:4:local_1c:/undefined4:DEFAULT: | Stack[-0x20]:4:local_20:/undefined4:DEFAULT: | Stack[-0x24]:4:local_24:/undefined4:DEFAULT: | Stack[-0x28]:4:local_28:/undefined4:DEFAULT:	00534FAA@00534FA5<-00534F9F		needs_two_exact_output_calls	last explicit scalar-pointer parameter; exact EBP-rooted argument; callee return is tested and drives a width-4 pointer walk;
0	005441A0	CursorClassTy::AddSysAcc	undefined __thiscall AddSysAcc(void)	006E6000	FUN_006e6000	int __thiscall FUN_006e6000(undefined4 param_1, undefined4 param_2, undefined4 * param_3)	-36	16	/undefined4	4	4	output_values_neg_24	Stack[-0x24]:1:local_24:/undefined:DEFAULT:	00544215@005441FD<-005441F8|0054422B@0054421F<-0054421A|005442A8@00544254<-0054424C|005442CC@005442B2<-005442AD|005442F0@005442DB<-005442D1		needs_two_count_driven_consumers	last explicit scalar-pointer parameter; exact EBP-rooted argument; callee return is tested and drives a width-4 pointer walk;
0	00544460	CursorClassTy::DelSysAcc	undefined __thiscall DelSysAcc(void)	006E6000	FUN_006e6000	int __thiscall FUN_006e6000(undefined4 param_1, undefined4 param_2, undefined4 * param_3)	-40	16	/undefined4	4	4	output_values_neg_28	Stack[-0x28]:1:local_28:/undefined:DEFAULT:	005444C4@005444B3<-005444B0|0054451C@005444EC<-005444E6|00544540@0054452B<-00544521|00544564@0054454A<-00544545		needs_two_count_driven_consumers	last explicit scalar-pointer parameter; exact EBP-rooted argument; callee return is tested and drives a width-4 pointer walk;
0	005446C0	CursorClassTy::AddOpticAcc	undefined __thiscall AddOpticAcc(void)	006E6000	FUN_006e6000	int __thiscall FUN_006e6000(undefined4 param_1, undefined4 param_2, undefined4 * param_3)	-40	16	/undefined4	4	4	output_values_neg_28	Stack[-0x28]:1:local_28:/undefined:DEFAULT:	00544751@00544747<-00544741		needs_two_exact_output_calls	last explicit scalar-pointer parameter; exact EBP-rooted argument; callee return is tested and drives a width-4 pointer walk;
0	00544800	CursorClassTy::DelOpticAcc	undefined __thiscall DelOpticAcc(void)	006E6000	FUN_006e6000	int __thiscall FUN_006e6000(undefined4 param_1, undefined4 param_2, undefined4 * param_3)	-40	16	/undefined4	4	4	output_values_neg_28	Stack[-0x28]:1:local_28:/undefined:DEFAULT:	00544891@00544887<-00544881		needs_two_exact_output_calls	last explicit scalar-pointer parameter; exact EBP-rooted argument; callee return is tested and drives a width-4 pointer walk;
0	005449B0	CursorClassTy::GetMessage	int __thiscall GetMessage(STMessage * message)	00711370	FUN_00711370	int __thiscall FUN_00711370(uint * param_1)	-1316	1024	/uint	4	256	output_values_neg_524	Stack[-0x524]:1:local_524:/undefined:DEFAULT:	00545C5B@00545C5A<-00545C54|00545E29@00545E28<-00545E22		needs_two_count_driven_consumers	last explicit scalar-pointer parameter; exact EBP-rooted argument; callee return is tested and drives a width-4 pointer walk;
0	005449B0	CursorClassTy::GetMessage	int __thiscall GetMessage(STMessage * message)	007113E0	FUN_007113e0	int __thiscall FUN_007113e0(uint * param_1)	-1316	1024	/uint	4	256	output_values_neg_524	Stack[-0x524]:1:local_524:/undefined:DEFAULT:	00545C79@00545C78<-00545C6F|00545E47@00545E46<-00545E3D		needs_two_count_driven_consumers	last explicit scalar-pointer parameter; exact EBP-rooted argument; callee return is tested and drives a width-4 pointer walk;
0	005449B0	CursorClassTy::GetMessage	int __thiscall GetMessage(STMessage * message)	006E3B50	AppClassTy::PostNextMessage	int __thiscall PostNextMessage(undefined4 * param_1)	-64	12	/undefined4	4	3	output_values_neg_40	Stack[-0x40]:1:local_40:/undefined:DEFAULT:	00546465@0054645D<-0054645A		needs_two_exact_output_calls	last explicit scalar-pointer parameter; exact EBP-rooted argument; callee return is tested and drives a width-4 pointer walk;
0	005449B0	CursorClassTy::GetMessage	int __thiscall GetMessage(STMessage * message)	006E6000	FUN_006e6000	int __thiscall FUN_006e6000(undefined4 param_1, undefined4 param_2, undefined4 * param_3)	-64	12	/undefined4	4	3	output_values_neg_40	Stack[-0x40]:1:local_40:/undefined:DEFAULT:	00544EFE@00544EEC<-00544EE5|005467CA@005467C0<-005467BD|00546805@005467F4<-005467EF|00546840@00546831<-0054682C		needs_two_count_driven_consumers	last explicit scalar-pointer parameter; exact EBP-rooted argument; callee return is tested and drives a width-4 pointer walk;
0	005449B0	CursorClassTy::GetMessage	int __thiscall GetMessage(STMessage * message)	006E1C20	ST3DSMAPContext::sub_006E1C20	undefined4 __thiscall sub_006E1C20(float param_1, int param_2, float param_3, float * param_4, float * param_5)	-12	4	/float	4	1	output_values_neg_C	Stack[-0xc]:4:local_c:/undefined4:DEFAULT:	005451A0@0054517C<-00545173		needs_two_exact_output_calls	last explicit scalar-pointer parameter; exact EBP-rooted argument; callee return is tested and drives a width-4 pointer walk;
0	00548C40	CursorClassTy::TakeCmdToRun	undefined __thiscall TakeCmdToRun(int param_1)	006E1DD0	ST3DSMAPContext::sub_006E1DD0	undefined4 __thiscall sub_006E1DD0(int param_1, int param_2, float * param_3, float * param_4, float * param_5)	-8	8	/float	4	2	output_values_neg_8	Stack[-0x8]:4:local_8:/undefined4:DEFAULT:	00548DE8@00548DCE<-00548DC8|00549024@0054900A<-00549004|005490C3@005490A9<-005490A3|005494CC@005494B2<-005494AC|0054968F@0054966B<-00549665|00549714@005496FA<-005496F4|00549808@005497EE<-005497E8|00549970@0054994C<-00549946|00549A1B@005499F7<-005499F1|00549B07@00549AE3<-00549ADD|00549B77@00549B5D<-00549B57|00549DE4@00549DC0<-00549DBA		needs_two_count_driven_consumers	last explicit scalar-pointer parameter; exact EBP-rooted argument; callee return is tested and drives a width-4 pointer walk;
0	0054A9B0	SubmarineTitans::Recovered::HiddenThis::RecoveredReceiver_0054A9B0::FUN_0054a9b0	void __thiscall FUN_0054a9b0(float param_1, float param_2, float param_3)	00558C00	VisibleClassTy::sub_00558C00	undefined4 __thiscall sub_00558C00(VisibleClassTy_sub_00558C00_param_1Enum param_1, int param_2, int param_3, int * param_4, int * param_5)	-20	8	/int	4	2	output_values_neg_14	Stack[-0x10]:4:local_10:/undefined4:DEFAULT: | Stack[-0x14]:4:local_14:/undefined4:DEFAULT:	0054AABB@0054AAAE<-0054AAA8		needs_two_exact_output_calls	last explicit scalar-pointer parameter; exact EBP-rooted argument; callee return is tested and drives a width-4 pointer walk;
0	0054AEE0	CursorClassTy::GCGameState	void __thiscall GCGameState(int param_1)	006E1DD0	ST3DSMAPContext::sub_006E1DD0	undefined4 __thiscall sub_006E1DD0(int param_1, int param_2, float * param_3, float * param_4, float * param_5)	-16	16	/float	4	4	output_values_neg_10	Stack[-0x10]:4:local_10:/undefined4:DEFAULT: | Stack[-0x8]:4:local_8:/undefined4:DEFAULT: | Stack[-0xc]:4:local_c:/undefined4:DEFAULT:	0054B0AF@0054B098<-0054B095		needs_two_exact_output_calls	last explicit scalar-pointer parameter; exact EBP-rooted argument; callee return is tested and drives a width-4 pointer walk;
0	0054CC20	STPlaySystemC::CreateGameObject	int __thiscall CreateGameObject(int param_1, undefined4 param_2, undefined4 param_3, undefined4 param_4, undefined4 param_5)	0054CBB0	FUN_0054cbb0	int __stdcall FUN_0054cbb0(int param_1, undefined4 * param_2)	-8	8	/undefined4	4	2	output_values_neg_8	Stack[-0x8]:4:local_8:/undefined4:DEFAULT:	0054CC5C@0054CC58<-0054CC55		needs_two_exact_output_calls	last explicit scalar-pointer parameter; exact EBP-rooted argument; callee return is tested and drives a width-4 pointer walk;
0	0054CDD0	FUN_0054cdd0	int __stdcall FUN_0054cdd0(undefined4 * param_1, int param_2, undefined4 * param_3, int * param_4, int * param_5, undefined4 param_6)	0054CBB0	FUN_0054cbb0	int __stdcall FUN_0054cbb0(int param_1, undefined4 * param_2)	-8	8	/undefined4	4	2	output_values_neg_8	Stack[-0x8]:4:local_8:/undefined4:DEFAULT:	0054CE14@0054CE10<-0054CE0D		needs_two_exact_output_calls	last explicit scalar-pointer parameter; exact EBP-rooted argument; callee return is tested and drives a width-4 pointer walk;
0	0054D640	STPlaySystemC::Life	undefined4 __thiscall Life(void)	006E3AB0	AppClassTy::PostMessage	int __thiscall PostMessage(undefined4 * param_1)	-100	12	/undefined4	4	3	output_values_neg_64	Stack[-0x64]:1:local_64:/undefined:DEFAULT:	0054DB26@0054DB16<-0054DB13		needs_two_exact_output_calls	last explicit scalar-pointer parameter; exact EBP-rooted argument; callee return is tested and drives a width-4 pointer walk;
0	0054D640	STPlaySystemC::Life	undefined4 __thiscall Life(void)	006E3AB0	AppClassTy::PostMessage	int __thiscall PostMessage(undefined4 * param_1)	-68	12	/undefined4	4	3	output_values_neg_44	Stack[-0x44]:1:local_44:/undefined:DEFAULT:	0054E13D@0054E137<-0054E134		needs_two_exact_output_calls	last explicit scalar-pointer parameter; exact EBP-rooted argument; callee return is tested and drives a width-4 pointer walk;
0	0054F1D0	STPlaySystemC::PrepareMail	undefined4 * __thiscall PrepareMail(void)	0054EB20	FUN_0054eb20	undefined4 __thiscall FUN_0054eb20(uint * param_1)	-40	15	/uint	4	3	output_values_neg_28	Stack[-0x20]:4:local_20:/undefined4:DEFAULT: | Stack[-0x24]:4:local_24:/undefined4:DEFAULT: | Stack[-0x28]:4:local_28:/undefined4:DEFAULT:	0054F9AC@0054F9AB<-0054F9A6		needs_two_exact_output_calls	last explicit scalar-pointer parameter; exact EBP-rooted argument; callee return is tested and drives a width-4 pointer walk;
0	00556760	TraksClassTy::TraksCreate	uint __thiscall TraksCreate(short param_1, short param_2, uint param_3, int param_4, int param_5, int param_6, short param_7, short param_8, short param_9, short param_10, short param_11, short param_12, int param_13, short param_14, byte param_15)	00555D90	TraksClassTy::sub_00555D90	uint __thiscall sub_00555D90(undefined4 * param_1)	-88	60	/undefined4	4	15	output_values_neg_58	Stack[-0x22]:2:local_22:/undefined2:DEFAULT: | Stack[-0x26]:4:local_26:/undefined4:DEFAULT: | Stack[-0x28]:2:local_28:/undefined2:DEFAULT: | Stack[-0x2a]:2:local_2a:/undefined2:DEFAULT: | Stack[-0x2c]:2:local_2c:/undefined2:DEFAULT: | Stack[-0x30]:4:local_30:/undefined4:DEFAULT: | Stack[-0x34]:4:local_34:/undefined4:DEFAULT: | Stack[-0x36]:2:local_36:/undefined2:DEFAULT: | Stack[-0x38]:2:local_38:/undefined2:DEFAULT: | Stack[-0x3a]:2:local_3a:/undefined2:DEFAULT: | Stack[-0x3c]:2:local_3c:/undefined2:DEFAULT: | Stack[-0x3e]:2:local_3e:/undefined2:DEFAULT: | Stack[-0x42]:4:local_42:/undefined4:DEFAULT: | Stack[-0x44]:2:local_44:/undefined2:DEFAULT: | Stack[-0x46]:2:local_46:/undefined2:DEFAULT: | Stack[-0x48]:2:local_48:/undefined2:DEFAULT: | Stack[-0x4a]:2:local_4a:/undefined2:DEFAULT: | Stack[-0x4c]:2:local_4c:/undefined2:DEFAULT: | Stack[-0x4e]:2:local_4e:/undefined2:DEFAULT: | Stack[-0x50]:2:local_50:/undefined2:DEFAULT: | Stack[-0x52]:2:local_52:/undefined2:DEFAULT: | Stack[-0x54]:2:local_54:/undefined2:DEFAULT: | Stack[-0x56]:2:local_56:/undefined2:DEFAULT: | Stack[-0x58]:2:local_58:/undefined2:DEFAULT:	00556BFE@00556BFD<-00556BFA		needs_two_exact_output_calls	last explicit scalar-pointer parameter; exact EBP-rooted argument; callee return is tested and drives a width-4 pointer walk;
0	00556760	TraksClassTy::TraksCreate	uint __thiscall TraksCreate(short param_1, short param_2, uint param_3, int param_4, int param_5, int param_6, short param_7, short param_8, short param_9, short param_10, short param_11, short param_12, int param_13, short param_14, byte param_15)	00558C00	VisibleClassTy::sub_00558C00	undefined4 __thiscall sub_00558C00(VisibleClassTy_sub_00558C00_param_1Enum param_1, int param_2, int param_3, int * param_4, int * param_5)	-8	8	/int	4	2	output_values_neg_8	Stack[-0x8]:4:local_8:/undefined4:DEFAULT:	005568B6@005568A2<-0055689C		needs_two_exact_output_calls	last explicit scalar-pointer parameter; exact EBP-rooted argument; callee return is tested and drives a width-4 pointer walk;
0	005718D0	FUN_005718d0	undefined __fastcall FUN_005718d0(int param_1)	006C44E0	Library::DKW::DDX::FUN_006c44e0	int __stdcall FUN_006c44e0(DDXContext * param_1, undefined4 * param_2)	-28	16	/undefined4	4	4	output_values_neg_1C	Stack[-0x1c]:1:local_1c:/undefined:DEFAULT:	00571969@00571964<-00571961		needs_two_exact_output_calls	last explicit scalar-pointer parameter; exact EBP-rooted argument; callee return is tested and drives a width-4 pointer walk;
0	005718D0	FUN_005718d0	undefined __fastcall FUN_005718d0(int param_1)	006C4630	Library::DKW::DDX::FUN_006c4630	int __stdcall FUN_006c4630(DDXContext * param_1, int * param_2, undefined4 * param_3)	-28	16	/undefined4	4	4	output_values_neg_1C	Stack[-0x1c]:1:local_1c:/undefined:DEFAULT:	00571933@0057192D<-0057192A		needs_two_exact_output_calls	last explicit scalar-pointer parameter; exact EBP-rooted argument; callee return is tested and drives a width-4 pointer walk;
0	00573260	SubmarineTitans::Recovered::HiddenThis::RecoveredReceiver_00573260::FUN_00573260	void __thiscall FUN_00573260(void)	006B7E00	Library::DKW::SND::FUN_006b7e00	undefined4 __stdcall FUN_006b7e00(int param_1, uint param_2, undefined4 * param_3, undefined4 * param_4)	-40	40	/undefined4	4	10	output_values_neg_28	Stack[-0x10]:4:local_10:/undefined4:DEFAULT: | Stack[-0x14]:4:local_14:/undefined4:DEFAULT: | Stack[-0x18]:4:local_18:/undefined4:DEFAULT: | Stack[-0x1c]:4:local_1c:/undefined4:DEFAULT: | Stack[-0x20]:4:local_20:/undefined4:DEFAULT: | Stack[-0x24]:4:local_24:/undefined4:DEFAULT: | Stack[-0x28]:4:local_28:/undefined4:DEFAULT: | Stack[-0x8]:4:local_8:/undefined4:DEFAULT: | Stack[-0xc]:4:local_c:/undefined4:DEFAULT:	0057339B@00573396<-00573390		needs_two_exact_output_calls	last explicit scalar-pointer parameter; exact EBP-rooted argument; callee return is tested and drives a width-4 pointer walk;
0	00573260	SubmarineTitans::Recovered::HiddenThis::RecoveredReceiver_00573260::FUN_00573260	void __thiscall FUN_00573260(void)	006B7E00	Library::DKW::SND::FUN_006b7e00	undefined4 __stdcall FUN_006b7e00(int param_1, uint param_2, undefined4 * param_3, undefined4 * param_4)	-36	36	/undefined4	4	9	output_values_neg_24	Stack[-0x10]:4:local_10:/undefined4:DEFAULT: | Stack[-0x14]:4:local_14:/undefined4:DEFAULT: | Stack[-0x18]:4:local_18:/undefined4:DEFAULT: | Stack[-0x1c]:4:local_1c:/undefined4:DEFAULT: | Stack[-0x20]:4:local_20:/undefined4:DEFAULT: | Stack[-0x24]:4:local_24:/undefined4:DEFAULT: | Stack[-0x8]:4:local_8:/undefined4:DEFAULT: | Stack[-0xc]:4:local_c:/undefined4:DEFAULT:	005732C2@005732BD<-005732B7		needs_two_exact_output_calls	last explicit scalar-pointer parameter; exact EBP-rooted argument; callee return is tested and drives a width-4 pointer walk;
0	00573260	SubmarineTitans::Recovered::HiddenThis::RecoveredReceiver_00573260::FUN_00573260	void __thiscall FUN_00573260(void)	006B7E00	Library::DKW::SND::FUN_006b7e00	undefined4 __stdcall FUN_006b7e00(int param_1, uint param_2, undefined4 * param_3, undefined4 * param_4)	-32	32	/undefined4	4	8	output_values_neg_20	Stack[-0x10]:4:local_10:/undefined4:DEFAULT: | Stack[-0x14]:4:local_14:/undefined4:DEFAULT: | Stack[-0x18]:4:local_18:/undefined4:DEFAULT: | Stack[-0x1c]:4:local_1c:/undefined4:DEFAULT: | Stack[-0x20]:4:local_20:/undefined4:DEFAULT: | Stack[-0x8]:4:local_8:/undefined4:DEFAULT: | Stack[-0xc]:4:local_c:/undefined4:DEFAULT:	0057332E@00573326<-00573320		needs_two_exact_output_calls	last explicit scalar-pointer parameter; exact EBP-rooted argument; callee return is tested and drives a width-4 pointer walk;
0	00573260	SubmarineTitans::Recovered::HiddenThis::RecoveredReceiver_00573260::FUN_00573260	void __thiscall FUN_00573260(void)	006B7E00	Library::DKW::SND::FUN_006b7e00	undefined4 __stdcall FUN_006b7e00(int param_1, uint param_2, undefined4 * param_3, undefined4 * param_4)	-16	16	/undefined4	4	4	output_values_neg_10	Stack[-0x10]:4:local_10:/undefined4:DEFAULT: | Stack[-0x8]:4:local_8:/undefined4:DEFAULT: | Stack[-0xc]:4:local_c:/undefined4:DEFAULT:	005733FE@005733F6<-005733F0		needs_two_exact_output_calls	last explicit scalar-pointer parameter; exact EBP-rooted argument; callee return is tested and drives a width-4 pointer walk;
0	005783F0	FUN_005783f0	int __fastcall FUN_005783f0(RecoveredRecord_005783F0_545AD987 * param_1)	006E60A0	sub_006E60A0	int __thiscall sub_006E60A0(undefined4 * param_1)	-36	12	/undefined4	4	3	output_values_neg_24	Stack[-0x24]:1:local_24:/undefined:DEFAULT:	0057840E@005783FC<-005783F9		needs_two_exact_output_calls	last explicit scalar-pointer parameter; exact EBP-rooted argument; callee return is tested and drives a width-4 pointer walk;
0	0057B670	FUN_0057b670	undefined4 __cdecl FUN_0057b670(RecoveredRecord_0057B670_1C4E1DA6 * param_1, uint * param_2, uint param_3, short * param_4, short * param_5)	0057B350	FUN_0057b350	undefined4 __cdecl FUN_0057b350(int * param_1, int param_2, int * param_3)	-8	0	/int	4	0	output_values_neg_8		0057B6A4@0057B6A1<-0057B69E		needs_two_exact_output_calls	last explicit scalar-pointer parameter; exact EBP-rooted argument; callee return is tested and drives a width-4 pointer walk;
0	0057BF20	STFishC::sub_0057BF20	int __thiscall sub_0057BF20(void)	006E60A0	sub_006E60A0	int __thiscall sub_006E60A0(undefined4 * param_1)	-36	12	/undefined4	4	3	output_values_neg_24	Stack[-0x24]:1:local_24:/undefined:DEFAULT:	0057BF3E@0057BF2C<-0057BF29		needs_two_exact_output_calls	last explicit scalar-pointer parameter; exact EBP-rooted argument; callee return is tested and drives a width-4 pointer walk;
0	0057D5F0	STFishC::sub_0057D5F0	STFishC_field_023BState __thiscall sub_0057D5F0(uint param_1)	0057D700	STFishC::sub_0057D700	undefined4 __thiscall sub_0057D700(uint * param_1, uint * param_2, int * param_3, int * param_4)	-8	8	/int	4	2	output_values_neg_8	Stack[-0x8]:4:local_8:/undefined4:DEFAULT:	0057D641@0057D635<-0057D62F		needs_two_exact_output_calls	last explicit scalar-pointer parameter; exact EBP-rooted argument; callee return is tested and drives a width-4 pointer walk;
0	0057E0A0	STDcResourcC::GetMessage	int __thiscall GetMessage(STMessage * message)	00558C00	VisibleClassTy::sub_00558C00	undefined4 __thiscall sub_00558C00(VisibleClassTy_sub_00558C00_param_1Enum param_1, int param_2, int param_3, int * param_4, int * param_5)	-32	32	/int	4	8	output_values_neg_20	Stack[-0x10]:4:local_10:/undefined4:DEFAULT: | Stack[-0x14]:4:local_14:/undefined4:DEFAULT: | Stack[-0x18]:4:local_18:/undefined4:DEFAULT: | Stack[-0x1c]:4:local_1c:/undefined4:DEFAULT: | Stack[-0x20]:4:local_20:/undefined4:DEFAULT: | Stack[-0x8]:4:local_8:/undefined4:DEFAULT: | Stack[-0xc]:4:local_c:/undefined4:DEFAULT:	0057E8BA@0057E8A7<-0057E8A1		needs_two_exact_output_calls	last explicit scalar-pointer parameter; exact EBP-rooted argument; callee return is tested and drives a width-4 pointer walk;
0	0057E0A0	STDcResourcC::GetMessage	int __thiscall GetMessage(STMessage * message)	00558C00	VisibleClassTy::sub_00558C00	undefined4 __thiscall sub_00558C00(VisibleClassTy_sub_00558C00_param_1Enum param_1, int param_2, int param_3, int * param_4, int * param_5)	-20	20	/int	4	5	output_values_neg_14	Stack[-0x10]:4:local_10:/undefined4:DEFAULT: | Stack[-0x14]:4:local_14:/undefined4:DEFAULT: | Stack[-0x8]:4:local_8:/undefined4:DEFAULT: | Stack[-0xc]:4:local_c:/undefined4:DEFAULT:	0057E752@0057E73F<-0057E739		needs_two_exact_output_calls	last explicit scalar-pointer parameter; exact EBP-rooted argument; callee return is tested and drives a width-4 pointer walk;
0	00580380	FUN_00580380	int __fastcall FUN_00580380(STResourceC * param_1)	006E60A0	sub_006E60A0	int __thiscall sub_006E60A0(undefined4 * param_1)	-36	12	/undefined4	4	3	output_values_neg_24	Stack[-0x24]:1:local_24:/undefined:DEFAULT:	0058039E@0058038C<-00580389		needs_two_exact_output_calls	last explicit scalar-pointer parameter; exact EBP-rooted argument; callee return is tested and drives a width-4 pointer walk;
0	005811C0	FUN_005811c0	int __fastcall FUN_005811c0(RecoveredRecord_005811C0_696D31CF * param_1)	006E60A0	sub_006E60A0	int __thiscall sub_006E60A0(undefined4 * param_1)	-36	12	/undefined4	4	3	output_values_neg_24	Stack[-0x24]:1:local_24:/undefined:DEFAULT:	005811DE@005811CC<-005811C9		needs_two_exact_output_calls	last explicit scalar-pointer parameter; exact EBP-rooted argument; callee return is tested and drives a width-4 pointer walk;
0	00581BF0	STJellyManC::GetMessage	int __thiscall GetMessage(STMessage * message)	006E5380	FUN_006e5380	int __thiscall FUN_006e5380(int param_1, undefined4 * param_2)	-12	12	/undefined4	4	3	output_values_neg_C	Stack[-0x8]:4:local_8:/undefined4:DEFAULT: | Stack[-0xc]:4:local_c:/undefined4:DEFAULT:	00581F99@00581F91<-00581F8E		needs_two_exact_output_calls	last explicit scalar-pointer parameter; exact EBP-rooted argument; callee return is tested and drives a width-4 pointer walk;
0	00582580	STJellyGunC::sub_00582580	int __thiscall sub_00582580(void)	006E60A0	sub_006E60A0	int __thiscall sub_006E60A0(undefined4 * param_1)	-36	12	/undefined4	4	3	output_values_neg_24	Stack[-0x24]:1:local_24:/undefined:DEFAULT:	0058259E@0058258C<-00582589		needs_two_exact_output_calls	last explicit scalar-pointer parameter; exact EBP-rooted argument; callee return is tested and drives a width-4 pointer walk;
0	005825C0	STJellyGunC::LifeGun	undefined __thiscall LifeGun(void)	00415ED0	STJellyGunC::sub_00415ED0	int __thiscall sub_00415ED0(undefined4 * param_1, int * param_2)	-32	4	/int	4	1	output_values_neg_20	Stack[-0x20]:1:local_20:/undefined:DEFAULT:	00582662@0058265E<-00582658		needs_two_exact_output_calls	last explicit scalar-pointer parameter; exact EBP-rooted argument; callee return is tested and drives a width-4 pointer walk;
0	00583E30	STJellyGunC::sub_00583E30	STJellyGunC_field_0235State __thiscall sub_00583E30(void)	00584060	STJellyGunC::sub_00584060	undefined4 __thiscall sub_00584060(int * param_1, int * param_2, int * param_3)	-8	8	/int	4	2	output_values_neg_8	Stack[-0x8]:4:local_8:/undefined4:DEFAULT:	00583E5A@00583E52<-00583E4C		needs_two_exact_output_calls	last explicit scalar-pointer parameter; exact EBP-rooted argument; callee return is tested and drives a width-4 pointer walk;
0	00584AD0	FUN_00584ad0	int __fastcall FUN_00584ad0(RecoveredRecord_00584AD0_6EDDB383 * param_1)	006E60A0	sub_006E60A0	int __thiscall sub_006E60A0(undefined4 * param_1)	-36	12	/undefined4	4	3	output_values_neg_24	Stack[-0x24]:1:local_24:/undefined:DEFAULT:	00584AEE@00584ADC<-00584AD9		needs_two_exact_output_calls	last explicit scalar-pointer parameter; exact EBP-rooted argument; callee return is tested and drives a width-4 pointer walk;
0	005862E0	FUN_005862e0	int __fastcall FUN_005862e0(RecoveredRecord_005862E0_AFF1B07D * param_1)	006E60A0	sub_006E60A0	int __thiscall sub_006E60A0(undefined4 * param_1)	-36	12	/undefined4	4	3	output_values_neg_24	Stack[-0x24]:1:local_24:/undefined:DEFAULT:	005862FE@005862EC<-005862E9		needs_two_exact_output_calls	last explicit scalar-pointer parameter; exact EBP-rooted argument; callee return is tested and drives a width-4 pointer walk;
0	00588BC0	STMBombC::GetMessage	int __thiscall GetMessage(STMessage * message)	006E62D0	STPlaySystemC::sub_006E62D0	int __thiscall sub_006E62D0(RecoveredRecordView_005EFAE0_855D930D * param_1, int * param_2)	-36	16	/int	4	4	output_values_neg_24	Stack[-0x18]:4:local_18:/undefined4:DEFAULT: | Stack[-0x1c]:4:local_1c:/undefined4:DEFAULT: | Stack[-0x20]:4:local_20:/undefined4:DEFAULT: | Stack[-0x24]:4:local_24:/undefined4:DEFAULT:	00589090@00589088<-00589085		needs_two_exact_output_calls	last explicit scalar-pointer parameter; exact EBP-rooted argument; callee return is tested and drives a width-4 pointer walk;
0	005899E0	FUN_005899e0	void __fastcall FUN_005899e0(RecoveredRecord_005899E0_1FE8750F * param_1)	006E60A0	sub_006E60A0	int __thiscall sub_006E60A0(undefined4 * param_1)	-36	12	/undefined4	4	3	output_values_neg_24	Stack[-0x24]:1:local_24:/undefined:DEFAULT:	005899FE@005899EC<-005899E9		needs_two_exact_output_calls	last explicit scalar-pointer parameter; exact EBP-rooted argument; callee return is tested and drives a width-4 pointer walk;
0	00589C10	STOctopusC::GetMessage	int __thiscall GetMessage(STMessage * message)	0058D160	FUN_0058d160	undefined4 __cdecl FUN_0058d160(short param_1, short param_2, short param_3, short param_4, RecoveredRecord_0058D160_4B53BB8A * param_5, int param_6, int param_7, int param_8, int param_9, undefined2 * param_10, undefined2 * param_11, short * param_12)	-32	20	/short	2	10	output_values_neg_20	Stack[-0x10]:4:local_10:/undefined4:DEFAULT: | Stack[-0x14]:4:local_14:/undefined4:DEFAULT: | Stack[-0x18]:4:local_18:/undefined4:DEFAULT: | Stack[-0x1c]:4:local_1c:/undefined4:DEFAULT: | Stack[-0x20]:4:local_20:/undefined4:DEFAULT:	0058A425@0058A3FE<-0058A3FB		needs_two_exact_output_calls	last explicit scalar-pointer parameter; exact EBP-rooted argument; callee return is tested and drives a width-2 pointer walk;
0	0058BB50	FUN_0058bb50	int __fastcall FUN_0058bb50(RecoveredRecord_0058BB50_29AADF52 * param_1)	006E60A0	sub_006E60A0	int __thiscall sub_006E60A0(undefined4 * param_1)	-36	12	/undefined4	4	3	output_values_neg_24	Stack[-0x24]:1:local_24:/undefined:DEFAULT:	0058BB6E@0058BB5C<-0058BB59		needs_two_exact_output_calls	last explicit scalar-pointer parameter; exact EBP-rooted argument; callee return is tested and drives a width-4 pointer walk;
0	0058EFE0	STSharkC::sub_0058EFE0	void __thiscall sub_0058EFE0(void)	006E60A0	sub_006E60A0	int __thiscall sub_006E60A0(undefined4 * param_1)	-36	12	/undefined4	4	3	output_values_neg_24	Stack[-0x24]:1:local_24:/undefined:DEFAULT:	0058F00B@0058EFFE<-0058EFF5		needs_two_exact_output_calls	last explicit scalar-pointer parameter; exact EBP-rooted argument; callee return is tested and drives a width-4 pointer walk;
0	005A1920	FSGSTy::SetBanner	undefined __thiscall SetBanner(char * param_1, undefined4 param_2, int param_3, uint param_4, undefined4 * param_5)	006C7D20	FUN_006c7d20	int __stdcall FUN_006c7d20(RecoveredRecord_FSGSTy_006C7D20 * param_1, int param_2, int * param_3)	-16	16	/int	4	4	output_values_neg_10	Stack[-0x10]:4:local_10:/undefined4:DEFAULT: | Stack[-0x8]:4:local_8:/undefined4:DEFAULT: | Stack[-0xc]:4:local_c:/undefined4:DEFAULT:	005A1A63@005A1A60<-005A1A57		needs_two_exact_output_calls	last explicit scalar-pointer parameter; exact EBP-rooted argument; callee return is tested and drives a width-4 pointer walk;
0	005A4350	FSGSTy::GetMessage	int __thiscall GetMessage(STMessage * message)	006B6A50	Library::DKW::DDX::FUN_006b6a50	int __stdcall FUN_006b6a50(int * param_1, undefined4 * param_2, in_addr param_3, undefined4 * param_4)	-556	16	/undefined4	4	4	output_values_neg_22C	Stack[-0x22c]:1:local_22c:/undefined:DEFAULT:	005A4FBD@005A4FB1<-005A4FAB		needs_two_exact_output_calls	last explicit scalar-pointer parameter; exact EBP-rooted argument; callee return is tested and drives a width-4 pointer walk;
0	005AFD00	ChooseMapTy::PrepFiles	undefined __thiscall PrepFiles(uint param_1)	006B5AA0	Library::DKW::TBL::FUN_006b5aa0	int __stdcall FUN_006b5aa0(DArrayTy * param_1, char * text)	-880	260	/char	1	260	output_values_neg_370	Stack[-0x370]:1:local_370:/undefined:DEFAULT:	005B0523@005B0521<-005B0515		needs_two_exact_output_calls	last explicit scalar-pointer parameter; exact EBP-rooted argument; callee return is tested and drives a width-1 pointer walk;
0	005AFD00	ChooseMapTy::PrepFiles	undefined __thiscall PrepFiles(uint param_1)	006B5AA0	Library::DKW::TBL::FUN_006b5aa0	int __stdcall FUN_006b5aa0(DArrayTy * param_1, char * text)	-576	276	/char	1	276	output_values_neg_240	Stack[-0x23f]:1:local_23f:/undefined1:DEFAULT: | Stack[-0x240]:1:local_240:/undefined:DEFAULT:	005B01EE@005B01EC<-005B01E6		needs_two_exact_output_calls	last explicit scalar-pointer parameter; exact EBP-rooted argument; callee return is tested and drives a width-1 pointer walk;
0	005C1340	MReportTy::SetCtrl	void __thiscall SetCtrl(int param_1)	006E3B50	AppClassTy::PostNextMessage	int __thiscall PostNextMessage(undefined4 * param_1)	-44	8	/undefined4	4	2	output_values_neg_2C	Stack[-0x2c]:1:local_2c:/undefined:DEFAULT:	005C1521@005C150F<-005C1507		needs_two_exact_output_calls	last explicit scalar-pointer parameter; exact EBP-rooted argument; callee return is tested and drives a width-4 pointer walk;
0	005C7800	SubmarineTitans::Recovered::HiddenThis::RecoveredReceiver_0053F510::FUN_005c7800	undefined __thiscall FUN_005c7800(void)	006C44E0	Library::DKW::DDX::FUN_006c44e0	int __stdcall FUN_006c44e0(DDXContext * param_1, undefined4 * param_2)	-72	16	/undefined4	4	4	output_values_neg_48	Stack[-0x48]:1:local_48:/undefined:DEFAULT:	005C78DC@005C78D5<-005C78D2		needs_two_exact_output_calls	last explicit scalar-pointer parameter; exact EBP-rooted argument; callee return is tested and drives a width-4 pointer walk;
0	005C7800	SubmarineTitans::Recovered::HiddenThis::RecoveredReceiver_0053F510::FUN_005c7800	undefined __thiscall FUN_005c7800(void)	006C4630	Library::DKW::DDX::FUN_006c4630	int __stdcall FUN_006c4630(DDXContext * param_1, int * param_2, undefined4 * param_3)	-72	16	/undefined4	4	4	output_values_neg_48	Stack[-0x48]:1:local_48:/undefined:DEFAULT:	005C78A4@005C789E<-005C789B		needs_two_exact_output_calls	last explicit scalar-pointer parameter; exact EBP-rooted argument; callee return is tested and drives a width-4 pointer walk;
0	005D00B0	SettMapMTy::sub_005D00B0	void __thiscall sub_005D00B0(RecoveredRecordView_005D00B0_4C4B9991 * param_1, uint param_2)	006B11D0	Library::DKW::TBL::FUN_006b11d0	int __stdcall FUN_006b11d0(uint * param_1, uint param_2, undefined4 * param_3)	-100	2	/undefined4	4	0	output_values_neg_64	Stack[-0x64]:1:local_64:/undefined:DEFAULT:	005D0114@005D0111<-005D0105		needs_two_exact_output_calls	last explicit scalar-pointer parameter; exact EBP-rooted argument; callee return is tested and drives a width-4 pointer walk;
0	005D8BF0	SIDTy::PrepFiles	void __thiscall PrepFiles(void)	006B5AA0	Library::DKW::TBL::FUN_006b5aa0	int __stdcall FUN_006b5aa0(DArrayTy * param_1, char * text)	-496	276	/char	1	276	output_values_neg_1F0	Stack[-0x1ef]:1:local_1ef:/undefined1:DEFAULT: | Stack[-0x1f0]:1:local_1f0:/undefined:DEFAULT:	005D8E79@005D8E77<-005D8E71		needs_two_exact_output_calls	last explicit scalar-pointer parameter; exact EBP-rooted argument; callee return is tested and drives a width-1 pointer walk;
0	005DCE90	StartSystemTy::GetMessage	int __thiscall GetMessage(STMessage * message)	006E3B50	AppClassTy::PostNextMessage	int __thiscall PostNextMessage(undefined4 * param_1)	-40	12	/undefined4	4	3	output_values_neg_28	Stack[-0x28]:1:local_28:/undefined:DEFAULT:	005DD00C@005DCFFF<-005DCFF5		needs_two_exact_output_calls	last explicit scalar-pointer parameter; exact EBP-rooted argument; callee return is tested and drives a width-4 pointer walk;
0	005E1330	MTaskTy::PlayScript	undefined __thiscall PlayScript(void)	006B5AA0	Library::DKW::TBL::FUN_006b5aa0	int __stdcall FUN_006b5aa0(DArrayTy * param_1, char * text)	-3128	8	/char	1	8	output_values_neg_C38	Stack[-0xc38]:1:local_c38:/undefined:DEFAULT:	005E23E0@005E23DE<-005E23D2|005E241B@005E2419<-005E240D|005E2471@005E246F<-005E2463		needs_two_count_driven_consumers	last explicit scalar-pointer parameter; exact EBP-rooted argument; callee return is tested and drives a width-1 pointer walk;
0	005E1330	MTaskTy::PlayScript	undefined __thiscall PlayScript(void)	006B11D0	Library::DKW::TBL::FUN_006b11d0	int __stdcall FUN_006b11d0(uint * param_1, uint param_2, undefined4 * param_3)	-228	9	/undefined4	4	2	output_values_neg_E4	Stack[-0xe4]:1:local_e4:/undefined:DEFAULT:	005E33A4@005E334E<-005E333F|005E33D0@005E33B6<-005E33AF|005E3401@005E33E2<-005E33DB|005E3474@005E3413<-005E340C|005E34D4@005E34CD<-005E347E		needs_two_count_driven_consumers	last explicit scalar-pointer parameter; exact EBP-rooted argument; callee return is tested and drives a width-4 pointer walk;
0	005E1330	MTaskTy::PlayScript	undefined __thiscall PlayScript(void)	006B11D0	Library::DKW::TBL::FUN_006b11d0	int __stdcall FUN_006b11d0(uint * param_1, uint param_2, undefined4 * param_3)	-120	11	/undefined4	4	2	output_values_neg_78	Stack[-0x6f]:1:local_6f:/undefined1:DEFAULT: | Stack[-0x73]:4:local_73:/undefined4:DEFAULT: | Stack[-0x77]:4:local_77:/undefined4:DEFAULT: | Stack[-0x78]:1:local_78:/undefined:DEFAULT:	005E150A@005E1507<-005E14FA|005E1556@005E154C<-005E1542|005E15A2@005E1598<-005E158E|005E15EE@005E15E4<-005E15DA|005E163A@005E1630<-005E1626|005E1686@005E167C<-005E1672|005E170E@005E16FD<-005E16F9|005E175A@005E1750<-005E1746|005E17A6@005E179C<-005E1792|005E17F2@005E17E8<-005E17DE|005E183E@005E1834<-005E182A|005E188A@005E1880<-005E1876|005E18D6@005E18CC<-005E18C2|005E1922@005E1918<-005E190E|005E19AA@005E1999<-005E1995|005E19F6@005E19EC<-005E19E2|005E1A42@005E1A38<-005E1A2E|005E1A8E@005E1A84<-005E1A7A|005E1ADA@005E1AD0<-005E1AC6		needs_two_count_driven_consumers	last explicit scalar-pointer parameter; exact EBP-rooted argument; callee return is tested and drives a width-4 pointer walk;
0	005EAF10	STArtiafactC::GetMessage	int __thiscall GetMessage(STMessage * message)	006E62D0	STPlaySystemC::sub_006E62D0	int __thiscall sub_006E62D0(RecoveredRecordView_005EFAE0_855D930D * param_1, int * param_2)	-20	8	/int	4	2	output_values_neg_14	Stack[-0x10]:4:local_10:/undefined4:DEFAULT: | Stack[-0x14]:4:local_14:/undefined4:DEFAULT:	005EB83A@005EB832<-005EB82F		needs_two_exact_output_calls	last explicit scalar-pointer parameter; exact EBP-rooted argument; callee return is tested and drives a width-4 pointer walk;
0	005EBCB0	STArtiafactC::sub_005EBCB0	void __thiscall sub_005EBCB0(void)	006E60A0	sub_006E60A0	int __thiscall sub_006E60A0(undefined4 * param_1)	-36	12	/undefined4	4	3	output_values_neg_24	Stack[-0x24]:1:local_24:/undefined:DEFAULT:	005EBCD3@005EBCC6<-005EBCB9		needs_two_exact_output_calls	last explicit scalar-pointer parameter; exact EBP-rooted argument; callee return is tested and drives a width-4 pointer walk;
0	005EC6A0	FUN_005ec6a0	undefined __fastcall FUN_005ec6a0(RecoveredRecordView_005EC6A0_14461677 * param_1)	006E62D0	STPlaySystemC::sub_006E62D0	int __thiscall sub_006E62D0(RecoveredRecordView_005EFAE0_855D930D * param_1, int * param_2)	-8	8	/int	4	2	output_values_neg_8	Stack[-0x8]:4:local_8:/undefined4:DEFAULT:	005EC6EE@005EC6EC<-005EC6E9		needs_two_exact_output_calls	last explicit scalar-pointer parameter; exact EBP-rooted argument; callee return is tested and drives a width-4 pointer walk;
0	005EE6E0	FUN_005ee6e0	undefined4 __fastcall FUN_005ee6e0(RecoveredRecordView_005EE6E0_769300DA * param_1)	006E5810	SystemClassTy::PostMessage	int __thiscall PostMessage(undefined4 * param_1)	-56	8	/undefined4	4	2	output_values_neg_38	Stack[-0x38]:1:local_38:/undefined:DEFAULT:	005EEB30@005EEB18<-005EEB15		needs_two_exact_output_calls	last explicit scalar-pointer parameter; exact EBP-rooted argument; callee return is tested and drives a width-4 pointer walk;
0	005EE6E0	FUN_005ee6e0	undefined4 __fastcall FUN_005ee6e0(RecoveredRecordView_005EE6E0_769300DA * param_1)	005ED1C0	FUN_005ed1c0	int __thiscall FUN_005ed1c0(int * param_1, int * param_2, int * param_3, int * param_4)	-24	24	/int	4	6	output_values_neg_18	Stack[-0x10]:4:local_10:/undefined4:DEFAULT: | Stack[-0x14]:4:local_14:/undefined4:DEFAULT: | Stack[-0x18]:4:local_18:/undefined4:DEFAULT: | Stack[-0x8]:4:local_8:/undefined4:DEFAULT: | Stack[-0xc]:4:local_c:/undefined4:DEFAULT:	005EE95B@005EE94F<-005EE949|005EEA48@005EEA3C<-005EEA36		needs_two_count_driven_consumers	last explicit scalar-pointer parameter; exact EBP-rooted argument; callee return is tested and drives a width-4 pointer walk;
0	005EE6E0	FUN_005ee6e0	undefined4 __fastcall FUN_005ee6e0(RecoveredRecordView_005EE6E0_769300DA * param_1)	005EDE30	FUN_005ede30	undefined4 __thiscall FUN_005ede30(undefined4 * param_1, undefined4 * param_2, int * param_3)	-20	20	/int	4	5	output_values_neg_14	Stack[-0x10]:4:local_10:/undefined4:DEFAULT: | Stack[-0x14]:4:local_14:/undefined4:DEFAULT: | Stack[-0x8]:4:local_8:/undefined4:DEFAULT: | Stack[-0xc]:4:local_c:/undefined4:DEFAULT:	005EE7DD@005EE7D5<-005EE7CF		needs_two_exact_output_calls	last explicit scalar-pointer parameter; exact EBP-rooted argument; callee return is tested and drives a width-4 pointer walk;
0	005EEFF0	FUN_005eeff0	void __thiscall FUN_005eeff0(int param_1)	00558C00	VisibleClassTy::sub_00558C00	undefined4 __thiscall sub_00558C00(VisibleClassTy_sub_00558C00_param_1Enum param_1, int param_2, int param_3, int * param_4, int * param_5)	-12	12	/int	4	3	output_values_neg_C	Stack[-0x8]:4:local_8:/undefined4:DEFAULT: | Stack[-0xc]:4:local_c:/undefined4:DEFAULT:	005EF0F6@005EF0E9<-005EF0E3		needs_two_exact_output_calls	last explicit scalar-pointer parameter; exact EBP-rooted argument; callee return is tested and drives a width-4 pointer walk;
0	005EEFF0	FUN_005eeff0	void __thiscall FUN_005eeff0(int param_1)	00558C00	VisibleClassTy::sub_00558C00	undefined4 __thiscall sub_00558C00(VisibleClassTy_sub_00558C00_param_1Enum param_1, int param_2, int param_3, int * param_4, int * param_5)	-8	8	/int	4	2	output_values_neg_8	Stack[-0x8]:4:local_8:/undefined4:DEFAULT:	005EF2B9@005EF2AC<-005EF2A6		needs_two_exact_output_calls	last explicit scalar-pointer parameter; exact EBP-rooted argument; callee return is tested and drives a width-4 pointer walk;
0	005EF6C0	FUN_005ef6c0	undefined __thiscall FUN_005ef6c0(int param_1)	006E62D0	STPlaySystemC::sub_006E62D0	int __thiscall sub_006E62D0(RecoveredRecordView_005EFAE0_855D930D * param_1, int * param_2)	-8	8	/int	4	2	output_values_neg_8	Stack[-0x8]:4:local_8:/undefined4:DEFAULT:	005EF713@005EF711<-005EF70E		needs_two_exact_output_calls	last explicit scalar-pointer parameter; exact EBP-rooted argument; callee return is tested and drives a width-4 pointer walk;
0	005F1380	FUN_005f1380	int __fastcall FUN_005f1380(RecoveredRecord_005F1380_AD368A85 * param_1)	006E60A0	sub_006E60A0	int __thiscall sub_006E60A0(undefined4 * param_1)	-36	12	/undefined4	4	3	output_values_neg_24	Stack[-0x24]:1:local_24:/undefined:DEFAULT:	005F139E@005F138C<-005F1389		needs_two_exact_output_calls	last explicit scalar-pointer parameter; exact EBP-rooted argument; callee return is tested and drives a width-4 pointer walk;
0	005F19A0	STManBasisC::sub_005F19A0	undefined __thiscall sub_005F19A0(void)	00558C00	VisibleClassTy::sub_00558C00	undefined4 __thiscall sub_00558C00(VisibleClassTy_sub_00558C00_param_1Enum param_1, int param_2, int param_3, int * param_4, int * param_5)	-64	44	/int	4	11	output_values_neg_40	Stack[-0x18]:4:local_18:/undefined4:DEFAULT: | Stack[-0x1c]:4:local_1c:/undefined4:DEFAULT: | Stack[-0x20]:4:local_20:/undefined4:DEFAULT: | Stack[-0x24]:4:local_24:/undefined4:DEFAULT: | Stack[-0x28]:4:local_28:/undefined4:DEFAULT: | Stack[-0x2c]:4:local_2c:/undefined4:DEFAULT: | Stack[-0x30]:4:local_30:/undefined4:DEFAULT: | Stack[-0x34]:4:local_34:/undefined4:DEFAULT: | Stack[-0x38]:4:local_38:/undefined4:DEFAULT: | Stack[-0x3c]:4:local_3c:/undefined4:DEFAULT: | Stack[-0x40]:4:local_40:/undefined4:DEFAULT:	005F1C07@005F1BFA<-005F1BF4		needs_two_exact_output_calls	last explicit scalar-pointer parameter; exact EBP-rooted argument; callee return is tested and drives a width-4 pointer walk;
0	005F19A0	STManBasisC::sub_005F19A0	undefined __thiscall sub_005F19A0(void)	00558C00	VisibleClassTy::sub_00558C00	undefined4 __thiscall sub_00558C00(VisibleClassTy_sub_00558C00_param_1Enum param_1, int param_2, int param_3, int * param_4, int * param_5)	-52	32	/int	4	8	output_values_neg_34	Stack[-0x18]:4:local_18:/undefined4:DEFAULT: | Stack[-0x1c]:4:local_1c:/undefined4:DEFAULT: | Stack[-0x20]:4:local_20:/undefined4:DEFAULT: | Stack[-0x24]:4:local_24:/undefined4:DEFAULT: | Stack[-0x28]:4:local_28:/undefined4:DEFAULT: | Stack[-0x2c]:4:local_2c:/undefined4:DEFAULT: | Stack[-0x30]:4:local_30:/undefined4:DEFAULT: | Stack[-0x34]:4:local_34:/undefined4:DEFAULT:	005F1B82@005F1B6F<-005F1B69		needs_two_exact_output_calls	last explicit scalar-pointer parameter; exact EBP-rooted argument; callee return is tested and drives a width-4 pointer walk;
0	005F19A0	STManBasisC::sub_005F19A0	undefined __thiscall sub_005F19A0(void)	00558C00	VisibleClassTy::sub_00558C00	undefined4 __thiscall sub_00558C00(VisibleClassTy_sub_00558C00_param_1Enum param_1, int param_2, int param_3, int * param_4, int * param_5)	-44	24	/int	4	6	output_values_neg_2C	Stack[-0x18]:4:local_18:/undefined4:DEFAULT: | Stack[-0x1c]:4:local_1c:/undefined4:DEFAULT: | Stack[-0x20]:4:local_20:/undefined4:DEFAULT: | Stack[-0x24]:4:local_24:/undefined4:DEFAULT: | Stack[-0x28]:4:local_28:/undefined4:DEFAULT: | Stack[-0x2c]:4:local_2c:/undefined4:DEFAULT:	005F1AEB@005F1AD2<-005F1ACF		needs_two_exact_output_calls	last explicit scalar-pointer parameter; exact EBP-rooted argument; callee return is tested and drives a width-4 pointer walk;
0	005F19A0	STManBasisC::sub_005F19A0	undefined __thiscall sub_005F19A0(void)	00558C00	VisibleClassTy::sub_00558C00	undefined4 __thiscall sub_00558C00(VisibleClassTy_sub_00558C00_param_1Enum param_1, int param_2, int param_3, int * param_4, int * param_5)	-36	16	/int	4	4	output_values_neg_24	Stack[-0x18]:4:local_18:/undefined4:DEFAULT: | Stack[-0x1c]:4:local_1c:/undefined4:DEFAULT: | Stack[-0x20]:4:local_20:/undefined4:DEFAULT: | Stack[-0x24]:4:local_24:/undefined4:DEFAULT:	005F1A43@005F1A33<-005F1A30		needs_two_exact_output_calls	last explicit scalar-pointer parameter; exact EBP-rooted argument; callee return is tested and drives a width-4 pointer walk;
0	005F23D0	STManBasisC::sub_005F23D0	undefined4 __thiscall sub_005F23D0(int param_1, int param_2, int param_3, uint param_4, int param_5, int param_6)	00558C00	VisibleClassTy::sub_00558C00	undefined4 __thiscall sub_00558C00(VisibleClassTy_sub_00558C00_param_1Enum param_1, int param_2, int param_3, int * param_4, int * param_5)	-28	28	/int	4	7	output_values_neg_1C	Stack[-0x10]:4:local_10:/undefined4:DEFAULT: | Stack[-0x14]:4:local_14:/undefined4:DEFAULT: | Stack[-0x18]:4:local_18:/undefined4:DEFAULT: | Stack[-0x1c]:4:local_1c:/undefined4:DEFAULT: | Stack[-0x8]:4:local_8:/undefined4:DEFAULT: | Stack[-0xc]:4:local_c:/undefined4:DEFAULT:	005F2632@005F2628<-005F2622		needs_two_exact_output_calls	last explicit scalar-pointer parameter; exact EBP-rooted argument; callee return is tested and drives a width-4 pointer walk;
0	005F23D0	STManBasisC::sub_005F23D0	undefined4 __thiscall sub_005F23D0(int param_1, int param_2, int param_3, uint param_4, int param_5, int param_6)	00558C00	VisibleClassTy::sub_00558C00	undefined4 __thiscall sub_00558C00(VisibleClassTy_sub_00558C00_param_1Enum param_1, int param_2, int param_3, int * param_4, int * param_5)	-24	24	/int	4	6	output_values_neg_18	Stack[-0x10]:4:local_10:/undefined4:DEFAULT: | Stack[-0x14]:4:local_14:/undefined4:DEFAULT: | Stack[-0x18]:4:local_18:/undefined4:DEFAULT: | Stack[-0x8]:4:local_8:/undefined4:DEFAULT: | Stack[-0xc]:4:local_c:/undefined4:DEFAULT:	005F25AA@005F259A<-005F2594		needs_two_exact_output_calls	last explicit scalar-pointer parameter; exact EBP-rooted argument; callee return is tested and drives a width-4 pointer walk;
0	005F23D0	STManBasisC::sub_005F23D0	undefined4 __thiscall sub_005F23D0(int param_1, int param_2, int param_3, uint param_4, int param_5, int param_6)	00558C00	VisibleClassTy::sub_00558C00	undefined4 __thiscall sub_00558C00(VisibleClassTy_sub_00558C00_param_1Enum param_1, int param_2, int param_3, int * param_4, int * param_5)	-16	16	/int	4	4	output_values_neg_10	Stack[-0x10]:4:local_10:/undefined4:DEFAULT: | Stack[-0x8]:4:local_8:/undefined4:DEFAULT: | Stack[-0xc]:4:local_c:/undefined4:DEFAULT:	005F251A@005F2507<-005F2501		needs_two_exact_output_calls	last explicit scalar-pointer parameter; exact EBP-rooted argument; callee return is tested and drives a width-4 pointer walk;
0	005F27C0	STBHEShellC::GetMessage	int __thiscall GetMessage(STMessage * message)	00558C00	VisibleClassTy::sub_00558C00	undefined4 __thiscall sub_00558C00(VisibleClassTy_sub_00558C00_param_1Enum param_1, int param_2, int param_3, int * param_4, int * param_5)	-40	12	/int	4	3	output_values_neg_28	Stack[-0x20]:4:local_20:/undefined4:DEFAULT: | Stack[-0x24]:4:local_24:/undefined4:DEFAULT: | Stack[-0x28]:4:local_28:/undefined4:DEFAULT:	005F2EE9@005F2EDC<-005F2ED6		needs_two_exact_output_calls	last explicit scalar-pointer parameter; exact EBP-rooted argument; callee return is tested and drives a width-4 pointer walk;
0	005F3470	STBHEShellC::sub_005F3470	void __thiscall sub_005F3470(void)	006E60A0	sub_006E60A0	int __thiscall sub_006E60A0(undefined4 * param_1)	-36	12	/undefined4	4	3	output_values_neg_24	Stack[-0x24]:1:local_24:/undefined:DEFAULT:	005F348E@005F347C<-005F3479		needs_two_exact_output_calls	last explicit scalar-pointer parameter; exact EBP-rooted argument; callee return is tested and drives a width-4 pointer walk;
0	005F3940	FUN_005f3940	int __stdcall FUN_005f3940(int param_1, int param_2, int param_3)	00558C00	VisibleClassTy::sub_00558C00	undefined4 __thiscall sub_00558C00(VisibleClassTy_sub_00558C00_param_1Enum param_1, int param_2, int param_3, int * param_4, int * param_5)	-8	8	/int	4	2	output_values_neg_8	Stack[-0x8]:4:local_8:/undefined4:DEFAULT:	005F3A3E@005F3A37<-005F3A31		needs_two_exact_output_calls	last explicit scalar-pointer parameter; exact EBP-rooted argument; callee return is tested and drives a width-4 pointer walk;
0	005F3BF0	STBHEShellC::sub_005F3BF0	int __thiscall sub_005F3BF0(int param_1, int param_2, undefined4 param_3, char param_4)	005F3B30	FUN_005f3b30	int __stdcall FUN_005f3b30(float param_1, float param_2, float param_3, float param_4, float * param_5)	-32	32	/float	4	8	output_values_neg_20	Stack[-0x10]:4:local_10:/undefined4:DEFAULT: | Stack[-0x14]:4:local_14_mg0:/undefined4:ANALYSIS: | Stack[-0x18]:4:local_18:/undefined4:DEFAULT: | Stack[-0x1c]:4:local_1c:/undefined4:DEFAULT: | Stack[-0x20]:4:local_20:/undefined4:DEFAULT: | Stack[-0x8]:4:local_8:/undefined4:DEFAULT: | Stack[-0xc]:4:local_c:/undefined4:DEFAULT:	005F3EC5@005F3E8C<-005F3E89|005F4096@005F4077<-005F406F		needs_two_count_driven_consumers	last explicit scalar-pointer parameter; exact EBP-rooted argument; callee return is tested and drives a width-4 pointer walk;
0	005F4680	STBHEShellC::sub_005F4680	undefined __thiscall sub_005F4680(void)	00558C00	VisibleClassTy::sub_00558C00	undefined4 __thiscall sub_00558C00(VisibleClassTy_sub_00558C00_param_1Enum param_1, int param_2, int param_3, int * param_4, int * param_5)	-16	16	/int	4	4	output_values_neg_10	Stack[-0x10]:4:local_10:/undefined4:DEFAULT: | Stack[-0x8]:4:local_8:/undefined4:DEFAULT: | Stack[-0xc]:4:local_c:/undefined4:DEFAULT:	005F4767@005F475A<-005F4754		needs_two_exact_output_calls	last explicit scalar-pointer parameter; exact EBP-rooted argument; callee return is tested and drives a width-4 pointer walk;
0	005F5440	FUN_005f5440	void __fastcall FUN_005f5440(AnonShape_005F5440_D27C3BDE * param_1)	00558C00	VisibleClassTy::sub_00558C00	undefined4 __thiscall sub_00558C00(VisibleClassTy_sub_00558C00_param_1Enum param_1, int param_2, int param_3, int * param_4, int * param_5)	-20	20	/int	4	5	output_values_neg_14	Stack[-0x10]:4:local_10:/undefined4:DEFAULT: | Stack[-0x14]:4:local_14:/undefined4:DEFAULT: | Stack[-0x8]:4:local_8:/undefined4:DEFAULT: | Stack[-0xc]:4:local_c:/undefined4:DEFAULT:	005F5567@005F555A<-005F5554		needs_two_exact_output_calls	last explicit scalar-pointer parameter; exact EBP-rooted argument; callee return is tested and drives a width-4 pointer walk;
0	005F66B0	STColl3C::sub_005F66B0	int __thiscall sub_005F66B0(void)	006E60A0	sub_006E60A0	int __thiscall sub_006E60A0(undefined4 * param_1)	-36	12	/undefined4	4	3	output_values_neg_24	Stack[-0x24]:1:local_24:/undefined:DEFAULT:	005F66CE@005F66BC<-005F66B9		needs_two_exact_output_calls	last explicit scalar-pointer parameter; exact EBP-rooted argument; callee return is tested and drives a width-4 pointer walk;
0	005F6F60	STColl3C::sub_005F6F60	undefined __thiscall sub_005F6F60(void)	005F88D0	FUN_005f88d0	int __thiscall FUN_005f88d0(int param_1, int param_2, int * param_3, undefined4 * param_4, undefined4 * param_5)	-40	16	/undefined4	4	4	output_values_neg_28	Stack[-0x1c]:1:local_1c:/undefined:DEFAULT: | Stack[-0x20]:4:local_20:/undefined4:DEFAULT: | Stack[-0x24]:4:local_24:/undefined4:DEFAULT: | Stack[-0x28]:4:local_28:/undefined4:DEFAULT:	005F7CCE@005F7CBD<-005F7CB7		needs_two_exact_output_calls	last explicit scalar-pointer parameter; exact EBP-rooted argument; callee return is tested and drives a width-4 pointer walk;
0	005F6F60	STColl3C::sub_005F6F60	undefined __thiscall sub_005F6F60(void)	005F9050	FUN_005f9050	undefined4 __thiscall FUN_005f9050(int * param_1, undefined4 * param_2)	-32	8	/undefined4	4	2	output_values_neg_20	Stack[-0x1c]:1:local_1c:/undefined:DEFAULT: | Stack[-0x20]:4:local_20:/undefined4:DEFAULT:	005F7964@005F7960<-005F795A		needs_two_exact_output_calls	last explicit scalar-pointer parameter; exact EBP-rooted argument; callee return is tested and drives a width-4 pointer walk;
0	005F6F60	STColl3C::sub_005F6F60	undefined __thiscall sub_005F6F60(void)	005F9CB0	FUN_005f9cb0	undefined4 __thiscall FUN_005f9cb0(int param_1, int * param_2, int * param_3, int * param_4)	-16	6	/int	4	1	output_values_neg_10	Stack[-0x10]:4:local_10:/undefined4:DEFAULT:	005F7DF3@005F7DDE<-005F7DD8		needs_two_exact_output_calls	last explicit scalar-pointer parameter; exact EBP-rooted argument; callee return is tested and drives a width-4 pointer walk;
0	005F6F60	STColl3C::sub_005F6F60	undefined __thiscall sub_005F6F60(void)	005FA360	FUN_005fa360	int __thiscall FUN_005fa360(undefined4 * param_1, int param_2, int param_3, int param_4, int * param_5, int * param_6, int * param_7)	-16	6	/int	4	1	output_values_neg_10	Stack[-0x10]:4:local_10:/undefined4:DEFAULT:	005F768D@005F7672<-005F766C|005F77C4@005F77A9<-005F77A3|005F78D4@005F78B9<-005F78B3|005F7AD1@005F7AB6<-005F7AB0|005F7E8F@005F7E74<-005F7E6E		needs_two_count_driven_consumers	last explicit scalar-pointer parameter; exact EBP-rooted argument; callee return is tested and drives a width-4 pointer walk;
0	005F8CC0	FUN_005f8cc0	undefined __fastcall FUN_005f8cc0(void * param_1)	005F8BA0	FUN_005f8ba0	undefined4 __thiscall FUN_005f8ba0(undefined4 * param_1, undefined4 * param_2, int * param_3)	-8	8	/int	4	2	output_values_neg_8	Stack[-0x8]:4:local_8:/undefined4:DEFAULT:	005F8CD7@005F8CCF<-005F8CC9		needs_two_exact_output_calls	last explicit scalar-pointer parameter; exact EBP-rooted argument; callee return is tested and drives a width-4 pointer walk;
0	005FA8B0	STColl3C::sub_005FA8B0	int __thiscall sub_005FA8B0(int * param_1, int * param_2, int * param_3)	006E62D0	STPlaySystemC::sub_006E62D0	int __thiscall sub_006E62D0(RecoveredRecordView_005EFAE0_855D930D * param_1, int * param_2)	-20	10	/int	4	2	output_values_neg_14	Stack[-0x10]:4:local_10:/undefined4:DEFAULT: | Stack[-0x14]:4:local_14:/undefined4:DEFAULT:	005FA95E@005FA956<-005FA953		needs_two_exact_output_calls	last explicit scalar-pointer parameter; exact EBP-rooted argument; callee return is tested and drives a width-4 pointer walk;
0	005FB1F0	STColl3C::vfunc_DC	uint __thiscall vfunc_DC(short param_1, short param_2, short param_3, short param_4, short param_5, short param_6)	0060E680	FUN_0060e680	undefined4 __cdecl FUN_0060e680(uint param_1, uint param_2, uint param_3, uint param_4, uint param_5, uint param_6, int * param_7, RecoveredRecord_0060E680_206C65A9 * param_8, uint * param_9, uint * param_10, uint * param_11)	-16	16	/uint	4	4	output_values_neg_10	Stack[-0x10]:4:local_10:/undefined4:DEFAULT: | Stack[-0x8]:4:local_8:/undefined4:DEFAULT: | Stack[-0xc]:4:local_c:/undefined4:DEFAULT:	005FB382@005FB35D<-005FB35A		needs_two_exact_output_calls	last explicit scalar-pointer parameter; exact EBP-rooted argument; callee return is tested and drives a width-4 pointer walk;
0	005FB640	STContainerC::GetMessage	int __thiscall GetMessage(STMessage * message)	006E62D0	STPlaySystemC::sub_006E62D0	int __thiscall sub_006E62D0(RecoveredRecordView_005EFAE0_855D930D * param_1, int * param_2)	-24	8	/int	4	2	output_values_neg_18	Stack[-0x14]:4:local_14:/undefined4:DEFAULT: | Stack[-0x18]:4:local_18:/undefined4:DEFAULT:	005FB7A5@005FB79D<-005FB79A		needs_two_exact_output_calls	last explicit scalar-pointer parameter; exact EBP-rooted argument; callee return is tested and drives a width-4 pointer walk;
0	005FC3E0	STContainerC::sub_005FC3E0	int __thiscall sub_005FC3E0(void)	006E60A0	sub_006E60A0	int __thiscall sub_006E60A0(undefined4 * param_1)	-36	12	/undefined4	4	3	output_values_neg_24	Stack[-0x24]:1:local_24:/undefined:DEFAULT:	005FC403@005FC3F6<-005FC3E9		needs_two_exact_output_calls	last explicit scalar-pointer parameter; exact EBP-rooted argument; callee return is tested and drives a width-4 pointer walk;
0	005FCEB0	FUN_005fceb0	undefined __fastcall FUN_005fceb0(RecoveredRecordView_005FCEB0_0C5FE3FD * param_1)	006E62D0	STPlaySystemC::sub_006E62D0	int __thiscall sub_006E62D0(RecoveredRecordView_005EFAE0_855D930D * param_1, int * param_2)	-8	8	/int	4	2	output_values_neg_8	Stack[-0x8]:4:local_8:/undefined4:DEFAULT:	005FCEF9@005FCEEA<-005FCEE7		needs_two_exact_output_calls	last explicit scalar-pointer parameter; exact EBP-rooted argument; callee return is tested and drives a width-4 pointer walk;
0	005FD3A0	FUN_005fd3a0	int __thiscall FUN_005fd3a0(STMessage * message)	005FF3A0	FUN_005ff3a0	int __thiscall FUN_005ff3a0(uint * param_1, short * param_2, short * param_3)	-8	8	/short	2	4	output_values_neg_8	Stack[-0x6]:2:local_6:/undefined2:DEFAULT: | Stack[-0x8]:2:local_8:/undefined2:DEFAULT:	005FD453@005FD44B<-005FD445		needs_two_exact_output_calls	last explicit scalar-pointer parameter; exact EBP-rooted argument; callee return is tested and drives a width-2 pointer walk;
0	005FD6A0	FUN_005fd6a0	int __fastcall FUN_005fd6a0(RecoveredRecord_005FD6A0_EC193285 * param_1)	006E60A0	sub_006E60A0	int __thiscall sub_006E60A0(undefined4 * param_1)	-36	12	/undefined4	4	3	output_values_neg_24	Stack[-0x24]:1:local_24:/undefined:DEFAULT:	005FD6BE@005FD6AC<-005FD6A9		needs_two_exact_output_calls	last explicit scalar-pointer parameter; exact EBP-rooted argument; callee return is tested and drives a width-4 pointer walk;
0	005FDB50	SubmarineTitans::Recovered::HiddenThis::RecoveredReceiver_005FDB50::FUN_005fdb50	int __thiscall FUN_005fdb50(int param_1, int param_2)	00558C00	VisibleClassTy::sub_00558C00	undefined4 __thiscall sub_00558C00(VisibleClassTy_sub_00558C00_param_1Enum param_1, int param_2, int param_3, int * param_4, int * param_5)	-40	40	/int	4	10	output_values_neg_28	Stack[-0x10]:4:local_10:/undefined4:DEFAULT: | Stack[-0x14]:4:local_14:/undefined4:DEFAULT: | Stack[-0x18]:4:local_18:/undefined4:DEFAULT: | Stack[-0x1c]:4:local_1c:/undefined4:DEFAULT: | Stack[-0x20]:4:local_20:/undefined4:DEFAULT: | Stack[-0x24]:4:local_24:/undefined4:DEFAULT: | Stack[-0x28]:4:local_28:/undefined4:DEFAULT: | Stack[-0x8]:4:local_8:/undefined4:DEFAULT: | Stack[-0xc]:4:local_c:/undefined4:DEFAULT:	005FE055@005FE045<-005FE042		needs_two_exact_output_calls	last explicit scalar-pointer parameter; exact EBP-rooted argument; callee return is tested and drives a width-4 pointer walk;
0	005FDB50	SubmarineTitans::Recovered::HiddenThis::RecoveredReceiver_005FDB50::FUN_005fdb50	int __thiscall FUN_005fdb50(int param_1, int param_2)	00558C00	VisibleClassTy::sub_00558C00	undefined4 __thiscall sub_00558C00(VisibleClassTy_sub_00558C00_param_1Enum param_1, int param_2, int param_3, int * param_4, int * param_5)	-32	32	/int	4	8	output_values_neg_20	Stack[-0x10]:4:local_10:/undefined4:DEFAULT: | Stack[-0x14]:4:local_14:/undefined4:DEFAULT: | Stack[-0x18]:4:local_18:/undefined4:DEFAULT: | Stack[-0x1c]:4:local_1c:/undefined4:DEFAULT: | Stack[-0x20]:4:local_20:/undefined4:DEFAULT: | Stack[-0x8]:4:local_8:/undefined4:DEFAULT: | Stack[-0xc]:4:local_c:/undefined4:DEFAULT:	005FDE2F@005FDE1F<-005FDE1C		needs_two_exact_output_calls	last explicit scalar-pointer parameter; exact EBP-rooted argument; callee return is tested and drives a width-4 pointer walk;
0	005FE5D0	FUN_005fe5d0	int __thiscall FUN_005fe5d0(int param_1, undefined2 * param_2, RecoveredRecord_005FE5D0_FE3006E4 * param_3)	005FE280	FUN_005fe280	int __stdcall FUN_005fe280(short * param_1, int param_2, int * param_3, int * param_4, int * param_5)	-24	24	/int	4	6	output_values_neg_18	Stack[-0x10]:4:local_10:/undefined4:DEFAULT: | Stack[-0x14]:4:local_14:/undefined4:DEFAULT: | Stack[-0x18]:4:local_18:/undefined4:DEFAULT: | Stack[-0x8]:4:local_8:/undefined4:DEFAULT: | Stack[-0xc]:4:local_c:/undefined4:DEFAULT:	005FE689@005FE67F<-005FE679		needs_two_exact_output_calls	last explicit scalar-pointer parameter; exact EBP-rooted argument; callee return is tested and drives a width-4 pointer walk;
0	005FFF60	FUN_005fff60	undefined4 __thiscall FUN_005fff60(int param_1, int param_2)	005FF3A0	FUN_005ff3a0	int __thiscall FUN_005ff3a0(uint * param_1, short * param_2, short * param_3)	-24	0	/short	2	0	output_values_neg_18		005FFF84@005FFF77<-005FFF6A		needs_two_exact_output_calls	last explicit scalar-pointer parameter; exact EBP-rooted argument; callee return is tested and drives a width-2 pointer walk;
0	005FFF60	FUN_005fff60	undefined4 __thiscall FUN_005fff60(int param_1, int param_2)	005FF430	FUN_005ff430	undefined4 __thiscall FUN_005ff430(Global_sub_005FF430_param_1Enum param_1, int param_2, uint param_3, uint param_4, undefined4 param_5, short * param_6, short * param_7, undefined2 * param_8)	-16	4	/undefined2	2	2	output_values_neg_10	Stack[-0x10]:2:local_10:/undefined2:DEFAULT:	005FFFBE@005FFFA5<-005FFF9F		needs_two_exact_output_calls	last explicit scalar-pointer parameter; exact EBP-rooted argument; callee return is tested and drives a width-2 pointer walk;
0	006001E0	FUN_006001e0	uint __thiscall FUN_006001e0(int param_1)	005FE280	FUN_005fe280	int __stdcall FUN_005fe280(short * param_1, int param_2, int * param_3, int * param_4, int * param_5)	-20	4	/int	4	1	output_values_neg_14	Stack[-0x14]:2:local_14:/undefined2:DEFAULT:	006002F5@006002DF<-006002D9		needs_two_exact_output_calls	last explicit scalar-pointer parameter; exact EBP-rooted argument; callee return is tested and drives a width-4 pointer walk;
0	00600750	FUN_00600750	undefined4 __fastcall FUN_00600750(RecoveredRecordView_00600750_34156DAE * param_1)	00558C00	VisibleClassTy::sub_00558C00	undefined4 __thiscall sub_00558C00(VisibleClassTy_sub_00558C00_param_1Enum param_1, int param_2, int param_3, int * param_4, int * param_5)	-44	44	/int	4	11	output_values_neg_2C	Stack[-0x10]:4:local_10:/undefined4:DEFAULT: | Stack[-0x14]:4:local_14:/undefined4:DEFAULT: | Stack[-0x18]:4:local_18:/undefined4:DEFAULT: | Stack[-0x1c]:4:local_1c:/undefined4:DEFAULT: | Stack[-0x20]:4:local_20:/undefined4:DEFAULT: | Stack[-0x24]:4:local_24:/undefined4:DEFAULT: | Stack[-0x28]:4:local_28:/undefined4:DEFAULT: | Stack[-0x2c]:4:local_2c:/undefined4:DEFAULT: | Stack[-0x8]:4:local_8:/undefined4:DEFAULT: | Stack[-0xc]:4:local_c:/undefined4:DEFAULT:	00600DB5@00600DA5<-00600DA2		needs_two_exact_output_calls	last explicit scalar-pointer parameter; exact EBP-rooted argument; callee return is tested and drives a width-4 pointer walk;
0	00600750	FUN_00600750	undefined4 __fastcall FUN_00600750(RecoveredRecordView_00600750_34156DAE * param_1)	00558C00	VisibleClassTy::sub_00558C00	undefined4 __thiscall sub_00558C00(VisibleClassTy_sub_00558C00_param_1Enum param_1, int param_2, int param_3, int * param_4, int * param_5)	-36	36	/int	4	9	output_values_neg_24	Stack[-0x10]:4:local_10:/undefined4:DEFAULT: | Stack[-0x14]:4:local_14:/undefined4:DEFAULT: | Stack[-0x18]:4:local_18:/undefined4:DEFAULT: | Stack[-0x1c]:4:local_1c:/undefined4:DEFAULT: | Stack[-0x20]:4:local_20:/undefined4:DEFAULT: | Stack[-0x24]:4:local_24:/undefined4:DEFAULT: | Stack[-0x8]:4:local_8:/undefined4:DEFAULT: | Stack[-0xc]:4:local_c:/undefined4:DEFAULT:	00600A26@00600A16<-00600A13		needs_two_exact_output_calls	last explicit scalar-pointer parameter; exact EBP-rooted argument; callee return is tested and drives a width-4 pointer walk;
0	00601500	SubmarineTitans::Recovered::HiddenThis::RecoveredReceiver_00601500::FUN_00601500	int __thiscall FUN_00601500(int param_1, int param_2, int param_3, int param_4, int param_5, int param_6, int param_7, int param_8, int param_9, ushort param_10, int param_11, int param_12, int param_13)	00497850	FUN_00497850	undefined4 __stdcall FUN_00497850(int param_1, int param_2, int param_3, int param_4, int param_5, int param_6, uint param_7, int * param_8, int * param_9, int * param_10)	-28	28	/int	4	7	output_values_neg_1C	Stack[-0x10]:4:local_10:/undefined4:DEFAULT: | Stack[-0x14]:4:local_14:/undefined4:DEFAULT: | Stack[-0x18]:4:local_18:/undefined4:DEFAULT: | Stack[-0x1c]:4:local_1c:/undefined4:DEFAULT: | Stack[-0x8]:4:local_8:/undefined4:DEFAULT: | Stack[-0xc]:4:local_c:/undefined4:DEFAULT:	0060175D@00601731<-0060172B		needs_two_exact_output_calls	last explicit scalar-pointer parameter; exact EBP-rooted argument; callee return is tested and drives a width-4 pointer walk;
0	00602440	STDestC::sub_00602440	void __thiscall sub_00602440(void)	006E60A0	sub_006E60A0	int __thiscall sub_006E60A0(undefined4 * param_1)	-36	12	/undefined4	4	3	output_values_neg_24	Stack[-0x24]:1:local_24:/undefined:DEFAULT:	00602463@00602456<-00602449		needs_two_exact_output_calls	last explicit scalar-pointer parameter; exact EBP-rooted argument; callee return is tested and drives a width-4 pointer walk;
0	006028A0	FUN_006028a0	int __thiscall FUN_006028a0(int param_1, int param_2, int param_3)	00558C00	VisibleClassTy::sub_00558C00	undefined4 __thiscall sub_00558C00(VisibleClassTy_sub_00558C00_param_1Enum param_1, int param_2, int param_3, int * param_4, int * param_5)	-8	8	/int	4	2	output_values_neg_8	Stack[-0x8]:4:local_8:/undefined4:DEFAULT:	0060291F@00602918<-00602912		needs_two_exact_output_calls	last explicit scalar-pointer parameter; exact EBP-rooted argument; callee return is tested and drives a width-4 pointer walk;
0	00602BE0	STDestC::sub_00602BE0	void __thiscall sub_00602BE0(void)	00558C00	VisibleClassTy::sub_00558C00	undefined4 __thiscall sub_00558C00(VisibleClassTy_sub_00558C00_param_1Enum param_1, int param_2, int param_3, int * param_4, int * param_5)	-12	12	/int	4	3	output_values_neg_C	Stack[-0x8]:4:local_8:/undefined4:DEFAULT: | Stack[-0xc]:4:local_c:/undefined4:DEFAULT:	00602D5F@00602D4B<-00602D45		needs_two_exact_output_calls	last explicit scalar-pointer parameter; exact EBP-rooted argument; callee return is tested and drives a width-4 pointer walk;
0	00604160	FUN_00604160	int __fastcall FUN_00604160(RecoveredRecord_00604160_F1552931 * param_1)	006E60A0	sub_006E60A0	int __thiscall sub_006E60A0(undefined4 * param_1)	-36	12	/undefined4	4	3	output_values_neg_24	Stack[-0x24]:1:local_24:/undefined:DEFAULT:	0060417E@0060416C<-00604169		needs_two_exact_output_calls	last explicit scalar-pointer parameter; exact EBP-rooted argument; callee return is tested and drives a width-4 pointer walk;
0	00604350	STExplosion::sub_00604350	int __thiscall sub_00604350(void)	00558C00	VisibleClassTy::sub_00558C00	undefined4 __thiscall sub_00558C00(VisibleClassTy_sub_00558C00_param_1Enum param_1, int param_2, int param_3, int * param_4, int * param_5)	-28	28	/int	4	7	output_values_neg_1C	Stack[-0x10]:4:local_10:/undefined4:DEFAULT: | Stack[-0x14]:4:local_14:/undefined4:DEFAULT: | Stack[-0x18]:4:local_18:/undefined4:DEFAULT: | Stack[-0x1c]:4:local_1c:/undefined4:DEFAULT: | Stack[-0x8]:4:local_8:/undefined4:DEFAULT: | Stack[-0xc]:4:local_c:/undefined4:DEFAULT:	006044E3@006044D3<-006044D0		needs_two_exact_output_calls	last explicit scalar-pointer parameter; exact EBP-rooted argument; callee return is tested and drives a width-4 pointer walk;
0	00604350	STExplosion::sub_00604350	int __thiscall sub_00604350(void)	00558C00	VisibleClassTy::sub_00558C00	undefined4 __thiscall sub_00558C00(VisibleClassTy_sub_00558C00_param_1Enum param_1, int param_2, int param_3, int * param_4, int * param_5)	-24	24	/int	4	6	output_values_neg_18	Stack[-0x10]:4:local_10:/undefined4:DEFAULT: | Stack[-0x14]:4:local_14:/undefined4:DEFAULT: | Stack[-0x18]:4:local_18:/undefined4:DEFAULT: | Stack[-0x8]:4:local_8:/undefined4:DEFAULT: | Stack[-0xc]:4:local_c:/undefined4:DEFAULT:	00604585@00604578<-00604572|00604616@00604609<-00604603|006046A2@00604695<-0060468F		needs_two_count_driven_consumers	last explicit scalar-pointer parameter; exact EBP-rooted argument; callee return is tested and drives a width-4 pointer walk;
0	00604A90	STExplosionC::SaveObj	undefined4 * __thiscall SaveObj(uint * param_1)	0062AF40	FUN_0062af40	undefined4 __thiscall FUN_0062af40(undefined4 * param_1)	-44	8	/undefined4	4	2	output_values_neg_2C	Stack[-0x2c]:4:local_2c:/undefined4:DEFAULT:	00604C6B@00604C6A<-00604C67		needs_two_exact_output_calls	last explicit scalar-pointer parameter; exact EBP-rooted argument; callee return is tested and drives a width-4 pointer walk;
0	006051B0	STExplosionC::LoadImagSpr	undefined4 __thiscall LoadImagSpr(undefined4 param_1, undefined4 param_2, char param_3)	00558C00	VisibleClassTy::sub_00558C00	undefined4 __thiscall sub_00558C00(VisibleClassTy_sub_00558C00_param_1Enum param_1, int param_2, int param_3, int * param_4, int * param_5)	-32	32	/int	4	8	output_values_neg_20	Stack[-0x10]:4:local_10:/undefined4:DEFAULT: | Stack[-0x14]:4:local_14:/undefined4:DEFAULT: | Stack[-0x18]:4:local_18:/undefined4:DEFAULT: | Stack[-0x1c]:4:local_1c:/undefined4:DEFAULT: | Stack[-0x20]:4:local_20:/undefined4:DEFAULT: | Stack[-0x8]:4:local_8:/undefined4:DEFAULT: | Stack[-0xc]:4:local_c:/undefined4:DEFAULT:	0060554E@00605541<-0060553B		needs_two_exact_output_calls	last explicit scalar-pointer parameter; exact EBP-rooted argument; callee return is tested and drives a width-4 pointer walk;
0	006057C0	FUN_006057c0	undefined __fastcall FUN_006057c0(STExplosionC * param_1)	00558C00	VisibleClassTy::sub_00558C00	undefined4 __thiscall sub_00558C00(VisibleClassTy_sub_00558C00_param_1Enum param_1, int param_2, int param_3, int * param_4, int * param_5)	-16	16	/int	4	4	output_values_neg_10	Stack[-0x10]:4:local_10:/undefined4:DEFAULT: | Stack[-0x8]:4:local_8:/undefined4:DEFAULT: | Stack[-0xc]:4:local_c:/undefined4:DEFAULT:	0060589F@00605892<-0060588C		needs_two_exact_output_calls	last explicit scalar-pointer parameter; exact EBP-rooted argument; callee return is tested and drives a width-4 pointer walk;
0	00605B60	FUN_00605b60	int __thiscall FUN_00605b60(uint param_1, uint param_2, int * param_3, int param_4)	00606FD0	FUN_00606fd0	undefined4 __stdcall FUN_00606fd0(Global_sub_00606FD0_param_1Enum param_1, undefined4 * param_2, undefined4 * param_3, undefined4 * param_4, undefined4 * param_5)	-20	20	/undefined4	4	5	output_values_neg_14	Stack[-0x10]:4:local_10:/undefined4:DEFAULT: | Stack[-0x14]:4:local_14:/undefined4:DEFAULT: | Stack[-0x8]:4:local_8:/undefined4:DEFAULT: | Stack[-0xc]:4:local_c:/undefined4:DEFAULT:	00605BEB@00605BDE<-00605BD8		needs_two_exact_output_calls	last explicit scalar-pointer parameter; exact EBP-rooted argument; callee return is tested and drives a width-4 pointer walk;
0	00606050	STExplosion::sub_00606050	int __thiscall sub_00606050(int param_1, int param_2, int param_3, int param_4, uint * param_5, undefined4 param_6, int param_7, undefined4 param_8, undefined1 param_9)	00607EE0	FUN_00607ee0	undefined4 __stdcall FUN_00607ee0(Global_sub_00607EE0_param_1Enum param_1, void * * param_2, undefined4 * param_3, undefined4 * param_4, undefined4 * param_5, undefined4 * param_6)	-36	31	/undefined4	4	7	output_values_neg_24	Stack[-0x10]:4:local_10:/undefined4:DEFAULT: | Stack[-0x14]:4:local_14:/undefined4:DEFAULT: | Stack[-0x18]:4:local_18:/undefined4:DEFAULT: | Stack[-0x1c]:4:local_1c:/undefined4:DEFAULT: | Stack[-0x20]:4:local_20:/undefined4:DEFAULT: | Stack[-0x24]:4:local_24:/undefined4:DEFAULT: | Stack[-0xc]:4:local_c:/undefined4:DEFAULT:	006060B0@0060609F<-00606099		needs_two_exact_output_calls	last explicit scalar-pointer parameter; exact EBP-rooted argument; callee return is tested and drives a width-4 pointer walk;
0	00607200	FUN_00607200	int __thiscall FUN_00607200(int param_1, int param_2, int param_3, undefined4 param_4)	00606CD0	FUN_00606cd0	undefined4 __stdcall FUN_00606cd0(Global_sub_00606CD0_param_1Enum param_1, undefined4 * param_2, undefined4 * param_3, undefined4 * param_4, undefined4 * param_5)	-124	40	/undefined4	4	10	output_values_neg_7C	Stack[-0x5c]:4:local_5c:/undefined4:DEFAULT: | Stack[-0x60]:4:local_60:/undefined4:DEFAULT: | Stack[-0x64]:4:local_64:/undefined4:DEFAULT: | Stack[-0x68]:4:local_68:/undefined4:DEFAULT: | Stack[-0x6c]:4:local_6c:/undefined4:DEFAULT: | Stack[-0x70]:4:local_70:/undefined4:DEFAULT: | Stack[-0x74]:4:local_74:/undefined4:DEFAULT: | Stack[-0x78]:4:local_78:/undefined4:DEFAULT: | Stack[-0x7c]:4:local_7c:/undefined4:DEFAULT:	0060723A@0060722A<-00607221		needs_two_exact_output_calls	last explicit scalar-pointer parameter; exact EBP-rooted argument; callee return is tested and drives a width-4 pointer walk;
0	00608E90	FUN_00608e90	int __thiscall FUN_00608e90(STMessage * message)	0060C020	FUN_0060c020	int __thiscall FUN_0060c020(uint * param_1)	-8	8	/uint	4	2	output_values_neg_8	Stack[-0x8]:4:local_8:/undefined4:DEFAULT:	00609615@00609614<-0060960F		needs_two_exact_output_calls	last explicit scalar-pointer parameter; exact EBP-rooted argument; callee return is tested and drives a width-4 pointer walk;
0	006099A0	FUN_006099a0	int __fastcall FUN_006099a0(RecoveredRecord_006099A0_C28E2104 * param_1)	006E60A0	sub_006E60A0	int __thiscall sub_006E60A0(undefined4 * param_1)	-36	12	/undefined4	4	3	output_values_neg_24	Stack[-0x24]:1:local_24:/undefined:DEFAULT:	006099BE@006099AC<-006099A9		needs_two_exact_output_calls	last explicit scalar-pointer parameter; exact EBP-rooted argument; callee return is tested and drives a width-4 pointer walk;
0	0060A4B0	FUN_0060a4b0	undefined4 __fastcall FUN_0060a4b0(AnonShape_0060A4B0_7BF9A20C * param_1)	00558C00	VisibleClassTy::sub_00558C00	undefined4 __thiscall sub_00558C00(VisibleClassTy_sub_00558C00_param_1Enum param_1, int param_2, int param_3, int * param_4, int * param_5)	-32	32	/int	4	8	output_values_neg_20	Stack[-0x10]:4:local_10:/undefined4:DEFAULT: | Stack[-0x14]:4:local_14:/undefined4:DEFAULT: | Stack[-0x18]:4:local_18:/undefined4:DEFAULT: | Stack[-0x1c]:4:local_1c:/undefined4:DEFAULT: | Stack[-0x20]:4:local_20:/undefined4:DEFAULT: | Stack[-0x8]:4:local_8:/undefined4:DEFAULT: | Stack[-0xc]:4:local_c:/undefined4:DEFAULT:	0060A5DB@0060A5CE<-0060A5C8		needs_two_exact_output_calls	last explicit scalar-pointer parameter; exact EBP-rooted argument; callee return is tested and drives a width-4 pointer walk;
0	0060AEF0	FUN_0060aef0	int __fastcall FUN_0060aef0(void * param_1)	00558C00	VisibleClassTy::sub_00558C00	undefined4 __thiscall sub_00558C00(VisibleClassTy_sub_00558C00_param_1Enum param_1, int param_2, int param_3, int * param_4, int * param_5)	-216	16	/int	4	4	output_values_neg_D8	Stack[-0xd4]:4:local_d4:/undefined4:DEFAULT: | Stack[-0xd8]:4:local_d8:/undefined4:DEFAULT:	0060B586@0060B573<-0060B56D		needs_two_exact_output_calls	last explicit scalar-pointer parameter; exact EBP-rooted argument; callee return is tested and drives a width-4 pointer walk;
0	0060C2D0	FUN_0060c2d0	void __fastcall FUN_0060c2d0(STJellyGunC * param_1)	006E62D0	STPlaySystemC::sub_006E62D0	int __thiscall sub_006E62D0(RecoveredRecordView_005EFAE0_855D930D * param_1, int * param_2)	-8	8	/int	4	2	output_values_neg_8	Stack[-0x8]:4:local_8:/undefined4:DEFAULT:	0060C2E8@0060C2E0<-0060C2D7		needs_two_exact_output_calls	last explicit scalar-pointer parameter; exact EBP-rooted argument; callee return is tested and drives a width-4 pointer walk;
0	0060D070	FUN_0060d070	undefined4 __fastcall FUN_0060d070(RecoveredRecordView_0060D070_8A22D3DD * param_1)	0062CAC0	FUN_0062cac0	undefined4 __cdecl FUN_0062cac0(RecoveredRecordView_0062CAC0_558776B8 * param_1, int param_2, int param_3, int param_4, undefined4 param_5, int param_6, int param_7, short * param_8)	-36	24	/short	2	12	output_values_neg_24	Stack[-0x24]:1:local_24:/undefined:DEFAULT:	0060D16F@0060D13D<-0060D137		needs_two_exact_output_calls	last explicit scalar-pointer parameter; exact EBP-rooted argument; callee return is tested and drives a width-2 pointer walk;
0	0060DD70	FUN_0060dd70	int __fastcall FUN_0060dd70(RecoveredRecordView_0060DD70_6BD00D59 * param_1)	00558C00	VisibleClassTy::sub_00558C00	undefined4 __thiscall sub_00558C00(VisibleClassTy_sub_00558C00_param_1Enum param_1, int param_2, int param_3, int * param_4, int * param_5)	-36	36	/int	4	9	output_values_neg_24	Stack[-0x10]:4:local_10:/undefined4:DEFAULT: | Stack[-0x14]:4:local_14:/undefined4:DEFAULT: | Stack[-0x18]:4:local_18:/undefined4:DEFAULT: | Stack[-0x1c]:4:local_1c:/undefined4:DEFAULT: | Stack[-0x20]:4:local_20:/undefined4:DEFAULT: | Stack[-0x24]:4:local_24:/undefined4:DEFAULT: | Stack[-0x8]:4:local_8:/undefined4:DEFAULT: | Stack[-0xc]:4:local_c:/undefined4:DEFAULT:	0060DEE8@0060DEE1<-0060DEDB		needs_two_exact_output_calls	last explicit scalar-pointer parameter; exact EBP-rooted argument; callee return is tested and drives a width-4 pointer walk;
0	0060DD70	FUN_0060dd70	int __fastcall FUN_0060dd70(RecoveredRecordView_0060DD70_6BD00D59 * param_1)	00558C00	VisibleClassTy::sub_00558C00	undefined4 __thiscall sub_00558C00(VisibleClassTy_sub_00558C00_param_1Enum param_1, int param_2, int param_3, int * param_4, int * param_5)	-32	32	/int	4	8	output_values_neg_20	Stack[-0x10]:4:local_10:/undefined4:DEFAULT: | Stack[-0x14]:4:local_14:/undefined4:DEFAULT: | Stack[-0x18]:4:local_18:/undefined4:DEFAULT: | Stack[-0x1c]:4:local_1c:/undefined4:DEFAULT: | Stack[-0x20]:4:local_20:/undefined4:DEFAULT: | Stack[-0x8]:4:local_8:/undefined4:DEFAULT: | Stack[-0xc]:4:local_c:/undefined4:DEFAULT:	0060DF8D@0060DF80<-0060DF7A|0060E01B@0060E00E<-0060E008|0060E0AB@0060E09E<-0060E098		needs_two_count_driven_consumers	last explicit scalar-pointer parameter; exact EBP-rooted argument; callee return is tested and drives a width-4 pointer walk;
0	0060EC00	FUN_0060ec00	int __fastcall FUN_0060ec00(RecoveredRecord_0060EC00_3D989AA8 * param_1)	006E60A0	sub_006E60A0	int __thiscall sub_006E60A0(undefined4 * param_1)	-36	12	/undefined4	4	3	output_values_neg_24	Stack[-0x24]:1:local_24:/undefined:DEFAULT:	0060EC1E@0060EC0C<-0060EC09		needs_two_exact_output_calls	last explicit scalar-pointer parameter; exact EBP-rooted argument; callee return is tested and drives a width-4 pointer walk;
0	0060EF40	SubmarineTitans::Recovered::HiddenThis::RecoveredReceiver_0060EF40::FUN_0060ef40	int __thiscall FUN_0060ef40(int param_1)	00615860	FUN_00615860	undefined4 __stdcall FUN_00615860(int param_1, int * param_2, int * param_3, int * param_4)	-112	16	/int	4	4	output_values_neg_70	Stack[-0x68]:4:local_68:/undefined4:DEFAULT: | Stack[-0x6c]:4:local_6c:/undefined4:DEFAULT: | Stack[-0x70]:4:local_70:/undefined4:DEFAULT:	0060F64A@0060F637<-0060F634		needs_two_exact_output_calls	last explicit scalar-pointer parameter; exact EBP-rooted argument; callee return is tested and drives a width-4 pointer walk;
0	006101B0	FUN_006101b0	int __fastcall FUN_006101b0(RecoveredReceiver_0060EF40 * param_1)	00615860	FUN_00615860	undefined4 __stdcall FUN_00615860(int param_1, int * param_2, int * param_3, int * param_4)	-40	40	/int	4	10	output_values_neg_28	Stack[-0x10]:4:local_10:/undefined4:DEFAULT: | Stack[-0x14]:4:local_14:/undefined4:DEFAULT: | Stack[-0x18]:4:local_18:/undefined4:DEFAULT: | Stack[-0x1c]:4:local_1c:/undefined4:DEFAULT: | Stack[-0x20]:4:local_20:/undefined4:DEFAULT: | Stack[-0x24]:4:local_24:/undefined4:DEFAULT: | Stack[-0x28]:4:local_28:/undefined4:DEFAULT: | Stack[-0x8]:4:local_8:/undefined4:DEFAULT: | Stack[-0xc]:4:local_c:/undefined4:DEFAULT:	00611C79@00611C69<-00611C63		needs_two_exact_output_calls	last explicit scalar-pointer parameter; exact EBP-rooted argument; callee return is tested and drives a width-4 pointer walk;
0	006101B0	FUN_006101b0	int __fastcall FUN_006101b0(RecoveredReceiver_0060EF40 * param_1)	00558C00	VisibleClassTy::sub_00558C00	undefined4 __thiscall sub_00558C00(VisibleClassTy_sub_00558C00_param_1Enum param_1, int param_2, int param_3, int * param_4, int * param_5)	-32	32	/int	4	8	output_values_neg_20	Stack[-0x10]:4:local_10:/undefined4:DEFAULT: | Stack[-0x14]:4:local_14:/undefined4:DEFAULT: | Stack[-0x18]:4:local_18:/undefined4:DEFAULT: | Stack[-0x1c]:4:local_1c:/undefined4:DEFAULT: | Stack[-0x20]:4:local_20:/undefined4:DEFAULT: | Stack[-0x8]:4:local_8:/undefined4:DEFAULT: | Stack[-0xc]:4:local_c:/undefined4:DEFAULT:	00610BCA@00610BBD<-00610BB7|00611000@00610FF3<-00610FED|00611565@00611558<-00611552|00611BC4@00611BB7<-00611BB1		needs_two_count_driven_consumers	last explicit scalar-pointer parameter; exact EBP-rooted argument; callee return is tested and drives a width-4 pointer walk;
0	006101B0	FUN_006101b0	int __fastcall FUN_006101b0(RecoveredReceiver_0060EF40 * param_1)	006139A0	FUN_006139a0	int __thiscall FUN_006139a0(int * param_1, int * param_2, int * param_3)	-24	24	/int	4	6	output_values_neg_18	Stack[-0x10]:4:local_10:/undefined4:DEFAULT: | Stack[-0x14]:4:local_14:/undefined4:DEFAULT: | Stack[-0x18]:4:local_18:/undefined4:DEFAULT: | Stack[-0x8]:4:local_8:/undefined4:DEFAULT: | Stack[-0xc]:4:local_c:/undefined4:DEFAULT:	00610688@00610680<-0061067A		needs_two_exact_output_calls	last explicit scalar-pointer parameter; exact EBP-rooted argument; callee return is tested and drives a width-4 pointer walk;
0	006101B0	FUN_006101b0	int __fastcall FUN_006101b0(RecoveredReceiver_0060EF40 * param_1)	006164E0	FUN_006164e0	undefined4 __thiscall FUN_006164e0(int * param_1, int * param_2, int * param_3)	-24	24	/int	4	6	output_values_neg_18	Stack[-0x10]:4:local_10:/undefined4:DEFAULT: | Stack[-0x14]:4:local_14:/undefined4:DEFAULT: | Stack[-0x18]:4:local_18:/undefined4:DEFAULT: | Stack[-0x8]:4:local_8:/undefined4:DEFAULT: | Stack[-0xc]:4:local_c:/undefined4:DEFAULT:	0061107E@00611076<-00611070		needs_two_exact_output_calls	last explicit scalar-pointer parameter; exact EBP-rooted argument; callee return is tested and drives a width-4 pointer walk;
0	006101B0	FUN_006101b0	int __fastcall FUN_006101b0(RecoveredReceiver_0060EF40 * param_1)	00616F60	FUN_00616f60	int __thiscall FUN_00616f60(int * param_1, int * param_2, int * param_3)	-24	24	/int	4	6	output_values_neg_18	Stack[-0x10]:4:local_10:/undefined4:DEFAULT: | Stack[-0x14]:4:local_14:/undefined4:DEFAULT: | Stack[-0x18]:4:local_18:/undefined4:DEFAULT: | Stack[-0x8]:4:local_8:/undefined4:DEFAULT: | Stack[-0xc]:4:local_c:/undefined4:DEFAULT:	006116CD@006116C5<-006116BF		needs_two_exact_output_calls	last explicit scalar-pointer parameter; exact EBP-rooted argument; callee return is tested and drives a width-4 pointer walk;
0	006101B0	FUN_006101b0	int __fastcall FUN_006101b0(RecoveredReceiver_0060EF40 * param_1)	006173A0	FUN_006173a0	int __thiscall FUN_006173a0(int param_1, int * param_2, int * param_3, int * param_4)	-24	24	/int	4	6	output_values_neg_18	Stack[-0x10]:4:local_10:/undefined4:DEFAULT: | Stack[-0x14]:4:local_14:/undefined4:DEFAULT: | Stack[-0x18]:4:local_18:/undefined4:DEFAULT: | Stack[-0x8]:4:local_8:/undefined4:DEFAULT: | Stack[-0xc]:4:local_c:/undefined4:DEFAULT:	006116AA@006116A0<-0061168E|006121D5@006121C9<-006121C0		needs_two_count_driven_consumers	last explicit scalar-pointer parameter; exact EBP-rooted argument; callee return is tested and drives a width-4 pointer walk;
0	006101B0	FUN_006101b0	int __fastcall FUN_006101b0(RecoveredReceiver_0060EF40 * param_1)	00558C00	VisibleClassTy::sub_00558C00	undefined4 __thiscall sub_00558C00(VisibleClassTy_sub_00558C00_param_1Enum param_1, int param_2, int param_3, int * param_4, int * param_5)	-12	12	/int	4	3	output_values_neg_C	Stack[-0x8]:4:local_8:/undefined4:DEFAULT: | Stack[-0xc]:4:local_c:/undefined4:DEFAULT:	00611FD5@00611FC8<-00611FC2|006126BA@006126AD<-006126A7		needs_two_count_driven_consumers	last explicit scalar-pointer parameter; exact EBP-rooted argument; callee return is tested and drives a width-4 pointer walk;
0	006132F0	STGenBombC::LoadImagSpr	int __thiscall LoadImagSpr(int param_1, int param_2)	00558C00	VisibleClassTy::sub_00558C00	undefined4 __thiscall sub_00558C00(VisibleClassTy_sub_00558C00_param_1Enum param_1, int param_2, int param_3, int * param_4, int * param_5)	-24	24	/int	4	6	output_values_neg_18	Stack[-0x10]:4:local_10:/undefined4:DEFAULT: | Stack[-0x14]:4:local_14:/undefined4:DEFAULT: | Stack[-0x18]:4:local_18:/undefined4:DEFAULT: | Stack[-0x8]:4:local_8:/undefined4:DEFAULT: | Stack[-0xc]:4:local_c:/undefined4:DEFAULT:	00613719@0061370C<-00613706		needs_two_exact_output_calls	last explicit scalar-pointer parameter; exact EBP-rooted argument; callee return is tested and drives a width-4 pointer walk;
0	006139A0	FUN_006139a0	int __thiscall FUN_006139a0(int * param_1, int * param_2, int * param_3)	00616280	FUN_00616280	int __thiscall FUN_00616280(int * param_1, int * param_2, int * param_3)	-28	28	/int	4	7	output_values_neg_1C	Stack[-0x10]:4:local_10:/undefined4:DEFAULT: | Stack[-0x14]:4:local_14:/undefined4:DEFAULT: | Stack[-0x18]:4:local_18:/undefined4:DEFAULT: | Stack[-0x1c]:4:local_1c:/undefined4:DEFAULT: | Stack[-0x8]:4:local_8:/undefined4:DEFAULT: | Stack[-0xc]:4:local_c:/undefined4:DEFAULT:	00613CC6@00613CBE<-00613CB8		needs_two_exact_output_calls	last explicit scalar-pointer parameter; exact EBP-rooted argument; callee return is tested and drives a width-4 pointer walk;
0	006139A0	FUN_006139a0	int __thiscall FUN_006139a0(int * param_1, int * param_2, int * param_3)	006141B0	FUN_006141b0	undefined4 __thiscall FUN_006141b0(int param_1, Global_sub_006141B0_param_2Enum param_2, int * param_3, int * param_4)	-16	16	/int	4	4	output_values_neg_10	Stack[-0x10]:4:local_10:/undefined4:DEFAULT: | Stack[-0x8]:4:local_8:/undefined4:DEFAULT: | Stack[-0xc]:4:local_c:/undefined4:DEFAULT:	00613E43@00613E3D<-00613E34		needs_two_exact_output_calls	last explicit scalar-pointer parameter; exact EBP-rooted argument; callee return is tested and drives a width-4 pointer walk;
0	00614400	FUN_00614400	undefined __thiscall FUN_00614400(RecoveredRecordView_00614400_14E15A9C * param_1)	006E62D0	STPlaySystemC::sub_006E62D0	int __thiscall sub_006E62D0(RecoveredRecordView_005EFAE0_855D930D * param_1, int * param_2)	-16	16	/int	4	4	output_values_neg_10	Stack[-0x10]:4:local_10:/undefined4:DEFAULT: | Stack[-0x8]:4:local_8:/undefined4:DEFAULT: | Stack[-0xc]:4:local_c:/undefined4:DEFAULT:	006147C4@006147BC<-006147B9		needs_two_exact_output_calls	last explicit scalar-pointer parameter; exact EBP-rooted argument; callee return is tested and drives a width-4 pointer walk;
0	00614EE0	FUN_00614ee0	int __thiscall FUN_00614ee0(int param_1, int param_2, int param_3, int param_4)	006E62D0	STPlaySystemC::sub_006E62D0	int __thiscall sub_006E62D0(RecoveredRecordView_005EFAE0_855D930D * param_1, int * param_2)	-28	18	/int	4	4	output_values_neg_1C	Stack[-0x10]:4:local_10:/undefined4:DEFAULT: | Stack[-0x14]:4:local_14:/undefined4:DEFAULT: | Stack[-0x18]:4:local_18:/undefined4:DEFAULT: | Stack[-0x1c]:4:local_1c:/undefined4:DEFAULT:	00614F82@00614F7A<-00614F77		needs_two_exact_output_calls	last explicit scalar-pointer parameter; exact EBP-rooted argument; callee return is tested and drives a width-4 pointer walk;
0	00615AD0	FUN_00615ad0	undefined4 __fastcall FUN_00615ad0(RecoveredRecordView_00615AD0_52CA5C0D * param_1)	00615860	FUN_00615860	undefined4 __stdcall FUN_00615860(int param_1, int * param_2, int * param_3, int * param_4)	-8	8	/int	4	2	output_values_neg_8	Stack[-0x8]:4:local_8:/undefined4:DEFAULT:	00615AF2@00615ADD<-00615AD9		needs_two_exact_output_calls	last explicit scalar-pointer parameter; exact EBP-rooted argument; callee return is tested and drives a width-4 pointer walk;
0	00616280	FUN_00616280	int __thiscall FUN_00616280(int * param_1, int * param_2, int * param_3)	006E62D0	STPlaySystemC::sub_006E62D0	int __thiscall sub_006E62D0(RecoveredRecordView_005EFAE0_855D930D * param_1, int * param_2)	-20	20	/int	4	5	output_values_neg_14	Stack[-0x10]:4:local_10:/undefined4:DEFAULT: | Stack[-0x14]:4:local_14:/undefined4:DEFAULT: | Stack[-0x8]:4:local_8:/undefined4:DEFAULT: | Stack[-0xc]:4:local_c:/undefined4:DEFAULT:	00616322@0061631A<-00616317		needs_two_exact_output_calls	last explicit scalar-pointer parameter; exact EBP-rooted argument; callee return is tested and drives a width-4 pointer walk;
0	006164E0	FUN_006164e0	undefined4 __thiscall FUN_006164e0(int * param_1, int * param_2, int * param_3)	00616280	FUN_00616280	int __thiscall FUN_00616280(int * param_1, int * param_2, int * param_3)	-24	24	/int	4	6	output_values_neg_18	Stack[-0x10]:4:local_10:/undefined4:DEFAULT: | Stack[-0x14]:4:local_14:/undefined4:DEFAULT: | Stack[-0x18]:4:local_18:/undefined4:DEFAULT: | Stack[-0x8]:4:local_8:/undefined4:DEFAULT: | Stack[-0xc]:4:local_c:/undefined4:DEFAULT:	006164F7@006164EF<-006164E9		needs_two_exact_output_calls	last explicit scalar-pointer parameter; exact EBP-rooted argument; callee return is tested and drives a width-4 pointer walk;
0	00616F60	FUN_00616f60	int __thiscall FUN_00616f60(int * param_1, int * param_2, int * param_3)	00616280	FUN_00616280	int __thiscall FUN_00616280(int * param_1, int * param_2, int * param_3)	-20	20	/int	4	5	output_values_neg_14	Stack[-0x10]:4:local_10:/undefined4:DEFAULT: | Stack[-0x14]:4:local_14:/undefined4:DEFAULT: | Stack[-0x8]:4:local_8:/undefined4:DEFAULT: | Stack[-0xc]:4:local_c:/undefined4:DEFAULT:	00617037@0061702F<-00617029		needs_two_exact_output_calls	last explicit scalar-pointer parameter; exact EBP-rooted argument; callee return is tested and drives a width-4 pointer walk;
0	00617880	FUN_00617880	int __fastcall FUN_00617880(RecoveredRecord_00617880_C53B1B82 * param_1)	006E60A0	sub_006E60A0	int __thiscall sub_006E60A0(undefined4 * param_1)	-36	12	/undefined4	4	3	output_values_neg_24	Stack[-0x24]:1:local_24:/undefined:DEFAULT:	0061789E@0061788C<-00617889		needs_two_exact_output_calls	last explicit scalar-pointer parameter; exact EBP-rooted argument; callee return is tested and drives a width-4 pointer walk;
0	006178C0	JumpManagC::CheckSystrm	undefined __thiscall CheckSystrm(void)	006E62D0	STPlaySystemC::sub_006E62D0	int __thiscall sub_006E62D0(RecoveredRecordView_005EFAE0_855D930D * param_1, int * param_2)	-8	8	/int	4	2	output_values_neg_8	Stack[-0x8]:4:local_8:/undefined4:DEFAULT:	00617911@00617909<-00617906		needs_two_exact_output_calls	last explicit scalar-pointer parameter; exact EBP-rooted argument; callee return is tested and drives a width-4 pointer walk;
0	00617ED0	FUN_00617ed0	undefined __thiscall FUN_00617ed0(int param_1, int * param_2)	006E62D0	STPlaySystemC::sub_006E62D0	int __thiscall sub_006E62D0(RecoveredRecordView_005EFAE0_855D930D * param_1, int * param_2)	-16	0	/int	4	0	output_values_neg_10		00617F21@00617F19<-00617F16		needs_two_exact_output_calls	last explicit scalar-pointer parameter; exact EBP-rooted argument; callee return is tested and drives a width-4 pointer walk;
0	00618240	FUN_00618240	undefined4 __thiscall FUN_00618240(int param_1, int param_2, int param_3, undefined4 * param_4)	00618A50	FUN_00618a50	uint __thiscall FUN_00618a50(int param_1, int * param_2)	-88	8	/int	4	2	output_values_neg_58	Stack[-0x58]:4:local_58:/undefined4:DEFAULT:	006186A5@0061868A<-00618687		needs_two_exact_output_calls	last explicit scalar-pointer parameter; exact EBP-rooted argument; callee return is tested and drives a width-4 pointer walk;
0	00618C00	STJumpMineC::GetMessage	int __thiscall GetMessage(STMessage * message)	006E62D0	STPlaySystemC::sub_006E62D0	int __thiscall sub_006E62D0(RecoveredRecordView_005EFAE0_855D930D * param_1, int * param_2)	-20	20	/int	4	5	output_values_neg_14	Stack[-0x10]:4:local_10:/undefined4:DEFAULT: | Stack[-0x14]:4:local_14:/undefined4:DEFAULT: | Stack[-0x8]:4:local_8:/undefined4:DEFAULT: | Stack[-0xc]:4:local_c:/undefined4:DEFAULT:	00618F9C@00618F9A<-00618F97		needs_two_exact_output_calls	last explicit scalar-pointer parameter; exact EBP-rooted argument; callee return is tested and drives a width-4 pointer walk;
0	006191A0	STJumpMineC::sub_006191A0	byte __thiscall sub_006191A0(uint param_1, int param_2)	00558C00	VisibleClassTy::sub_00558C00	undefined4 __thiscall sub_00558C00(VisibleClassTy_sub_00558C00_param_1Enum param_1, int param_2, int param_3, int * param_4, int * param_5)	-8	8	/int	4	2	output_values_neg_8	Stack[-0x8]:4:local_8:/undefined4:DEFAULT:	00619238@00619224<-0061921E		needs_two_exact_output_calls	last explicit scalar-pointer parameter; exact EBP-rooted argument; callee return is tested and drives a width-4 pointer walk;
0	006192E0	STJumpMineC::sub_006192E0	int __thiscall sub_006192E0(void)	006E60A0	sub_006E60A0	int __thiscall sub_006E60A0(undefined4 * param_1)	-36	12	/undefined4	4	3	output_values_neg_24	Stack[-0x24]:1:local_24:/undefined:DEFAULT:	006192FE@006192EC<-006192E9		needs_two_exact_output_calls	last explicit scalar-pointer parameter; exact EBP-rooted argument; callee return is tested and drives a width-4 pointer walk;
0	00619A20	STJumpMineC::sub_00619A20	undefined __thiscall sub_00619A20(void)	00558C00	VisibleClassTy::sub_00558C00	undefined4 __thiscall sub_00558C00(VisibleClassTy_sub_00558C00_param_1Enum param_1, int param_2, int param_3, int * param_4, int * param_5)	-12	12	/int	4	3	output_values_neg_C	Stack[-0x8]:4:local_8:/undefined4:DEFAULT: | Stack[-0xc]:4:local_c:/undefined4:DEFAULT:	00619A8A@00619A76<-00619A70		needs_two_exact_output_calls	last explicit scalar-pointer parameter; exact EBP-rooted argument; callee return is tested and drives a width-4 pointer walk;
0	00619C70	STJumpMineC::sub_00619C70	int __thiscall sub_00619C70(void)	0061C5F0	FUN_0061c5f0	int __thiscall FUN_0061c5f0(undefined4 * param_1)	-48	48	/undefined4	4	12	output_values_neg_30	Stack[-0x10]:4:local_10:/undefined4:DEFAULT: | Stack[-0x14]:4:local_14:/undefined4:DEFAULT: | Stack[-0x18]:4:local_18:/undefined4:DEFAULT: | Stack[-0x1c]:4:local_1c:/undefined4:DEFAULT: | Stack[-0x20]:4:local_20:/undefined4:DEFAULT: | Stack[-0x24]:4:local_24:/undefined4:DEFAULT: | Stack[-0x28]:4:local_28:/undefined4:DEFAULT: | Stack[-0x2c]:4:local_2c:/undefined4:DEFAULT: | Stack[-0x30]:4:local_30:/undefined4:DEFAULT: | Stack[-0x8]:4:local_8:/undefined4:DEFAULT: | Stack[-0xc]:4:local_c:/undefined4:DEFAULT:	0061A266@0061A251<-0061A248|0061A461@0061A44C<-0061A443		needs_two_count_driven_consumers	last explicit scalar-pointer parameter; exact EBP-rooted argument; callee return is tested and drives a width-4 pointer walk;
0	00619C70	STJumpMineC::sub_00619C70	int __thiscall sub_00619C70(void)	00558C00	VisibleClassTy::sub_00558C00	undefined4 __thiscall sub_00558C00(VisibleClassTy_sub_00558C00_param_1Enum param_1, int param_2, int param_3, int * param_4, int * param_5)	-36	36	/int	4	9	output_values_neg_24	Stack[-0x10]:4:local_10:/undefined4:DEFAULT: | Stack[-0x14]:4:local_14:/undefined4:DEFAULT: | Stack[-0x18]:4:local_18:/undefined4:DEFAULT: | Stack[-0x1c]:4:local_1c:/undefined4:DEFAULT: | Stack[-0x20]:4:local_20:/undefined4:DEFAULT: | Stack[-0x24]:4:local_24:/undefined4:DEFAULT: | Stack[-0x8]:4:local_8:/undefined4:DEFAULT: | Stack[-0xc]:4:local_c:/undefined4:DEFAULT:	0061AD9B@0061AD87<-0061AD81		needs_two_exact_output_calls	last explicit scalar-pointer parameter; exact EBP-rooted argument; callee return is tested and drives a width-4 pointer walk;
0	00619C70	STJumpMineC::sub_00619C70	int __thiscall sub_00619C70(void)	0061B340	STJumpMineC::sub_0061B340	undefined4 __thiscall sub_0061B340(short param_1, short param_2, int param_3, int param_4, int param_5, int param_6, int * param_7)	-12	12	/int	4	3	output_values_neg_C	Stack[-0x8]:4:local_8:/undefined4:DEFAULT: | Stack[-0xc]:4:local_c:/undefined4:DEFAULT:	00619D2C@00619D15<-00619D12|0061A1A9@0061A19A<-0061A197|0061AA4B@0061AA39<-0061AA36		needs_two_count_driven_consumers	last explicit scalar-pointer parameter; exact EBP-rooted argument; callee return is tested and drives a width-4 pointer walk;
0	0061D6D0	STLightC::sub_0061D6D0	int __thiscall sub_0061D6D0(void)	006E60A0	sub_006E60A0	int __thiscall sub_006E60A0(undefined4 * param_1)	-36	12	/undefined4	4	3	output_values_neg_24	Stack[-0x24]:1:local_24:/undefined:DEFAULT:	0061D6EE@0061D6DC<-0061D6D9		needs_two_exact_output_calls	last explicit scalar-pointer parameter; exact EBP-rooted argument; callee return is tested and drives a width-4 pointer walk;
0	0061E110	FUN_0061e110	undefined4 __fastcall FUN_0061e110(STLightC * param_1)	00558C00	VisibleClassTy::sub_00558C00	undefined4 __thiscall sub_00558C00(VisibleClassTy_sub_00558C00_param_1Enum param_1, int param_2, int param_3, int * param_4, int * param_5)	-28	28	/int	4	7	output_values_neg_1C	Stack[-0x10]:4:local_10:/undefined4:DEFAULT: | Stack[-0x14]:4:local_14:/undefined4:DEFAULT: | Stack[-0x18]:4:local_18:/undefined4:DEFAULT: | Stack[-0x1c]:4:local_1c:/undefined4:DEFAULT: | Stack[-0x8]:4:local_8:/undefined4:DEFAULT: | Stack[-0xc]:4:local_c:/undefined4:DEFAULT:	0061E324@0061E317<-0061E311		needs_two_exact_output_calls	last explicit scalar-pointer parameter; exact EBP-rooted argument; callee return is tested and drives a width-4 pointer walk;
0	0061E110	FUN_0061e110	undefined4 __fastcall FUN_0061e110(STLightC * param_1)	00558C00	VisibleClassTy::sub_00558C00	undefined4 __thiscall sub_00558C00(VisibleClassTy_sub_00558C00_param_1Enum param_1, int param_2, int param_3, int * param_4, int * param_5)	-20	20	/int	4	5	output_values_neg_14	Stack[-0x10]:4:local_10:/undefined4:DEFAULT: | Stack[-0x14]:4:local_14:/undefined4:DEFAULT: | Stack[-0x8]:4:local_8:/undefined4:DEFAULT: | Stack[-0xc]:4:local_c:/undefined4:DEFAULT:	0061E3BA@0061E3AD<-0061E3A7		needs_two_exact_output_calls	last explicit scalar-pointer parameter; exact EBP-rooted argument; callee return is tested and drives a width-4 pointer walk;
0	0061E7F0	FUN_0061e7f0	undefined4 __fastcall FUN_0061e7f0(STLightC * param_1)	00558C00	VisibleClassTy::sub_00558C00	undefined4 __thiscall sub_00558C00(VisibleClassTy_sub_00558C00_param_1Enum param_1, int param_2, int param_3, int * param_4, int * param_5)	-72	72	/int	4	18	output_values_neg_48	Stack[-0x10]:4:local_10:/undefined4:DEFAULT: | Stack[-0x14]:4:local_14:/undefined4:DEFAULT: | Stack[-0x18]:4:local_18:/undefined4:DEFAULT: | Stack[-0x1c]:4:local_1c:/undefined4:DEFAULT: | Stack[-0x20]:4:local_20:/undefined4:DEFAULT: | Stack[-0x24]:4:local_24:/undefined4:DEFAULT: | Stack[-0x28]:4:local_28:/undefined4:DEFAULT: | Stack[-0x2c]:4:local_2c:/undefined4:DEFAULT: | Stack[-0x30]:4:local_30:/undefined4:DEFAULT: | Stack[-0x34]:4:local_34:/undefined4:DEFAULT: | Stack[-0x38]:4:local_38:/undefined4:DEFAULT: | Stack[-0x3c]:4:local_3c:/undefined4:DEFAULT: | Stack[-0x40]:4:local_40:/undefined4:DEFAULT: | Stack[-0x44]:4:local_44:/undefined4:DEFAULT: | Stack[-0x48]:4:local_48:/undefined4:DEFAULT: | Stack[-0x8]:4:local_8:/undefined4:DEFAULT: | Stack[-0xc]:4:local_c:/undefined4:DEFAULT:	0061EEA3@0061EE93<-0061EE8D		needs_two_exact_output_calls	last explicit scalar-pointer parameter; exact EBP-rooted argument; callee return is tested and drives a width-4 pointer walk;
0	0061F290	STLightC::sub_0061F290	undefined4 __thiscall sub_0061F290(int param_1)	00558C00	VisibleClassTy::sub_00558C00	undefined4 __thiscall sub_00558C00(VisibleClassTy_sub_00558C00_param_1Enum param_1, int param_2, int param_3, int * param_4, int * param_5)	-28	28	/int	4	7	output_values_neg_1C	Stack[-0x10]:4:local_10:/undefined4:DEFAULT: | Stack[-0x14]:4:local_14:/undefined4:DEFAULT: | Stack[-0x18]:4:local_18:/undefined4:DEFAULT: | Stack[-0x1c]:4:local_1c:/undefined4:DEFAULT: | Stack[-0x8]:4:local_8:/undefined4:DEFAULT: | Stack[-0xc]:4:local_c:/undefined4:DEFAULT:	0061F401@0061F3F1<-0061F3EB		needs_two_exact_output_calls	last explicit scalar-pointer parameter; exact EBP-rooted argument; callee return is tested and drives a width-4 pointer walk;
0	00621580	SndUnderAttMenegC::sub_00621580	void __thiscall sub_00621580(byte * param_1, int param_2)	00621640	FUN_00621640	uint __thiscall FUN_00621640(int param_1, undefined4 * param_2)	-8	8	/undefined4	4	2	output_values_neg_8	Stack[-0x8]:4:local_8:/undefined4:DEFAULT:	006215B1@006215AD<-006215AA		needs_two_exact_output_calls	last explicit scalar-pointer parameter; exact EBP-rooted argument; callee return is tested and drives a width-4 pointer walk;
0	00622670	STMineSetC::sub_00622670	int __thiscall sub_00622670(void)	006E60A0	sub_006E60A0	int __thiscall sub_006E60A0(undefined4 * param_1)	-36	12	/undefined4	4	3	output_values_neg_24	Stack[-0x24]:1:local_24:/undefined:DEFAULT:	00622698@0062267C<-00622679		needs_two_exact_output_calls	last explicit scalar-pointer parameter; exact EBP-rooted argument; callee return is tested and drives a width-4 pointer walk;
0	006226C0	STMineSetC::sub_006226C0	byte __thiscall sub_006226C0(uint param_1, int param_2)	00558C00	VisibleClassTy::sub_00558C00	undefined4 __thiscall sub_00558C00(VisibleClassTy_sub_00558C00_param_1Enum param_1, int param_2, int param_3, int * param_4, int * param_5)	-8	8	/int	4	2	output_values_neg_8	Stack[-0x8]:4:local_8:/undefined4:DEFAULT:	006227AA@00622799<-00622793		needs_two_exact_output_calls	last explicit scalar-pointer parameter; exact EBP-rooted argument; callee return is tested and drives a width-4 pointer walk;
0	00623600	FUN_00623600	undefined __fastcall FUN_00623600(RecoveredRecordView_00623600_F614B92B * param_1)	00558C00	VisibleClassTy::sub_00558C00	undefined4 __thiscall sub_00558C00(VisibleClassTy_sub_00558C00_param_1Enum param_1, int param_2, int param_3, int * param_4, int * param_5)	-12	12	/int	4	3	output_values_neg_C	Stack[-0x8]:4:local_8:/undefined4:DEFAULT: | Stack[-0xc]:4:local_c:/undefined4:DEFAULT:	0062364B@0062363A<-00623634		needs_two_exact_output_calls	last explicit scalar-pointer parameter; exact EBP-rooted argument; callee return is tested and drives a width-4 pointer walk;
0	006239A0	STMineSetC::sub_006239A0	undefined4 __thiscall sub_006239A0(void)	00624920	STMineSetC::sub_00624920	undefined4 __thiscall sub_00624920(STMineSetC_sub_00624920_param_1Enum param_1, int * param_2, int * param_3, int * param_4)	-20	20	/int	4	5	output_values_neg_14	Stack[-0x10]:4:local_10:/undefined4:DEFAULT: | Stack[-0x14]:4:local_14:/undefined4:DEFAULT: | Stack[-0x8]:4:local_8:/undefined4:DEFAULT: | Stack[-0xc]:4:local_c:/undefined4:DEFAULT:	006239DD@006239CE<-006239C8		needs_two_exact_output_calls	last explicit scalar-pointer parameter; exact EBP-rooted argument; callee return is tested and drives a width-4 pointer walk;
0	00627790	FUN_00627790	undefined __fastcall FUN_00627790(STMineSetC * param_1)	006E62D0	STPlaySystemC::sub_006E62D0	int __thiscall sub_006E62D0(RecoveredRecordView_005EFAE0_855D930D * param_1, int * param_2)	-8	8	/int	4	2	output_values_neg_8	Stack[-0x8]:4:local_8:/undefined4:DEFAULT:	006277D4@006277D2<-006277CF		needs_two_exact_output_calls	last explicit scalar-pointer parameter; exact EBP-rooted argument; callee return is tested and drives a width-4 pointer walk;
0	00627EB0	STParticleC::GetMessage	int __thiscall GetMessage(STMessage * message)	00558C00	VisibleClassTy::sub_00558C00	undefined4 __thiscall sub_00558C00(VisibleClassTy_sub_00558C00_param_1Enum param_1, int param_2, int param_3, int * param_4, int * param_5)	-56	36	/int	4	9	output_values_neg_38	Stack[-0x18]:1:local_18:/undefined:DEFAULT: | Stack[-0x1c]:4:local_1c:/undefined4:DEFAULT: | Stack[-0x20]:4:local_20:/undefined4:DEFAULT: | Stack[-0x24]:4:local_24:/undefined4:DEFAULT: | Stack[-0x28]:4:local_28:/undefined4:DEFAULT: | Stack[-0x2c]:4:local_2c:/undefined4:DEFAULT: | Stack[-0x30]:4:local_30:/undefined4:DEFAULT: | Stack[-0x34]:4:local_34:/undefined4:DEFAULT: | Stack[-0x38]:4:local_38:/undefined4:DEFAULT:	00628A6E@00628A61<-00628A5B		needs_two_exact_output_calls	last explicit scalar-pointer parameter; exact EBP-rooted argument; callee return is tested and drives a width-4 pointer walk;
0	00627EB0	STParticleC::GetMessage	int __thiscall GetMessage(STMessage * message)	00558C00	VisibleClassTy::sub_00558C00	undefined4 __thiscall sub_00558C00(VisibleClassTy_sub_00558C00_param_1Enum param_1, int param_2, int param_3, int * param_4, int * param_5)	-48	28	/int	4	7	output_values_neg_30	Stack[-0x18]:1:local_18:/undefined:DEFAULT: | Stack[-0x1c]:4:local_1c:/undefined4:DEFAULT: | Stack[-0x20]:4:local_20:/undefined4:DEFAULT: | Stack[-0x24]:4:local_24:/undefined4:DEFAULT: | Stack[-0x28]:4:local_28:/undefined4:DEFAULT: | Stack[-0x2c]:4:local_2c:/undefined4:DEFAULT: | Stack[-0x30]:4:local_30:/undefined4:DEFAULT:	006287E8@006287DB<-006287D5		needs_two_exact_output_calls	last explicit scalar-pointer parameter; exact EBP-rooted argument; callee return is tested and drives a width-4 pointer walk;
0	00627EB0	STParticleC::GetMessage	int __thiscall GetMessage(STMessage * message)	00558C00	VisibleClassTy::sub_00558C00	undefined4 __thiscall sub_00558C00(VisibleClassTy_sub_00558C00_param_1Enum param_1, int param_2, int param_3, int * param_4, int * param_5)	-40	20	/int	4	5	output_values_neg_28	Stack[-0x18]:1:local_18:/undefined:DEFAULT: | Stack[-0x1c]:4:local_1c:/undefined4:DEFAULT: | Stack[-0x20]:4:local_20:/undefined4:DEFAULT: | Stack[-0x24]:4:local_24:/undefined4:DEFAULT: | Stack[-0x28]:4:local_28:/undefined4:DEFAULT:	00628526@00628519<-00628513		needs_two_exact_output_calls	last explicit scalar-pointer parameter; exact EBP-rooted argument; callee return is tested and drives a width-4 pointer walk;
0	00627EB0	STParticleC::GetMessage	int __thiscall GetMessage(STMessage * message)	00558C00	VisibleClassTy::sub_00558C00	undefined4 __thiscall sub_00558C00(VisibleClassTy_sub_00558C00_param_1Enum param_1, int param_2, int param_3, int * param_4, int * param_5)	-32	12	/int	4	3	output_values_neg_20	Stack[-0x18]:1:local_18:/undefined:DEFAULT: | Stack[-0x1c]:4:local_1c:/undefined4:DEFAULT: | Stack[-0x20]:4:local_20:/undefined4:DEFAULT:	0062826B@0062825E<-00628258		needs_two_exact_output_calls	last explicit scalar-pointer parameter; exact EBP-rooted argument; callee return is tested and drives a width-4 pointer walk;
0	00627EB0	STParticleC::GetMessage	int __thiscall GetMessage(STMessage * message)	0062AF40	FUN_0062af40	undefined4 __thiscall FUN_0062af40(undefined4 * param_1)	-24	4	/undefined4	4	1	output_values_neg_18	Stack[-0x18]:1:local_18:/undefined:DEFAULT:	00628B60@00628B5C<-00628B59		needs_two_exact_output_calls	last explicit scalar-pointer parameter; exact EBP-rooted argument; callee return is tested and drives a width-4 pointer walk;
0	00629070	STParticleC::InitVisibelFlight	undefined4 __thiscall InitVisibelFlight(int param_1)	00558C00	VisibleClassTy::sub_00558C00	undefined4 __thiscall sub_00558C00(VisibleClassTy_sub_00558C00_param_1Enum param_1, int param_2, int param_3, int * param_4, int * param_5)	-44	44	/int	4	11	output_values_neg_2C	Stack[-0x10]:4:local_10:/undefined4:DEFAULT: | Stack[-0x14]:4:local_14:/undefined4:DEFAULT: | Stack[-0x18]:4:local_18:/undefined4:DEFAULT: | Stack[-0x1c]:4:local_1c:/undefined4:DEFAULT: | Stack[-0x20]:4:local_20:/undefined4:DEFAULT: | Stack[-0x24]:4:local_24:/undefined4:DEFAULT: | Stack[-0x28]:4:local_28:/undefined4:DEFAULT: | Stack[-0x2c]:4:local_2c:/undefined4:DEFAULT: | Stack[-0x8]:4:local_8:/undefined4:DEFAULT: | Stack[-0xc]:4:local_c:/undefined4:DEFAULT:	006294B9@006294AC<-006294A6		needs_two_exact_output_calls	last explicit scalar-pointer parameter; exact EBP-rooted argument; callee return is tested and drives a width-4 pointer walk;
0	006298A0	STParticleC::InitVisibelDeton	undefined4 __thiscall InitVisibelDeton(int param_1)	00558C00	VisibleClassTy::sub_00558C00	undefined4 __thiscall sub_00558C00(VisibleClassTy_sub_00558C00_param_1Enum param_1, int param_2, int param_3, int * param_4, int * param_5)	-16	16	/int	4	4	output_values_neg_10	Stack[-0x10]:4:local_10:/undefined4:DEFAULT: | Stack[-0x8]:4:local_8:/undefined4:DEFAULT: | Stack[-0xc]:4:local_c:/undefined4:DEFAULT:	00629AE8@00629AD8<-00629AD5		needs_two_exact_output_calls	last explicit scalar-pointer parameter; exact EBP-rooted argument; callee return is tested and drives a width-4 pointer walk;
0	00629F20	STParticleC::sub_00629F20	undefined __thiscall sub_00629F20(void)	006E62D0	STPlaySystemC::sub_006E62D0	int __thiscall sub_006E62D0(RecoveredRecordView_005EFAE0_855D930D * param_1, int * param_2)	-8	8	/int	4	2	output_values_neg_8	Stack[-0x8]:4:local_8:/undefined4:DEFAULT:	00629F38@00629F30<-00629F27		needs_two_exact_output_calls	last explicit scalar-pointer parameter; exact EBP-rooted argument; callee return is tested and drives a width-4 pointer walk;
0	0062A860	STParticleC::sub_0062A860	void __thiscall sub_0062A860(void)	00604870	FUN_00604870	uint __thiscall FUN_00604870(undefined4 * param_1)	-36	16	/undefined4	4	4	output_values_neg_24	Stack[-0x24]:1:local_24:/undefined:DEFAULT:	0062A88F@0062A87E<-0062A87B		needs_two_exact_output_calls	last explicit scalar-pointer parameter; exact EBP-rooted argument; callee return is tested and drives a width-4 pointer walk;
0	0062B4A0	STParticleC::sub_0062B4A0	byte __thiscall sub_0062B4A0(void)	00558C00	VisibleClassTy::sub_00558C00	undefined4 __thiscall sub_00558C00(VisibleClassTy_sub_00558C00_param_1Enum param_1, int param_2, int param_3, int * param_4, int * param_5)	-12	12	/int	4	3	output_values_neg_C	Stack[-0x8]:4:local_8:/undefined4:DEFAULT: | Stack[-0xc]:4:local_c:/undefined4:DEFAULT:	0062B5C9@0062B5B9<-0062B5B3		needs_two_exact_output_calls	last explicit scalar-pointer parameter; exact EBP-rooted argument; callee return is tested and drives a width-4 pointer walk;
0	0062E240	FUN_0062e240	undefined __thiscall FUN_0062e240(undefined4 param_1, int param_2, int param_3, int param_4, int param_5, uint param_6)	006E62D0	STPlaySystemC::sub_006E62D0	int __thiscall sub_006E62D0(RecoveredRecordView_005EFAE0_855D930D * param_1, int * param_2)	-8	8	/int	4	2	output_values_neg_8	Stack[-0x8]:1:local_8:/undefined:DEFAULT:	0062E2DA@0062E2D8<-0062E2D5		needs_two_exact_output_calls	last explicit scalar-pointer parameter; exact EBP-rooted argument; callee return is tested and drives a width-4 pointer walk;
0	0062F150	FUN_0062f150	undefined __fastcall FUN_0062f150(RecoveredRecord_STRubbishC_0062F150 * param_1)	00558C00	VisibleClassTy::sub_00558C00	undefined4 __thiscall sub_00558C00(VisibleClassTy_sub_00558C00_param_1Enum param_1, int param_2, int param_3, int * param_4, int * param_5)	-16	16	/int	4	4	output_values_neg_10	Stack[-0x10]:4:local_10:/undefined4:DEFAULT: | Stack[-0x8]:4:local_8:/undefined4:DEFAULT: | Stack[-0xc]:4:local_c:/undefined4:DEFAULT:	0062F1B9@0062F1A6<-0062F1A0		needs_two_exact_output_calls	last explicit scalar-pointer parameter; exact EBP-rooted argument; callee return is tested and drives a width-4 pointer walk;
0	0062F900	STRubbishC::sub_0062F900	int __thiscall sub_0062F900(void)	006E60A0	sub_006E60A0	int __thiscall sub_006E60A0(undefined4 * param_1)	-36	12	/undefined4	4	3	output_values_neg_24	Stack[-0x24]:1:local_24:/undefined:DEFAULT:	0062F91E@0062F90C<-0062F909		needs_two_exact_output_calls	last explicit scalar-pointer parameter; exact EBP-rooted argument; callee return is tested and drives a width-4 pointer walk;
0	0062FEA0	STRubbishC::sub_0062FEA0	int __thiscall sub_0062FEA0(int param_1, int param_2)	00558C00	VisibleClassTy::sub_00558C00	undefined4 __thiscall sub_00558C00(VisibleClassTy_sub_00558C00_param_1Enum param_1, int param_2, int param_3, int * param_4, int * param_5)	-8	8	/int	4	2	output_values_neg_8	Stack[-0x8]:4:local_8:/undefined4:DEFAULT:	0062FF35@0062FF22<-0062FF1C		needs_two_exact_output_calls	last explicit scalar-pointer parameter; exact EBP-rooted argument; callee return is tested and drives a width-4 pointer walk;
0	00630260	STRubbishC::sub_00630260	void __thiscall sub_00630260(int param_1, int param_2)	0062CF90	STManRub3C::AddNewRub3	uint __thiscall AddNewRub3(int * param_1)	-36	36	/int	4	9	output_values_neg_24	Stack[-0x10]:4:local_10:/undefined4:DEFAULT: | Stack[-0x14]:4:local_14:/undefined4:DEFAULT: | Stack[-0x18]:4:local_18:/undefined4:DEFAULT: | Stack[-0x1c]:4:local_1c:/undefined4:DEFAULT: | Stack[-0x20]:4:local_20:/undefined4:DEFAULT: | Stack[-0x24]:4:local_24:/undefined4:DEFAULT: | Stack[-0xc]:4:local_c:/undefined4:DEFAULT:	006302E0@006302DF<-006302DC		needs_two_exact_output_calls	last explicit scalar-pointer parameter; exact EBP-rooted argument; callee return is tested and drives a width-4 pointer walk;
0	00630260	STRubbishC::sub_00630260	void __thiscall sub_00630260(int param_1, int param_2)	0062D230	FUN_0062d230	uint __thiscall FUN_0062d230(int * param_1)	-36	36	/int	4	9	output_values_neg_24	Stack[-0x10]:4:local_10:/undefined4:DEFAULT: | Stack[-0x14]:4:local_14:/undefined4:DEFAULT: | Stack[-0x18]:4:local_18:/undefined4:DEFAULT: | Stack[-0x1c]:4:local_1c:/undefined4:DEFAULT: | Stack[-0x20]:4:local_20:/undefined4:DEFAULT: | Stack[-0x24]:4:local_24:/undefined4:DEFAULT: | Stack[-0xc]:4:local_c:/undefined4:DEFAULT:	006302F7@006302F6<-006302F3		needs_two_exact_output_calls	last explicit scalar-pointer parameter; exact EBP-rooted argument; callee return is tested and drives a width-4 pointer walk;
0	006308B0	FUN_006308b0	int __fastcall FUN_006308b0(RecoveredRecord_006308B0_717D06CB * param_1)	006E60A0	sub_006E60A0	int __thiscall sub_006E60A0(undefined4 * param_1)	-36	12	/undefined4	4	3	output_values_neg_24	Stack[-0x24]:1:local_24:/undefined:DEFAULT:	006308CE@006308BC<-006308B9		needs_two_exact_output_calls	last explicit scalar-pointer parameter; exact EBP-rooted argument; callee return is tested and drives a width-4 pointer walk;
0	00636FC0	SubmarineTitans::Recovered::HiddenThis::RecoveredReceiver_00636260::sub_00636FC0	int __thiscall sub_00636FC0(void)	00558C00	VisibleClassTy::sub_00558C00	undefined4 __thiscall sub_00558C00(VisibleClassTy_sub_00558C00_param_1Enum param_1, int param_2, int param_3, int * param_4, int * param_5)	-20	20	/int	4	5	output_values_neg_14	Stack[-0x10]:4:local_10:/undefined4:DEFAULT: | Stack[-0x14]:4:local_14:/undefined4:DEFAULT: | Stack[-0x8]:4:local_8:/undefined4:DEFAULT: | Stack[-0xc]:4:local_c:/undefined4:DEFAULT:	006370C0@006370B9<-006370B3		needs_two_exact_output_calls	last explicit scalar-pointer parameter; exact EBP-rooted argument; callee return is tested and drives a width-4 pointer walk;
0	00638CA0	FUN_00638ca0	int __thiscall FUN_00638ca0(STMessage * message)	00558C00	VisibleClassTy::sub_00558C00	undefined4 __thiscall sub_00558C00(VisibleClassTy_sub_00558C00_param_1Enum param_1, int param_2, int param_3, int * param_4, int * param_5)	-16	16	/int	4	4	output_values_neg_10	Stack[-0x10]:4:local_10:/undefined4:DEFAULT: | Stack[-0x8]:4:local_8:/undefined4:DEFAULT: | Stack[-0xc]:4:local_c:/undefined4:DEFAULT:	00638F8A@00638F7D<-00638F77		needs_two_exact_output_calls	last explicit scalar-pointer parameter; exact EBP-rooted argument; callee return is tested and drives a width-4 pointer walk;
0	00638CA0	FUN_00638ca0	int __thiscall FUN_00638ca0(STMessage * message)	00558C00	VisibleClassTy::sub_00558C00	undefined4 __thiscall sub_00558C00(VisibleClassTy_sub_00558C00_param_1Enum param_1, int param_2, int param_3, int * param_4, int * param_5)	-12	12	/int	4	3	output_values_neg_C	Stack[-0x8]:4:local_8:/undefined4:DEFAULT: | Stack[-0xc]:4:local_c:/undefined4:DEFAULT:	006391D1@006391C4<-006391BE		needs_two_exact_output_calls	last explicit scalar-pointer parameter; exact EBP-rooted argument; callee return is tested and drives a width-4 pointer walk;
0	00639630	FUN_00639630	int __fastcall FUN_00639630(RecoveredRecord_00639630_91ABDE61 * param_1)	006E60A0	sub_006E60A0	int __thiscall sub_006E60A0(undefined4 * param_1)	-36	12	/undefined4	4	3	output_values_neg_24	Stack[-0x24]:1:local_24:/undefined:DEFAULT:	0063964E@0063963C<-00639639		needs_two_exact_output_calls	last explicit scalar-pointer parameter; exact EBP-rooted argument; callee return is tested and drives a width-4 pointer walk;
0	00639C90	FUN_00639c90	int __thiscall FUN_00639c90(STMessage * message)	00558C00	VisibleClassTy::sub_00558C00	undefined4 __thiscall sub_00558C00(VisibleClassTy_sub_00558C00_param_1Enum param_1, int param_2, int param_3, int * param_4, int * param_5)	-28	20	/int	4	5	output_values_neg_1C	Stack[-0x10]:4:local_10:/undefined4:DEFAULT: | Stack[-0x14]:4:local_14:/undefined4:DEFAULT: | Stack[-0x18]:4:local_18:/undefined4:DEFAULT: | Stack[-0x1c]:4:local_1c:/undefined4:DEFAULT: | Stack[-0xc]:4:local_c:/undefined4:DEFAULT:	0063A0F9@0063A0EC<-0063A0E6		needs_two_exact_output_calls	last explicit scalar-pointer parameter; exact EBP-rooted argument; callee return is tested and drives a width-4 pointer walk;
0	00639C90	FUN_00639c90	int __thiscall FUN_00639c90(STMessage * message)	00558C00	VisibleClassTy::sub_00558C00	undefined4 __thiscall sub_00558C00(VisibleClassTy_sub_00558C00_param_1Enum param_1, int param_2, int param_3, int * param_4, int * param_5)	-24	16	/int	4	4	output_values_neg_18	Stack[-0x10]:4:local_10:/undefined4:DEFAULT: | Stack[-0x14]:4:local_14:/undefined4:DEFAULT: | Stack[-0x18]:4:local_18:/undefined4:DEFAULT: | Stack[-0xc]:4:local_c:/undefined4:DEFAULT:	0063A3B0@0063A3A3<-0063A39D|0063A6EF@0063A6E2<-0063A6DC|0063A86A@0063A85D<-0063A857|0063B39E@0063B391<-0063B38B|0063B57C@0063B56F<-0063B569		needs_two_count_driven_consumers	last explicit scalar-pointer parameter; exact EBP-rooted argument; callee return is tested and drives a width-4 pointer walk;
0	0063C510	FUN_0063c510	int __thiscall FUN_0063c510(int param_1)	00558C00	VisibleClassTy::sub_00558C00	undefined4 __thiscall sub_00558C00(VisibleClassTy_sub_00558C00_param_1Enum param_1, int param_2, int param_3, int * param_4, int * param_5)	-16	16	/int	4	4	output_values_neg_10	Stack[-0x10]:4:local_10:/undefined4:DEFAULT: | Stack[-0x8]:4:local_8:/undefined4:DEFAULT: | Stack[-0xc]:4:local_c:/undefined4:DEFAULT:	0063C768@0063C75B<-0063C755		needs_two_exact_output_calls	last explicit scalar-pointer parameter; exact EBP-rooted argument; callee return is tested and drives a width-4 pointer walk;
0	0063CC10	FUN_0063cc10	int __fastcall FUN_0063cc10(RecoveredRecord_0063CC10_3179EBBD * param_1)	006E60A0	sub_006E60A0	int __thiscall sub_006E60A0(undefined4 * param_1)	-36	12	/undefined4	4	3	output_values_neg_24	Stack[-0x24]:1:local_24:/undefined:DEFAULT:	0063CC2E@0063CC1C<-0063CC19		needs_two_exact_output_calls	last explicit scalar-pointer parameter; exact EBP-rooted argument; callee return is tested and drives a width-4 pointer walk;
0	006406D0	STTorpC::GetMessage	int __thiscall GetMessage(STMessage * message)	00556DD0	TraksClassTy::TraksCreateCollection	undefined4 __thiscall TraksCreateCollection(int * param_1)	-316	12	/int	4	3	output_values_neg_13C	Stack[-0x138]:4:local_138:/undefined4:DEFAULT: | Stack[-0x13c]:4:local_13c:/undefined4:DEFAULT:	00641671@00641670<-0064166A		needs_two_exact_output_calls	last explicit scalar-pointer parameter; exact EBP-rooted argument; callee return is tested and drives a width-4 pointer walk;
0	006406D0	STTorpC::GetMessage	int __thiscall GetMessage(STMessage * message)	00497850	FUN_00497850	undefined4 __stdcall FUN_00497850(int param_1, int param_2, int param_3, int param_4, int param_5, int param_6, uint param_7, int * param_8, int * param_9, int * param_10)	-280	64	/int	4	16	output_values_neg_118	Stack[-0x118]:4:local_118:/undefined4:DEFAULT:	00641447@00641410<-00641404		needs_two_exact_output_calls	last explicit scalar-pointer parameter; exact EBP-rooted argument; callee return is tested and drives a width-4 pointer walk;
0	006406D0	STTorpC::GetMessage	int __thiscall GetMessage(STMessage * message)	00415ED0	STJellyGunC::sub_00415ED0	int __thiscall sub_00415ED0(undefined4 * param_1, int * param_2)	-156	12	/int	4	3	output_values_neg_9C	Stack[-0x94]:4:local_94:/undefined4:DEFAULT: | Stack[-0x98]:4:local_98:/undefined4:DEFAULT: | Stack[-0x9c]:4:local_9c:/undefined4:DEFAULT:	00641141@0064113A<-0064112E		needs_two_exact_output_calls	last explicit scalar-pointer parameter; exact EBP-rooted argument; callee return is tested and drives a width-4 pointer walk;
0	006406D0	STTorpC::GetMessage	int __thiscall GetMessage(STMessage * message)	006E62D0	STPlaySystemC::sub_006E62D0	int __thiscall sub_006E62D0(RecoveredRecordView_005EFAE0_855D930D * param_1, int * param_2)	-48	24	/int	4	6	output_values_neg_30	Stack[-0x2c]:1:local_2c:/undefined1:DEFAULT: | Stack[-0x30]:4:local_30:/undefined4:DEFAULT:	0064298E@00642986<-00642983		needs_two_exact_output_calls	last explicit scalar-pointer parameter; exact EBP-rooted argument; callee return is tested and drives a width-4 pointer walk;
0	00643E20	STTorpC::sub_00643E20	undefined4 __fastcall sub_00643E20(RecoveredRecordView_00643E20_2E427F9C * param_1, undefined4 param_2)	00558C00	VisibleClassTy::sub_00558C00	undefined4 __thiscall sub_00558C00(VisibleClassTy_sub_00558C00_param_1Enum param_1, int param_2, int param_3, int * param_4, int * param_5)	-32	32	/int	4	8	output_values_neg_20	Stack[-0x10]:4:local_10:/undefined4:DEFAULT: | Stack[-0x14]:4:local_14:/undefined4:DEFAULT: | Stack[-0x18]:4:local_18:/undefined4:DEFAULT: | Stack[-0x1c]:4:local_1c:/undefined4:DEFAULT: | Stack[-0x20]:4:local_20:/undefined4:DEFAULT: | Stack[-0x8]:4:local_8:/undefined4:DEFAULT: | Stack[-0xc]:4:local_c:/undefined4:DEFAULT:	00643F02@00643EF2<-00643EEF		needs_two_exact_output_calls	last explicit scalar-pointer parameter; exact EBP-rooted argument; callee return is tested and drives a width-4 pointer walk;
0	00643E20	STTorpC::sub_00643E20	undefined4 __fastcall sub_00643E20(RecoveredRecordView_00643E20_2E427F9C * param_1, undefined4 param_2)	006E62D0	STPlaySystemC::sub_006E62D0	int __thiscall sub_006E62D0(RecoveredRecordView_005EFAE0_855D930D * param_1, int * param_2)	-8	8	/int	4	2	output_values_neg_8	Stack[-0x8]:4:local_8:/undefined4:DEFAULT:	0064411E@00644116<-00644113|006441C3@006441BB<-006441B8		needs_two_count_driven_consumers	last explicit scalar-pointer parameter; exact EBP-rooted argument; callee return is tested and drives a width-4 pointer walk;
0	006457E0	FUN_006457e0	void __fastcall FUN_006457e0(RecoveredRecord_006457E0_D0D8C27F * param_1)	006E5810	SystemClassTy::PostMessage	int __thiscall PostMessage(undefined4 * param_1)	-36	8	/undefined4	4	2	output_values_neg_24	Stack[-0x24]:1:local_24:/undefined:DEFAULT:	0064580C@0064580B<-00645808		needs_two_exact_output_calls	last explicit scalar-pointer parameter; exact EBP-rooted argument; callee return is tested and drives a width-4 pointer walk;
0	00646D00	FUN_00646d00	int __fastcall FUN_00646d00(RecoveredRecord_00646D00_34D7A97E * param_1)	006E60A0	sub_006E60A0	int __thiscall sub_006E60A0(undefined4 * param_1)	-36	12	/undefined4	4	3	output_values_neg_24	Stack[-0x24]:1:local_24:/undefined:DEFAULT:	00646D1E@00646D0C<-00646D09		needs_two_exact_output_calls	last explicit scalar-pointer parameter; exact EBP-rooted argument; callee return is tested and drives a width-4 pointer walk;
0	00646E00	FUN_00646e00	int __stdcall FUN_00646e00(int param_1, int param_2, int param_3)	00558C00	VisibleClassTy::sub_00558C00	undefined4 __thiscall sub_00558C00(VisibleClassTy_sub_00558C00_param_1Enum param_1, int param_2, int param_3, int * param_4, int * param_5)	-16	16	/int	4	4	output_values_neg_10	Stack[-0x10]:4:local_10:/undefined4:DEFAULT: | Stack[-0x8]:4:local_8:/undefined4:DEFAULT: | Stack[-0xc]:4:local_c:/undefined4:DEFAULT:	00646F85@00646F75<-00646F72|00647148@0064713B<-00647135		needs_two_count_driven_consumers	last explicit scalar-pointer parameter; exact EBP-rooted argument; callee return is tested and drives a width-4 pointer walk;
0	00646E00	FUN_00646e00	int __stdcall FUN_00646e00(int param_1, int param_2, int param_3)	00558C00	VisibleClassTy::sub_00558C00	undefined4 __thiscall sub_00558C00(VisibleClassTy_sub_00558C00_param_1Enum param_1, int param_2, int param_3, int * param_4, int * param_5)	-12	12	/int	4	3	output_values_neg_C	Stack[-0x8]:4:local_8:/undefined4:DEFAULT: | Stack[-0xc]:4:local_c:/undefined4:DEFAULT:	00647027@0064701A<-00647014|006470B8@006470AB<-006470A5		needs_two_count_driven_consumers	last explicit scalar-pointer parameter; exact EBP-rooted argument; callee return is tested and drives a width-4 pointer walk;
0	0064D270	AiEventClassTy::__CreateObjPl	int __thiscall __CreateObjPl(uint param_1, short param_2, int param_3, int param_4, int param_5, uint param_6, uint param_7, char * param_8, undefined4 param_9, undefined4 param_10, int param_11, int param_12)	004455C0	STAllPlayersC::CreateBoat	uint __thiscall CreateBoat(undefined4 * param_1)	-164	4	/undefined4	4	1	output_values_neg_A4	Stack[-0xa4]:1:local_a4:/undefined:DEFAULT:	0064D5A0@0064D599<-0064D590		needs_two_exact_output_calls	last explicit scalar-pointer parameter; exact EBP-rooted argument; callee return is tested and drives a width-4 pointer walk;
0	00652810	AiEventClassTy::GetMessage	void __thiscall GetMessage(STMessage * message)	00662240	AiFltClassTy::GetAiMess	int __thiscall GetAiMess(uint * param_1)	-576	9	/uint	4	2	output_values_neg_240	Stack[-0x240]:4:local_240:/undefined4:DEFAULT:	0065935D@0065933E<-00659332		needs_two_exact_output_calls	last explicit scalar-pointer parameter; exact EBP-rooted argument; callee return is tested and drives a width-4 pointer walk;
0	00652810	AiEventClassTy::GetMessage	void __thiscall GetMessage(STMessage * message)	004B1CF0	FUN_004b1cf0	int __cdecl FUN_004b1cf0(int param_1, int * param_2, int * param_3, int * param_4)	-388	4	/int	4	1	output_values_neg_184	Stack[-0x184]:4:local_184:/undefined4:DEFAULT:	006560A6@00656096<-0065608A		needs_two_exact_output_calls	last explicit scalar-pointer parameter; exact EBP-rooted argument; callee return is tested and drives a width-4 pointer walk;
0	00652810	AiEventClassTy::GetMessage	void __thiscall GetMessage(STMessage * message)	0064E780	FUN_0064e780	undefined4 __cdecl FUN_0064e780(short * param_1)	-364	0	/short	2	0	output_values_neg_16C		00652EF0@00652EEF<-00652EE9		needs_two_exact_output_calls	last explicit scalar-pointer parameter; exact EBP-rooted argument; callee return is tested and drives a width-2 pointer walk;
0	00652810	AiEventClassTy::GetMessage	void __thiscall GetMessage(STMessage * message)	0064E7C0	FUN_0064e7c0	undefined4 __cdecl FUN_0064e7c0(short * param_1)	-364	0	/short	2	0	output_values_neg_16C		00652F9F@00652F9E<-00652F98		needs_two_exact_output_calls	last explicit scalar-pointer parameter; exact EBP-rooted argument; callee return is tested and drives a width-2 pointer walk;
0	00652810	AiEventClassTy::GetMessage	void __thiscall GetMessage(STMessage * message)	0064E830	FUN_0064e830	undefined4 __cdecl FUN_0064e830(short * param_1)	-364	0	/short	2	0	output_values_neg_16C		006531E7@006531E6<-006531E0		needs_two_exact_output_calls	last explicit scalar-pointer parameter; exact EBP-rooted argument; callee return is tested and drives a width-2 pointer walk;
0	00652810	AiEventClassTy::GetMessage	void __thiscall GetMessage(STMessage * message)	0064EE40	FUN_0064ee40	undefined4 __cdecl FUN_0064ee40(short * param_1)	-364	0	/short	2	0	output_values_neg_16C		00653AC9@00653AC8<-00653AC2		needs_two_exact_output_calls	last explicit scalar-pointer parameter; exact EBP-rooted argument; callee return is tested and drives a width-2 pointer walk;
0	00652810	AiEventClassTy::GetMessage	void __thiscall GetMessage(STMessage * message)	0064F700	FUN_0064f700	undefined4 __cdecl FUN_0064f700(short * param_1)	-364	0	/short	2	0	output_values_neg_16C		00655715@00655714<-0065570E		needs_two_exact_output_calls	last explicit scalar-pointer parameter; exact EBP-rooted argument; callee return is tested and drives a width-2 pointer walk;
0	00652810	AiEventClassTy::GetMessage	void __thiscall GetMessage(STMessage * message)	0064F900	FUN_0064f900	undefined4 __cdecl FUN_0064f900(short * param_1)	-364	0	/short	2	0	output_values_neg_16C		00655A0C@00655A0B<-00655A05		needs_two_exact_output_calls	last explicit scalar-pointer parameter; exact EBP-rooted argument; callee return is tested and drives a width-2 pointer walk;
0	00652810	AiEventClassTy::GetMessage	void __thiscall GetMessage(STMessage * message)	00650760	FUN_00650760	int __cdecl FUN_00650760(short * param_1)	-364	0	/short	2	0	output_values_neg_16C		00656429@00656428<-00656422|006564A9@006564A8<-006564A2		needs_two_count_driven_consumers	last explicit scalar-pointer parameter; exact EBP-rooted argument; callee return is tested and drives a width-2 pointer walk;
0	00652810	AiEventClassTy::GetMessage	void __thiscall GetMessage(STMessage * message)	00650820	FUN_00650820	undefined4 __cdecl FUN_00650820(short * param_1)	-364	0	/short	2	0	output_values_neg_16C		0065660D@0065660C<-00656606		needs_two_exact_output_calls	last explicit scalar-pointer parameter; exact EBP-rooted argument; callee return is tested and drives a width-2 pointer walk;
0	00652810	AiEventClassTy::GetMessage	void __thiscall GetMessage(STMessage * message)	006508C0	FUN_006508c0	undefined4 __cdecl FUN_006508c0(short * param_1)	-364	0	/short	2	0	output_values_neg_16C		006566C9@006566C8<-006566C2		needs_two_exact_output_calls	last explicit scalar-pointer parameter; exact EBP-rooted argument; callee return is tested and drives a width-2 pointer walk;
0	00652810	AiEventClassTy::GetMessage	void __thiscall GetMessage(STMessage * message)	00650940	FUN_00650940	undefined4 __cdecl FUN_00650940(short * param_1)	-364	0	/short	2	0	output_values_neg_16C		00656749@00656748<-00656742		needs_two_exact_output_calls	last explicit scalar-pointer parameter; exact EBP-rooted argument; callee return is tested and drives a width-2 pointer walk;
0	00652810	AiEventClassTy::GetMessage	void __thiscall GetMessage(STMessage * message)	00650F90	FUN_00650f90	int __cdecl FUN_00650f90(short * param_1)	-364	0	/short	2	0	output_values_neg_16C		00656E01@00656E00<-00656DFA		needs_two_exact_output_calls	last explicit scalar-pointer parameter; exact EBP-rooted argument; callee return is tested and drives a width-2 pointer walk;
0	00652810	AiEventClassTy::GetMessage	void __thiscall GetMessage(STMessage * message)	00651010	FUN_00651010	undefined4 __cdecl FUN_00651010(short * param_1)	-364	0	/short	2	0	output_values_neg_16C		00656FEA@00656FE9<-00656FE3		needs_two_exact_output_calls	last explicit scalar-pointer parameter; exact EBP-rooted argument; callee return is tested and drives a width-2 pointer walk;
0	00652810	AiEventClassTy::GetMessage	void __thiscall GetMessage(STMessage * message)	00651290	FUN_00651290	undefined4 __cdecl FUN_00651290(short * param_1)	-364	0	/short	2	0	output_values_neg_16C		00657670@0065766F<-00657669		needs_two_exact_output_calls	last explicit scalar-pointer parameter; exact EBP-rooted argument; callee return is tested and drives a width-2 pointer walk;
0	00652810	AiEventClassTy::GetMessage	void __thiscall GetMessage(STMessage * message)	006513C0	FUN_006513c0	undefined4 __cdecl FUN_006513c0(short * param_1)	-364	0	/short	2	0	output_values_neg_16C		006577D7@006577D6<-006577D0		needs_two_exact_output_calls	last explicit scalar-pointer parameter; exact EBP-rooted argument; callee return is tested and drives a width-2 pointer walk;
0	00652810	AiEventClassTy::GetMessage	void __thiscall GetMessage(STMessage * message)	006514D0	FUN_006514d0	int __cdecl FUN_006514d0(short * param_1)	-364	0	/short	2	0	output_values_neg_16C		00657927@00657926<-00657920		needs_two_exact_output_calls	last explicit scalar-pointer parameter; exact EBP-rooted argument; callee return is tested and drives a width-2 pointer walk;
0	00652810	AiEventClassTy::GetMessage	void __thiscall GetMessage(STMessage * message)	006517C0	FUN_006517c0	int __cdecl FUN_006517c0(short * param_1)	-364	0	/short	2	0	output_values_neg_16C		00657E02@00657E01<-00657DFB		needs_two_exact_output_calls	last explicit scalar-pointer parameter; exact EBP-rooted argument; callee return is tested and drives a width-2 pointer walk;
0	00652810	AiEventClassTy::GetMessage	void __thiscall GetMessage(STMessage * message)	00651900	FUN_00651900	int __cdecl FUN_00651900(short * param_1)	-364	0	/short	2	0	output_values_neg_16C		006581A0@0065819F<-00658199		needs_two_exact_output_calls	last explicit scalar-pointer parameter; exact EBP-rooted argument; callee return is tested and drives a width-2 pointer walk;
0	00652810	AiEventClassTy::GetMessage	void __thiscall GetMessage(STMessage * message)	006519E0	FUN_006519e0	undefined4 __cdecl FUN_006519e0(short * param_1)	-364	0	/short	2	0	output_values_neg_16C		006582DC@006582DB<-006582D5		needs_two_exact_output_calls	last explicit scalar-pointer parameter; exact EBP-rooted argument; callee return is tested and drives a width-2 pointer walk;
0	00652810	AiEventClassTy::GetMessage	void __thiscall GetMessage(STMessage * message)	00651B40	FUN_00651b40	undefined4 __cdecl FUN_00651b40(short * param_1)	-364	0	/short	2	0	output_values_neg_16C		0065843F@0065843E<-00658438		needs_two_exact_output_calls	last explicit scalar-pointer parameter; exact EBP-rooted argument; callee return is tested and drives a width-2 pointer walk;
0	00652810	AiEventClassTy::GetMessage	void __thiscall GetMessage(STMessage * message)	00651BD0	FUN_00651bd0	undefined4 __cdecl FUN_00651bd0(short * param_1)	-364	0	/short	2	0	output_values_neg_16C		0065856C@0065856B<-00658565		needs_two_exact_output_calls	last explicit scalar-pointer parameter; exact EBP-rooted argument; callee return is tested and drives a width-2 pointer walk;
0	00652810	AiEventClassTy::GetMessage	void __thiscall GetMessage(STMessage * message)	00651C60	FUN_00651c60	undefined4 __cdecl FUN_00651c60(short * param_1)	-364	0	/short	2	0	output_values_neg_16C		00658914@00658913<-0065890D		needs_two_exact_output_calls	last explicit scalar-pointer parameter; exact EBP-rooted argument; callee return is tested and drives a width-2 pointer walk;
0	00652810	AiEventClassTy::GetMessage	void __thiscall GetMessage(STMessage * message)	00651CD0	FUN_00651cd0	undefined4 __cdecl FUN_00651cd0(short * param_1)	-364	0	/short	2	0	output_values_neg_16C		00658699@00658698<-00658692		needs_two_exact_output_calls	last explicit scalar-pointer parameter; exact EBP-rooted argument; callee return is tested and drives a width-2 pointer walk;
0	00652810	AiEventClassTy::GetMessage	void __thiscall GetMessage(STMessage * message)	00651DF0	FUN_00651df0	undefined4 __cdecl FUN_00651df0(short * param_1)	-364	0	/short	2	0	output_values_neg_16C		00658A27@00658A26<-00658A20		needs_two_exact_output_calls	last explicit scalar-pointer parameter; exact EBP-rooted argument; callee return is tested and drives a width-2 pointer walk;
0	00652810	AiEventClassTy::GetMessage	void __thiscall GetMessage(STMessage * message)	00652030	FUN_00652030	int __cdecl FUN_00652030(short * param_1)	-364	0	/short	2	0	output_values_neg_16C		00658D2A@00658D29<-00658D23		needs_two_exact_output_calls	last explicit scalar-pointer parameter; exact EBP-rooted argument; callee return is tested and drives a width-2 pointer walk;
0	00652810	AiEventClassTy::GetMessage	void __thiscall GetMessage(STMessage * message)	00652100	FUN_00652100	int __cdecl FUN_00652100(short * param_1)	-364	0	/short	2	0	output_values_neg_16C		00658EB7@00658EB6<-00658EB0		needs_two_exact_output_calls	last explicit scalar-pointer parameter; exact EBP-rooted argument; callee return is tested and drives a width-2 pointer walk;
0	00652810	AiEventClassTy::GetMessage	void __thiscall GetMessage(STMessage * message)	006521C0	FUN_006521c0	int __cdecl FUN_006521c0(short * param_1)	-364	0	/short	2	0	output_values_neg_16C		00658FF1@00658FF0<-00658FEA		needs_two_exact_output_calls	last explicit scalar-pointer parameter; exact EBP-rooted argument; callee return is tested and drives a width-2 pointer walk;
0	00652810	AiEventClassTy::GetMessage	void __thiscall GetMessage(STMessage * message)	00652540	FUN_00652540	int __cdecl FUN_00652540(short * param_1)	-364	0	/short	2	0	output_values_neg_16C		00659515@00659514<-0065950E		needs_two_exact_output_calls	last explicit scalar-pointer parameter; exact EBP-rooted argument; callee return is tested and drives a width-2 pointer walk;
0	00652810	AiEventClassTy::GetMessage	void __thiscall GetMessage(STMessage * message)	00672440	SubmarineTitans::Recovered::HiddenThis::RecoveredReceiver_0064A970::FUN_00672440	int __thiscall FUN_00672440(RecoveredGlobalRecordView_00848A14 * param_1, int param_2, short * param_3)	-364	0	/short	2	0	output_values_neg_16C		00652957@00652952<-00652946|006529F8@006529ED<-006529E4		needs_two_count_driven_consumers	last explicit scalar-pointer parameter; exact EBP-rooted argument; callee return is tested and drives a width-2 pointer walk;
0	00652810	AiEventClassTy::GetMessage	void __thiscall GetMessage(STMessage * message)	00662240	AiFltClassTy::GetAiMess	int __thiscall GetAiMess(uint * param_1)	-104	16	/uint	4	4	output_values_neg_68	Stack[-0x60]:5:local_60:/undefined5:DEFAULT: | Stack[-0x64]:4:local_64:/undefined4:DEFAULT: | Stack[-0x68]:4:local_68:/undefined4:DEFAULT:	00657791@0065778E<-00657788|006578E1@006578DB<-006578CE|00657A24@00657A21<-00657A1B|00657BB1@00657BB0<-00657BAD|00657CB2@00657CA5<-00657CA2|00657DBC@00657DB2<-00657DAC|00657EFF@00657EFC<-00657EF6|00658051@00658043<-00658035|0065815A@0065814D<-0065814A|00658296@00658285<-0065827F|006583F9@006583F6<-006583EF|00658526@00658523<-0065851D|00658653@00658650<-0065864A|006587C5@006587BE<-006587B0|006588CE@006588C1<-006588BE|006589E1@006589D4<-006589C8|00658B53@00658B4C<-00658B3E|00658CE4@00658CE0<-00658CDD|00658E71@00658E61<-00658E5B|00658FAB@00658FA5<-00658F98|00659126@00659123<-0065911D|006594CF@006594C9<-006594BC|00659623@0065961D<-00659610|00659768@00659765<-0065975F|006598AD@006598AA<-006598A4|006599FF@006599FC<-006599F6		needs_two_count_driven_consumers	last explicit scalar-pointer parameter; exact EBP-rooted argument; callee return is tested and drives a width-4 pointer walk;
1	00652810	AiEventClassTy::GetMessage	void __thiscall GetMessage(STMessage * message)	00668F50	SubmarineTitans::Recovered::HiddenThis::RecoveredReceiver_0064A970::sub_00668F50	int __thiscall sub_00668F50(char * param_1, uint param_2, uint * param_3)	-52	32	/uint	4	8	output_values_neg_34	Stack[-0x34]:32:output_values_neg_34:/uint[8]:ANALYSIS:[STStackOutputArrayApplier] scalar output array; previous=local_30,local_34; target=00668F50; calls=00653023@0065301E<-0065301B|00653172@0065316D<-0065316A|00653274@0065326F<-0065326C|006533D8@006533D3<-006533D0|0065345D@00653458<-00653455|006534DD@006534D8<-006534D5|0065358C@00653587<-00653584|0065364B@00653646<-00653643|00653721@0065371C<-00653719|006537B2@006537AD<-006537AA|0065383B@00653836<-00653833|006538E3@006538DE<-006538DB|0065396D@00653968<-00653965|00653A29@00653A24<-00653A21|00653B02@00653AFD<-00653AFA|00653B9A@00653B95<-00653B92|00653CA0@00653C9B<-00653C98|00653D8C@00653D87<-00653D84|00653E34@00653E2F<-00653E2C|00653EC1@00653EBC<-00653EB9|00653F59@00653F54<-00653F51|0065401F@0065401A<-00654017|0065409F@0065409A<-00654097|00654141@0065413C<-00654139|0065429F@0065429A<-00654297|00654348@00654343<-00654340|006543DE@006543D9<-006543D6|0065446D@00654468<-00654465|00654517@00654512<-0065450F|006545A1@0065459C<-00654599|00654643@0065463D<-0065463A|0065466B@00654666<-0065465A|0065474C@00654747<-00654744|0065481C@00654817<-00654814|006548C3@006548BE<-006548BB|00654947@00654942<-0065493F|00654A32@00654A2D<-00654A2A|00655391@0065538C<-00655389|006558D6@006558D1<-006558CE|00655A45@00655A40<-00655A3D|00655B1C@00655B17<-00655B14|00655C4C@00655C47<-00655C44|00655D16@00655D11<-00655D0E|00656209@00656204<-00656201|006562DA@006562D5<-006562D2|0065639E@00656399<-00656396|00656462@0065645D<-0065645A|006564E2@006564DD<-006564DA|00656562@0065655D<-0065655A|006565D4@006565CF<-006565CC|00656646@00656641<-0065663E|00656702@006566FD<-006566FA|00656782@0065677D<-0065677A|00656809@00656804<-00656801|0065687B@00656876<-00656873|0065692E@00656929<-00656926|006569D3@006569CE<-006569CB|00656A99@00656A94<-00656A91|00656B8D@00656B88<-00656B85|00656C81@00656C7C<-00656C79|00656D75@00656D70<-00656D6D|00656E3A@00656E35<-00656E32|00656F3A@00656F35<-00656F32|00657023@0065701E<-0065701B|006570BB@006570B6<-006570B3|0065718C@00657187<-00657184|0065725D@00657258<-00657255|0065735F@0065735A<-00657357|00657401@006573FC<-006573F9|006574A3@0065749E<-0065749B|006575D8@006575D3<-006575D0|006576A9@006576A4<-006576A1|00657810@0065780B<-00657808|00657960@0065795B<-00657958|00657AA3@00657A9E<-00657A9B|00657C30@00657C2B<-00657C28|00657D31@00657D2C<-00657D29|00657E3B@00657E36<-00657E33|00657F7E@00657F79<-00657F76|006580D0@006580CB<-006580C8|006581D9@006581D4<-006581D1|00658315@00658310<-0065830D|00658478@00658473<-00658470|006585A5@006585A0<-0065859D|006586D2@006586CD<-006586CA|00658844@0065883F<-0065883C|0065894D@00658948<-00658945|00658A60@00658A5B<-00658A58|00658BD2@00658BCD<-00658BCA|00658D63@00658D5E<-00658D5B|00658EF0@00658EEB<-00658EE8|0065902A@00659025<-00659022|006591A5@006591A0<-0065919D|006593DC@006593D7<-006593D4|0065954E@00659549<-00659546|006596A2@0065969D<-0065969A|006597E7@006597E2<-006597DF|0065992C@00659927<-00659924; consumers=00653172|006533D8|0065345D|00653EC1|00654643|0065466B|0065474C|006548C3|00654947|00655B1C|00655D16|00656209|006562DA|0065639E|00656462|006564E2|00656562|006565D4|00656702|00656782|00656809|0065687B|0065692E|006569D3|00656A99|00656B8D|00656C81|00656E3A|00656F3A|00657023|006570BB|0065718C|0065725D|0065735F|00657401|006574A3|006575D8|006576A9|00657810|00657960|00657AA3|00657C30|00657D31|00657E3B|00657F7E|006580D0|006581D9|00658315|00658478|006585A5|006586D2|00658844|0065894D|00658A60|00658BD2|00658D63|00658EF0|0065902A|006591A5|006593DC|0065954E|006596A2|006597E7|0065992C; last explicit scalar-pointer parameter; exact EBP-rooted argument; callee return is tested and drives a width-4 pointer walk; 00653172 tested=1; cursor=EBX; count_slot=-12; element_read=1; advance=1; count_loop=1 | 006533D8 tested=1; cursor=EBX; count_slot=-12; element_read=1; advance=1; count_loop=1 | 0065345D tested=1; cursor=EBX; count_slot=-12; element_read=1; advance=1; count_loop=1 | 00653EC1 tested=1; cursor=EDX; count_slot=-12; element_read=1; advance=1; count_loop=1 | 00654643 tested=1; cursor=EBX; count_slot=-12; element_read=1; advance=1; count_loop=1 | 0065466B tested=1; cursor=EBX; count_slot=-12; element_read=1; advance=1; count_loop=1 | 0065474C tested=1; cursor=EBX; count_slot=-12; element_read=1; advance=1; count_loop=1 | 006548C3 tested=1; cursor=EBX; count_slot=-12; element_read=1; advance=1; count_loop=1 | 00654947 tested=1; cursor=EBX; count_slot=-12; element_read=1; advance=1; count_loop=1 | 00655B1C tested=1; cursor=ECX; count_slot=-12; element_read=1; advance=1; count_loop=1 | 00655D16 tested=1; cursor=EBX; count_slot=-12; element_read=1; advance=1; count_loop=1 | 00656209 tested=1; cursor=ECX; count_slot=-12; element_read=1; advance=1; count_loop=1 | 006562DA tested=1; cursor=EBX; count_slot=-12; element_read=1; advance=1; count_loop=1 | 0065639E tested=1; cursor=EBX; count_slot=-12; element_read=1; advance=1; count_loop=1 | 00656462 tested=1; cursor=EBX; count_slot=-12; element_read=1; advance=1; count_loop=1 | 006564E2 tested=1; cursor=EBX; count_slot=-12; element_read=1; advance=1; count_loop=1 | 00656562 tested=1; cursor=EBX; count_slot=-12; element_read=1; advance=1; count_loop=1 | 006565D4 tested=1; cursor=EBX; count_slot=-12; element_read=1; advance=1; count_loop=1 | 00656702 tested=1; cursor=EBX; count_slot=-12; element_read=1; advance=1; count_loop=1 | 00656782 tested=1; cursor=EBX; count_slot=-12; element_read=1; advance=1; count_loop=1 | 00656809 tested=1; cursor=EBX; count_slot=-12; element_read=1; advance=1; count_loop=1 | 0065687B tested=1; cursor=ECX; count_slot=-12; element_read=1; advance=1; count_loop=1 | 0065692E tested=1; cursor=ECX; count_slot=-12; element_read=1; advance=1; count_loop=1 | 006569D3 tested=1; cursor=EBX; count_slot=-8; element_read=1; advance=1; count_loop=1 | 00656A99 tested=1; cursor=ECX; count_slot=-8; element_read=1; advance=1; count_loop=1 | 00656B8D tested=1; cursor=ECX; count_slot=-8; element_read=1; advance=1; count_loop=1 | 00656C81 tested=1; cursor=ECX; count_slot=-8; element_read=1; advance=1; count_loop=1 | 00656E3A tested=1; cursor=ECX; count_slot=-12; element_read=1; advance=1; count_loop=1 | 00656F3A tested=1; cursor=EBX; count_slot=-12; element_read=1; advance=1; count_loop=1 | 00657023 tested=1; cursor=EBX; count_slot=-12; element_read=1; advance=1; count_loop=1 | 006570BB tested=1; cursor=ECX; count_slot=-12; element_read=1; advance=1; count_loop=1 | 0065718C tested=1; cursor=ECX; count_slot=-12; element_read=1; advance=1; count_loop=1 | 0065725D tested=1; cursor=ECX; count_slot=-8; element_read=1; advance=1; count_loop=1 | 0065735F tested=1; cursor=EBX; count_slot=-12; element_read=1; advance=1; count_loop=1 | 00657401 tested=1; cursor=EBX; count_slot=-12; element_read=1; advance=1; count_loop=1 | 006574A3 tested=1; cursor=ECX; count_slot=-12; element_read=1; advance=1; count_loop=1 | 006575D8 tested=1; cursor=ECX; count_slot=-12; element_read=1; advance=1; count_loop=1 | 006576A9 tested=1; cursor=ECX; count_slot=-12; element_read=1; advance=1; count_loop=1 | 00657810 tested=1; cursor=ECX; count_slot=-12; element_read=1; advance=1; count_loop=1 | 00657960 tested=1; cursor=ECX; count_slot=-12; element_read=1; advance=1; count_loop=1 | 00657AA3 tested=1; cursor=ECX; count_slot=-12; element_read=1; advance=1; count_loop=1 | 00657C30 tested=1; cursor=ECX; count_slot=-12; element_read=1; advance=1; count_loop=1 | 00657D31 tested=1; cursor=ECX; count_slot=-12; element_read=1; advance=1; count_loop=1 | 00657E3B tested=1; cursor=ECX; count_slot=-12; element_read=1; advance=1; count_loop=1 | 00657F7E tested=1; cursor=ECX; count_slot=-12; element_read=1; advance=1; count_loop=1 | 006580D0 tested=1; cursor=ECX; count_slot=-12; element_read=1; advance=1; count_loop=1 | 006581D9 tested=1; cursor=ECX; count_slot=-12; element_read=1; advance=1; count_loop=1 | 00658315 tested=1; cursor=ECX; count_slot=-12; element_read=1; advance=1; count_loop=1 | 00658478 tested=1; cursor=ECX; count_slot=-12; element_read=1; advance=1; count_loop=1 | 006585A5 tested=1; cursor=ECX; count_slot=-12; element_read=1; advance=1; count_loop=1 | 006586D2 tested=1; cursor=ECX; count_slot=-12; element_read=1; advance=1; count_loop=1 | 00658844 tested=1; cursor=ECX; count_slot=-12; element_read=1; advance=1; count_loop=1 | 0065894D tested=1; cursor=ECX; count_slot=-12; element_read=1; advance=1; count_loop=1 | 00658A60 tested=1; cursor=ECX; count_slot=-12; element_read=1; advance=1; count_loop=1 | 00658BD2 tested=1; cursor=ECX; count_slot=-12; element_read=1; advance=1; count_loop=1 | 00658D63 tested=1; cursor=ECX; count_slot=-12; element_read=1; advance=1; count_loop=1 | 00658EF0 tested=1; cursor=ECX; count_slot=-12; element_read=1; advance=1; count_loop=1 | 0065902A tested=1; cursor=ECX; count_slot=-12; element_read=1; advance=1; count_loop=1 | 006591A5 tested=1; cursor=ECX; count_slot=-12; element_read=1; advance=1; count_loop=1 | 006593DC tested=1; cursor=ECX; count_slot=-12; element_read=1; advance=1; count_loop=1 | 0065954E tested=1; cursor=ECX; count_slot=-12; element_read=1; advance=1; count_loop=1 | 006596A2 tested=1; cursor=ECX; count_slot=-12; element_read=1; advance=1; count_loop=1 | 006597E7 tested=1; cursor=ECX; count_slot=-12; element_read=1; advance=1; count_loop=1 | 0065992C tested=1; cursor=ECX; count_slot=-12; element_read=1; advance=1; count_loop=1	00653023@0065301E<-0065301B|00653172@0065316D<-0065316A|00653274@0065326F<-0065326C|006533D8@006533D3<-006533D0|0065345D@00653458<-00653455|006534DD@006534D8<-006534D5|0065358C@00653587<-00653584|0065364B@00653646<-00653643|00653721@0065371C<-00653719|006537B2@006537AD<-006537AA|0065383B@00653836<-00653833|006538E3@006538DE<-006538DB|0065396D@00653968<-00653965|00653A29@00653A24<-00653A21|00653B02@00653AFD<-00653AFA|00653B9A@00653B95<-00653B92|00653CA0@00653C9B<-00653C98|00653D8C@00653D87<-00653D84|00653E34@00653E2F<-00653E2C|00653EC1@00653EBC<-00653EB9|00653F59@00653F54<-00653F51|0065401F@0065401A<-00654017|0065409F@0065409A<-00654097|00654141@0065413C<-00654139|0065429F@0065429A<-00654297|00654348@00654343<-00654340|006543DE@006543D9<-006543D6|0065446D@00654468<-00654465|00654517@00654512<-0065450F|006545A1@0065459C<-00654599|00654643@0065463D<-0065463A|0065466B@00654666<-0065465A|0065474C@00654747<-00654744|0065481C@00654817<-00654814|006548C3@006548BE<-006548BB|00654947@00654942<-0065493F|00654A32@00654A2D<-00654A2A|00655391@0065538C<-00655389|006558D6@006558D1<-006558CE|00655A45@00655A40<-00655A3D|00655B1C@00655B17<-00655B14|00655C4C@00655C47<-00655C44|00655D16@00655D11<-00655D0E|00656209@00656204<-00656201|006562DA@006562D5<-006562D2|0065639E@00656399<-00656396|00656462@0065645D<-0065645A|006564E2@006564DD<-006564DA|00656562@0065655D<-0065655A|006565D4@006565CF<-006565CC|00656646@00656641<-0065663E|00656702@006566FD<-006566FA|00656782@0065677D<-0065677A|00656809@00656804<-00656801|0065687B@00656876<-00656873|0065692E@00656929<-00656926|006569D3@006569CE<-006569CB|00656A99@00656A94<-00656A91|00656B8D@00656B88<-00656B85|00656C81@00656C7C<-00656C79|00656D75@00656D70<-00656D6D|00656E3A@00656E35<-00656E32|00656F3A@00656F35<-00656F32|00657023@0065701E<-0065701B|006570BB@006570B6<-006570B3|0065718C@00657187<-00657184|0065725D@00657258<-00657255|0065735F@0065735A<-00657357|00657401@006573FC<-006573F9|006574A3@0065749E<-0065749B|006575D8@006575D3<-006575D0|006576A9@006576A4<-006576A1|00657810@0065780B<-00657808|00657960@0065795B<-00657958|00657AA3@00657A9E<-00657A9B|00657C30@00657C2B<-00657C28|00657D31@00657D2C<-00657D29|00657E3B@00657E36<-00657E33|00657F7E@00657F79<-00657F76|006580D0@006580CB<-006580C8|006581D9@006581D4<-006581D1|00658315@00658310<-0065830D|00658478@00658473<-00658470|006585A5@006585A0<-0065859D|006586D2@006586CD<-006586CA|00658844@0065883F<-0065883C|0065894D@00658948<-00658945|00658A60@00658A5B<-00658A58|00658BD2@00658BCD<-00658BCA|00658D63@00658D5E<-00658D5B|00658EF0@00658EEB<-00658EE8|0065902A@00659025<-00659022|006591A5@006591A0<-0065919D|006593DC@006593D7<-006593D4|0065954E@00659549<-00659546|006596A2@0065969D<-0065969A|006597E7@006597E2<-006597DF|0065992C@00659927<-00659924	00653172|006533D8|0065345D|00653EC1|00654643|0065466B|0065474C|006548C3|00654947|00655B1C|00655D16|00656209|006562DA|0065639E|00656462|006564E2|00656562|006565D4|00656702|00656782|00656809|0065687B|0065692E|006569D3|00656A99|00656B8D|00656C81|00656E3A|00656F3A|00657023|006570BB|0065718C|0065725D|0065735F|00657401|006574A3|006575D8|006576A9|00657810|00657960|00657AA3|00657C30|00657D31|00657E3B|00657F7E|006580D0|006581D9|00658315|00658478|006585A5|006586D2|00658844|0065894D|00658A60|00658BD2|00658D63|00658EF0|0065902A|006591A5|006593DC|0065954E|006596A2|006597E7|0065992C	exact_typed_array_present	last explicit scalar-pointer parameter; exact EBP-rooted argument; callee return is tested and drives a width-4 pointer walk; 00653172 tested=1; cursor=EBX; count_slot=-12; element_read=1; advance=1; count_loop=1 | 006533D8 tested=1; cursor=EBX; count_slot=-12; element_read=1; advance=1; count_loop=1 | 0065345D tested=1; cursor=EBX; count_slot=-12; element_read=1; advance=1; count_loop=1 | 00653EC1 tested=1; cursor=EDX; count_slot=-12; element_read=1; advance=1; count_loop=1 | 00654643 tested=1; cursor=EBX; count_slot=-12; element_read=1; advance=1; count_loop=1 | 0065466B tested=1; cursor=EBX; count_slot=-12; element_read=1; advance=1; count_loop=1 | 0065474C tested=1; cursor=EBX; count_slot=-12; element_read=1; advance=1; count_loop=1 | 006548C3 tested=1; cursor=EBX; count_slot=-12; element_read=1; advance=1; count_loop=1 | 00654947 tested=1; cursor=EBX; count_slot=-12; element_read=1; advance=1; count_loop=1 | 00655B1C tested=1; cursor=ECX; count_slot=-12; element_read=1; advance=1; count_loop=1 | 00655D16 tested=1; cursor=EBX; count_slot=-12; element_read=1; advance=1; count_loop=1 | 00656209 tested=1; cursor=ECX; count_slot=-12; element_read=1; advance=1; count_loop=1 | 006562DA tested=1; cursor=EBX; count_slot=-12; element_read=1; advance=1; count_loop=1 | 0065639E tested=1; cursor=EBX; count_slot=-12; element_read=1; advance=1; count_loop=1 | 00656462 tested=1; cursor=EBX; count_slot=-12; element_read=1; advance=1; count_loop=1 | 006564E2 tested=1; cursor=EBX; count_slot=-12; element_read=1; advance=1; count_loop=1 | 00656562 tested=1; cursor=EBX; count_slot=-12; element_read=1; advance=1; count_loop=1 | 006565D4 tested=1; cursor=EBX; count_slot=-12; element_read=1; advance=1; count_loop=1 | 00656702 tested=1; cursor=EBX; count_slot=-12; element_read=1; advance=1; count_loop=1 | 00656782 tested=1; cursor=EBX; count_slot=-12; element_read=1; advance=1; count_loop=1 | 00656809 tested=1; cursor=EBX; count_slot=-12; element_read=1; advance=1; count_loop=1 | 0065687B tested=1; cursor=ECX; count_slot=-12; element_read=1; advance=1; count_loop=1 | 0065692E tested=1; cursor=ECX; count_slot=-12; element_read=1; advance=1; count_loop=1 | 006569D3 tested=1; cursor=EBX; count_slot=-8; element_read=1; advance=1; count_loop=1 | 00656A99 tested=1; cursor=ECX; count_slot=-8; element_read=1; advance=1; count_loop=1 | 00656B8D tested=1; cursor=ECX; count_slot=-8; element_read=1; advance=1; count_loop=1 | 00656C81 tested=1; cursor=ECX; count_slot=-8; element_read=1; advance=1; count_loop=1 | 00656E3A tested=1; cursor=ECX; count_slot=-12; element_read=1; advance=1; count_loop=1 | 00656F3A tested=1; cursor=EBX; count_slot=-12; element_read=1; advance=1; count_loop=1 | 00657023 tested=1; cursor=EBX; count_slot=-12; element_read=1; advance=1; count_loop=1 | 006570BB tested=1; cursor=ECX; count_slot=-12; element_read=1; advance=1; count_loop=1 | 0065718C tested=1; cursor=ECX; count_slot=-12; element_read=1; advance=1; count_loop=1 | 0065725D tested=1; cursor=ECX; count_slot=-8; element_read=1; advance=1; count_loop=1 | 0065735F tested=1; cursor=EBX; count_slot=-12; element_read=1; advance=1; count_loop=1 | 00657401 tested=1; cursor=EBX; count_slot=-12; element_read=1; advance=1; count_loop=1 | 006574A3 tested=1; cursor=ECX; count_slot=-12; element_read=1; advance=1; count_loop=1 | 006575D8 tested=1; cursor=ECX; count_slot=-12; element_read=1; advance=1; count_loop=1 | 006576A9 tested=1; cursor=ECX; count_slot=-12; element_read=1; advance=1; count_loop=1 | 00657810 tested=1; cursor=ECX; count_slot=-12; element_read=1; advance=1; count_loop=1 | 00657960 tested=1; cursor=ECX; count_slot=-12; element_read=1; advance=1; count_loop=1 | 00657AA3 tested=1; cursor=ECX; count_slot=-12; element_read=1; advance=1; count_loop=1 | 00657C30 tested=1; cursor=ECX; count_slot=-12; element_read=1; advance=1; count_loop=1 | 00657D31 tested=1; cursor=ECX; count_slot=-12; element_read=1; advance=1; count_loop=1 | 00657E3B tested=1; cursor=ECX; count_slot=-12; element_read=1; advance=1; count_loop=1 | 00657F7E tested=1; cursor=ECX; count_slot=-12; element_read=1; advance=1; count_loop=1 | 006580D0 tested=1; cursor=ECX; count_slot=-12; element_read=1; advance=1; count_loop=1 | 006581D9 tested=1; cursor=ECX; count_slot=-12; element_read=1; advance=1; count_loop=1 | 00658315 tested=1; cursor=ECX; count_slot=-12; element_read=1; advance=1; count_loop=1 | 00658478 tested=1; cursor=ECX; count_slot=-12; element_read=1; advance=1; count_loop=1 | 006585A5 tested=1; cursor=ECX; count_slot=-12; element_read=1; advance=1; count_loop=1 | 006586D2 tested=1; cursor=ECX; count_slot=-12; element_read=1; advance=1; count_loop=1 | 00658844 tested=1; cursor=ECX; count_slot=-12; element_read=1; advance=1; count_loop=1 | 0065894D tested=1; cursor=ECX; count_slot=-12; element_read=1; advance=1; count_loop=1 | 00658A60 tested=1; cursor=ECX; count_slot=-12; element_read=1; advance=1; count_loop=1 | 00658BD2 tested=1; cursor=ECX; count_slot=-12; element_read=1; advance=1; count_loop=1 | 00658D63 tested=1; cursor=ECX; count_slot=-12; element_read=1; advance=1; count_loop=1 | 00658EF0 tested=1; cursor=ECX; count_slot=-12; element_read=1; advance=1; count_loop=1 | 0065902A tested=1; cursor=ECX; count_slot=-12; element_read=1; advance=1; count_loop=1 | 006591A5 tested=1; cursor=ECX; count_slot=-12; element_read=1; advance=1; count_loop=1 | 006593DC tested=1; cursor=ECX; count_slot=-12; element_read=1; advance=1; count_loop=1 | 0065954E tested=1; cursor=ECX; count_slot=-12; element_read=1; advance=1; count_loop=1 | 006596A2 tested=1; cursor=ECX; count_slot=-12; element_read=1; advance=1; count_loop=1 | 006597E7 tested=1; cursor=ECX; count_slot=-12; element_read=1; advance=1; count_loop=1 | 0065992C tested=1; cursor=ECX; count_slot=-12; element_read=1; advance=1; count_loop=1
0	0065BD70	AiEventClassTy::sub_0065BD70	int __thiscall sub_0065BD70(STMessage * message, int param_2)	006B6020	Library::DKW::TBL::FUN_006b6020	uint __stdcall FUN_006b6020(DArrayTy * param_1, uint param_2, char * param_3)	-28	16	/char	1	16	output_values_neg_1C	Stack[-0x1c]:1:local_1c:/undefined:DEFAULT:	0065C039@0065C035<-0065C032|0065C15C@0065C158<-0065C155|0065C24D@0065C249<-0065C246		needs_two_count_driven_consumers	last explicit scalar-pointer parameter; exact EBP-rooted argument; callee return is tested and drives a width-1 pointer walk;
0	0065D630	FUN_0065d630	undefined __fastcall FUN_0065d630(RecoveredRecordView_0065DA10_5A1C53AF * param_1, undefined4 param_2)	006E60A0	sub_006E60A0	int __thiscall sub_006E60A0(undefined4 * param_1)	-36	8	/undefined4	4	2	output_values_neg_24	Stack[-0x24]:1:local_24:/undefined:DEFAULT:	0065D675@0065D661<-0065D65B		needs_two_exact_output_calls	last explicit scalar-pointer parameter; exact EBP-rooted argument; callee return is tested and drives a width-4 pointer walk;
0	0065F660	AiFltClassTy::AppendPoint	int __thiscall AppendPoint(short * param_1, int param_2)	0065F5C0	AiFltClassTy::sub_0065F5C0	undefined4 __thiscall sub_0065F5C0(short * param_1)	-32	32	/short	2	16	output_values_neg_20	Stack[-0x10]:4:local_10:/undefined4:DEFAULT: | Stack[-0x14]:4:local_14:/undefined4:DEFAULT: | Stack[-0x18]:4:local_18:/undefined4:DEFAULT: | Stack[-0x1c]:4:local_1c:/undefined4:DEFAULT: | Stack[-0x20]:4:local_20:/undefined4:DEFAULT: | Stack[-0x8]:4:local_8:/undefined4:DEFAULT: | Stack[-0xc]:4:local_c:/undefined4:DEFAULT:	0065F75F@0065F75E<-0065F759		needs_two_exact_output_calls	last explicit scalar-pointer parameter; exact EBP-rooted argument; callee return is tested and drives a width-2 pointer walk;
0	00664760	AiFltClassTy::sub_00664760	undefined __thiscall sub_00664760(void)	0065F1D0	AiFltClassTy::AppendZone	int __thiscall AppendZone(short * param_1)	-16	16	/short	2	8	output_values_neg_10	Stack[-0x10]:2:local_10:/undefined2:DEFAULT: | Stack[-0x6]:2:local_6:/undefined2:DEFAULT: | Stack[-0x8]:2:local_8:/undefined2:DEFAULT: | Stack[-0xa]:2:local_a:/undefined2:DEFAULT: | Stack[-0xc]:2:local_c:/undefined2:DEFAULT: | Stack[-0xe]:2:local_e:/undefined2:DEFAULT:	00664889@00664888<-00664883		needs_two_exact_output_calls	last explicit scalar-pointer parameter; exact EBP-rooted argument; callee return is tested and drives a width-2 pointer walk;
0	00664960	AiFltClassTy::sub_00664960	undefined __fastcall sub_00664960(AiFltClassTy * param_1)	00664540	SubmarineTitans::Recovered::HiddenThis::RecoveredReceiver_00664540::FUN_00664540	int __thiscall FUN_00664540(undefined4 * param_1, uint * param_2)	-104	4	/uint	4	1	output_values_neg_68	Stack[-0x68]:1:local_68:/undefined:DEFAULT:	006649B8@006649B1<-006649AB|00665051@0066504D<-00665047		needs_two_count_driven_consumers	last explicit scalar-pointer parameter; exact EBP-rooted argument; callee return is tested and drives a width-4 pointer walk;
0	00664960	AiFltClassTy::sub_00664960	undefined __fastcall sub_00664960(AiFltClassTy * param_1)	006B11D0	Library::DKW::TBL::FUN_006b11d0	int __stdcall FUN_006b11d0(uint * param_1, uint param_2, undefined4 * param_3)	-60	17	/undefined4	4	4	output_values_neg_3C	Stack[-0x3c]:13:local_3c:/undefined1[13]:DEFAULT:	00664C6E@00664C6B<-00664C68|00664E0D@00664E0A<-00664E07		needs_two_count_driven_consumers	last explicit scalar-pointer parameter; exact EBP-rooted argument; callee return is tested and drives a width-4 pointer walk;
0	0066ACC0	SubmarineTitans::Recovered::HiddenThis::RecoveredReceiver_0064A970::FUN_0066acc0	uint * __thiscall FUN_0066acc0(char * param_1, int param_2, int * param_3)	00662240	AiFltClassTy::GetAiMess	int __thiscall GetAiMess(uint * param_1)	-464	8	/uint	4	2	output_values_neg_1D0	Stack[-0x1d0]:4:local_1d0:/undefined4:DEFAULT:	00670247@00670210<-00670204		needs_two_exact_output_calls	last explicit scalar-pointer parameter; exact EBP-rooted argument; callee return is tested and drives a width-4 pointer walk;
0	0066ACC0	SubmarineTitans::Recovered::HiddenThis::RecoveredReceiver_0064A970::FUN_0066acc0	uint * __thiscall FUN_0066acc0(char * param_1, int param_2, int * param_3)	00668F50	SubmarineTitans::Recovered::HiddenThis::RecoveredReceiver_0064A970::sub_00668F50	int __thiscall sub_00668F50(char * param_1, uint param_2, uint * param_3)	-80	32	/uint	4	8	output_values_neg_50	Stack[-0x50]:4:local_50:/undefined4:DEFAULT:	0066AF33@0066AF2D<-0066AF2A|0066B13A@0066B134<-0066B131|0066B7C6@0066B7C0<-0066B7BD|0066B933@0066B92D<-0066B92A|0066BAE8@0066BAE2<-0066BADF|0066BC65@0066BC5F<-0066BC5C|0066BCC0@0066BCBA<-0066BCB4|0066C0FF@0066C0F9<-0066C0F6|0066C25C@0066C256<-0066C253|0066D542@0066D53C<-0066D539|0066E385@0066E378<-0066E375|0066E660@0066E653<-0066E650|0066ECA4@0066EC97<-0066EC94|0066EEE3@0066EED6<-0066EED3|0066F0DD@0066F0D0<-0066F0CD|0066F347@0066F33A<-0066F337|0066F718@0066F712<-0066F70F|0066F87A@0066F874<-0066F871|0066F9F4@0066F9EE<-0066F9EB|0066FB54@0066FB4E<-0066FB4B|0066FD8A@0066FD84<-0066FD81|0066FF8E@0066FF88<-0066FF85|00670167@00670161<-0067015E|0067033E@00670338<-00670335		needs_two_count_driven_consumers	last explicit scalar-pointer parameter; exact EBP-rooted argument; callee return is tested and drives a width-4 pointer walk;
0	00671F10	FUN_00671f10	float * __stdcall FUN_00671f10(void * param_1, int * param_2, int * param_3)	0064A830	FUN_0064a830	int __cdecl FUN_0064a830(int * param_1, undefined4 * param_2)	-44	8	/undefined4	4	2	output_values_neg_2C	Stack[-0x2b]:4:local_2b:/undefined4:DEFAULT: | Stack[-0x2c]:1:local_2c:/undefined:DEFAULT:	00672117@00672115<-00672112		needs_two_exact_output_calls	last explicit scalar-pointer parameter; exact EBP-rooted argument; callee return is tested and drives a width-4 pointer walk;
0	0067BA50	FUN_0067ba50	undefined4 __cdecl FUN_0067ba50(AiFltClassTy * param_1, uint * param_2)	00662240	AiFltClassTy::GetAiMess	int __thiscall GetAiMess(uint * param_1)	-72	52	/uint	4	13	output_values_neg_48	Stack[-0x39]:4:local_39:/undefined4:DEFAULT: | Stack[-0x3d]:4:local_3d:/undefined4:DEFAULT: | Stack[-0x3f]:2:local_3f:/undefined2:DEFAULT: | Stack[-0x40]:1:local_40:/undefined1:DEFAULT: | Stack[-0x44]:4:local_44:/undefined4:DEFAULT: | Stack[-0x48]:4:local_48:/undefined4:DEFAULT:	0067BA7A@0067BA6D<-0067BA67		needs_two_exact_output_calls	last explicit scalar-pointer parameter; exact EBP-rooted argument; callee return is tested and drives a width-4 pointer walk;
0	0067C7E0	AiPlrClassTy::GetMessage	int __thiscall GetMessage(STMessage * message)	006E5810	SystemClassTy::PostMessage	int __thiscall PostMessage(undefined4 * param_1)	-56	8	/undefined4	4	2	output_values_neg_38	Stack[-0x38]:1:local_38:/undefined:DEFAULT:	0067C974@0067C970<-0067C966		needs_two_exact_output_calls	last explicit scalar-pointer parameter; exact EBP-rooted argument; callee return is tested and drives a width-4 pointer walk;
0	0067C7E0	AiPlrClassTy::GetMessage	int __thiscall GetMessage(STMessage * message)	006E62D0	STPlaySystemC::sub_006E62D0	int __thiscall sub_006E62D0(RecoveredRecordView_005EFAE0_855D930D * param_1, int * param_2)	-12	4	/int	4	1	output_values_neg_C	Stack[-0xc]:4:local_c:/undefined4:DEFAULT:	0067CB88@0067CB80<-0067CB76		needs_two_exact_output_calls	last explicit scalar-pointer parameter; exact EBP-rooted argument; callee return is tested and drives a width-4 pointer walk;
0	0067E7E0	CreateArbList	uint * __cdecl CreateArbList(cMf32 * param_1, int param_2)	0072EE80	Library::MSVCRT::FUN_0072ee80	int __cdecl FUN_0072ee80(char * param_1, byte * param_2)	-92	64	/byte	1	64	output_values_neg_5C	Stack[-0x5c]:1:local_5c:/undefined:DEFAULT:	0067E97C@0067E97A<-0067E977		needs_two_exact_output_calls	last explicit scalar-pointer parameter; exact EBP-rooted argument; callee return is tested and drives a width-1 pointer walk;
0	0067F030	FUN_0067f030	undefined4 __cdecl FUN_0067f030(char * text, char * param_2, uint * param_3)	0067EF60	FUN_0067ef60	int __cdecl FUN_0067ef60(byte * param_1, int * param_2)	-8	8	/int	4	2	output_values_neg_8	Stack[-0x8]:4:local_8:/undefined4:DEFAULT:	0067F068@0067F066<-0067F063		needs_two_exact_output_calls	last explicit scalar-pointer parameter; exact EBP-rooted argument; callee return is tested and drives a width-4 pointer walk;
0	0067F180	FUN_0067f180	int __cdecl FUN_0067f180(byte * param_1, char * param_2)	0067F030	FUN_0067f030	undefined4 __cdecl FUN_0067f030(char * text, char * param_2, uint * param_3)	-8	8	/uint	4	2	output_values_neg_8	Stack[-0x8]:4:local_8:/undefined4:DEFAULT:	0067F197@0067F194<-0067F18A		needs_two_exact_output_calls	last explicit scalar-pointer parameter; exact EBP-rooted argument; callee return is tested and drives a width-4 pointer walk;
0	006809B0	FUN_006809b0	void __cdecl FUN_006809b0(byte * param_1, uint param_2)	00680890	FUN_00680890	undefined4 __cdecl FUN_00680890(byte param_1, byte * param_2, uint param_3, undefined4 * elementSize)	-16	16	/undefined4	4	4	output_values_neg_10	Stack[-0x10]:4:local_10:/undefined4:DEFAULT: | Stack[-0x8]:4:local_8:/undefined4:DEFAULT: | Stack[-0xc]:4:local_c:/undefined4:DEFAULT:	006809CF@006809C4<-006809BE		needs_two_exact_output_calls	last explicit scalar-pointer parameter; exact EBP-rooted argument; callee return is tested and drives a width-4 pointer walk;
0	006809F0	FUN_006809f0	undefined4 __cdecl FUN_006809f0(uint * param_1)	00680890	FUN_00680890	undefined4 __cdecl FUN_00680890(byte param_1, byte * param_2, uint param_3, undefined4 * elementSize)	-24	24	/undefined4	4	6	output_values_neg_18	Stack[-0x10]:4:local_10:/undefined4:DEFAULT: | Stack[-0x14]:4:local_14:/undefined4:DEFAULT: | Stack[-0x18]:4:local_18:/undefined4:DEFAULT: | Stack[-0x8]:4:local_8:/undefined4:DEFAULT: | Stack[-0xc]:4:local_c:/undefined4:DEFAULT:	00680A54@00680A4C<-00680A49		needs_two_exact_output_calls	last explicit scalar-pointer parameter; exact EBP-rooted argument; callee return is tested and drives a width-4 pointer walk;
0	00682850	FUN_00682850	undefined __stdcall FUN_00682850(void)	00668AA0	FUN_00668aa0	undefined4 __cdecl FUN_00668aa0(Global_sub_00668AA0_param_1Enum param_1, Global_sub_00668AA0_param_2Enum param_2, undefined1 * param_3)	-12	12	/undefined1	1	12	output_values_neg_C	Stack[-0xc]:1:local_c:/undefined:DEFAULT:	00682911@0068290E<-0068290B		needs_two_exact_output_calls	last explicit scalar-pointer parameter; exact EBP-rooted argument; callee return is tested and drives a width-1 pointer walk;
0	00683780	FUN_00683780	int __cdecl FUN_00683780(int * param_1, RecoveredGlobalRecordView_00848A14 * param_2, int param_3)	0064A830	FUN_0064a830	int __cdecl FUN_0064a830(int * param_1, undefined4 * param_2)	-12	12	/undefined4	4	3	output_values_neg_C	Stack[-0xc]:5:local_c:/undefined5:DEFAULT:	00683827@00683825<-00683822|00683853@00683841<-0068383E		needs_two_count_driven_consumers	last explicit scalar-pointer parameter; exact EBP-rooted argument; callee return is tested and drives a width-4 pointer walk;
0	006838B0	FUN_006838b0	int __cdecl FUN_006838b0(int * param_1, char param_2, byte * param_3, int param_4)	0064A830	FUN_0064a830	int __cdecl FUN_0064a830(int * param_1, undefined4 * param_2)	-12	12	/undefined4	4	3	output_values_neg_C	Stack[-0x8]:1:local_8:/undefined1:DEFAULT: | Stack[-0xc]:4:local_c:/undefined4:DEFAULT:	00683931@00683928<-00683925|00683950@00683947<-00683944|00683978@00683976<-0068396F		needs_two_count_driven_consumers	last explicit scalar-pointer parameter; exact EBP-rooted argument; callee return is tested and drives a width-4 pointer walk;
0	006839D0	FUN_006839d0	int __cdecl FUN_006839d0(RecoveredRecord_006839D0_1EDE16BA * param_1, int * param_2, ushort param_3, int param_4)	0064A830	FUN_0064a830	int __cdecl FUN_0064a830(int * param_1, undefined4 * param_2)	-24	8	/undefined4	4	2	output_values_neg_18	Stack[-0x15]:2:local_15:/undefined2:DEFAULT: | Stack[-0x17]:2:local_17:/undefined2:DEFAULT: | Stack[-0x18]:1:local_18:/undefined1:DEFAULT:	00683BA1@00683B90<-00683B8D		needs_two_exact_output_calls	last explicit scalar-pointer parameter; exact EBP-rooted argument; callee return is tested and drives a width-4 pointer walk;
0	00683C70	FUN_00683c70	uint * __stdcall FUN_00683c70(LPCSTR lpFileName, RecoveredRecordView_00683C70_9F6EAF4E * param_2, undefined4 * param_3, int * param_4, undefined * param_5)	0064A830	FUN_0064a830	int __cdecl FUN_0064a830(int * param_1, undefined4 * param_2)	-132	8	/undefined4	4	2	output_values_neg_84	Stack[-0x81]:2:local_81:/undefined2:DEFAULT: | Stack[-0x83]:2:local_83:/undefined2:DEFAULT: | Stack[-0x84]:1:local_84:/undefined1:DEFAULT:	0068A1DA@0068A1C9<-0068A1C6		needs_two_exact_output_calls	last explicit scalar-pointer parameter; exact EBP-rooted argument; callee return is tested and drives a width-4 pointer walk;
0	00683C70	FUN_00683c70	uint * __stdcall FUN_00683c70(LPCSTR lpFileName, RecoveredRecordView_00683C70_9F6EAF4E * param_2, undefined4 * param_3, int * param_4, undefined * param_5)	0064A830	FUN_0064a830	int __cdecl FUN_0064a830(int * param_1, undefined4 * param_2)	-124	8	/undefined4	4	2	output_values_neg_7C	Stack[-0x79]:2:local_79:/undefined2:DEFAULT: | Stack[-0x7b]:2:local_7b:/undefined2:DEFAULT: | Stack[-0x7c]:1:local_7c:/undefined:DEFAULT:	0068465C@00684646<-0068463D		needs_two_exact_output_calls	last explicit scalar-pointer parameter; exact EBP-rooted argument; callee return is tested and drives a width-4 pointer walk;
0	00683C70	FUN_00683c70	uint * __stdcall FUN_00683c70(LPCSTR lpFileName, RecoveredRecordView_00683C70_9F6EAF4E * param_2, undefined4 * param_3, int * param_4, undefined * param_5)	0064A830	FUN_0064a830	int __cdecl FUN_0064a830(int * param_1, undefined4 * param_2)	-116	8	/undefined4	4	2	output_values_neg_74	Stack[-0x71]:2:local_71:/undefined2:DEFAULT: | Stack[-0x73]:2:local_73:/undefined2:DEFAULT: | Stack[-0x74]:1:local_74:/undefined1:DEFAULT:	00689FFD@00689FEC<-00689FE9		needs_two_exact_output_calls	last explicit scalar-pointer parameter; exact EBP-rooted argument; callee return is tested and drives a width-4 pointer walk;
0	00683C70	FUN_00683c70	uint * __stdcall FUN_00683c70(LPCSTR lpFileName, RecoveredRecordView_00683C70_9F6EAF4E * param_2, undefined4 * param_3, int * param_4, undefined * param_5)	0064A830	FUN_0064a830	int __cdecl FUN_0064a830(int * param_1, undefined4 * param_2)	-108	8	/undefined4	4	2	output_values_neg_6C	Stack[-0x69]:2:local_69:/undefined2:DEFAULT: | Stack[-0x6b]:2:local_6b:/undefined2:DEFAULT: | Stack[-0x6c]:1:local_6c:/undefined:DEFAULT:	00684724@0068470E<-00684705		needs_two_exact_output_calls	last explicit scalar-pointer parameter; exact EBP-rooted argument; callee return is tested and drives a width-4 pointer walk;
0	00683C70	FUN_00683c70	uint * __stdcall FUN_00683c70(LPCSTR lpFileName, RecoveredRecordView_00683C70_9F6EAF4E * param_2, undefined4 * param_3, int * param_4, undefined * param_5)	0064A830	FUN_0064a830	int __cdecl FUN_0064a830(int * param_1, undefined4 * param_2)	-100	8	/undefined4	4	2	output_values_neg_64	Stack[-0x61]:2:local_61:/undefined2:DEFAULT: | Stack[-0x63]:2:local_63:/undefined2:DEFAULT: | Stack[-0x64]:1:local_64:/undefined1:DEFAULT:	00685FB7@00685FA6<-00685FA3		needs_two_exact_output_calls	last explicit scalar-pointer parameter; exact EBP-rooted argument; callee return is tested and drives a width-4 pointer walk;
0	00683C70	FUN_00683c70	uint * __stdcall FUN_00683c70(LPCSTR lpFileName, RecoveredRecordView_00683C70_9F6EAF4E * param_2, undefined4 * param_3, int * param_4, undefined * param_5)	0064A830	FUN_0064a830	int __cdecl FUN_0064a830(int * param_1, undefined4 * param_2)	-92	8	/undefined4	4	2	output_values_neg_5C	Stack[-0x59]:2:local_59:/undefined2:DEFAULT: | Stack[-0x5b]:2:local_5b:/undefined2:DEFAULT: | Stack[-0x5c]:1:local_5c:/undefined:DEFAULT:	00684847@00684839<-00684832		needs_two_exact_output_calls	last explicit scalar-pointer parameter; exact EBP-rooted argument; callee return is tested and drives a width-4 pointer walk;
0	00683C70	FUN_00683c70	uint * __stdcall FUN_00683c70(LPCSTR lpFileName, RecoveredRecordView_00683C70_9F6EAF4E * param_2, undefined4 * param_3, int * param_4, undefined * param_5)	0064A830	FUN_0064a830	int __cdecl FUN_0064a830(int * param_1, undefined4 * param_2)	-84	8	/undefined4	4	2	output_values_neg_54	Stack[-0x51]:2:local_51:/undefined2:DEFAULT: | Stack[-0x53]:2:local_53:/undefined2:DEFAULT: | Stack[-0x54]:1:local_54:/undefined1:DEFAULT:	006851DC@006851DA<-006851D3		needs_two_exact_output_calls	last explicit scalar-pointer parameter; exact EBP-rooted argument; callee return is tested and drives a width-4 pointer walk;
0	00683C70	FUN_00683c70	uint * __stdcall FUN_00683c70(LPCSTR lpFileName, RecoveredRecordView_00683C70_9F6EAF4E * param_2, undefined4 * param_3, int * param_4, undefined * param_5)	0064A830	FUN_0064a830	int __cdecl FUN_0064a830(int * param_1, undefined4 * param_2)	-76	8	/undefined4	4	2	output_values_neg_4C	Stack[-0x49]:2:local_49:/undefined2:DEFAULT: | Stack[-0x4b]:2:local_4b:/undefined2:DEFAULT: | Stack[-0x4c]:1:local_4c:/undefined1:DEFAULT:	00684AA7@00684AA5<-00684AA2		needs_two_exact_output_calls	last explicit scalar-pointer parameter; exact EBP-rooted argument; callee return is tested and drives a width-4 pointer walk;
0	00683C70	FUN_00683c70	uint * __stdcall FUN_00683c70(LPCSTR lpFileName, RecoveredRecordView_00683C70_9F6EAF4E * param_2, undefined4 * param_3, int * param_4, undefined * param_5)	0064A830	FUN_0064a830	int __cdecl FUN_0064a830(int * param_1, undefined4 * param_2)	-68	8	/undefined4	4	2	output_values_neg_44	Stack[-0x41]:2:local_41:/undefined2:DEFAULT: | Stack[-0x43]:2:local_43:/undefined2:DEFAULT: | Stack[-0x44]:1:local_44:/undefined:DEFAULT:	0068494F@00684939<-00684930		needs_two_exact_output_calls	last explicit scalar-pointer parameter; exact EBP-rooted argument; callee return is tested and drives a width-4 pointer walk;
0	0068CEC0	FUN_0068cec0	uint * __cdecl FUN_0068cec0(LPCSTR lpFileName, RecoveredRecordView_00683C70_9F6EAF4E * param_2, int * param_3, undefined * param_4)	006B5AA0	Library::DKW::TBL::FUN_006b5aa0	int __stdcall FUN_006b5aa0(DArrayTy * param_1, char * text)	-4284	4100	/char	1	4100	output_values_neg_10BC	Stack[-0x10bc]:1:local_10bc:/undefined:DEFAULT:	0068D3FE@0068D3FC<-0068D3F6|0068D4AE@0068D4A7<-0068D49E|0068D5BE@0068D5BC<-0068D5B6|0068D63F@0068D638<-0068D62F|0068D680@0068D67E<-0068D678		needs_two_count_driven_consumers	last explicit scalar-pointer parameter; exact EBP-rooted argument; callee return is tested and drives a width-1 pointer walk;
0	0068EC70	AiTactClassTy::ExecClaim	undefined __thiscall ExecClaim(void)	00662240	AiFltClassTy::GetAiMess	int __thiscall GetAiMess(uint * param_1)	-68	14	/uint	4	3	output_values_neg_44	Stack[-0x3c]:4:local_3c:/undefined4:DEFAULT: | Stack[-0x40]:4:local_40:/undefined4:DEFAULT: | Stack[-0x44]:4:local_44:/undefined4:DEFAULT:	0068ED95@0068ED81<-0068ED7E|0068EE47@0068EE43<-0068EE33|0068EEBA@0068EEB6<-0068EEA6		needs_two_count_driven_consumers	last explicit scalar-pointer parameter; exact EBP-rooted argument; callee return is tested and drives a width-4 pointer walk;
0	0068F8F0	FUN_0068f8f0	undefined4 __thiscall FUN_0068f8f0(short param_1)	00662240	AiFltClassTy::GetAiMess	int __thiscall GetAiMess(uint * param_1)	-56	56	/uint	4	14	output_values_neg_38	Stack[-0x30]:1:local_30:/undefined1:DEFAULT: | Stack[-0x34]:4:local_34:/undefined4:DEFAULT: | Stack[-0x38]:4:local_38:/undefined4:DEFAULT:	0068F990@0068F986<-0068F980		needs_two_exact_output_calls	last explicit scalar-pointer parameter; exact EBP-rooted argument; callee return is tested and drives a width-4 pointer walk;
0	0068FA00	FUN_0068fa00	undefined __thiscall FUN_0068fa00(uint * param_1)	00662240	AiFltClassTy::GetAiMess	int __thiscall GetAiMess(uint * param_1)	-56	56	/uint	4	14	output_values_neg_38	Stack[-0x2e]:4:local_2e:/undefined4:DEFAULT: | Stack[-0x2f]:1:local_2f:/undefined1:DEFAULT: | Stack[-0x30]:1:local_30:/undefined1:DEFAULT: | Stack[-0x34]:4:local_34:/undefined4:DEFAULT: | Stack[-0x38]:4:local_38:/undefined4:DEFAULT:	0068FA68@0068FA5A<-0068FA54		needs_two_exact_output_calls	last explicit scalar-pointer parameter; exact EBP-rooted argument; callee return is tested and drives a width-4 pointer walk;
0	0068FD00	AiTactClassTy::GetAiMess	int __thiscall GetAiMess(RecoveredRecordView_0068FD00_630BE91E * param_1)	00662240	AiFltClassTy::GetAiMess	int __thiscall GetAiMess(uint * param_1)	-60	52	/uint	4	13	output_values_neg_3C	Stack[-0x30]:4:local_30:/undefined4:DEFAULT: | Stack[-0x34]:4:local_34:/undefined4:DEFAULT: | Stack[-0x38]:4:local_38:/undefined4:DEFAULT: | Stack[-0x3c]:4:local_3c:/undefined4:DEFAULT:	0068FE8C@0068FE88<-0068FE82		needs_two_exact_output_calls	last explicit scalar-pointer parameter; exact EBP-rooted argument; callee return is tested and drives a width-4 pointer walk;
0	00690650	AiTactClassTy::HelpOrganize	undefined __thiscall HelpOrganize(RecoveredRecordView_00690650_B2F27882 * param_1)	00662240	AiFltClassTy::GetAiMess	int __thiscall GetAiMess(uint * param_1)	-84	52	/uint	4	13	output_values_neg_54	Stack[-0x42]:1:local_42:/undefined1:DEFAULT: | Stack[-0x44]:2:local_44:/undefined2:DEFAULT: | Stack[-0x46]:2:local_46:/undefined2:DEFAULT: | Stack[-0x48]:2:local_48:/undefined2:DEFAULT: | Stack[-0x4a]:2:local_4a:/undefined2:DEFAULT: | Stack[-0x4b]:1:local_4b:/undefined1:DEFAULT: | Stack[-0x4c]:1:local_4c:/undefined1:DEFAULT: | Stack[-0x50]:4:local_50:/undefined4:DEFAULT: | Stack[-0x54]:4:local_54:/undefined4:DEFAULT:	00690897@00690891<-00690887		needs_two_exact_output_calls	last explicit scalar-pointer parameter; exact EBP-rooted argument; callee return is tested and drives a width-4 pointer walk;
0	00690B90	AiTactClassTy::GetMessage	int __thiscall GetMessage(STMessage * message)	006E62D0	STPlaySystemC::sub_006E62D0	int __thiscall sub_006E62D0(RecoveredRecordView_005EFAE0_855D930D * param_1, int * param_2)	-8	8	/int	4	2	output_values_neg_8	Stack[-0x8]:4:local_8:/undefined4:DEFAULT:	00690D1F@00690D17<-00690D14		needs_two_exact_output_calls	last explicit scalar-pointer parameter; exact EBP-rooted argument; callee return is tested and drives a width-4 pointer walk;
0	00691690	FUN_00691690	undefined __thiscall FUN_00691690(cMf32 * param_1, cMf32 * param_2, int param_3, undefined * param_4)	006F21C0	cMf32::RecChk	int __thiscall RecChk(byte param_1, char * param_2)	-400	260	/char	1	260	output_values_neg_190	Stack[-0x190]:1:local_190:/undefined:DEFAULT:	006918C9@006918C3<-006918BD		needs_two_exact_output_calls	last explicit scalar-pointer parameter; exact EBP-rooted argument; callee return is tested and drives a width-1 pointer walk;
0	006952B0	CGenerate::FUN_006952b0	int __thiscall FUN_006952b0(RecoveredRecordView_006952B0_2D9C9F03 * param_1, byte * param_2)	00698F90	FUN_00698f90	undefined4 __stdcall FUN_00698f90(int param_1, int param_2, int param_3, int param_4, int * param_5, int * param_6)	-24	24	/int	4	6	output_values_neg_18	Stack[-0x10]:4:local_10:/undefined4:DEFAULT: | Stack[-0x14]:4:local_14:/undefined4:DEFAULT: | Stack[-0x18]:4:local_18:/undefined4:DEFAULT: | Stack[-0x8]:4:local_8:/undefined4:DEFAULT: | Stack[-0xc]:4:local_c:/undefined4:DEFAULT:	00695346@0069531B<-00695318		needs_two_exact_output_calls	last explicit scalar-pointer parameter; exact EBP-rooted argument; callee return is tested and drives a width-4 pointer walk;
0	00697390	CGenerate::sub_00697390	void __thiscall sub_00697390(void)	00698CA0	CGenerate::sub_00698CA0	int __thiscall sub_00698CA0(int param_1, int param_2, int param_3, int * param_4, int * param_5, undefined4 * param_6)	-44	44	/undefined4	4	11	output_values_neg_2C	Stack[-0x10]:4:local_10:/undefined4:DEFAULT: | Stack[-0x14]:4:local_14:/undefined4:DEFAULT: | Stack[-0x18]:4:local_18:/undefined4:DEFAULT: | Stack[-0x1c]:4:local_1c:/undefined4:DEFAULT: | Stack[-0x20]:4:local_20:/undefined4:DEFAULT: | Stack[-0x24]:4:local_24:/undefined4:DEFAULT: | Stack[-0x28]:4:local_28:/undefined4:DEFAULT: | Stack[-0x2c]:4:local_2c:/undefined4:DEFAULT: | Stack[-0x8]:4:local_8:/undefined4:DEFAULT: | Stack[-0xc]:4:local_c:/undefined4:DEFAULT:	0069751C@0069750B<-00697505		needs_two_exact_output_calls	last explicit scalar-pointer parameter; exact EBP-rooted argument; callee return is tested and drives a width-4 pointer walk;
0	006988C0	CGenerate::sub_006988C0	undefined __thiscall sub_006988C0(void)	00697AF0	FUN_00697af0	undefined4 __thiscall FUN_00697af0(AnonShape_00697AF0_A94F4D28 * param_1, int * param_2, int * param_3, int * param_4, int * param_5)	-16	16	/int	4	4	output_values_neg_10	Stack[-0x10]:4:local_10:/undefined4:DEFAULT: | Stack[-0xc]:4:local_c:/undefined4:DEFAULT:	00698941@00698934<-0069892E		needs_two_exact_output_calls	last explicit scalar-pointer parameter; exact EBP-rooted argument; callee return is tested and drives a width-4 pointer walk;
0	0069BDC0	CGenerate::sub_0069BDC0	int __thiscall sub_0069BDC0(int param_1, int param_2, int param_3, int param_4, int param_5, RecoveredRecordView_0069BDC0_C51A57AA * param_6, RecoveredRecord_CGenerate_0069BDC0 * param_7)	0069BC10	FUN_0069bc10	int __thiscall FUN_0069bc10(int param_1, int * param_2, int param_3, int param_4, int * param_5, int * param_6)	-32	12	/int	4	3	output_values_neg_20	Stack[-0x1c]:4:local_1c:/undefined4:DEFAULT: | Stack[-0x20]:4:local_20:/undefined4:DEFAULT:	0069C09E@0069C08C<-0069C089		needs_two_exact_output_calls	last explicit scalar-pointer parameter; exact EBP-rooted argument; callee return is tested and drives a width-4 pointer walk;
0	0069CB50	CGenerate::sub_0069CB50	uint __fastcall sub_0069CB50(CGenerate * param_1)	00696310	FUN_00696310	undefined4 __thiscall FUN_00696310(int param_1, int param_2, int * param_3, int * param_4)	-372	8	/int	4	2	output_values_neg_174	Stack[-0x170]:4:local_170:/undefined4:DEFAULT: | Stack[-0x174]:4:local_174:/undefined4:DEFAULT:	0069D2CD@0069D2B9<-0069D2B3		needs_two_exact_output_calls	last explicit scalar-pointer parameter; exact EBP-rooted argument; callee return is tested and drives a width-4 pointer walk;
0	006A7D50	FUN_006a7d50	int __stdcall FUN_006a7d50(int param_1, int param_2, int param_3, int param_4, int param_5, int param_6, int param_7, int param_8, int param_9, int param_10, undefined4 * param_11, int param_12, uint param_13)	006A6100	FUN_006a6100	int __stdcall FUN_006a6100(int param_1, int param_2, int param_3, int param_4, int param_5, int param_6, int * param_7)	-76	76	/int	4	19	output_values_neg_4C	Stack[-0x10]:4:local_10:/undefined4:DEFAULT: | Stack[-0x14]:4:local_14:/undefined4:DEFAULT: | Stack[-0x18]:4:local_18:/undefined4:DEFAULT: | Stack[-0x1c]:4:local_1c:/undefined4:DEFAULT: | Stack[-0x20]:4:local_20:/undefined4:DEFAULT: | Stack[-0x24]:4:local_24:/undefined4:DEFAULT: | Stack[-0x28]:4:local_28:/undefined4:DEFAULT: | Stack[-0x2c]:4:local_2c:/undefined4:DEFAULT: | Stack[-0x30]:4:local_30:/undefined4:DEFAULT: | Stack[-0x34]:4:local_34:/undefined4:DEFAULT: | Stack[-0x38]:4:local_38:/undefined4:DEFAULT: | Stack[-0x3c]:4:local_3c:/undefined4:DEFAULT: | Stack[-0x40]:4:local_40:/undefined4:DEFAULT: | Stack[-0x44]:4:local_44:/undefined4:DEFAULT: | Stack[-0x48]:4:local_48:/undefined4:DEFAULT: | Stack[-0x4c]:4:local_4c:/undefined4:DEFAULT: | Stack[-0x8]:4:local_8:/undefined4:DEFAULT: | Stack[-0xc]:4:local_c:/undefined4:DEFAULT:	006A7E7C@006A7E6C<-006A7E69		needs_two_exact_output_calls	last explicit scalar-pointer parameter; exact EBP-rooted argument; callee return is tested and drives a width-4 pointer walk;
0	006B3930	FUN_006b3930	bool __stdcall FUN_006b3930(RecoveredRecord_006B3930_A2828000 * param_1, uint param_2, int * param_3)	006CFEB0	FUN_006cfeb0	int __cdecl FUN_006cfeb0(int * param_1, int * param_2, int * param_3)	-36	36	/int	4	9	output_values_neg_24	Stack[-0x10]:4:local_10:/undefined4:DEFAULT: | Stack[-0x14]:4:local_14:/undefined4:DEFAULT: | Stack[-0x18]:4:local_18:/undefined4:DEFAULT: | Stack[-0x1c]:4:local_1c:/undefined4:DEFAULT: | Stack[-0x20]:4:local_20:/undefined4:DEFAULT: | Stack[-0x24]:4:local_24:/undefined4:DEFAULT: | Stack[-0x8]:4:local_8:/undefined4:DEFAULT: | Stack[-0xc]:4:local_c:/undefined4:DEFAULT:	006B3A1A@006B3A17<-006B3A11		needs_two_exact_output_calls	last explicit scalar-pointer parameter; exact EBP-rooted argument; callee return is tested and drives a width-4 pointer walk;
0	006B84D0	FUN_006b84d0	void __stdcall FUN_006b84d0(RecoveredSourceFamily_dibcopy * param_1, int param_2, int param_3, int param_4, RecoveredRecordView_006B84D0_87AF9D9B * param_5)	006CFEB0	FUN_006cfeb0	int __cdecl FUN_006cfeb0(int * param_1, int * param_2, int * param_3)	-36	36	/int	4	9	output_values_neg_24	Stack[-0x10]:4:local_10:/undefined4:DEFAULT: | Stack[-0x14]:4:local_14:/undefined4:DEFAULT: | Stack[-0x18]:4:local_18:/undefined4:DEFAULT: | Stack[-0x1c]:4:local_1c:/undefined4:DEFAULT: | Stack[-0x20]:4:local_20:/undefined4:DEFAULT: | Stack[-0x24]:4:local_24:/undefined4:DEFAULT: | Stack[-0x8]:4:local_8:/undefined4:DEFAULT: | Stack[-0xc]:4:local_c:/undefined4:DEFAULT:	006B8564@006B855E<-006B8558		needs_two_exact_output_calls	last explicit scalar-pointer parameter; exact EBP-rooted argument; callee return is tested and drives a width-4 pointer walk;
0	006B8F10	FUN_006b8f10	int __stdcall FUN_006b8f10(AnonShape_006B8F10_41B61BA9 * param_1, int * param_2)	006B91A0	FUN_006b91a0	int __stdcall FUN_006b91a0(int * param_1, int * param_2)	-20	20	/int	4	5	output_values_neg_14	Stack[-0x10]:4:local_10:/undefined4:DEFAULT: | Stack[-0x14]:4:local_14:/undefined4:DEFAULT: | Stack[-0x8]:4:local_8:/undefined4:DEFAULT: | Stack[-0xc]:4:local_c:/undefined4:DEFAULT:	006B9034@006B9032<-006B902F		needs_two_exact_output_calls	last explicit scalar-pointer parameter; exact EBP-rooted argument; callee return is tested and drives a width-4 pointer walk;
0	006CEEE0	FUN_006ceee0	int __stdcall FUN_006ceee0(AnonShape_006CEEE0_CDA60BFB * param_1, int * param_2, int param_3)	006CFEB0	FUN_006cfeb0	int __cdecl FUN_006cfeb0(int * param_1, int * param_2, int * param_3)	-20	20	/int	4	5	output_values_neg_14	Stack[-0x10]:4:local_10:/undefined4:DEFAULT: | Stack[-0x14]:4:local_14:/undefined4:DEFAULT: | Stack[-0x8]:4:local_8:/undefined4:DEFAULT: | Stack[-0xc]:4:local_c:/undefined4:DEFAULT:	006CEF19@006CEF13<-006CEF0D		needs_two_exact_output_calls	last explicit scalar-pointer parameter; exact EBP-rooted argument; callee return is tested and drives a width-4 pointer walk;
0	006CEF60	FUN_006cef60	int __stdcall FUN_006cef60(int * param_1, RecoveredGlobalRecordView_00854F00 * param_2, RecoveredSourceFamily_dibcopy * param_3, RecoveredRecord_006CEF60_5CD59663 * param_4, RecoveredGlobalRecordView_00854F68 * param_5, char * param_6, int param_7, int param_8, int * param_9, int param_10, int param_11, uint param_12, undefined1 * param_13)	006CFEB0	FUN_006cfeb0	int __cdecl FUN_006cfeb0(int * param_1, int * param_2, int * param_3)	-72	52	/int	4	13	output_values_neg_48	Stack[-0x1c]:4:local_1c:/undefined4:DEFAULT: | Stack[-0x20]:4:local_20:/undefined4:DEFAULT: | Stack[-0x24]:4:local_24:/undefined4:DEFAULT: | Stack[-0x28]:4:local_28:/undefined4:DEFAULT: | Stack[-0x2c]:4:local_2c:/undefined4:DEFAULT: | Stack[-0x30]:4:local_30:/undefined4:DEFAULT: | Stack[-0x34]:4:local_34:/undefined4:DEFAULT: | Stack[-0x38]:4:local_38:/undefined4:DEFAULT: | Stack[-0x3c]:4:local_3c:/undefined4:DEFAULT: | Stack[-0x40]:4:local_40:/undefined4:DEFAULT: | Stack[-0x44]:4:local_44:/undefined4:DEFAULT: | Stack[-0x48]:4:local_48:/undefined4:DEFAULT:	006CEFD9@006CEFD0<-006CEFCD		needs_two_exact_output_calls	last explicit scalar-pointer parameter; exact EBP-rooted argument; callee return is tested and drives a width-4 pointer walk;
0	006CEF60	FUN_006cef60	int __stdcall FUN_006cef60(int * param_1, RecoveredGlobalRecordView_00854F00 * param_2, RecoveredSourceFamily_dibcopy * param_3, RecoveredRecord_006CEF60_5CD59663 * param_4, RecoveredGlobalRecordView_00854F68 * param_5, char * param_6, int param_7, int param_8, int * param_9, int param_10, int param_11, uint param_12, undefined1 * param_13)	006CFEB0	FUN_006cfeb0	int __cdecl FUN_006cfeb0(int * param_1, int * param_2, int * param_3)	-56	36	/int	4	9	output_values_neg_38	Stack[-0x1c]:4:local_1c:/undefined4:DEFAULT: | Stack[-0x20]:4:local_20:/undefined4:DEFAULT: | Stack[-0x24]:4:local_24:/undefined4:DEFAULT: | Stack[-0x28]:4:local_28:/undefined4:DEFAULT: | Stack[-0x2c]:4:local_2c:/undefined4:DEFAULT: | Stack[-0x30]:4:local_30:/undefined4:DEFAULT: | Stack[-0x34]:4:local_34:/undefined4:DEFAULT: | Stack[-0x38]:4:local_38:/undefined4:DEFAULT:	006CF2A6@006CF29D<-006CF29A		needs_two_exact_output_calls	last explicit scalar-pointer parameter; exact EBP-rooted argument; callee return is tested and drives a width-4 pointer walk;
0	006D0CF0	FUN_006d0cf0	undefined4 __stdcall FUN_006d0cf0(AnonShape_006D0CF0_F5F86399 * param_1, int param_2, int param_3, RecoveredSourceFamily_dibcopy * param_4, char * param_5, int param_6, int param_7, int param_8, int param_9, byte param_10)	006D0680	FUN_006d0680	int __stdcall FUN_006d0680(RecoveredSourceFamily_dibcopy * param_1, int * param_2, uint * param_3, RecoveredSourceFamily_dibcopy * param_4, int * param_5, uint * param_6)	-60	8	/uint	4	2	output_values_neg_3C	Stack[-0x3c]:4:local_3c:/undefined4:DEFAULT:	006D0E01@006D0DEC<-006D0DE9		needs_two_exact_output_calls	last explicit scalar-pointer parameter; exact EBP-rooted argument; callee return is tested and drives a width-4 pointer walk;
0	006DC320	FUN_006dc320	undefined __fastcall FUN_006dc320(AnonShape_006DC320_0C876EFA * param_1)	006E1C20	ST3DSMAPContext::sub_006E1C20	undefined4 __thiscall sub_006E1C20(float param_1, int param_2, float param_3, float * param_4, float * param_5)	-24	24	/float	4	6	output_values_neg_18	Stack[-0x10]:8:local_10:/undefined8:DEFAULT: | Stack[-0x14]:4:local_14:/undefined4:DEFAULT: | Stack[-0x18]:4:local_18:/undefined4:DEFAULT: | Stack[-0x8]:4:local_8:/undefined4:DEFAULT:	006DCB11@006DCB06<-006DCB00|006DCB85@006DCB76<-006DCB73|006DCC07@006DCBF9<-006DCBF3|006DCC8A@006DCC7B<-006DCC75		needs_two_count_driven_consumers	last explicit scalar-pointer parameter; exact EBP-rooted argument; callee return is tested and drives a width-4 pointer walk;
0	006E4290	FUN_006e4290	int __stdcall FUN_006e4290(AppClassTy * context, undefined4 param_2, undefined4 param_3, undefined4 param_4, undefined4 param_5)	006E41D0	AppClassTy::AddDecodeMessage	int __thiscall AddDecodeMessage(undefined4 * param_1)	-20	20	/undefined4	4	5	output_values_neg_14	Stack[-0x10]:4:local_10:/undefined4:DEFAULT: | Stack[-0x14]:4:local_14:/undefined4:DEFAULT: | Stack[-0x8]:4:local_8:/undefined4:DEFAULT: | Stack[-0xc]:4:local_c:/undefined4:DEFAULT:	006E42B2@006E42AE<-006E42AB		needs_two_exact_output_calls	last explicit scalar-pointer parameter; exact EBP-rooted argument; callee return is tested and drives a width-4 pointer walk;
0	006E4340	FUN_006e4340	void __thiscall FUN_006e4340(int * param_1, undefined4 param_2, undefined4 param_3, undefined4 param_4)	006E42C0	Library::Ourlib::SAPP::FUN_006e42c0	undefined4 __thiscall FUN_006e42c0(int * param_1)	-20	20	/int	4	5	output_values_neg_14	Stack[-0x10]:4:local_10:/undefined4:DEFAULT: | Stack[-0x14]:4:local_14:/undefined4:DEFAULT: | Stack[-0x8]:4:local_8:/undefined4:DEFAULT: | Stack[-0xc]:4:local_c:/undefined4:DEFAULT:	006E4362@006E435E<-006E435B		needs_two_exact_output_calls	last explicit scalar-pointer parameter; exact EBP-rooted argument; callee return is tested and drives a width-4 pointer walk;
0	006E56B0	StartSystemTy::sub_006E56B0	void __thiscall sub_006E56B0(uint param_1)	006E5360	StartSystemTy::sub_006E5360	int __thiscall sub_006E5360(int param_1, int * param_2, undefined4 * param_3)	-8	8	/undefined4	4	2	output_values_neg_8	Stack[-0x8]:4:local_8:/undefined4:DEFAULT:	006E56CF@006E56C3<-006E56B9|006E56F5@006E56F0<-006E56EA		needs_two_count_driven_consumers	last explicit scalar-pointer parameter; exact EBP-rooted argument; callee return is tested and drives a width-4 pointer walk;
0	006EB350	ST3DSMAPContext::sub_006EB350	int __thiscall sub_006EB350(int param_1, int param_2, int param_3, int param_4)	006EAFF0	Library::Ourlib::ST3DSPR::FUN_006eaff0	int __thiscall FUN_006eaff0(int param_1, int param_2, undefined4 * param_3, int * param_4)	-20	12	/int	4	3	output_values_neg_14	Stack[-0x10]:4:local_10:/undefined4:DEFAULT: | Stack[-0x14]:4:local_14:/undefined4:DEFAULT: | Stack[-0xc]:4:local_c:/undefined4:DEFAULT:	006EB374@006EB363<-006EB35C		needs_two_exact_output_calls	last explicit scalar-pointer parameter; exact EBP-rooted argument; callee return is tested and drives a width-4 pointer walk;
0	00717970	FUN_00717970	undefined4 __fastcall FUN_00717970(ST3DSMAPContext * param_1)	006E1C20	ST3DSMAPContext::sub_006E1C20	undefined4 __thiscall sub_006E1C20(float param_1, int param_2, float param_3, float * param_4, float * param_5)	-12	12	/float	4	3	output_values_neg_C	Stack[-0x8]:4:local_8:/undefined4:DEFAULT: | Stack[-0xc]:4:local_c:/undefined4:DEFAULT:	007179B3@007179A4<-0071799E		needs_two_exact_output_calls	last explicit scalar-pointer parameter; exact EBP-rooted argument; callee return is tested and drives a width-4 pointer walk;
0	00727DA0	SubmarineTitans::Recovered::HiddenThis::RecoveredReceiver_00727C80::FUN_00727da0	undefined __thiscall FUN_00727da0(AnonShape_00727DA0_C4265AA0 * param_1, uint param_2, int param_3)	00727D50	FUN_00727d50	int __stdcall FUN_00727d50(int * param_1)	-96	28	/int	4	7	output_values_neg_60	Stack[-0x58]:4:local_58:/undefined4:DEFAULT: | Stack[-0x5c]:4:local_5c:/undefined4:DEFAULT: | Stack[-0x60]:4:local_60:/undefined4:DEFAULT:	00728148@00728145<-00728142		needs_two_exact_output_calls	last explicit scalar-pointer parameter; exact EBP-rooted argument; callee return is tested and drives a width-4 pointer walk;
0	00727DA0	SubmarineTitans::Recovered::HiddenThis::RecoveredReceiver_00727C80::FUN_00727da0	undefined __thiscall FUN_00727da0(AnonShape_00727DA0_C4265AA0 * param_1, uint param_2, int param_3)	00727D50	FUN_00727d50	int __stdcall FUN_00727d50(int * param_1)	-52	28	/int	4	7	output_values_neg_34	Stack[-0x2c]:4:local_2c:/undefined4:DEFAULT: | Stack[-0x30]:4:local_30:/undefined4:DEFAULT: | Stack[-0x34]:4:local_34:/undefined4:DEFAULT:	00728139@00728138<-00728133		needs_two_exact_output_calls	last explicit scalar-pointer parameter; exact EBP-rooted argument; callee return is tested and drives a width-4 pointer walk;
0	007535F0	FUN_007535f0	int __stdcall FUN_007535f0(char * _Drive)	00754F40	FUN_00754f40	int __stdcall FUN_00754f40(LPCSTR lpFileName)	-264	264	/char	1	264	output_values_neg_108	Stack[-0x108]:1:local_108:/undefined:DEFAULT:	007536D2@007536D1<-007536CB		needs_two_exact_output_calls	last explicit scalar-pointer parameter; exact EBP-rooted argument; callee return is tested and drives a width-1 pointer walk;
