thunk_address	status	proposed_qualified_name	details
0040100A	disabled	STAllPlayersC::DistributeGuardBoats	apply=0
0040100F	disabled	MTaskTy::NoneMTask	apply=0
00401014	disabled	FUN_00682370	apply=0
00401019	disabled	CPanelTy::Update2PanelWB	apply=0
0040101E	disabled	FUN_004df8f0	apply=0
00401023	disabled	FUN_0043e640	apply=0
00401028	disabled	STAllPlayersC::DeleteGuardBoat	apply=0
0040102D	disabled	FUN_00680710	apply=0
00401032	disabled	FSGSTy::OutLadProc	apply=0
00401037	disabled	STMBombC::GetMessage	apply=0
0040103C	disabled	FUN_00590130	apply=0
00401041	disabled	FUN_0067bd50	apply=0
00401046	disabled	STLightC::sub_0061D6D0	apply=0
0040104B	disabled	FUN_005797b0	apply=0
00401055	disabled	CursorClassTy::sub_00544940	apply=0
0040105A	disabled	FUN_00627850	apply=0
0040105F	disabled	InterSystemC::DoneSystem	apply=0
00401064	disabled	STT3DSprC::SetCurFase	apply=0
00401069	disabled	FUN_00683280	apply=0
0040106E	disabled	FUN_00652300	apply=0
00401073	disabled	FUN_00621780	apply=0
00401078	disabled	STPlaySystemC::SaveObjData	apply=0
0040107D	disabled	FUN_004e8dc0	apply=0
00401082	disabled	TLOBaseTy::SetActivity	apply=0
00401087	disabled	TLOBaseTy::sub_004C56B0	apply=0
0040108C	disabled	FUN_006270e0	apply=0
00401091	disabled	STSprGameObjC::FUN_005f0220	apply=0
00401096	disabled	FUN_005eff00	apply=0
0040109B	disabled	FUN_005803e0	apply=0
004010A0	disabled	TLOBaseTy::fireProc	apply=0
004010AA	disabled	TLOBaseTy::SetState	apply=0
004010AF	disabled	FUN_00682050	apply=0
004010B4	disabled	FUN_0067f1d0	apply=0
004010B9	disabled	CursorClassTy::InitCursor	apply=0
004010BE	disabled	STGroupBoatC::GrpAttack	apply=0
004010C3	disabled	FUN_0058cfe0	apply=0
004010C8	disabled	FUN_004d83d0	apply=0
004010CD	disabled	FUN_00496f00	apply=0
004010D7	disabled	LandInit	apply=0
004010DC	disabled	FUN_006799b0	apply=0
004010E1	disabled	AiTactClassTy::GetAiMess	apply=0
004010E6	disabled	FUN_0056a2a0	apply=0
004010EB	disabled	FUN_00637c50	apply=0
004010F0	disabled	FUN_0044cdb0	apply=0
004010F5	disabled	STFieldC::sub_00609CD0	apply=0
004010FA	disabled	FUN_00697cf0	apply=0
004010FF	disabled	STAllPlayersC::GetScrObjList	apply=0
00401104	disabled	FUN_006a3c10	apply=0
00401109	disabled	FUN_00619540	apply=0
0040110E	disabled	WaitTy::CloseButtons	apply=0
00401113	disabled	STBoatC::BackBuild	apply=0
00401118	disabled	STExplosion::sub_00604970	apply=0
0040111D	disabled	FUN_004a8890	apply=0
00401122	disabled	FUN_004dbb60	apply=0
00401127	disabled	TraksClassTy::DrawTrakSprite	apply=0
0040112C	disabled	FUN_006a3c50	apply=0
00401131	disabled	FUN_006938c0	apply=0
00401136	disabled	CreateAiFlt	apply=0
0040113B	disabled	FUN_006a00b0	apply=0
00401140	disabled	FUN_0060aa00	apply=0
00401145	disabled	MTestTy::DoneMTest	apply=0
0040114F	disabled	FUN_0055d630	apply=0
00401154	disabled	FUN_004e3880	apply=0
00401159	disabled	SubmarineTitans::Recovered::HiddenThis::AnonReceiver_00644410::sub_00645F10	apply=0
0040115E	disabled	FUN_005800e0	apply=0
00401163	disabled	CGenerate::sub_0069B400	apply=0
00401168	disabled	STColl3C::CreateAddSpr	apply=0
0040116D	disabled	STT3DSprC::sub_004ACE30	apply=0
00401172	disabled	FUN_00609920	apply=0
00401177	disabled	FUN_004d82b0	apply=0
0040117C	disabled	FUN_00648400	apply=0
00401181	disabled	STJumpMineC::sub_006191A0	apply=0
00401186	disabled	FUN_004ab650	apply=0
00401190	disabled	CPanelTy::SetCmdBoat	apply=0
00401195	disabled	FUN_004c6070	apply=0
0040119A	disabled	STAllPlayersC::SaveGObjData	apply=0
0040119F	disabled	FUN_00620030	apply=0
004011A4	disabled	FUN_0055b9f0	apply=0
004011AE	disabled	STBoatC::UnLoadObj	apply=0
004011B3	disabled	ResearchPanelTy::InitResearchPanel	apply=0
004011B8	disabled	FUN_00651ed0	apply=0
004011BD	disabled	FUN_004e5a10	apply=0
004011C2	disabled	FUN_00652540	apply=0
004011C7	disabled	FUN_0044ede0	apply=0
004011CC	disabled	FUN_0064e680	apply=0
004011D1	disabled	STBoatC::CreateGame	apply=0
004011DB	disabled	STBoatC::ReleaseLoad	apply=0
004011EA	disabled	BldBoatPanelTy::PaintBldBut	apply=0
004011EF	disabled	FUN_004cc370	apply=0
004011F4	disabled	FUN_00494160	apply=0
004011F9	disabled	FUN_00617c30	apply=0
004011FE	disabled	HelpPanelTy::MObjProc	apply=0
00401208	disabled	FUN_00652670	apply=0
0040120D	disabled	FUN_006507e0	apply=0
00401212	disabled	FUN_0056a8d0	apply=0
00401217	disabled	MReportTy::OutTGlProc	apply=0
0040121C	disabled	STAppC::STAppC	apply=0
00401221	disabled	FUN_00606cd0	apply=0
00401226	disabled	FUN_006517c0	apply=0
0040122B	disabled	FUN_00617ca0	apply=0
00401230	disabled	cLoadingTy::DrawLineCR	apply=0
00401235	disabled	FUN_00495750	apply=0
0040123A	disabled	STBHEShellC::sub_005F4370	apply=0
0040123F	disabled	FUN_00637d80	apply=0
00401244	disabled	STPlaySystemC::GetMessage	apply=0
00401249	disabled	FUN_0052a2d0	apply=0
0040124E	disabled	FUN_0067f920	apply=0
00401253	disabled	SoundClassTy::CheckFader	apply=0
00401258	disabled	FUN_004602e0	apply=0
0040125D	disabled	FUN_006a1bb0	apply=0
00401267	disabled	FUN_004d8230	apply=0
0040126C	disabled	MReportTy::SetCtrl	apply=0
0040127B	disabled	FUN_0060ea30	apply=0
00401280	disabled	MMObjTy::GetMessage	apply=0
00401285	disabled	STBHEShellC::sub_005F5700	apply=0
0040128A	disabled	HoloTy::Done	apply=0
0040128F	disabled	FUN_005822b0	apply=0
00401294	disabled	STAllPlayersC::RegisterContainer	apply=0
0040129E	disabled	FUN_0054cd90	apply=0
004012A3	disabled	VisibleClassTy::sub_0055A4C0	apply=0
004012A8	disabled	CGenerate::sub_006A0150	apply=0
004012AD	disabled	LoadStrategData	apply=0
004012B2	disabled	FUN_004b2520	apply=0
004012B7	disabled	FUN_0068cda0	apply=0
004012BC	disabled	FUN_00623600	apply=0
004012C1	disabled	FUN_004c5350	apply=0
004012C6	disabled	STMineSetC::LoadImagMineSet	apply=0
004012CB	disabled	FUN_0064dd70	apply=0
004012D0	disabled	TLOBldMark::TLOBldMark	apply=0
004012D5	disabled	FUN_0069f7f0	apply=0
004012DF	disabled	FUN_004cd390	apply=0
004012E4	disabled	STParticleC::sub_00629F90	apply=0
004012E9	disabled	FUN_00680550	apply=0
004012EE	disabled	FUN_004dfe90	apply=0
004012F3	disabled	STManRuinC::sub_00631560	apply=0
004012F8	disabled	_EnumPlObj	apply=0
004012FD	disabled	FUN_0060a9d0	apply=0
00401302	disabled	FUN_004ec050	apply=0
00401307	disabled	FUN_0055c0e0	apply=0
0040130C	disabled	FUN_0065d630	apply=0
00401311	disabled	TLOBaseTy::sub_004B7F90	apply=0
00401316	disabled	FUN_004ab810	apply=0
0040131B	disabled	FUN_0062f150	apply=0
00401320	disabled	FUN_004dce00	apply=0
00401325	disabled	DumpClassC::WritePtr	apply=0
0040132A	disabled	FUN_00668a30	apply=0
0040132F	disabled	SAMPanelTy::InitSAMPanel	apply=0
00401334	disabled	PopUpTy::ChangeNumStr	apply=0
00401339	disabled	FUN_004ab030	apply=0
0040133E	disabled	FUN_004c7230	apply=0
00401343	disabled	FUN_0040fc40	apply=0
00401348	disabled	BaseSystemC::BaseSystemC	apply=0
0040134D	disabled	FUN_004ed4b0	apply=0
00401352	disabled	FUN_004168b0	apply=0
0040135C	disabled	CPanelTy::sub_00501A10	apply=0
00401361	disabled	FUN_004d8d00	apply=0
00401366	disabled	FUN_00683180	apply=0
0040136B	disabled	FUN_00647c80	apply=0
00401370	disabled	FUN_005508f0	apply=0
00401375	disabled	FUN_00567060	apply=0
0040137A	disabled	SettMapMTy::GetMessage	apply=0
0040137F	disabled	FUN_005259b0	apply=0
00401384	disabled	FUN_00550430	apply=0
00401389	disabled	CPanelTy::Update2PanelSI	apply=0
0040138E	disabled	FUN_006960d0	apply=0
00401393	disabled	FUN_00567490	apply=0
00401398	disabled	HelpPanelTy::DoneHelpPanel	apply=0
004013A2	disabled	FUN_004ce0f0	apply=0
004013A7	disabled	SettMapMTy::AddPlayerList	apply=0
004013AC	disabled	FUN_0055c550	apply=0
004013B1	disabled	FUN_005782d0	apply=0
004013B6	disabled	FUN_006514d0	apply=0
004013BB	disabled	STManRuinC::sub_00631450	apply=0
004013C0	disabled	FUN_005f89f0	apply=0
004013C5	disabled	FUN_004d6c70	apply=0
004013CA	disabled	FUN_004ea530	apply=0
004013CF	disabled	FUN_00660d10	apply=0
004013D4	disabled	STParticleC::sub_0062B4A0	apply=0
004013D9	disabled	CampaignTy::InitCampaign	apply=0
004013DE	disabled	FUN_004df8c0	apply=0
004013E8	disabled	FUN_00419c50	apply=0
004013ED	disabled	FUN_006029c0	apply=0
004013F2	disabled	_EnumDest	apply=0
004013F7	disabled	FUN_004e4100	apply=0
004013FC	disabled	FUN_00672a70	apply=0
00401401	disabled	SpecPanelTy::GetMessage	apply=0
00401406	disabled	FUN_00696d00	apply=0
00401410	disabled	CPanelTy::sub_004F9120	apply=0
00401415	disabled	STAllPlayersC::GetTOBJList	apply=0
0040141A	disabled	FUN_004b9d90	apply=0
0040141F	disabled	VisibleClassTy::SetZoneAst	apply=0
00401424	disabled	FUN_0061dfe0	apply=0
00401429	disabled	FUN_00651880	apply=0
0040142E	disabled	FUN_004c91a0	apply=0
00401433	disabled	TraksClassTy::TraksCreate	apply=0
00401438	disabled	FUN_00419bf0	apply=0
0040143D	disabled	STGroupBoatC::DistributeMD	apply=0
00401442	disabled	FUN_004db980	apply=0
00401447	disabled	FUN_00632000	apply=0
0040144C	disabled	FUN_004d7390	apply=0
00401451	disabled	FUN_00483e30	apply=0
00401456	disabled	STPlaySystemC::sub_005505D0	apply=0
00401460	disabled	FUN_005fb600	apply=0
00401465	disabled	STManBasisC::sub_005F14B0	apply=0
0040146A	disabled	FUN_0052a6f0	apply=0
0040146F	disabled	MoneyTy::sub_0052B940	apply=0
00401474	disabled	FUN_00423160	apply=0
00401479	disabled	FUN_00580fa0	apply=0
0040147E	disabled	STBoatC::StopMove	apply=0
00401483	disabled	STDestC::sub_00603120	apply=0
0040148D	disabled	FUN_0065fd00	apply=0
00401492	disabled	CreateSTFish	apply=0
0040149C	disabled	ChooseMapTy::DeleteCtrls	apply=0
004014A1	disabled	CPanelTy::InitCPanel	apply=0
004014AB	disabled	FUN_0064ec80	apply=0
004014B0	disabled	FUN_00680e50	apply=0
004014B5	disabled	STMineSetC::sub_00624920	apply=0
004014BA	disabled	FUN_00482db0	apply=0
004014BF	disabled	AiFltClassTy::sub_0065F980	apply=0
004014C4	disabled	FltDataPack	apply=0
004014C9	disabled	STBHEShellC::sub_005F3470	apply=0
004014CE	disabled	WaitTy::DeleteCtrls	apply=0
004014D3	disabled	CreateHelpPanel	apply=0
004014D8	disabled	FUN_0052d320	apply=0
004014DD	disabled	FUN_006383e0	apply=0
004014E2	disabled	FUN_004be110	apply=0
004014E7	disabled	FUN_0041acc0	apply=0
004014EC	disabled	GameSystemC::GameSystemC	apply=0
004014F1	disabled	FUN_004244d0	apply=0
004014F6	disabled	AiFltClassTy::sub_00664760	apply=0
004014FB	disabled	STBoatC::Annih	apply=0
00401500	disabled	FUN_00683450	apply=0
00401505	disabled	FUN_00650b10	apply=0
0040150A	disabled	FUN_0056f930	apply=0
0040150F	disabled	FUN_00558ba0	apply=0
00401519	disabled	FUN_004ab530	apply=0
0040151E	disabled	FUN_00578370	apply=0
00401523	disabled	FUN_004eccc0	apply=0
00401528	disabled	FUN_00647ed0	apply=0
0040152D	disabled	FUN_00620520	apply=0
00401532	disabled	FUN_004e99e0	apply=0
00401537	disabled	FUN_0065d0f0	apply=0
0040153C	disabled	TLOBldMark::sub_004C63F0	apply=0
00401541	disabled	STAllPlayersC::UnRegisterDeposit	apply=0
00401546	disabled	FUN_005861d0	apply=0
0040154B	disabled	FUN_004e2a90	apply=0
00401555	disabled	AiFltClassTy::GetAiMess	apply=0
0040155A	disabled	FUN_00651290	apply=0
00401564	disabled	FUN_00683400	apply=0
00401569	disabled	FUN_004e9c20	apply=0
0040156E	disabled	FUN_00615bb0	apply=0
00401573	disabled	FUN_0068e4f0	apply=0
00401578	disabled	STAppC::ChangeResolution	apply=0
0040157D	disabled	STFieldC::CreateField	apply=0
00401582	disabled	FUN_004d0970	apply=0
00401587	disabled	OptPanelTy::UpdateObjectives	apply=0
0040158C	disabled	FUN_00650cf0	apply=0
00401596	disabled	CreateResearchPanel	apply=0
004015A0	disabled	FUN_005411a0	apply=0
004015A5	disabled	TLOBaseTy::sub_004C7070	apply=0
004015AA	disabled	FUN_004c5bd0	apply=0
004015AF	disabled	CPanelTy::sub_004FA3B0	apply=0
004015B4	disabled	FUN_004dcc80	apply=0
004015B9	disabled	FUN_00581060	apply=0
004015BE	disabled	FSGSTy::SetGameList	apply=0
004015C3	disabled	InfocPanelTy::DoneInfocPanel	apply=0
004015C8	disabled	FUN_004eaf60	apply=0
004015CD	disabled	FUN_00683250	apply=0
004015D2	disabled	FUN_00648dd0	apply=0
004015D7	disabled	FUN_004d3290	apply=0
004015DC	disabled	STAllPlayersC::RegisterBlot	apply=0
004015E1	disabled	FUN_0065c9e0	apply=0
004015E6	disabled	FUN_006513c0	apply=0
004015EB	disabled	_CreateStgListByRoot	apply=0
004015F0	disabled	STTorpC::RestoreTorpData	apply=0
004015F5	disabled	JumpManagC::sub_00617FB0	apply=0
004015FA	disabled	HelpStringTy::OutStr	apply=0
004015FF	disabled	FUN_004ec6c0	apply=0
00401604	disabled	FUN_0064a970	apply=0
00401609	disabled	SoundManagerTy::sub_00566AA0	apply=0
0040160E	disabled	InfocPanelTy::Update	apply=0
00401618	disabled	FUN_00493ca0	apply=0
0040161D	disabled	MoneyTy::sub_0052BDA0	apply=0
00401622	disabled	FUN_00553410	apply=0
00401627	disabled	FUN_004d8e70	apply=0
0040162C	disabled	FUN_004b7d00	apply=0
00401636	disabled	VisibleClassTy::sub_005599D0	apply=0
0040163B	disabled	STColl3C::sub_005FA8B0	apply=0
00401640	disabled	TLOBaseTy::GetMessage	apply=0
00401645	disabled	FUN_004d96b0	apply=0
0040164A	disabled	STBoatC::ReadyForLoading	apply=0
0040164F	disabled	FUN_0064f5a0	apply=0
0040165E	disabled	FSGSTy::PrepBkgMess	apply=0
00401663	disabled	FUN_004d9bd0	apply=0
00401668	disabled	FUN_004dd850	apply=0
0040166D	disabled	CreateMReport	apply=0
00401672	disabled	STMineSetC::GetMessage	apply=0
00401677	disabled	FUN_0067eca0	apply=0
0040167C	disabled	FUN_004d7040	apply=0
00401681	disabled	FUN_00493050	apply=0
00401686	disabled	FUN_0067d1d0	apply=0
0040168B	disabled	CPanelTy::PaintBBut	apply=0
00401690	disabled	FUN_004e1310	apply=0
00401695	disabled	FUN_004d6c00	apply=0
0040169A	disabled	FUN_0061c5f0	apply=0
0040169F	disabled	FUN_005f1700	apply=0
004016A4	disabled	FUN_005f3b00	apply=0
004016A9	disabled	FUN_005f1380	apply=0
004016AE	disabled	FUN_004e46f0	apply=0
004016B3	disabled	FUN_00668a70	apply=0
004016B8	disabled	SubmarineTitans::Recovered::HiddenThis::AnonReceiver_0064A970::sub_00668F50	apply=0
004016BD	disabled	FUN_005eda50	apply=0
004016C2	disabled	FUN_005745e0	apply=0
004016C7	disabled	STJellyGunC::sub_00582580	apply=0
004016CC	disabled	FUN_006832e0	apply=0
004016D1	disabled	FUN_004dfc70	apply=0
004016D6	disabled	STJellyGunC::sub_00583E30	apply=0
004016E0	disabled	FUN_004d8870	apply=0
004016E5	disabled	STAlgaC::GetMessage	apply=0
004016EA	disabled	FUN_0060d340	apply=0
004016EF	disabled	FUN_0064f620	apply=0
004016F4	disabled	FUN_00616f60	apply=0
004016FE	disabled	MReportTy::PaintMainScore	apply=0
00401703	disabled	MAdvTy::GetMessage	apply=0
00401708	disabled	STBoatC::SetNewMD	apply=0
0040170D	disabled	FUN_004b1cf0	apply=0
00401712	disabled	ComboTy::OutBmpProc	apply=0
00401717	disabled	MMsgTy::SetPanel	apply=0
0040171C	disabled	FUN_005686c0	apply=0
00401721	disabled	FSGSTy::DoneFSGS	apply=0
00401726	disabled	FUN_0057bc50	apply=0
0040172B	disabled	FSGSTy::SetInfo	apply=0
00401730	disabled	FUN_005860d0	apply=0
00401735	disabled	FUN_004233c0	apply=0
0040173A	disabled	FUN_00492ab0	apply=0
0040173F	disabled	FUN_00692600	apply=0
00401744	disabled	STDcResourcC::sub_0057F3A0	apply=0
00401749	disabled	FUN_0055c740	apply=0
0040174E	disabled	STPlaySystemC::SendMail	apply=0
00401753	disabled	FUN_004e9050	apply=0
00401758	disabled	FUN_0058bab0	apply=0
0040175D	disabled	ChooseMapTy::CreateCtrls	apply=0
00401767	disabled	TLOBldMark::sub_004C61A0	apply=0
0040176C	disabled	STVolcanoC::LoadImagVolcano	apply=0
00401771	disabled	STBoatC::FUN_0045eee0	apply=0
00401776	disabled	FUN_0041cf50	apply=0
0040177B	disabled	FUN_005fb1f0	apply=0
00401780	disabled	FUN_0041ae40	apply=0
00401785	disabled	STColl3C::sub_005F6F60	apply=0
0040178A	disabled	FUN_005421d0	apply=0
0040178F	disabled	STAllPlayersC::AddObjsToGroup	apply=0
00401794	disabled	FUN_006766c0	apply=0
00401799	disabled	FUN_004e80f0	apply=0
0040179E	disabled	FUN_0060d940	apply=0
004017A3	disabled	FUN_0055bf20	apply=0
004017A8	disabled	OptPanelTy::PrepAsses	apply=0
004017AD	disabled	FUN_00606a50	apply=0
004017B2	disabled	STBHEShellC::STBHEShellC	apply=0
004017B7	disabled	STFieldC::CreateField	apply=0
004017BC	disabled	FUN_004e6f00	apply=0
004017C6	disabled	FUN_00679d60	apply=0
004017CB	disabled	FUN_00427f20	apply=0
004017D0	disabled	SettMapMTy::sub_005D00B0	apply=0
004017D5	disabled	FUN_004ac6b0	apply=0
004017DA	disabled	GameSystemC::DoneSystem	apply=0
004017DF	disabled	CPanelTy::PaintBCapacity	apply=0
004017E4	disabled	OpticClassC::sub_004AB070	apply=0
004017E9	disabled	CPanelTy::CreateBut	apply=0
004017EE	disabled	FUN_005fcf50	apply=0
004017F3	disabled	STRubbishC::RubbishCreatePart	apply=0
004017F8	disabled	PanelTy::GetMessage	apply=0
004017FD	disabled	STAllPlayersC::OptimizeGuardBoats	apply=0
00401802	disabled	FUN_00651730	apply=0
00401807	disabled	STSprGameObjC::STSprGameObjC	apply=0
0040180C	disabled	FUN_004ea7a0	apply=0
00401811	disabled	FUN_0041d620	apply=0
0040181B	disabled	FUN_005d9f80	apply=0
00401825	disabled	STAllPlayersC::FUN_00622990	apply=0
00401834	disabled	CreateSTCrab	apply=0
00401839	disabled	FUN_004d6c90	apply=0
00401843	disabled	FUN_00650480	apply=0
00401848	disabled	VisibleClassTy::SetZoneMin2	apply=0
0040184D	disabled	CreateBldLabPanel	apply=0
00401852	disabled	FUN_00677250	apply=0
00401857	disabled	HelpPanelTy::SetPanel	apply=0
0040185C	disabled	STDcResourcC::sub_0057F470	apply=0
00401861	disabled	FUN_004ddc30	apply=0
00401866	disabled	FUN_004ecea0	apply=0
0040186B	disabled	FUN_004e60d0	apply=0
00401870	disabled	HelpPanelTy::CheckBkView	apply=0
00401875	disabled	STAllPlayersC::SetActivePanel	apply=0
0040187A	disabled	STLightC::sub_0061D710	apply=0
00401884	disabled	STAllPlayersC::PushTV	apply=0
00401889	disabled	FUN_005097b0	apply=0
0040188E	disabled	FUN_00678220	apply=0
00401893	disabled	FUN_004b7750	apply=0
00401898	disabled	FUN_00424770	apply=0
0040189D	disabled	MainMenuTy::DoneMainMenu	apply=0
004018A2	disabled	FUN_004b0f20	apply=0
004018A7	disabled	StartStrateg	apply=0
004018AC	disabled	FUN_00682fb0	apply=0
004018B1	disabled	FUN_00539aa0	apply=0
004018B6	disabled	FUN_00650090	apply=0
004018BB	disabled	FUN_005efc40	apply=0
004018C0	disabled	STGroupBoatC::GrpDismant	apply=0
004018C5	disabled	STFishC::sub_004162B0	apply=0
004018CA	disabled	FUN_00650820	apply=0
004018CF	disabled	AiFltClassTy::sub_0065DA10	apply=0
004018D4	disabled	STT3DSprC::SaveSpr	apply=0
004018D9	disabled	FUN_0041d8a0	apply=0
004018DE	disabled	FUN_005f0050	apply=0
004018E3	disabled	FUN_004ed210	apply=0
004018E8	disabled	FUN_004d89f0	apply=0
004018ED	disabled	FUN_0041dc20	apply=0
004018F2	disabled	VisibleClassTy::sub_00559110	apply=0
004018F7	disabled	FUN_0064ee00	apply=0
004018FC	disabled	FUN_006800a0	apply=0
00401906	disabled	FUN_006756d0	apply=0
0040190B	disabled	FUN_004e8cc0	apply=0
00401915	disabled	STBoatC::SaveBoatData	apply=0
0040191A	disabled	FUN_0064df30	apply=0
0040191F	disabled	CGenerate::sub_00694C30	apply=0
00401924	disabled	FUN_0060ec70	apply=0
00401929	disabled	FUN_004c3020	apply=0
0040192E	disabled	FUN_004e4070	apply=0
00401933	disabled	STGameObjC::STGameObjC	apply=0
00401938	disabled	STBoatC::BackBring	apply=0
0040193D	disabled	FUN_0064a800	apply=0
00401942	disabled	CPanelTy::sub_0052B330	apply=0
00401947	disabled	STGroupBoatC::RestoreGrpBData	apply=0
0040194C	disabled	FUN_0058f680	apply=0
00401951	disabled	STT3DSprC::sub_004AD020	apply=0
00401956	disabled	FUN_0067bc10	apply=0
0040195B	disabled	CPanelTy::OutText	apply=0
00401960	disabled	BehPanelTy::InitBehPanel	apply=0
00401965	disabled	FUN_00580910	apply=0
0040196A	disabled	FSGSTy::JoinGameCtrls	apply=0
0040196F	disabled	STAllPlayersC::CheckTmps	apply=0
00401974	disabled	FUN_0043ec20	apply=0
00401979	disabled	CampaignTy::CloseButtons	apply=0
0040197E	disabled	TLOBaseTy::sub_004CBA30	apply=0
00401988	disabled	CPanelTy::OutProc	apply=0
0040198D	disabled	MMsgTy::GetMessage	apply=0
00401992	disabled	MMObjTy::InitSprBut	apply=0
00401997	disabled	FUN_0041f630	apply=0
0040199C	disabled	FUN_0064e700	apply=0
004019A1	disabled	FUN_004e4630	apply=0
004019A6	disabled	STAllPlayersC::_ChangeDock	apply=0
004019AB	disabled	STAllPlayersC::UnRegisterGroup	apply=0
004019B0	disabled	FUN_006a20e0	apply=0
004019B5	disabled	CPanelTy::PaintIDSObj	apply=0
004019BA	disabled	STGroupBoatC::GetDepotForAttack	apply=0
004019BF	disabled	FUN_005293f0	apply=0
004019C4	disabled	CPanelTy::PaintLife	apply=0
004019CE	disabled	GameSystemC::CreateSystemObjects	apply=0
004019D3	disabled	MoneyTy::GetMessage	apply=0
004019D8	disabled	STGroupBoatC::sub_0049A500	apply=0
004019DD	disabled	FUN_0067eee0	apply=0
004019E7	disabled	FUN_0058d160	apply=0
004019EC	disabled	FUN_004b1120	apply=0
004019F1	disabled	STBoatC::sub_004926C0	apply=0
004019F6	disabled	FUN_00647d10	apply=0
004019FB	disabled	FUN_0057f240	apply=0
00401A00	disabled	STGroupBoatC::Scout	apply=0
00401A05	disabled	STOctopusC::sub_0058B190	apply=0
00401A0A	disabled	FUN_00488d10	apply=0
00401A0F	disabled	TLOBaseTy::AddSprInit	apply=0
00401A14	disabled	CGenerate::sub_00695EB0	apply=0
00401A19	disabled	MTestTy::sub_005E5F60	apply=0
00401A1E	disabled	HelpPanelTy::NextBut	apply=0
00401A23	disabled	TraksClassTy::GetMessage	apply=0
00401A28	disabled	FUN_004e7390	apply=0
00401A2D	disabled	FUN_00668aa0	apply=0
00401A32	disabled	FUN_00586af0	apply=0
00401A37	disabled	HelpPanelTy::sub_005148A0	apply=0
00401A3C	disabled	FUN_0041c710	apply=0
00401A41	disabled	FUN_006809b0	apply=0
00401A46	disabled	JumpManagC::sub_00618AD0	apply=0
00401A4B	disabled	LoadStartPlt	apply=0
00401A50	disabled	FUN_0042a780	apply=0
00401A55	disabled	FUN_0064f160	apply=0
00401A5A	disabled	MTaskTy::PaintBut	apply=0
00401A5F	disabled	CampaignTy::PaintCampaign	apply=0
00401A64	disabled	TLOBaseTy::FUN_004be450	apply=0
00401A69	disabled	FUN_00424730	apply=0
00401A6E	disabled	FUN_0041f370	apply=0
00401A73	disabled	ProdPanelTy::SetPanel	apply=0
00401A78	disabled	FUN_00525390	apply=0
00401A7D	disabled	CGenerate::sub_00695C10	apply=0
00401A82	disabled	FUN_0064f900	apply=0
00401A87	disabled	FUN_004df2b0	apply=0
00401A8C	disabled	FUN_006817a0	apply=0
00401A91	disabled	STAllPlayersC::FUN_00622ab0	apply=0
00401A96	disabled	FUN_005fb5c0	apply=0
00401A9B	disabled	MMsgTy::FUN_005b8f40	apply=0
00401AA0	disabled	FUN_004956f0	apply=0
00401AA5	disabled	FUN_0067ece0	apply=0
00401AAA	disabled	FUN_00417e70	apply=0
00401AAF	disabled	SubmarineTitans::Recovered::HiddenThis::AnonReceiver_00416270::FUN_005faa10	apply=0
00401AB4	disabled	UpgPanelTy::DoneUpgPanel	apply=0
00401AB9	disabled	FUN_005fa0b0	apply=0
00401ABE	disabled	FUN_00609950	apply=0
00401AC3	disabled	SoundManagerTy::sub_00566970	apply=0
00401AC8	disabled	FUN_0064ef50	apply=0
00401ACD	disabled	HelpPanelTy::CreateList	apply=0
00401AD2	disabled	CPanelTy::sub_0052AFE0	apply=0
00401AD7	disabled	FUN_0054cdb0	apply=0
00401AE1	disabled	FUN_004dd240	apply=0
00401AE6	disabled	FUN_0060bc80	apply=0
00401AEB	disabled	CPanelTy::PaintCtrlBoatSI	apply=0
00401AF0	disabled	FUN_004f0af0	apply=0
00401AF5	disabled	FUN_004e3790	apply=0
00401AFA	disabled	STContainerC::sub_005F0D90	apply=0
00401AFF	disabled	CreateSettMapM	apply=0
00401B04	disabled	STColl3C::sub_005F66B0	apply=0
00401B09	disabled	AiFltClassTy::GoToRepair	apply=0
00401B0E	disabled	FUN_005eeff0	apply=0
00401B13	disabled	FUN_0063c4a0	apply=0
00401B18	disabled	FUN_004e4f30	apply=0
00401B1D	disabled	FUN_005717e0	apply=0
00401B27	disabled	AiEventClassTy::_CreateRCCont	apply=0
00401B2C	disabled	FSGSTy::SetState	apply=0
00401B31	disabled	FUN_0064f3b0	apply=0
00401B36	disabled	FUN_004ebab0	apply=0
00401B3B	disabled	FUN_00422e20	apply=0
00401B40	disabled	FUN_006366d0	apply=0
00401B45	disabled	WaitTy::sub_005E9A40	apply=0
00401B4A	disabled	FUN_004c2c10	apply=0
00401B4F	disabled	FUN_004cc220	apply=0
00401B54	disabled	FUN_006a3ae0	apply=0
00401B59	disabled	TLOBaseTy::sub_004C9370	apply=0
00401B5E	disabled	FUN_005fccb0	apply=0
00401B63	disabled	FUN_005bba40	apply=0
00401B68	disabled	FUN_005fd830	apply=0
00401B6D	disabled	FUN_004a9b60	apply=0
00401B72	disabled	FUN_0067bc80	apply=0
00401B7C	disabled	FUN_005f05a0	apply=0
00401B81	disabled	STSprGameObjC::FUN_005efa10	apply=0
00401B86	disabled	FUN_0057d420	apply=0
00401B8B	disabled	FUN_00676930	apply=0
00401B90	disabled	FUN_00578430	apply=0
00401B95	disabled	FUN_00490ed0	apply=0
00401B9F	disabled	IntercomPanelTy::GetMessage	apply=0
00401BA4	disabled	FUN_0052a7b0	apply=0
00401BA9	disabled	CPanelTy::SetNewDeep	apply=0
00401BAE	disabled	STT3DSprC::sub_004ACE60	apply=0
00401BB3	disabled	STVolcanoC::sub_006479E0	apply=0
00401BB8	disabled	MMsgTy::PaintMMsg	apply=0
00401BBD	disabled	FUN_006211e0	apply=0
00401BC2	disabled	STPlaySystemC::CreateGameObject	apply=0
00401BC7	disabled	FUN_004fae70	apply=0
00401BCC	disabled	FUN_00627170	apply=0
00401BD1	disabled	FUN_0048a840	apply=0
00401BD6	disabled	FUN_004dd690	apply=0
00401BDB	disabled	SettMapMTy::ChangePlayerList	apply=0
00401BE0	disabled	AiEventClassTy::GetMessage	apply=0
00401BE5	disabled	VisibleClassTy::sub_0055BBC0	apply=0
00401BEA	disabled	BldObjPanelTy::InitBldObjPanel	apply=0
00401BEF	disabled	STGroupBoatC::GrpGoToDeep	apply=0
00401BF4	disabled	STDestC::sub_00602440	apply=0
00401BF9	disabled	FUN_004e9b10	apply=0
00401BFE	disabled	FUN_005edc20	apply=0
00401C03	disabled	InfocPanelTy::GetMessage	apply=0
00401C08	disabled	FUN_004de820	apply=0
00401C0D	disabled	FUN_005cbbe0	apply=0
00401C12	disabled	JumpManagC::JumpManagC	apply=0
00401C1C	disabled	FUN_004eb6d0	apply=0
00401C21	disabled	FUN_005fce30	apply=0
00401C26	disabled	FUN_004956c0	apply=0
00401C2B	disabled	FUN_004dbe00	apply=0
00401C30	disabled	FUN_004b70d0	apply=0
00401C35	disabled	FUN_0064fef0	apply=0
00401C3A	disabled	FUN_006818b0	apply=0
00401C3F	disabled	FUN_0067a2d0	apply=0
00401C44	disabled	CPanelTy::SwitchTV	apply=0
00401C49	disabled	FSGSTy::PaintLogNew	apply=0
00401C4E	disabled	FUN_004d9c60	apply=0
00401C53	disabled	STAllPlayersC::PutOnPlaceGuardBoats	apply=0
00401C58	disabled	FUN_00651df0	apply=0
00401C5D	disabled	CreateOpticClass	apply=0
00401C62	disabled	TLOFakeTy::GetMessage	apply=0
00401C67	disabled	FUN_00651010	apply=0
00401C6C	disabled	SubmarineTitans::Recovered::HiddenThis::AnonReceiver_0065ED90::FUN_0065ed90	apply=0
00401C71	disabled	FUN_00544100	apply=0
00401C76	disabled	FUN_004d0f80	apply=0
00401C7B	disabled	FUN_004dd740	apply=0
00401C80	disabled	AiPlrClassTy::sub_0067BFD0	apply=0
00401C85	disabled	FUN_004c5eb0	apply=0
00401C8A	disabled	FUN_00575640	apply=0
00401C8F	disabled	FUN_006141b0	apply=0
00401C94	disabled	FUN_00566ff0	apply=0
00401C99	disabled	FUN_00550c90	apply=0
00401C9E	disabled	PanelTy::PaintTxtBut	apply=0
00401CA3	disabled	FUN_0064e580	apply=0
00401CA8	disabled	FUN_0065bd20	apply=0
00401CAD	disabled	STJumpMineC::STJumpMineC	apply=0
00401CB2	disabled	FUN_006a2d80	apply=0
00401CB7	disabled	VisibleClassTy::SetZoneTsh	apply=0
00401CBC	disabled	OptPanelTy::sub_00532CE0	apply=0
00401CC1	disabled	FUN_006099a0	apply=0
00401CC6	disabled	PrividerTy::GetMessage	apply=0
00401CCB	disabled	FUN_006a10c0	apply=0
00401CD0	disabled	FUN_00683670	apply=0
00401CDA	disabled	FUN_00568940	apply=0
00401CDF	disabled	AiFltClassTy::sub_0065D6E0	apply=0
00401CE4	disabled	ProdPanelTy::PaintTab	apply=0
00401CE9	disabled	STLightC::sub_0061F290	apply=0
00401CEE	disabled	FUN_00616280	apply=0
00401CF3	disabled	FUN_0063d460	apply=0
00401CF8	disabled	STManRub3C::sub_0062D670	apply=0
00401CFD	disabled	STBoatC::sub_00490CD0	apply=0
00401D02	disabled	InterSystemC::CreateInterfObjects	apply=0
00401D07	disabled	FUN_00553390	apply=0
00401D0C	disabled	AiTactClassTy::sub_0068E610	apply=0
00401D11	disabled	AiEventClassTy::PrepareToSave	apply=0
00401D16	disabled	FUN_00640390	apply=0
00401D1B	disabled	FUN_0062f7a0	apply=0
00401D20	disabled	UpgPanelTy::InitUpgPanel	apply=0
00401D25	disabled	FUN_0067f950	apply=0
00401D2A	disabled	FUN_00645d30	apply=0
00401D2F	disabled	FUN_004de4f0	apply=0
00401D34	disabled	STManRub3C::sub_0062D840	apply=0
00401D39	disabled	STRubbishC::sub_0062FEA0	apply=0
00401D3E	disabled	FUN_005711d0	apply=0
00401D43	disabled	DarkScreen	apply=0
00401D48	disabled	VisibleClassTy::GetMessage	apply=0
00401D4D	disabled	BehPanelTy::DoneBehPanel	apply=0
00401D52	disabled	FUN_004e28d0	apply=0
00401D57	disabled	STManRuinC::sub_00630BB0	apply=0
00401D5C	disabled	FUN_005440c0	apply=0
00401D61	disabled	FUN_0044d320	apply=0
00401D66	disabled	FUN_004e5f20	apply=0
00401D6B	disabled	FUN_0062af90	apply=0
00401D70	disabled	STBoatC::_AddDefenceShots	apply=0
00401D75	disabled	FSGSTy::LicCtrls	apply=0
00401D7A	disabled	CreateSTOctopus	apply=0
00401D7F	disabled	FUN_006736f0	apply=0
00401D84	disabled	FUN_00571dc0	apply=0
00401D89	disabled	FUN_004aad30	apply=0
00401D8E	disabled	STColl3C::LoadImagSpr	apply=0
00401D93	disabled	FUN_00589740	apply=0
00401D98	disabled	FUN_0056aa00	apply=0
00401D9D	disabled	FUN_00675b10	apply=0
00401DA2	disabled	FUN_0048d7c0	apply=0
00401DA7	disabled	OpticClassC::OpticClassC	apply=0
00401DAC	disabled	FUN_00422ff0	apply=0
00401DB6	disabled	FUN_00679600	apply=0
00401DBB	disabled	CreateSaveStrategList	apply=0
00401DC0	disabled	FUN_00617b10	apply=0
00401DC5	disabled	FUN_004357f0	apply=0
00401DCA	disabled	InterSystemC::CreateSystemObjects	apply=0
00401DCF	disabled	IntercomPanelTy::SwitchIntercomPanel	apply=0
00401DD4	disabled	FUN_004d0a80	apply=0
00401DD9	disabled	FUN_00495420	apply=0
00401DDE	disabled	FUN_00491200	apply=0
00401DE3	disabled	FUN_00584ad0	apply=0
00401DE8	disabled	FUN_00483300	apply=0
00401DED	disabled	FUN_0064ee90	apply=0
00401DF2	disabled	FUN_00492f30	apply=0
00401DF7	disabled	FUN_004ce700	apply=0
00401DFC	disabled	FUN_0045f980	apply=0
00401E01	disabled	PanelTy::InitPanel	apply=0
00401E06	disabled	SubmarineTitans::Recovered::HiddenThis::AnonReceiver_004248D0::sub_00427090	apply=0
00401E15	disabled	CPanelTy::sub_004F8020	apply=0
00401E1A	disabled	FUN_0048a640	apply=0
00401E1F	disabled	FUN_004e5f90	apply=0
00401E24	disabled	FUN_00617eb0	apply=0
00401E29	disabled	FUN_00486e20	apply=0
00401E2E	disabled	FUN_0062e520	apply=0
00401E33	disabled	FUN_00490e90	apply=0
00401E38	disabled	FUN_005deb90	apply=0
00401E3D	disabled	sub_004167A0	apply=0
00401E42	disabled	FUN_0064f5e0	apply=0
00401E47	disabled	FUN_00617a20	apply=0
00401E4C	disabled	SpecPanelTy::SetPanel	apply=0
00401E51	disabled	STPlaySystemC::PrepareMail	apply=0
00401E56	disabled	FUN_004c71f0	apply=0
00401E5B	disabled	FUN_004ece80	apply=0
00401E60	disabled	FUN_0064f1b0	apply=0
00401E65	disabled	FUN_00635f50	apply=0
00401E6A	disabled	FUN_004e4410	apply=0
00401E6F	disabled	STBoatC::CheckForReplenisher	apply=0
00401E74	disabled	FUN_00440700	apply=0
00401E7E	disabled	FUN_0043e460	apply=0
00401E83	disabled	MoneyTy::sub_0052BC30	apply=0
00401E88	disabled	FUN_00529fe0	apply=0
00401E8D	disabled	FUN_006771e0	apply=0
00401E92	disabled	FUN_00636200	apply=0
00401E97	disabled	FUN_00435850	apply=0
00401E9C	disabled	STExplosion::sub_00604350	apply=0
00401EA1	disabled	UPanelTy::PaintTxtBut	apply=0
00401EA6	disabled	FUN_004df370	apply=0
00401EAB	disabled	FUN_004e8b10	apply=0
00401EB0	disabled	FUN_00678d90	apply=0
00401EB5	disabled	FUN_0067fab0	apply=0
00401EBA	disabled	FUN_004abce0	apply=0
00401EBF	disabled	EventDataPack	apply=0
00401EC4	disabled	STBHEShellC::sub_005F4FA0	apply=0
00401EC9	disabled	MReportTy::PaintMReport	apply=0
00401ECE	disabled	STSatC::STSatC	apply=0
00401ED3	disabled	STDcResourcC::CreateRes	apply=0
00401ED8	disabled	STTmMineC::FUN_0063ddb0	apply=0
00401EDD	disabled	FUN_004b7140	apply=0
00401EE2	disabled	FSGSTy::sub_0059B820	apply=0
00401EE7	disabled	FUN_0055c790	apply=0
00401EEC	disabled	STGroupBoatC::SaveGrpBData	apply=0
00401EF1	disabled	FUN_0065e6c0	apply=0
00401EF6	disabled	FUN_005ec510	apply=0
00401EFB	disabled	STSharkC::LifeShark	apply=0
00401F00	disabled	MainMenuTy::SetMode	apply=0
00401F05	disabled	FUN_006940b0	apply=0
00401F0A	disabled	FUN_0065dd30	apply=0
00401F0F	disabled	FUN_004ec0f0	apply=0
00401F14	disabled	FUN_00681140	apply=0
00401F19	disabled	FUN_0063d410	apply=0
00401F1E	disabled	FUN_004eb600	apply=0
00401F23	disabled	FUN_0041d760	apply=0
00401F28	disabled	FUN_0041d860	apply=0
00401F2D	disabled	FUN_005ec9f0	apply=0
00401F32	disabled	FUN_005503c0	apply=0
00401F37	disabled	FUN_004d8760	apply=0
00401F3C	disabled	FUN_0041d100	apply=0
00401F41	disabled	FUN_005f8d10	apply=0
00401F46	disabled	FUN_004ecdf0	apply=0
00401F4B	disabled	FUN_004b1fb0	apply=0
00401F50	disabled	FUN_004e9bb0	apply=0
00401F55	disabled	FUN_006193a0	apply=0
00401F5A	disabled	FUN_004e8030	apply=0
00401F5F	disabled	FUN_00671f10	apply=0
00401F64	disabled	STAllPlayersC::UnRegisterContainer	apply=0
00401F69	disabled	FUN_0064a450	apply=0
00401F6E	disabled	FUN_0060c020	apply=0
00401F78	disabled	FUN_00683520	apply=0
00401F7D	disabled	FUN_00677bc0	apply=0
00401F82	disabled	CreateSTColl3	apply=0
00401F87	disabled	FUN_005504f0	apply=0
00401F8C	disabled	AiPlrClassTy::GetMessage	apply=0
00401F91	disabled	FUN_0064f430	apply=0
00401F96	disabled	FUN_005f0e20	apply=0
00401F9B	disabled	FUN_00614bf0	apply=0
00401FA0	disabled	CGenerate::sub_00696790	apply=0
00401FA5	disabled	MMsgTy::HidePanel	apply=0
00401FAA	disabled	FUN_004a9fb0	apply=0
00401FAF	disabled	FUN_004d6c20	apply=0
00401FB4	disabled	FUN_00580860	apply=0
00401FB9	disabled	FUN_0065fe10	apply=0
00401FBE	disabled	FUN_00651160	apply=0
00401FC3	disabled	FUN_0062bff0	apply=0
00401FC8	disabled	STAllPlayersC::sub_004EB010	apply=0
00401FD2	disabled	VisibleClassTy::VisHoleCreate	apply=0
00401FD7	disabled	STSharkC::CreateShark	apply=0
00401FDC	disabled	TLOBaseTy::sub_004CE7D0	apply=0
00401FE1	disabled	FUN_0064ee40	apply=0
00401FE6	disabled	PopUpTy::ChangeState	apply=0
00401FEB	disabled	FUN_005ec620	apply=0
00401FF0	disabled	FUN_004b6d70	apply=0
00401FF5	disabled	FUN_00575a10	apply=0
00401FFA	disabled	STPlaySystemC::STPlaySystemC	apply=0
00401FFF	disabled	STAllPlayersC::PrepareToCmd	apply=0
00402004	disabled	CGenerate::sub_00694B90	apply=0
00402009	disabled	FUN_00660a40	apply=0
0040200E	disabled	FUN_00494870	apply=0
00402013	disabled	FUN_004da230	apply=0
00402018	disabled	VisibleClassTy::sub_00559620	apply=0
0040201D	disabled	STJellyGunC::GetMessage	apply=0
00402022	disabled	FSGSTy::NewIDCtrls	apply=0
00402027	disabled	FUN_00650370	apply=0
0040202C	disabled	FUN_0060cef0	apply=0
00402031	disabled	FSGSTy::PaintLadder	apply=0
00402036	disabled	FUN_00594850	apply=0
0040203B	disabled	FUN_0041dbc0	apply=0
00402040	disabled	FUN_005809e0	apply=0
00402045	disabled	FUN_0051fac0	apply=0
0040204A	disabled	FUN_00493d10	apply=0
0040204F	disabled	FUN_006a0c90	apply=0
00402054	disabled	FUN_00680650	apply=0
00402059	disabled	FUN_005f0ec0	apply=0
0040205E	disabled	VisibleClassTy::SetZoneMin1	apply=0
00402068	disabled	SettMapMTy::ChangePlayerTeam	apply=0
0040206D	disabled	CPanelTy::Update1Panel	apply=0
00402072	disabled	FUN_0061e7f0	apply=0
00402077	disabled	FUN_004b7520	apply=0
0040207C	disabled	TLOBaseTy::sub_00419D30	apply=0
00402081	disabled	OpticClassC::ReInitOptic	apply=0
00402086	disabled	FUN_0067a1b0	apply=0
0040208B	disabled	CGenerate::sub_00696400	apply=0
00402090	disabled	AiPlrClassTy::CloseAllTact	apply=0
00402095	disabled	STAllPlayersC::DeletePGPairs	apply=0
0040209A	disabled	FUN_0057bee0	apply=0
0040209F	disabled	FUN_00553480	apply=0
004020A4	disabled	FUN_006484f0	apply=0
004020A9	disabled	FUN_005fce50	apply=0
004020AE	disabled	STAllPlayersC::UnRegisterObject	apply=0
004020B8	disabled	HelpPanelTy::TipProc	apply=0
004020C2	disabled	FUN_006753a0	apply=0
004020C7	disabled	FUN_005fa360	apply=0
004020CC	disabled	FUN_004ec6e0	apply=0
004020D1	disabled	MMsgTy::InitMMsg	apply=0
004020D6	disabled	STAllPlayersC::CalibrateTmp	apply=0
004020DB	disabled	FUN_004e3200	apply=0
004020E0	disabled	VisibleClassTy::SetZoneDes	apply=0
004020E5	disabled	FUN_00581200	apply=0
004020EA	disabled	FUN_0065d940	apply=0
004020EF	disabled	FUN_0064e6c0	apply=0
004020F4	disabled	MTaskTy::GetMessage	apply=0
004020F9	disabled	FSGSTy::sub_005A0A50	apply=0
004020FE	disabled	STJellyGunC::sub_00584060	apply=0
00402103	disabled	SubmarineTitans::Recovered::HiddenThis::AnonReceiver_00693D00::FUN_00693d00	apply=0
00402108	disabled	FSGSTy::SetBanner	apply=0
0040210D	disabled	FUN_00533b80	apply=0
00402112	disabled	LoadLand	apply=0
00402117	disabled	FUN_00585890	apply=0
0040211C	disabled	FUN_0052a730	apply=0
00402121	disabled	PanelTy::PaintIBut	apply=0
00402126	disabled	STBoatC::CmdToObj	apply=0
0040212B	disabled	FUN_005fb540	apply=0
00402130	disabled	FUN_004e6310	apply=0
00402135	disabled	FUN_0060d810	apply=0
0040213A	disabled	ChooseMapTy::OutListProc	apply=0
0040213F	disabled	FUN_0064a630	apply=0
00402149	disabled	FUN_0064a830	apply=0
0040214E	disabled	FUN_004950b0	apply=0
00402158	disabled	FUN_0064e7c0	apply=0
0040215D	disabled	AiFltClassTy::InitData	apply=0
00402162	disabled	SubmarineTitans::Recovered::HiddenThis::AnonReceiver_00636260::sub_00636FC0	apply=0
00402167	disabled	FUN_004df950	apply=0
0040216C	disabled	STMineSetC::sub_0041D2B0	apply=0
00402171	disabled	StartSystemTy::CreateSystemObjects	apply=0
00402176	disabled	STManRuinC::sub_00631390	apply=0
0040217B	disabled	FUN_00495720	apply=0
00402180	disabled	FUN_00633770	apply=0
00402185	disabled	cLoadingTy::sub_00554A50	apply=0
0040218A	disabled	FUN_005fceb0	apply=0
0040218F	disabled	VisibleClassTy::sub_00558140	apply=0
00402194	disabled	HelpPanelTy::sub_00512BE0	apply=0
00402199	disabled	FUN_004d9c20	apply=0
0040219E	disabled	STAllPlayersC::IsTorpLive	apply=0
004021A3	disabled	STAllPlayersC::DelObjFromTmps	apply=0
004021A8	disabled	FUN_006819a0	apply=0
004021B2	disabled	FUN_005557b0	apply=0
004021BC	disabled	STGroupBoatC::IsAgAtt	apply=0
004021C1	disabled	FSGSTy::CloseButtons	apply=0
004021C6	disabled	FUN_0056a500	apply=0
004021CB	disabled	CreatePausePanel	apply=0
004021D0	disabled	PausePanelTy::GetMessage	apply=0
004021D5	disabled	FUN_004ad310	apply=0
004021DA	disabled	FUN_0054cf00	apply=0
004021DF	disabled	STFieldC::LoadImagSpr	apply=0
004021E4	disabled	FUN_005de670	apply=0
004021E9	disabled	FUN_00417740	apply=0
004021EE	disabled	IntercomPanelTy::DoneIntercomPanel	apply=0
004021F3	disabled	FUN_0058c560	apply=0
004021F8	disabled	FUN_0042a9c0	apply=0
004021FD	disabled	FUN_00677700	apply=0
00402202	disabled	FUN_00691480	apply=0
00402207	disabled	STLBombC::STLBombC	apply=0
0040220C	disabled	FUN_0065d480	apply=0
00402211	disabled	ChooseMapTy::OutListProc	apply=0
00402216	disabled	FUN_0055c830	apply=0
0040221B	disabled	FUN_00604870	apply=0
00402220	disabled	FUN_006501a0	apply=0
00402225	disabled	FUN_00629040	apply=0
0040222F	disabled	FUN_0052af90	apply=0
00402234	disabled	FUN_00639990	apply=0
00402239	disabled	FUN_004de000	apply=0
0040223E	disabled	FUN_0062b770	apply=0
00402243	disabled	FUN_004407a0	apply=0
00402248	disabled	FUN_006a40c0	apply=0
0040224D	disabled	FUN_00571810	apply=0
00402252	disabled	FUN_004dec10	apply=0
00402257	disabled	FUN_004da340	apply=0
0040225C	disabled	FUN_004dfb90	apply=0
00402261	disabled	FUN_0058a9e0	apply=0
00402266	disabled	FUN_004601f0	apply=0
0040226B	disabled	FUN_00493cd0	apply=0
00402270	disabled	FUN_00675dc0	apply=0
00402275	disabled	FUN_00614950	apply=0
0040227A	disabled	STSharkC::sub_0058EFE0	apply=0
0040227F	disabled	FUN_005fd850	apply=0
00402284	disabled	FUN_004d8af0	apply=0
00402289	disabled	ComboTy::GetMessage	apply=0
0040228E	disabled	CreateSTArtiafact	apply=0
00402293	disabled	FUN_00668670	apply=0
00402298	disabled	PutDDXClip	apply=0
0040229D	disabled	FUN_0041d7a0	apply=0
004022A2	disabled	FUN_00647ca0	apply=0
004022A7	disabled	TLOBaseTy::LoadImages	apply=0
004022AC	disabled	STT3DSprC::sub_004ACD30	apply=0
004022B1	disabled	STSatC::GetMessage	apply=0
004022B6	disabled	FUN_005fcd40	apply=0
004022C0	disabled	FSGSTy::PaintGameNew	apply=0
004022C5	disabled	VisibleClassTy::sub_0041CDA0	apply=0
004022CA	disabled	OpticClassC::GetMessage	apply=0
004022CF	disabled	CPanelTy::PaintCtrlBoat	apply=0
004022D4	disabled	FUN_004ac700	apply=0
004022D9	disabled	CPanelTy::PaintBut	apply=0
004022DE	disabled	FUN_005ec740	apply=0
004022E3	disabled	FUN_00582460	apply=0
004022ED	disabled	AiPlrClassTy::FUN_00678930	apply=0
004022F2	disabled	FUN_0064dd30	apply=0
004022F7	disabled	PrividerTy::DonePrivider	apply=0
004022FC	disabled	STBoatC::sub_00417910	apply=0
00402301	disabled	FUN_00681070	apply=0
00402306	disabled	FUN_005df290	apply=0
0040230B	disabled	FUN_0040d540	apply=0
00402310	disabled	FUN_00674e10	apply=0
00402315	disabled	FUN_006443c0	apply=0
0040231A	disabled	FUN_004d6f70	apply=0
0040231F	disabled	STRubbishC::GetMessage	apply=0
00402324	disabled	FUN_00637e60	apply=0
00402329	disabled	MTaskTy::DoneMTask	apply=0
0040232E	disabled	FUN_00496140	apply=0
00402333	disabled	FUN_0062cac0	apply=0
0040233D	disabled	FUN_005f0a30	apply=0
00402342	disabled	FUN_004e7f20	apply=0
00402347	disabled	FUN_0062ab10	apply=0
0040234C	disabled	STFieldC::sub_0060D660	apply=0
00402351	disabled	FUN_0060d070	apply=0
00402356	disabled	FUN_006646e0	apply=0
0040235B	disabled	FUN_0052a6c0	apply=0
00402360	disabled	FUN_005da980	apply=0
00402365	disabled	STSprGameObjC::FUN_005ef9f0	apply=0
0040236F	disabled	STVolcanoC::sub_00646DB0	apply=0
00402374	disabled	STMineSetC::sub_00622880	apply=0
00402379	disabled	AiPlrClassTy::Offensive	apply=0
0040237E	disabled	StartSystemTy::InitSystem	apply=0
00402383	disabled	SettMapTy::NoneSettMap	apply=0
00402388	disabled	STJellyManC::STJellyManC	apply=0
0040238D	disabled	FUN_004803b0	apply=0
00402392	disabled	FSGSTy::LoginCtrls	apply=0
00402397	disabled	FUN_00639480	apply=0
0040239C	disabled	TLOBaseTy::fireFindCheckTarget	apply=0
004023A1	disabled	TLOEmbryoTy::sub_0041C3F0	apply=0
004023A6	disabled	SettMapMTy::sub_005C29B0	apply=0
004023AB	disabled	FUN_004d7b90	apply=0
004023B0	disabled	FSGSTy::OutChSlProc	apply=0
004023B5	disabled	FUN_004f1d20	apply=0
004023BA	disabled	FUN_00680ff0	apply=0
004023BF	disabled	MReportTy::DoneMReport	apply=0
004023C4	disabled	FUN_004ad380	apply=0
004023C9	disabled	FUN_0063c510	apply=0
004023CE	disabled	STBoatC::sub_0048DBA0	apply=0
004023D3	disabled	FUN_00695cd0	apply=0
004023DD	disabled	CreateDefaultBossData	apply=0
004023E2	disabled	CreateSTJumpMine	apply=0
004023E7	disabled	FUN_004d8250	apply=0
004023EC	disabled	STJumpMineC::sub_006192E0	apply=0
004023F1	disabled	FUN_0064eaa0	apply=0
004023F6	disabled	StartSystemTy::OutBmpProc	apply=0
004023FB	disabled	STBHEShellC::sub_005F34B0	apply=0
00402400	disabled	FUN_00661790	apply=0
0040240A	disabled	FUN_00680570	apply=0
0040240F	disabled	FUN_004d9820	apply=0
00402414	disabled	STMineSetC::sub_00626B50	apply=0
00402419	disabled	CreateSTTorp	apply=0
0040241E	disabled	CursorClassTy::DrawSprite	apply=0
00402423	disabled	FUN_00423220	apply=0
00402428	disabled	FUN_0067f790	apply=0
0040242D	disabled	FUN_0068e7d0	apply=0
00402432	disabled	FUN_0067edb0	apply=0
00402437	disabled	FUN_004dc1e0	apply=0
0040243C	disabled	FUN_00640240	apply=0
00402441	disabled	FUN_0055dee0	apply=0
00402446	disabled	CGenerate::CteateField	apply=0
0040244B	disabled	FUN_005845b0	apply=0
00402450	disabled	BldObjPanelTy::GetMessage	apply=0
00402455	disabled	sub_00415B30	apply=0
0040245A	disabled	WaitTy::AddStr	apply=0
0040245F	disabled	FUN_004e91e0	apply=0
00402464	disabled	FUN_00678e00	apply=0
00402469	disabled	FUN_006827a0	apply=0
0040246E	disabled	STManRub3C::sub_0062DD40	apply=0
00402473	disabled	FUN_00529d80	apply=0
00402478	disabled	FUN_00650940	apply=0
00402482	disabled	FUN_00423140	apply=0
00402487	disabled	FUN_00555650	apply=0
0040248C	disabled	FUN_00650760	apply=0
00402491	disabled	STBoatC::sub_00492390	apply=0
00402496	disabled	FUN_0066ac80	apply=0
0040249B	disabled	cLoadingTy::sub_00555570	apply=0
004024A0	disabled	CursorClassTy::AddSysAcc	apply=0
004024A5	disabled	STBoatC::GetVisualInfo	apply=0
004024AA	disabled	AiTactClassTy::AiTactClassTy	apply=0
004024AF	disabled	STPlaySystemC::DoneSystem	apply=0
004024B4	disabled	FUN_004c3000	apply=0
004024B9	disabled	FUN_006809f0	apply=0
004024BE	disabled	FSGSTy::PaintInfo	apply=0
004024C8	disabled	CPanelTy::SwitchCPanel	apply=0
004024CD	disabled	FUN_0048dc90	apply=0
004024D2	disabled	FUN_005c7800	apply=0
004024D7	disabled	FSGSTy::sub_0059BE50	apply=0
004024DC	disabled	FUN_004ce6e0	apply=0
004024E1	disabled	FUN_0042c300	apply=0
004024E6	disabled	FUN_00419dd0	apply=0
004024EB	disabled	STBoatC::GetMessage	apply=0
004024F0	disabled	STAllPlayersC::GetCamPoint	apply=0
004024F5	disabled	STOctopusC::sub_0058AF70	apply=0
004024FA	disabled	STAllPlayersC::_AssignDocks	apply=0
004024FF	disabled	FUN_005419e0	apply=0
00402504	disabled	FUN_004e4aa0	apply=0
00402509	disabled	TraksClassTy::TraksClassTy	apply=0
0040250E	disabled	MReportTy::PaintObjScore	apply=0
00402513	disabled	FUN_0040ce20	apply=0
0040251D	disabled	STAppC::MainWindowProc	apply=0
00402522	disabled	FUN_00424750	apply=0
00402527	disabled	FUN_0062d120	apply=0
0040252C	disabled	FUN_005efa30	apply=0
00402531	disabled	SoundManagerTy::GetMessage	apply=0
00402536	disabled	FrmPanelTy::ShiftControls	apply=0
0040253B	disabled	FUN_004cfbe0	apply=0
00402540	disabled	FUN_0067ec60	apply=0
00402545	disabled	SubmarineTitans::Recovered::HiddenThis::AnonReceiver_0064A970::FUN_0066acc0	apply=0
0040254A	disabled	STBHEShellC::sub_005F4680	apply=0
0040254F	disabled	MainMenuTy::InitMainMenu	apply=0
00402554	disabled	FUN_00496e40	apply=0
00402559	disabled	STAllPlayersC::FUN_005ec850	apply=0
0040255E	disabled	OpticClassC::InitOptic	apply=0
00402563	disabled	FUN_005b6450	apply=0
00402568	disabled	FUN_0064eed0	apply=0
0040256D	disabled	FUN_00626ec0	apply=0
00402572	disabled	FUN_0055c320	apply=0
00402577	disabled	FUN_0055c180	apply=0
0040257C	disabled	FUN_00629010	apply=0
00402581	disabled	FUN_004e2190	apply=0
00402586	disabled	FUN_00488ee0	apply=0
0040258B	disabled	CreateSTManBasis	apply=0
00402590	disabled	CPanelTy::PaintCtrlObjSI	apply=0
0040259A	disabled	STSharkC::sub_0058F430	apply=0
0040259F	disabled	FUN_0048d650	apply=0
004025A4	disabled	FUN_0063e700	apply=0
004025A9	disabled	CreateTraks	apply=0
004025AE	disabled	FUN_00430750	apply=0
004025B3	disabled	STAppC::sub_0056EF50	apply=0
004025B8	disabled	STAppC::sub_0056EBE0	apply=0
004025BD	disabled	FUN_0055bd40	apply=0
004025C2	disabled	FUN_004e4990	apply=0
004025C7	disabled	FUN_00529f90	apply=0
004025CC	disabled	CPanelTy::Update5Panel	apply=0
004025D6	disabled	FUN_004dea90	apply=0
004025DB	disabled	FUN_004dcbf0	apply=0
004025E5	disabled	STRubbishC::LoadImagSpr	apply=0
004025EA	disabled	FUN_00494ae0	apply=0
004025EF	disabled	FUN_0054eb20	apply=0
004025F4	disabled	FUN_005ddb40	apply=0
004025F9	disabled	STPlaySystemC::SaveObjData	apply=0
00402603	disabled	STGroupBoatC::MakePVec	apply=0
00402608	disabled	FUN_00492370	apply=0
0040260D	disabled	JumpManagC::GetMessage	apply=0
00402612	disabled	STFishC::sub_0057D5F0	apply=0
00402617	disabled	FUN_00571e40	apply=0
0040261C	disabled	CampaignTy::LightPalette	apply=0
00402621	disabled	CreateVisible	apply=0
00402626	disabled	FSGSTy::InfoCtrls	apply=0
0040262B	disabled	FUN_00682d70	apply=0
00402630	disabled	OptPanelTy::SwitchOptPanelOff	apply=0
00402635	disabled	STBoatC::_CheckDefenceShots	apply=0
0040263A	disabled	FUN_00578520	apply=0
0040263F	disabled	FUN_004ad4f0	apply=0
00402644	disabled	FUN_00643e20	apply=0
00402649	disabled	STColl3C::FUN_005fb5e0	apply=0
0040264E	disabled	STBHEShellC::sub_005F5C40	apply=0
00402653	disabled	FUN_00440820	apply=0
00402658	disabled	STBoatC::BackWaitLoad	apply=0
0040265D	disabled	FUN_0064f4c0	apply=0
00402667	disabled	CPanelTy::PaintEnergy	apply=0
0040266C	disabled	FUN_0064f3f0	apply=0
00402671	disabled	CreateAiTact	apply=0
0040267B	disabled	FUN_005416a0	apply=0
00402680	disabled	UPanelTy::CreateTab	apply=0
00402685	disabled	FUN_004d8b30	apply=0
0040268A	disabled	FUN_004b6e30	apply=0
0040268F	disabled	FUN_004c28b0	apply=0
00402694	disabled	CPanelTy::PaintWeap	apply=0
00402699	disabled	FUN_004dd570	apply=0
0040269E	disabled	STAppC::DoneApp	apply=0
004026A3	disabled	FUN_006961b0	apply=0
004026A8	disabled	SubmarineTitans::Recovered::HiddenThis::AnonReceiver_00573260::FUN_00573260	apply=0
004026AD	disabled	FUN_004ab270	apply=0
004026B2	disabled	TLOBaseTy::FUN_004e2c30	apply=0
004026B7	disabled	FUN_00675430	apply=0
004026BC	disabled	FUN_00651bd0	apply=0
004026C1	disabled	FUN_0044e260	apply=0
004026C6	disabled	FUN_005ff3a0	apply=0
004026CB	disabled	FUN_004ad510	apply=0
004026D5	disabled	FUN_00693cb0	apply=0
004026DA	disabled	STArtiafactC::sub_005F0D00	apply=0
004026DF	disabled	FUN_004dd500	apply=0
004026E4	disabled	FUN_006a0a70	apply=0
004026E9	disabled	FUN_006301b0	apply=0
004026EE	disabled	STLightC::GetMessage	apply=0
004026F3	disabled	STBoatC::BackPatrol	apply=0
004026F8	disabled	FUN_00692530	apply=0
004026FD	disabled	FUN_0067baf0	apply=0
00402702	disabled	FUN_006729b0	apply=0
00402707	disabled	FUN_006404b0	apply=0
0040270C	disabled	FUN_00525290	apply=0
00402711	disabled	FUN_0063d100	apply=0
00402716	disabled	StartSystemTy::LoadMapData	apply=0
00402720	disabled	FUN_004ab470	apply=0
00402725	disabled	ChooseMapTy::PaintChooseMap	apply=0
0040272A	disabled	FUN_005fa5e0	apply=0
0040272F	disabled	FUN_00692ba0	apply=0
00402734	disabled	FUN_004be6c0	apply=0
00402739	disabled	FUN_00428b20	apply=0
0040273E	disabled	FUN_00646110	apply=0
00402743	disabled	FUN_004b7d50	apply=0
00402748	disabled	STAllPlayersC::_SubMDObject	apply=0
0040274D	disabled	FUN_0064f110	apply=0
00402752	disabled	CampaignTy::GetMessage	apply=0
00402757	disabled	FUN_005f0470	apply=0
00402761	disabled	STT3DSprC::sub_004AD070	apply=0
00402766	disabled	PlayPanelTy::GetMessage	apply=0
0040276B	disabled	FUN_005fd710	apply=0
00402770	disabled	FUN_004232e0	apply=0
00402775	disabled	CPanelTy::PlayBrief	apply=0
0040277A	disabled	BldBoatPanelTy::Update	apply=0
00402784	disabled	FUN_00680fa0	apply=0
00402789	disabled	FUN_005293c0	apply=0
0040278E	disabled	FUN_0041d900	apply=0
00402793	disabled	FUN_004d7e50	apply=0
00402798	disabled	CPanelTy::sub_004FAD20	apply=0
0040279D	disabled	FSGSTy::CreateCtrls	apply=0
004027A2	disabled	STGroupBoatC::Teleport	apply=0
004027A7	disabled	FUN_00678560	apply=0
004027AC	disabled	HelpPanelTy::PrepMissObj	apply=0
004027B1	disabled	FUN_004db0f0	apply=0
004027B6	disabled	FUN_00486af0	apply=0
004027BB	disabled	FUN_0058cfc0	apply=0
004027C0	disabled	STAllPlayersC::ResetActivityFromObjs	apply=0
004027C5	disabled	STAllPlayersC::_DeleteGuardBoat	apply=0
004027CA	disabled	STBoatC::sub_00492420	apply=0
004027CF	disabled	FUN_0060c2d0	apply=0
004027D4	disabled	FUN_006173a0	apply=0
004027D9	disabled	FUN_00589a20	apply=0
004027DE	disabled	STAllPlayersC::SelfCheckObjControl	apply=0
004027E3	disabled	AiPlrClassTy::sub_0067A240	apply=0
004027E8	disabled	FUN_0060bcb0	apply=0
004027ED	disabled	FUN_0063c170	apply=0
004027F2	disabled	FUN_004ecc70	apply=0
004027F7	disabled	FUN_004d9700	apply=0
004027FC	disabled	FUN_00497370	apply=0
00402801	disabled	FUN_00652700	apply=0
00402806	disabled	StartSystemTy::LoadGraph	apply=0
0040280B	disabled	MainMenuTy::GetMessage	apply=0
00402810	disabled	FUN_00567330	apply=0
00402815	disabled	FUN_0044e1b0	apply=0
0040281A	disabled	FUN_0041cff0	apply=0
0040281F	disabled	FUN_0064a580	apply=0
00402824	disabled	FUN_00607a60	apply=0
00402829	disabled	FUN_004ae0b0	apply=0
0040282E	disabled	STTorpC::ClearDangerous	apply=0
00402833	disabled	HelpPanelTy::TechProc	apply=0
00402838	disabled	STFishC::GetMessage	apply=0
0040283D	disabled	FUN_004c7c20	apply=0
00402842	disabled	HoloTy::OutHoloProc	apply=0
00402847	disabled	STJellyGunC::sub_00415ED0	apply=0
0040284C	disabled	AiTactClassTy::sub_0068E010	apply=0
00402851	disabled	OptPanelTy::SetOptControls	apply=0
00402856	disabled	FUN_006a0ae0	apply=0
0040285B	disabled	FUN_0063e9c0	apply=0
00402865	disabled	STMineSetC::sub_0041D6C0	apply=0
0040286A	disabled	FUN_00416330	apply=0
0040286F	disabled	FUN_00423e70	apply=0
00402874	disabled	OptPanelTy::CheckFiles	apply=0
00402879	disabled	FUN_006803b0	apply=0
00402883	disabled	FUN_004d8d40	apply=0
00402888	disabled	FUN_004e68a0	apply=0
0040288D	disabled	FUN_004cfde0	apply=0
00402892	disabled	FUN_00493110	apply=0
00402897	disabled	FUN_004b72e0	apply=0
0040289C	disabled	FUN_004838b0	apply=0
004028A1	disabled	FUN_00683070	apply=0
004028A6	disabled	FUN_0067fb00	apply=0
004028AB	disabled	FUN_004deeb0	apply=0
004028B0	disabled	FUN_00481560	apply=0
004028B5	disabled	StartSystemTy::CreateChatView	apply=0
004028BA	disabled	STAllPlayersC::GetObjPtr	apply=0
004028BF	disabled	FUN_005532f0	apply=0
004028C4	disabled	FUN_0061f8b0	apply=0
004028C9	disabled	FUN_0067ef60	apply=0
004028CE	disabled	FUN_005fff60	apply=0
004028D3	disabled	FUN_00608b50	apply=0
004028D8	disabled	FUN_004d9350	apply=0
004028DD	disabled	FUN_00428ce0	apply=0
004028E2	disabled	SubmarineTitans::Recovered::HiddenThis::AnonReceiver_00660180::FUN_00660180	apply=0
004028E7	disabled	FUN_0061c910	apply=0
004028EC	disabled	FUN_004d32c0	apply=0
004028F1	disabled	TLOBaseTy::sub_004CC880	apply=0
004028F6	disabled	FUN_004d78e0	apply=0
004028FB	disabled	STAllPlayersC::GetGObjFromZone2	apply=0
00402900	disabled	FUN_00614ee0	apply=0
00402905	disabled	FUN_0041dbe0	apply=0
0040290A	disabled	FUN_004f4950	apply=0
0040290F	disabled	FUN_004924a0	apply=0
00402914	disabled	FUN_004eefb0	apply=0
00402919	disabled	FUN_0052a540	apply=0
0040291E	disabled	FUN_004b71c0	apply=0
00402923	disabled	SubmarineTitans::Recovered::HiddenThis::AnonReceiver_0064A970::FUN_00672440	apply=0
00402928	disabled	FUN_00673110	apply=0
0040292D	disabled	FUN_0064f320	apply=0
00402932	disabled	_EnumArt	apply=0
00402937	disabled	StartSystemTy::ChatMessage	apply=0
0040293C	disabled	FUN_0058bb90	apply=0
00402941	disabled	WaitTy::CreateCtrls	apply=0
00402946	disabled	CPanelTy::OutProc	apply=0
0040294B	disabled	STAllPlayersC::STAllPlayersC	apply=0
00402950	disabled	SettMapMTy::SetListCtrls	apply=0
00402955	disabled	STGroupBoatC::GrpLoadObj	apply=0
0040295A	disabled	FUN_0041ac40	apply=0
0040295F	disabled	FUN_00417a20	apply=0
00402964	disabled	FUN_00415b10	apply=0
00402969	disabled	FUN_005efcd0	apply=0
0040296E	disabled	CPanelTy::SetControlBoatSI	apply=0
00402973	disabled	STResourceC::SetResource	apply=0
00402978	disabled	FUN_005fe360	apply=0
0040297D	disabled	FUN_00680c70	apply=0
00402982	disabled	FUN_004ad460	apply=0
00402987	disabled	FUN_004836c0	apply=0
0040298C	disabled	FUN_006473e0	apply=0
00402991	disabled	STAllPlayersC::RegisterTorpedo	apply=0
0040299B	disabled	FUN_004d7430	apply=0
004029A0	disabled	FUN_004c2e60	apply=0
004029A5	disabled	ChooseMapTy::NoneChooseMap	apply=0
004029AA	disabled	FUN_004be1a0	apply=0
004029AF	disabled	SIDTy::InitSID	apply=0
004029B4	disabled	FUN_0067bb20	apply=0
004029B9	disabled	FUN_0067b350	apply=0
004029BE	disabled	FUN_00660420	apply=0
004029C3	disabled	FUN_005ec4a0	apply=0
004029C8	disabled	HelpPanelTy::HomeBut	apply=0
004029CD	disabled	SIDTy::PaintSID	apply=0
004029D2	disabled	FUN_004d9bb0	apply=0
004029D7	disabled	FUN_004ea6e0	apply=0
004029DC	disabled	FUN_0062e610	apply=0
004029E1	disabled	FUN_004dd6c0	apply=0
004029E6	disabled	FUN_0067be20	apply=0
004029EB	disabled	FUN_0064f080	apply=0
004029F0	disabled	FUN_0041d4f0	apply=0
004029FA	disabled	STBoatC::sub_004939B0	apply=0
004029FF	disabled	FUN_006941c0	apply=0
00402A04	disabled	STFieldC::FUN_0060c1a0	apply=0
00402A09	disabled	AiPlrClassTy::sub_0067BF30	apply=0
00402A0E	disabled	SubmarineTitans::Recovered::HiddenThis::AnonReceiver_00678E00::FUN_00679120	apply=0
00402A13	disabled	FUN_0053f510	apply=0
00402A18	disabled	FUN_0067b210	apply=0
00402A1D	disabled	FUN_0064ef10	apply=0
00402A22	disabled	FUN_006364b0	apply=0
00402A27	disabled	AiFltClassTy::AppendZone	apply=0
00402A31	disabled	STGroupBoatC::Way3DGrpDistribTgt	apply=0
00402A36	disabled	FUN_004b9920	apply=0
00402A3B	disabled	CPanelTy::PaintCostsXYSI	apply=0
00402A40	disabled	FUN_004dba20	apply=0
00402A45	disabled	FUN_004231a0	apply=0
00402A4A	disabled	StartSystemTy::CreateBinDesc	apply=0
00402A4F	disabled	FUN_00615430	apply=0
00402A54	disabled	SubmarineTitans::Recovered::HiddenThis::AnonReceiver_0060EF40::FUN_0060ef40	apply=0
00402A5E	disabled	FUN_00553270	apply=0
00402A63	disabled	InterSystemC::GetMessage	apply=0
00402A68	disabled	FUN_0067b1a0	apply=0
00402A6D	disabled	FUN_00492510	apply=0
00402A72	disabled	FUN_0041f3b0	apply=0
00402A77	disabled	FUN_00646e00	apply=0
00402A7C	disabled	FUN_004b1690	apply=0
00402A81	disabled	STColl3C::sub_005F8650	apply=0
00402A86	disabled	FUN_0061f5c0	apply=0
00402A8B	disabled	FUN_0065e700	apply=0
00402A90	disabled	FUN_004ad5e0	apply=0
00402A95	disabled	FUN_0062b990	apply=0
00402A9A	disabled	SettMapTy::PaintSC	apply=0
00402A9F	disabled	TLOBaseTy::sub_004CEB00	apply=0
00402AA4	disabled	FUN_004f4f90	apply=0
00402AA9	disabled	FUN_005b95b0	apply=0
00402AAE	disabled	FUN_004e76e0	apply=0
00402AB3	disabled	FUN_006a23a0	apply=0
00402AB8	disabled	FUN_004df910	apply=0
00402ABD	disabled	FUN_0060ca40	apply=0
00402AC2	disabled	FUN_00550bb0	apply=0
00402AC7	disabled	FUN_00639bf0	apply=0
00402ACC	disabled	FUN_0061fdb0	apply=0
00402AD1	disabled	MReportTy::GetMessage	apply=0
00402AD6	disabled	FUN_004cd3e0	apply=0
00402ADB	disabled	FUN_0069b8d0	apply=0
00402AE0	disabled	FUN_0069c710	apply=0
00402AE5	disabled	FUN_0064f470	apply=0
00402AEF	disabled	CreateSTManRuin	apply=0
00402AF4	disabled	FUN_00621580	apply=0
00402AF9	disabled	FUN_004d7c10	apply=0
00402AFE	disabled	FUN_004168d0	apply=0
00402B03	disabled	FUN_00584b10	apply=0
00402B08	disabled	FUN_00617880	apply=0
00402B0D	disabled	FUN_004be380	apply=0
00402B12	disabled	FUN_005f6df0	apply=0
00402B17	disabled	FUN_004d9000	apply=0
00402B21	disabled	FUN_006a3be0	apply=0
00402B26	disabled	FUN_0040ae40	apply=0
00402B2B	disabled	FUN_00608e90	apply=0
00402B30	disabled	StartSystemTy::sub_005DAB30	apply=0
00402B35	disabled	FUN_004be290	apply=0
00402B3A	disabled	ProdPanelTy::ShiftControls	apply=0
00402B3F	disabled	STMineSetC::sub_0041D1A0	apply=0
00402B44	disabled	FUN_0056a820	apply=0
00402B49	disabled	AiTactClassTy::sub_00690AB0	apply=0
00402B4E	disabled	FUN_004ddb30	apply=0
00402B53	disabled	FrmPanelTy::DoneFrmPanel	apply=0
00402B58	disabled	STBoatC::BackCapture	apply=0
00402B5D	disabled	FUN_00417a00	apply=0
00402B67	disabled	FUN_004977c0	apply=0
00402B6C	disabled	FUN_004e16d0	apply=0
00402B76	disabled	FUN_00553990	apply=0
00402B7B	disabled	STAllPlayersC::GetNInTmp	apply=0
00402B80	disabled	FUN_00681f10	apply=0
00402B85	disabled	STGroupBoatC::SetMine	apply=0
00402B8A	disabled	FUN_004b9bb0	apply=0
00402B8F	disabled	FUN_0061fa40	apply=0
00402B99	disabled	FUN_0056abc0	apply=0
00402B9E	disabled	FUN_00680d00	apply=0
00402BA3	disabled	FUN_00677200	apply=0
00402BA8	disabled	AiEventClassTy::_CreateArt	apply=0
00402BAD	disabled	FUN_0061dd40	apply=0
00402BB2	disabled	FUN_00423180	apply=0
00402BB7	disabled	FUN_00627700	apply=0
00402BBC	disabled	StartSystemTy::AddToChat	apply=0
00402BC1	disabled	FUN_00651b40	apply=0
00402BC6	disabled	FUN_00584950	apply=0
00402BCB	disabled	FUN_00678200	apply=0
00402BD0	disabled	FUN_0064f0c0	apply=0
00402BD5	disabled	CGenerate::sub_0069B190	apply=0
00402BDA	disabled	FUN_004ccad0	apply=0
00402BDF	disabled	FUN_004ad150	apply=0
00402BE4	disabled	FUN_0052a3e0	apply=0
00402BE9	disabled	FUN_0041c6e0	apply=0
00402BEE	disabled	FUN_0068e140	apply=0
00402BF3	disabled	StartSystemTy::SetObjectives	apply=0
00402BF8	disabled	FUN_0041aea0	apply=0
00402BFD	disabled	FUN_00548b90	apply=0
00402C07	disabled	FUN_004e4670	apply=0
00402C0C	disabled	FUN_004d7d30	apply=0
00402C11	disabled	FUN_0067f4b0	apply=0
00402C16	disabled	FUN_00632030	apply=0
00402C1B	disabled	CPanelTy::PlayBriefing	apply=0
00402C20	disabled	CursorClassTy::TakeCmdToRun	apply=0
00402C25	disabled	BldBoatPanelTy::GetMessage	apply=0
00402C2A	disabled	VisibleClassTy::sub_005594A0	apply=0
00402C2F	disabled	FUN_0064cc90	apply=0
00402C34	disabled	FUN_00580570	apply=0
00402C39	disabled	AiFltClassTy::PrepareToSave	apply=0
00402C3E	disabled	FUN_00604fc0	apply=0
00402C43	disabled	LoadGamePlt	apply=0
00402C48	disabled	STJumpMineC::sub_00619A20	apply=0
00402C4D	disabled	FUN_004d84e0	apply=0
00402C52	disabled	Library::MSVCRT::FUN_006a4f20	apply=0
00402C57	disabled	STVolcanoC::sub_006472B0	apply=0
00402C5C	disabled	FUN_006831f0	apply=0
00402C61	disabled	FUN_0067bf60	apply=0
00402C70	disabled	FSGSTy::Download	apply=0
00402C75	disabled	FUN_005fce70	apply=0
00402C7A	disabled	BldObjPanelTy::sub_004F0C80	apply=0
00402C7F	disabled	AiTactClassTy::sub_00690A40	apply=0
00402C84	disabled	FSGSTy::JoinChannel	apply=0
00402C89	disabled	CreateSTBHEShell	apply=0
00402C8E	disabled	AiFltClassTy::sub_00661580	apply=0
00402C93	disabled	FUN_004cd790	apply=0
00402C98	disabled	FUN_004b79c0	apply=0
00402C9D	disabled	STLightC::sub_0061F530	apply=0
00402CA2	disabled	FUN_00677f20	apply=0
00402CA7	disabled	FUN_00668330	apply=0
00402CAC	disabled	HelpPanelTy::SpecProc	apply=0
00402CB1	disabled	FUN_00693b20	apply=0
00402CB6	disabled	FUN_00674eb0	apply=0
00402CBB	disabled	FUN_006264d0	apply=0
00402CC0	disabled	MAdvTy::DoneMAdv	apply=0
00402CC5	disabled	FUN_0067b260	apply=0
00402CCA	disabled	FUN_004e1690	apply=0
00402CCF	disabled	FUN_004f1890	apply=0
00402CD4	disabled	ChooseMapTy::InitChooseMap	apply=0
00402CD9	disabled	STJellyGunC::sub_00584380	apply=0
00402CDE	disabled	STBoatC::STBoatC	apply=0
00402CE3	disabled	FUN_004d6c50	apply=0
00402CE8	disabled	FUN_00496cc0	apply=0
00402CED	disabled	FSGSTy::DoLogon	apply=0
00402CF2	disabled	STDestC::sub_00602BE0	apply=0
00402CF7	disabled	TLOBaseTy::RotateSpr	apply=0
00402CFC	disabled	STBoatC::GetCellForLoading	apply=0
00402D06	disabled	FUN_005f3940	apply=0
00402D0B	disabled	FUN_00590150	apply=0
00402D10	disabled	FUN_004e3800	apply=0
00402D15	disabled	FUN_004e4e90	apply=0
00402D1A	disabled	FUN_00645880	apply=0
00402D1F	disabled	FUN_005f00b0	apply=0
00402D24	disabled	FUN_004969f0	apply=0
00402D2E	disabled	FUN_0041ab90	apply=0
00402D33	disabled	FUN_0057a2c0	apply=0
00402D38	disabled	HelpPanelTy::sub_00515180	apply=0
00402D3D	disabled	SIDTy::PaintExplanation	apply=0
00402D42	disabled	FUN_004be1d0	apply=0
00402D47	disabled	FUN_0060dab0	apply=0
00402D4C	disabled	SettMapMTy::ChgPlList	apply=0
00402D51	disabled	FUN_0061d080	apply=0
00402D56	disabled	FUN_005ef950	apply=0
00402D5B	disabled	FUN_0052af50	apply=0
00402D60	disabled	FUN_004e1fb0	apply=0
00402D65	disabled	FUN_006521c0	apply=0
00402D6A	disabled	STJumpMineC::GetMessage	apply=0
00402D6F	disabled	FUN_004e4d60	apply=0
00402D79	disabled	TraksClassTy::sub_00555D90	apply=0
00402D7E	disabled	FUN_0064f950	apply=0
00402D83	disabled	CPanelTy::SetControlObj	apply=0
00402D88	disabled	CGenerate::sub_00694CD0	apply=0
00402D8D	disabled	FUN_00672930	apply=0
00402D92	disabled	TLOBaseTy::sub_004B9A40	apply=0
00402D9C	disabled	FUN_004e4b10	apply=0
00402DA1	disabled	STGroupBoatC::RechargeNewCmd	apply=0
00402DA6	disabled	FUN_004e4b60	apply=0
00402DAB	disabled	HelpPanelTy::DrawDescription	apply=0
00402DB0	disabled	FUN_004f9260	apply=0
00402DB5	disabled	STGroupC::GetGroupContent	apply=0
00402DBA	disabled	FUN_004dba70	apply=0
00402DBF	disabled	SetAccelerator	apply=0
00402DC4	disabled	FUN_0060ca20	apply=0
00402DC9	disabled	AiFltClassTy::sub_00660F70	apply=0
00402DCE	disabled	FUN_00647960	apply=0
00402DD3	disabled	FUN_00553840	apply=0
00402DD8	disabled	FUN_00637930	apply=0
00402DE2	disabled	FUN_006a55d0	apply=0
00402DE7	disabled	FUN_00491180	apply=0
00402DEC	disabled	FUN_004357b0	apply=0
00402DF1	disabled	AiTactClassTy::GetMessage	apply=0
00402DF6	disabled	STGroupBoatC::ChangeMDNotify	apply=0
00402DFB	disabled	STColl3C::sub_005F68B0	apply=0
00402E00	disabled	FUN_00691540	apply=0
00402E05	disabled	FUN_0067d160	apply=0
00402E0A	disabled	FUN_00630000	apply=0
00402E0F	disabled	FUN_00584a30	apply=0
00402E19	disabled	FUN_00618240	apply=0
00402E1E	disabled	FUN_004d0310	apply=0
00402E23	disabled	FUN_004ea6c0	apply=0
00402E28	disabled	STBoatC::Recharge	apply=0
00402E2D	disabled	HelpPanelTy::BackBut	apply=0
00402E32	disabled	FUN_004e6b40	apply=0
00402E37	disabled	AiPlrClassTy::SetTech	apply=0
00402E3C	disabled	FUN_00681fe0	apply=0
00402E41	disabled	FUN_005fb170	apply=0
00402E46	disabled	ResearchPanelTy::Update	apply=0
00402E4B	disabled	ChooseMapTy::GetMessage	apply=0
00402E55	disabled	SettMapSTy::PrepPlList	apply=0
00402E5A	disabled	FUN_0055c500	apply=0
00402E5F	disabled	STExplosion::GetMessage	apply=0
00402E64	disabled	FUN_0040c080	apply=0
00402E69	disabled	FUN_0055d670	apply=0
00402E6E	disabled	FUN_0062d230	apply=0
00402E73	disabled	FUN_00607200	apply=0
00402E78	disabled	STTmMineC::LoadImagNuclear	apply=0
00402E7D	disabled	FUN_004ef5f0	apply=0
00402E82	disabled	FUN_0067fbd0	apply=0
00402E87	disabled	FUN_004b31c0	apply=0
00402E8C	disabled	DumpClassC::GetMessage	apply=0
00402E91	disabled	STAllPlayersC::SelectObjects	apply=0
00402E96	disabled	FUN_00692570	apply=0
00402EA0	disabled	FUN_0054b9a0	apply=0
00402EA5	disabled	FUN_004acd60	apply=0
00402EAA	disabled	FUN_00692390	apply=0
00402EAF	disabled	FUN_004e6080	apply=0
00402EB4	disabled	FUN_00615fd0	apply=0
00402EB9	disabled	FUN_004b7a60	apply=0
00402EBE	disabled	FUN_006a3b20	apply=0
00402EC3	disabled	FUN_004189b0	apply=0
00402EC8	disabled	STColl3C::STColl3C	apply=0
00402ECD	disabled	STFishC::sub_0057D700	apply=0
00402ED2	disabled	CPanelTy::ShiftControls	apply=0
00402ED7	disabled	FUN_004e04a0	apply=0
00402EDC	disabled	FUN_0045ff10	apply=0
00402EE1	disabled	CreatePopUp	apply=0
00402EE6	disabled	FUN_00497110	apply=0
00402EEB	disabled	HelpPanelTy::CreateSlider	apply=0
00402EF0	disabled	FUN_00494df0	apply=0
00402EF5	disabled	FUN_0068e800	apply=0
00402EFA	disabled	FUN_00418990	apply=0
00402EFF	disabled	FUN_0060f940	apply=0
00402F04	disabled	FUN_005f06e0	apply=0
00402F0E	disabled	FUN_004b7710	apply=0
00402F13	disabled	MMMObjTy::OutEdProc	apply=0
00402F18	disabled	FUN_0055d480	apply=0
00402F1D	disabled	FUN_00680c20	apply=0
00402F22	disabled	FUN_005ec5e0	apply=0
00402F27	disabled	FUN_004e5b80	apply=0
00402F2C	disabled	FUN_00673160	apply=0
00402F31	disabled	FUN_004cbe10	apply=0
00402F36	disabled	FUN_0063cb30	apply=0
00402F3B	disabled	STGroupC::FUN_004244f0	apply=0
00402F40	disabled	FUN_0067f030	apply=0
00402F45	disabled	FUN_00674ef0	apply=0
00402F4A	disabled	FUN_0064fd80	apply=0
00402F4F	disabled	STJellyManC::GetMessage	apply=0
00402F54	disabled	FUN_00567180	apply=0
00402F59	disabled	FUN_00682720	apply=0
00402F5E	disabled	MTaskTy::InitMTask	apply=0
00402F63	disabled	MTaskTy::OutGlassBmpProc	apply=0
00402F72	disabled	FUN_00694100	apply=0
00402F77	disabled	FUN_00672a30	apply=0
00402F7C	disabled	FUN_004e6fe0	apply=0
00402F81	disabled	STGroupBoatC::GrpBuild	apply=0
00402F86	disabled	StartSystemTy::sub_005DB2A0	apply=0
00402F8B	disabled	FUN_0065d030	apply=0
00402F90	disabled	STJumpMineC::sub_006193E0	apply=0
00402F95	disabled	FUN_00577440	apply=0
00402F9A	disabled	FUN_005efae0	apply=0
00402F9F	disabled	FUN_004237d0	apply=0
00402FA4	disabled	FUN_0064a7c0	apply=0
00402FA9	disabled	STGroupBoatC::FUN_00499710	apply=0
00402FAE	disabled	FUN_005f8cc0	apply=0
00402FB3	disabled	FUN_005545c0	apply=0
00402FBD	disabled	FUN_004cdf80	apply=0
00402FC2	disabled	FUN_004dccf0	apply=0
00402FC7	disabled	FUN_00652460	apply=0
00402FCC	disabled	FUN_00639450	apply=0
00402FD1	disabled	FUN_0056a130	apply=0
00402FD6	disabled	FUN_004e9960	apply=0
00402FDB	disabled	FUN_0068e190	apply=0
00402FE0	disabled	FUN_0065d1f0	apply=0
00402FE5	disabled	FUN_005fd5c0	apply=0
00402FEA	disabled	PopUpTy::AddStr	apply=0
00402FEF	disabled	MReportTy::sub_005C00D0	apply=0
00402FF9	disabled	FUN_00614a90	apply=0
00402FFE	disabled	FUN_004de1e0	apply=0
00403003	disabled	FUN_0064e300	apply=0
00403008	disabled	FUN_004be320	apply=0
0040300D	disabled	PanelTy::CreateBut	apply=0
00403012	disabled	FUN_00647d50	apply=0
0040301C	disabled	FUN_005fcc00	apply=0
00403021	disabled	FUN_00580780	apply=0
00403026	disabled	STCrabC::FUN_0057a2a0	apply=0
0040302B	disabled	FUN_0062e440	apply=0
00403030	disabled	FUN_006a1100	apply=0
00403035	disabled	FUN_00510c80	apply=0
0040303A	disabled	FUN_004de0d0	apply=0
0040303F	disabled	FSGSTy::OutTRGlProc	apply=0
00403044	disabled	FUN_0055f0c0	apply=0
00403049	disabled	STDestC::sub_006024B0	apply=0
0040304E	disabled	STGroupBoatC::GrpMove	apply=0
00403053	disabled	FUN_00680bd0	apply=0
00403058	disabled	CursorClassTy::sub_0054B540	apply=0
0040305D	disabled	FUN_005ff150	apply=0
00403062	disabled	CPanelTy::PaintTV	apply=0
00403067	disabled	FUN_006a34e0	apply=0
0040306C	disabled	FUN_005ebd00	apply=0
00403071	disabled	FUN_004b7030	apply=0
00403076	disabled	FUN_004b71f0	apply=0
0040307B	disabled	FUN_0042aac0	apply=0
00403080	disabled	AiTactClassTy::FUN_0068e730	apply=0
00403085	disabled	FUN_00577690	apply=0
0040308A	disabled	FUN_006a2e50	apply=0
0040308F	disabled	FUN_006823a0	apply=0
00403094	disabled	FUN_004e40c0	apply=0
00403099	disabled	MMMObjTy::OutRGlProc	apply=0
0040309E	disabled	FUN_005ef470	apply=0
004030A3	disabled	FUN_0057b670	apply=0
004030A8	disabled	FUN_0055c260	apply=0
004030AD	disabled	TLOBaseTy::TLOBaseTy	apply=0
004030B2	disabled	STBoatC::sub_004176C0	apply=0
004030B7	disabled	STAllPlayersC::RegisterMine	apply=0
004030BC	disabled	STT3DSprC::ShowCurFase	apply=0
004030C1	disabled	STGroupC::FUN_00424510	apply=0
004030CB	disabled	STParticleC::sub_0062A860	apply=0
004030D0	disabled	FUN_00621430	apply=0
004030D5	disabled	STManBasisC::sub_005F1FA0	apply=0
004030DA	disabled	CGenerate::sub_0069CB50	apply=0
004030DF	disabled	FUN_005efa70	apply=0
004030E4	disabled	FUN_00490f60	apply=0
004030E9	disabled	FUN_004e4440	apply=0
004030EE	disabled	FUN_004d86a0	apply=0
004030F8	disabled	SIDTy::CreateCtrls	apply=0
004030FD	disabled	FUN_0052a080	apply=0
00403102	disabled	FUN_004d0fa0	apply=0
00403107	disabled	sub_00416240	apply=0
0040310C	disabled	CursorClassTy::GetMessage	apply=0
00403111	disabled	HelpPanelTy::InitHelpPanel	apply=0
00403116	disabled	FUN_0057ba30	apply=0
0040311B	disabled	CPanelTy::OutText	apply=0
00403120	disabled	FUN_00521cf0	apply=0
00403125	disabled	STGroupBoatC::GrpUnLoadObj	apply=0
0040312A	disabled	FUN_004de300	apply=0
0040312F	disabled	FUN_005823b0	apply=0
00403134	disabled	ComboTy::DoneCombo	apply=0
00403139	disabled	FUN_00650ad0	apply=0
0040313E	disabled	CPanelTy::sub_004F17D0	apply=0
00403148	disabled	FUN_006728f0	apply=0
0040314D	disabled	FUN_00417830	apply=0
00403152	disabled	CPanelTy::OutText	apply=0
00403157	disabled	STBoatC::ChangeActivity	apply=0
0040315C	disabled	FUN_004d9790	apply=0
00403161	disabled	FUN_006012d0	apply=0
00403166	disabled	FUN_004d8800	apply=0
0040316B	disabled	FUN_006a1070	apply=0
00403170	disabled	FUN_005f3530	apply=0
00403175	disabled	CursorClassTy::sub_0054B700	apply=0
0040317F	disabled	STAllPlayersC::ActivateTV	apply=0
00403184	disabled	FUN_0048d440	apply=0
00403189	disabled	FUN_0058d080	apply=0
0040318E	disabled	FUN_0062f080	apply=0
00403193	disabled	FUN_00617aa0	apply=0
00403198	disabled	FUN_00681ad0	apply=0
0040319D	disabled	FUN_00639500	apply=0
004031A2	disabled	SettMapSTy::SetListCtrls	apply=0
004031A7	disabled	FUN_005ef6c0	apply=0
004031AC	disabled	FUN_004dd880	apply=0
004031B1	disabled	FUN_004aa450	apply=0
004031B6	disabled	AiFltClassTy::GetMessage	apply=0
004031BB	disabled	FUN_00604ee0	apply=0
004031C0	disabled	FUN_0063f340	apply=0
004031C5	disabled	ResearchPanelTy::GetMessage	apply=0
004031CA	disabled	IntercomPanelTy::PreInitIntercomPanel	apply=0
004031CF	disabled	FUN_004df100	apply=0
004031D4	disabled	MMMObjTy::PaintSlBut	apply=0
004031D9	disabled	FUN_004cf3e0	apply=0
004031DE	disabled	STBoatC::sub_00460260	apply=0
004031E3	disabled	FUN_00416270	apply=0
004031E8	disabled	FUN_00423d80	apply=0
004031ED	disabled	FUN_0064feb0	apply=0
004031F2	disabled	FUN_005ecfe0	apply=0
004031F7	disabled	PrividerTy::DeleteCtrls	apply=0
004031FC	disabled	FUN_00681400	apply=0
00403201	disabled	FUN_005f0150	apply=0
00403206	disabled	CPanelTy::SetCmdObj	apply=0
0040320B	disabled	FUN_004e1e30	apply=0
00403210	disabled	FUN_004d08e0	apply=0
00403215	disabled	CPanelTy::PaintMap	apply=0
0040321A	disabled	FUN_00620670	apply=0
0040321F	disabled	STGameObjC::ResetSelfCheckFlag	apply=0
00403224	disabled	VisibleClassTy::PrepareToSave	apply=0
00403229	disabled	DibPut	apply=0
00403233	disabled	STT3DSprC::sub_004ACFE0	apply=0
00403238	disabled	FUN_004cdeb0	apply=0
0040323D	disabled	STBHEShellC::sub_005F5A90	apply=0
00403242	disabled	PlayPanelTy::PaintPlayPanel	apply=0
00403247	disabled	FUN_005f4a30	apply=0
00403251	disabled	STGroupBoatC::DistributeDock	apply=0
00403256	disabled	FUN_004dc660	apply=0
0040325B	disabled	FUN_006834f0	apply=0
00403260	disabled	FUN_006036a0	apply=0
00403265	disabled	FUN_005f23d0	apply=0
0040326A	disabled	CPanelTy::PaintNewDeep	apply=0
0040326F	disabled	FUN_00540c40	apply=0
00403274	disabled	STTmMineC::LoadImagSpr	apply=0
00403279	disabled	STManRub3C::AddNewDock	apply=0
0040327E	disabled	SettMapTy::GetMessage	apply=0
00403283	disabled	FUN_00489950	apply=0
00403288	disabled	SubmarineTitans::Recovered::HiddenThis::AnonReceiver_004248D0::FUN_00427bb0	apply=0
0040328D	disabled	FUN_00681f70	apply=0
00403292	disabled	SndUnderAttMenegC::GetMessage	apply=0
00403297	disabled	TLOBaseTy::sub_00417D30	apply=0
0040329C	disabled	FUN_00568bc0	apply=0
004032A1	disabled	TLOBldMark::sub_004C61E0	apply=0
004032A6	disabled	ProdPanelTy::PreInitProdPanel	apply=0
004032AB	disabled	FUN_0062fa80	apply=0
004032B0	disabled	FUN_0067f420	apply=0
004032B5	disabled	FUN_004cf430	apply=0
004032BA	disabled	STFishC::sub_0057BF20	apply=0
004032BF	disabled	SettMapMTy::DeleteCtrls	apply=0
004032C4	disabled	FUN_005672e0	apply=0
004032C9	disabled	STPlaySystemC::Life	apply=0
004032CE	disabled	STLightC::STLightC	apply=0
004032D3	disabled	FSGSTy::PswCtrls	apply=0
004032D8	disabled	FUN_004ce770	apply=0
004032DD	disabled	FUN_004e8e50	apply=0
004032E2	disabled	FUN_004e4520	apply=0
004032E7	disabled	STAllPlayersC::ResetActivityFromTmp	apply=0
004032EC	disabled	FUN_00650a20	apply=0
004032F1	disabled	FUN_004f91a0	apply=0
004032F6	disabled	FUN_004d7f70	apply=0
004032FB	disabled	FUN_006833b0	apply=0
00403300	disabled	AiPlrClassTy::PrepareToSave	apply=0
00403305	disabled	STLightC::sub_0061D8F0	apply=0
0040330A	disabled	StartSystemTy::GetIP	apply=0
0040330F	disabled	FUN_004d01f0	apply=0
00403314	disabled	FUN_004945c0	apply=0
00403319	disabled	FUN_0067f7d0	apply=0
0040331E	disabled	STGroupBoatC::sub_004A7E30	apply=0
00403323	disabled	FUN_00627250	apply=0
00403328	disabled	FUN_005fe280	apply=0
0040332D	disabled	FUN_0055d500	apply=0
00403332	disabled	FUN_004e4230	apply=0
00403337	disabled	FUN_0069c670	apply=0
0040333C	disabled	STBoatC::RestoreBoatData	apply=0
00403341	disabled	AiBossClassTy::PrepareToSave	apply=0
00403346	disabled	FUN_00680890	apply=0
0040334B	disabled	FSGSTy::PaintLogLogin	apply=0
00403350	disabled	FUN_005547d0	apply=0
00403355	disabled	SAMPanelTy::GetMessage	apply=0
0040335A	disabled	FUN_0052a4d0	apply=0
0040335F	disabled	FUN_005f1e40	apply=0
00403364	disabled	FUN_004d8110	apply=0
00403369	disabled	FUN_00627280	apply=0
0040336E	disabled	FUN_005f0280	apply=0
00403373	disabled	PanelTy::PaintBut	apply=0
00403378	disabled	MAdvTy::sub_00590860	apply=0
0040337D	disabled	FUN_005c5eb0	apply=0
00403382	disabled	FUN_004cd6f0	apply=0
00403387	disabled	CreateArbList	apply=0
0040338C	disabled	FUN_0041d8e0	apply=0
00403396	disabled	FUN_004e5c40	apply=0
0040339B	disabled	FUN_0064e830	apply=0
004033A0	disabled	FUN_0056a960	apply=0
004033A5	disabled	FUN_00639670	apply=0
004033AA	disabled	FUN_004ac9e0	apply=0
004033AF	disabled	FUN_00683780	apply=0
004033B4	disabled	FUN_00638230	apply=0
004033BE	disabled	FUN_00419c30	apply=0
004033C3	disabled	STContainerC::GetMessage	apply=0
004033C8	disabled	FUN_005f6ab0	apply=0
004033CD	disabled	MoneyTy::sub_0052BBE0	apply=0
004033D2	disabled	FUN_004d6360	apply=0
004033DC	disabled	STBoatC::BackLoadRC	apply=0
004033E1	disabled	STLightC::sub_0061E4F0	apply=0
004033E6	disabled	FUN_0055d550	apply=0
004033EB	disabled	FUN_0060a940	apply=0
004033F0	disabled	FUN_005276e0	apply=0
004033F5	disabled	SpecPanelTy::DonePanel	apply=0
004033FA	disabled	FUN_004affa0	apply=0
004033FF	disabled	AiPlrClassTy::InitData	apply=0
00403404	disabled	STSprGameObjC::sub_0041F970	apply=0
00403409	disabled	FUN_005926a0	apply=0
0040340E	disabled	STGroupC::AddObj	apply=0
00403413	disabled	FUN_0062ca00	apply=0
00403418	disabled	FUN_004d8940	apply=0
0040341D	disabled	AiEventClassTy::_CreateDest	apply=0
00403422	disabled	HoloTy::CalcHologram	apply=0
00403427	disabled	FUN_005899e0	apply=0
0040342C	disabled	FUN_0041dc40	apply=0
00403431	disabled	FUN_00680d40	apply=0
00403436	disabled	CursorClassTy::DoneCursor	apply=0
0040343B	disabled	AiFltClassTy::sub_0065D9C0	apply=0
00403440	disabled	FUN_006777d0	apply=0
00403445	disabled	_GetEmbrGrpTobjGrpExch	apply=0
0040344A	disabled	STBoatC::BackUnLoadRC	apply=0
0040344F	disabled	FUN_0064ecd0	apply=0
00403454	disabled	FUN_006a5990	apply=0
00403459	disabled	MMObjTy::CloseButtons	apply=0
0040345E	disabled	STDcResourcC::sub_005805C0	apply=0
0040346D	disabled	FUN_0058d6f0	apply=0
00403472	disabled	cLoadingTy::SetState	apply=0
00403477	disabled	FUN_0062bec0	apply=0
0040347C	disabled	FSGSTy::AddMessage	apply=0
00403481	disabled	TLOBaseTy::sub_004E3120	apply=0
00403486	disabled	FUN_004db020	apply=0
0040348B	disabled	STGroupBoatC::ReMakePVecAndTgtListExt	apply=0
00403490	disabled	FUN_00677220	apply=0
00403495	disabled	UPanelTy::PaintBut	apply=0
0040349A	disabled	FUN_006a2700	apply=0
0040349F	disabled	FUN_0041c2c0	apply=0
004034A4	disabled	FSGSTy::PaintLogPsw	apply=0
004034B3	disabled	STBoatC::FUN_0044e960	apply=0
004034B8	disabled	FUN_0057cb30	apply=0
004034BD	disabled	FUN_00525ef0	apply=0
004034C2	disabled	SettMapMTy::CreateCtrls	apply=0
004034C7	disabled	FUN_004ecac0	apply=0
004034CC	disabled	FUN_0041f390	apply=0
004034D1	disabled	FUN_0062e6b0	apply=0
004034D6	disabled	FUN_004d7010	apply=0
004034DB	disabled	FUN_004eb300	apply=0
004034E0	disabled	FUN_00660d40	apply=0
004034E5	disabled	CreateSTVolcano	apply=0
004034EA	disabled	STGroupC::GetMessage	apply=0
004034EF	disabled	FUN_005da130	apply=0
004034F4	disabled	FUN_005daa60	apply=0
004034FE	disabled	CPanelTy::PaintInfoObj	apply=0
00403508	disabled	UPanelTy::PaintIBut	apply=0
0040350D	disabled	FUN_004c5e60	apply=0
00403512	disabled	FUN_006034e0	apply=0
00403517	disabled	FUN_005fa030	apply=0
0040351C	disabled	FUN_0067f860	apply=0
00403521	disabled	CGenerate::sub_00694C80	apply=0
00403526	disabled	CPanelTy::PaintMunition	apply=0
0040352B	disabled	FUN_00568780	apply=0
00403530	disabled	STBoatC::FUN_0048d110	apply=0
00403535	disabled	FUN_0054ca10	apply=0
0040353A	disabled	FUN_0067ee40	apply=0
0040353F	disabled	FUN_004cd480	apply=0
00403544	disabled	FUN_0067ba50	apply=0
00403549	disabled	FUN_005531f0	apply=0
0040354E	disabled	FUN_006263b0	apply=0
00403553	disabled	STBoatC::BackAttack	apply=0
00403558	disabled	CreateSTContainer	apply=0
0040355D	disabled	STManBasisC::sub_005F19A0	apply=0
00403562	disabled	STAppC::CloseGameDBs	apply=0
00403567	disabled	FUN_004e2ab0	apply=0
0040356C	disabled	FUN_0069c360	apply=0
00403571	disabled	FUN_004ee8e0	apply=0
00403576	disabled	FUN_00528a30	apply=0
0040357B	disabled	FUN_004d8db0	apply=0
00403580	disabled	FUN_0060a430	apply=0
00403585	disabled	STBoatC::ExpIsOver	apply=0
0040358A	disabled	FUN_004b6d20	apply=0
0040358F	disabled	FUN_00626fc0	apply=0
00403594	disabled	TLOBaseTy::sub_004D6DF0	apply=0
00403599	disabled	FUN_006836c0	apply=0
0040359E	disabled	TraksClassTy::PrepareAfterSave	apply=0
004035A3	disabled	TLOBaseTy::sub_004C34A0	apply=0
004035A8	disabled	FUN_005fd940	apply=0
004035AD	disabled	CursorClassTy::sub_0054B630	apply=0
004035B2	disabled	FUN_004ce250	apply=0
004035B7	disabled	FUN_004c5de0	apply=0
004035BC	disabled	STAllPlayersC::GetPanelInfo	apply=0
004035C1	disabled	STTeamLissagC::InitVisibelSystem	apply=0
004035C6	disabled	SettMapMTy::CheckPlList	apply=0
004035CB	disabled	FUN_004d8360	apply=0
004035D0	disabled	FUN_00650a90	apply=0
004035D5	disabled	FUN_0057f530	apply=0
004035DA	disabled	FUN_006839d0	apply=0
004035DF	disabled	FUN_004c7260	apply=0
004035E4	disabled	STBoatC::BackDismant	apply=0
004035E9	disabled	FSGSTy::OutTRGlProc	apply=0
004035EE	disabled	FUN_004e51b0	apply=0
004035F3	disabled	STManRuinC::sub_00631510	apply=0
004035F8	disabled	FUN_004c5980	apply=0
004035FD	disabled	FUN_0064e230	apply=0
00403602	disabled	CPanelTy::SetControlObjSI	apply=0
00403607	disabled	FUN_00526100	apply=0
0040360C	disabled	SubmarineTitans::Recovered::HiddenThis::AnonReceiver_00664540::FUN_00664540	apply=0
00403611	disabled	FUN_005f8810	apply=0
00403616	disabled	FUN_004cbf70	apply=0
0040361B	disabled	MMObjTy::CreateSprBut	apply=0
00403620	disabled	FUN_004ec700	apply=0
00403625	disabled	FUN_004d88b0	apply=0
0040362A	disabled	FUN_004d2fd0	apply=0
0040362F	disabled	PrividerTy::CreateCtrls	apply=0
00403634	disabled	FUN_00544990	apply=0
00403639	disabled	FUN_00496b30	apply=0
0040363E	disabled	FUN_00649ff0	apply=0
00403643	disabled	STAllPlayersC::DelObjFromSaveTmps	apply=0
00403648	disabled	CPanelTy::PaintInfoBoat	apply=0
0040364D	disabled	FUN_00581b80	apply=0
00403652	disabled	AiTactClassTy::ClaimRestore	apply=0
00403657	disabled	FUN_004eaf90	apply=0
0040365C	disabled	FUN_005df9b0	apply=0
00403661	disabled	FUN_004ccc10	apply=0
00403666	disabled	MoneyTy::sub_0052B8A0	apply=0
0040366B	disabled	FUN_004da2b0	apply=0
00403670	disabled	MTaskTy::PaintMTask	apply=0
00403675	disabled	_EnumMines	apply=0
0040367A	disabled	FUN_00600750	apply=0
0040367F	disabled	TLOBaseTy::procResult	apply=0
00403684	disabled	FUN_00523410	apply=0
00403689	disabled	FUN_004deba0	apply=0
0040368E	disabled	STTorpC::SetDangerous	apply=0
00403693	disabled	MMsgTy::NoneMMsg	apply=0
00403698	disabled	FUN_006189c0	apply=0
0040369D	disabled	FUN_00435b90	apply=0
004036A2	disabled	FUN_005260b0	apply=0
004036A7	disabled	FUN_004e41c0	apply=0
004036AC	disabled	FUN_00416db0	apply=0
004036B1	disabled	WaitTy::sub_005E9970	apply=0
004036B6	disabled	CreateMTask	apply=0
004036BB	disabled	FUN_00683310	apply=0
004036C0	disabled	FUN_005b6350	apply=0
004036C5	disabled	STGroupBoatC::Capture	apply=0
004036CA	disabled	STRubbishC::sub_0062EF00	apply=0
004036CF	disabled	ComboTy::InitCombo	apply=0
004036D4	disabled	FUN_00567510	apply=0
004036DE	disabled	STGroupBoatC::DCBomb	apply=0
004036E3	disabled	FUN_005fc4a0	apply=0
004036E8	disabled	FUN_00683150	apply=0
004036ED	disabled	FUN_00695010	apply=0
004036F2	disabled	FUN_00424790	apply=0
004036F7	disabled	STSprGameObjC::LoadLifeFrame	apply=0
004036FC	disabled	FUN_00647a60	apply=0
00403701	disabled	TraksClassTy::CreateDate	apply=0
00403706	disabled	MReportTy::NoneMReport	apply=0
0040370B	disabled	FUN_0063e410	apply=0
00403710	disabled	MTestTy::NoneMTest	apply=0
00403715	disabled	FUN_00683010	apply=0
0040371A	disabled	AiEventClassTy::sub_0065BD70	apply=0
0040371F	disabled	FUN_005272b0	apply=0
00403724	disabled	FUN_004d95a0	apply=0
00403729	disabled	FUN_006a1410	apply=0
00403733	disabled	STMBombC::STMBombC	apply=0
00403738	disabled	PutDDX	apply=0
0040373D	disabled	FUN_004b9cf0	apply=0
00403742	disabled	FUN_00589b10	apply=0
00403747	disabled	HelpPanelTy::ObjProc	apply=0
0040374C	disabled	FUN_00495950	apply=0
00403751	disabled	FUN_005ff1f0	apply=0
00403756	disabled	FUN_005ec550	apply=0
0040375B	disabled	FUN_004ce640	apply=0
00403760	disabled	FUN_005739a0	apply=0
0040376A	disabled	FUN_0058e530	apply=0
0040376F	disabled	CursorClassTy::SetImages	apply=0
00403774	disabled	AiBossClassTy::InitData	apply=0
00403779	disabled	FUN_0064a910	apply=0
00403783	disabled	FUN_006939d0	apply=0
00403788	disabled	FUN_00424620	apply=0
0040378D	disabled	FUN_0064ea60	apply=0
00403792	disabled	AiBossClassTy::GetMessage	apply=0
00403797	disabled	FUN_0063de20	apply=0
0040379C	disabled	FUN_004769f0	apply=0
004037A1	disabled	FUN_0062dbd0	apply=0
004037A6	disabled	FUN_00423360	apply=0
004037AB	disabled	FUN_005ee080	apply=0
004037B0	disabled	FUN_004de030	apply=0
004037B5	disabled	FUN_004934b0	apply=0
004037BF	disabled	FUN_004d6d50	apply=0
004037C4	disabled	FUN_004e48f0	apply=0
004037C9	disabled	AiTactClassTy::InitData	apply=0
004037D3	disabled	FUN_00677290	apply=0
004037D8	disabled	FUN_0064e1f0	apply=0
004037DD	disabled	FUN_005faf70	apply=0
004037E2	disabled	FUN_00412960	apply=0
004037E7	disabled	FUN_0065d600	apply=0
004037F1	disabled	FUN_004e7e10	apply=0
004037F6	disabled	FUN_006367d0	apply=0
004037FB	disabled	FUN_00615e70	apply=0
00403800	disabled	SpecPanelTy::InitPanel	apply=0
00403805	disabled	FUN_006a0c00	apply=0
0040380A	disabled	FUN_004e5eb0	apply=0
0040380F	disabled	CreatePlrDataForWS	apply=0
00403814	disabled	FUN_004e43c0	apply=0
00403819	disabled	FUN_006324c0	apply=0
0040381E	disabled	STSprGameObjC::LoadActFrame	apply=0
00403823	disabled	BldLabPanelTy::GetMessage	apply=0
00403828	disabled	STGroupC::GetTOBJQty	apply=0
0040382D	disabled	CreateTLOFake	apply=0
00403832	disabled	FUN_0064e910	apply=0
00403837	disabled	FUN_00586240	apply=0
0040383C	disabled	FUN_004e7fc0	apply=0
00403841	disabled	FUN_0055c2e0	apply=0
00403846	disabled	FUN_0041d600	apply=0
0040384B	disabled	TLOBaseTy::sub_004CA7B0	apply=0
00403850	disabled	FUN_0063d660	apply=0
00403855	disabled	STBoatC::sub_004602B0	apply=0
0040385A	disabled	FUN_006509e0	apply=0
0040385F	disabled	FUN_004deff0	apply=0
00403864	disabled	STBoatC::CancelLoading	apply=0
00403869	disabled	STAllPlayersC::GetGObjFromBox	apply=0
0040386E	disabled	FUN_004a8e00	apply=0
00403873	disabled	CreateGameSystem	apply=0
00403878	disabled	HelpPanelTy::SubProc	apply=0
0040387D	disabled	STAllPlayersC::DestroyObjectMsg	apply=0
00403882	disabled	_EnumRCCont	apply=0
00403887	disabled	OptPanelTy::DoneOptPanel	apply=0
0040388C	disabled	VisibleClassTy::sub_00558DC0	apply=0
00403891	disabled	FUN_00544150	apply=0
00403896	disabled	FUN_00480600	apply=0
0040389B	disabled	FUN_005fcd80	apply=0
004038A0	disabled	FUN_0061ca90	apply=0
004038AA	disabled	FUN_00693910	apply=0
004038AF	disabled	FUN_006686f0	apply=0
004038B4	disabled	FUN_00626c90	apply=0
004038B9	disabled	FUN_004b2d10	apply=0
004038BE	disabled	PlayPanelTy::ShiftControls	apply=0
004038C3	disabled	FUN_005fcda0	apply=0
004038C8	disabled	CreateFSGS	apply=0
004038CD	disabled	FUN_005861a0	apply=0
004038D2	disabled	STVolcanoC::GetMessage	apply=0
004038D7	disabled	WaitTy::GetMessage	apply=0
004038E1	disabled	AiFltClassTy::sub_0065FA60	apply=0
004038E6	disabled	FUN_0060aef0	apply=0
004038EB	disabled	BldLabPanelTy::sub_004EFE20	apply=0
004038F0	disabled	FUN_00698f90	apply=0
004038F5	disabled	FUN_0062ffd0	apply=0
004038FA	disabled	FUN_005fd380	apply=0
004038FF	disabled	CreateOptPanel	apply=0
00403904	disabled	FUN_0064fb80	apply=0
00403909	disabled	STAllPlayersC::sub_004DB160	apply=0
0040390E	disabled	FUN_004b2390	apply=0
00403913	disabled	FUN_00693e60	apply=0
00403918	disabled	TradePanelTy::ShiftControls	apply=0
0040391D	disabled	TradePanelTy::PaintPanel	apply=0
00403922	disabled	MainMenuTy::AnimationMainMenu	apply=0
00403927	disabled	STBoatC::sub_0045F6C0	apply=0
0040392C	disabled	SIDTy::PrepFiles	apply=0
00403931	disabled	FUN_0041d5e0	apply=0
00403936	disabled	FUN_0041f330	apply=0
0040393B	disabled	SettMapMTy::PrepareAFT	apply=0
00403940	disabled	FUN_006a36e0	apply=0
00403945	disabled	FUN_004f4c70	apply=0
0040394A	disabled	FUN_006937b0	apply=0
0040394F	disabled	AiPlrClassTy::sub_0067C110	apply=0
00403954	disabled	FUN_004d89b0	apply=0
00403959	disabled	FUN_00413af0	apply=0
0040395E	disabled	FUN_006525e0	apply=0
00403963	disabled	FUN_005f6ad0	apply=0
00403968	disabled	ComboTy::sub_005943F0	apply=0
0040396D	disabled	STParticleC::sub_0062AEF0	apply=0
00403977	disabled	CPanelTy::PaintDeep	apply=0
0040397C	disabled	FUN_0045ff30	apply=0
00403981	disabled	FSGSTy::OutSGlProc	apply=0
00403986	disabled	FUN_0068e8c0	apply=0
0040398B	disabled	UPanelTy::CreateBut	apply=0
00403990	disabled	STAppC::OpenGameDBs	apply=0
00403995	disabled	STAllPlayersC::GetBoatWeaponInfo	apply=0
0040399A	disabled	STBoatC::BackUnLoadObj	apply=0
0040399F	disabled	STBoatC::FUN_00490e70	apply=0
004039A4	disabled	FUN_00525ca0	apply=0
004039A9	disabled	FUN_00494f00	apply=0
004039AE	disabled	STAppC::sub_0056F040	apply=0
004039B3	disabled	FUN_005fada0	apply=0
004039B8	disabled	STSprGameObjC::FUN_005f0450	apply=0
004039BD	disabled	CursorClassTy::AddOpticAcc	apply=0
004039C2	disabled	FUN_0041ae80	apply=0
004039C7	disabled	FUN_0062ba50	apply=0
004039CC	disabled	HelpPanelTy::FwdBut	apply=0
004039D1	disabled	FUN_0052a230	apply=0
004039D6	disabled	STGroupC::FUN_00423ea0	apply=0
004039DB	disabled	FUN_0060a000	apply=0
004039E0	disabled	AiPlrClassTy::AiPlrClassTy	apply=0
004039E5	disabled	FUN_005f0380	apply=0
004039EA	disabled	DelAllAccelerators	apply=0
004039EF	disabled	FUN_0052cce0	apply=0
004039F4	disabled	FUN_00613280	apply=0
004039F9	disabled	FUN_0041ad50	apply=0
004039FE	disabled	FUN_0055c290	apply=0
00403A03	disabled	FUN_004dd460	apply=0
00403A08	disabled	FUN_004e2970	apply=0
00403A0D	disabled	FUN_005530e0	apply=0
00403A12	disabled	FUN_006300e0	apply=0
00403A17	disabled	FUN_005feb60	apply=0
00403A1C	disabled	AiFltClassTy::sub_00661CA0	apply=0
00403A26	disabled	STManRuinC::sub_006308F0	apply=0
00403A2B	disabled	STBoatC::Defence	apply=0
00403A30	disabled	STResourceC::sub_00580D30	apply=0
00403A35	disabled	STAllPlayersC::_AssignMDPairs	apply=0
00403A3A	disabled	OptPanelTy::PreInitOptPanel	apply=0
00403A44	disabled	FUN_00416400	apply=0
00403A49	disabled	FUN_005f9310	apply=0
00403A4E	disabled	STAllPlayersC::UnRegisterMine	apply=0
00403A53	disabled	STSprGameObjC::FUN_005f0030	apply=0
00403A58	disabled	STAppC::CommonFunction	apply=0
00403A5D	disabled	STAllPlayersC::UnRegisterArtefact	apply=0
00403A62	disabled	MoneyTy::sub_0052B990	apply=0
00403A67	disabled	CursorClassTy::GCGameState	apply=0
00403A6C	disabled	FUN_005c0230	apply=0
00403A71	disabled	STGroupBoatC::StartReceiveOrderSound	apply=0
00403A76	disabled	FUN_0056f250	apply=0
00403A7B	disabled	FUN_0061d0c0	apply=0
00403A80	disabled	STGroupC::AddObjs	apply=0
00403A8A	disabled	STGroupBoatC::STGroupBoatC	apply=0
00403A8F	disabled	SIDTy::DeleteCtrls	apply=0
00403A94	disabled	FUN_0055d6b0	apply=0
00403A99	disabled	SubmarineTitans::Recovered::HiddenThis::AnonReceiver_004603B0::FUN_004838e0	apply=0
00403AA3	disabled	FUN_006511a0	apply=0
00403AA8	disabled	FUN_004ce7a0	apply=0
00403AAD	disabled	FUN_006151e0	apply=0
00403AB2	disabled	MAdvTy::PaintMAdv	apply=0
00403AB7	disabled	FUN_004eccf0	apply=0
00403ABC	disabled	STBoatC::GetInfo16	apply=0
00403AC1	disabled	FUN_0064ec30	apply=0
00403AC6	disabled	FUN_00575c80	apply=0
00403ACB	disabled	FUN_00553060	apply=0
00403AD0	disabled	TLOBaseTy::sub_004B98E0	apply=0
00403AD5	disabled	SettMapMTy::SendPlList	apply=0
00403ADA	disabled	STAllPlayersC::_AddMDPairs	apply=0
00403ADF	disabled	FUN_004b72b0	apply=0
00403AE4	disabled	FSGSTy::DelPlayer	apply=0
00403AEE	disabled	FUN_00418d00	apply=0
00403AF3	disabled	MoneyTy::sub_0052B760	apply=0
00403AF8	disabled	FUN_00620780	apply=0
00403AFD	disabled	STT3DSprC::sub_004ACF50	apply=0
00403B02	disabled	VisibleClassTy::sub_0055BB00	apply=0
00403B07	disabled	MReportTy::SetCtrl	apply=0
00403B0C	disabled	ChooseMapTy::PrepFiles	apply=0
00403B11	disabled	CreateSTJellyMan	apply=0
00403B16	disabled	CPanelTy::PaintBioSonar	apply=0
00403B1B	disabled	STOctopusC::GetMessage	apply=0
00403B20	disabled	FUN_004a8220	apply=0
00403B25	disabled	STManRuinC::FUN_00631190	apply=0
00403B2A	disabled	FUN_005718d0	apply=0
00403B2F	disabled	FUN_004a0ee0	apply=0
00403B34	disabled	STBoatC::sub_0045FF50	apply=0
00403B39	disabled	FUN_00691570	apply=0
00403B3E	disabled	TradePanelTy::GetMessage	apply=0
00403B43	disabled	HelpPanelTy::PrevBut	apply=0
00403B48	disabled	ProdPanelTy::SwitchPanel	apply=0
00403B4D	disabled	FSGSTy::PaintFSGS	apply=0
00403B52	disabled	cLoadingTy::ShowScr	apply=0
00403B57	disabled	FUN_004f1c80	apply=0
00403B5C	disabled	FUN_0062e240	apply=0
00403B61	disabled	ChatGlassTy::OutChGlProc	apply=0
00403B66	disabled	FUN_00497030	apply=0
00403B6B	disabled	FUN_005ef430	apply=0
00403B70	disabled	FUN_0058d480	apply=0
00403B75	disabled	FUN_004be200	apply=0
00403B7A	disabled	FUN_00620f60	apply=0
00403B7F	disabled	FUN_004dc760	apply=0
00403B84	disabled	CreateTLOBase	apply=0
00403B89	disabled	FUN_0064a5b0	apply=0
00403B8E	disabled	PrividerTy::InitPrivider	apply=0
00403B93	disabled	FUN_00602740	apply=0
00403B98	disabled	FUN_00672af0	apply=0
00403B9D	disabled	FUN_0062ca70	apply=0
00403BA2	disabled	FUN_004b7de0	apply=0
00403BA7	disabled	STGroupBoatC::GetMessage	apply=0
00403BAC	disabled	UpgPanelTy::GetMessage	apply=0
00403BB6	disabled	FUN_004e5dc0	apply=0
00403BBB	disabled	STManRuinC::sub_00631010	apply=0
00403BC0	disabled	HelpPanelTy::NatProc	apply=0
00403BC5	disabled	PrividerTy::SetMode	apply=0
00403BCA	disabled	STGroupBoatC::Way3DGrpGetDistrPoint	apply=0
00403BCF	disabled	FUN_004cc840	apply=0
00403BD9	disabled	FUN_00682d30	apply=0
00403BDE	disabled	FUN_006757c0	apply=0
00403BE3	disabled	BldObjPanelTy::Update	apply=0
00403BE8	disabled	FUN_00660540	apply=0
00403BED	disabled	FUN_00631fd0	apply=0
00403BF2	disabled	FUN_0065cb00	apply=0
00403BF7	disabled	FUN_0058cf60	apply=0
00403C01	disabled	SoundManagerTy::sub_00566900	apply=0
00403C06	disabled	FUN_004e3910	apply=0
00403C0B	disabled	STBoatC::sub_0048D930	apply=0
00403C10	disabled	FUN_005fd6a0	apply=0
00403C15	disabled	AiEventClassTy::__CreateObjPl	apply=0
00403C1A	disabled	STColl3C::sub_005FA070	apply=0
00403C1F	disabled	STBoatC::Dismant	apply=0
00403C24	disabled	FUN_005fa7f0	apply=0
00403C29	disabled	FUN_005f0240	apply=0
00403C2E	disabled	FUN_006774c0	apply=0
00403C33	disabled	FUN_0054edf0	apply=0
00403C38	disabled	MReportTy::sub_005C05F0	apply=0
00403C3D	disabled	FUN_004d6590	apply=0
00403C42	disabled	FUN_0068fc70	apply=0
00403C47	disabled	FUN_004a9c80	apply=0
00403C4C	disabled	FUN_006372e0	apply=0
00403C51	disabled	CPanelTy::sub_004FAB10	apply=0
00403C56	disabled	FUN_0067f2b0	apply=0
00403C5B	disabled	CursorClassTy::sub_0054B6D0	apply=0
00403C60	disabled	HelpStringTy::GetMessage	apply=0
00403C65	disabled	FUN_004dd350	apply=0
00403C6A	disabled	BldBoatPanelTy::sub_004EF140	apply=0
00403C6F	disabled	FUN_005efbd0	apply=0
00403C74	disabled	MMMObjTy::OutLstProc	apply=0
00403C79	disabled	STAllPlayersC::ReplaceObject	apply=0
00403C7E	disabled	FUN_0062af40	apply=0
00403C83	disabled	FUN_00550110	apply=0
00403C88	disabled	CGenerate::sub_00694BE0	apply=0
00403C8D	disabled	FUN_0060a800	apply=0
00403C92	disabled	FUN_00632650	apply=0
00403C97	disabled	CreateSoundManager	apply=0
00403C9C	disabled	FUN_0041f350	apply=0
00403CA1	disabled	FUN_00694890	apply=0
00403CAB	disabled	FUN_00585020	apply=0
00403CB5	disabled	FUN_0062c2d0	apply=0
00403CBA	disabled	FUN_004e27e0	apply=0
00403CBF	disabled	FUN_00647be0	apply=0
00403CC9	disabled	FUN_00626e60	apply=0
00403CCE	disabled	FUN_004b7e30	apply=0
00403CD3	disabled	FUN_0064e9a0	apply=0
00403CD8	disabled	STAllPlayersC::RegisterDeposit	apply=0
00403CDD	disabled	AiTactClassTy::sub_006902B0	apply=0
00403CE2	disabled	STSharkC::STSharkC	apply=0
00403CE7	disabled	FUN_0060a470	apply=0
00403CEC	disabled	FUN_004cca00	apply=0
00403CF1	disabled	FUN_0061e110	apply=0
00403CF6	disabled	FUN_00491720	apply=0
00403CFB	disabled	FUN_0044cc90	apply=0
00403D00	disabled	FUN_00573240	apply=0
00403D05	disabled	FUN_00637180	apply=0
00403D0A	disabled	STManRuinC::STManRuinC	apply=0
00403D0F	disabled	FUN_004ad430	apply=0
00403D14	disabled	FUN_00495010	apply=0
00403D19	disabled	FUN_00589870	apply=0
00403D1E	disabled	FUN_005738d0	apply=0
00403D23	disabled	FUN_004353b0	apply=0
00403D28	disabled	FUN_004e2000	apply=0
00403D2D	disabled	FUN_00589940	apply=0
00403D37	disabled	FUN_00541cf0	apply=0
00403D3C	disabled	FUN_0041d820	apply=0
00403D41	disabled	FUN_0058bd90	apply=0
00403D46	disabled	STGroupC::GetTOBJList	apply=0
00403D4B	disabled	TradePanelTy::SetModeControls	apply=0
00403D50	disabled	FUN_00678870	apply=0
00403D55	disabled	FUN_005f0360	apply=0
00403D5A	disabled	FUN_004cfff0	apply=0
00403D5F	disabled	CGenerate::sub_00696740	apply=0
00403D64	disabled	SIDTy::NoneSID	apply=0
00403D69	disabled	FUN_004dd7c0	apply=0
00403D6E	disabled	FUN_004d6eb0	apply=0
00403D78	disabled	HelpPanelTy::DrawObj	apply=0
00403D7D	disabled	CPanelTy::sub_005050B0	apply=0
00403D82	disabled	FUN_0064ebe0	apply=0
00403D87	disabled	FUN_004c2dd0	apply=0
00403D8C	disabled	STExplosionC::CreateGroupPart	apply=0
00403D91	disabled	FUN_0069f160	apply=0
00403D96	disabled	SAMPanelTy::DoneSAMPanel	apply=0
00403D9B	disabled	STAllPlayersC::RegisterPGPair	apply=0
00403DA0	disabled	BehPanelTy::Update	apply=0
00403DA5	disabled	FUN_0062e170	apply=0
00403DAA	disabled	DebugSystemC::CreateSystemObjects	apply=0
00403DAF	disabled	FUN_004d0900	apply=0
00403DB4	disabled	MTaskTy::OutGlassTxtProc	apply=0
00403DB9	disabled	UpgPanelTy::ShiftControls	apply=0
00403DBE	disabled	FUN_004e9650	apply=0
00403DC3	disabled	FUN_00603470	apply=0
00403DC8	disabled	FUN_006027f0	apply=0
00403DCD	disabled	FUN_005ff430	apply=0
00403DD7	disabled	InfocPanelTy::PaintInfocObj	apply=0
00403DDC	disabled	FUN_00635a40	apply=0
00403DE1	disabled	FUN_004e2340	apply=0
00403DE6	disabled	FUN_00680070	apply=0
00403DEB	disabled	FUN_005672a0	apply=0
00403DF0	disabled	STBoatC::sub_00460360	apply=0
00403DF5	disabled	FUN_00681540	apply=0
00403DFA	disabled	FUN_00626d70	apply=0
00403DFF	disabled	FUN_00428a10	apply=0
00403E04	disabled	AiTactClassTy::GiveObjByClaim	apply=0
00403E09	disabled	FUN_0063f790	apply=0
00403E0E	disabled	FUN_004ddba0	apply=0
00403E13	disabled	FUN_004210c0	apply=0
00403E18	disabled	FUN_0064df70	apply=0
00403E1D	disabled	SubmarineTitans::Recovered::HiddenThis::AnonReceiver_004248D0::FUN_00424e10	apply=0
00403E22	disabled	FUN_00601d10	apply=0
00403E27	disabled	SubmarineTitans::Recovered::HiddenThis::AnonReceiver_005FDB50::FUN_005fdb50	apply=0
00403E2C	disabled	FUN_006202b0	apply=0
00403E31	disabled	STAllPlayersC::AddObjToTmp2	apply=0
00403E36	disabled	FUN_0067eea0	apply=0
00403E3B	disabled	FUN_006519e0	apply=0
00403E40	disabled	FUN_004c6b50	apply=0
00403E45	disabled	FUN_0054cfa0	apply=0
00403E4A	disabled	FUN_0058e440	apply=0
00403E4F	disabled	CPanelTy::PaintMineInf	apply=0
00403E54	disabled	FUN_0060c320	apply=0
00403E59	disabled	STColl3C::sub_005F66F0	apply=0
00403E5E	disabled	FUN_005da310	apply=0
00403E63	disabled	FUN_00553910	apply=0
00403E68	disabled	AiTactClassTy::sub_00690230	apply=0
00403E6D	disabled	FUN_0061bdb0	apply=0
00403E72	disabled	FUN_006a19d0	apply=0
00403E77	disabled	FUN_005f9ff0	apply=0
00403E7C	disabled	MTestTy::PaintMTest	apply=0
00403E81	disabled	STManRub3C::sub_0062E130	apply=0
00403E86	disabled	FUN_005713b0	apply=0
00403E8B	disabled	FUN_00496a90	apply=0
00403E90	disabled	FUN_004b6fc0	apply=0
00403E95	disabled	FSGSTy::CreateGame	apply=0
00403E9A	disabled	FUN_005f09b0	apply=0
00403EA4	disabled	ProdPanelTy::PaintTab	apply=0
00403EA9	disabled	FUN_0067ffa0	apply=0
00403EAE	disabled	STManBasisC::sub_005F2110	apply=0
00403EB3	disabled	FUN_0048dcf0	apply=0
00403EB8	disabled	STBoatC::ToDok	apply=0
00403EBD	disabled	STGameObjC::GetMessage	apply=0
00403EC2	disabled	FUN_0067fff0	apply=0
00403EC7	disabled	FUN_0055d590	apply=0
00403ECC	disabled	ProdPanelTy::DoneProdPanel	apply=0
00403ED1	disabled	CPanelTy::PaintPerResSI	apply=0
00403ED6	disabled	FUN_004ac660	apply=0
00403EDB	disabled	STRubbishC::sub_0062FCA0	apply=0
00403EE0	disabled	OptPanelTy::CreateSlider	apply=0
00403EE5	disabled	FUN_006838b0	apply=0
00403EEA	disabled	FUN_0062e550	apply=0
00403EEF	disabled	MainMenuTy::LightPalette	apply=0
00403EF4	disabled	BaseSystemC::CreateSystemObjects	apply=0
00403EF9	disabled	HelpPanelTy::DrawTitle	apply=0
00403EFE	disabled	TLOBaseTy::sub_004C4550	apply=0
00403F03	disabled	FUN_004b0d10	apply=0
00403F08	disabled	FUN_006821d0	apply=0
00403F0D	disabled	STAllPlayersC::DelObjsFromTmp	apply=0
00403F12	disabled	FUN_005f13c0	apply=0
00403F17	disabled	HelpPanelTy::DrawWeapon	apply=0
00403F1C	disabled	FUN_004ab300	apply=0
00403F21	disabled	FUN_00697af0	apply=0
00403F26	disabled	FUN_0055c050	apply=0
00403F2B	disabled	CreateArbiter	apply=0
00403F30	disabled	FUN_0067f0f0	apply=0
00403F35	disabled	STVolcanoC::sub_00646D40	apply=0
00403F3A	disabled	STExplosion::sub_00604120	apply=0
00403F3F	disabled	FUN_006a29b0	apply=0
00403F44	disabled	CreateOpponentList	apply=0
00403F49	disabled	FUN_004ddcc0	apply=0
00403F4E	disabled	FUN_0065ef70	apply=0
00403F53	disabled	VisibleClassTy::sub_00558C00	apply=0
00403F58	disabled	FUN_00423320	apply=0
00403F5D	disabled	FUN_005ec640	apply=0
00403F62	disabled	FUN_004ecdd0	apply=0
00403F67	disabled	FUN_0056a840	apply=0
00403F6C	disabled	FUN_00660620	apply=0
00403F71	disabled	FUN_006139a0	apply=0
00403F76	disabled	FUN_00581120	apply=0
00403F7B	disabled	AiFltClassTy::AppendPoint	apply=0
00403F80	disabled	STGroupBoatC::ReMakePatrolPoints	apply=0
00403F85	disabled	STBoatC::BackLoadObj	apply=0
00403F8A	disabled	FUN_005f9f70	apply=0
00403F8F	disabled	FUN_004e5cc0	apply=0
00403F94	disabled	TLOBaseTy::SetActivity	apply=0
00403F99	disabled	FUN_00681e60	apply=0
00403F9E	disabled	FUN_0064fce0	apply=0
00403FA3	disabled	CreateInterSystem	apply=0
00403FA8	disabled	MMsgTy::SetMessage	apply=0
00403FAD	disabled	FSGSTy::NewGameCtrls	apply=0
00403FB2	disabled	TLOBaseTy::FUN_004be0f0	apply=0
00403FB7	disabled	SettMapTy::DoneSettMap	apply=0
00403FBC	disabled	OptPanelTy::PrepFiles	apply=0
00403FC1	disabled	FUN_00411260	apply=0
00403FC6	disabled	FUN_005ecd70	apply=0
00403FCB	disabled	CreateInfocPanel	apply=0
00403FD0	disabled	FUN_00416350	apply=0
00403FD5	disabled	FUN_00580f50	apply=0
00403FDA	disabled	FUN_004aceb0	apply=0
00403FDF	disabled	FUN_006457e0	apply=0
00403FE4	disabled	FUN_0060bdd0	apply=0
00403FE9	disabled	FUN_0052a770	apply=0
00403FEE	disabled	FUN_00501d00	apply=0
00403FF3	disabled	CGenerate::sub_006991C0	apply=0
00403FF8	disabled	FUN_00681280	apply=0
00403FFD	disabled	FUN_005ed1c0	apply=0
00404002	disabled	CGenerate::sub_00697390	apply=0
00404007	disabled	CGenerate::sub_006964F0	apply=0
0040400C	disabled	FUN_006945c0	apply=0
00404011	disabled	CursorClassTy::DelOpticAcc	apply=0
00404016	disabled	SAMPanelTy::ShiftControls	apply=0
0040401B	disabled	FUN_0061e770	apply=0
00404020	disabled	FUN_0067fb40	apply=0
00404025	disabled	FUN_0069ac20	apply=0
0040402A	disabled	CPanelTy::OutProc	apply=0
0040402F	disabled	FUN_00575460	apply=0
00404034	disabled	VisibleClassTy::VisHoleExec	apply=0
00404039	disabled	FUN_0055d910	apply=0
0040403E	disabled	CreateUpgPanel	apply=0
00404043	disabled	FUN_00589970	apply=0
00404048	disabled	FUN_004da390	apply=0
0040404D	disabled	FUN_004b7aa0	apply=0
00404052	disabled	FUN_00601db0	apply=0
00404057	disabled	FUN_0055d410	apply=0
00404061	disabled	TLOEmbryoTy::sub_004D10A0	apply=0
00404066	disabled	FUN_006a3840	apply=0
0040406B	disabled	FUN_00492550	apply=0
00404070	disabled	FUN_005f9050	apply=0
00404075	disabled	FUN_0067f5b0	apply=0
0040407A	disabled	FUN_0040bc90	apply=0
0040407F	disabled	StartSystemTy::OutBmpProc	apply=0
00404084	disabled	ChooseMapTy::sub_005AE950	apply=0
00404089	disabled	FUN_00636750	apply=0
0040408E	disabled	FUN_00674d20	apply=0
00404093	disabled	STMineSetC::sub_00627400	apply=0
00404098	disabled	STAllPlayersC::AddObjToTmp	apply=0
0040409D	disabled	CreateMainMenu	apply=0
004040A7	disabled	VisibleClassTy::sub_0055AD00	apply=0
004040AC	disabled	FUN_006a2bf0	apply=0
004040B1	disabled	InfocPanelTy::InitInfocPanel	apply=0
004040B6	disabled	FUN_0048dcc0	apply=0
004040BB	disabled	STGroupBoatC::GenSwitch	apply=0
004040C0	disabled	FUN_005ef490	apply=0
004040C5	disabled	FUN_00529500	apply=0
004040CA	disabled	TraksClassTy::TraksExec	apply=0
004040CF	disabled	FUN_0060ccf0	apply=0
004040D4	disabled	FUN_004cbad0	apply=0
004040D9	disabled	STManRub3C::GetMessage	apply=0
004040DE	disabled	MainMenuTy::sub_005B47E0	apply=0
004040E3	disabled	FUN_00638ca0	apply=0
004040ED	disabled	BehPanelTy::ShiftControls	apply=0
004040F2	disabled	AiTactClassTy::GiveObjByFltType	apply=0
004040F7	disabled	PopUpTy::Clear	apply=0
004040FC	disabled	CursorClassTy::sub_0054A8D0	apply=0
00404101	disabled	TLOBaseTy::sub_004CAFC0	apply=0
00404106	disabled	FUN_004b7080	apply=0
0040410B	disabled	FUN_00674fb0	apply=0
00404110	disabled	FUN_004d0fc0	apply=0
00404115	disabled	FUN_005f0410	apply=0
0040411F	disabled	FUN_0041c300	apply=0
00404124	disabled	CreateSTDest	apply=0
00404129	disabled	FUN_004f0a60	apply=0
0040412E	disabled	CreatePlrDataForBO	apply=0
00404133	disabled	FUN_005faff0	apply=0
00404138	disabled	FUN_004c2950	apply=0
0040413D	disabled	FUN_004e6a80	apply=0
00404142	disabled	_EnumRCField	apply=0
00404147	disabled	STMineSetC::sub_00622670	apply=0
0040414C	disabled	FUN_006a1370	apply=0
00404151	disabled	FUN_005f9e40	apply=0
00404156	disabled	CGenerate::sub_00695F70	apply=0
0040415B	disabled	CPanelTy::UpdateStackPanel	apply=0
00404160	disabled	FUN_004e9930	apply=0
00404165	disabled	FSGSTy::GetMessage	apply=0
0040416F	disabled	FUN_0055d4c0	apply=0
00404174	disabled	FUN_0064e780	apply=0
00404179	disabled	STDestC::sub_00602660	apply=0
0040417E	disabled	ChooseMapTy::DoneChooseMap	apply=0
00404183	disabled	STT3DSprC::LoadSequence	apply=0
00404188	disabled	WaitTy::InitWait	apply=0
0040418D	disabled	FSGSTy::sub_005A0C80	apply=0
00404192	disabled	FUN_0041d3e0	apply=0
00404197	disabled	FUN_006765b0	apply=0
0040419C	disabled	FUN_004e5d50	apply=0
004041A1	disabled	CGenerate::sub_00695F20	apply=0
004041A6	disabled	SettMapMTy::ChangePlayerCiv	apply=0
004041B0	disabled	MTaskTy::OutGlassATxtProc	apply=0
004041B5	disabled	PopUpTy::OutStr	apply=0
004041BA	disabled	CPanelTy::SetButStruct	apply=0
004041BF	disabled	FUN_0065dc00	apply=0
004041C4	disabled	FUN_0064eb20	apply=0
004041C9	disabled	FUN_00566e70	apply=0
004041CE	disabled	FUN_0044e1f0	apply=0
004041D3	disabled	FUN_006a2ed0	apply=0
004041D8	disabled	_GetEmbrTobjGrpExch	apply=0
004041E2	disabled	FUN_004231c0	apply=0
004041E7	disabled	FUN_00410dc0	apply=0
004041EC	disabled	FUN_00683220	apply=0
004041F1	disabled	FUN_00493bc0	apply=0
004041F6	disabled	TLOEmbryoTy::sub_00419CF0	apply=0
004041FB	disabled	FUN_00647b40	apply=0
00404200	disabled	AiFltClassTy::_AddObjFlt	apply=0
00404205	disabled	FUN_0065d120	apply=0
0040420A	disabled	FUN_006a2920	apply=0
0040420F	disabled	FUN_0052a320	apply=0
00404214	disabled	TLOBaseTy::FUN_004be140	apply=0
00404219	disabled	FUN_004e8f90	apply=0
0040421E	disabled	FUN_004e5af0	apply=0
00404223	disabled	FUN_005ef4b0	apply=0
00404228	disabled	AiPlrClassTy::sub_0067BEF0	apply=0
0040422D	disabled	STPlaySystemC::SetCtrlCmd	apply=0
00404232	disabled	FUN_00419db0	apply=0
00404237	disabled	FUN_00682850	apply=0
0040423C	disabled	CreateMAdv	apply=0
00404241	disabled	ProdPanelTy::InitProdPanel	apply=0
00404246	disabled	FrmPanelTy::GetMessage	apply=0
0040424B	disabled	FUN_00490ca0	apply=0
00404250	disabled	FUN_00604820	apply=0
00404255	disabled	CreateAssistantList	apply=0
0040425A	disabled	FUN_005537d0	apply=0
0040425F	disabled	PlayPanelTy::SetPanel	apply=0
00404264	disabled	STT3DSprC::StopShow	apply=0
00404269	disabled	FSGSTy::AddPlayer	apply=0
0040426E	disabled	FUN_00650f50	apply=0
00404273	disabled	FUN_0067fca0	apply=0
0040427D	disabled	FSGSTy::DeleteCtrls	apply=0
00404282	disabled	FUN_006a21f0	apply=0
00404287	disabled	FUN_006904d0	apply=0
0040428C	disabled	FUN_004de410	apply=0
00404291	disabled	VisibleClassTy::sub_00559D60	apply=0
00404296	disabled	PlayPanelTy::DonePlayPanel	apply=0
0040429B	disabled	PrividerTy::NonePrivider	apply=0
004042A0	disabled	STBoatC::sub_004952E0	apply=0
004042A5	disabled	FUN_005defe0	apply=0
004042AF	disabled	FUN_004ac910	apply=0
004042B4	disabled	ChooseMapTy::ShowDescription	apply=0
004042B9	disabled	FUN_00572920	apply=0
004042BE	disabled	BehPanelTy::PaintBBut	apply=0
004042C3	disabled	FUN_00624000	apply=0
004042C8	disabled	STGameObjC::SetSelfCheckFlag	apply=0
004042CD	disabled	FUN_0067fdf0	apply=0
004042D2	disabled	MMMObjTy::OutBSlProc	apply=0
004042D7	disabled	FUN_006830f0	apply=0
004042DC	disabled	FUN_004d5470	apply=0
004042E1	disabled	FUN_00627e80	apply=0
004042E6	disabled	StartSystemTy::DoneSystem	apply=0
004042EB	disabled	FUN_00614400	apply=0
004042F5	disabled	FUN_004658d0	apply=0
004042FF	disabled	FUN_005fcdc0	apply=0
00404304	disabled	FUN_0055db70	apply=0
00404309	disabled	FUN_004e8230	apply=0
0040430E	disabled	FUN_00695140	apply=0
00404313	disabled	FUN_004aa6a0	apply=0
00404318	disabled	SubmarineTitans::Recovered::HiddenThis::AnonReceiver_004167A0::FUN_00418030	apply=0
0040431D	disabled	BldObjPanelTy::PaintBldBut	apply=0
00404322	disabled	HelpPanelTy::sub_0051DA70	apply=0
00404327	disabled	FrmPanelTy::Update	apply=0
0040432C	disabled	FUN_0054cf70	apply=0
00404331	disabled	FUN_0065e3b0	apply=0
00404336	disabled	FUN_004d87b0	apply=0
0040433B	disabled	FUN_00637350	apply=0
00404340	disabled	STGroupC::SetAVPar	apply=0
0040434A	disabled	AiEventClassTy::_CreateMine	apply=0
0040434F	disabled	PausePanelTy::InitPausePanel	apply=0
00404354	disabled	FUN_006a0ef0	apply=0
00404359	disabled	FUN_0067a390	apply=0
0040435E	disabled	FUN_00636060	apply=0
00404363	disabled	SettMapMTy::PrepPlList	apply=0
00404368	disabled	FUN_00411e50	apply=0
0040436D	disabled	FUN_00682300	apply=0
00404372	disabled	FUN_004cd3b0	apply=0
00404377	disabled	FUN_005ee670	apply=0
0040437C	disabled	FUN_00580700	apply=0
00404381	disabled	cLoadingTy::DrawLine	apply=0
00404386	disabled	FUN_00664650	apply=0
0040438B	disabled	SpecPanelTy::SwitchPanel	apply=0
00404390	disabled	FUN_004e42e0	apply=0
00404395	disabled	FUN_004d0f00	apply=0
0040439A	disabled	FUN_0068fa00	apply=0
0040439F	disabled	FUN_0057b990	apply=0
004043A4	disabled	FUN_00492b20	apply=0
004043A9	disabled	FUN_0055de60	apply=0
004043AE	disabled	CreateHelpString	apply=0
004043B3	disabled	FUN_00696c40	apply=0
004043BD	disabled	FUN_0058d720	apply=0
004043C2	disabled	FUN_0064ed70	apply=0
004043C7	disabled	CreateBaseSystem	apply=0
004043CC	disabled	FUN_0063cc50	apply=0
004043D1	disabled	FUN_005f0310	apply=0
004043D6	disabled	FUN_0067d0a0	apply=0
004043DB	disabled	FUN_005501d0	apply=0
004043E0	disabled	FUN_00486b40	apply=0
004043E5	disabled	FUN_00683120	apply=0
004043EA	disabled	STMineSetC::FUN_00626ea0	apply=0
004043EF	disabled	FUN_004dd770	apply=0
004043F4	disabled	WaitTy::PaintWait	apply=0
004043F9	disabled	FUN_004e4330	apply=0
004043FE	disabled	FUN_00674c40	apply=0
00404403	disabled	FUN_00683c70	apply=0
00404408	disabled	FUN_004dfb00	apply=0
0040440D	disabled	STAllPlayersC::RegisterArtefact	apply=0
00404412	disabled	FUN_004d88f0	apply=0
00404417	disabled	CGenerate::SaveMap	apply=0
0040441C	disabled	FUN_0062d2d0	apply=0
00404421	disabled	FSGSTy::LadderCtrls	apply=0
00404426	disabled	FUN_00672b60	apply=0
0040442B	disabled	CreateSndUnderAttMeneg	apply=0
00404430	disabled	FUN_004ce720	apply=0
00404435	disabled	FUN_0068f8f0	apply=0
0040443A	disabled	OptPanelTy::PrepMissObj	apply=0
0040443F	disabled	FUN_0041af10	apply=0
00404444	disabled	FUN_0041ad80	apply=0
00404449	disabled	FUN_00580380	apply=0
0040444E	disabled	DestroyBaseSystem	apply=0
00404453	disabled	STGroupBoatC::FUN_004a0ec0	apply=0
00404458	disabled	HelpPanelTy::GetMessage	apply=0
0040445D	disabled	STDestC::STDestC	apply=0
00404462	disabled	STArtiafactC::sub_005EBCB0	apply=0
00404467	disabled	FUN_004c5e30	apply=0
0040446C	disabled	FUN_00678580	apply=0
00404471	disabled	FUN_006820f0	apply=0
00404476	disabled	FUN_005fd360	apply=0
00404480	disabled	FUN_006a3420	apply=0
00404485	disabled	FUN_00682ec0	apply=0
0040448A	disabled	FUN_0055ddf0	apply=0
0040448F	disabled	FUN_004cba10	apply=0
00404494	disabled	FUN_00524fe0	apply=0
00404499	disabled	STAllPlayersC::GetTOBJImage	apply=0
0040449E	disabled	FUN_004dcb70	apply=0
004044A3	disabled	FUN_00502330	apply=0
004044AD	disabled	FUN_00497920	apply=0
004044B2	disabled	FUN_005808e0	apply=0
004044B7	disabled	FUN_004d6be0	apply=0
004044BC	disabled	AiPlrClassTy::sub_00678FC0	apply=0
004044C1	disabled	FUN_00651cd0	apply=0
004044CB	disabled	FUN_006405f0	apply=0
004044D0	disabled	WaitTy::NoneWait	apply=0
004044D5	disabled	TLOBldMark::GetMessage	apply=0
004044DA	disabled	FUN_00635bf0	apply=0
004044DF	disabled	FUN_004dd700	apply=0
004044E4	disabled	FUN_0043e420	apply=0
004044E9	disabled	FUN_005ebd80	apply=0
004044EE	disabled	STT3DSprC::sub_004ACF20	apply=0
004044F3	disabled	FUN_00449a90	apply=0
004044F8	disabled	FUN_0060bd30	apply=0
004044FD	disabled	FSGSTy::SetLadder	apply=0
00404502	disabled	FUN_006503b0	apply=0
00404507	disabled	FUN_004732d0	apply=0
0040450C	disabled	Library::MSVCRT::FUN_006a49c0	apply=0
00404511	disabled	AiTactClassTy::PrepareToSave	apply=0
00404516	disabled	SubmarineTitans::Recovered::HiddenThis::AnonReceiver_00601500::FUN_00601500	apply=0
0040451B	disabled	FUN_00660700	apply=0
00404520	disabled	FUN_00614c80	apply=0
00404525	disabled	FUN_006101b0	apply=0
0040452A	disabled	CampaignTy::DoneCampaign	apply=0
0040452F	disabled	FUN_00690610	apply=0
00404534	disabled	FUN_00619320	apply=0
00404539	disabled	CampaignTy::NoneCampaign	apply=0
0040453E	disabled	FUN_00605b60	apply=0
00404543	disabled	STBoatC::Build	apply=0
00404548	disabled	FUN_0067ff00	apply=0
0040454D	disabled	FSGSTy::InitFSGS	apply=0
00404552	disabled	FUN_00571320	apply=0
00404557	disabled	FUN_00495ea0	apply=0
0040455C	disabled	STBoatC::PrepareForLoading	apply=0
00404566	disabled	FUN_00615390	apply=0
0040456B	disabled	FUN_00691650	apply=0
00404570	disabled	FSGSTy::ChatCtrls	apply=0
00404575	disabled	FUN_00566f30	apply=0
0040457A	disabled	FUN_00631c20	apply=0
0040457F	disabled	FUN_0068e850	apply=0
00404584	disabled	FrmPanelTy::InitFrmPanel	apply=0
00404589	disabled	GameSystemC::InitSystem	apply=0
0040458E	disabled	MMObjTy::DoneMMObj	apply=0
00404593	disabled	ChooseMapTy::CloseButtons	apply=0
00404598	disabled	AiTactClassTy::ExecClaim	apply=0
0040459D	disabled	HoloTy::Init	apply=0
004045A2	disabled	FUN_004def50	apply=0
004045A7	disabled	STBoatC::FUN_004803d0	apply=0
004045AC	disabled	FUN_00416390	apply=0
004045B1	disabled	FUN_00680ee0	apply=0
004045B6	disabled	FUN_0041ade0	apply=0
004045BB	disabled	FUN_005803c0	apply=0
004045C0	disabled	FUN_004e5140	apply=0
004045C5	disabled	FUN_00423e30	apply=0
004045CA	disabled	CGenerate::CreateMap	apply=0
004045CF	disabled	FUN_00423200	apply=0
004045D4	disabled	FUN_005e6570	apply=0
004045D9	disabled	STT3DSprC::sub_004AD3C0	apply=0
004045DE	disabled	FUN_0041c340	apply=0
004045E3	disabled	FUN_00550830	apply=0
004045E8	disabled	STBoatC::DCBomb	apply=0
004045ED	disabled	FUN_00428e50	apply=0
004045F2	disabled	STAppC::InitApp	apply=0
004045FC	disabled	STPlaySystemC::AddToRep	apply=0
00404601	disabled	FUN_004db0a0	apply=0
00404606	disabled	FUN_0042b5b0	apply=0
0040460B	disabled	FUN_00424530	apply=0
00404610	disabled	FUN_00600110	apply=0
00404615	disabled	FUN_004d08c0	apply=0
0040461A	disabled	STManRuinC::sub_00630AC0	apply=0
0040461F	disabled	STT3DSprC::sub_004ACF90	apply=0
00404624	disabled	FUN_0041adb0	apply=0
00404629	disabled	TLOBaseTy::sub_0041D590	apply=0
0040462E	disabled	MMsgTy::HideSprites	apply=0
00404633	disabled	FUN_00693710	apply=0
00404638	disabled	cLoadingTy::sub_00555680	apply=0
0040463D	disabled	FUN_0060ec00	apply=0
00404642	disabled	FUN_0067ee70	apply=0
00404647	disabled	STAllPlayersC::PointPick	apply=0
0040464C	disabled	sub_0041C5A0	apply=0
00404651	disabled	FUN_004ea7e0	apply=0
00404656	disabled	FUN_004ea830	apply=0
0040465B	disabled	FUN_0067f820	apply=0
00404665	disabled	STSharkC::GetMessage	apply=0
0040466A	disabled	CreateStrategList	apply=0
0040466F	disabled	PausePanelTy::DonePausePanel	apply=0
00404674	disabled	STGroupBoatC::FUN_00499730	apply=0
00404679	disabled	FUN_005f04b0	apply=0
00404688	disabled	AiTactClassTy::sub_0068E480	apply=0
0040468D	disabled	FUN_00555880	apply=0
00404692	disabled	FUN_0052a280	apply=0
00404697	disabled	CPanelTy::PaintArsenal	apply=0
0040469C	disabled	FUN_004e6c20	apply=0
004046A1	disabled	SettMapMTy::AddPlList	apply=0
004046A6	disabled	FUN_0064ea10	apply=0
004046AB	disabled	STJumpMineC::sub_0061B340	apply=0
004046B0	disabled	FUN_00572ba0	apply=0
004046B5	disabled	STParticleC::sub_00629830	apply=0
004046BA	disabled	CPanelTy::GetMessage	apply=0
004046BF	disabled	CPanelTy::PaintCtrlObj	apply=0
004046C4	disabled	FUN_00602880	apply=0
004046C9	disabled	FUN_004c93e0	apply=0
004046CE	disabled	StartSystemTy::GetMessage	apply=0
004046D3	disabled	FUN_00651c60	apply=0
004046D8	disabled	cLoadingTy::InitParam	apply=0
004046DD	disabled	CreateSTManRub3	apply=0
004046E2	disabled	AiTactClassTy::HelpOrganize	apply=0
004046E7	disabled	CGenerate::sub_00698CA0	apply=0
004046EC	disabled	TradePanelTy::Update	apply=0
004046F1	disabled	FUN_005412b0	apply=0
004046F6	disabled	FUN_004e82b0	apply=0
004046FB	disabled	FUN_0067ff50	apply=0
00404700	disabled	FUN_00616a80	apply=0
00404705	disabled	FUN_006775e0	apply=0
0040470F	disabled	FUN_006042d0	apply=0
00404714	disabled	FUN_006048e0	apply=0
00404719	disabled	FUN_0062f940	apply=0
0040471E	disabled	SettMapMTy::RunGame	apply=0
00404723	disabled	FUN_005f03f0	apply=0
00404728	disabled	FUN_0062f6c0	apply=0
0040472D	disabled	STGroupBoatC::ChangeMDNotify	apply=0
00404732	disabled	FUN_006508c0	apply=0
00404737	disabled	STColl3C::FUN_005f6ec0	apply=0
0040473C	disabled	STBHEShellC::sub_005F3BF0	apply=0
00404741	disabled	AiTactClassTy::InitDistrObj	apply=0
00404746	disabled	FUN_00555600	apply=0
0040474B	disabled	FUN_00541f60	apply=0
00404755	disabled	FUN_0060ec40	apply=0
0040475A	disabled	InterSystemC::InterSystemC	apply=0
0040475F	disabled	FUN_004cf410	apply=0
00404769	disabled	FUN_005734c0	apply=0
0040476E	disabled	FUN_004ce670	apply=0
00404773	disabled	FUN_00680b50	apply=0
00404778	disabled	AiFltClassTy::sub_00664960	apply=0
0040477D	disabled	STContainerC::sub_005FC3E0	apply=0
00404787	disabled	FUN_004795e0	apply=0
0040478C	disabled	STTorpC::IsDangerous	apply=0
00404791	disabled	FUN_004d9fe0	apply=0
00404796	disabled	STBoatC::_SetSpeedFireLife	apply=0
0040479B	disabled	FUN_0060d390	apply=0
004047A0	disabled	STExplosion::sub_00605130	apply=0
004047A5	disabled	AiFltClassTy::AiFltClassTy	apply=0
004047AA	disabled	FUN_006518c0	apply=0
004047AF	disabled	FUN_00615860	apply=0
004047B4	disabled	Library::MSVCRT::FUN_006a4160	apply=0
004047BE	disabled	FUN_0062f0d0	apply=0
004047C3	disabled	FUN_00571a30	apply=0
004047CD	disabled	FUN_00650240	apply=0
004047D2	disabled	TLOFakeTy::TLOFakeTy	apply=0
004047D7	disabled	FUN_00621300	apply=0
004047DC	disabled	CPanelTy::PaintTab	apply=0
004047E1	disabled	FUN_0064e260	apply=0
004047E6	disabled	FUN_0069f5c0	apply=0
004047EB	disabled	FUN_0065e450	apply=0
004047F0	disabled	FUN_006a4910	apply=0
004047F5	disabled	FUN_00683040	apply=0
004047FA	disabled	FUN_004ec2a0	apply=0
004047FF	disabled	CPanelTy::OutProc	apply=0
00404804	disabled	STBHEShellC::sub_005F53A0	apply=0
00404809	disabled	SettMapMTy::InitSettMap	apply=0
0040480E	disabled	STBoatC::Bring	apply=0
00404813	disabled	STBoatC::SetMine	apply=0
00404818	disabled	TLOBldMark::sub_004C6440	apply=0
0040481D	disabled	FUN_004dff30	apply=0
00404822	disabled	CGenerate::sub_006A09F0	apply=0
0040482C	disabled	GameSystemC::GetMessage	apply=0
00404831	disabled	FUN_0055bdd0	apply=0
00404836	disabled	FUN_00646d00	apply=0
00404840	disabled	FUN_0056a4d0	apply=0
00404845	disabled	TraksClassTy::PrepareToSave	apply=0
0040484A	disabled	FUN_004b1040	apply=0
00404854	disabled	FUN_004ad0e0	apply=0
00404859	disabled	STGroupBoatC::GrpRepare	apply=0
0040485E	disabled	FUN_00678ba0	apply=0
00404863	disabled	FUN_0054eab0	apply=0
00404868	disabled	FUN_00627200	apply=0
00404872	disabled	FUN_00626bc0	apply=0
00404877	disabled	STJellyGunC::sub_00582530	apply=0
0040487C	disabled	FUN_004e0040	apply=0
00404881	disabled	MReportTy::PaintBut	apply=0
00404886	disabled	TLOBaseTy::sub_004EAA20	apply=0
0040488B	disabled	FUN_0040e0f0	apply=0
00404890	disabled	FUN_00650600	apply=0
00404895	disabled	TLOBaseTy::sub_004CFA00	apply=0
0040489A	disabled	FUN_0060cbe0	apply=0
0040489F	disabled	FUN_00647d90	apply=0
004048A4	disabled	FUN_00651120	apply=0
004048A9	disabled	FUN_00636230	apply=0
004048AE	disabled	FUN_0062db50	apply=0
004048B3	disabled	FUN_00572510	apply=0
004048B8	disabled	TLOBaseTy::sub_004CBF30	apply=0
004048BD	disabled	CreateMoney	apply=0
004048C2	disabled	FUN_00428dc0	apply=0
004048C7	disabled	CPanelTy::PaintName	apply=0
004048CC	disabled	FUN_004c3480	apply=0
004048D1	disabled	FUN_004c7730	apply=0
004048D6	disabled	SettMapMTy::DoneSettMap	apply=0
004048DB	disabled	FUN_004b7240	apply=0
004048E0	disabled	FUN_0064e510	apply=0
004048E5	disabled	FUN_00683590	apply=0
004048EA	disabled	STLBombC::GetMessage	apply=0
004048EF	disabled	FUN_004b8c80	apply=0
004048F4	disabled	TradePanelTy::PaintIndicators	apply=0
004048F9	disabled	STGameObjC::MoveStep	apply=0
004048FE	disabled	TraksClassTy::TraksCreateCollection	apply=0
00404903	disabled	FUN_005ef5f0	apply=0
00404908	disabled	STBoatC::sub_0048DFD0	apply=0
0040490D	disabled	STJumpMineC::sub_00619350	apply=0
00404912	disabled	FUN_004d8190	apply=0
00404917	disabled	STColl3C::GetMessage	apply=0
0040491C	disabled	FUN_0067f260	apply=0
00404921	disabled	FUN_004dcbc0	apply=0
00404926	disabled	FUN_004cc7f0	apply=0
0040492B	disabled	STResourceC::sub_005802A0	apply=0
00404930	disabled	FUN_00584d10	apply=0
0040493A	disabled	FUN_004620f0	apply=0
0040493F	disabled	FUN_00680040	apply=0
00404944	disabled	FUN_006729f0	apply=0
00404949	disabled	MoneyTy::sub_0052B8F0	apply=0
0040494E	disabled	STAllPlayersC::_ChangeMD	apply=0
00404953	disabled	FUN_00683560	apply=0
00404958	disabled	FUN_006812d0	apply=0
0040495D	disabled	SettMapMTy::DeletePlayer	apply=0
00404962	disabled	PlayPanelTy::InitPlayPanel	apply=0
00404967	disabled	FUN_004137f0	apply=0
0040496C	disabled	CGenerate::sub_006975F0	apply=0
00404971	disabled	FUN_004e95c0	apply=0
00404976	disabled	FUN_0067fd20	apply=0
0040497B	disabled	FUN_004d76e0	apply=0
00404980	disabled	FUN_006814a0	apply=0
00404985	disabled	STGroupBoatC::ReMakePVecAndTgtList	apply=0
0040498A	disabled	STT3DSprC::UnLoadSequence	apply=0
0040498F	disabled	FUN_004e2040	apply=0
00404994	disabled	FUN_0055c590	apply=0
00404999	disabled	FUN_004ad6c0	apply=0
0040499E	disabled	MMObjTy::PaintSprBut	apply=0
004049A8	disabled	FUN_00676c40	apply=0
004049AD	disabled	FUN_004d8f80	apply=0
004049B2	disabled	FUN_00651900	apply=0
004049B7	disabled	GetPlayerRaceId	apply=0
004049BC	disabled	STManBasisC::sub_005F2330	apply=0
004049C1	disabled	FUN_006829b0	apply=0
004049C6	disabled	FUN_004d7bd0	apply=0
004049CB	disabled	STBoatC::sub_00490570	apply=0
004049D0	disabled	FUN_005fb030	apply=0
004049D5	disabled	SettMapTy::PaintSettMap	apply=0
004049DA	disabled	FUN_0067a0c0	apply=0
004049DF	disabled	FSGSTy::sub_005A39A0	apply=0
004049E4	disabled	FUN_00483880	apply=0
004049E9	disabled	FUN_005ee3f0	apply=0
004049EE	disabled	FUN_00635fd0	apply=0
004049F3	disabled	FUN_00681ca0	apply=0
004049F8	disabled	FUN_0062b420	apply=0
004049FD	disabled	FUN_00627db0	apply=0
00404A02	disabled	FUN_0060a4b0	apply=0
00404A07	disabled	FUN_00630340	apply=0
00404A0C	disabled	CPanelTy::sub_004FAFF0	apply=0
00404A11	disabled	TLOBaseTy::sub_004C96E0	apply=0
00404A16	disabled	FUN_004f4640	apply=0
00404A1B	disabled	FUN_004e48d0	apply=0
00404A20	disabled	SubmarineTitans::Recovered::HiddenThis::AnonReceiver_0065DA50::FUN_0065da50	apply=0
00404A25	disabled	FUN_00424710	apply=0
00404A2A	disabled	FUN_005dab70	apply=0
00404A2F	disabled	FUN_004be240	apply=0
00404A3E	disabled	FUN_00496250	apply=0
00404A43	disabled	CGenerate::sub_0069FF90	apply=0
00404A48	disabled	FUN_004dea40	apply=0
00404A4D	disabled	FUN_0058f1e0	apply=0
00404A52	disabled	FUN_0052a030	apply=0
00404A57	disabled	FUN_0067f4f0	apply=0
00404A5C	disabled	VisibleClassTy::InitData	apply=0
00404A66	disabled	FUN_0052a390	apply=0
00404A6B	disabled	FUN_0068e3c0	apply=0
00404A70	disabled	SIDTy::GetMessage	apply=0
00404A75	disabled	FSGSTy::ChangePlayer	apply=0
00404A7A	disabled	STParticleC::sub_00629F20	apply=0
00404A7F	disabled	FUN_0062b830	apply=0
00404A84	disabled	SettMapMTy::UpdatePing	apply=0
00404A89	disabled	SettMapMTy::SendDesc	apply=0
00404A8E	disabled	SAMPanelTy::Update	apply=0
00404A93	disabled	FUN_00698db0	apply=0
00404A98	disabled	CreateSTShark	apply=0
00404A9D	disabled	FUN_004e22f0	apply=0
00404AA2	disabled	STAppC::ReadCmdPlay	apply=0
00404AA7	disabled	FUN_0062d7d0	apply=0
00404AAC	disabled	FUN_0062b300	apply=0
00404AB6	disabled	FUN_004e1eb0	apply=0
00404ABB	disabled	STAllPlayersC::GetObjsList	apply=0
00404AC0	disabled	FUN_00647c10	apply=0
00404AC5	disabled	FUN_004b7350	apply=0
00404ACA	disabled	STParticleC::sub_0062A370	apply=0
00404ACF	disabled	StartSystemTy::OutBmpProc	apply=0
00404AD4	disabled	FUN_004c6d00	apply=0
00404AD9	disabled	PanelTy::DonePanel	apply=0
00404AE3	disabled	STColl3C::sub_005F9450	apply=0
00404AE8	disabled	FUN_004d9620	apply=0
00404AED	disabled	FUN_00694200	apply=0
00404AF2	disabled	STManRub3C::AddNewRub3	apply=0
00404AF7	disabled	TradePanelTy::sub_00552160	apply=0
00404AFC	disabled	FUN_004dc4b0	apply=0
00404B01	disabled	CreateBehPanel	apply=0
00404B06	disabled	FUN_00682fe0	apply=0
00404B0B	disabled	FUN_00606fd0	apply=0
00404B10	disabled	FUN_00621090	apply=0
00404B15	disabled	STPlaySystemC::sub_00550190	apply=0
00404B1A	disabled	STGroupBoatC::SetPatrolCmdToBoat	apply=0
00404B1F	disabled	FUN_0067f740	apply=0
00404B24	disabled	FUN_006308b0	apply=0
00404B29	disabled	FUN_00528060	apply=0
00404B2E	disabled	cLoadingTy::new	apply=0
00404B33	disabled	STBoatC::FUN_0044edc0	apply=0
00404B38	disabled	CreateSTAlga	apply=0
00404B3D	disabled	AiFltClassTy::sub_0065D6A0	apply=0
00404B42	disabled	CPanelTy::DoneCPanel	apply=0
00404B47	disabled	SndUnderAttMenegC::sub_0061FCC0	apply=0
00404B4C	disabled	STAppC::sub_0056E9E0	apply=0
00404B51	disabled	MMsgTy::StatePanel	apply=0
00404B56	disabled	FUN_00491980	apply=0
00404B5B	disabled	FUN_004cc810	apply=0
00404B60	disabled	FUN_00647370	apply=0
00404B65	disabled	FUN_004ac950	apply=0
00404B6A	disabled	TLOBaseTy::sub_004C90C0	apply=0
00404B6F	disabled	FUN_00639c90	apply=0
00404B74	disabled	STMineSetC::sub_00622BA0	apply=0
00404B79	disabled	FUN_00574920	apply=0
00404B7E	disabled	FUN_00616400	apply=0
00404B83	disabled	FUN_005dac60	apply=0
00404B88	disabled	FUN_00627a60	apply=0
00404B8D	disabled	FUN_004d8b70	apply=0
00404B92	disabled	FSGSTy::Finished	apply=0
00404B97	disabled	STAllPlayersC::CreateBoat	apply=0
00404B9C	disabled	FUN_005fe990	apply=0
00404BA1	disabled	CPanelTy::sub_004F1610	apply=0
00404BA6	disabled	FUN_0060d300	apply=0
00404BAB	disabled	STAppC::StartGame	apply=0
00404BB0	disabled	FUN_0048df40	apply=0
00404BB5	disabled	FUN_0044e660	apply=0
00404BBA	disabled	FUN_00627670	apply=0
00404BBF	disabled	BehPanelTy::GetMessage	apply=0
00404BC4	disabled	STAllPlayersC::UnRegisterTorpedo	apply=0
00404BC9	disabled	TLOEmbryoTy::sub_00419C70	apply=0
00404BCE	disabled	FUN_00417f30	apply=0
00404BD3	disabled	FUN_00553e20	apply=0
00404BD8	applied	SoundClassTy::PlaySound	name=released_to_dynamic_target(SoundClassTy::PlaySound)
00404BE2	disabled	FUN_004accd0	apply=0
00404BE7	disabled	FUN_00681670	apply=0
00404BEC	disabled	FUN_0062db10	apply=0
00404BF1	disabled	FUN_005b6730	apply=0
00404BF6	disabled	STJellyManC::Error	apply=0
00404C00	disabled	STAllPlayersC::GetCursorType	apply=0
00404C05	disabled	FUN_0064f700	apply=0
00404C0A	disabled	FUN_0060e470	apply=0
00404C0F	disabled	ChooseMapTy::sub_005B5BE0	apply=0
00404C14	disabled	FUN_006a1eb0	apply=0
00404C19	disabled	FUN_00620c50	apply=0
00404C1E	disabled	FUN_00693ad0	apply=0
00404C23	disabled	FUN_004e22a0	apply=0
00404C28	disabled	FUN_00648530	apply=0
00404C2D	disabled	StartServTy::WrTextDDX	apply=0
00404C32	disabled	FUN_0064e960	apply=0
00404C37	disabled	FUN_00604a00	apply=0
00404C3C	disabled	FUN_00630110	apply=0
00404C41	disabled	AiFltClassTy::sub_0065D720	apply=0
00404C46	disabled	STBHEShellC::sub_005F5D10	apply=0
00404C4B	disabled	FUN_00497850	apply=0
00404C50	disabled	FUN_00678950	apply=0
00404C55	disabled	FUN_0043fc50	apply=0
00404C5A	disabled	FUN_004be3d0	apply=0
00404C5F	disabled	MMObjTy::PaintButDib	apply=0
00404C64	disabled	FUN_005c2760	apply=0
00404C69	disabled	InfocPanelTy::PaintInfoc	apply=0
00404C6E	disabled	FUN_00613140	apply=0
00404C73	disabled	FUN_00678890	apply=0
00404C78	disabled	FUN_0062d550	apply=0
00404C7D	disabled	CPanelTy::PaintDamageXY	apply=0
00404C82	disabled	FUN_0069c8b0	apply=0
00404C87	disabled	FUN_005ef5d0	apply=0
00404C8C	disabled	PrividerTy::CloseButtons	apply=0
00404C91	disabled	STBoatC::UnLoadRC	apply=0
00404C96	disabled	FUN_004cf640	apply=0
00404C9B	disabled	FUN_004c21a0	apply=0
00404CA0	disabled	STExplosion::sub_00606050	apply=0
00404CA5	disabled	STT3DSprC::RestoreSpr	apply=0
00404CAA	disabled	FUN_00652100	apply=0
00404CAF	disabled	STTorpC::GetMessage	apply=0
00404CB4	disabled	FUN_00660910	apply=0
00404CB9	disabled	FUN_005783f0	apply=0
00404CBE	disabled	FUN_00555840	apply=0
00404CC3	disabled	FUN_00680530	apply=0
00404CC8	disabled	FUN_0063c030	apply=0
00404CCD	disabled	FUN_004960d0	apply=0
00404CD2	disabled	FUN_004e15f0	apply=0
00404CD7	disabled	FUN_0048fa80	apply=0
00404CDC	disabled	STAllPlayersC::FUN_005ec370	apply=0
00404CE1	disabled	CampaignTy::sub_005925A0	apply=0
00404CEB	disabled	FUN_004aaf60	apply=0
00404CF5	disabled	FUN_006a1620	apply=0
00404CFA	disabled	STGroupBoatC::SetOrderData	apply=0
00404CFF	disabled	STBoatC::Scout	apply=0
00404D04	disabled	FUN_004d8530	apply=0
00404D09	disabled	JumpManagC::sub_006179D0	apply=0
00404D0E	disabled	STOctopusC::Bad	apply=0
00404D13	disabled	FUN_006a5210	apply=0
00404D18	disabled	FUN_006950f0	apply=0
00404D1D	disabled	HelpPanelTy::sub_00514BC0	apply=0
00404D22	disabled	FUN_00495e50	apply=0
00404D2C	disabled	CreateTLOBldMark	apply=0
00404D31	disabled	FUN_0067b2e0	apply=0
00404D36	disabled	SpecPanelTy::ShiftControls	apply=0
00404D3B	disabled	FUN_004961b0	apply=0
00404D40	disabled	STAllPlayersC::FramePick	apply=0
00404D45	disabled	ChooseMapTy::sub_005AE840	apply=0
00404D4A	disabled	FUN_0067f460	apply=0
00404D4F	disabled	FUN_005faee0	apply=0
00404D54	disabled	FUN_00675950	apply=0
00404D5E	disabled	FUN_006a24e0	apply=0
00404D63	disabled	FUN_00486b60	apply=0
00404D68	disabled	STArtiafactC::GetMessage	apply=0
00404D6D	disabled	FUN_00624570	apply=0
00404D72	disabled	StartSystemTy::PaintBinDesc	apply=0
00404D77	disabled	STDestC::sub_006025D0	apply=0
00404D7C	disabled	SettMapSTy::GetMessage	apply=0
00404D81	disabled	FUN_005808a0	apply=0
00404D86	disabled	FUN_004d2760	apply=0
00404D8B	disabled	cLoadingTy::SetProcess	apply=0
00404D90	disabled	FUN_00672f00	apply=0
00404D95	disabled	FUN_0052a1e0	apply=0
00404D9A	disabled	FUN_00647b80	apply=0
00404D9F	disabled	FUN_004d9b20	apply=0
00404DA4	disabled	FUN_00681d20	apply=0
00404DA9	disabled	_GetStaffGrpExch	apply=0
00404DAE	disabled	FUN_004eef20	apply=0
00404DB3	disabled	FUN_00682cf0	apply=0
00404DB8	disabled	FUN_005b66e0	apply=0
00404DBD	disabled	STGroupBoatC::FUN_004996f0	apply=0
00404DC2	disabled	FUN_004e7eb0	apply=0
00404DC7	disabled	FUN_004a9990	apply=0
00404DCC	disabled	STBoatC::Guard	apply=0
00404DD1	disabled	FUN_00419a90	apply=0
00404DDB	disabled	FUN_0054cdd0	apply=0
00404DE0	disabled	VisibleClassTy::sub_0055A110	apply=0
00404DE5	disabled	FUN_0041abc0	apply=0
00404DEA	disabled	TLOBaseTy::FUN_004be220	apply=0
00404DF4	disabled	CGenerate::sub_006978C0	apply=0
00404DF9	disabled	STBoatC::CheckPBoxCmd	apply=0
00404DFE	disabled	FUN_004e1f70	apply=0
00404E03	disabled	FUN_0041d800	apply=0
00404E08	disabled	STBoatC::WaitLoad	apply=0
00404E0D	disabled	STBHEShellC::sub_005F5E30	apply=0
00404E12	disabled	TLOBaseTy::sub_004DF9F0	apply=0
00404E17	disabled	TLOBaseTy::ReloadLogoPlane	apply=0
00404E1C	disabled	STBoatC::LoadObj	apply=0
00404E21	disabled	FUN_0068e220	apply=0
00404E26	disabled	FUN_00683600	apply=0
00404E2B	disabled	CreateSTMineSet	apply=0
00404E30	disabled	FUN_004d6d30	apply=0
00404E35	disabled	FUN_00553a70	apply=0
00404E3A	disabled	FUN_0064eb60	apply=0
00404E3F	disabled	TLOEmbryoTy::GetMessage	apply=0
00404E44	disabled	FUN_00690550	apply=0
00404E49	disabled	FUN_005db030	apply=0
00404E53	disabled	TLOBaseTy::sub_004CC330	apply=0
00404E58	disabled	FUN_00490d90	apply=0
00404E5D	disabled	VisibleClassTy::sub_005F1D80	apply=0
00404E62	disabled	FUN_00620a00	apply=0
00404E67	disabled	FUN_00430910	apply=0
00404E6C	disabled	STBHEShellC::sub_005F5B80	apply=0
00404E71	disabled	FUN_00691690	apply=0
00404E76	disabled	FUN_004df3b0	apply=0
00404E7B	disabled	FUN_00681f50	apply=0
00404E80	disabled	FUN_004dc260	apply=0
00404E85	disabled	HelpPanelTy::RCProc	apply=0
00404E8A	disabled	FUN_0041dd00	apply=0
00404E8F	disabled	FUN_006203f0	apply=0
00404E94	disabled	SettMapTy::DeleteCtrls	apply=0
00404E99	disabled	FUN_005efa90	apply=0
00404E9E	disabled	TLOBaseTy::sub_004EA620	apply=0
00404EA3	disabled	PausePanelTy::ShiftControls	apply=0
00404EA8	disabled	FUN_0041d7c0	apply=0
00404EAD	disabled	FUN_006a2d00	apply=0
00404EB2	disabled	AiFltClassTy::sub_0065F5C0	apply=0
00404EB7	disabled	CreateCampaign	apply=0
00404EBC	disabled	STAllPlayersC::CmdToPlsObj	apply=0
00404EC1	disabled	FUN_00495ff0	apply=0
00404EC6	disabled	FUN_004e75f0	apply=0
00404ECB	disabled	FUN_00418ce0	apply=0
00404ED0	disabled	FUN_0069b910	apply=0
00404ED5	disabled	FUN_00694590	apply=0
00404EDA	disabled	FUN_005f88d0	apply=0
00404EDF	disabled	TLOBaseTy::sub_004C2F70	apply=0
00404EE4	disabled	FUN_006905c0	apply=0
00404EE9	disabled	TLOBaseTy::FUN_004bea70	apply=0
00404EEE	disabled	FUN_0041aee0	apply=0
00404EF3	disabled	FUN_00602700	apply=0
00404EF8	disabled	FUN_006a0da0	apply=0
00404EFD	disabled	FUN_004cc9c0	apply=0
00404F02	disabled	TLOBaseTy::FUN_004be160	apply=0
00404F07	disabled	STSprGameObjC::GetMessage	apply=0
00404F0C	disabled	OptPanelTy::PaintDblBut	apply=0
00404F16	disabled	OptPanelTy::Question	apply=0
00404F1B	disabled	CPanelTy::PaintDamageXY	apply=0
00404F20	disabled	FUN_004b8c00	apply=0
00404F25	disabled	FUN_0041e510	apply=0
00404F2A	disabled	FUN_0065d590	apply=0
00404F34	disabled	FUN_004cbfb0	apply=0
00404F39	disabled	FUN_004805b0	apply=0
00404F3E	disabled	FUN_0058f030	apply=0
00404F43	disabled	FUN_006832b0	apply=0
00404F48	disabled	STGroupC::RestoreGrpData	apply=0
00404F4D	disabled	CampaignTy::AnimationCampaign	apply=0
00404F52	disabled	FUN_00462180	apply=0
00404F57	disabled	FUN_0060d220	apply=0
00404F5C	disabled	STManBasisC::sub_005F21D0	apply=0
00404F61	disabled	FUN_005121f0	apply=0
00404F66	disabled	FUN_004231e0	apply=0
00404F6B	disabled	STBoatC::sub_00481520	apply=0
00404F70	disabled	FUN_0041ab60	apply=0
00404F75	disabled	FUN_006001e0	apply=0
00404F7A	disabled	FUN_00446a70	apply=0
00404F7F	disabled	FUN_00580ff0	apply=0
00404F89	disabled	CPanelTy::sub_004F4570	apply=0
00404F8E	disabled	STJumpMineC::sub_00619C70	apply=0
00404F93	disabled	FUN_006a17b0	apply=0
00404F98	disabled	FUN_006010a0	apply=0
00404F9D	disabled	TradePanelTy::sub_00551B10	apply=0
00404FA2	disabled	SubmarineTitans::Recovered::HiddenThis::AnonReceiver_00644410::FUN_00644410	apply=0
00404FA7	disabled	FUN_00620b20	apply=0
00404FAC	disabled	SettMapMTy::NoneSettMap	apply=0
00404FB1	disabled	STVolcanoC::STVolcanoC	apply=0
00404FB6	disabled	FUN_004dd2b0	apply=0
00404FBB	disabled	FUN_004de7b0	apply=0
00404FC0	disabled	FUN_0041acf0	apply=0
00404FC5	disabled	FSGSTy::NoneFSGS	apply=0
00404FCA	disabled	StartSystemTy::sub_005DA940	apply=0
00404FCF	disabled	FUN_004c2e20	apply=0
00404FD4	disabled	STDcResourcC::sub_0057F2E0	apply=0
00404FD9	disabled	HelpPanelTy::ShiftControls	apply=0
00404FDE	disabled	FUN_004ebfd0	apply=0
00404FE3	disabled	FUN_00413050	apply=0
00404FE8	disabled	FUN_00680340	apply=0
00404FED	disabled	FUN_00651250	apply=0
00404FF2	disabled	FUN_0040cdb0	apply=0
00404FF7	disabled	MReportTy::InitMReport	apply=0
00404FFC	disabled	FUN_005fd6e0	apply=0
00405001	disabled	FUN_004c2810	apply=0
00405006	disabled	FUN_005f03d0	apply=0
0040500B	disabled	FUN_004debd0	apply=0
00405010	disabled	sub_004248D0	apply=0
00405015	disabled	FUN_00615ad0	apply=0
0040501F	disabled	MMsgTy::DoneMMsg	apply=0
00405024	disabled	FUN_004e41f0	apply=0
00405029	disabled	FUN_005f07a0	apply=0
0040502E	disabled	STDcResourcC::GetMessage	apply=0
00405033	disabled	UpgPanelTy::Update	apply=0
00405038	disabled	FUN_005811c0	apply=0
0040503D	disabled	FUN_0041da30	apply=0
00405042	disabled	FUN_0064d0e0	apply=0
00405047	disabled	FUN_006a5530	apply=0
0040504C	disabled	PausePanelTy::SwitchPausePanel	apply=0
00405051	disabled	FUN_00423c70	apply=0
00405056	disabled	FUN_00620e40	apply=0
00405060	disabled	FUN_0048a910	apply=0
00405065	disabled	AiPlrClassTy::ExecTech	apply=0
0040506A	disabled	FUN_00690e90	apply=0
0040506F	disabled	HelpPanelTy::AddLinks	apply=0
00405074	disabled	FUN_0067cf30	apply=0
00405079	disabled	CreateSTExplosion	apply=0
0040507E	disabled	CursorClassTy::SetGCType	apply=0
00405083	disabled	FUN_004b7d90	apply=0
00405088	disabled	FUN_00423e00	apply=0
0040508D	disabled	FUN_005ec680	apply=0
00405092	disabled	FUN_004d6930	apply=0
00405097	disabled	FUN_004dbcc0	apply=0
0040509C	disabled	FUN_004aa8d0	apply=0
004050A1	disabled	FUN_0064dac0	apply=0
004050A6	disabled	FUN_00630ff0	apply=0
004050AB	disabled	FUN_004e0830	apply=0
004050B0	disabled	STAllPlayersC::GetTOBJListFromDArr	apply=0
004050B5	disabled	STTmMineC::LoadImagVacuum	apply=0
004050BA	disabled	FUN_004dd800	apply=0
004050BF	disabled	FUN_0041ac90	apply=0
004050C9	disabled	STRubbishC::sub_00630260	apply=0
004050CE	disabled	STDestC::GetMessage	apply=0
004050D3	disabled	STLightC::sub_0061D9C0	apply=0
004050D8	disabled	FUN_0041caf0	apply=0
004050DD	disabled	FUN_00650e10	apply=0
004050E2	disabled	FSGSTy::CheckUpdate	apply=0
004050E7	disabled	FUN_004da9c0	apply=0
004050EC	disabled	FUN_00640130	apply=0
004050F1	disabled	FUN_00627790	apply=0
004050F6	disabled	CGenerate::sub_006A0470	apply=0
004050FB	disabled	FUN_00677ef0	apply=0
00405100	disabled	HelpPanelTy::PutToSHlp	apply=0
00405105	disabled	FUN_00418010	apply=0
0040510A	disabled	FUN_0064eba0	apply=0
0040510F	disabled	FUN_00568010	apply=0
00405114	disabled	FUN_00640170	apply=0
00405119	disabled	JumpManagC::sub_00618170	apply=0
0040511E	disabled	FUN_005f6ee0	apply=0
00405123	disabled	CPanelTy::Update4PanelWB	apply=0
00405128	disabled	FUN_0058cf90	apply=0
0040512D	disabled	STAllPlayersC::GetActiveCenter	apply=0
00405132	disabled	FUN_00650bd0	apply=0
00405137	disabled	FUN_0062bbc0	apply=0
0040513C	disabled	FUN_0054cbb0	apply=0
00405141	disabled	FUN_004ace00	apply=0
00405146	disabled	STGroupBoatC::DistributeTargets	apply=0
0040514B	disabled	STExplosion::sub_00605780	apply=0
00405150	disabled	FUN_00586320	apply=0
00405155	disabled	SettMapMTy::sub_005B5F00	apply=0
0040515A	disabled	TLOBldMark::sub_004C6210	apply=0
00405164	disabled	CursorClassTy::DelSysAcc	apply=0
00405169	disabled	FUN_0069bc10	apply=0
0040516E	disabled	FUN_006a5620	apply=0
00405173	disabled	FUN_00567220	apply=0
00405178	disabled	FUN_00680b00	apply=0
0040517D	disabled	FUN_004d73b0	apply=0
00405182	disabled	FUN_00680310	apply=0
00405187	disabled	FUN_0064f500	apply=0
0040518C	disabled	TactDataPack	apply=0
00405191	disabled	MMsgTy::ShowSprites	apply=0
00405196	disabled	FUN_0067fce0	apply=0
0040519B	disabled	FUN_005804f0	apply=0
004051A0	disabled	CreatePrivider	apply=0
004051A5	disabled	FUN_006377b0	apply=0
004051AA	disabled	FUN_0060e680	apply=0
004051AF	disabled	STGroupBoatC::Recharge	apply=0
004051B9	disabled	FUN_006a06d0	apply=0
004051BE	disabled	FUN_0062e640	apply=0
004051C3	disabled	FUN_004d0670	apply=0
004051C8	disabled	CreateAi	apply=0
004051CD	disabled	CPanelTy::sub_004FAD60	apply=0
004051D2	disabled	FUN_004dd260	apply=0
004051D7	disabled	TLOBldMark::Create	apply=0
004051DC	disabled	FUN_006527d0	apply=0
004051E1	disabled	FUN_00627d90	apply=0
004051E6	disabled	FUN_00681bb0	apply=0
004051EB	disabled	FUN_004d7570	apply=0
004051F0	disabled	Visible::PrepareAfterSave	apply=0
004051FA	disabled	FUN_0057a140	apply=0
004051FF	disabled	FUN_005fe5d0	apply=0
00405204	disabled	PlrDataPack	apply=0
0040520E	disabled	FSGSTy::sub_005A0AF0	apply=0
00405213	disabled	FUN_0046d400	apply=0
00405218	disabled	FUN_004ad550	apply=0
0040521D	disabled	FUN_00672b30	apply=0
00405222	disabled	FUN_0044e220	apply=0
00405227	disabled	STAllPlayersC::GetGObjFromZone	apply=0
0040522C	disabled	FUN_00648a30	apply=0
00405231	disabled	CPanelTy::PaintSMap	apply=0
00405236	disabled	FUN_0063cff0	apply=0
0040523B	disabled	FUN_004e7230	apply=0
00405240	disabled	STT3DSprC::StartShow	apply=0
00405245	disabled	STManRub3C::sub_0062CF50	apply=0
0040524A	disabled	FUN_005ccd00	apply=0
0040524F	disabled	FUN_004e5910	apply=0
00405254	disabled	FUN_006a1c80	apply=0
00405259	disabled	FUN_00505070	apply=0
0040525E	disabled	FUN_00627390	apply=0
00405268	disabled	CreateWait	apply=0
0040526D	disabled	FUN_00696eb0	apply=0
00405272	disabled	STMineSetC::STMineSetC	apply=0
00405277	disabled	CGenerate::_saveObj	apply=0
0040527C	disabled	FUN_005f95b0	apply=0
00405281	disabled	FUN_004e8d40	apply=0
00405286	disabled	FUN_00696050	apply=0
0040528B	disabled	FUN_0065fa10	apply=0
00405295	disabled	FUN_0064a6f0	apply=0
0040529A	disabled	FUN_00627050	apply=0
0040529F	disabled	FUN_005801c0	apply=0
004052A4	disabled	VisibleClassTy::sub_0055B1C0	apply=0
004052A9	disabled	FUN_0042a9f0	apply=0
004052AE	disabled	FUN_00690fc0	apply=0
004052B3	disabled	STMineSetC::FUN_00626fa0	apply=0
004052B8	disabled	STPlaySystemC::InitSystem	apply=0
004052BD	disabled	FUN_00682810	apply=0
004052C2	disabled	STAllPlayersC::RegisterObject	apply=0
004052C7	disabled	PlayPanelTy::SwitchOptPanel	apply=0
004052CC	disabled	FUN_004ad650	apply=0
004052D1	disabled	FUN_006208b0	apply=0
004052D6	disabled	CPanelTy::PaintNameResSI	apply=0
004052DB	disabled	FUN_004cd6b0	apply=0
004052E0	disabled	FUN_004dbb10	apply=0
004052E5	disabled	STAllPlayersC::RemoveActiveTV	apply=0
004052EA	disabled	STManRuinC::sub_00631220	apply=0
004052EF	disabled	FUN_00607ee0	apply=0
004052F4	disabled	CreateAiBoss	apply=0
004052F9	disabled	CreatePlaySystem	apply=0
004052FE	disabled	STT3DSprC::SetCurShad	apply=0
00405308	disabled	FUN_006a3930	apply=0
0040530D	disabled	FUN_004e6140	apply=0
00405312	disabled	MTestTy::InitMTest	apply=0
00405317	disabled	MainMenuTy::NoneMainMenu	apply=0
0040531C	disabled	FUN_005f9cb0	apply=0
00405321	disabled	STFishC::FUN_0057dfb0	apply=0
00405326	disabled	STGroupBoatC::GrpRepSub	apply=0
0040532B	disabled	FUN_004d8280	apply=0
00405330	disabled	FUN_004e4140	apply=0
00405335	disabled	CGenerate::sub_0069BDC0	apply=0
0040533A	disabled	FUN_006773b0	apply=0
0040533F	disabled	FUN_0064ef90	apply=0
00405344	disabled	FUN_00522810	apply=0
00405349	disabled	FUN_004e7d70	apply=0
0040534E	disabled	FUN_004e7980	apply=0
00405353	disabled	FUN_00543450	apply=0
00405358	disabled	FUN_00618b40	apply=0
0040535D	disabled	FUN_0052a970	apply=0
00405362	disabled	HelpPanelTy::ChangeTree	apply=0
00405367	disabled	FUN_004d8a80	apply=0
0040536C	disabled	FUN_004cdef0	apply=0
00405371	disabled	STGroupBoatC::GrpPatrol	apply=0
00405376	disabled	FUN_00682df0	apply=0
0040537B	disabled	STT3DSprC::Init	apply=0
00405380	disabled	FUN_004e96c0	apply=0
00405385	disabled	CGenerate::FUN_006952b0	apply=0
0040538A	disabled	STFishC::STFishC	apply=0
0040538F	disabled	FUN_004dd070	apply=0
00405394	disabled	FUN_006755e0	apply=0
00405399	disabled	FUN_005f8ba0	apply=0
0040539E	disabled	FUN_004dc220	apply=0
004053A3	disabled	FUN_004911b0	apply=0
004053A8	disabled	FUN_0042d770	apply=0
004053B2	disabled	FUN_00672ab0	apply=0
004053B7	disabled	STGroupBoatC::sub_004232A0	apply=0
004053BC	disabled	STGroupBoatC::GrpUnLoadRC	apply=0
004053C1	disabled	FUN_00668180	apply=0
004053CB	disabled	STExplosion::STExplosion	apply=0
004053D0	disabled	FUN_006a57a0	apply=0
004053D5	disabled	STTorpC::SaveTorpData	apply=0
004053DA	disabled	FUN_0041da10	apply=0
004053E9	disabled	FUN_00626c00	apply=0
004053EE	disabled	STManRub3C::STManRub3C	apply=0
004053F3	disabled	FUN_004e4270	apply=0
004053F8	disabled	FUN_004e5a80	apply=0
004053FD	disabled	FUN_004dc700	apply=0
00405402	disabled	FUN_004c2840	apply=0
00405407	disabled	SettMapMTy::ChangePlayerState	apply=0
0040540C	disabled	FUN_004dc470	apply=0
00405411	disabled	FUN_006802a0	apply=0
00405416	disabled	FUN_00491930	apply=0
0040541B	disabled	FUN_00695180	apply=0
00405420	disabled	PlaySystemTy::SendClientMail	apply=0
00405425	disabled	TLOBaseTy::sub_004DC150	apply=0
0040542A	disabled	TLOBaseTy::sub_004C6C70	apply=0
0040542F	disabled	FUN_00682340	apply=0
00405434	disabled	STBoatC::LoadRC	apply=0
00405439	disabled	STGroupC::SaveGrpData	apply=0
0040543E	disabled	STManRub3C::AddNewColl3	apply=0
00405443	disabled	STPlaySystemC::sub_0054EBB0	apply=0
00405448	disabled	FUN_004e6e10	apply=0
0040544D	disabled	FUN_00497000	apply=0
00405452	disabled	FUN_004233a0	apply=0
00405457	disabled	FUN_00521840	apply=0
0040545C	disabled	FUN_004dc240	apply=0
00405466	disabled	FUN_004ebda0	apply=0
0040546B	disabled	STGroupBoatC::Bring	apply=0
00405470	disabled	FUN_004e1490	apply=0
00405475	disabled	FUN_0060ecc0	apply=0
0040547A	disabled	CGenerate::sub_00696940	apply=0
0040547F	disabled	STGroupBoatC::GetPatrolTask	apply=0
00405484	disabled	FUN_00639630	apply=0
0040548E	disabled	FUN_0058eeb0	apply=0
00405493	disabled	FUN_00529590	apply=0
00405498	disabled	CreateTLOEmbryo	apply=0
0040549D	disabled	FUN_00581bc0	apply=0
004054A2	disabled	FUN_004f0460	apply=0
004054A7	disabled	BldBoatPanelTy::InitBldBoatPanel	apply=0
004054AC	disabled	FUN_00651770	apply=0
004054B1	disabled	AiEventClassTy::InitData	apply=0
004054B6	disabled	FUN_004f4f60	apply=0
004054BB	disabled	FUN_00692920	apply=0
004054C0	disabled	FUN_00635da0	apply=0
004054C5	disabled	HelpPanelTy::LinkAct	apply=0
004054CA	disabled	FUN_00529480	apply=0
004054CF	disabled	FUN_00604160	apply=0
004054D4	disabled	FUN_004ebcb0	apply=0
004054D9	disabled	FUN_0041c320	apply=0
004054DE	disabled	FUN_00584c50	apply=0
004054E3	disabled	STBoatC::NotReadyForLoading	apply=0
004054E8	disabled	FUN_004dc720	apply=0
004054ED	disabled	FUN_0062a8b0	apply=0
004054F2	disabled	CPanelTy::sub_004FAE90	apply=0
004054F7	disabled	FUN_0041ae10	apply=0
004054FC	disabled	CreateSTRubbish	apply=0
00405501	disabled	FUN_0041c2e0	apply=0
00405506	disabled	FUN_006a3390	apply=0
0040550B	disabled	FUN_005db010	apply=0
00405510	disabled	StartSystemTy::InitChat	apply=0
00405515	disabled	FUN_004cc040	apply=0
0040551F	disabled	STAllPlayersC::RestoreGObjData	apply=0
00405524	disabled	SubmarineTitans::Recovered::HiddenThis::AnonReceiver_004EEFB0::FUN_005c8200	apply=0
00405529	disabled	FSGSTy::ConnectProc	apply=0
00405533	disabled	FUN_0062fe00	apply=0
00405538	disabled	TradePanelTy::DoneTradePanel	apply=0
00405542	disabled	FUN_0055d390	apply=0
00405547	disabled	FUN_004a8f20	apply=0
0040554C	disabled	STBHEShellC::sub_005F4C50	apply=0
00405551	disabled	FUN_004e6d00	apply=0
00405556	disabled	FUN_004d7480	apply=0
0040555B	disabled	MTaskTy::TTaskItemClose	apply=0
00405560	disabled	FUN_004ed430	apply=0
0040556A	disabled	FSGSTy::SetChannelList	apply=0
0040556F	disabled	CPanelTy::SetControlBoat	apply=0
00405579	disabled	FUN_004e5990	apply=0
0040557E	disabled	FUN_004d8320	apply=0
00405583	disabled	IntercomPanelTy::InitIntercomPanel	apply=0
00405588	disabled	FUN_0064e8c0	apply=0
0040558D	disabled	FUN_004c5f30	apply=0
00405597	disabled	CGenerate::sub_00696810	apply=0
0040559C	disabled	FUN_0065e860	apply=0
004055A1	disabled	STManRuinC::GetMessage	apply=0
004055A6	disabled	FUN_0065fd50	apply=0
004055B0	disabled	FUN_0064f040	apply=0
004055B5	disabled	SettMapTy::CreateCtrls	apply=0
004055BA	disabled	STBHEShellC::sub_005F35F0	apply=0
004055BF	disabled	FUN_00486a60	apply=0
004055C4	disabled	STBoatC::Capture	apply=0
004055CE	disabled	FUN_006a4130	apply=0
004055D3	disabled	FUN_005ede30	apply=0
004055D8	disabled	CGenerate::sub_006971B0	apply=0
004055DD	disabled	FUN_006033d0	apply=0
004055E2	disabled	FUN_004ddd50	apply=0
004055E7	disabled	FUN_004d8a30	apply=0
004055EC	disabled	FUN_004898c0	apply=0
004055F1	disabled	HoloTy::NextFas	apply=0
004055F6	disabled	StartSystemTy::sub_005DA910	apply=0
00405600	disabled	STJellyGunC::sub_005844E0	apply=0
00405605	disabled	FUN_004210a0	apply=0
0040560F	disabled	MainMenuTy::sub_005B4860	apply=0
00405614	disabled	MReportTy::sub_005C0190	apply=0
0040561E	disabled	FUN_0062dfb0	apply=0
00405623	disabled	FUN_0063bfa0	apply=0
00405628	disabled	FUN_00677ed0	apply=0
0040562D	disabled	STJellyGunC::STJellyGunC	apply=0
00405632	disabled	FUN_004b0250	apply=0
00405637	disabled	STMineSetC::sub_006226C0	apply=0
0040563C	disabled	FUN_0060dd70	apply=0
00405641	disabled	FSGSTy::sub_005A0590	apply=0
00405646	disabled	STBoatC::BackAnnih	apply=0
0040564B	disabled	CGenerate::sub_006948E0	apply=0
00405650	disabled	FUN_004e1930	apply=0
00405655	disabled	FUN_004ece40	apply=0
0040565A	disabled	CreateMiniMap	apply=0
0040565F	disabled	STExplosionC::SaveObj	apply=0
00405664	disabled	ResearchPanelTy::sub_0053C620	apply=0
00405669	disabled	FUN_00490a00	apply=0
0040566E	disabled	FUN_00652030	apply=0
00405673	disabled	STGroupBoatC::GrpLoadRC	apply=0
00405678	disabled	TradePanelTy::InitTradePanel	apply=0
0040567D	disabled	FUN_005da7a0	apply=0
00405682	disabled	FUN_004e20d0	apply=0
0040568C	disabled	FUN_0064f780	apply=0
00405691	disabled	FUN_004e18e0	apply=0
00405696	disabled	FUN_0062e3a0	apply=0
0040569B	disabled	FUN_00660b50	apply=0
004056A0	disabled	FUN_0063e660	apply=0
004056A5	disabled	FUN_0067fc10	apply=0
004056AA	disabled	FUN_0064cd10	apply=0
004056AF	disabled	CPanelTy::PaintBEnergy	apply=0
004056B4	disabled	FUN_00639c40	apply=0
004056B9	disabled	FUN_005fd3a0	apply=0
004056BE	disabled	AiTactClassTy::PrepareToSave	apply=0
004056C3	disabled	FUN_0065eb70	apply=0
004056CD	disabled	FUN_004ad610	apply=0
004056D2	disabled	PanelTy::PaintLBut	apply=0
004056D7	disabled	FUN_004e2200	apply=0
004056DC	disabled	FUN_0041abf0	apply=0
004056E1	disabled	FUN_005f0430	apply=0
004056E6	disabled	FUN_005fcc70	apply=0
004056EB	disabled	STJumpMineC::LoadImagJMine	apply=0
004056F0	disabled	FUN_00618a50	apply=0
004056F5	disabled	FUN_00526ba0	apply=0
004056FA	disabled	STSharkC::sub_0058FF70	apply=0
004056FF	disabled	STAllPlayersC::SaveTmp	apply=0
00405704	disabled	STDcResourcC::STDcResourcC	apply=0
00405709	disabled	FUN_004aab00	apply=0
0040570E	disabled	FUN_0064f6e0	apply=0
00405713	disabled	FUN_00624140	apply=0
00405718	disabled	FUN_00418d20	apply=0
0040571D	disabled	FUN_004e6010	apply=0
00405727	disabled	STParticleC::InitVisibelFlight	apply=0
0040572C	disabled	FUN_0041aec0	apply=0
00405731	disabled	CGenerate::sub_006A0E30	apply=0
00405736	disabled	FUN_00416840	apply=0
0040573B	disabled	FUN_004b7b20	apply=0
00405740	disabled	FUN_005fcff0	apply=0
00405745	disabled	CreateSettMap	apply=0
0040574A	disabled	FUN_0041d780	apply=0
0040574F	disabled	FUN_0041c380	apply=0
00405754	disabled	FUN_00680590	apply=0
00405759	disabled	TLOBaseTy::FUN_004c7cc0	apply=0
00405763	disabled	FUN_005fac40	apply=0
00405768	disabled	TLOBaseTy::sub_004CC900	apply=0
0040576D	disabled	FUN_0060cb60	apply=0
00405772	disabled	FUN_0061d5f0	apply=0
00405777	disabled	Library::MSVCRT::FUN_006a3d40	apply=0
0040577C	disabled	FUN_00571240	apply=0
00405786	disabled	FUN_0063fe70	apply=0
0040578B	disabled	TradePanelTy::sub_00551800	apply=0
00405790	disabled	SubmarineTitans::Recovered::HiddenThis::AnonReceiver_00636260::FUN_00636260	apply=0
00405795	disabled	FUN_004ce9e0	apply=0
0040579A	disabled	CreateFrmPanel	apply=0
0040579F	disabled	FUN_00423120	apply=0
004057A4	disabled	FUN_0061cfb0	apply=0
004057AE	disabled	AiTactClassTy::GiveObjByGrpNum	apply=0
004057B3	disabled	FUN_005fa180	apply=0
004057B8	disabled	FUN_0069ffb0	apply=0
004057BD	disabled	CPanelTy::PaintNameRes	apply=0
004057C2	disabled	FUN_0067bda0	apply=0
004057D1	disabled	STGameObjC::FUN_004845e0	apply=0
004057D6	disabled	STCrabC::STCrabC	apply=0
004057DB	disabled	FUN_00674af0	apply=0
004057E0	disabled	HelpPanelTy::ArmProc	apply=0
004057E5	disabled	AiFltClassTy::sub_00661800	apply=0
004057EA	disabled	UPanelTy::OutProc	apply=0
004057EF	disabled	FUN_00571cd0	apply=0
004057F4	disabled	STAllPlayersC::RestoreTmp	apply=0
004057F9	disabled	FUN_0066ab60	apply=0
004057FE	disabled	STBoatC::FUN_00486a40	apply=0
00405803	disabled	HelpPanelTy::IndexBut	apply=0
00405808	disabled	FUN_0063cc10	apply=0
0040580D	disabled	FSGSTy::sub_005A07F0	apply=0
00405812	disabled	CPanelTy::PaintTxtBut	apply=0
00405817	disabled	STDcResourcC::FUN_005810b0	apply=0
0040581C	disabled	FUN_004ab050	apply=0
00405821	disabled	TLOBaseTy::sub_004DE7D0	apply=0
00405826	disabled	FUN_005f0620	apply=0
0040582B	disabled	FUN_004c9430	apply=0
00405830	disabled	TLOBaseTy::teleNone	apply=0
00405835	disabled	FUN_0041ce40	apply=0
0040583A	disabled	FUN_005daa90	apply=0
0040583F	disabled	FUN_00580dc0	apply=0
00405844	disabled	FUN_006616b0	apply=0
00405849	disabled	STPlaySystemC::Save	apply=0
00405853	disabled	FUN_005f5440	apply=0
00405858	disabled	FUN_00583e00	apply=0
0040585D	disabled	PrividerTy::sub_005BB9F0	apply=0
00405862	disabled	CPanelTy::PaintPerRes	apply=0
00405867	disabled	MMsgTy::CloseSprBut	apply=0
0040586C	disabled	FUN_0065e9a0	apply=0
00405871	disabled	STCrabC::GetMessage	apply=0
00405876	disabled	FUN_00674ce0	apply=0
0040587B	disabled	BldLabPanelTy::PaintUpdBut	apply=0
00405880	disabled	STBoatC::Teleport	apply=0
00405885	disabled	STRubbishC::sub_0062F900	apply=0
0040588A	disabled	FUN_0057bd70	apply=0
0040588F	disabled	FUN_005fd1b0	apply=0
00405894	disabled	STDcResourcC::FUN_00580f20	apply=0
00405899	disabled	FUN_0055d440	apply=0
0040589E	disabled	FUN_00476cc0	apply=0
004058A3	disabled	FUN_0044ce40	apply=0
004058A8	disabled	FUN_0061fe80	apply=0
004058AD	disabled	STAllPlayersC::SaveAllPlData	apply=0
004058B2	disabled	FUN_0058bb50	apply=0
004058B7	disabled	FUN_004dcaa0	apply=0
004058BC	disabled	STBoatC::BackToDok	apply=0
004058C6	disabled	STLightC::sub_0061D650	apply=0
004058CB	disabled	FUN_006a5cd0	apply=0
004058D0	disabled	STParticleC::sub_00629E60	apply=0
004058D5	disabled	MAdvTy::NoneMAdv	apply=0
004058DA	disabled	TLOBaseTy::sub_004CE860	apply=0
004058DF	disabled	FUN_0064f360	apply=0
004058E4	disabled	FUN_004ea460	apply=0
004058E9	disabled	OptPanelTy::InitOptPanel	apply=0
004058EE	disabled	STAppC::GetMessage	apply=0
004058F3	disabled	FUN_004f19d0	apply=0
004058FD	disabled	FUN_005335e0	apply=0
00405902	disabled	FUN_00423300	apply=0
00405907	disabled	STSprGameObjC::CheckRay	apply=0
0040590C	disabled	StartSystemTy::sub_005DAF20	apply=0
00405911	disabled	STDcResourcC::Init	apply=0
00405916	disabled	CreateAiPlr	apply=0
0040591B	disabled	STAppC::sub_0056EE90	apply=0
00405920	disabled	STAllPlayersC::PushTV	apply=0
00405925	disabled	FUN_00694890	apply=0
0040592A	disabled	FUN_00627650	apply=0
0040592F	disabled	FUN_00650f90	apply=0
00405934	disabled	STAllPlayersC::FUN_005fcad0	apply=0
00405939	disabled	FUN_0055c6c0	apply=0
0040593E	disabled	STGroupBoatC::GrpMove	apply=0
00405943	disabled	STJellyGunC::LifeGun	apply=0
00405948	disabled	SubmarineTitans::Recovered::HiddenThis::AnonReceiver_00493610::FUN_00493610	apply=0
0040594D	disabled	FUN_004d6890	apply=0
00405952	disabled	sub_004167A0	apply=0
00405957	disabled	AiTactClassTy::BackFromRepair	apply=0
0040595C	disabled	FUN_00660010	apply=0
00405961	disabled	FUN_00647b60	apply=0
00405966	disabled	FUN_006515b0	apply=0
0040596B	disabled	MReportTy::PaintTab	apply=0
00405970	disabled	FUN_005fd750	apply=0
00405975	disabled	CGenerate::sub_006988C0	apply=0
0040597A	disabled	FUN_006807d0	apply=0
0040597F	disabled	PrividerTy::OutListProc	apply=0
00405984	disabled	FUN_00490b30	apply=0
00405989	disabled	FUN_0042a990	apply=0
0040598E	disabled	MTestTy::GetMessage	apply=0
00405993	disabled	STGenBombC::LoadImagSpr	apply=0
00405998	disabled	Library::MSVCRT::FUN_006a3c80	apply=0
0040599D	disabled	FUN_00620160	apply=0
004059A2	disabled	FUN_004b7a80	apply=0
004059A7	disabled	FUN_00423380	apply=0
004059B1	disabled	MainMenuTy::PaintMainMenu	apply=0
004059B6	disabled	AiFltClassTy::sub_0065E360	apply=0
004059BB	disabled	STColl3C::sub_005F6F20	apply=0
004059C0	disabled	CampaignTy::sub_00592620	apply=0
004059C5	disabled	FUN_004eb150	apply=0
004059CA	disabled	FUN_00553b00	apply=0
004059CF	disabled	FUN_00566bd0	apply=0
004059D4	disabled	ProdPanelTy::GetMessage	apply=0
004059D9	disabled	STAllPlayersC::RegisterGroup	apply=0
004059DE	disabled	FUN_006826a0	apply=0
004059E3	disabled	FUN_004e03e0	apply=0
004059E8	disabled	FUN_004aa200	apply=0
004059ED	disabled	FUN_00550380	apply=0
004059F2	disabled	FUN_004ad670	apply=0
004059F7	disabled	FUN_0041f310	apply=0
004059FC	disabled	WaitTy::ShowDescription	apply=0
00405A01	disabled	STCrabC::Bad	apply=0
00405A06	disabled	FUN_00678ef0	apply=0
00405A0B	disabled	FUN_004cdfd0	apply=0
00405A10	disabled	FUN_0067f5e0	apply=0
00405A15	disabled	STManBasisC::GetMessage	apply=0
00405A1A	disabled	OptPanelTy::ShiftControls	apply=0
00405A1F	disabled	STOctopusC::STOctopusC	apply=0
00405A24	disabled	BossDataPack	apply=0
00405A29	disabled	FUN_004acdd0	apply=0
00405A2E	disabled	TLOBaseTy::sub_004C7460	apply=0
00405A33	disabled	FUN_004c2d40	apply=0
00405A38	disabled	FUN_00552f50	apply=0
00405A3D	disabled	FUN_00647ce0	apply=0
00405A42	disabled	OptPanelTy::SwitchOptPanel	apply=0
00405A4C	disabled	FUN_00679e70	apply=0
00405A51	disabled	MTaskTy::PrepareTSurf	apply=0
00405A56	disabled	FUN_00692c10	apply=0
00405A5B	disabled	FUN_00681ef0	apply=0
00405A60	disabled	FUN_00493250	apply=0
00405A65	disabled	FUN_0064e740	apply=0
00405A6A	disabled	FUN_004c84c0	apply=0
00405A6F	disabled	FSGSTy::ChangePlayerPing	apply=0
00405A74	disabled	FUN_0044cd20	apply=0
00405A79	disabled	FUN_00680e00	apply=0
00405A83	disabled	FUN_00627aa0	apply=0
00405A88	disabled	SettMapTy::CloseButtons	apply=0
00405A8D	disabled	CPanelTy::PaintCostsXY	apply=0
00405A92	disabled	FUN_00444e70	apply=0
00405A9C	disabled	FUN_0068e300	apply=0
00405AA1	disabled	STTmMineC::CreatePart	apply=0
00405AA6	disabled	FUN_004ac610	apply=0
00405AAB	disabled	FUN_004e4480	apply=0
00405AB0	disabled	FUN_00647ba0	apply=0
00405AB5	disabled	FUN_005f15f0	apply=0
00405ABF	disabled	FUN_004df6f0	apply=0
00405AC4	disabled	FUN_005efb80	apply=0
00405AC9	disabled	STAllPlayersC::UnRegisterBlot	apply=0
00405ACE	disabled	TLOBaseTy::sub_004C7860	apply=0
00405AD3	disabled	FUN_004ec900	apply=0
00405ADD	disabled	FUN_006736b0	apply=0
00405AE2	disabled	STManBasisC::STManBasisC	apply=0
00405AE7	disabled	FUN_0041d350	apply=0
00405AEC	disabled	FUN_00492fc0	apply=0
00405AF1	disabled	AiTactClassTy::ClaimSave	apply=0
00405AF6	disabled	FUN_005fc450	apply=0
00405AFB	disabled	FUN_005f91e0	apply=0
00405B00	disabled	FUN_00525890	apply=0
00405B05	disabled	STBoatC::GetDefenceTarget	apply=0
00405B0A	disabled	InfocPanelTy::ShiftControls	apply=0
00405B14	disabled	FUN_006822c0	apply=0
00405B19	disabled	FUN_005f3b30	apply=0
00405B1E	disabled	FUN_004cd450	apply=0
00405B23	disabled	AiTactClassTy::sub_0068E290	apply=0
00405B28	disabled	cLoadingTy::delete	apply=0
00405B2D	disabled	STBoatC::BackTeleport	apply=0
00405B32	disabled	FUN_004ead90	apply=0
00405B37	disabled	FUN_006216e0	apply=0
00405B3C	disabled	FUN_0060e210	apply=0
00405B41	disabled	FUN_0041ad20	apply=0
00405B46	disabled	SettMapMTy::ChangePlayerColor	apply=0
00405B4B	disabled	FUN_0064edc0	apply=0
00405B55	disabled	PopUpTy::GetMessage	apply=0
00405B5A	disabled	FUN_0062c2a0	apply=0
00405B5F	disabled	FUN_004ea870	apply=0
00405B64	disabled	FUN_004ad740	apply=0
00405B69	disabled	FUN_00491600	apply=0
00405B6E	disabled	FUN_0064e290	apply=0
00405B73	disabled	FUN_004e6680	apply=0
00405B78	disabled	SIDTy::DoneSID	apply=0
00405B7D	disabled	SettMapMTy::sub_005D1380	apply=0
00405B82	disabled	FUN_00637ae0	apply=0
00405B87	disabled	FUN_0052a5c0	apply=0
00405B8C	disabled	FUN_005ec6a0	apply=0
00405B91	disabled	FUN_004ecb60	apply=0
00405B9B	disabled	FUN_00626f10	apply=0
00405BA0	disabled	CPanelTy::sub_00506040	apply=0
00405BA5	disabled	FUN_004d9c80	apply=0
00405BAA	disabled	DumpClassC::DumpClassC	apply=0
00405BAF	disabled	FUN_00486aa0	apply=0
00405BB9	disabled	CreateSTDcResourc	apply=0
00405BBE	disabled	STAllPlayersC::AddObjsToTmp	apply=0
00405BC3	disabled	FUN_005ccc30	apply=0
00405BC8	disabled	CGenerate::sub_00696DC0	apply=0
00405BCD	disabled	FUN_006686c0	apply=0
00405BD2	disabled	FUN_00579350	apply=0
00405BD7	disabled	FUN_006164e0	apply=0
00405BDC	disabled	STExplosionC::LoadImagSpr	apply=0
00405BE1	disabled	FUN_0056a5c0	apply=0
00405BE6	disabled	FUN_0041d7e0	apply=0
00405BEB	disabled	FUN_0069c790	apply=0
00405BF0	disabled	FUN_0053c490	apply=0
00405BF5	disabled	FUN_004a9d60	apply=0
00405BFA	disabled	STMineSetC::sub_006239A0	apply=0
00405BFF	disabled	VisibleClassTy::Init	apply=0
00405C04	disabled	FUN_004af080	apply=0
00405C09	disabled	FUN_00617810	apply=0
00405C13	disabled	FUN_0065e070	apply=0
00405C18	disabled	MTaskTy::PlayScript	apply=0
00405C1D	disabled	STFieldC::InitSprSistem	apply=0
00405C22	disabled	PopUpTy::OutProc	apply=0
00405C27	disabled	FUN_004be470	apply=0
00405C2C	disabled	FUN_004ec400	apply=0
00405C31	disabled	HelpPanelTy::BwdBut	apply=0
00405C36	disabled	FUN_00566600	apply=0
00405C3B	disabled	HelpPanelTy::SwitchOptPanel	apply=0
00405C40	disabled	FUN_004dbf30	apply=0
00405C45	disabled	FUN_004e81b0	apply=0
00405C4A	disabled	STBoatC::FUN_004952c0	apply=0
00405C4F	disabled	FUN_005fda60	apply=0
00405C54	disabled	AiBossClassTy::AiBossClassTy	apply=0
00405C59	disabled	FUN_00618900	apply=0
00405C5E	disabled	STMineSetC::sub_00625730	apply=0
00405C68	disabled	FUN_005fb100	apply=0
00405C6D	disabled	FUN_006823e0	apply=0
00405C72	disabled	FUN_006460c0	apply=0
00405C77	disabled	FUN_0043f7b0	apply=0
00405C7C	disabled	FUN_0052a640	apply=0
00405C81	disabled	FUN_00696310	apply=0
00405C86	disabled	VisibleClassTy::sub_0055A870	apply=0
00405C8B	disabled	CreateChooseMap	apply=0
00405C90	disabled	FUN_00417ff0	apply=0
00405C95	disabled	FUN_00673690	apply=0
00405C9A	disabled	STParticleC::GetMessage	apply=0
00405C9F	disabled	STManRuinC::sub_00630C50	apply=0
00405CA4	disabled	STAllPlayersC::GetMessage	apply=0
00405CA9	disabled	STT3DSprC::sub_004ACEF0	apply=0
00405CAE	disabled	FUN_0067bd00	apply=0
00405CB3	disabled	FUN_006511e0	apply=0
00405CB8	disabled	FUN_0067ed20	apply=0
00405CBD	disabled	FUN_004c6bb0	apply=0
00405CC2	disabled	STAllPlayersC::_MakeMDPairs	apply=0
00405CCC	disabled	BldLabPanelTy::InitBldLabPanel	apply=0
00405CD1	disabled	FUN_00672970	apply=0
00405CD6	disabled	StartSystemTy::StartSystemTy	apply=0
00405CDB	disabled	FUN_00637f40	apply=0
00405CE0	disabled	FUN_005f0090	apply=0
00405CE5	disabled	FUN_005f0ba0	apply=0
00405CEA	disabled	FUN_005f9bd0	apply=0
00405CEF	disabled	FUN_00488890	apply=0
00405CF4	disabled	FUN_006767d0	apply=0
00405CF9	disabled	FUN_0042b760	apply=0
00405CFE	disabled	FUN_0061fb70	apply=0
00405D03	disabled	CPanelTy::sub_004FA870	apply=0
00405D08	disabled	FUN_00617560	apply=0
00405D0D	disabled	CGenerate::sub_0069ADA0	apply=0
00405D12	disabled	STAllPlayersC::SetActivityToObjs	apply=0
00405D17	disabled	FUN_0064a940	apply=0
00405D1C	disabled	MTaskTy::CreateBut	apply=0
00405D21	disabled	FUN_004e0220	apply=0
00405D26	disabled	FUN_0041c360	apply=0
00405D2B	disabled	FUN_0062dfd0	apply=0
00405D30	disabled	STDestC::sub_00602E90	apply=0
00405D35	disabled	FUN_004ad4a0	apply=0
00405D3A	disabled	FUN_0057b350	apply=0
00405D3F	disabled	ProdPanelTy::CreateSlider	apply=0
00405D44	disabled	CreateSAMPanel	apply=0
00405D49	disabled	FUN_00435820	apply=0
00405D4E	disabled	FUN_0063c380	apply=0
00405D53	disabled	STParticleC::InitVisibelDeton	apply=0
00405D58	disabled	STSprGameObjC::FUN_005efac0	apply=0
00405D5D	disabled	FUN_004908a0	apply=0
00405D62	disabled	FUN_00620da0	apply=0
00405D67	disabled	FUN_006834a0	apply=0
00405D6C	disabled	STLightC::LoadNextLight	apply=0
00405D71	disabled	FUN_00651db0	apply=0
00405D76	disabled	FUN_006057c0	apply=0
00405D7B	disabled	STGroupBoatC::InitWay	apply=0
00405D80	disabled	FUN_004e4180	apply=0
00405D85	disabled	CGenerate::sub_00697C50	apply=0
00405D8A	disabled	Library::MSVCRT::FUN_006a4950	apply=0
00405D8F	disabled	FUN_005822e0	apply=0
00405D94	disabled	FUN_0055c7e0	apply=0
00405D99	disabled	FUN_0069e4d0	apply=0
00405D9E	disabled	FrmPanelTy::PaintBut	apply=0
00405DA3	disabled	STGroupBoatC::GrpGuard	apply=0
00405DA8	disabled	FUN_00680270	apply=0
00405DAD	disabled	FUN_0064ff70	apply=0
00405DB2	disabled	FUN_005ef450	apply=0
00405DB7	disabled	VisibleClassTy::VisibleClassTy	apply=0
00405DBC	disabled	CPanelTy::ShiftControls	apply=0
00405DC1	disabled	FUN_00417ee0	apply=0
00405DC6	disabled	AiPlrClassTy::sub_0067A020	apply=0
00405DCB	disabled	FUN_004d7270	apply=0
00405DD0	disabled	DebugSystemC::DebugSystemC	apply=0
00405DD5	disabled	FUN_005c5ca0	apply=0
00405DDA	disabled	FUN_0054bdf0	apply=0
00405DDF	disabled	STRubbishC::STRubbishC	apply=0
00405DE4	disabled	FUN_005df930	apply=0
00405DE9	disabled	FUN_005ee6e0	apply=0
00405DEE	disabled	CPanelTy::sub_004F1950	apply=0
00405DF3	disabled	OptPanelTy::PaintVolume	apply=0
00405DF8	disabled	FUN_004be180	apply=0
00405DFD	disabled	FUN_004d7b10	apply=0
00405E02	disabled	FUN_0041d8c0	apply=0
00405E07	disabled	PlayPanelTy::sub_0053A540	apply=0
00405E0C	disabled	FUN_0055beb0	apply=0
00405E11	disabled	FUN_004df1a0	apply=0
00405E16	disabled	CPanelTy::Update4PanelSI	apply=0
00405E1B	disabled	FUN_00621640	apply=0
00405E20	disabled	FUN_0060ece0	apply=0
00405E25	disabled	MAdvTy::InitMAdv	apply=0
00405E2A	disabled	FUN_0064ed20	apply=0
00405E2F	disabled	FUN_005252c0	apply=0
00405E34	disabled	FUN_004e9c00	apply=0
00405E39	disabled	FUN_004b76d0	apply=0
00405E3E	disabled	FUN_004b9d20	apply=0
00405E43	disabled	STBoatC::GetExplosionInfo	apply=0
00405E48	disabled	FUN_004d85e0	apply=0
00405E4D	disabled	FUN_00679f00	apply=0
00405E52	disabled	PrividerTy::PaintPrivider	apply=0
00405E57	disabled	FUN_00483f10	apply=0
00405E5C	disabled	FUN_004d7b50	apply=0
00405E61	disabled	HelpPanelTy::TTreeProc	apply=0
00405E66	disabled	FUN_00484020	apply=0
00405E6B	disabled	FUN_004e4380	apply=0
00405E70	disabled	FUN_006a3a00	apply=0
00405E75	disabled	FUN_004cc130	apply=0
00405E7F	disabled	SubmarineTitans::Recovered::HiddenThis::AnonReceiver_0054A9B0::FUN_0054a9b0	apply=0
00405E84	disabled	FUN_00580450	apply=0
00405E89	disabled	WaitTy::DoneWait	apply=0
00405E8E	disabled	BldLabPanelTy::Update	apply=0
00405E93	disabled	STOctopusC::FUN_0058ba10	apply=0
00405E98	disabled	FUN_0067f180	apply=0
00405E9D	disabled	FUN_005682c0	apply=0
00405EA2	disabled	CPanelTy::PaintTxtBut	apply=0
00405EA7	disabled	OptPanelTy::GetMessage	apply=0
00405EAC	disabled	FUN_0064f000	apply=0
00405EB1	disabled	FUN_005fea50	apply=0
00405EB6	disabled	TLOBaseTy::sub_004E2AD0	apply=0
00405EBB	disabled	ResearchPanelTy::PaintUpdBut	apply=0
00405EC0	disabled	FUN_004e1d70	apply=0
00405EC5	disabled	FUN_0068e690	apply=0
00405ECA	disabled	STManRuinC::sub_00631880	apply=0
00405ECF	disabled	MReportTy::CreateBut	apply=0
00405ED4	disabled	TransPutDDX	apply=0
00405ED9	disabled	TLOEmbryoTy::Create	apply=0
00405EDE	disabled	STBHEShellC::GetMessage	apply=0
00405EE3	disabled	FUN_006a0070	apply=0
00405EE8	disabled	FUN_004e0250	apply=0
00405EED	disabled	FUN_0063bf70	apply=0
00405EF2	disabled	FUN_005862e0	apply=0
00405EF7	disabled	OptPanelTy::Notification	apply=0
00405EFC	disabled	FUN_00632e30	apply=0
00405F01	disabled	FUN_0064e5c0	apply=0
00405F06	disabled	STFishC::LifeFish	apply=0
00405F0B	disabled	STFishC::sub_004162F0	apply=0
00405F10	disabled	MainMenuTy::CloseButtons	apply=0
00405F15	disabled	VisibleClassTy::sub_0055B7F0	apply=0
00405F1A	disabled	FUN_0064fb00	apply=0
004C6B90	disabled	sub_004167A0	apply=0
00574520	disabled	FUN_00574540	apply=0
00574560	disabled	FUN_00574580	apply=0
005745A0	disabled	FUN_005745c0	apply=0
005759D0	disabled	FUN_005759f0	apply=0
00682270	disabled	FUN_00682290	apply=0
006948C0	disabled	FUN_00694890	apply=0
006B4447	disabled	Library::DKW::DDX::FUN_006b4563	apply=0
006B449D	disabled	Library::DKW::DDX::FUN_006b4563	apply=0
006C55B6	disabled	Library::DKW::DDX::FUN_006c5951	apply=0
006C56EB	disabled	Library::DKW::DDX::FUN_006c5951	apply=0
006CF54E	disabled	FUN_006cf415	apply=0
006CF5FF	disabled	FUN_006cf415	apply=0
006CF7B8	disabled	FUN_006cf8e4	apply=0
006CF84E	disabled	FUN_006cf8e4	apply=0
007292FF	disabled	FUN_007295bf	apply=0
00729389	disabled	FUN_007295bf	apply=0
0072C624	disabled	D3DRM.DLL::D3DRMVectorModulus	apply=0
0072C62A	disabled	DDRAW.DLL::DirectDrawCreate	apply=0
0072D6A0	disabled	DINPUT.DLL::DirectInputCreateA	apply=0
0072D6A6	disabled	DSOUND.DLL::Ordinal_2	apply=0
0072D6AC	disabled	DSOUND.DLL::Ordinal_1	apply=0
0072D6B2	disabled	DPLAYX.DLL::Ordinal_2	apply=0
0072D6B8	disabled	DPLAYX.DLL::Ordinal_1	apply=0
0072D6BE	disabled	DPLAYX.DLL::Ordinal_4	apply=0
0072D6C4	disabled	WSOCK32.DLL::WSACleanup	apply=0
0072D6CA	disabled	WSOCK32.DLL::inet_ntoa	apply=0
0072D6D0	disabled	WSOCK32.DLL::gethostbyname	apply=0
0072D6D6	disabled	WSOCK32.DLL::gethostname	apply=0
0072D6DC	disabled	WSOCK32.DLL::WSAStartup	apply=0
0072D6F4	disabled	FSGS.DLL::CFsgsConnection::OnGameUpdateReceived	apply=0
0072D6FA	disabled	FSGS.DLL::CFsgsConnection::OnStartGameReply	apply=0
007617B0	disabled	KERNEL32.DLL::RtlUnwind	apply=0
