name_apply	convention_apply	signature_apply	target_address	expected_name	expected_name_source	expected_signature	expected_signature_source	expected_calling_convention	proposed_calling_convention	proposed_name	owner	method	owner_type_path	table_addresses	table_names	table_owners	entry_addresses	slot_offsets	family	anchor_address	anchor_name	anchor_signature	return_type_path	parameters	varargs	noreturn	proposed_signature	confidence	reason
0	0	0	004137F0	FUN_004137f0	DEFAULT	undefined4 __stdcall FUN_004137f0(AnonShape_004137F0_350C8AE0 * param_1, int param_2, uint param_3, int param_4)	ANALYSIS	__stdcall	__thiscall	STGroupBoatC::vfunc_18	STGroupBoatC	vfunc_18	/STGroupBoatC	00790728	STGroupBoatCVTable	STGroupBoatC	00404967	0x18	00790728:6						false	false		low	slot_family_has_no_named_method; unique_owner_for_target
0	0	0	00415B10	FUN_00415b10	DEFAULT	undefined FUN_00415b10(void)	DEFAULT	unknown	__thiscall					007900A0 | 00790AA0 | 00797560 | 00798C70 | 0079B238 | 0079B3C4 | 0079B528 | 0079B68C | 0079B78C | 0079B8F0 | 0079BA54 | 0079BBB8 | 0079BD1C | 0079BE80 | 0079C260 | 0079C3EC | 0079C5AC | 0079C714 | 0079C9B0 | 0079CB14 | 0079CEFC | 0079D098 | 0079D4AC	STArtiafactCVTable | STColl3CVTable | STContainerCVTable | STCrabCVTable | STDcResourcCVTable | STDestCVTable | STExplosionVTable | STFishCVTable | STGameObjCVTable | STJellyGunCVTable | STJellyManCVTable | STLBombCVTable | STMBombCVTable | STMineSetCVTable | STOctopusCVTable | STRubbishCVTable | STSatCVTable | STSharkCVTable | STSprGameObjCVTable | STTorpCVTable | TLOBaseTyVTable | TLOEmbryoTyVTable | TLOFakeTyVTable	STArtiafactC | STColl3C | STContainerC | STCrabC | STDcResourcC | STDestC | STExplosion | STFishC | STGameObjC | STJellyGunC | STJellyManC | STLBombC | STMBombC | STMineSetC | STOctopusC | STRubbishC | STSatC | STSharkC | STSprGameObjC | STTorpC | TLOBaseTy | TLOEmbryoTy | TLOFakeTy	00402964	0x4	007900A0:1				/dword		false	false		low	slot_family_has_no_named_method; target_shared_by_multiple_owners
0	0	0	004168D0	FUN_004168d0	DEFAULT	undefined2 __stdcall FUN_004168d0(short param_1, short param_2, undefined4 param_3, short param_4, short param_5)	ANALYSIS	__stdcall	__thiscall					007900A0 | 007905A0 | 00790AA0 | 00797560 | 00798C70 | 0079B238 | 0079B3C4 | 0079B528 | 0079B68C | 0079B78C | 0079B8F0 | 0079BA54 | 0079BBB8 | 0079BD1C | 0079BE80 | 0079C260 | 0079C3EC | 0079C5AC | 0079C714 | 0079C9B0 | 0079CB14 | 0079CEFC | 0079D098 | 0079D4AC	STArtiafactCVTable | STBoatCVTable | STColl3CVTable | STContainerCVTable | STCrabCVTable | STDcResourcCVTable | STDestCVTable | STExplosionVTable | STFishCVTable | STGameObjCVTable | STJellyGunCVTable | STJellyManCVTable | STLBombCVTable | STMBombCVTable | STMineSetCVTable | STOctopusCVTable | STRubbishCVTable | STSatCVTable | STSharkCVTable | STSprGameObjCVTable | STTorpCVTable | TLOBaseTyVTable | TLOEmbryoTyVTable | TLOFakeTyVTable	STArtiafactC | STBoatC | STColl3C | STContainerC | STCrabC | STDcResourcC | STDestC | STExplosion | STFishC | STGameObjC | STJellyGunC | STJellyManC | STLBombC | STMBombC | STMineSetC | STOctopusC | STRubbishC | STSatC | STSharkC | STSprGameObjC | STTorpC | TLOBaseTy | TLOEmbryoTy | TLOFakeTy	00402AFE	0x10	007900A0:4 | 007905A0:4						false	false		low	target_used_by_multiple_slot_families; slot_family_has_no_named_method; target_shared_by_multiple_owners
0	0	0	00416DB0	FUN_00416db0	DEFAULT	undefined2 __stdcall FUN_00416db0(short param_1, short param_2, undefined4 param_3, short param_4, short param_5)	ANALYSIS	__stdcall	__thiscall					007900A0 | 007905A0 | 00790AA0 | 00797560 | 00798C70 | 0079B238 | 0079B3C4 | 0079B528 | 0079B68C | 0079B78C | 0079B8F0 | 0079BA54 | 0079BBB8 | 0079BD1C | 0079BE80 | 0079C260 | 0079C3EC | 0079C5AC | 0079C714 | 0079C9B0 | 0079CB14 | 0079CEFC | 0079D098 | 0079D4AC	STArtiafactCVTable | STBoatCVTable | STColl3CVTable | STContainerCVTable | STCrabCVTable | STDcResourcCVTable | STDestCVTable | STExplosionVTable | STFishCVTable | STGameObjCVTable | STJellyGunCVTable | STJellyManCVTable | STLBombCVTable | STMBombCVTable | STMineSetCVTable | STOctopusCVTable | STRubbishCVTable | STSatCVTable | STSharkCVTable | STSprGameObjCVTable | STTorpCVTable | TLOBaseTyVTable | TLOEmbryoTyVTable | TLOFakeTyVTable	STArtiafactC | STBoatC | STColl3C | STContainerC | STCrabC | STDcResourcC | STDestC | STExplosion | STFishC | STGameObjC | STJellyGunC | STJellyManC | STLBombC | STMBombC | STMineSetC | STOctopusC | STRubbishC | STSatC | STSharkC | STSprGameObjC | STTorpC | TLOBaseTy | TLOEmbryoTy | TLOFakeTy	004036AC	0x14	007900A0:5 | 007905A0:5						false	false		low	target_used_by_multiple_slot_families; slot_family_has_no_named_method; target_shared_by_multiple_owners
0	0	0	00417F30	FUN_00417f30	DEFAULT	bool __thiscall FUN_00417f30(void * this, short param_1, short param_2, short param_3)	ANALYSIS	__thiscall	__thiscall					007900A0 | 007905A0 | 00790AA0 | 00797560 | 00798C70 | 0079B238 | 0079B3C4 | 0079B528 | 0079B68C | 0079B78C | 0079B8F0 | 0079BA54 | 0079BBB8 | 0079BD1C | 0079BE80 | 0079C260 | 0079C3EC | 0079C5AC | 0079C714 | 0079C9B0 | 0079CB14 | 0079CEFC | 0079D098 | 0079D4AC	STArtiafactCVTable | STBoatCVTable | STColl3CVTable | STContainerCVTable | STCrabCVTable | STDcResourcCVTable | STDestCVTable | STExplosionVTable | STFishCVTable | STGameObjCVTable | STJellyGunCVTable | STJellyManCVTable | STLBombCVTable | STMBombCVTable | STMineSetCVTable | STOctopusCVTable | STRubbishCVTable | STSatCVTable | STSharkCVTable | STSprGameObjCVTable | STTorpCVTable | TLOBaseTyVTable | TLOEmbryoTyVTable | TLOFakeTyVTable	STArtiafactC | STBoatC | STColl3C | STContainerC | STCrabC | STDcResourcC | STDestC | STExplosion | STFishC | STGameObjC | STJellyGunC | STJellyManC | STLBombC | STMBombC | STMineSetC | STOctopusC | STRubbishC | STSatC | STSharkC | STSprGameObjC | STTorpC | TLOBaseTy | TLOEmbryoTy | TLOFakeTy	00404BCE	0x18	007900A0:6 | 007905A0:6						false	false		low	target_used_by_multiple_slot_families; slot_family_has_no_named_method; target_shared_by_multiple_owners
0	0	0	00418990	FUN_00418990	DEFAULT	undefined FUN_00418990(void)	DEFAULT	unknown	__thiscall					007900A0 | 0079B68C | 0079CB14 | 0079D098	STExplosionVTable | STGameObjCVTable | STJellyManCVTable | STRubbishCVTable	STExplosion | STGameObjC | STJellyManC | STRubbishC	00402EFA	0x8	007900A0:2						false	false		low	slot_family_has_no_named_method; target_shared_by_multiple_owners
0	0	0	004189B0	FUN_004189b0	DEFAULT	undefined FUN_004189b0(void)	DEFAULT	unknown	__thiscall					007900A0 | 00797560 | 0079B238 | 0079B3C4 | 0079B528 | 0079B68C | 0079B78C | 0079B8F0 | 0079BA54 | 0079BBB8 | 0079BD1C | 0079BE80 | 0079C5AC | 0079C9B0 | 0079CB14 | 0079CEFC | 0079D098 | 0079D4AC	STColl3CVTable | STCrabCVTable | STDcResourcCVTable | STDestCVTable | STExplosionVTable | STFishCVTable | STGameObjCVTable | STJellyGunCVTable | STJellyManCVTable | STLBombCVTable | STMBombCVTable | STMineSetCVTable | STOctopusCVTable | STRubbishCVTable | STSatCVTable | STSharkCVTable | STTorpCVTable | TLOFakeTyVTable	STColl3C | STCrabC | STDcResourcC | STDestC | STExplosion | STFishC | STGameObjC | STJellyGunC | STJellyManC | STLBombC | STMBombC | STMineSetC | STOctopusC | STRubbishC | STSatC | STSharkC | STTorpC | TLOFakeTy	00402EC3	0xC	007900A0:3						false	false		low	slot_family_has_no_named_method; target_shared_by_multiple_owners
0	0	0	004189D0	STGameObjC::MoveStep	USER_DEFINED	undefined4 __thiscall MoveStep(STGameObjC * this)	ANALYSIS	__thiscall	__thiscall	STGameObjC::MoveStep	STGameObjC	MoveStep	/STGameObjC	007900A0 | 00790AA0 | 00797560 | 00798C70 | 0079B238 | 0079B3C4 | 0079B528 | 0079B68C | 0079B78C | 0079B8F0 | 0079BA54 | 0079BBB8 | 0079BD1C | 0079BE80 | 0079C260 | 0079C3EC | 0079C5AC | 0079C714 | 0079C9B0 | 0079CB14 | 0079CEFC | 0079D098 | 0079D4AC	STArtiafactCVTable | STColl3CVTable | STContainerCVTable | STCrabCVTable | STDcResourcCVTable | STDestCVTable | STExplosionVTable | STFishCVTable | STGameObjCVTable | STJellyGunCVTable | STJellyManCVTable | STLBombCVTable | STMBombCVTable | STMineSetCVTable | STOctopusCVTable | STRubbishCVTable | STSatCVTable | STSharkCVTable | STSprGameObjCVTable | STTorpCVTable | TLOBaseTyVTable | TLOEmbryoTyVTable | TLOFakeTyVTable	STArtiafactC | STColl3C | STContainerC | STCrabC | STDcResourcC | STDestC | STExplosion | STFishC | STGameObjC | STJellyGunC | STJellyManC | STLBombC | STMBombC | STMineSetC | STOctopusC | STRubbishC | STSatC | STSharkC | STSprGameObjC | STTorpC | TLOBaseTy | TLOEmbryoTy | TLOFakeTy	004048F9	0x1C	007900A0:7						false	false		low	unique_named_method_in_slot_family; target_already_has_meaningful_name; no_qualified_signature_anchor
0	0	0	00418CE0	FUN_00418ce0	DEFAULT	undefined FUN_00418ce0(void)	DEFAULT	unknown	__thiscall					007900A0 | 00797560 | 0079B238 | 0079B3C4 | 0079B528 | 0079B68C | 0079B78C | 0079B8F0 | 0079BA54 | 0079BBB8 | 0079BD1C | 0079BE80 | 0079C260 | 0079C3EC | 0079C5AC | 0079C714 | 0079C9B0 | 0079CB14 | 0079CEFC | 0079D098 | 0079D4AC	STArtiafactCVTable | STColl3CVTable | STContainerCVTable | STCrabCVTable | STDcResourcCVTable | STDestCVTable | STExplosionVTable | STFishCVTable | STGameObjCVTable | STJellyGunCVTable | STJellyManCVTable | STLBombCVTable | STMBombCVTable | STMineSetCVTable | STOctopusCVTable | STRubbishCVTable | STSatCVTable | STSharkCVTable | STSprGameObjCVTable | STTorpCVTable | TLOFakeTyVTable	STArtiafactC | STColl3C | STContainerC | STCrabC | STDcResourcC | STDestC | STExplosion | STFishC | STGameObjC | STJellyGunC | STJellyManC | STLBombC | STMBombC | STMineSetC | STOctopusC | STRubbishC | STSatC | STSharkC | STSprGameObjC | STTorpC | TLOFakeTy	00404ECB	0xC4	007900A0:49						false	false		low	slot_family_has_no_named_method; target_shared_by_multiple_owners
0	0	0	00418D00	FUN_00418d00	DEFAULT	void FUN_00418d00(void)	ANALYSIS	unknown	__thiscall					007900A0 | 00797560 | 00798C70 | 0079B238 | 0079B3C4 | 0079B528 | 0079B68C | 0079B78C | 0079B8F0 | 0079BA54 | 0079BBB8 | 0079BD1C | 0079BE80 | 0079C260 | 0079C3EC | 0079C5AC | 0079C714 | 0079C9B0 | 0079CB14 | 0079CEFC | 0079D098 | 0079D4AC	STArtiafactCVTable | STColl3CVTable | STContainerCVTable | STCrabCVTable | STDcResourcCVTable | STDestCVTable | STExplosionVTable | STFishCVTable | STGameObjCVTable | STJellyGunCVTable | STJellyManCVTable | STLBombCVTable | STMBombCVTable | STMineSetCVTable | STOctopusCVTable | STRubbishCVTable | STSatCVTable | STSharkCVTable | STSprGameObjCVTable | STTorpCVTable | TLOEmbryoTyVTable | TLOFakeTyVTable	STArtiafactC | STColl3C | STContainerC | STCrabC | STDcResourcC | STDestC | STExplosion | STFishC | STGameObjC | STJellyGunC | STJellyManC | STLBombC | STMBombC | STMineSetC | STOctopusC | STRubbishC | STSatC | STSharkC | STSprGameObjC | STTorpC | TLOEmbryoTy | TLOFakeTy	00403AEE	0xC8	007900A0:50				/void	param_1=/undefined4	false	false		low	slot_family_has_no_named_method; target_shared_by_multiple_owners
0	0	0	00419A90	FUN_00419a90	DEFAULT	undefined4 __fastcall FUN_00419a90(STFishC * param_1)	ANALYSIS	__fastcall	__thiscall					007900A0 | 00790AA0 | 00797560 | 00798C70 | 0079B238 | 0079B3C4 | 0079B528 | 0079B68C | 0079B78C | 0079B8F0 | 0079BA54 | 0079BBB8 | 0079BD1C | 0079BE80 | 0079C260 | 0079C3EC | 0079C5AC | 0079C714 | 0079C9B0 | 0079CB14 | 0079CEFC | 0079D098 | 0079D4AC	STArtiafactCVTable | STColl3CVTable | STContainerCVTable | STCrabCVTable | STDcResourcCVTable | STDestCVTable | STExplosionVTable | STFishCVTable | STGameObjCVTable | STJellyGunCVTable | STJellyManCVTable | STLBombCVTable | STMBombCVTable | STMineSetCVTable | STOctopusCVTable | STRubbishCVTable | STSatCVTable | STSharkCVTable | STSprGameObjCVTable | STTorpCVTable | TLOBaseTyVTable | TLOEmbryoTyVTable | TLOFakeTyVTable	STArtiafactC | STColl3C | STContainerC | STCrabC | STDcResourcC | STDestC | STExplosion | STFishC | STGameObjC | STJellyGunC | STJellyManC | STLBombC | STMBombC | STMineSetC | STOctopusC | STRubbishC | STSatC | STSharkC | STSprGameObjC | STTorpC | TLOBaseTy | TLOEmbryoTy | TLOFakeTy	00404DD1	0x20	007900A0:8						false	false		low	slot_family_has_no_named_method; target_shared_by_multiple_owners
0	0	0	00419BF0	FUN_00419bf0	DEFAULT	int __fastcall FUN_00419bf0(int * param_1)	ANALYSIS	__fastcall	__thiscall					007900A0 | 007905A0 | 00790AA0 | 00797560 | 00798C70 | 0079B238 | 0079B3C4 | 0079B528 | 0079B68C | 0079B78C | 0079B8F0 | 0079BA54 | 0079BBB8 | 0079BD1C | 0079BE80 | 0079C260 | 0079C3EC | 0079C5AC | 0079C714 | 0079C9B0 | 0079CB14 | 0079CEFC | 0079D098 | 0079D4AC	STArtiafactCVTable | STBoatCVTable | STColl3CVTable | STContainerCVTable | STCrabCVTable | STDcResourcCVTable | STDestCVTable | STExplosionVTable | STFishCVTable | STGameObjCVTable | STJellyGunCVTable | STJellyManCVTable | STLBombCVTable | STMBombCVTable | STMineSetCVTable | STOctopusCVTable | STRubbishCVTable | STSatCVTable | STSharkCVTable | STSprGameObjCVTable | STTorpCVTable | TLOBaseTyVTable | TLOEmbryoTyVTable | TLOFakeTyVTable	STArtiafactC | STBoatC | STColl3C | STContainerC | STCrabC | STDcResourcC | STDestC | STExplosion | STFishC | STGameObjC | STJellyGunC | STJellyManC | STLBombC | STMBombC | STMineSetC | STOctopusC | STRubbishC | STSatC | STSharkC | STSprGameObjC | STTorpC | TLOBaseTy | TLOEmbryoTy | TLOFakeTy	00401438	0x24	007900A0:9 | 007905A0:9						false	false		low	target_used_by_multiple_slot_families; slot_family_has_no_named_method; target_shared_by_multiple_owners
0	0	0	00419DB0	FUN_00419db0	DEFAULT	undefined FUN_00419db0(void)	DEFAULT	unknown	__thiscall					007900A0 | 00797560 | 0079B238 | 0079B3C4 | 0079B528 | 0079B68C | 0079B78C | 0079B8F0 | 0079BA54 | 0079BBB8 | 0079BD1C | 0079BE80 | 0079C5AC | 0079C9B0 | 0079CB14 | 0079CEFC | 0079D098 | 0079D4AC	STColl3CVTable | STCrabCVTable | STDcResourcCVTable | STDestCVTable | STExplosionVTable | STFishCVTable | STGameObjCVTable | STJellyGunCVTable | STJellyManCVTable | STLBombCVTable | STMBombCVTable | STMineSetCVTable | STOctopusCVTable | STRubbishCVTable | STSatCVTable | STSharkCVTable | STTorpCVTable | TLOFakeTyVTable	STColl3C | STCrabC | STDcResourcC | STDestC | STExplosion | STFishC | STGameObjC | STJellyGunC | STJellyManC | STLBombC | STMBombC | STMineSetC | STOctopusC | STRubbishC | STSatC | STSharkC | STTorpC | TLOFakeTy	00404232	0x28	007900A0:10						false	false		low	slot_family_has_no_named_method; target_shared_by_multiple_owners
0	0	0	00419DD0	FUN_00419dd0	DEFAULT	undefined FUN_00419dd0(void)	DEFAULT	unknown	__thiscall					007900A0 | 00797560 | 0079C5AC | 0079CB14 | 0079D098 | 0079D4AC	STColl3CVTable | STExplosionVTable | STGameObjCVTable | STRubbishCVTable | STTorpCVTable | TLOFakeTyVTable	STColl3C | STExplosion | STGameObjC | STRubbishC | STTorpC | TLOFakeTy	004024E6	0x2C	007900A0:11						false	false		low	slot_family_has_no_named_method; target_shared_by_multiple_owners
0	0	0	0041AB60	FUN_0041ab60	DEFAULT	undefined __stdcall FUN_0041ab60(undefined4 * param_1)	ANALYSIS	__stdcall	__thiscall					007900A0 | 00797560 | 0079B238 | 0079B3C4 | 0079B68C | 0079B78C | 0079B8F0 | 0079BA54 | 0079BBB8 | 0079BD1C | 0079BE80 | 0079C5AC | 0079CB14 | 0079D098 | 0079D4AC	STColl3CVTable | STCrabCVTable | STExplosionVTable | STFishCVTable | STGameObjCVTable | STJellyGunCVTable | STJellyManCVTable | STLBombCVTable | STMBombCVTable | STOctopusCVTable | STRubbishCVTable | STSatCVTable | STSharkCVTable | STTorpCVTable | TLOFakeTyVTable	STColl3C | STCrabC | STExplosion | STFishC | STGameObjC | STJellyGunC | STJellyManC | STLBombC | STMBombC | STOctopusC | STRubbishC | STSatC | STSharkC | STTorpC | TLOFakeTy	00404F70	0x30	007900A0:12						false	false		low	slot_family_has_no_named_method; target_shared_by_multiple_owners
0	0	0	0041AB90	FUN_0041ab90	DEFAULT	undefined __stdcall FUN_0041ab90(undefined4 * param_1)	ANALYSIS	__stdcall	__thiscall					007900A0 | 00797560 | 0079B238 | 0079B3C4 | 0079B68C | 0079B78C | 0079B8F0 | 0079BA54 | 0079BBB8 | 0079BD1C | 0079BE80 | 0079C5AC | 0079CB14 | 0079D098 | 0079D4AC	STColl3CVTable | STCrabCVTable | STExplosionVTable | STFishCVTable | STGameObjCVTable | STJellyGunCVTable | STJellyManCVTable | STLBombCVTable | STMBombCVTable | STOctopusCVTable | STRubbishCVTable | STSatCVTable | STSharkCVTable | STTorpCVTable | TLOFakeTyVTable	STColl3C | STCrabC | STExplosion | STFishC | STGameObjC | STJellyGunC | STJellyManC | STLBombC | STMBombC | STOctopusC | STRubbishC | STSatC | STSharkC | STTorpC | TLOFakeTy	00402D2E	0x34	007900A0:13						false	false		low	slot_family_has_no_named_method; target_shared_by_multiple_owners
0	0	0	0041ABC0	FUN_0041abc0	DEFAULT	undefined __stdcall FUN_0041abc0(int * param_1)	ANALYSIS	__stdcall	__thiscall					007900A0 | 007905A0 | 00797560 | 00798C70 | 0079B238 | 0079B3C4 | 0079B528 | 0079B68C | 0079B78C | 0079B8F0 | 0079BA54 | 0079BBB8 | 0079BD1C | 0079BE80 | 0079C260 | 0079C3EC | 0079C5AC | 0079C714 | 0079C9B0 | 0079CB14 | 0079CEFC | 0079D098 | 0079D4AC	STArtiafactCVTable | STBoatCVTable | STColl3CVTable | STContainerCVTable | STCrabCVTable | STDcResourcCVTable | STDestCVTable | STExplosionVTable | STFishCVTable | STGameObjCVTable | STJellyGunCVTable | STJellyManCVTable | STLBombCVTable | STMBombCVTable | STMineSetCVTable | STOctopusCVTable | STRubbishCVTable | STSatCVTable | STSharkCVTable | STSprGameObjCVTable | STTorpCVTable | TLOEmbryoTyVTable | TLOFakeTyVTable	STArtiafactC | STBoatC | STColl3C | STContainerC | STCrabC | STDcResourcC | STDestC | STExplosion | STFishC | STGameObjC | STJellyGunC | STJellyManC | STLBombC | STMBombC | STMineSetC | STOctopusC | STRubbishC | STSatC | STSharkC | STSprGameObjC | STTorpC | TLOEmbryoTy | TLOFakeTy	00404DE5	0x38	007900A0:14 | 007905A0:14						false	false		low	target_used_by_multiple_slot_families; slot_family_has_no_named_method; target_shared_by_multiple_owners
0	0	0	0041ABF0	FUN_0041abf0	DEFAULT	undefined __stdcall FUN_0041abf0(int * param_1)	ANALYSIS	__stdcall	__thiscall					007900A0 | 007905A0 | 00797560 | 00798C70 | 0079B238 | 0079B3C4 | 0079B528 | 0079B68C | 0079B78C | 0079B8F0 | 0079BA54 | 0079BBB8 | 0079BD1C | 0079BE80 | 0079C260 | 0079C3EC | 0079C5AC | 0079C714 | 0079C9B0 | 0079CB14 | 0079CEFC | 0079D098 | 0079D4AC	STArtiafactCVTable | STBoatCVTable | STColl3CVTable | STContainerCVTable | STCrabCVTable | STDcResourcCVTable | STDestCVTable | STExplosionVTable | STFishCVTable | STGameObjCVTable | STJellyGunCVTable | STJellyManCVTable | STLBombCVTable | STMBombCVTable | STMineSetCVTable | STOctopusCVTable | STRubbishCVTable | STSatCVTable | STSharkCVTable | STSprGameObjCVTable | STTorpCVTable | TLOEmbryoTyVTable | TLOFakeTyVTable	STArtiafactC | STBoatC | STColl3C | STContainerC | STCrabC | STDcResourcC | STDestC | STExplosion | STFishC | STGameObjC | STJellyGunC | STJellyManC | STLBombC | STMBombC | STMineSetC | STOctopusC | STRubbishC | STSatC | STSharkC | STSprGameObjC | STTorpC | TLOEmbryoTy | TLOFakeTy	004056DC	0x3C	007900A0:15 | 007905A0:15						false	false		low	target_used_by_multiple_slot_families; slot_family_has_no_named_method; target_shared_by_multiple_owners
0	0	0	0041AC40	FUN_0041ac40	DEFAULT	undefined __stdcall FUN_0041ac40(int * param_1)	ANALYSIS	__stdcall	__thiscall					007900A0 | 00790AA0 | 00797560 | 00798C70 | 0079B238 | 0079B3C4 | 0079B528 | 0079B68C | 0079B78C | 0079B8F0 | 0079BA54 | 0079BBB8 | 0079BD1C | 0079BE80 | 0079C260 | 0079C3EC | 0079C5AC | 0079C714 | 0079C9B0 | 0079CB14 | 0079CEFC | 0079D098 | 0079D4AC	STArtiafactCVTable | STColl3CVTable | STContainerCVTable | STCrabCVTable | STDcResourcCVTable | STDestCVTable | STExplosionVTable | STFishCVTable | STGameObjCVTable | STJellyGunCVTable | STJellyManCVTable | STLBombCVTable | STMBombCVTable | STMineSetCVTable | STOctopusCVTable | STRubbishCVTable | STSatCVTable | STSharkCVTable | STSprGameObjCVTable | STTorpCVTable | TLOBaseTyVTable | TLOEmbryoTyVTable | TLOFakeTyVTable	STArtiafactC | STColl3C | STContainerC | STCrabC | STDcResourcC | STDestC | STExplosion | STFishC | STGameObjC | STJellyGunC | STJellyManC | STLBombC | STMBombC | STMineSetC | STOctopusC | STRubbishC | STSatC | STSharkC | STSprGameObjC | STTorpC | TLOBaseTy | TLOEmbryoTy | TLOFakeTy	0040295A	0x40	007900A0:16						false	false		low	slot_family_has_no_named_method; target_shared_by_multiple_owners
0	0	0	0041AC90	FUN_0041ac90	DEFAULT	undefined __stdcall FUN_0041ac90(undefined4 * param_1)	ANALYSIS	__stdcall	__thiscall					007900A0 | 007905A0 | 00797560 | 00798C70 | 0079B238 | 0079B3C4 | 0079B528 | 0079B68C | 0079B78C | 0079B8F0 | 0079BA54 | 0079BBB8 | 0079BD1C | 0079BE80 | 0079C260 | 0079C3EC | 0079C5AC | 0079C714 | 0079C9B0 | 0079CB14 | 0079CEFC | 0079D098 | 0079D4AC	STArtiafactCVTable | STBoatCVTable | STColl3CVTable | STContainerCVTable | STCrabCVTable | STDcResourcCVTable | STDestCVTable | STExplosionVTable | STFishCVTable | STGameObjCVTable | STJellyGunCVTable | STJellyManCVTable | STLBombCVTable | STMBombCVTable | STMineSetCVTable | STOctopusCVTable | STRubbishCVTable | STSatCVTable | STSharkCVTable | STSprGameObjCVTable | STTorpCVTable | TLOEmbryoTyVTable | TLOFakeTyVTable	STArtiafactC | STBoatC | STColl3C | STContainerC | STCrabC | STDcResourcC | STDestC | STExplosion | STFishC | STGameObjC | STJellyGunC | STJellyManC | STLBombC | STMBombC | STMineSetC | STOctopusC | STRubbishC | STSatC | STSharkC | STSprGameObjC | STTorpC | TLOEmbryoTy | TLOFakeTy	004050BF	0x44	007900A0:17 | 007905A0:17						false	false		low	target_used_by_multiple_slot_families; slot_family_has_no_named_method; target_shared_by_multiple_owners
0	0	0	0041ACC0	FUN_0041acc0	DEFAULT	undefined __stdcall FUN_0041acc0(undefined4 * param_1)	ANALYSIS	__stdcall	__thiscall					007900A0 | 007905A0 | 00797560 | 00798C70 | 0079B238 | 0079B3C4 | 0079B528 | 0079B68C | 0079B78C | 0079B8F0 | 0079BA54 | 0079BBB8 | 0079BD1C | 0079BE80 | 0079C260 | 0079C3EC | 0079C5AC | 0079C714 | 0079C9B0 | 0079CB14 | 0079CEFC | 0079D098 | 0079D4AC	STArtiafactCVTable | STBoatCVTable | STColl3CVTable | STContainerCVTable | STCrabCVTable | STDcResourcCVTable | STDestCVTable | STExplosionVTable | STFishCVTable | STGameObjCVTable | STJellyGunCVTable | STJellyManCVTable | STLBombCVTable | STMBombCVTable | STMineSetCVTable | STOctopusCVTable | STRubbishCVTable | STSatCVTable | STSharkCVTable | STSprGameObjCVTable | STTorpCVTable | TLOEmbryoTyVTable | TLOFakeTyVTable	STArtiafactC | STBoatC | STColl3C | STContainerC | STCrabC | STDcResourcC | STDestC | STExplosion | STFishC | STGameObjC | STJellyGunC | STJellyManC | STLBombC | STMBombC | STMineSetC | STOctopusC | STRubbishC | STSatC | STSharkC | STSprGameObjC | STTorpC | TLOEmbryoTy | TLOFakeTy	004014E7	0x48	007900A0:18 | 007905A0:18						false	false		low	target_used_by_multiple_slot_families; slot_family_has_no_named_method; target_shared_by_multiple_owners
0	0	0	0041ACF0	FUN_0041acf0	DEFAULT	undefined __stdcall FUN_0041acf0(undefined4 * param_1)	ANALYSIS	__stdcall	__thiscall					007900A0 | 00790AA0 | 00797560 | 00798C70 | 0079B238 | 0079B3C4 | 0079B528 | 0079B68C | 0079B78C | 0079B8F0 | 0079BA54 | 0079BBB8 | 0079BD1C | 0079BE80 | 0079C260 | 0079C3EC | 0079C5AC | 0079C714 | 0079C9B0 | 0079CB14 | 0079CEFC | 0079D098 | 0079D4AC	STArtiafactCVTable | STColl3CVTable | STContainerCVTable | STCrabCVTable | STDcResourcCVTable | STDestCVTable | STExplosionVTable | STFishCVTable | STGameObjCVTable | STJellyGunCVTable | STJellyManCVTable | STLBombCVTable | STMBombCVTable | STMineSetCVTable | STOctopusCVTable | STRubbishCVTable | STSatCVTable | STSharkCVTable | STSprGameObjCVTable | STTorpCVTable | TLOBaseTyVTable | TLOEmbryoTyVTable | TLOFakeTyVTable	STArtiafactC | STColl3C | STContainerC | STCrabC | STDcResourcC | STDestC | STExplosion | STFishC | STGameObjC | STJellyGunC | STJellyManC | STLBombC | STMBombC | STMineSetC | STOctopusC | STRubbishC | STSatC | STSharkC | STSprGameObjC | STTorpC | TLOBaseTy | TLOEmbryoTy | TLOFakeTy	00404FC0	0x4C	007900A0:19						false	false		low	slot_family_has_no_named_method; target_shared_by_multiple_owners
0	0	0	0041AD20	FUN_0041ad20	DEFAULT	undefined __stdcall FUN_0041ad20(int * param_1)	ANALYSIS	__stdcall	__thiscall					007900A0 | 007905A0 | 00797560 | 00798C70 | 0079B238 | 0079B3C4 | 0079B528 | 0079B68C | 0079B78C | 0079B8F0 | 0079BA54 | 0079BBB8 | 0079BD1C | 0079BE80 | 0079C260 | 0079C3EC | 0079C5AC | 0079C714 | 0079C9B0 | 0079CB14 | 0079CEFC | 0079D098 | 0079D4AC	STArtiafactCVTable | STBoatCVTable | STColl3CVTable | STContainerCVTable | STCrabCVTable | STDcResourcCVTable | STDestCVTable | STExplosionVTable | STFishCVTable | STGameObjCVTable | STJellyGunCVTable | STJellyManCVTable | STLBombCVTable | STMBombCVTable | STMineSetCVTable | STOctopusCVTable | STRubbishCVTable | STSatCVTable | STSharkCVTable | STSprGameObjCVTable | STTorpCVTable | TLOEmbryoTyVTable | TLOFakeTyVTable	STArtiafactC | STBoatC | STColl3C | STContainerC | STCrabC | STDcResourcC | STDestC | STExplosion | STFishC | STGameObjC | STJellyGunC | STJellyManC | STLBombC | STMBombC | STMineSetC | STOctopusC | STRubbishC | STSatC | STSharkC | STSprGameObjC | STTorpC | TLOEmbryoTy | TLOFakeTy	00405B41	0x50	007900A0:20 | 007905A0:20						false	false		low	target_used_by_multiple_slot_families; slot_family_has_no_named_method; target_shared_by_multiple_owners
0	0	0	0041AD50	FUN_0041ad50	DEFAULT	undefined __stdcall FUN_0041ad50(undefined4 * param_1)	ANALYSIS	__stdcall	__thiscall					007900A0 | 007905A0 | 00790AA0 | 00797560 | 00798C70 | 0079B238 | 0079B3C4 | 0079B528 | 0079B68C | 0079B78C | 0079B8F0 | 0079BA54 | 0079BBB8 | 0079BD1C | 0079BE80 | 0079C260 | 0079C3EC | 0079C5AC | 0079C714 | 0079C9B0 | 0079CB14 | 0079CEFC | 0079D098 | 0079D4AC	STArtiafactCVTable | STBoatCVTable | STColl3CVTable | STContainerCVTable | STCrabCVTable | STDcResourcCVTable | STDestCVTable | STExplosionVTable | STFishCVTable | STGameObjCVTable | STJellyGunCVTable | STJellyManCVTable | STLBombCVTable | STMBombCVTable | STMineSetCVTable | STOctopusCVTable | STRubbishCVTable | STSatCVTable | STSharkCVTable | STSprGameObjCVTable | STTorpCVTable | TLOBaseTyVTable | TLOEmbryoTyVTable | TLOFakeTyVTable	STArtiafactC | STBoatC | STColl3C | STContainerC | STCrabC | STDcResourcC | STDestC | STExplosion | STFishC | STGameObjC | STJellyGunC | STJellyManC | STLBombC | STMBombC | STMineSetC | STOctopusC | STRubbishC | STSatC | STSharkC | STSprGameObjC | STTorpC | TLOBaseTy | TLOEmbryoTy | TLOFakeTy	004039F9	0x54	007900A0:21 | 007905A0:21						false	false		low	target_used_by_multiple_slot_families; slot_family_has_no_named_method; target_shared_by_multiple_owners
0	0	0	0041AD80	FUN_0041ad80	DEFAULT	undefined __stdcall FUN_0041ad80(undefined4 * param_1)	ANALYSIS	__stdcall	__thiscall					007900A0 | 00790AA0 | 00797560 | 00798C70 | 0079B238 | 0079B3C4 | 0079B68C | 0079B78C | 0079B8F0 | 0079BA54 | 0079BBB8 | 0079BD1C | 0079BE80 | 0079C5AC | 0079C9B0 | 0079CB14 | 0079D098 | 0079D4AC	STColl3CVTable | STCrabCVTable | STDestCVTable | STExplosionVTable | STFishCVTable | STGameObjCVTable | STJellyGunCVTable | STJellyManCVTable | STLBombCVTable | STMBombCVTable | STOctopusCVTable | STRubbishCVTable | STSatCVTable | STSharkCVTable | STTorpCVTable | TLOBaseTyVTable | TLOEmbryoTyVTable | TLOFakeTyVTable	STColl3C | STCrabC | STDestC | STExplosion | STFishC | STGameObjC | STJellyGunC | STJellyManC | STLBombC | STMBombC | STOctopusC | STRubbishC | STSatC | STSharkC | STTorpC | TLOBaseTy | TLOEmbryoTy | TLOFakeTy	00404444	0x58	007900A0:22						false	false		low	slot_family_has_no_named_method; target_shared_by_multiple_owners
0	0	0	0041ADB0	FUN_0041adb0	DEFAULT	undefined __stdcall FUN_0041adb0(undefined4 * param_1)	ANALYSIS	__stdcall	__thiscall					007900A0 | 007905A0 | 00797560 | 00798C70 | 0079B238 | 0079B3C4 | 0079B68C | 0079B78C | 0079B8F0 | 0079BA54 | 0079BBB8 | 0079BD1C | 0079BE80 | 0079C5AC | 0079C9B0 | 0079CB14 | 0079D098 | 0079D4AC	STBoatCVTable | STColl3CVTable | STCrabCVTable | STDestCVTable | STExplosionVTable | STFishCVTable | STGameObjCVTable | STJellyGunCVTable | STJellyManCVTable | STLBombCVTable | STMBombCVTable | STOctopusCVTable | STRubbishCVTable | STSatCVTable | STSharkCVTable | STTorpCVTable | TLOEmbryoTyVTable | TLOFakeTyVTable	STBoatC | STColl3C | STCrabC | STDestC | STExplosion | STFishC | STGameObjC | STJellyGunC | STJellyManC | STLBombC | STMBombC | STOctopusC | STRubbishC | STSatC | STSharkC | STTorpC | TLOEmbryoTy | TLOFakeTy	00404624	0x5C	007900A0:23 | 007905A0:23						false	false		low	target_used_by_multiple_slot_families; slot_family_has_no_named_method; target_shared_by_multiple_owners
0	0	0	0041ADE0	FUN_0041ade0	DEFAULT	undefined __stdcall FUN_0041ade0(undefined4 * param_1)	ANALYSIS	__stdcall	__thiscall					007900A0 | 00790AA0 | 00797560 | 00798C70 | 0079B238 | 0079B3C4 | 0079B528 | 0079B68C | 0079B78C | 0079B8F0 | 0079BA54 | 0079BBB8 | 0079BD1C | 0079BE80 | 0079C260 | 0079C3EC | 0079C5AC | 0079C714 | 0079C9B0 | 0079CB14 | 0079CEFC | 0079D098 | 0079D4AC	STArtiafactCVTable | STColl3CVTable | STContainerCVTable | STCrabCVTable | STDcResourcCVTable | STDestCVTable | STExplosionVTable | STFishCVTable | STGameObjCVTable | STJellyGunCVTable | STJellyManCVTable | STLBombCVTable | STMBombCVTable | STMineSetCVTable | STOctopusCVTable | STRubbishCVTable | STSatCVTable | STSharkCVTable | STSprGameObjCVTable | STTorpCVTable | TLOBaseTyVTable | TLOEmbryoTyVTable | TLOFakeTyVTable	STArtiafactC | STColl3C | STContainerC | STCrabC | STDcResourcC | STDestC | STExplosion | STFishC | STGameObjC | STJellyGunC | STJellyManC | STLBombC | STMBombC | STMineSetC | STOctopusC | STRubbishC | STSatC | STSharkC | STSprGameObjC | STTorpC | TLOBaseTy | TLOEmbryoTy | TLOFakeTy	004045B6	0x60	007900A0:24						false	false		low	slot_family_has_no_named_method; target_shared_by_multiple_owners
0	0	0	0041AE10	FUN_0041ae10	DEFAULT	undefined __stdcall FUN_0041ae10(undefined4 * param_1)	ANALYSIS	__stdcall	__thiscall					007900A0 | 007905A0 | 00790AA0 | 00797560 | 00798C70 | 0079B238 | 0079B3C4 | 0079B528 | 0079B68C | 0079B78C | 0079B8F0 | 0079BA54 | 0079BBB8 | 0079BD1C | 0079BE80 | 0079C260 | 0079C3EC | 0079C5AC | 0079C714 | 0079C9B0 | 0079CB14 | 0079D098 | 0079D4AC	STArtiafactCVTable | STBoatCVTable | STColl3CVTable | STContainerCVTable | STCrabCVTable | STDcResourcCVTable | STDestCVTable | STExplosionVTable | STFishCVTable | STGameObjCVTable | STJellyGunCVTable | STJellyManCVTable | STLBombCVTable | STMBombCVTable | STOctopusCVTable | STRubbishCVTable | STSatCVTable | STSharkCVTable | STSprGameObjCVTable | STTorpCVTable | TLOBaseTyVTable | TLOEmbryoTyVTable | TLOFakeTyVTable	STArtiafactC | STBoatC | STColl3C | STContainerC | STCrabC | STDcResourcC | STDestC | STExplosion | STFishC | STGameObjC | STJellyGunC | STJellyManC | STLBombC | STMBombC | STOctopusC | STRubbishC | STSatC | STSharkC | STSprGameObjC | STTorpC | TLOBaseTy | TLOEmbryoTy | TLOFakeTy	004054F7	0x64	007900A0:25 | 007905A0:25						false	false		low	target_used_by_multiple_slot_families; slot_family_has_no_named_method; target_shared_by_multiple_owners
0	0	0	0041AE40	FUN_0041ae40	DEFAULT	undefined __thiscall FUN_0041ae40(void * this, undefined4 * param_1)	ANALYSIS	__thiscall	__thiscall					007900A0 | 00797560 | 0079B238 | 0079B3C4 | 0079B528 | 0079B68C | 0079B78C | 0079B8F0 | 0079BA54 | 0079BBB8 | 0079BD1C | 0079BE80 | 0079C260 | 0079C3EC | 0079C5AC | 0079C714 | 0079C9B0 | 0079CB14 | 0079CEFC | 0079D098 | 0079D4AC	STArtiafactCVTable | STColl3CVTable | STContainerCVTable | STCrabCVTable | STDcResourcCVTable | STDestCVTable | STExplosionVTable | STFishCVTable | STGameObjCVTable | STJellyGunCVTable | STJellyManCVTable | STLBombCVTable | STMBombCVTable | STMineSetCVTable | STOctopusCVTable | STRubbishCVTable | STSatCVTable | STSharkCVTable | STSprGameObjCVTable | STTorpCVTable | TLOFakeTyVTable	STArtiafactC | STColl3C | STContainerC | STCrabC | STDcResourcC | STDestC | STExplosion | STFishC | STGameObjC | STJellyGunC | STJellyManC | STLBombC | STMBombC | STMineSetC | STOctopusC | STRubbishC | STSatC | STSharkC | STSprGameObjC | STTorpC | TLOFakeTy	00401780	0x68	007900A0:26						false	false		low	slot_family_has_no_named_method; target_shared_by_multiple_owners
0	0	0	0041AE80	FUN_0041ae80	DEFAULT	undefined FUN_0041ae80(void)	DEFAULT	unknown	__thiscall					007900A0 | 00797560 | 00798C70 | 0079B238 | 0079B3C4 | 0079B528 | 0079B68C | 0079B78C | 0079B8F0 | 0079BA54 | 0079BBB8 | 0079BD1C | 0079BE80 | 0079C260 | 0079C3EC | 0079C5AC | 0079C714 | 0079C9B0 | 0079CB14 | 0079D098 | 0079D4AC	STArtiafactCVTable | STColl3CVTable | STContainerCVTable | STCrabCVTable | STDcResourcCVTable | STDestCVTable | STExplosionVTable | STFishCVTable | STGameObjCVTable | STJellyGunCVTable | STJellyManCVTable | STLBombCVTable | STMBombCVTable | STOctopusCVTable | STRubbishCVTable | STSatCVTable | STSharkCVTable | STSprGameObjCVTable | STTorpCVTable | TLOEmbryoTyVTable | TLOFakeTyVTable	STArtiafactC | STColl3C | STContainerC | STCrabC | STDcResourcC | STDestC | STExplosion | STFishC | STGameObjC | STJellyGunC | STJellyManC | STLBombC | STMBombC | STOctopusC | STRubbishC | STSatC | STSharkC | STSprGameObjC | STTorpC | TLOEmbryoTy | TLOFakeTy	004039C2	0x6C	007900A0:27				/dword		false	false		low	slot_family_has_no_named_method; target_shared_by_multiple_owners
0	0	0	0041AEA0	FUN_0041aea0	DEFAULT	undefined __stdcall FUN_0041aea0(undefined1 * param_1)	ANALYSIS	__stdcall	__thiscall					007900A0 | 00797560 | 00798C70 | 0079B238 | 0079B3C4 | 0079B528 | 0079B68C | 0079B78C | 0079B8F0 | 0079BA54 | 0079BBB8 | 0079BD1C | 0079BE80 | 0079C3EC | 0079C5AC | 0079CB14 | 0079D098 | 0079D4AC	STColl3CVTable | STCrabCVTable | STDcResourcCVTable | STExplosionVTable | STFishCVTable | STGameObjCVTable | STJellyGunCVTable | STJellyManCVTable | STLBombCVTable | STMBombCVTable | STOctopusCVTable | STRubbishCVTable | STSatCVTable | STSharkCVTable | STSprGameObjCVTable | STTorpCVTable | TLOEmbryoTyVTable | TLOFakeTyVTable	STColl3C | STCrabC | STDcResourcC | STExplosion | STFishC | STGameObjC | STJellyGunC | STJellyManC | STLBombC | STMBombC | STOctopusC | STRubbishC | STSatC | STSharkC | STSprGameObjC | STTorpC | TLOEmbryoTy | TLOFakeTy	00402BF8	0x74	007900A0:29						false	false		low	slot_family_has_no_named_method; target_shared_by_multiple_owners
0	0	0	0041AEC0	FUN_0041aec0	DEFAULT	void FUN_0041aec0(void)	ANALYSIS	unknown	__thiscall					007900A0 | 00797560 | 00798C70 | 0079B238 | 0079B3C4 | 0079B528 | 0079B68C | 0079B78C | 0079B8F0 | 0079BA54 | 0079BBB8 | 0079BD1C | 0079BE80 | 0079C3EC | 0079C5AC | 0079CB14 | 0079D098 | 0079D4AC	STColl3CVTable | STCrabCVTable | STDcResourcCVTable | STExplosionVTable | STFishCVTable | STGameObjCVTable | STJellyGunCVTable | STJellyManCVTable | STLBombCVTable | STMBombCVTable | STOctopusCVTable | STRubbishCVTable | STSatCVTable | STSharkCVTable | STSprGameObjCVTable | STTorpCVTable | TLOEmbryoTyVTable | TLOFakeTyVTable	STColl3C | STCrabC | STDcResourcC | STExplosion | STFishC | STGameObjC | STJellyGunC | STJellyManC | STLBombC | STMBombC | STOctopusC | STRubbishC | STSatC | STSharkC | STSprGameObjC | STTorpC | TLOEmbryoTy | TLOFakeTy	0040572C	0x70	007900A0:28				/void	param_1=/undefined4	false	false		low	slot_family_has_no_named_method; target_shared_by_multiple_owners
0	0	0	0041AF40	STGameObjC::GetMessage	USER_DEFINED	int __thiscall GetMessage(STGameObjC * this, STMessage * message)	ANALYSIS	__thiscall	__thiscall	STGameObjC::GetMessage	STGameObjC	GetMessage	/STGameObjC	007900A0	STGameObjCVTable	STGameObjC	00403EBD	0x0	007900A0:0	0041E530	STSprGameObjC::GetMessage	int __thiscall GetMessage(STSprGameObjC * this, STMessage * message)	/int	message=/SubmarineTitans/Recovered/STMessage *32	false	false	int __thiscall STGameObjC::GetMessage(STMessage * message)	low	unique_named_method_in_slot_family; target_already_has_meaningful_name; signature_anchor=STSprGameObjC::GetMessage
0	0	0	0041C2C0	FUN_0041c2c0	DEFAULT	undefined FUN_0041c2c0(void)	DEFAULT	unknown	__thiscall					007900A0 | 00797560 | 00798C70 | 0079B238 | 0079B3C4 | 0079B528 | 0079B68C | 0079B78C | 0079B8F0 | 0079BA54 | 0079BBB8 | 0079BD1C | 0079BE80 | 0079C9B0 | 0079CB14 | 0079CEFC | 0079D098 | 0079D4AC	STCrabCVTable | STDcResourcCVTable | STDestCVTable | STExplosionVTable | STFishCVTable | STGameObjCVTable | STJellyGunCVTable | STJellyManCVTable | STLBombCVTable | STMBombCVTable | STMineSetCVTable | STOctopusCVTable | STRubbishCVTable | STSatCVTable | STSharkCVTable | STTorpCVTable | TLOEmbryoTyVTable | TLOFakeTyVTable	STCrabC | STDcResourcC | STDestC | STExplosion | STFishC | STGameObjC | STJellyGunC | STJellyManC | STLBombC | STMBombC | STMineSetC | STOctopusC | STRubbishC | STSatC | STSharkC | STTorpC | TLOEmbryoTy | TLOFakeTy	0040349F	0x78	007900A0:30						false	false		low	slot_family_has_no_named_method; target_shared_by_multiple_owners
0	0	0	0041C2E0	FUN_0041c2e0	DEFAULT	undefined FUN_0041c2e0(void)	DEFAULT	unknown	__thiscall					007900A0 | 00797560 | 0079B238 | 0079B3C4 | 0079B528 | 0079B68C | 0079B78C | 0079B8F0 | 0079BA54 | 0079BBB8 | 0079BD1C | 0079BE80 | 0079C9B0 | 0079CB14 | 0079D098 | 0079D4AC	STCrabCVTable | STDcResourcCVTable | STDestCVTable | STExplosionVTable | STFishCVTable | STGameObjCVTable | STJellyGunCVTable | STJellyManCVTable | STLBombCVTable | STMBombCVTable | STOctopusCVTable | STRubbishCVTable | STSatCVTable | STSharkCVTable | STTorpCVTable | TLOFakeTyVTable	STCrabC | STDcResourcC | STDestC | STExplosion | STFishC | STGameObjC | STJellyGunC | STJellyManC | STLBombC | STMBombC | STOctopusC | STRubbishC | STSatC | STSharkC | STTorpC | TLOFakeTy	00405501	0x7C	007900A0:31						false	false		low	slot_family_has_no_named_method; target_shared_by_multiple_owners
0	0	0	0041C300	FUN_0041c300	DEFAULT	void FUN_0041c300(void)	ANALYSIS	unknown	__thiscall					007900A0 | 00797560 | 00798C70 | 0079B238 | 0079B3C4 | 0079B528 | 0079B68C | 0079B78C | 0079B8F0 | 0079BA54 | 0079BBB8 | 0079BD1C | 0079BE80 | 0079C260 | 0079C3EC | 0079C5AC | 0079C714 | 0079C9B0 | 0079CB14 | 0079CEFC | 0079D098 | 0079D4AC	STArtiafactCVTable | STColl3CVTable | STContainerCVTable | STCrabCVTable | STDcResourcCVTable | STDestCVTable | STExplosionVTable | STFishCVTable | STGameObjCVTable | STJellyGunCVTable | STJellyManCVTable | STLBombCVTable | STMBombCVTable | STMineSetCVTable | STOctopusCVTable | STRubbishCVTable | STSatCVTable | STSharkCVTable | STSprGameObjCVTable | STTorpCVTable | TLOEmbryoTyVTable | TLOFakeTyVTable	STArtiafactC | STColl3C | STContainerC | STCrabC | STDcResourcC | STDestC | STExplosion | STFishC | STGameObjC | STJellyGunC | STJellyManC | STLBombC | STMBombC | STMineSetC | STOctopusC | STRubbishC | STSatC | STSharkC | STSprGameObjC | STTorpC | TLOEmbryoTy | TLOFakeTy	0040411F	0x80	007900A0:32				/void	param_1=/undefined4	false	false		low	slot_family_has_no_named_method; target_shared_by_multiple_owners
0	0	0	0041C320	FUN_0041c320	DEFAULT	void FUN_0041c320(void)	ANALYSIS	unknown	__thiscall					007900A0 | 00797560 | 00798C70 | 0079B238 | 0079B3C4 | 0079B528 | 0079B68C | 0079B78C | 0079B8F0 | 0079BA54 | 0079BBB8 | 0079BD1C | 0079BE80 | 0079C260 | 0079C3EC | 0079C5AC | 0079C714 | 0079C9B0 | 0079CB14 | 0079CEFC | 0079D098 | 0079D4AC	STArtiafactCVTable | STColl3CVTable | STContainerCVTable | STCrabCVTable | STDcResourcCVTable | STDestCVTable | STExplosionVTable | STFishCVTable | STGameObjCVTable | STJellyGunCVTable | STJellyManCVTable | STLBombCVTable | STMBombCVTable | STMineSetCVTable | STOctopusCVTable | STRubbishCVTable | STSatCVTable | STSharkCVTable | STSprGameObjCVTable | STTorpCVTable | TLOEmbryoTyVTable | TLOFakeTyVTable	STArtiafactC | STColl3C | STContainerC | STCrabC | STDcResourcC | STDestC | STExplosion | STFishC | STGameObjC | STJellyGunC | STJellyManC | STLBombC | STMBombC | STMineSetC | STOctopusC | STRubbishC | STSatC | STSharkC | STSprGameObjC | STTorpC | TLOEmbryoTy | TLOFakeTy	004054D9	0x84	007900A0:33				/void	param_1=/undefined4	false	false		low	slot_family_has_no_named_method; target_shared_by_multiple_owners
0	0	0	0041C340	FUN_0041c340	DEFAULT	undefined FUN_0041c340(void)	DEFAULT	unknown	__thiscall					007900A0 | 007905A0 | 00797560 | 00798C70 | 0079B238 | 0079B3C4 | 0079B528 | 0079B68C | 0079B78C | 0079B8F0 | 0079BA54 | 0079BBB8 | 0079BD1C | 0079BE80 | 0079C260 | 0079C3EC | 0079C5AC | 0079C714 | 0079C9B0 | 0079CB14 | 0079CEFC | 0079D098 | 0079D4AC	STArtiafactCVTable | STBoatCVTable | STColl3CVTable | STContainerCVTable | STCrabCVTable | STDcResourcCVTable | STDestCVTable | STExplosionVTable | STFishCVTable | STGameObjCVTable | STJellyGunCVTable | STJellyManCVTable | STLBombCVTable | STMBombCVTable | STMineSetCVTable | STOctopusCVTable | STRubbishCVTable | STSatCVTable | STSharkCVTable | STSprGameObjCVTable | STTorpCVTable | TLOEmbryoTyVTable | TLOFakeTyVTable	STArtiafactC | STBoatC | STColl3C | STContainerC | STCrabC | STDcResourcC | STDestC | STExplosion | STFishC | STGameObjC | STJellyGunC | STJellyManC | STLBombC | STMBombC | STMineSetC | STOctopusC | STRubbishC | STSatC | STSharkC | STSprGameObjC | STTorpC | TLOEmbryoTy | TLOFakeTy	004045DE	0x88	007900A0:34 | 007905A0:34						false	false		low	target_used_by_multiple_slot_families; slot_family_has_no_named_method; target_shared_by_multiple_owners
0	0	0	0041C360	FUN_0041c360	DEFAULT	void FUN_0041c360(void)	ANALYSIS	unknown	__thiscall					007900A0 | 00790AA0 | 00797560 | 00798C70 | 0079B238 | 0079B3C4 | 0079B528 | 0079B68C | 0079B78C | 0079B8F0 | 0079BA54 | 0079BBB8 | 0079BD1C | 0079BE80 | 0079C260 | 0079C3EC | 0079C5AC | 0079C714 | 0079C9B0 | 0079CB14 | 0079CEFC | 0079D098 | 0079D4AC	STArtiafactCVTable | STColl3CVTable | STContainerCVTable | STCrabCVTable | STDcResourcCVTable | STDestCVTable | STExplosionVTable | STFishCVTable | STGameObjCVTable | STJellyGunCVTable | STJellyManCVTable | STLBombCVTable | STMBombCVTable | STMineSetCVTable | STOctopusCVTable | STRubbishCVTable | STSatCVTable | STSharkCVTable | STSprGameObjCVTable | STTorpCVTable | TLOBaseTyVTable | TLOEmbryoTyVTable | TLOFakeTyVTable	STArtiafactC | STColl3C | STContainerC | STCrabC | STDcResourcC | STDestC | STExplosion | STFishC | STGameObjC | STJellyGunC | STJellyManC | STLBombC | STMBombC | STMineSetC | STOctopusC | STRubbishC | STSatC | STSharkC | STSprGameObjC | STTorpC | TLOBaseTy | TLOEmbryoTy | TLOFakeTy	00405D26	0x8C	007900A0:35				/void	param_1=/undefined4;param_2=/undefined4;param_3=/undefined4	false	false		low	slot_family_has_no_named_method; target_shared_by_multiple_owners
0	0	0	0041C380	FUN_0041c380	DEFAULT	undefined __thiscall FUN_0041c380(void * this, SoundPlayMode mode, int soundId)	ANALYSIS	__thiscall	__thiscall					007900A0 | 007905A0 | 00790AA0 | 00797560 | 00798C70 | 0079B238 | 0079B3C4 | 0079B528 | 0079B68C | 0079B78C | 0079B8F0 | 0079BA54 | 0079BBB8 | 0079BD1C | 0079BE80 | 0079C260 | 0079C3EC | 0079C5AC | 0079C714 | 0079C9B0 | 0079CB14 | 0079CEFC | 0079D098 | 0079D4AC	STArtiafactCVTable | STBoatCVTable | STColl3CVTable | STContainerCVTable | STCrabCVTable | STDcResourcCVTable | STDestCVTable | STExplosionVTable | STFishCVTable | STGameObjCVTable | STJellyGunCVTable | STJellyManCVTable | STLBombCVTable | STMBombCVTable | STMineSetCVTable | STOctopusCVTable | STRubbishCVTable | STSatCVTable | STSharkCVTable | STSprGameObjCVTable | STTorpCVTable | TLOBaseTyVTable | TLOEmbryoTyVTable | TLOFakeTyVTable	STArtiafactC | STBoatC | STColl3C | STContainerC | STCrabC | STDcResourcC | STDestC | STExplosion | STFishC | STGameObjC | STJellyGunC | STJellyManC | STLBombC | STMBombC | STMineSetC | STOctopusC | STRubbishC | STSatC | STSharkC | STSprGameObjC | STTorpC | TLOBaseTy | TLOEmbryoTy | TLOFakeTy	0040574F	0x90	007900A0:36 | 007905A0:36						false	false		low	target_used_by_multiple_slot_families; slot_family_has_no_named_method; target_shared_by_multiple_owners
0	0	0	0041D5E0	FUN_0041d5e0	DEFAULT	void FUN_0041d5e0(void)	ANALYSIS	unknown	__thiscall					007900A0 | 00790AA0 | 00797560 | 00798C70 | 0079B238 | 0079B3C4 | 0079B528 | 0079B68C | 0079B78C | 0079B8F0 | 0079BA54 | 0079BBB8 | 0079BD1C | 0079BE80 | 0079C260 | 0079C3EC | 0079C5AC | 0079C714 | 0079C9B0 | 0079CB14 | 0079CEFC | 0079D098 | 0079D4AC	STArtiafactCVTable | STColl3CVTable | STContainerCVTable | STCrabCVTable | STDcResourcCVTable | STDestCVTable | STExplosionVTable | STFishCVTable | STGameObjCVTable | STJellyGunCVTable | STJellyManCVTable | STLBombCVTable | STMBombCVTable | STMineSetCVTable | STOctopusCVTable | STRubbishCVTable | STSatCVTable | STSharkCVTable | STSprGameObjCVTable | STTorpCVTable | TLOBaseTyVTable | TLOEmbryoTyVTable | TLOFakeTyVTable	STArtiafactC | STColl3C | STContainerC | STCrabC | STDcResourcC | STDestC | STExplosion | STFishC | STGameObjC | STJellyGunC | STJellyManC | STLBombC | STMBombC | STMineSetC | STOctopusC | STRubbishC | STSatC | STSharkC | STSprGameObjC | STTorpC | TLOBaseTy | TLOEmbryoTy | TLOFakeTy	00403931	0x94	007900A0:37						false	false		low	slot_family_has_no_named_method; target_shared_by_multiple_owners
0	0	0	0041D600	FUN_0041d600	DEFAULT	void FUN_0041d600(void)	ANALYSIS	unknown	__thiscall					007900A0 | 00790AA0 | 00797560 | 00798C70 | 0079B238 | 0079B3C4 | 0079B528 | 0079B68C | 0079B78C | 0079B8F0 | 0079BA54 | 0079BBB8 | 0079BD1C | 0079BE80 | 0079C260 | 0079C3EC | 0079C5AC | 0079C714 | 0079C9B0 | 0079CB14 | 0079CEFC | 0079D098 | 0079D4AC	STArtiafactCVTable | STColl3CVTable | STContainerCVTable | STCrabCVTable | STDcResourcCVTable | STDestCVTable | STExplosionVTable | STFishCVTable | STGameObjCVTable | STJellyGunCVTable | STJellyManCVTable | STLBombCVTable | STMBombCVTable | STMineSetCVTable | STOctopusCVTable | STRubbishCVTable | STSatCVTable | STSharkCVTable | STSprGameObjCVTable | STTorpCVTable | TLOBaseTyVTable | TLOEmbryoTyVTable | TLOFakeTyVTable	STArtiafactC | STColl3C | STContainerC | STCrabC | STDcResourcC | STDestC | STExplosion | STFishC | STGameObjC | STJellyGunC | STJellyManC | STLBombC | STMBombC | STMineSetC | STOctopusC | STRubbishC | STSatC | STSharkC | STSprGameObjC | STTorpC | TLOBaseTy | TLOEmbryoTy | TLOFakeTy	00403846	0x98	007900A0:38						false	false		low	slot_family_has_no_named_method; target_shared_by_multiple_owners
0	0	0	0041D760	FUN_0041d760	DEFAULT	void FUN_0041d760(void)	ANALYSIS	unknown	__thiscall					007900A0 | 00790AA0 | 00797560 | 00798C70 | 0079B238 | 0079B3C4 | 0079B528 | 0079B68C | 0079B78C | 0079B8F0 | 0079BA54 | 0079BBB8 | 0079BD1C | 0079BE80 | 0079C5AC | 0079C9B0 | 0079CB14 | 0079CEFC | 0079D098 | 0079D4AC	STColl3CVTable | STCrabCVTable | STDcResourcCVTable | STDestCVTable | STExplosionVTable | STFishCVTable | STGameObjCVTable | STJellyGunCVTable | STJellyManCVTable | STLBombCVTable | STMBombCVTable | STMineSetCVTable | STOctopusCVTable | STRubbishCVTable | STSatCVTable | STSharkCVTable | STTorpCVTable | TLOBaseTyVTable | TLOEmbryoTyVTable | TLOFakeTyVTable	STColl3C | STCrabC | STDcResourcC | STDestC | STExplosion | STFishC | STGameObjC | STJellyGunC | STJellyManC | STLBombC | STMBombC | STMineSetC | STOctopusC | STRubbishC | STSatC | STSharkC | STTorpC | TLOBaseTy | TLOEmbryoTy | TLOFakeTy	00401F23	0x9C	007900A0:39						false	false		low	slot_family_has_no_named_method; target_shared_by_multiple_owners
0	0	0	0041D780	FUN_0041d780	DEFAULT	void FUN_0041d780(void)	ANALYSIS	unknown	__thiscall					007900A0 | 00790AA0 | 00797560 | 00798C70 | 0079B238 | 0079B3C4 | 0079B528 | 0079B68C | 0079B78C | 0079B8F0 | 0079BA54 | 0079BBB8 | 0079BD1C | 0079BE80 | 0079C5AC | 0079C9B0 | 0079CB14 | 0079CEFC | 0079D098 | 0079D4AC	STColl3CVTable | STCrabCVTable | STDcResourcCVTable | STDestCVTable | STExplosionVTable | STFishCVTable | STGameObjCVTable | STJellyGunCVTable | STJellyManCVTable | STLBombCVTable | STMBombCVTable | STMineSetCVTable | STOctopusCVTable | STRubbishCVTable | STSatCVTable | STSharkCVTable | STTorpCVTable | TLOBaseTyVTable | TLOEmbryoTyVTable | TLOFakeTyVTable	STColl3C | STCrabC | STDcResourcC | STDestC | STExplosion | STFishC | STGameObjC | STJellyGunC | STJellyManC | STLBombC | STMBombC | STMineSetC | STOctopusC | STRubbishC | STSatC | STSharkC | STTorpC | TLOBaseTy | TLOEmbryoTy | TLOFakeTy	0040574A	0xA0	007900A0:40				/void	param_1=/undefined4	false	false		low	slot_family_has_no_named_method; target_shared_by_multiple_owners
0	0	0	0041D7A0	FUN_0041d7a0	DEFAULT	undefined FUN_0041d7a0(void)	DEFAULT	unknown	__thiscall					007900A0 | 00790AA0 | 00797560 | 00798C70 | 0079B238 | 0079B3C4 | 0079B528 | 0079B68C | 0079B78C | 0079B8F0 | 0079BA54 | 0079BBB8 | 0079BD1C | 0079BE80 | 0079C5AC | 0079C9B0 | 0079CB14 | 0079CEFC | 0079D098 | 0079D4AC	STColl3CVTable | STCrabCVTable | STDcResourcCVTable | STDestCVTable | STExplosionVTable | STFishCVTable | STGameObjCVTable | STJellyGunCVTable | STJellyManCVTable | STLBombCVTable | STMBombCVTable | STMineSetCVTable | STOctopusCVTable | STRubbishCVTable | STSatCVTable | STSharkCVTable | STTorpCVTable | TLOBaseTyVTable | TLOEmbryoTyVTable | TLOFakeTyVTable	STColl3C | STCrabC | STDcResourcC | STDestC | STExplosion | STFishC | STGameObjC | STJellyGunC | STJellyManC | STLBombC | STMBombC | STMineSetC | STOctopusC | STRubbishC | STSatC | STSharkC | STTorpC | TLOBaseTy | TLOEmbryoTy | TLOFakeTy	0040229D	0xA4	007900A0:41						false	false		low	slot_family_has_no_named_method; target_shared_by_multiple_owners
0	0	0	0041D7C0	FUN_0041d7c0	DEFAULT	undefined FUN_0041d7c0(void)	DEFAULT	unknown	__thiscall					007900A0 | 00790AA0 | 00797560 | 00798C70 | 0079B238 | 0079B3C4 | 0079B528 | 0079B68C | 0079B78C | 0079B8F0 | 0079BA54 | 0079BBB8 | 0079BD1C | 0079BE80 | 0079C5AC | 0079C9B0 | 0079CB14 | 0079CEFC | 0079D098 | 0079D4AC	STColl3CVTable | STCrabCVTable | STDcResourcCVTable | STDestCVTable | STExplosionVTable | STFishCVTable | STGameObjCVTable | STJellyGunCVTable | STJellyManCVTable | STLBombCVTable | STMBombCVTable | STMineSetCVTable | STOctopusCVTable | STRubbishCVTable | STSatCVTable | STSharkCVTable | STTorpCVTable | TLOBaseTyVTable | TLOEmbryoTyVTable | TLOFakeTyVTable	STColl3C | STCrabC | STDcResourcC | STDestC | STExplosion | STFishC | STGameObjC | STJellyGunC | STJellyManC | STLBombC | STMBombC | STMineSetC | STOctopusC | STRubbishC | STSatC | STSharkC | STTorpC | TLOBaseTy | TLOEmbryoTy | TLOFakeTy	00404EA8	0xA8	007900A0:42						false	false		low	slot_family_has_no_named_method; target_shared_by_multiple_owners
0	0	0	0041D7E0	FUN_0041d7e0	DEFAULT	undefined FUN_0041d7e0(void)	DEFAULT	unknown	__thiscall					007900A0 | 00790AA0 | 00797560 | 00798C70 | 0079B238 | 0079B3C4 | 0079B528 | 0079B68C | 0079B78C | 0079B8F0 | 0079BA54 | 0079BBB8 | 0079BD1C | 0079BE80 | 0079C5AC | 0079C9B0 | 0079CB14 | 0079CEFC | 0079D098 | 0079D4AC	STColl3CVTable | STCrabCVTable | STDcResourcCVTable | STDestCVTable | STExplosionVTable | STFishCVTable | STGameObjCVTable | STJellyGunCVTable | STJellyManCVTable | STLBombCVTable | STMBombCVTable | STMineSetCVTable | STOctopusCVTable | STRubbishCVTable | STSatCVTable | STSharkCVTable | STTorpCVTable | TLOBaseTyVTable | TLOEmbryoTyVTable | TLOFakeTyVTable	STColl3C | STCrabC | STDcResourcC | STDestC | STExplosion | STFishC | STGameObjC | STJellyGunC | STJellyManC | STLBombC | STMBombC | STMineSetC | STOctopusC | STRubbishC | STSatC | STSharkC | STTorpC | TLOBaseTy | TLOEmbryoTy | TLOFakeTy	00405BE6	0xAC	007900A0:43						false	false		low	slot_family_has_no_named_method; target_shared_by_multiple_owners
0	0	0	0041D800	FUN_0041d800	DEFAULT	void FUN_0041d800(void)	ANALYSIS	unknown	__thiscall					007900A0 | 00790AA0 | 00797560 | 00798C70 | 0079B238 | 0079B3C4 | 0079B528 | 0079B68C | 0079B78C | 0079B8F0 | 0079BA54 | 0079BBB8 | 0079BD1C | 0079BE80 | 0079C5AC | 0079C9B0 | 0079CB14 | 0079CEFC | 0079D098 | 0079D4AC	STColl3CVTable | STCrabCVTable | STDcResourcCVTable | STDestCVTable | STExplosionVTable | STFishCVTable | STGameObjCVTable | STJellyGunCVTable | STJellyManCVTable | STLBombCVTable | STMBombCVTable | STMineSetCVTable | STOctopusCVTable | STRubbishCVTable | STSatCVTable | STSharkCVTable | STTorpCVTable | TLOBaseTyVTable | TLOEmbryoTyVTable | TLOFakeTyVTable	STColl3C | STCrabC | STDcResourcC | STDestC | STExplosion | STFishC | STGameObjC | STJellyGunC | STJellyManC | STLBombC | STMBombC | STMineSetC | STOctopusC | STRubbishC | STSatC | STSharkC | STTorpC | TLOBaseTy | TLOEmbryoTy | TLOFakeTy	00404E03	0xB0	007900A0:44				/void	param_1=/undefined4;param_2=/undefined4;param_3=/undefined4;param_4=/undefined4;param_5=/undefined4	false	false		low	slot_family_has_no_named_method; target_shared_by_multiple_owners
0	0	0	0041D820	FUN_0041d820	DEFAULT	undefined FUN_0041d820(void)	DEFAULT	unknown	__thiscall					007900A0 | 00790AA0 | 00797560 | 00798C70 | 0079B238 | 0079B3C4 | 0079B528 | 0079B68C | 0079B78C | 0079B8F0 | 0079BA54 | 0079BBB8 | 0079BD1C | 0079BE80 | 0079C5AC | 0079C9B0 | 0079CB14 | 0079CEFC | 0079D098 | 0079D4AC	STColl3CVTable | STCrabCVTable | STDcResourcCVTable | STDestCVTable | STExplosionVTable | STFishCVTable | STGameObjCVTable | STJellyGunCVTable | STJellyManCVTable | STLBombCVTable | STMBombCVTable | STMineSetCVTable | STOctopusCVTable | STRubbishCVTable | STSatCVTable | STSharkCVTable | STTorpCVTable | TLOBaseTyVTable | TLOEmbryoTyVTable | TLOFakeTyVTable	STColl3C | STCrabC | STDcResourcC | STDestC | STExplosion | STFishC | STGameObjC | STJellyGunC | STJellyManC | STLBombC | STMBombC | STMineSetC | STOctopusC | STRubbishC | STSatC | STSharkC | STTorpC | TLOBaseTy | TLOEmbryoTy | TLOFakeTy	00403D3C	0xB4	007900A0:45						false	false		low	slot_family_has_no_named_method; target_shared_by_multiple_owners
0	0	0	0041D860	FUN_0041d860	DEFAULT	undefined FUN_0041d860(void)	DEFAULT	unknown	__thiscall					007900A0 | 00790AA0 | 00797560 | 00798C70 | 0079B238 | 0079B3C4 | 0079B528 | 0079B68C | 0079B78C | 0079B8F0 | 0079BA54 | 0079BBB8 | 0079BD1C | 0079BE80 | 0079C5AC | 0079C9B0 | 0079CB14 | 0079CEFC | 0079D098 | 0079D4AC	STColl3CVTable | STCrabCVTable | STDcResourcCVTable | STDestCVTable | STExplosionVTable | STFishCVTable | STGameObjCVTable | STJellyGunCVTable | STJellyManCVTable | STLBombCVTable | STMBombCVTable | STMineSetCVTable | STOctopusCVTable | STRubbishCVTable | STSatCVTable | STSharkCVTable | STTorpCVTable | TLOBaseTyVTable | TLOEmbryoTyVTable | TLOFakeTyVTable	STColl3C | STCrabC | STDcResourcC | STDestC | STExplosion | STFishC | STGameObjC | STJellyGunC | STJellyManC | STLBombC | STMBombC | STMineSetC | STOctopusC | STRubbishC | STSatC | STSharkC | STTorpC | TLOBaseTy | TLOEmbryoTy | TLOFakeTy	00401F28	0xB8	007900A0:46						false	false		low	slot_family_has_no_named_method; target_shared_by_multiple_owners
0	0	0	0041D8A0	FUN_0041d8a0	DEFAULT	undefined FUN_0041d8a0(void)	DEFAULT	unknown	__thiscall					007900A0 | 00790AA0 | 00797560 | 00798C70 | 0079B238 | 0079B3C4 | 0079B528 | 0079B68C | 0079B78C | 0079B8F0 | 0079BA54 | 0079BBB8 | 0079BD1C | 0079BE80 | 0079C5AC | 0079C9B0 | 0079CB14 | 0079CEFC | 0079D098 | 0079D4AC	STColl3CVTable | STCrabCVTable | STDcResourcCVTable | STDestCVTable | STExplosionVTable | STFishCVTable | STGameObjCVTable | STJellyGunCVTable | STJellyManCVTable | STLBombCVTable | STMBombCVTable | STMineSetCVTable | STOctopusCVTable | STRubbishCVTable | STSatCVTable | STSharkCVTable | STTorpCVTable | TLOBaseTyVTable | TLOEmbryoTyVTable | TLOFakeTyVTable	STColl3C | STCrabC | STDcResourcC | STDestC | STExplosion | STFishC | STGameObjC | STJellyGunC | STJellyManC | STLBombC | STMBombC | STMineSetC | STOctopusC | STRubbishC | STSatC | STSharkC | STTorpC | TLOBaseTy | TLOEmbryoTy | TLOFakeTy	004018D9	0xBC	007900A0:47						false	false		low	slot_family_has_no_named_method; target_shared_by_multiple_owners
0	0	0	0041D8C0	FUN_0041d8c0	DEFAULT	undefined FUN_0041d8c0(void)	DEFAULT	unknown	__thiscall					007900A0 | 00790AA0 | 00797560 | 00798C70 | 0079B238 | 0079B3C4 | 0079B528 | 0079B68C | 0079B78C | 0079B8F0 | 0079BA54 | 0079BBB8 | 0079BD1C | 0079BE80 | 0079C260 | 0079C3EC | 0079C5AC | 0079C714 | 0079C9B0 | 0079CB14 | 0079CEFC | 0079D098 | 0079D4AC	STArtiafactCVTable | STColl3CVTable | STContainerCVTable | STCrabCVTable | STDcResourcCVTable | STDestCVTable | STExplosionVTable | STFishCVTable | STGameObjCVTable | STJellyGunCVTable | STJellyManCVTable | STLBombCVTable | STMBombCVTable | STMineSetCVTable | STOctopusCVTable | STRubbishCVTable | STSatCVTable | STSharkCVTable | STSprGameObjCVTable | STTorpCVTable | TLOBaseTyVTable | TLOEmbryoTyVTable | TLOFakeTyVTable	STArtiafactC | STColl3C | STContainerC | STCrabC | STDcResourcC | STDestC | STExplosion | STFishC | STGameObjC | STJellyGunC | STJellyManC | STLBombC | STMBombC | STMineSetC | STOctopusC | STRubbishC | STSatC | STSharkC | STSprGameObjC | STTorpC | TLOBaseTy | TLOEmbryoTy | TLOFakeTy	00405E02	0xC0	007900A0:48						false	false		low	slot_family_has_no_named_method; target_shared_by_multiple_owners
0	0	0	0041DA10	FUN_0041da10	DEFAULT	undefined FUN_0041da10(void)	DEFAULT	unknown	__thiscall					007905A0 | 00790AA0 | 00797560 | 00798C70 | 0079B238 | 0079B3C4 | 0079B528 | 0079B78C | 0079B8F0 | 0079BA54 | 0079BBB8 | 0079BD1C | 0079BE80 | 0079C260 | 0079C3EC | 0079C5AC | 0079C714 | 0079C9B0 | 0079CEFC | 0079D4AC	STArtiafactCVTable | STBoatCVTable | STColl3CVTable | STContainerCVTable | STCrabCVTable | STDcResourcCVTable | STDestCVTable | STFishCVTable | STJellyGunCVTable | STLBombCVTable | STMBombCVTable | STMineSetCVTable | STOctopusCVTable | STSatCVTable | STSharkCVTable | STSprGameObjCVTable | STTorpCVTable | TLOBaseTyVTable | TLOEmbryoTyVTable | TLOFakeTyVTable	STArtiafactC | STBoatC | STColl3C | STContainerC | STCrabC | STDcResourcC | STDestC | STFishC | STJellyGunC | STLBombC | STMBombC | STMineSetC | STOctopusC | STSatC | STSharkC | STSprGameObjC | STTorpC | TLOBaseTy | TLOEmbryoTy | TLOFakeTy	004053DA	0xD4	007900A0:53 | 007905A0:53				/dword		false	false		low	target_used_by_multiple_slot_families; slot_family_has_no_named_method; target_shared_by_multiple_owners
0	0	0	0041DA30	FUN_0041da30	DEFAULT	undefined __fastcall FUN_0041da30(AnonShape_0041DA30_EF7DF530 * param_1)	ANALYSIS	__fastcall	__thiscall					00790AA0 | 00797560 | 00798C70 | 0079B238 | 0079B3C4 | 0079B528 | 0079B78C | 0079B8F0 | 0079BA54 | 0079BBB8 | 0079BD1C | 0079BE80 | 0079C260 | 0079C3EC | 0079C5AC | 0079C714 | 0079C9B0 | 0079CEFC	STArtiafactCVTable | STColl3CVTable | STContainerCVTable | STCrabCVTable | STDcResourcCVTable | STDestCVTable | STFishCVTable | STJellyGunCVTable | STLBombCVTable | STMBombCVTable | STMineSetCVTable | STOctopusCVTable | STSatCVTable | STSharkCVTable | STSprGameObjCVTable | TLOBaseTyVTable | TLOEmbryoTyVTable | TLOFakeTyVTable	STArtiafactC | STColl3C | STContainerC | STCrabC | STDcResourcC | STDestC | STFishC | STJellyGunC | STLBombC | STMBombC | STMineSetC | STOctopusC | STSatC | STSharkC | STSprGameObjC | TLOBaseTy | TLOEmbryoTy | TLOFakeTy	0040503D	0xD8	007900A0:54						false	false		low	slot_family_has_no_named_method; target_shared_by_multiple_owners
0	0	0	0041DBC0	FUN_0041dbc0	DEFAULT	undefined FUN_0041dbc0(void)	DEFAULT	unknown	__thiscall					00797560 | 0079B528 | 0079B78C | 0079B8F0 | 0079BA54 | 0079BD1C | 0079C9B0 | 0079D4AC	STDcResourcCVTable | STDestCVTable | STJellyGunCVTable | STLBombCVTable | STMBombCVTable | STSatCVTable | STTorpCVTable | TLOFakeTyVTable	STDcResourcC | STDestC | STJellyGunC | STLBombC | STMBombC | STSatC | STTorpC | TLOFakeTy	0040203B	0xDC	007900A0:55						false	false		low	slot_family_has_no_named_method; target_shared_by_multiple_owners
0	0	0	0041DBE0	FUN_0041dbe0	DEFAULT	undefined4 __stdcall FUN_0041dbe0(undefined4 param_1, undefined2 * param_2, undefined2 * param_3, undefined2 * param_4, undefined4 * param_5)	ANALYSIS	__stdcall	__thiscall					00797560 | 0079B528 | 0079B78C | 0079B8F0 | 0079BA54 | 0079BD1C | 0079C9B0 | 0079D4AC	STDcResourcCVTable | STDestCVTable | STJellyGunCVTable | STLBombCVTable | STMBombCVTable | STSatCVTable | STTorpCVTable | TLOFakeTyVTable	STDcResourcC | STDestC | STJellyGunC | STLBombC | STMBombC | STSatC | STTorpC | TLOFakeTy	00402905	0xE0	007900A0:56						false	false		low	slot_family_has_no_named_method; target_shared_by_multiple_owners
0	0	0	0041DC20	FUN_0041dc20	DEFAULT	void FUN_0041dc20(void)	ANALYSIS	unknown	__thiscall					00790AA0 | 00797560 | 00798C70 | 0079B238 | 0079B3C4 | 0079B528 | 0079B78C | 0079B8F0 | 0079BA54 | 0079BBB8 | 0079BD1C | 0079BE80 | 0079C260 | 0079C3EC | 0079C5AC | 0079C714 | 0079C9B0 | 0079CEFC | 0079D4AC	STArtiafactCVTable | STColl3CVTable | STContainerCVTable | STCrabCVTable | STDcResourcCVTable | STDestCVTable | STFishCVTable | STJellyGunCVTable | STLBombCVTable | STMBombCVTable | STMineSetCVTable | STOctopusCVTable | STSatCVTable | STSharkCVTable | STSprGameObjCVTable | STTorpCVTable | TLOBaseTyVTable | TLOEmbryoTyVTable | TLOFakeTyVTable	STArtiafactC | STColl3C | STContainerC | STCrabC | STDcResourcC | STDestC | STFishC | STJellyGunC | STLBombC | STMBombC | STMineSetC | STOctopusC | STSatC | STSharkC | STSprGameObjC | STTorpC | TLOBaseTy | TLOEmbryoTy | TLOFakeTy	004018ED	0xE4	007900A0:57				/void	param_1=/undefined4	false	false		low	slot_family_has_no_named_method; target_shared_by_multiple_owners
0	0	0	0041DD00	FUN_0041dd00	DEFAULT	undefined __thiscall FUN_0041dd00(void * this, int param_1)	ANALYSIS	__thiscall	__thiscall			SetActivity		00797560 | 0079B238 | 0079B3C4 | 0079B528 | 0079B78C | 0079B8F0 | 0079BA54 | 0079BBB8 | 0079BD1C | 0079BE80 | 0079C260 | 0079C3EC | 0079C5AC | 0079C714 | 0079C9B0 | 0079CEFC | 0079D4AC	STArtiafactCVTable | STColl3CVTable | STContainerCVTable | STCrabCVTable | STDcResourcCVTable | STDestCVTable | STFishCVTable | STJellyGunCVTable | STLBombCVTable | STMBombCVTable | STMineSetCVTable | STOctopusCVTable | STSatCVTable | STSharkCVTable | STSprGameObjCVTable | STTorpCVTable | TLOFakeTyVTable	STArtiafactC | STColl3C | STContainerC | STCrabC | STDcResourcC | STDestC | STFishC | STJellyGunC | STLBombC | STMBombC | STMineSetC | STOctopusC | STSatC | STSharkC | STSprGameObjC | STTorpC | TLOFakeTy	00404E8A	0xE8	007900A0:58	004BE500	TLOBaseTy::SetActivity	undefined __thiscall SetActivity(TLOBaseTy * this, int param_1)	/undefined	param_1=/int	false	false		low	unique_named_method_in_slot_family; target_shared_by_multiple_owners; signature_anchor=TLOBaseTy::SetActivity
0	0	0	0041E510	FUN_0041e510	DEFAULT	undefined FUN_0041e510(void)	DEFAULT	unknown	__thiscall					007905A0 | 00790AA0 | 00797560 | 00798C70 | 0079B238 | 0079B3C4 | 0079B528 | 0079B78C | 0079B8F0 | 0079BA54 | 0079BBB8 | 0079BD1C | 0079BE80 | 0079C260 | 0079C3EC | 0079C5AC | 0079C714 | 0079C9B0 | 0079CEFC | 0079D4AC	STArtiafactCVTable | STBoatCVTable | STColl3CVTable | STContainerCVTable | STCrabCVTable | STDcResourcCVTable | STDestCVTable | STFishCVTable | STJellyGunCVTable | STLBombCVTable | STMBombCVTable | STMineSetCVTable | STOctopusCVTable | STSatCVTable | STSharkCVTable | STSprGameObjCVTable | STTorpCVTable | TLOBaseTyVTable | TLOEmbryoTyVTable | TLOFakeTyVTable	STArtiafactC | STBoatC | STColl3C | STContainerC | STCrabC | STDcResourcC | STDestC | STFishC | STJellyGunC | STLBombC | STMBombC | STMineSetC | STOctopusC | STSatC | STSharkC | STSprGameObjC | STTorpC | TLOBaseTy | TLOEmbryoTy | TLOFakeTy	00404F25	0x8	007900A0:2 | 007905A0:2				/dword		false	false		low	target_used_by_multiple_slot_families; slot_family_has_no_named_method; target_shared_by_multiple_owners
0	0	0	0041E530	STSprGameObjC::GetMessage	USER_DEFINED	int __thiscall GetMessage(STSprGameObjC * this, STMessage * message)	ANALYSIS	__thiscall	__thiscall	STSprGameObjC::GetMessage	STSprGameObjC	GetMessage	/STSprGameObjC	0079C3EC	STSprGameObjCVTable	STSprGameObjC	00404F07	0x0	007900A0:0	0041AF40	STGameObjC::GetMessage	int __thiscall GetMessage(STGameObjC * this, STMessage * message)	/int	message=/SubmarineTitans/Recovered/STMessage *32	false	false	int __thiscall STSprGameObjC::GetMessage(STMessage * message)	low	unique_named_method_in_slot_family; target_already_has_meaningful_name; signature_anchor=STGameObjC::GetMessage
0	0	0	0041F310	FUN_0041f310	DEFAULT	undefined FUN_0041f310(void)	DEFAULT	unknown	__thiscall					0079B238 | 0079B3C4 | 0079B78C | 0079B8F0 | 0079BA54 | 0079BBB8 | 0079BD1C | 0079BE80 | 0079C9B0 | 0079D4AC	STCrabCVTable | STDestCVTable | STFishCVTable | STJellyGunCVTable | STLBombCVTable | STMBombCVTable | STOctopusCVTable | STSatCVTable | STSharkCVTable | STTorpCVTable	STCrabC | STDestC | STFishC | STJellyGunC | STLBombC | STMBombC | STOctopusC | STSatC | STSharkC | STTorpC	004059F7	0xEC	007900A0:59				/dword		false	false		low	slot_family_has_no_named_method; target_shared_by_multiple_owners
0	0	0	0041F330	FUN_0041f330	DEFAULT	uint __fastcall FUN_0041f330(int param_1)	ANALYSIS	__fastcall	__thiscall					007905A0 | 00797560 | 00798C70 | 0079B238 | 0079B3C4 | 0079B528 | 0079B78C | 0079B8F0 | 0079BA54 | 0079BBB8 | 0079BD1C | 0079BE80 | 0079C5AC | 0079C9B0 | 0079D4AC	STBoatCVTable | STColl3CVTable | STCrabCVTable | STDcResourcCVTable | STDestCVTable | STFishCVTable | STJellyGunCVTable | STLBombCVTable | STMBombCVTable | STOctopusCVTable | STSatCVTable | STSharkCVTable | STTorpCVTable | TLOEmbryoTyVTable | TLOFakeTyVTable	STBoatC | STColl3C | STCrabC | STDcResourcC | STDestC | STFishC | STJellyGunC | STLBombC | STMBombC | STOctopusC | STSatC | STSharkC | STTorpC | TLOEmbryoTy | TLOFakeTy	00403936	0xF0	007900A0:60 | 007905A0:60				/dword		false	false		low	target_used_by_multiple_slot_families; slot_family_has_no_named_method; target_shared_by_multiple_owners
0	0	0	0041F350	FUN_0041f350	DEFAULT	undefined4 __stdcall FUN_0041f350(void)	ANALYSIS	__stdcall	__thiscall					00797560 | 00798C70 | 0079B238 | 0079B3C4 | 0079B528 | 0079B78C | 0079B8F0 | 0079BA54 | 0079BBB8 | 0079BD1C | 0079BE80 | 0079C260 | 0079C3EC | 0079C5AC | 0079C714 | 0079C9B0 | 0079D4AC	STArtiafactCVTable | STColl3CVTable | STContainerCVTable | STCrabCVTable | STDcResourcCVTable | STDestCVTable | STFishCVTable | STJellyGunCVTable | STLBombCVTable | STMBombCVTable | STOctopusCVTable | STSatCVTable | STSharkCVTable | STSprGameObjCVTable | STTorpCVTable | TLOEmbryoTyVTable | TLOFakeTyVTable	STArtiafactC | STColl3C | STContainerC | STCrabC | STDcResourcC | STDestC | STFishC | STJellyGunC | STLBombC | STMBombC | STOctopusC | STSatC | STSharkC | STSprGameObjC | STTorpC | TLOEmbryoTy | TLOFakeTy	00403C9C	0xF4	007900A0:61						false	false		low	slot_family_has_no_named_method; target_shared_by_multiple_owners
0	0	0	0041F370	FUN_0041f370	DEFAULT	undefined FUN_0041f370(void)	DEFAULT	unknown	__thiscall					0079B238 | 0079B3C4 | 0079B528 | 0079B78C | 0079B8F0 | 0079BA54 | 0079BBB8 | 0079BD1C | 0079BE80 | 0079C9B0 | 0079D4AC	STCrabCVTable | STDcResourcCVTable | STDestCVTable | STFishCVTable | STJellyGunCVTable | STLBombCVTable | STMBombCVTable | STOctopusCVTable | STSatCVTable | STSharkCVTable | STTorpCVTable	STCrabC | STDcResourcC | STDestC | STFishC | STJellyGunC | STLBombC | STMBombC | STOctopusC | STSatC | STSharkC | STTorpC	00401A6E	0xF8	007900A0:62						false	false		low	slot_family_has_no_named_method; target_shared_by_multiple_owners
0	0	0	004210A0	FUN_004210a0	DEFAULT	void FUN_004210a0(void)	ANALYSIS	unknown	__thiscall					00798C6C | 0079C25C | 0079C5A8 | 0079C710	STArtiafactCVTable_at_1D5 | STColl3CVTable_at_1D5 | STContainerCVTable_at_1D5 | TLOEmbryoTyVTable_at_1D5	STArtiafactC | STColl3C | STContainerC | TLOEmbryoTy	00405605	0x0	00798C6C:0 | 0079C25C:0 | 0079C5A8:0 | 0079C710:0						false	false		low	target_used_by_multiple_slot_families; slot_family_has_no_named_method; target_shared_by_multiple_owners
0	0	0	004210C0	FUN_004210c0	DEFAULT	undefined FUN_004210c0(void)	DEFAULT	unknown	__thiscall					00797560 | 00798C70 | 0079B238 | 0079B3C4 | 0079B528 | 0079B78C | 0079B8F0 | 0079BA54 | 0079BBB8 | 0079BD1C | 0079BE80 | 0079C260 | 0079C3EC | 0079C5AC | 0079C714 | 0079C9B0 | 0079CEFC | 0079D4AC	STArtiafactCVTable | STColl3CVTable | STContainerCVTable | STCrabCVTable | STDcResourcCVTable | STDestCVTable | STFishCVTable | STJellyGunCVTable | STLBombCVTable | STMBombCVTable | STMineSetCVTable | STOctopusCVTable | STSatCVTable | STSharkCVTable | STSprGameObjCVTable | STTorpCVTable | TLOEmbryoTyVTable | TLOFakeTyVTable	STArtiafactC | STColl3C | STContainerC | STCrabC | STDcResourcC | STDestC | STFishC | STJellyGunC | STLBombC | STMBombC | STMineSetC | STOctopusC | STSatC | STSharkC | STSprGameObjC | STTorpC | TLOEmbryoTy | TLOFakeTy	00403E13	0xFC	007900A0:63						false	false		low	slot_family_has_no_named_method; target_shared_by_multiple_owners
0	0	0	00422E20	FUN_00422e20	DEFAULT	undefined __thiscall FUN_00422e20(void * this, byte param_1)	ANALYSIS	__thiscall	__thiscall					007905A0 | 00790AA0 | 00797560 | 00798C70 | 0079B238 | 0079B3C4 | 0079B528 | 0079B78C | 0079B8F0 | 0079BA54 | 0079BBB8 | 0079BD1C | 0079BE80 | 0079C260 | 0079C3EC | 0079C5AC | 0079C714 | 0079C9B0 | 0079CEFC | 0079D4AC	STArtiafactCVTable | STBoatCVTable | STColl3CVTable | STContainerCVTable | STCrabCVTable | STDcResourcCVTable | STDestCVTable | STFishCVTable | STJellyGunCVTable | STLBombCVTable | STMBombCVTable | STMineSetCVTable | STOctopusCVTable | STSatCVTable | STSharkCVTable | STSprGameObjCVTable | STTorpCVTable | TLOBaseTyVTable | TLOEmbryoTyVTable | TLOFakeTyVTable	STArtiafactC | STBoatC | STColl3C | STContainerC | STCrabC | STDcResourcC | STDestC | STFishC | STJellyGunC | STLBombC | STMBombC | STMineSetC | STOctopusC | STSatC | STSharkC | STSprGameObjC | STTorpC | TLOBaseTy | TLOEmbryoTy | TLOFakeTy	00401B3B	0x100	007900A0:64 | 007905A0:64						false	false		low	target_used_by_multiple_slot_families; slot_family_has_no_named_method; target_shared_by_multiple_owners
0	0	0	00422FF0	FUN_00422ff0	DEFAULT	undefined __thiscall FUN_00422ff0(void * this, byte param_1)	ANALYSIS	__thiscall	__thiscall					007905A0 | 00790AA0 | 00797560 | 00798C70 | 0079B238 | 0079B3C4 | 0079B528 | 0079B78C | 0079B8F0 | 0079BA54 | 0079BBB8 | 0079BD1C | 0079BE80 | 0079C260 | 0079C3EC | 0079C5AC | 0079C714 | 0079C9B0 | 0079CEFC | 0079D4AC	STArtiafactCVTable | STBoatCVTable | STColl3CVTable | STContainerCVTable | STCrabCVTable | STDcResourcCVTable | STDestCVTable | STFishCVTable | STJellyGunCVTable | STLBombCVTable | STMBombCVTable | STMineSetCVTable | STOctopusCVTable | STSatCVTable | STSharkCVTable | STSprGameObjCVTable | STTorpCVTable | TLOBaseTyVTable | TLOEmbryoTyVTable | TLOFakeTyVTable	STArtiafactC | STBoatC | STColl3C | STContainerC | STCrabC | STDcResourcC | STDestC | STFishC | STJellyGunC | STLBombC | STMBombC | STMineSetC | STOctopusC | STSatC | STSharkC | STSprGameObjC | STTorpC | TLOBaseTy | TLOEmbryoTy | TLOFakeTy	00401DAC	0x104	007900A0:65 | 007905A0:65						false	false		low	target_used_by_multiple_slot_families; slot_family_has_no_named_method; target_shared_by_multiple_owners
0	0	0	00423140	FUN_00423140	DEFAULT	undefined FUN_00423140(void)	DEFAULT	unknown	__thiscall					007905A0 | 00797560 | 00798C70 | 0079B238 | 0079B3C4 | 0079B528 | 0079B78C | 0079B8F0 | 0079BA54 | 0079BBB8 | 0079BD1C | 0079BE80 | 0079C260 | 0079C3EC | 0079C5AC | 0079C714 | 0079C9B0 | 0079CEFC | 0079D4AC	STArtiafactCVTable | STBoatCVTable | STColl3CVTable | STContainerCVTable | STCrabCVTable | STDcResourcCVTable | STDestCVTable | STFishCVTable | STJellyGunCVTable | STLBombCVTable | STMBombCVTable | STMineSetCVTable | STOctopusCVTable | STSatCVTable | STSharkCVTable | STSprGameObjCVTable | STTorpCVTable | TLOEmbryoTyVTable | TLOFakeTyVTable	STArtiafactC | STBoatC | STColl3C | STContainerC | STCrabC | STDcResourcC | STDestC | STFishC | STJellyGunC | STLBombC | STMBombC | STMineSetC | STOctopusC | STSatC | STSharkC | STSprGameObjC | STTorpC | TLOEmbryoTy | TLOFakeTy	00402482	0x108	007900A0:66 | 007905A0:66						false	false		low	target_used_by_multiple_slot_families; slot_family_has_no_named_method; target_shared_by_multiple_owners
0	0	0	00423160	FUN_00423160	DEFAULT	void __stdcall FUN_00423160(void)	ANALYSIS	__stdcall	__thiscall					007905A0 | 00797560 | 00798C70 | 0079B238 | 0079B3C4 | 0079B528 | 0079B78C | 0079B8F0 | 0079BA54 | 0079BBB8 | 0079BD1C | 0079BE80 | 0079C260 | 0079C3EC | 0079C5AC | 0079C714 | 0079C9B0 | 0079CEFC | 0079D4AC	STArtiafactCVTable | STBoatCVTable | STColl3CVTable | STContainerCVTable | STCrabCVTable | STDcResourcCVTable | STDestCVTable | STFishCVTable | STJellyGunCVTable | STLBombCVTable | STMBombCVTable | STMineSetCVTable | STOctopusCVTable | STSatCVTable | STSharkCVTable | STSprGameObjCVTable | STTorpCVTable | TLOEmbryoTyVTable | TLOFakeTyVTable	STArtiafactC | STBoatC | STColl3C | STContainerC | STCrabC | STDcResourcC | STDestC | STFishC | STJellyGunC | STLBombC | STMBombC | STMineSetC | STOctopusC | STSatC | STSharkC | STSprGameObjC | STTorpC | TLOEmbryoTy | TLOFakeTy	00401474	0x10C	007900A0:67 | 007905A0:67						false	false		low	target_used_by_multiple_slot_families; slot_family_has_no_named_method; target_shared_by_multiple_owners
0	0	0	00423180	FUN_00423180	DEFAULT	void __stdcall FUN_00423180(void)	ANALYSIS	__stdcall	__thiscall					007905A0 | 00797560 | 00798C70 | 0079B238 | 0079B3C4 | 0079B528 | 0079B78C | 0079B8F0 | 0079BA54 | 0079BBB8 | 0079BD1C | 0079BE80 | 0079C260 | 0079C3EC | 0079C5AC | 0079C714 | 0079C9B0 | 0079CEFC | 0079D4AC	STArtiafactCVTable | STBoatCVTable | STColl3CVTable | STContainerCVTable | STCrabCVTable | STDcResourcCVTable | STDestCVTable | STFishCVTable | STJellyGunCVTable | STLBombCVTable | STMBombCVTable | STMineSetCVTable | STOctopusCVTable | STSatCVTable | STSharkCVTable | STSprGameObjCVTable | STTorpCVTable | TLOEmbryoTyVTable | TLOFakeTyVTable	STArtiafactC | STBoatC | STColl3C | STContainerC | STCrabC | STDcResourcC | STDestC | STFishC | STJellyGunC | STLBombC | STMBombC | STMineSetC | STOctopusC | STSatC | STSharkC | STSprGameObjC | STTorpC | TLOEmbryoTy | TLOFakeTy	00402BB2	0x110	007900A0:68 | 007905A0:68						false	false		low	target_used_by_multiple_slot_families; slot_family_has_no_named_method; target_shared_by_multiple_owners
0	0	0	004231A0	FUN_004231a0	DEFAULT	undefined FUN_004231a0(void)	DEFAULT	unknown	__thiscall					00790AA0 | 00797560 | 00798C70 | 0079B238 | 0079B3C4 | 0079B528 | 0079B78C | 0079B8F0 | 0079BA54 | 0079BBB8 | 0079BD1C | 0079BE80 | 0079C5AC | 0079C9B0 | 0079CEFC | 0079D4AC	STColl3CVTable | STCrabCVTable | STDcResourcCVTable | STDestCVTable | STFishCVTable | STJellyGunCVTable | STLBombCVTable | STMBombCVTable | STMineSetCVTable | STOctopusCVTable | STSatCVTable | STSharkCVTable | STTorpCVTable | TLOBaseTyVTable | TLOEmbryoTyVTable | TLOFakeTyVTable	STColl3C | STCrabC | STDcResourcC | STDestC | STFishC | STJellyGunC | STLBombC | STMBombC | STMineSetC | STOctopusC | STSatC | STSharkC | STTorpC | TLOBaseTy | TLOEmbryoTy | TLOFakeTy	00402A45	0x114	007900A0:69						false	false		low	slot_family_has_no_named_method; target_shared_by_multiple_owners
0	0	0	004231C0	FUN_004231c0	DEFAULT	void FUN_004231c0(void)	ANALYSIS	unknown	__thiscall					00790AA0 | 00797560 | 00798C70 | 0079B238 | 0079B3C4 | 0079B528 | 0079B78C | 0079B8F0 | 0079BA54 | 0079BBB8 | 0079BD1C | 0079BE80 | 0079C5AC | 0079C9B0 | 0079CEFC | 0079D4AC	STColl3CVTable | STCrabCVTable | STDcResourcCVTable | STDestCVTable | STFishCVTable | STJellyGunCVTable | STLBombCVTable | STMBombCVTable | STMineSetCVTable | STOctopusCVTable | STSatCVTable | STSharkCVTable | STTorpCVTable | TLOBaseTyVTable | TLOEmbryoTyVTable | TLOFakeTyVTable	STColl3C | STCrabC | STDcResourcC | STDestC | STFishC | STJellyGunC | STLBombC | STMBombC | STMineSetC | STOctopusC | STSatC | STSharkC | STTorpC | TLOBaseTy | TLOEmbryoTy | TLOFakeTy	004041E2	0x118	007900A0:70				/void	param_1=/undefined4	false	false		low	slot_family_has_no_named_method; target_shared_by_multiple_owners
0	0	0	004231E0	FUN_004231e0	DEFAULT	undefined FUN_004231e0(void)	DEFAULT	unknown	__thiscall					00790AA0 | 00797560 | 00798C70 | 0079B238 | 0079B3C4 | 0079B78C | 0079B8F0 | 0079BA54 | 0079BBB8 | 0079BD1C | 0079BE80 | 0079C260 | 0079C3EC | 0079C5AC | 0079C714 | 0079C9B0 | 0079CEFC | 0079D4AC	STArtiafactCVTable | STColl3CVTable | STContainerCVTable | STCrabCVTable | STDestCVTable | STFishCVTable | STJellyGunCVTable | STLBombCVTable | STMBombCVTable | STMineSetCVTable | STOctopusCVTable | STSatCVTable | STSharkCVTable | STSprGameObjCVTable | STTorpCVTable | TLOBaseTyVTable | TLOEmbryoTyVTable | TLOFakeTyVTable	STArtiafactC | STColl3C | STContainerC | STCrabC | STDestC | STFishC | STJellyGunC | STLBombC | STMBombC | STMineSetC | STOctopusC | STSatC | STSharkC | STSprGameObjC | STTorpC | TLOBaseTy | TLOEmbryoTy | TLOFakeTy	00404F66	0x11C	007900A0:71						false	false		low	slot_family_has_no_named_method; target_shared_by_multiple_owners
0	0	0	00423200	FUN_00423200	DEFAULT	undefined FUN_00423200(void)	DEFAULT	unknown	__thiscall					00790AA0 | 00797560 | 00798C70 | 0079B238 | 0079B3C4 | 0079B528 | 0079B78C | 0079B8F0 | 0079BA54 | 0079BBB8 | 0079BD1C | 0079BE80 | 0079C260 | 0079C3EC | 0079C5AC | 0079C714 | 0079C9B0 | 0079CEFC | 0079D4AC	STArtiafactCVTable | STColl3CVTable | STContainerCVTable | STCrabCVTable | STDcResourcCVTable | STDestCVTable | STFishCVTable | STJellyGunCVTable | STLBombCVTable | STMBombCVTable | STMineSetCVTable | STOctopusCVTable | STSatCVTable | STSharkCVTable | STSprGameObjCVTable | STTorpCVTable | TLOBaseTyVTable | TLOEmbryoTyVTable | TLOFakeTyVTable	STArtiafactC | STColl3C | STContainerC | STCrabC | STDcResourcC | STDestC | STFishC | STJellyGunC | STLBombC | STMBombC | STMineSetC | STOctopusC | STSatC | STSharkC | STSprGameObjC | STTorpC | TLOBaseTy | TLOEmbryoTy | TLOFakeTy	004045CF	0x120	007900A0:72						false	false		low	slot_family_has_no_named_method; target_shared_by_multiple_owners
0	0	0	00430A90	STAllPlayersC::GetMessage	USER_DEFINED	int __thiscall GetMessage(STAllPlayersC * this, STMessage * message)	ANALYSIS	__thiscall	__thiscall	STAllPlayersC::GetMessage	STAllPlayersC	GetMessage	/STAllPlayersC	0079059C	STAllPlayersCVTable	STAllPlayersC	00405CA4	0x0	0079059C:0						false	false		low	unique_named_method_in_slot_family; target_already_has_meaningful_name; no_qualified_signature_anchor
0	0	0	0044E960	STBoatC::FUN_0044e960	DEFAULT	dword __thiscall FUN_0044e960(STBoatC * this)	ANALYSIS	__thiscall	__thiscall	STBoatC::vfunc_4	STBoatC	vfunc_4	/STBoatC	007905A0	STBoatCVTable	STBoatC	004034B3	0x4	007905A0:1				/dword		false	false	dword __thiscall STBoatC::vfunc_4()	low	slot_family_has_no_named_method; unique_owner_for_target
0	0	0	0044EDC0	STBoatC::FUN_0044edc0	DEFAULT	dword __thiscall FUN_0044edc0(STBoatC * this)	ANALYSIS	__thiscall	__thiscall	STBoatC::vfunc_C4	STBoatC	vfunc_C4	/STBoatC	007905A0	STBoatCVTable	STBoatC	00404B33	0xC4	007905A0:49				/dword		false	false	dword __thiscall STBoatC::vfunc_C4()	low	slot_family_has_no_named_method; unique_owner_for_target
0	0	0	0044EDE0	FUN_0044ede0	DEFAULT	undefined __thiscall FUN_0044ede0(void * this, int param_1)	ANALYSIS	__thiscall	__thiscall	STBoatC::vfunc_C8	STBoatC	vfunc_C8	/STBoatC	007905A0	STBoatCVTable	STBoatC	004011C7	0xC8	007905A0:50						false	false		low	slot_family_has_no_named_method; unique_owner_for_target
0	0	0	0044EE30	STBoatC::GetMessage	USER_DEFINED	int __thiscall GetMessage(STBoatC * this, STMessage * message)	ANALYSIS	__thiscall	__thiscall	STBoatC::GetMessage	STBoatC	GetMessage	/STBoatC	007905A0	STBoatCVTable	STBoatC	004024EB	0x0	007905A0:0						false	false		low	unique_named_method_in_slot_family; target_already_has_meaningful_name; no_qualified_signature_anchor
0	0	0	0045EEE0	STBoatC::FUN_0045eee0	DEFAULT	dword __thiscall FUN_0045eee0(STBoatC * this)	ANALYSIS	__thiscall	__thiscall	STBoatC::vfunc_2C	STBoatC	vfunc_2C	/STBoatC	007905A0	STBoatCVTable	STBoatC	00401771	0x2C	007905A0:11				/dword		false	false	dword __thiscall STBoatC::vfunc_2C()	low	slot_family_has_no_named_method; unique_owner_for_target
0	0	0	0045F980	FUN_0045f980	DEFAULT	undefined4 __fastcall FUN_0045f980(STBoatC * param_1)	ANALYSIS	__fastcall	__thiscall	STBoatC::vfunc_1C	STBoatC	vfunc_1C	/STBoatC	007905A0	STBoatCVTable	STBoatC	00401DFC	0x1C	007905A0:7						false	false		low	slot_family_has_no_named_method; unique_owner_for_target
0	0	0	0045FD30	STBoatC::StopMove	USER_DEFINED	undefined4 __thiscall StopMove(STBoatC * this)	ANALYSIS	__thiscall	__thiscall	STBoatC::StopMove	STBoatC	StopMove	/STBoatC	007905A0	STBoatCVTable	STBoatC	0040147E	0x20	007905A0:8						false	false		low	unique_named_method_in_slot_family; target_already_has_meaningful_name; no_qualified_signature_anchor
0	0	0	00480600	FUN_00480600	DEFAULT	undefined4 __fastcall FUN_00480600(void * param_1)	ANALYSIS	__fastcall	__thiscall	STBoatC::vfunc_D8	STBoatC	vfunc_D8	/STBoatC	007905A0	STBoatCVTable	STBoatC	00403896	0xD8	007905A0:54						false	false		low	slot_family_has_no_named_method; unique_owner_for_target
0	0	0	00481560	FUN_00481560	DEFAULT	uint __thiscall FUN_00481560(void * this, short param_1, short param_2, short param_3, short param_4, short param_5, short param_6)	ANALYSIS	__thiscall	__thiscall	STBoatC::vfunc_DC	STBoatC	vfunc_DC	/STBoatC	007905A0	STBoatCVTable	STBoatC	004028B0	0xDC	007905A0:55						false	false		low	slot_family_has_no_named_method; unique_owner_for_target
0	0	0	00482450	STBoatC::GetExplosionInfo	USER_DEFINED	undefined4 __thiscall GetExplosionInfo(STBoatC * this, uint param_1, short * param_2, short * param_3, short * param_4, uint * param_5)	USER_DEFINED	__thiscall	__thiscall	STBoatC::GetExplosionInfo	STBoatC	GetExplosionInfo	/STBoatC	007905A0	STBoatCVTable	STBoatC	00405E43	0xE0	007905A0:56						false	false		low	unique_named_method_in_slot_family; target_already_has_meaningful_name; no_qualified_signature_anchor; manual_signature_preserved
0	0	0	004827F0	STBoatC::ExpIsOver	USER_DEFINED	undefined __thiscall ExpIsOver(STBoatC * this, uint param_1)	USER_DEFINED	__thiscall	__thiscall	STBoatC::ExpIsOver	STBoatC	ExpIsOver	/STBoatC	007905A0	STBoatCVTable	STBoatC	00403585	0xE4	007905A0:57						false	false		low	unique_named_method_in_slot_family; target_already_has_meaningful_name; no_qualified_signature_anchor; manual_signature_preserved
0	0	0	00482A00	STBoatC::ChangeActivity	USER_DEFINED	undefined __thiscall ChangeActivity(STBoatC * this, int param_1)	USER_DEFINED	__thiscall	__thiscall	STBoatC::ChangeActivity	STBoatC	ChangeActivity	/STBoatC	007905A0	STBoatCVTable	STBoatC	00403157	0xE8	007905A0:58						false	false		low	unique_named_method_in_slot_family; target_already_has_meaningful_name; no_qualified_signature_anchor; manual_signature_preserved
0	0	0	00483880	FUN_00483880	DEFAULT	undefined FUN_00483880(void)	DEFAULT	unknown	__thiscall	STBoatC::vfunc_EC	STBoatC	vfunc_EC	/STBoatC	007905A0	STBoatCVTable	STBoatC	004049E4	0xEC	007905A0:59						false	false		low	slot_family_has_no_named_method; unique_owner_for_target
0	0	0	004838B0	FUN_004838b0	DEFAULT	undefined FUN_004838b0(void)	DEFAULT	unknown	__thiscall	STBoatC::vfunc_F8	STBoatC	vfunc_F8	/STBoatC	007905A0	STBoatCVTable	STBoatC	0040289C	0xF8	007905A0:62						false	false		low	slot_family_has_no_named_method; unique_owner_for_target
0	0	0	004845E0	STGameObjC::FUN_004845e0	DEFAULT	ushort __thiscall FUN_004845e0(STGameObjC * this, STGameObjC_sub_004845E0_param_1Enum param_1, int * param_2)	ANALYSIS	__thiscall	__thiscall	STBoatC::vfunc_28	STBoatC	vfunc_28	/STBoatC	007905A0	STBoatCVTable	STBoatC	004057D1	0x28	007905A0:10						false	false		low	slot_family_has_no_named_method; unique_owner_for_target
0	0	0	00486A40	STBoatC::FUN_00486a40	DEFAULT	dword __thiscall FUN_00486a40(STBoatC * this)	ANALYSIS	__thiscall	__thiscall	STBoatC::vfunc_78	STBoatC	vfunc_78	/STBoatC	007905A0	STBoatCVTable	STBoatC	004057FE	0x78	007905A0:30				/dword		false	false	dword __thiscall STBoatC::vfunc_78()	low	slot_family_has_no_named_method; unique_owner_for_target
0	0	0	00486A60	FUN_00486a60	DEFAULT	undefined FUN_00486a60(void)	DEFAULT	unknown	__thiscall	STBoatC::vfunc_7C	STBoatC	vfunc_7C	/STBoatC	007905A0	STBoatCVTable	STBoatC	004055BF	0x7C	007905A0:31						false	false		low	slot_family_has_no_named_method; unique_owner_for_target
0	0	0	00486AA0	FUN_00486aa0	DEFAULT	undefined __thiscall FUN_00486aa0(void * this, int param_1)	ANALYSIS	__thiscall	__thiscall	STBoatC::vfunc_84	STBoatC	vfunc_84	/STBoatC	007905A0	STBoatCVTable	STBoatC	00405BAF	0x84	007905A0:33						false	false		low	slot_family_has_no_named_method; unique_owner_for_target
0	0	0	00486AF0	FUN_00486af0	DEFAULT	undefined __thiscall FUN_00486af0(void * this, int param_1)	ANALYSIS	__thiscall	__thiscall	STBoatC::vfunc_80	STBoatC	vfunc_80	/STBoatC	007905A0	STBoatCVTable	STBoatC	004027B6	0x80	007905A0:32						false	false		low	slot_family_has_no_named_method; unique_owner_for_target
0	0	0	00486B60	FUN_00486b60	DEFAULT	undefined __thiscall FUN_00486b60(void * this, undefined1 * param_1)	ANALYSIS	__thiscall	__thiscall	STBoatC::vfunc_30	STBoatC	vfunc_30	/STBoatC	007905A0	STBoatCVTable	STBoatC	00404D63	0x30	007905A0:12						false	false		low	slot_family_has_no_named_method; unique_owner_for_target
0	0	0	00486E20	FUN_00486e20	DEFAULT	undefined __thiscall FUN_00486e20(void * this, undefined4 * param_1)	ANALYSIS	__thiscall	__thiscall	STBoatC::vfunc_34	STBoatC	vfunc_34	/STBoatC	007905A0	STBoatCVTable	STBoatC	00401E29	0x34	007905A0:13						false	false		low	slot_family_has_no_named_method; unique_owner_for_target
0	0	0	00488890	FUN_00488890	DEFAULT	undefined __thiscall FUN_00488890(void * this, int param_1)	ANALYSIS	__thiscall	__thiscall	STBoatC::vfunc_40	STBoatC	vfunc_40	/STBoatC	007905A0	STBoatCVTable	STBoatC	00405CEF	0x40	007905A0:16						false	false		low	slot_family_has_no_named_method; unique_owner_for_target
0	0	0	00488D10	FUN_00488d10	DEFAULT	undefined __thiscall FUN_00488d10(void * this, undefined4 * param_1)	ANALYSIS	__thiscall	__thiscall	STBoatC::vfunc_4C	STBoatC	vfunc_4C	/STBoatC	007905A0	STBoatCVTable	STBoatC	00401A0A	0x4C	007905A0:19						false	false		low	slot_family_has_no_named_method; unique_owner_for_target
0	0	0	00488EE0	FUN_00488ee0	DEFAULT	int __thiscall FUN_00488ee0(void * this, undefined1 * param_1)	ANALYSIS	__thiscall	__thiscall	STBoatC::vfunc_58	STBoatC	vfunc_58	/STBoatC	007905A0	STBoatCVTable	STBoatC	00402586	0x58	007905A0:22						false	false		low	slot_family_has_no_named_method; unique_owner_for_target
0	0	0	00488F30	STBoatC::GetInfo16	USER_DEFINED	undefined __thiscall GetInfo16(STBoatC * this, AnonShape_00488F30_727896DE * param_1)	USER_DEFINED	__thiscall	__thiscall	STBoatC::GetInfo16	STBoatC	GetInfo16	/STBoatC	007905A0	STBoatCVTable	STBoatC	00403ABC	0x60	007905A0:24						false	false		low	unique_named_method_in_slot_family; target_already_has_meaningful_name; no_qualified_signature_anchor; manual_signature_preserved
0	0	0	004898C0	FUN_004898c0	DEFAULT	undefined __thiscall FUN_004898c0(void * this, AnonShape_004898C0_081F3DAB * param_1)	ANALYSIS	__thiscall	__thiscall	STBoatC::vfunc_68	STBoatC	vfunc_68	/STBoatC	007905A0	STBoatCVTable	STBoatC	004055EC	0x68	007905A0:26						false	false		low	slot_family_has_no_named_method; unique_owner_for_target
0	0	0	0048D110	STBoatC::FUN_0048d110	DEFAULT	dword __thiscall FUN_0048d110(STBoatC * this)	ANALYSIS	__thiscall	__thiscall	STBoatC::vfunc_FC	STBoatC	vfunc_FC	/STBoatC	007905A0	STBoatCVTable	STBoatC	00403530	0xFC	007905A0:63				/dword		false	false	dword __thiscall STBoatC::vfunc_FC()	low	slot_family_has_no_named_method; unique_owner_for_target
0	0	0	00490B30	FUN_00490b30	DEFAULT	undefined __thiscall FUN_00490b30(void * this, AnonShape_00490B30_6CCF6294 * param_1, short param_2, uint param_3)	ANALYSIS	__thiscall	__thiscall	STBoatC::vfunc_8C	STBoatC	vfunc_8C	/STBoatC	007905A0	STBoatCVTable	STBoatC	00405984	0x8C	007905A0:35						false	false		low	slot_family_has_no_named_method; unique_owner_for_target
0	0	0	00490E70	STBoatC::FUN_00490e70	DEFAULT	dword __thiscall FUN_00490e70(STBoatC * this)	ANALYSIS	__thiscall	__thiscall	STBoatC::vfunc_6C	STBoatC	vfunc_6C	/STBoatC	007905A0	STBoatCVTable	STBoatC	0040399F	0x6C	007905A0:27				/dword		false	false	dword __thiscall STBoatC::vfunc_6C()	low	slot_family_has_no_named_method; unique_owner_for_target
0	0	0	00490E90	FUN_00490e90	DEFAULT	undefined __thiscall FUN_00490e90(void * this, char * param_1)	ANALYSIS	__thiscall	__thiscall	STBoatC::vfunc_74	STBoatC	vfunc_74	/STBoatC	007905A0	STBoatCVTable	STBoatC	00401E33	0x74	007905A0:29						false	false		low	slot_family_has_no_named_method; unique_owner_for_target
0	0	0	00490ED0	FUN_00490ed0	DEFAULT	undefined __thiscall FUN_00490ed0(void * this, char * param_1)	ANALYSIS	__thiscall	__thiscall	STBoatC::vfunc_70	STBoatC	vfunc_70	/STBoatC	007905A0	STBoatCVTable	STBoatC	00401B95	0x70	007905A0:28						false	false		low	slot_family_has_no_named_method; unique_owner_for_target
0	0	0	00490F60	FUN_00490f60	DEFAULT	undefined __fastcall FUN_00490f60(STBoatC * param_1)	ANALYSIS	__fastcall	__thiscall	STBoatC::vfunc_9C	STBoatC	vfunc_9C	/STBoatC	007905A0	STBoatCVTable	STBoatC	004030E4	0x9C	007905A0:39						false	false		low	slot_family_has_no_named_method; unique_owner_for_target
0	0	0	00491070	STBoatC::ReleaseLoad	USER_DEFINED	undefined __thiscall ReleaseLoad(STBoatC * this, uint * param_1)	USER_DEFINED	__thiscall	__thiscall	STBoatC::ReleaseLoad	STBoatC	ReleaseLoad	/STBoatC	007905A0	STBoatCVTable	STBoatC	004011DB	0xA0	007905A0:40						false	false		low	unique_named_method_in_slot_family; target_already_has_meaningful_name; no_qualified_signature_anchor; manual_signature_preserved
0	0	0	00491180	FUN_00491180	DEFAULT	undefined FUN_00491180(void)	DEFAULT	unknown	__thiscall	STBoatC::vfunc_A4	STBoatC	vfunc_A4	/STBoatC	007905A0	STBoatCVTable	STBoatC	00402DE7	0xA4	007905A0:41						false	false		low	slot_family_has_no_named_method; unique_owner_for_target
0	0	0	004911B0	FUN_004911b0	DEFAULT	undefined4 __thiscall FUN_004911b0(void * this, undefined4 param_1)	ANALYSIS	__thiscall	__thiscall	STBoatC::vfunc_A8	STBoatC	vfunc_A8	/STBoatC	007905A0	STBoatCVTable	STBoatC	004053A3	0xA8	007905A0:42						false	false		low	slot_family_has_no_named_method; unique_owner_for_target
0	0	0	00491200	FUN_00491200	DEFAULT	undefined4 __thiscall FUN_00491200(void * this, int param_1)	ANALYSIS	__thiscall	__thiscall	STBoatC::vfunc_AC	STBoatC	vfunc_AC	/STBoatC	007905A0	STBoatCVTable	STBoatC	00401DDE	0xAC	007905A0:43						false	false		low	slot_family_has_no_named_method; unique_owner_for_target
0	0	0	00491240	STBoatC::PrepareForLoading	USER_DEFINED	undefined __thiscall PrepareForLoading(STBoatC * this, int param_1, short param_2, short param_3, short param_4, ushort param_5)	USER_DEFINED	__thiscall	__thiscall	STBoatC::PrepareForLoading	STBoatC	PrepareForLoading	/STBoatC	007905A0	STBoatCVTable	STBoatC	0040455C	0xB0	007905A0:44						false	false		low	unique_named_method_in_slot_family; target_already_has_meaningful_name; no_qualified_signature_anchor; manual_signature_preserved
0	0	0	00491600	FUN_00491600	DEFAULT	undefined __fastcall FUN_00491600(AnonShape_00491600_23458133 * param_1)	ANALYSIS	__fastcall	__thiscall	STBoatC::vfunc_B4	STBoatC	vfunc_B4	/STBoatC	007905A0	STBoatCVTable	STBoatC	00405B69	0xB4	007905A0:45						false	false		low	slot_family_has_no_named_method; unique_owner_for_target
0	0	0	00491720	FUN_00491720	DEFAULT	undefined __fastcall FUN_00491720(STBoatC * param_1, undefined4 param_2)	ANALYSIS	__fastcall	__thiscall	STBoatC::vfunc_B8	STBoatC	vfunc_B8	/STBoatC	007905A0	STBoatCVTable	STBoatC	00403CF6	0xB8	007905A0:46						false	false		low	slot_family_has_no_named_method; unique_owner_for_target
0	0	0	00491930	FUN_00491930	DEFAULT	undefined FUN_00491930(void)	DEFAULT	unknown	__thiscall	STBoatC::vfunc_BC	STBoatC	vfunc_BC	/STBoatC	007905A0	STBoatCVTable	STBoatC	00405416	0xBC	007905A0:47						false	false		low	slot_family_has_no_named_method; unique_owner_for_target
0	0	0	00491980	FUN_00491980	DEFAULT	undefined4 __fastcall FUN_00491980(void * param_1)	ANALYSIS	__fastcall	__thiscall	STBoatC::vfunc_C0	STBoatC	vfunc_C0	/STBoatC	007905A0	STBoatCVTable	STBoatC	00404B56	0xC0	007905A0:48						false	false		low	slot_family_has_no_named_method; unique_owner_for_target
0	0	0	00493050	FUN_00493050	DEFAULT	undefined4 __thiscall FUN_00493050(void * this, int param_1)	ANALYSIS	__thiscall	__thiscall	STBoatC::vfunc_114	STBoatC	vfunc_114	/STBoatC	007905A0	STBoatCVTable	STBoatC	00401681	0x114	007905A0:69						false	false		low	slot_family_has_no_named_method; unique_owner_for_target
0	0	0	00493110	FUN_00493110	DEFAULT	undefined __thiscall FUN_00493110(void * this, AnonShape_00493110_B173055C * param_1)	ANALYSIS	__thiscall	__thiscall	STBoatC::vfunc_118	STBoatC	vfunc_118	/STBoatC	007905A0	STBoatCVTable	STBoatC	00402892	0x118	007905A0:70						false	false		low	slot_family_has_no_named_method; unique_owner_for_target
0	0	0	00493250	FUN_00493250	DEFAULT	undefined FUN_00493250(void)	DEFAULT	unknown	__thiscall	STBoatC::vfunc_11C	STBoatC	vfunc_11C	/STBoatC	007905A0	STBoatCVTable	STBoatC	00405A60	0x11C	007905A0:71						false	false		low	slot_family_has_no_named_method; unique_owner_for_target
0	0	0	00493CA0	FUN_00493ca0	DEFAULT	undefined FUN_00493ca0(void)	ANALYSIS	unknown	__thiscall	STBoatC::vfunc_C	STBoatC	vfunc_C	/STBoatC	007905A0	STBoatCVTable	STBoatC	00401618	0xC	007905A0:3						false	false		low	slot_family_has_no_named_method; unique_owner_for_target
0	0	0	00494870	FUN_00494870	DEFAULT	bool __thiscall FUN_00494870(void * this, uint param_1)	ANALYSIS	__thiscall	__thiscall	STBoatC::vfunc_F4	STBoatC	vfunc_F4	/STBoatC	007905A0	STBoatCVTable	STBoatC	0040200E	0xF4	007905A0:61						false	false		low	slot_family_has_no_named_method; unique_owner_for_target
0	0	0	00494DF0	FUN_00494df0	DEFAULT	undefined __fastcall FUN_00494df0(AnonShape_00494DF0_56294F0B * param_1)	ANALYSIS	__fastcall	__thiscall	STBoatC::vfunc_94	STBoatC	vfunc_94	/STBoatC	007905A0	STBoatCVTable	STBoatC	00402EF0	0x94	007905A0:37						false	false		low	slot_family_has_no_named_method; unique_owner_for_target
0	0	0	00494F00	FUN_00494f00	DEFAULT	undefined __fastcall FUN_00494f00(AnonShape_00494F00_45028F21 * param_1)	ANALYSIS	__fastcall	__thiscall	STBoatC::vfunc_98	STBoatC	vfunc_98	/STBoatC	007905A0	STBoatCVTable	STBoatC	004039A9	0x98	007905A0:38						false	false		low	slot_family_has_no_named_method; unique_owner_for_target
0	0	0	004952C0	STBoatC::FUN_004952c0	DEFAULT	dword __thiscall FUN_004952c0(STBoatC * this)	ANALYSIS	__thiscall	__thiscall	STBoatC::vfunc_120	STBoatC	vfunc_120	/STBoatC	007905A0	STBoatCVTable	STBoatC	00405C4A	0x120	007905A0:72				/dword		false	false	dword __thiscall STBoatC::vfunc_120()	low	slot_family_has_no_named_method; unique_owner_for_target
0	0	0	00495980	DumpClassC::GetMessage	USER_DEFINED	int __thiscall GetMessage(DumpClassC * this, STMessage * message)	ANALYSIS	__thiscall	__thiscall	DumpClassC::GetMessage	DumpClassC	GetMessage	/DumpClassC	00790710	DumpClassCVTable	DumpClassC	00402E8C	0x0	00790710:0						false	false		low	unique_named_method_in_slot_family; target_already_has_meaningful_name; no_qualified_signature_anchor
0	0	0	00497E00	STGroupBoatC::GetMessage	USER_DEFINED	int __thiscall GetMessage(STGroupBoatC * this, STMessage * message)	ANALYSIS	__thiscall	__thiscall	STGroupBoatC::GetMessage	STGroupBoatC	GetMessage	/STGroupBoatC	00790728	STGroupBoatCVTable	STGroupBoatC	00403BA7	0x0	00790728:0						false	false		low	unique_named_method_in_slot_family; target_already_has_meaningful_name; no_qualified_signature_anchor
0	0	0	00498D20	STGroupBoatC::sub_00498D20	ANALYSIS	void __thiscall sub_00498D20(STGroupBoatC * this, STGroupBoatC_sub_00498D20_orderTypeEnum orderType, DArrayTy * data)	ANALYSIS	__thiscall	__thiscall	STGroupBoatC::sub_00498D20	STGroupBoatC	sub_00498D20	/STGroupBoatC	00790728	STGroupBoatCVTable	STGroupBoatC	00404CFA	0x8	00790728:2						false	false		low	unique_named_method_in_slot_family; target_already_has_meaningful_name; no_qualified_signature_anchor
0	0	0	004996F0	STGroupBoatC::FUN_004996f0	DEFAULT	dword __thiscall FUN_004996f0(STGroupBoatC * this)	ANALYSIS	__thiscall	__thiscall	STGroupBoatC::vfunc_1C	STGroupBoatC	vfunc_1C	/STGroupBoatC	00790728	STGroupBoatCVTable	STGroupBoatC	00404DBD	0x1C	00790728:7				/dword		false	false	dword __thiscall STGroupBoatC::vfunc_1C()	low	slot_family_has_no_named_method; unique_owner_for_target
0	0	0	00499710	STGroupBoatC::FUN_00499710	DEFAULT	dword __thiscall FUN_00499710(STGroupBoatC * this)	ANALYSIS	__thiscall	__thiscall	STGroupBoatC::vfunc_20	STGroupBoatC	vfunc_20	/STGroupBoatC	00790728	STGroupBoatCVTable	STGroupBoatC	00402FA9	0x20	00790728:8				/dword		false	false	dword __thiscall STGroupBoatC::vfunc_20()	low	slot_family_has_no_named_method; unique_owner_for_target
0	0	0	00499730	STGroupBoatC::FUN_00499730	DEFAULT	dword __thiscall FUN_00499730(STGroupBoatC * this)	ANALYSIS	__thiscall	__thiscall	STGroupBoatC::vfunc_24	STGroupBoatC	vfunc_24	/STGroupBoatC	00790728	STGroupBoatCVTable	STGroupBoatC	00404674	0x24	00790728:9				/dword		false	false	dword __thiscall STGroupBoatC::vfunc_24()	low	slot_family_has_no_named_method; unique_owner_for_target
0	0	0	004A0EC0	STGroupBoatC::FUN_004a0ec0	DEFAULT	dword __thiscall FUN_004a0ec0(STGroupBoatC * this)	ANALYSIS	__thiscall	__thiscall	STGroupBoatC::vfunc_C	STGroupBoatC	vfunc_C	/STGroupBoatC	00790728	STGroupBoatCVTable	STGroupBoatC	00404453	0xC	00790728:3				/dword		false	false	dword __thiscall STGroupBoatC::vfunc_C()	low	slot_family_has_no_named_method; unique_owner_for_target
0	0	0	004A0EE0	FUN_004a0ee0	DEFAULT	undefined __thiscall FUN_004a0ee0(void * this, ushort param_1)	ANALYSIS	__thiscall	__thiscall	STGroupBoatC::vfunc_4	STGroupBoatC	vfunc_4	/STGroupBoatC	00790728	STGroupBoatCVTable	STGroupBoatC	00403B2F	0x4	00790728:1						false	false		low	slot_family_has_no_named_method; unique_owner_for_target
0	0	0	004A4240	STGroupBoatC::ChangeMDNotify	USER_DEFINED	undefined __thiscall ChangeMDNotify(STGroupBoatC * this, int param_1, uint param_2)	USER_DEFINED	__thiscall	__thiscall	STGroupBoatC::ChangeMDNotify	STGroupBoatC	ChangeMDNotify	/STGroupBoatC	00790728	STGroupBoatCVTable	STGroupBoatC	0040472D	0x10	00790728:4						false	false		low	unique_named_method_in_slot_family; target_already_has_meaningful_name; no_qualified_signature_anchor; manual_signature_preserved
0	0	0	004A4D60	STGroupBoatC::ChangeMDNotify	USER_DEFINED	undefined __thiscall ChangeMDNotify(STGroupBoatC * this, int param_1, short param_2)	USER_DEFINED	__thiscall	__thiscall	STGroupBoatC::ChangeMDNotify	STGroupBoatC	ChangeMDNotify	/STGroupBoatC	00790728	STGroupBoatCVTable	STGroupBoatC	00402DF6	0x14	00790728:5						false	false		low	unique_named_method_in_slot_family; target_already_has_meaningful_name; no_qualified_signature_anchor; manual_signature_preserved
0	0	0	004A8920	OpticClassC::GetMessage	USER_DEFINED	int __thiscall GetMessage(OpticClassC * this, STMessage * message)	ANALYSIS	__thiscall	__thiscall	OpticClassC::GetMessage	OpticClassC	GetMessage	/OpticClassC	00790758	OpticClassCVTable	OpticClassC	004022CA	0x0	00790758:0						false	false		low	unique_named_method_in_slot_family; target_already_has_meaningful_name; no_qualified_signature_anchor
0	0	0	004AD550	FUN_004ad550	DEFAULT	undefined __fastcall FUN_004ad550(uint param_1)	ANALYSIS	__fastcall	__thiscall	STT3DSprC::vfunc_0	STT3DSprC	vfunc_0	/STT3DSprC	00790790	STT3DSprCVTable	STT3DSprC	00405218	0x0	00790790:0						false	false		low	slot_family_has_no_named_method; unique_owner_for_target
0	0	0	004B9FA0	TLOBaseTy::GetMessage	USER_DEFINED	int __thiscall GetMessage(TLOBaseTy * this, STMessage * message)	ANALYSIS	__thiscall	__thiscall	TLOBaseTy::GetMessage	TLOBaseTy	GetMessage	/TLOBaseTy	00790AA0	TLOBaseTyVTable	TLOBaseTy	00401640	0x0	007900A0:0	0041AF40	STGameObjC::GetMessage	int __thiscall GetMessage(STGameObjC * this, STMessage * message)	/int	message=/SubmarineTitans/Recovered/STMessage *32	false	false	int __thiscall TLOBaseTy::GetMessage(STMessage * message)	low	unique_named_method_in_slot_family; target_already_has_meaningful_name; signature_anchor=STGameObjC::GetMessage
0	0	0	004BE0F0	TLOBaseTy::FUN_004be0f0	DEFAULT	dword __thiscall FUN_004be0f0(TLOBaseTy * this)	ANALYSIS	__thiscall	__thiscall	TLOBaseTy::vfunc_2C	TLOBaseTy	vfunc_2C	/TLOBaseTy	00790AA0	TLOBaseTyVTable	TLOBaseTy	00403FB2	0x2C	007900A0:11				/dword		false	false	dword __thiscall TLOBaseTy::vfunc_2C()	low	slot_family_has_no_named_method; unique_owner_for_target
0	0	0	004BE110	FUN_004be110	DEFAULT	undefined FUN_004be110(void)	DEFAULT	unknown	__thiscall	TLOBaseTy::vfunc_C	TLOBaseTy	vfunc_C	/TLOBaseTy	00790AA0	TLOBaseTyVTable	TLOBaseTy	004014E2	0xC	007900A0:3						false	false		low	slot_family_has_no_named_method; unique_owner_for_target
0	0	0	004BE140	TLOBaseTy::FUN_004be140	DEFAULT	dword __thiscall FUN_004be140(TLOBaseTy * this)	ANALYSIS	__thiscall	__thiscall	TLOBaseTy::vfunc_F8	TLOBaseTy	vfunc_F8	/TLOBaseTy	00790AA0	TLOBaseTyVTable	TLOBaseTy	00404214	0xF8	007900A0:62				/dword		false	false	dword __thiscall TLOBaseTy::vfunc_F8()	low	slot_family_has_no_named_method; unique_owner_for_target
0	0	0	004BE160	TLOBaseTy::FUN_004be160	DEFAULT	dword __thiscall FUN_004be160(TLOBaseTy * this)	ANALYSIS	__thiscall	__thiscall	TLOBaseTy::vfunc_C4	TLOBaseTy	vfunc_C4	/TLOBaseTy	00790AA0	TLOBaseTyVTable	TLOBaseTy	00404F02	0xC4	007900A0:49				/dword		false	false	dword __thiscall TLOBaseTy::vfunc_C4()	low	slot_family_has_no_named_method; unique_owner_for_target
0	0	0	004BE180	FUN_004be180	DEFAULT	undefined __thiscall FUN_004be180(void * this, undefined4 param_1)	ANALYSIS	__thiscall	__thiscall	TLOBaseTy::vfunc_C8	TLOBaseTy	vfunc_C8	/TLOBaseTy	00790AA0	TLOBaseTyVTable	TLOBaseTy	00405DF8	0xC8	007900A0:50						false	false		low	slot_family_has_no_named_method; unique_owner_for_target
0	0	0	004BE1A0	FUN_004be1a0	DEFAULT	undefined FUN_004be1a0(void)	DEFAULT	unknown	__thiscall	TLOBaseTy::vfunc_EC	TLOBaseTy	vfunc_EC	/TLOBaseTy	00790AA0	TLOBaseTyVTable	TLOBaseTy	004029AA	0xEC	007900A0:59						false	false		low	slot_family_has_no_named_method; unique_owner_for_target
0	0	0	004BE1D0	FUN_004be1d0	DEFAULT	uint __fastcall FUN_004be1d0(int param_1)	ANALYSIS	__fastcall	__thiscall	TLOBaseTy::vfunc_F0	TLOBaseTy	vfunc_F0	/TLOBaseTy	00790AA0	TLOBaseTyVTable	TLOBaseTy	00402D42	0xF0	007900A0:60						false	false		low	slot_family_has_no_named_method; unique_owner_for_target
0	0	0	004BE200	FUN_004be200	DEFAULT	undefined __stdcall FUN_004be200(void)	ANALYSIS	__stdcall	__thiscall	TLOBaseTy::vfunc_F4	TLOBaseTy	vfunc_F4	/TLOBaseTy	00790AA0	TLOBaseTyVTable	TLOBaseTy	00403B75	0xF4	007900A0:61						false	false		low	slot_family_has_no_named_method; unique_owner_for_target
0	0	0	004BE220	TLOBaseTy::FUN_004be220	DEFAULT	dword __thiscall FUN_004be220(TLOBaseTy * this)	ANALYSIS	__thiscall	__thiscall	TLOBaseTy::vfunc_6C	TLOBaseTy	vfunc_6C	/TLOBaseTy	00790AA0	TLOBaseTyVTable	TLOBaseTy	00404DEA	0x6C	007900A0:27				/dword		false	false	dword __thiscall TLOBaseTy::vfunc_6C()	low	slot_family_has_no_named_method; unique_owner_for_target
0	0	0	004BE240	FUN_004be240	DEFAULT	undefined __thiscall FUN_004be240(void * this, char * param_1)	ANALYSIS	__thiscall	__thiscall	TLOBaseTy::vfunc_74	TLOBaseTy	vfunc_74	/TLOBaseTy	00790AA0	TLOBaseTyVTable	TLOBaseTy	00404A2F	0x74	007900A0:29						false	false		low	slot_family_has_no_named_method; unique_owner_for_target
0	0	0	004BE290	FUN_004be290	DEFAULT	undefined __thiscall FUN_004be290(void * this, char * param_1)	ANALYSIS	__thiscall	__thiscall	TLOBaseTy::vfunc_70	TLOBaseTy	vfunc_70	/TLOBaseTy	00790AA0	TLOBaseTyVTable	TLOBaseTy	00402B35	0x70	007900A0:28						false	false		low	slot_family_has_no_named_method; unique_owner_for_target
0	0	0	004BE320	FUN_004be320	DEFAULT	undefined4 __thiscall FUN_004be320(void * this, undefined4 * param_1)	ANALYSIS	__thiscall	__thiscall	TLOBaseTy::vfunc_88	TLOBaseTy	vfunc_88	/TLOBaseTy	00790AA0	TLOBaseTyVTable	TLOBaseTy	00403008	0x88	007900A0:34						false	false		low	slot_family_has_no_named_method; unique_owner_for_target
0	0	0	004BE380	FUN_004be380	DEFAULT	int __fastcall FUN_004be380(AnonShape_004BE380_4A62E49E * param_1)	ANALYSIS	__fastcall	__thiscall	TLOBaseTy::vfunc_7C	TLOBaseTy	vfunc_7C	/TLOBaseTy	00790AA0	TLOBaseTyVTable	TLOBaseTy	00402B0D	0x7C	007900A0:31						false	false		low	slot_family_has_no_named_method; unique_owner_for_target
0	0	0	004BE3D0	FUN_004be3d0	DEFAULT	undefined __thiscall FUN_004be3d0(void * this, int param_1)	ANALYSIS	__thiscall	__thiscall	TLOBaseTy::vfunc_84	TLOBaseTy	vfunc_84	/TLOBaseTy	00790AA0	TLOBaseTyVTable	TLOBaseTy	00404C5A	0x84	007900A0:33						false	false		low	slot_family_has_no_named_method; unique_owner_for_target
0	0	0	004BE450	TLOBaseTy::FUN_004be450	DEFAULT	dword __thiscall FUN_004be450(TLOBaseTy * this)	ANALYSIS	__thiscall	__thiscall	TLOBaseTy::vfunc_78	TLOBaseTy	vfunc_78	/TLOBaseTy	00790AA0	TLOBaseTyVTable	TLOBaseTy	00401A64	0x78	007900A0:30				/dword		false	false	dword __thiscall TLOBaseTy::vfunc_78()	low	slot_family_has_no_named_method; unique_owner_for_target
0	0	0	004BE470	FUN_004be470	DEFAULT	undefined __thiscall FUN_004be470(void * this, int param_1)	ANALYSIS	__thiscall	__thiscall	TLOBaseTy::vfunc_80	TLOBaseTy	vfunc_80	/TLOBaseTy	00790AA0	TLOBaseTyVTable	TLOBaseTy	00405C27	0x80	007900A0:32						false	false		low	slot_family_has_no_named_method; unique_owner_for_target
0	0	0	004BE500	TLOBaseTy::SetActivity	USER_DEFINED	undefined __thiscall SetActivity(TLOBaseTy * this, int param_1)	USER_DEFINED	__thiscall	__thiscall	TLOBaseTy::SetActivity	TLOBaseTy	SetActivity	/TLOBaseTy	00790AA0	TLOBaseTyVTable	TLOBaseTy	00401082	0xE8	007900A0:58	004D67B0	TLOBaseTy::SetActivity	undefined __thiscall SetActivity(TLOBaseTy * this, int param_1)	/undefined	param_1=/int	false	false	undefined __thiscall TLOBaseTy::SetActivity(int param_1)	low	unique_named_method_in_slot_family; target_already_has_meaningful_name; signature_anchor=TLOBaseTy::SetActivity; manual_signature_preserved
0	0	0	004BE6C0	FUN_004be6c0	DEFAULT	undefined __thiscall FUN_004be6c0(void * this, undefined4 * param_1)	ANALYSIS	__thiscall	__thiscall	TLOBaseTy::vfunc_30	TLOBaseTy	vfunc_30	/TLOBaseTy	00790AA0	TLOBaseTyVTable	TLOBaseTy	00402734	0x30	007900A0:12						false	false		low	slot_family_has_no_named_method; unique_owner_for_target
0	0	0	004BEA70	TLOBaseTy::FUN_004bea70	DEFAULT	bool __thiscall FUN_004bea70(TLOBaseTy * this, int * param_1)	ANALYSIS	__thiscall	__thiscall	TLOBaseTy::vfunc_34	TLOBaseTy	vfunc_34	/TLOBaseTy	00790AA0	TLOBaseTyVTable	TLOBaseTy	00404EE9	0x34	007900A0:13						false	false		low	slot_family_has_no_named_method; unique_owner_for_target
0	0	0	004C21A0	FUN_004c21a0	DEFAULT	undefined4 __thiscall FUN_004c21a0(void * this, Global_sub_004C21A0_param_1Enum param_1, int * param_2, float param_3, int param_4)	ANALYSIS	__thiscall	__thiscall	TLOBaseTy::vfunc_28	TLOBaseTy	vfunc_28	/TLOBaseTy	00790AA0	TLOBaseTyVTable	TLOBaseTy	00404C9B	0x28	007900A0:10						false	false		low	slot_family_has_no_named_method; unique_owner_for_target
0	0	0	004C2810	FUN_004c2810	DEFAULT	undefined FUN_004c2810(void)	DEFAULT	unknown	__thiscall	TLOBaseTy::vfunc_FC	TLOBaseTy	vfunc_FC	/TLOBaseTy	00790AA0	TLOBaseTyVTable	TLOBaseTy	00405001	0xFC	007900A0:63						false	false		low	slot_family_has_no_named_method; unique_owner_for_target
0	0	0	004C2840	FUN_004c2840	DEFAULT	undefined __thiscall FUN_004c2840(void * this, undefined4 * param_1)	ANALYSIS	__thiscall	__thiscall	TLOBaseTy::vfunc_68	TLOBaseTy	vfunc_68	/TLOBaseTy	00790AA0	TLOBaseTyVTable	TLOBaseTy	00405402	0x68	007900A0:26						false	false		low	slot_family_has_no_named_method; unique_owner_for_target
0	0	0	004C28B0	FUN_004c28b0	DEFAULT	undefined __thiscall FUN_004c28b0(void * this, undefined4 * param_1)	ANALYSIS	__thiscall	__thiscall	TLOBaseTy::vfunc_5C	TLOBaseTy	vfunc_5C	/TLOBaseTy	00790AA0	TLOBaseTyVTable	TLOBaseTy	0040268F	0x5C	007900A0:23						false	false		low	slot_family_has_no_named_method; unique_owner_for_target
0	0	0	004C5980	FUN_004c5980	DEFAULT	int __thiscall FUN_004c5980(void * this, short param_1, short param_2, short param_3)	ANALYSIS	__thiscall	__thiscall	TLOBaseTy::vfunc_DC	TLOBaseTy	vfunc_DC	/TLOBaseTy	00790AA0	TLOBaseTyVTable	TLOBaseTy	004035F8	0xDC	007900A0:55						false	false		low	slot_family_has_no_named_method; unique_owner_for_target
0	0	0	004C5BD0	FUN_004c5bd0	DEFAULT	undefined4 __thiscall FUN_004c5bd0(void * this, float param_1, short * param_2, short * param_3, short * param_4, undefined4 * param_5)	ANALYSIS	__thiscall	__thiscall	TLOBaseTy::vfunc_E0	TLOBaseTy	vfunc_E0	/TLOBaseTy	00790AA0	TLOBaseTyVTable	TLOBaseTy	004015AA	0xE0	007900A0:56						false	false		low	slot_family_has_no_named_method; unique_owner_for_target
0	0	0	004C6A00	TLOBldMark::GetMessage	USER_DEFINED	int __thiscall GetMessage(TLOBldMark * this, STMessage * message)	ANALYSIS	__thiscall	__thiscall	TLOBldMark::GetMessage	TLOBldMark	GetMessage	/TLOBldMark	00790C04	TLOBldMarkVTable	TLOBldMark	004044D5	0x0	00790C04:0						false	false		low	unique_named_method_in_slot_family; target_already_has_meaningful_name; no_qualified_signature_anchor
0	0	0	004CC9C0	FUN_004cc9c0	DEFAULT	undefined4 __thiscall FUN_004cc9c0(void * this, int param_1)	ANALYSIS	__thiscall	__thiscall	TLOBaseTy::vfunc_108	TLOBaseTy	vfunc_108	/TLOBaseTy	00790AA0	TLOBaseTyVTable	TLOBaseTy	00404EFD	0x108	007900A0:66						false	false		low	slot_family_has_no_named_method; unique_owner_for_target
0	0	0	004CCAD0	FUN_004ccad0	DEFAULT	undefined __fastcall FUN_004ccad0(AnonShape_004CCAD0_262475FB * param_1)	ANALYSIS	__fastcall	__thiscall	TLOBaseTy::vfunc_10C	TLOBaseTy	vfunc_10C	/TLOBaseTy	00790AA0	TLOBaseTyVTable	TLOBaseTy	00402BDA	0x10C	007900A0:67						false	false		low	slot_family_has_no_named_method; unique_owner_for_target
0	0	0	004CCC10	FUN_004ccc10	DEFAULT	undefined __thiscall FUN_004ccc10(void * this, int * param_1, int * param_2)	ANALYSIS	__thiscall	__thiscall	TLOBaseTy::vfunc_110	TLOBaseTy	vfunc_110	/TLOBaseTy	00790AA0	TLOBaseTyVTable	TLOBaseTy	00403661	0x110	007900A0:68						false	false		low	slot_family_has_no_named_method; unique_owner_for_target
0	0	0	004CE0F0	FUN_004ce0f0	DEFAULT	undefined __thiscall FUN_004ce0f0(void * this, int * param_1)	ANALYSIS	__thiscall	__thiscall	TLOBaseTy::vfunc_50	TLOBaseTy	vfunc_50	/TLOBaseTy	00790AA0	TLOBaseTyVTable	TLOBaseTy	004013A2	0x50	007900A0:20						false	false		low	slot_family_has_no_named_method; unique_owner_for_target
0	0	0	004CF640	FUN_004cf640	DEFAULT	undefined __thiscall FUN_004cf640(void * this, int * param_1)	ANALYSIS	__thiscall	__thiscall	TLOBaseTy::vfunc_3C	TLOBaseTy	vfunc_3C	/TLOBaseTy	00790AA0	TLOBaseTyVTable	TLOBaseTy	00404C96	0x3C	007900A0:15						false	false		low	slot_family_has_no_named_method; unique_owner_for_target
0	0	0	004D0B90	TLOFakeTy::GetMessage	USER_DEFINED	int __thiscall GetMessage(TLOFakeTy * this, STMessage * message)	ANALYSIS	__thiscall	__thiscall	TLOFakeTy::GetMessage	TLOFakeTy	GetMessage	/TLOFakeTy	00797560	TLOFakeTyVTable	TLOFakeTy	00401C62	0x0	007900A0:0	0041AF40	STGameObjC::GetMessage	int __thiscall GetMessage(STGameObjC * this, STMessage * message)	/int	message=/SubmarineTitans/Recovered/STMessage *32	false	false	int __thiscall TLOFakeTy::GetMessage(STMessage * message)	low	unique_named_method_in_slot_family; target_already_has_meaningful_name; signature_anchor=STGameObjC::GetMessage
0	0	0	004D0F80	FUN_004d0f80	DEFAULT	undefined FUN_004d0f80(void)	DEFAULT	unknown	__thiscall	TLOFakeTy::vfunc_F8	TLOFakeTy	vfunc_F8	/TLOFakeTy	00797560	TLOFakeTyVTable	TLOFakeTy	00401C76	0xF8	007900A0:62						false	false		low	slot_family_has_no_named_method; unique_owner_for_target
0	0	0	004D0FA0	FUN_004d0fa0	DEFAULT	undefined FUN_004d0fa0(void)	DEFAULT	unknown	__thiscall	TLOFakeTy::vfunc_EC	TLOFakeTy	vfunc_EC	/TLOFakeTy	00797560	TLOFakeTyVTable	TLOFakeTy	00403102	0xEC	007900A0:59						false	false		low	slot_family_has_no_named_method; unique_owner_for_target
0	0	0	004D55B0	TLOEmbryoTy::GetMessage	USER_DEFINED	int __thiscall GetMessage(TLOEmbryoTy * this, STMessage * message)	ANALYSIS	__thiscall	__thiscall	TLOEmbryoTy::GetMessage	TLOEmbryoTy	GetMessage	/TLOEmbryoTy	00798C70	TLOEmbryoTyVTable	TLOEmbryoTy	00404E3F	0x0	007900A0:0	0041AF40	STGameObjC::GetMessage	int __thiscall GetMessage(STGameObjC * this, STMessage * message)	/int	message=/SubmarineTitans/Recovered/STMessage *32	false	false	int __thiscall TLOEmbryoTy::GetMessage(STMessage * message)	low	unique_named_method_in_slot_family; target_already_has_meaningful_name; signature_anchor=STGameObjC::GetMessage
0	0	0	004D6360	FUN_004d6360	DEFAULT	int __thiscall FUN_004d6360(void * this, short param_1, short param_2, short param_3)	ANALYSIS	__thiscall	__thiscall	TLOEmbryoTy::vfunc_DC	TLOEmbryoTy	vfunc_DC	/TLOEmbryoTy	00798C70	TLOEmbryoTyVTable	TLOEmbryoTy	004033D2	0xDC	007900A0:55						false	false		low	slot_family_has_no_named_method; unique_owner_for_target
0	0	0	004D6590	FUN_004d6590	DEFAULT	undefined4 __thiscall FUN_004d6590(void * this, float param_1, short * param_2, short * param_3, short * param_4, undefined4 * param_5)	ANALYSIS	__thiscall	__thiscall	TLOEmbryoTy::vfunc_E0	TLOEmbryoTy	vfunc_E0	/TLOEmbryoTy	00798C70	TLOEmbryoTyVTable	TLOEmbryoTy	00403C3D	0xE0	007900A0:56						false	false		low	slot_family_has_no_named_method; unique_owner_for_target
0	0	0	004D67B0	TLOBaseTy::SetActivity	USER_DEFINED	undefined __thiscall SetActivity(TLOBaseTy * this, int param_1)	USER_DEFINED	__thiscall	__thiscall	TLOBaseTy::SetActivity	TLOBaseTy	SetActivity	/TLOBaseTy	00798C70	TLOEmbryoTyVTable	TLOEmbryoTy	00403F94	0xE8	007900A0:58	004BE500	TLOBaseTy::SetActivity	undefined __thiscall SetActivity(TLOBaseTy * this, int param_1)	/undefined	param_1=/int	false	false	undefined __thiscall TLOBaseTy::SetActivity(int param_1)	low	unique_named_method_in_slot_family; target_already_has_meaningful_name; signature_anchor=TLOBaseTy::SetActivity; manual_signature_preserved
0	0	0	004D6890	FUN_004d6890	DEFAULT	undefined __thiscall FUN_004d6890(void * this, AnonShape_004D6890_0C7826D6 * param_1)	ANALYSIS	__thiscall	__thiscall	TLOEmbryoTy::vfunc_30	TLOEmbryoTy	vfunc_30	/TLOEmbryoTy	00798C70	TLOEmbryoTyVTable	TLOEmbryoTy	0040594D	0x30	007900A0:12						false	false		low	slot_family_has_no_named_method; unique_owner_for_target
0	0	0	004D6930	FUN_004d6930	DEFAULT	undefined __thiscall FUN_004d6930(void * this, AnonShape_004D6930_FDF7B020 * param_1)	ANALYSIS	__thiscall	__thiscall	TLOEmbryoTy::vfunc_34	TLOEmbryoTy	vfunc_34	/TLOEmbryoTy	00798C70	TLOEmbryoTyVTable	TLOEmbryoTy	00405092	0x34	007900A0:13						false	false		low	slot_family_has_no_named_method; unique_owner_for_target
0	0	0	004D6BE0	FUN_004d6be0	DEFAULT	undefined FUN_004d6be0(void)	DEFAULT	unknown	__thiscall	TLOEmbryoTy::vfunc_2C	TLOEmbryoTy	vfunc_2C	/TLOEmbryoTy	00798C70	TLOEmbryoTyVTable	TLOEmbryoTy	004044B7	0x2C	007900A0:11						false	false		low	slot_family_has_no_named_method; unique_owner_for_target
0	0	0	004D6C00	TLOEmbryoTy::FUN_004d6c00	DEFAULT	dword __thiscall FUN_004d6c00(TLOEmbryoTy * this)	ANALYSIS	__thiscall	__thiscall	TLOEmbryoTy::vfunc_C	TLOEmbryoTy	vfunc_C	/TLOEmbryoTy	00798C70	TLOEmbryoTyVTable	TLOEmbryoTy	00401695	0xC	007900A0:3				/dword		false	false	dword __thiscall TLOEmbryoTy::vfunc_C()	low	slot_family_has_no_named_method; unique_owner_for_target
0	0	0	004D6C20	FUN_004d6c20	DEFAULT	undefined FUN_004d6c20(void)	DEFAULT	unknown	__thiscall	TLOEmbryoTy::vfunc_F8	TLOEmbryoTy	vfunc_F8	/TLOEmbryoTy	00798C70	TLOEmbryoTyVTable	TLOEmbryoTy	00401FAF	0xF8	007900A0:62						false	false		low	slot_family_has_no_named_method; unique_owner_for_target
0	0	0	004D6C50	TLOEmbryoTy::FUN_004d6c50	DEFAULT	dword __thiscall FUN_004d6c50(TLOEmbryoTy * this)	ANALYSIS	__thiscall	__thiscall	TLOEmbryoTy::vfunc_7C	TLOEmbryoTy	vfunc_7C	/TLOEmbryoTy	00798C70	TLOEmbryoTyVTable	TLOEmbryoTy	00402CE3	0x7C	007900A0:31				/dword		false	false	dword __thiscall TLOEmbryoTy::vfunc_7C()	low	slot_family_has_no_named_method; unique_owner_for_target
0	0	0	004D6C70	FUN_004d6c70	DEFAULT	undefined FUN_004d6c70(void)	DEFAULT	unknown	__thiscall	TLOEmbryoTy::vfunc_C4	TLOEmbryoTy	vfunc_C4	/TLOEmbryoTy	00798C70	TLOEmbryoTyVTable	TLOEmbryoTy	004013C5	0xC4	007900A0:49						false	false		low	slot_family_has_no_named_method; unique_owner_for_target
0	0	0	004D6C90	FUN_004d6c90	DEFAULT	undefined4 __thiscall FUN_004d6c90(void * this, undefined4 param_1, int * param_2)	ANALYSIS	__thiscall	__thiscall	TLOEmbryoTy::vfunc_28	TLOEmbryoTy	vfunc_28	/TLOEmbryoTy	00798C70	TLOEmbryoTyVTable	TLOEmbryoTy	00401839	0x28	007900A0:10						false	false		low	slot_family_has_no_named_method; unique_owner_for_target
0	0	0	004D6D30	FUN_004d6d30	DEFAULT	undefined FUN_004d6d30(void)	DEFAULT	unknown	__thiscall	TLOEmbryoTy::vfunc_EC	TLOEmbryoTy	vfunc_EC	/TLOEmbryoTy	00798C70	TLOEmbryoTyVTable	TLOEmbryoTy	00404E30	0xEC	007900A0:59						false	false		low	slot_family_has_no_named_method; unique_owner_for_target
0	0	0	004D6D50	FUN_004d6d50	DEFAULT	undefined __thiscall FUN_004d6d50(void * this, undefined4 * param_1)	ANALYSIS	__thiscall	__thiscall	TLOEmbryoTy::vfunc_68	TLOEmbryoTy	vfunc_68	/TLOEmbryoTy	00798C70	TLOEmbryoTyVTable	TLOEmbryoTy	004037BF	0x68	007900A0:26						false	false		low	slot_family_has_no_named_method; unique_owner_for_target
0	0	0	004D7010	FUN_004d7010	DEFAULT	undefined FUN_004d7010(void)	DEFAULT	unknown	__thiscall					007900A0 | 007905A0 | 00790AA0 | 00797560 | 00798C70 | 0079B238 | 0079B3C4 | 0079B528 | 0079B68C | 0079B78C | 0079B8F0 | 0079BA54 | 0079BBB8 | 0079BD1C | 0079BE80 | 0079C260 | 0079C3EC | 0079C5AC | 0079C714 | 0079C9B0 | 0079CB14 | 0079CEFC | 0079D098 | 0079D4AC	STArtiafactCVTable | STBoatCVTable | STColl3CVTable | STContainerCVTable | STCrabCVTable | STDcResourcCVTable | STDestCVTable | STExplosionVTable | STFishCVTable | STGameObjCVTable | STJellyGunCVTable | STJellyManCVTable | STLBombCVTable | STMBombCVTable | STMineSetCVTable | STOctopusCVTable | STRubbishCVTable | STSatCVTable | STSharkCVTable | STSprGameObjCVTable | STTorpCVTable | TLOBaseTyVTable | TLOEmbryoTyVTable | TLOFakeTyVTable	STArtiafactC | STBoatC | STColl3C | STContainerC | STCrabC | STDcResourcC | STDestC | STExplosion | STFishC | STGameObjC | STJellyGunC | STJellyManC | STLBombC | STMBombC | STMineSetC | STOctopusC | STRubbishC | STSatC | STSharkC | STSprGameObjC | STTorpC | TLOBaseTy | TLOEmbryoTy | TLOFakeTy	004034D6	0xCC	007900A0:51 | 007905A0:51				/dword		false	false		low	target_used_by_multiple_slot_families; slot_family_has_no_named_method; target_shared_by_multiple_owners
0	0	0	004D7040	FUN_004d7040	DEFAULT	undefined4 __fastcall FUN_004d7040(int * param_1)	ANALYSIS	__fastcall	__thiscall					007900A0 | 007905A0 | 00797560 | 00798C70 | 0079B238 | 0079B3C4 | 0079B528 | 0079B68C | 0079B78C | 0079B8F0 | 0079BA54 | 0079BBB8 | 0079BD1C | 0079BE80 | 0079C260 | 0079C3EC | 0079C5AC | 0079C714 | 0079C9B0 | 0079CB14 | 0079CEFC | 0079D098 | 0079D4AC	STArtiafactCVTable | STBoatCVTable | STColl3CVTable | STContainerCVTable | STCrabCVTable | STDcResourcCVTable | STDestCVTable | STExplosionVTable | STFishCVTable | STGameObjCVTable | STJellyGunCVTable | STJellyManCVTable | STLBombCVTable | STMBombCVTable | STMineSetCVTable | STOctopusCVTable | STRubbishCVTable | STSatCVTable | STSharkCVTable | STSprGameObjCVTable | STTorpCVTable | TLOEmbryoTyVTable | TLOFakeTyVTable	STArtiafactC | STBoatC | STColl3C | STContainerC | STCrabC | STDcResourcC | STDestC | STExplosion | STFishC | STGameObjC | STJellyGunC | STJellyManC | STLBombC | STMBombC | STMineSetC | STOctopusC | STRubbishC | STSatC | STSharkC | STSprGameObjC | STTorpC | TLOEmbryoTy | TLOFakeTy	0040167C	0xD0	007900A0:52 | 007905A0:52						false	false		low	target_used_by_multiple_slot_families; slot_family_has_no_named_method; target_shared_by_multiple_owners
0	0	0	004D7390	FUN_004d7390	DEFAULT	undefined FUN_004d7390(void)	DEFAULT	unknown	__thiscall	TLOBaseTy::vfunc_D0	TLOBaseTy	vfunc_D0	/TLOBaseTy	00790AA0	TLOBaseTyVTable	TLOBaseTy	0040144C	0xD0	007900A0:52						false	false		low	slot_family_has_no_named_method; unique_owner_for_target
0	0	0	004DA340	FUN_004da340	DEFAULT	undefined __thiscall FUN_004da340(void * this, byte * param_1)	ANALYSIS	__thiscall	__thiscall	TLOBaseTy::vfunc_44	TLOBaseTy	vfunc_44	/TLOBaseTy	00790AA0	TLOBaseTyVTable	TLOBaseTy	00402257	0x44	007900A0:17						false	false		low	slot_family_has_no_named_method; unique_owner_for_target
0	0	0	004E3200	FUN_004e3200	DEFAULT	undefined __thiscall FUN_004e3200(void * this, int * param_1)	ANALYSIS	__thiscall	__thiscall	TLOBaseTy::vfunc_38	TLOBaseTy	vfunc_38	/TLOBaseTy	00790AA0	TLOBaseTyVTable	TLOBaseTy	004020DB	0x38	007900A0:14						false	false		low	slot_family_has_no_named_method; unique_owner_for_target
0	0	0	004EB600	FUN_004eb600	DEFAULT	undefined __thiscall FUN_004eb600(void * this, short * param_1)	ANALYSIS	__thiscall	__thiscall	TLOBaseTy::vfunc_48	TLOBaseTy	vfunc_48	/TLOBaseTy	00790AA0	TLOBaseTyVTable	TLOBaseTy	00401F1E	0x48	007900A0:18						false	false		low	slot_family_has_no_named_method; unique_owner_for_target
0	0	0	004EDF30	BehPanelTy::ShiftControls	USER_DEFINED	undefined __thiscall ShiftControls(BehPanelTy * this, int param_1)	USER_DEFINED	__thiscall	__thiscall	BehPanelTy::ShiftControls	BehPanelTy	ShiftControls	/BehPanelTy	0079AB74	BehPanelTyVTable	BehPanelTy	004040ED	0x18	0079AB74:6						false	false		low	competing_method_names_in_slot_family; target_already_has_meaningful_name; manual_signature_preserved
0	0	0	004EE0A0	BehPanelTy::Update	USER_DEFINED	undefined __thiscall Update(BehPanelTy * this)	USER_DEFINED	__thiscall	__thiscall	BehPanelTy::Update	BehPanelTy	Update	/BehPanelTy	0079AB74	BehPanelTyVTable	BehPanelTy	00403DA0	0x20	0079AB74:8						false	false		low	unique_named_method_in_slot_family; target_already_has_meaningful_name; no_qualified_signature_anchor; manual_signature_preserved
0	0	0	004EE4D0	BehPanelTy::GetMessage	USER_DEFINED	int __thiscall GetMessage(BehPanelTy * this, STMessage * message)	ANALYSIS	__thiscall	__thiscall	BehPanelTy::GetMessage	BehPanelTy	GetMessage	/BehPanelTy	0079AB74	BehPanelTyVTable	BehPanelTy	00404BBF	0x0	0079AB74:0	004EF6D0	BldBoatPanelTy::GetMessage	int __thiscall GetMessage(BldBoatPanelTy * this, STMessage * message)	/int	message=/SubmarineTitans/Recovered/STMessage *32	false	false	int __thiscall BehPanelTy::GetMessage(STMessage * message)	low	unique_named_method_in_slot_family; target_already_has_meaningful_name; signature_anchor=BldBoatPanelTy::GetMessage
0	0	0	004EEFB0	BldBoatPanelTy::ShiftControls	ANALYSIS	undefined __thiscall ShiftControls(BldBoatPanelTy * this, int param_1)	ANALYSIS	__thiscall	__thiscall	BldBoatPanelTy::ShiftControls	BldBoatPanelTy	ShiftControls	/BldBoatPanelTy	0079ABA0	BldBoatPanelTyVTable	BldBoatPanelTy	00402914	0x18	0079AB74:6						false	false		low	competing_method_names_in_slot_family; target_already_has_meaningful_name
0	0	0	004EF020	BldBoatPanelTy::Update	USER_DEFINED	undefined __thiscall Update(BldBoatPanelTy * this)	USER_DEFINED	__thiscall	__thiscall	BldBoatPanelTy::Update	BldBoatPanelTy	Update	/BldBoatPanelTy	0079ABA0	BldBoatPanelTyVTable	BldBoatPanelTy	0040277A	0x1C	0079AB74:7						false	false		low	competing_method_names_in_slot_family; target_already_has_meaningful_name; manual_signature_preserved
0	0	0	004EF6D0	BldBoatPanelTy::GetMessage	USER_DEFINED	int __thiscall GetMessage(BldBoatPanelTy * this, STMessage * message)	ANALYSIS	__thiscall	__thiscall	BldBoatPanelTy::GetMessage	BldBoatPanelTy	GetMessage	/BldBoatPanelTy	0079ABA0	BldBoatPanelTyVTable	BldBoatPanelTy	00402C25	0x0	0079AB74:0	004EE4D0	BehPanelTy::GetMessage	int __thiscall GetMessage(BehPanelTy * this, STMessage * message)	/int	message=/SubmarineTitans/Recovered/STMessage *32	false	false	int __thiscall BldBoatPanelTy::GetMessage(STMessage * message)	low	unique_named_method_in_slot_family; target_already_has_meaningful_name; signature_anchor=BehPanelTy::GetMessage
0	0	0	004EFD10	BldLabPanelTy::Update	USER_DEFINED	undefined __thiscall Update(BldLabPanelTy * this)	ANALYSIS	__thiscall	__thiscall	BldLabPanelTy::Update	BldLabPanelTy	Update	/BldLabPanelTy	0079ABC8	BldLabPanelTyVTable	BldLabPanelTy	00405E8E	0x1C	0079AB74:7						false	false		low	competing_method_names_in_slot_family; target_already_has_meaningful_name
0	0	0	004F0210	BldLabPanelTy::GetMessage	USER_DEFINED	int __thiscall GetMessage(BldLabPanelTy * this, STMessage * message)	ANALYSIS	__thiscall	__thiscall	BldLabPanelTy::GetMessage	BldLabPanelTy	GetMessage	/BldLabPanelTy	0079ABC8	BldLabPanelTyVTable	BldLabPanelTy	00403823	0x0	0079AB74:0	004EE4D0	BehPanelTy::GetMessage	int __thiscall GetMessage(BehPanelTy * this, STMessage * message)	/int	message=/SubmarineTitans/Recovered/STMessage *32	false	false	int __thiscall BldLabPanelTy::GetMessage(STMessage * message)	low	unique_named_method_in_slot_family; target_already_has_meaningful_name; signature_anchor=BehPanelTy::GetMessage
0	0	0	004F0AF0	BldObjPanelTy::ShiftControls	ANALYSIS	undefined __thiscall ShiftControls(BldObjPanelTy * this, int param_1)	ANALYSIS	__thiscall	__thiscall	BldObjPanelTy::ShiftControls	BldObjPanelTy	ShiftControls	/BldObjPanelTy	0079ABF0	BldObjPanelTyVTable	BldObjPanelTy	00401AF0	0x18	0079AB74:6						false	false		low	competing_method_names_in_slot_family; target_already_has_meaningful_name
0	0	0	004F0B60	BldObjPanelTy::Update	USER_DEFINED	undefined __thiscall Update(BldObjPanelTy * this)	USER_DEFINED	__thiscall	__thiscall	BldObjPanelTy::Update	BldObjPanelTy	Update	/BldObjPanelTy	0079ABF0	BldObjPanelTyVTable	BldObjPanelTy	00403BE3	0x1C	0079AB74:7						false	false		low	competing_method_names_in_slot_family; target_already_has_meaningful_name; manual_signature_preserved
0	0	0	004F1080	BldObjPanelTy::GetMessage	USER_DEFINED	int __thiscall GetMessage(BldObjPanelTy * this, STMessage * message)	ANALYSIS	__thiscall	__thiscall	BldObjPanelTy::GetMessage	BldObjPanelTy	GetMessage	/BldObjPanelTy	0079ABF0	BldObjPanelTyVTable	BldObjPanelTy	00402450	0x0	0079AB74:0	004EE4D0	BehPanelTy::GetMessage	int __thiscall GetMessage(BehPanelTy * this, STMessage * message)	/int	message=/SubmarineTitans/Recovered/STMessage *32	false	false	int __thiscall BldObjPanelTy::GetMessage(STMessage * message)	low	unique_named_method_in_slot_family; target_already_has_meaningful_name; signature_anchor=BehPanelTy::GetMessage
0	0	0	00510370	FrmPanelTy::ShiftControls	USER_DEFINED	undefined __thiscall ShiftControls(FrmPanelTy * this, int param_1)	USER_DEFINED	__thiscall	__thiscall	FrmPanelTy::ShiftControls	FrmPanelTy	ShiftControls	/FrmPanelTy	0079AC1C	FrmPanelTyVTable	FrmPanelTy	00402536	0x18	0079AB74:6						false	false		low	competing_method_names_in_slot_family; target_already_has_meaningful_name; manual_signature_preserved
0	0	0	005104B0	FrmPanelTy::Update	USER_DEFINED	undefined __thiscall Update(FrmPanelTy * this)	USER_DEFINED	__thiscall	__thiscall	FrmPanelTy::Update	FrmPanelTy	Update	/FrmPanelTy	0079AC1C	FrmPanelTyVTable	FrmPanelTy	00404327	0x20	0079AB74:8						false	false		low	unique_named_method_in_slot_family; target_already_has_meaningful_name; no_qualified_signature_anchor; manual_signature_preserved
0	0	0	005107C0	FrmPanelTy::GetMessage	USER_DEFINED	int __thiscall GetMessage(FrmPanelTy * this, STMessage * message)	ANALYSIS	__thiscall	__thiscall	FrmPanelTy::GetMessage	FrmPanelTy	GetMessage	/FrmPanelTy	0079AC1C	FrmPanelTyVTable	FrmPanelTy	00404246	0x0	0079AB74:0	004EE4D0	BehPanelTy::GetMessage	int __thiscall GetMessage(BehPanelTy * this, STMessage * message)	/int	message=/SubmarineTitans/Recovered/STMessage *32	false	false	int __thiscall FrmPanelTy::GetMessage(STMessage * message)	low	unique_named_method_in_slot_family; target_already_has_meaningful_name; signature_anchor=BehPanelTy::GetMessage
0	0	0	00511FA0	HelpPanelTy::SetPanel	USER_DEFINED	undefined4 __thiscall SetPanel(HelpPanelTy * this, char param_1)	USER_DEFINED	__thiscall	__thiscall	HelpPanelTy::SetPanel	HelpPanelTy	SetPanel	/HelpPanelTy	0079AC48	HelpPanelTyVTable	HelpPanelTy	00401857	0x18	0079AB74:6						false	false		low	competing_method_names_in_slot_family; target_already_has_meaningful_name; manual_signature_preserved
0	0	0	0051DDD0	HelpPanelTy::GetMessage	USER_DEFINED	int __thiscall GetMessage(HelpPanelTy * this, STMessage * message)	ANALYSIS	__thiscall	__thiscall	HelpPanelTy::GetMessage	HelpPanelTy	GetMessage	/HelpPanelTy	0079AC48	HelpPanelTyVTable	HelpPanelTy	00404458	0x0	0079AB74:0	004EE4D0	BehPanelTy::GetMessage	int __thiscall GetMessage(BehPanelTy * this, STMessage * message)	/int	message=/SubmarineTitans/Recovered/STMessage *32	false	false	int __thiscall HelpPanelTy::GetMessage(STMessage * message)	low	unique_named_method_in_slot_family; target_already_has_meaningful_name; signature_anchor=BehPanelTy::GetMessage
0	0	0	0051FBA0	HelpStringTy::GetMessage	USER_DEFINED	int __thiscall GetMessage(HelpStringTy * this, STMessage * message)	ANALYSIS	__thiscall	__thiscall	HelpStringTy::GetMessage	HelpStringTy	GetMessage	/HelpStringTy	0079AC6C	HelpStringTyVTable	HelpStringTy	00403C60	0x0	0079AC6C:0						false	false		low	unique_named_method_in_slot_family; target_already_has_meaningful_name; no_qualified_signature_anchor
0	0	0	005205E0	InfocPanelTy::ShiftControls	USER_DEFINED	undefined __thiscall ShiftControls(InfocPanelTy * this, int param_1)	USER_DEFINED	__thiscall	__thiscall	InfocPanelTy::ShiftControls	InfocPanelTy	ShiftControls	/InfocPanelTy	0079AC70	InfocPanelTyVTable	InfocPanelTy	00405B0A	0x18	0079AB74:6						false	false		low	competing_method_names_in_slot_family; target_already_has_meaningful_name; manual_signature_preserved
0	0	0	005206F0	InfocPanelTy::Update	USER_DEFINED	undefined __thiscall Update(InfocPanelTy * this)	USER_DEFINED	__thiscall	__thiscall	InfocPanelTy::Update	InfocPanelTy	Update	/InfocPanelTy	0079AC70	InfocPanelTyVTable	InfocPanelTy	0040160E	0x20	0079AB74:8						false	false		low	unique_named_method_in_slot_family; target_already_has_meaningful_name; no_qualified_signature_anchor; manual_signature_preserved
0	0	0	00521490	InfocPanelTy::GetMessage	USER_DEFINED	int __thiscall GetMessage(InfocPanelTy * this, STMessage * message)	ANALYSIS	__thiscall	__thiscall	InfocPanelTy::GetMessage	InfocPanelTy	GetMessage	/InfocPanelTy	0079AC70	InfocPanelTyVTable	InfocPanelTy	00401C03	0x0	0079AB74:0	004EE4D0	BehPanelTy::GetMessage	int __thiscall GetMessage(BehPanelTy * this, STMessage * message)	/int	message=/SubmarineTitans/Recovered/STMessage *32	false	false	int __thiscall InfocPanelTy::GetMessage(STMessage * message)	low	unique_named_method_in_slot_family; target_already_has_meaningful_name; signature_anchor=BehPanelTy::GetMessage
0	0	0	00522E80	IntercomPanelTy::GetMessage	USER_DEFINED	int __thiscall GetMessage(IntercomPanelTy * this, STMessage * message)	ANALYSIS	__thiscall	__thiscall	IntercomPanelTy::GetMessage	IntercomPanelTy	GetMessage	/IntercomPanelTy	0079AC9C	IntercomPanelTyVTable	IntercomPanelTy	00401B9F	0x0	0079AB74:0	004EE4D0	BehPanelTy::GetMessage	int __thiscall GetMessage(BehPanelTy * this, STMessage * message)	/int	message=/SubmarineTitans/Recovered/STMessage *32	false	false	int __thiscall IntercomPanelTy::GetMessage(STMessage * message)	low	unique_named_method_in_slot_family; target_already_has_meaningful_name; signature_anchor=BehPanelTy::GetMessage
0	0	0	0052BF00	MoneyTy::GetMessage	USER_DEFINED	int __thiscall GetMessage(MoneyTy * this, STMessage * message)	ANALYSIS	__thiscall	__thiscall	MoneyTy::GetMessage	MoneyTy	GetMessage	/MoneyTy	0079ACE4	MoneyTyVTable	MoneyTy	004019D3	0x0	0079ACE4:0						false	false		low	unique_named_method_in_slot_family; target_already_has_meaningful_name; no_qualified_signature_anchor
0	0	0	00533D10	OptPanelTy::GetMessage	USER_DEFINED	int __thiscall GetMessage(OptPanelTy * this, STMessage * message)	ANALYSIS	__thiscall	__thiscall	OptPanelTy::GetMessage	OptPanelTy	GetMessage	/OptPanelTy	0079AD10	OptPanelTyVTable	OptPanelTy	00405EA7	0x0	0079AB74:0	004EE4D0	BehPanelTy::GetMessage	int __thiscall GetMessage(BehPanelTy * this, STMessage * message)	/int	message=/SubmarineTitans/Recovered/STMessage *32	false	false	int __thiscall OptPanelTy::GetMessage(STMessage * message)	low	unique_named_method_in_slot_family; target_already_has_meaningful_name; signature_anchor=BehPanelTy::GetMessage
0	0	0	00538690	PanelTy::CreateBut	USER_DEFINED	undefined4 __thiscall CreateBut(PanelTy * this, undefined4 param_1, int param_2, int param_3, int param_4, int param_5, int param_6, byte param_7, LPSTR param_8, undefined4 param_9, undefined4 param_10, short param_11, ushort param_12, undefined4 param_13, char * param_14, undefined4 param_15)	USER_DEFINED	__thiscall	__thiscall	PanelTy::CreateBut	PanelTy	CreateBut	/PanelTy	0079AB74 | 0079ABA0 | 0079ABC8 | 0079ABF0 | 0079AC1C | 0079AC48 | 0079AC70 | 0079AC9C | 0079AD10 | 0079AD2C | 0079AD48 | 0079AD64 | 0079AD8C | 0079AE90	BehPanelTyVTable | BldBoatPanelTyVTable | BldLabPanelTyVTable | BldObjPanelTyVTable | FrmPanelTyVTable | HelpPanelTyVTable | InfocPanelTyVTable | IntercomPanelTyVTable | OptPanelTyVTable | PausePanelTyVTable | PlayPanelTyVTable | ResearchPanelTyVTable | SAMPanelTyVTable | UpgPanelTyVTable	BehPanelTy | BldBoatPanelTy | BldLabPanelTy | BldObjPanelTy | FrmPanelTy | HelpPanelTy | InfocPanelTy | IntercomPanelTy | OptPanelTy | PausePanelTy | PlayPanelTy | ResearchPanelTy | SAMPanelTy | UpgPanelTy	0040300D	0x4	0079AB74:1						false	false		low	unique_named_method_in_slot_family; target_already_has_meaningful_name; no_qualified_signature_anchor; manual_signature_preserved
0	0	0	005389E0	PanelTy::PaintBut	USER_DEFINED	undefined __thiscall PaintBut(PanelTy * this, AnonShape_005389E0_C98BD548 * param_1, byte param_2, char * param_3, undefined * param_4, int param_5, int param_6)	USER_DEFINED	__thiscall	__thiscall	PanelTy::PaintBut	PanelTy	PaintBut	/PanelTy	0079AB74 | 0079ABA0 | 0079ABC8 | 0079ABF0 | 0079AC1C | 0079AC48 | 0079AC70 | 0079AC9C | 0079AD10 | 0079AD2C | 0079AD48 | 0079AD64 | 0079AD8C | 0079AE90	BehPanelTyVTable | BldBoatPanelTyVTable | BldLabPanelTyVTable | BldObjPanelTyVTable | FrmPanelTyVTable | HelpPanelTyVTable | InfocPanelTyVTable | IntercomPanelTyVTable | OptPanelTyVTable | PausePanelTyVTable | PlayPanelTyVTable | ResearchPanelTyVTable | SAMPanelTyVTable | UpgPanelTyVTable	BehPanelTy | BldBoatPanelTy | BldLabPanelTy | BldObjPanelTy | FrmPanelTy | HelpPanelTy | InfocPanelTy | IntercomPanelTy | OptPanelTy | PausePanelTy | PlayPanelTy | ResearchPanelTy | SAMPanelTy | UpgPanelTy	00403373	0x8	0079AB74:2						false	false		low	unique_named_method_in_slot_family; target_already_has_meaningful_name; no_qualified_signature_anchor; manual_signature_preserved
0	0	0	00538BA0	PanelTy::PaintTxtBut	USER_DEFINED	undefined __thiscall PaintTxtBut(PanelTy * this, AnonShape_00538BA0_C95DDA1D * param_1, byte param_2, char * param_3, ccFntTy * param_4, UINT param_5, undefined * param_6, int param_7, int param_8)	USER_DEFINED	__thiscall	__thiscall	PanelTy::PaintTxtBut	PanelTy	PaintTxtBut	/PanelTy	0079AB74 | 0079ABA0 | 0079ABC8 | 0079ABF0 | 0079AC1C | 0079AC48 | 0079AC70 | 0079AC9C | 0079AD10 | 0079AD2C | 0079AD48 | 0079AD64 | 0079AD8C | 0079AE90	BehPanelTyVTable | BldBoatPanelTyVTable | BldLabPanelTyVTable | BldObjPanelTyVTable | FrmPanelTyVTable | HelpPanelTyVTable | InfocPanelTyVTable | IntercomPanelTyVTable | OptPanelTyVTable | PausePanelTyVTable | PlayPanelTyVTable | ResearchPanelTyVTable | SAMPanelTyVTable | UpgPanelTyVTable	BehPanelTy | BldBoatPanelTy | BldLabPanelTy | BldObjPanelTy | FrmPanelTy | HelpPanelTy | InfocPanelTy | IntercomPanelTy | OptPanelTy | PausePanelTy | PlayPanelTy | ResearchPanelTy | SAMPanelTy | UpgPanelTy	00401C9E	0xC	0079AB74:3						false	false		low	unique_named_method_in_slot_family; target_already_has_meaningful_name; no_qualified_signature_anchor; manual_signature_preserved
0	0	0	00538DB0	PanelTy::PaintIBut	USER_DEFINED	void __thiscall PaintIBut(PanelTy * this, AnonShape_00538DB0_574DDCD0 * param_1, char * param_2, UINT param_3, int param_4, int param_5)	USER_DEFINED	__thiscall	__thiscall	PanelTy::PaintIBut	PanelTy	PaintIBut	/PanelTy	0079AB74 | 0079ABA0 | 0079ABC8 | 0079ABF0 | 0079AC1C | 0079AC48 | 0079AC70 | 0079AC9C | 0079AD10 | 0079AD2C | 0079AD48 | 0079AD64 | 0079AD8C | 0079AE90	BehPanelTyVTable | BldBoatPanelTyVTable | BldLabPanelTyVTable | BldObjPanelTyVTable | FrmPanelTyVTable | HelpPanelTyVTable | InfocPanelTyVTable | IntercomPanelTyVTable | OptPanelTyVTable | PausePanelTyVTable | PlayPanelTyVTable | ResearchPanelTyVTable | SAMPanelTyVTable | UpgPanelTyVTable	BehPanelTy | BldBoatPanelTy | BldLabPanelTy | BldObjPanelTy | FrmPanelTy | HelpPanelTy | InfocPanelTy | IntercomPanelTy | OptPanelTy | PausePanelTy | PlayPanelTy | ResearchPanelTy | SAMPanelTy | UpgPanelTy	00402121	0x10	0079AB74:4						false	false		low	unique_named_method_in_slot_family; target_already_has_meaningful_name; no_qualified_signature_anchor; manual_signature_preserved
0	0	0	00538FC0	PanelTy::PaintLBut	USER_DEFINED	undefined __thiscall PaintLBut(PanelTy * this, AnonShape_00538FC0_B5E96243 * param_1, byte param_2, char * param_3, char * param_4, undefined * param_5, int param_6, int param_7)	USER_DEFINED	__thiscall	__thiscall	PanelTy::PaintLBut	PanelTy	PaintLBut	/PanelTy	0079AB74 | 0079ABA0 | 0079ABC8 | 0079ABF0 | 0079AC1C | 0079AC48 | 0079AC70 | 0079AC9C | 0079AD10 | 0079AD2C | 0079AD48 | 0079AD64 | 0079AD8C | 0079AE90	BehPanelTyVTable | BldBoatPanelTyVTable | BldLabPanelTyVTable | BldObjPanelTyVTable | FrmPanelTyVTable | HelpPanelTyVTable | InfocPanelTyVTable | IntercomPanelTyVTable | OptPanelTyVTable | PausePanelTyVTable | PlayPanelTyVTable | ResearchPanelTyVTable | SAMPanelTyVTable | UpgPanelTyVTable	BehPanelTy | BldBoatPanelTy | BldLabPanelTy | BldObjPanelTy | FrmPanelTy | HelpPanelTy | InfocPanelTy | IntercomPanelTy | OptPanelTy | PausePanelTy | PlayPanelTy | ResearchPanelTy | SAMPanelTy | UpgPanelTy	004056D2	0x14	0079AB74:5						false	false		low	unique_named_method_in_slot_family; target_already_has_meaningful_name; no_qualified_signature_anchor; manual_signature_preserved
0	0	0	005397F0	PausePanelTy::GetMessage	USER_DEFINED	int __thiscall GetMessage(PausePanelTy * this, STMessage * message)	ANALYSIS	__thiscall	__thiscall	PausePanelTy::GetMessage	PausePanelTy	GetMessage	/PausePanelTy	0079AD2C	PausePanelTyVTable	PausePanelTy	004021D0	0x0	0079AB74:0	004EE4D0	BehPanelTy::GetMessage	int __thiscall GetMessage(BehPanelTy * this, STMessage * message)	/int	message=/SubmarineTitans/Recovered/STMessage *32	false	false	int __thiscall PausePanelTy::GetMessage(STMessage * message)	low	unique_named_method_in_slot_family; target_already_has_meaningful_name; signature_anchor=BehPanelTy::GetMessage
0	0	0	0053AFB0	PlayPanelTy::GetMessage	USER_DEFINED	int __thiscall GetMessage(PlayPanelTy * this, STMessage * message)	ANALYSIS	__thiscall	__thiscall	PlayPanelTy::GetMessage	PlayPanelTy	GetMessage	/PlayPanelTy	0079AD48	PlayPanelTyVTable	PlayPanelTy	00402766	0x0	0079AB74:0	004EE4D0	BehPanelTy::GetMessage	int __thiscall GetMessage(BehPanelTy * this, STMessage * message)	/int	message=/SubmarineTitans/Recovered/STMessage *32	false	false	int __thiscall PlayPanelTy::GetMessage(STMessage * message)	low	unique_named_method_in_slot_family; target_already_has_meaningful_name; signature_anchor=BehPanelTy::GetMessage
0	0	0	0053C490	ResearchPanelTy::ShiftControls	ANALYSIS	undefined __thiscall ShiftControls(ResearchPanelTy * this, int param_1)	ANALYSIS	__thiscall	__thiscall	ResearchPanelTy::ShiftControls	ResearchPanelTy	ShiftControls	/ResearchPanelTy	0079AD64	ResearchPanelTyVTable	ResearchPanelTy	00405BF0	0x18	0079AB74:6						false	false		low	competing_method_names_in_slot_family; target_already_has_meaningful_name
0	0	0	0053C500	ResearchPanelTy::Update	USER_DEFINED	undefined __thiscall Update(ResearchPanelTy * this)	USER_DEFINED	__thiscall	__thiscall	ResearchPanelTy::Update	ResearchPanelTy	Update	/ResearchPanelTy	0079AD64	ResearchPanelTyVTable	ResearchPanelTy	00402E46	0x1C	0079AB74:7						false	false		low	competing_method_names_in_slot_family; target_already_has_meaningful_name; manual_signature_preserved
0	0	0	0053CA80	ResearchPanelTy::GetMessage	USER_DEFINED	int __thiscall GetMessage(ResearchPanelTy * this, STMessage * message)	ANALYSIS	__thiscall	__thiscall	ResearchPanelTy::GetMessage	ResearchPanelTy	GetMessage	/ResearchPanelTy	0079AD64	ResearchPanelTyVTable	ResearchPanelTy	004031C5	0x0	0079AB74:0	004EE4D0	BehPanelTy::GetMessage	int __thiscall GetMessage(BehPanelTy * this, STMessage * message)	/int	message=/SubmarineTitans/Recovered/STMessage *32	false	false	int __thiscall ResearchPanelTy::GetMessage(STMessage * message)	low	unique_named_method_in_slot_family; target_already_has_meaningful_name; signature_anchor=BehPanelTy::GetMessage
0	0	0	0053D290	SAMPanelTy::ShiftControls	USER_DEFINED	undefined __thiscall ShiftControls(SAMPanelTy * this, int param_1)	USER_DEFINED	__thiscall	__thiscall	SAMPanelTy::ShiftControls	SAMPanelTy	ShiftControls	/SAMPanelTy	0079AD8C	SAMPanelTyVTable	SAMPanelTy	00404016	0x18	0079AB74:6						false	false		low	competing_method_names_in_slot_family; target_already_has_meaningful_name; manual_signature_preserved
0	0	0	0053D3B0	SAMPanelTy::Update	USER_DEFINED	undefined __thiscall Update(SAMPanelTy * this)	USER_DEFINED	__thiscall	__thiscall	SAMPanelTy::Update	SAMPanelTy	Update	/SAMPanelTy	0079AD8C	SAMPanelTyVTable	SAMPanelTy	00404A8E	0x20	0079AB74:8						false	false		low	unique_named_method_in_slot_family; target_already_has_meaningful_name; no_qualified_signature_anchor; manual_signature_preserved
0	0	0	0053D4D0	SAMPanelTy::GetMessage	USER_DEFINED	int __thiscall GetMessage(SAMPanelTy * this, STMessage * message)	ANALYSIS	__thiscall	__thiscall	SAMPanelTy::GetMessage	SAMPanelTy	GetMessage	/SAMPanelTy	0079AD8C	SAMPanelTyVTable	SAMPanelTy	00403355	0x0	0079AB74:0	004EE4D0	BehPanelTy::GetMessage	int __thiscall GetMessage(BehPanelTy * this, STMessage * message)	/int	message=/SubmarineTitans/Recovered/STMessage *32	false	false	int __thiscall SAMPanelTy::GetMessage(STMessage * message)	low	unique_named_method_in_slot_family; target_already_has_meaningful_name; signature_anchor=BehPanelTy::GetMessage
0	0	0	0053E920	SpecPanelTy::SetPanel	USER_DEFINED	undefined4 __thiscall SetPanel(SpecPanelTy * this, char param_1)	USER_DEFINED	__thiscall	__thiscall	SpecPanelTy::SetPanel	SpecPanelTy	SetPanel	/SpecPanelTy	0079AB74 | 0079AC1C | 0079AC70 | 0079AD8C | 0079AE90	BehPanelTyVTable | FrmPanelTyVTable | InfocPanelTyVTable | SAMPanelTyVTable | UpgPanelTyVTable	BehPanelTy | FrmPanelTy | InfocPanelTy | SAMPanelTy | UpgPanelTy	00401E4C	0x1C	0079AB74:7						false	false		low	competing_method_names_in_slot_family; target_already_has_meaningful_name; manual_signature_preserved
0	0	0	0053F780	ProdPanelTy::ShiftControls	USER_DEFINED	void __thiscall ShiftControls(ProdPanelTy * this, int param_1)	USER_DEFINED	__thiscall	__thiscall	ProdPanelTy::ShiftControls	ProdPanelTy	ShiftControls	/ProdPanelTy	0079ABC8	BldLabPanelTyVTable	BldLabPanelTy	00402B3A	0x18	0079AB74:6						false	false		low	competing_method_names_in_slot_family; target_already_has_meaningful_name; manual_signature_preserved
0	0	0	00542480	InterSystemC::CreateSystemObjects	ANALYSIS	undefined __thiscall CreateSystemObjects(InterSystemC * this)	ANALYSIS	__thiscall	__thiscall	InterSystemC::CreateSystemObjects	InterSystemC	CreateSystemObjects	/InterSystemC	0079ADB8	InterSystemCVTable	InterSystemC	00401DCA	0x14	0079ADB8:5						false	false		low	unique_named_method_in_slot_family; target_already_has_meaningful_name; no_qualified_signature_anchor
0	0	0	00542EC0	InterSystemC::DoneSystem	ANALYSIS	void __thiscall DoneSystem(InterSystemC * this)	ANALYSIS	__thiscall	__thiscall	InterSystemC::DoneSystem	InterSystemC	DoneSystem	/InterSystemC	0079ADB8	InterSystemCVTable	InterSystemC	0040105F	0x4	0079ADB8:1						false	false		low	unique_named_method_in_slot_family; target_already_has_meaningful_name; no_qualified_signature_anchor
0	0	0	00542F40	InterSystemC::GetMessage	USER_DEFINED	int __thiscall GetMessage(InterSystemC * this, STMessage * message)	ANALYSIS	__thiscall	__thiscall	InterSystemC::GetMessage	InterSystemC	GetMessage	/InterSystemC	0079ADB8	InterSystemCVTable	InterSystemC	00402A63	0x20	0079ADB8:8	005DCE90	StartSystemTy::GetMessage	int __thiscall GetMessage(StartSystemTy * this, STMessage * message)	/int	message=/SubmarineTitans/Recovered/STMessage *32	false	false	int __thiscall InterSystemC::GetMessage(STMessage * message)	low	unique_named_method_in_slot_family; target_already_has_meaningful_name; signature_anchor=StartSystemTy::GetMessage
0	0	0	0054CF00	FUN_0054cf00	DEFAULT	int __thiscall FUN_0054cf00(void * this, int param_1, undefined4 * param_2, int * param_3, undefined4 param_4, int param_5)	ANALYSIS	__thiscall	__thiscall	STPlaySystemC::vfunc_8	STPlaySystemC	vfunc_8	/STPlaySystemC	0079AE38	STPlaySystemCVTable	STPlaySystemC	004021DA	0x8	0079AE38:2						false	false		low	slot_family_has_no_named_method; unique_owner_for_target
0	0	0	0054CFA0	FUN_0054cfa0	DEFAULT	undefined FUN_0054cfa0(void)	DEFAULT	unknown	__thiscall	STPlaySystemC::vfunc_14	STPlaySystemC	vfunc_14	/STPlaySystemC	0079AE38	STPlaySystemCVTable	STPlaySystemC	00403E45	0x14	0079AE38:5						false	false		low	slot_family_has_no_named_method; unique_owner_for_target
0	0	0	0054CFC0	STPlaySystemC::InitSystem	USER_DEFINED	undefined4 __thiscall InitSystem(STPlaySystemC * this)	ANALYSIS	__thiscall	__thiscall	STPlaySystemC::InitSystem	STPlaySystemC	InitSystem	/STPlaySystemC	0079AE38	STPlaySystemCVTable	STPlaySystemC	004052B8	0x0	0079AE38:0						false	false		low	unique_named_method_in_slot_family; target_already_has_meaningful_name; no_qualified_signature_anchor
0	0	0	0054D180	STPlaySystemC::DoneSystem	USER_DEFINED	undefined __thiscall DoneSystem(STPlaySystemC * this)	USER_DEFINED	__thiscall	__thiscall	STPlaySystemC::DoneSystem	STPlaySystemC	DoneSystem	/STPlaySystemC	0079AE38	STPlaySystemCVTable	STPlaySystemC	004024AF	0x4	0079AE38:1						false	false		low	unique_named_method_in_slot_family; target_already_has_meaningful_name; no_qualified_signature_anchor; manual_signature_preserved
0	0	0	0054D640	STPlaySystemC::Life	USER_DEFINED	undefined4 __thiscall Life(STPlaySystemC * this)	USER_DEFINED	__thiscall	__thiscall	STPlaySystemC::Life	STPlaySystemC	Life	/STPlaySystemC	0079AE38	STPlaySystemCVTable	STPlaySystemC	004032C9	0x1C	0079AE38:7						false	false		low	unique_named_method_in_slot_family; target_already_has_meaningful_name; no_qualified_signature_anchor; manual_signature_preserved
0	0	0	0054E4F0	STPlaySystemC::GetMessage	USER_DEFINED	int __thiscall GetMessage(STPlaySystemC * this, STMessage * message)	ANALYSIS	__thiscall	__thiscall	STPlaySystemC::GetMessage	STPlaySystemC	GetMessage	/STPlaySystemC	0079AE38	STPlaySystemCVTable	STPlaySystemC	00401244	0x20	0079AE38:8						false	false		low	unique_named_method_in_slot_family; target_already_has_meaningful_name; no_qualified_signature_anchor
0	0	0	00552AF0	UpgPanelTy::ShiftControls	USER_DEFINED	undefined __thiscall ShiftControls(UpgPanelTy * this, int param_1)	USER_DEFINED	__thiscall	__thiscall	UpgPanelTy::ShiftControls	UpgPanelTy	ShiftControls	/UpgPanelTy	0079AE90	UpgPanelTyVTable	UpgPanelTy	00403DB9	0x18	0079AB74:6						false	false		low	competing_method_names_in_slot_family; target_already_has_meaningful_name; manual_signature_preserved
0	0	0	00552BC0	UpgPanelTy::Update	USER_DEFINED	undefined __thiscall Update(UpgPanelTy * this)	USER_DEFINED	__thiscall	__thiscall	UpgPanelTy::Update	UpgPanelTy	Update	/UpgPanelTy	0079AE90	UpgPanelTyVTable	UpgPanelTy	00405033	0x20	0079AB74:8						false	false		low	unique_named_method_in_slot_family; target_already_has_meaningful_name; no_qualified_signature_anchor; manual_signature_preserved
0	0	0	00552E40	UpgPanelTy::GetMessage	USER_DEFINED	int __thiscall GetMessage(UpgPanelTy * this, STMessage * message)	ANALYSIS	__thiscall	__thiscall	UpgPanelTy::GetMessage	UpgPanelTy	GetMessage	/UpgPanelTy	0079AE90	UpgPanelTyVTable	UpgPanelTy	00403BAC	0x0	0079AB74:0	004EE4D0	BehPanelTy::GetMessage	int __thiscall GetMessage(BehPanelTy * this, STMessage * message)	/int	message=/SubmarineTitans/Recovered/STMessage *32	false	false	int __thiscall UpgPanelTy::GetMessage(STMessage * message)	low	unique_named_method_in_slot_family; target_already_has_meaningful_name; signature_anchor=BehPanelTy::GetMessage
0	0	0	005564C0	TraksClassTy::GetMessage	USER_DEFINED	int __thiscall GetMessage(TraksClassTy * this, STMessage * message)	ANALYSIS	__thiscall	__thiscall	TraksClassTy::GetMessage	TraksClassTy	GetMessage	/TraksClassTy	0079AEC0	TraksClassTyVTable	TraksClassTy	00401A23	0x0	0079AEC0:0						false	false		low	unique_named_method_in_slot_family; target_already_has_meaningful_name; no_qualified_signature_anchor
0	0	0	00558840	VisibleClassTy::GetMessage	USER_DEFINED	int __thiscall GetMessage(VisibleClassTy * this, STMessage * message)	ANALYSIS	__thiscall	__thiscall	VisibleClassTy::GetMessage	VisibleClassTy	GetMessage	/VisibleClassTy	0079AEEC	VisibleClassTyVTable	VisibleClassTy	00401D48	0x0	0079AEEC:0						false	false		low	unique_named_method_in_slot_family; target_already_has_meaningful_name; no_qualified_signature_anchor
0	0	0	0055BD40	FUN_0055bd40	DEFAULT	CFsgsConnection * __thiscall FUN_0055bd40(void * this, byte param_1)	ANALYSIS	__thiscall	__thiscall	CFsgsConnection::vfunc_58	CFsgsConnection	vfunc_58	/Demangler/CFsgsConnection	0079AEFC	CFsgsConnectionVTable	CFsgsConnection	004025BD	0x58	0079AEFC:22						false	false		low	slot_family_has_no_named_method; unique_owner_for_target
0	0	0	0055C0E0	FUN_0055c0e0	DEFAULT	undefined __thiscall FUN_0055c0e0(void * this, char * param_1, undefined4 param_2, int param_3, uint param_4, undefined4 * param_5)	ANALYSIS	__thiscall	__thiscall	CFsgsConnection::vfunc_48	CFsgsConnection	vfunc_48	/Demangler/CFsgsConnection	0079AEFC	CFsgsConnectionVTable	CFsgsConnection	00401307	0x48	0079AEFC:18						false	false		low	slot_family_has_no_named_method; unique_owner_for_target
0	0	0	0055C260	FUN_0055c260	DEFAULT	undefined __thiscall FUN_0055c260(void * this, DWORD param_1)	ANALYSIS	__thiscall	__thiscall	CFsgsConnection::vfunc_C	CFsgsConnection	vfunc_C	/Demangler/CFsgsConnection	0079AEFC	CFsgsConnectionVTable	CFsgsConnection	004030A8	0xC	0079AEFC:3						false	false		low	slot_family_has_no_named_method; unique_owner_for_target
0	0	0	0055C290	FUN_0055c290	DEFAULT	undefined __thiscall FUN_0055c290(void * this, char * param_1)	ANALYSIS	__thiscall	__thiscall	CFsgsConnection::vfunc_38	CFsgsConnection	vfunc_38	/Demangler/CFsgsConnection	0079AEFC	CFsgsConnectionVTable	CFsgsConnection	004039FE	0x38	0079AEFC:14						false	false		low	slot_family_has_no_named_method; unique_owner_for_target
0	0	0	0055C2E0	FUN_0055c2e0	DEFAULT	undefined __thiscall FUN_0055c2e0(void * this, int param_1, int param_2)	ANALYSIS	__thiscall	__thiscall	CFsgsConnection::vfunc_3C	CFsgsConnection	vfunc_3C	/Demangler/CFsgsConnection	0079AEFC	CFsgsConnectionVTable	CFsgsConnection	00403841	0x3C	0079AEFC:15						false	false		low	slot_family_has_no_named_method; unique_owner_for_target
0	0	0	0055C500	FUN_0055c500	DEFAULT	undefined __thiscall FUN_0055c500(void * this, int param_1)	ANALYSIS	__thiscall	__thiscall	CFsgsConnection::vfunc_10	CFsgsConnection	vfunc_10	/Demangler/CFsgsConnection	0079AEFC	CFsgsConnectionVTable	CFsgsConnection	00402E5A	0x10	0079AEFC:4						false	false		low	slot_family_has_no_named_method; unique_owner_for_target
0	0	0	0055C550	FUN_0055c550	DEFAULT	undefined FUN_0055c550(void)	DEFAULT	unknown	__thiscall	CFsgsConnection::vfunc_14	CFsgsConnection	vfunc_14	/Demangler/CFsgsConnection	0079AEFC	CFsgsConnectionVTable	CFsgsConnection	004013AC	0x14	0079AEFC:5						false	false		low	slot_family_has_no_named_method; unique_owner_for_target
0	0	0	0055C590	FUN_0055c590	DEFAULT	undefined __stdcall FUN_0055c590(undefined4 param_1, LPCVOID lpBuffer, LPCVOID nNumberOfBytesToWrite)	ANALYSIS	__stdcall	__thiscall	CFsgsConnection::vfunc_54	CFsgsConnection	vfunc_54	/Demangler/CFsgsConnection	0079AEFC	CFsgsConnectionVTable	CFsgsConnection	00404994	0x54	0079AEFC:21						false	false		low	slot_family_has_no_named_method; unique_owner_for_target
0	0	0	0055C6C0	FUN_0055c6c0	DEFAULT	undefined __thiscall FUN_0055c6c0(void * this, int param_1)	ANALYSIS	__thiscall	__thiscall	CFsgsConnection::vfunc_8	CFsgsConnection	vfunc_8	/Demangler/CFsgsConnection	0079AEFC	CFsgsConnectionVTable	CFsgsConnection	00405939	0x8	0079AEFC:2						false	false		low	slot_family_has_no_named_method; unique_owner_for_target
0	0	0	0055C740	FUN_0055c740	DEFAULT	undefined __thiscall FUN_0055c740(void * this, int param_1)	ANALYSIS	__thiscall	__thiscall	CFsgsConnection::vfunc_4	CFsgsConnection	vfunc_4	/Demangler/CFsgsConnection	0079AEFC	CFsgsConnectionVTable	CFsgsConnection	00401749	0x4	0079AEFC:1						false	false		low	slot_family_has_no_named_method; unique_owner_for_target
0	0	0	0055C790	FUN_0055c790	DEFAULT	undefined __thiscall FUN_0055c790(void * this, undefined4 param_1)	ANALYSIS	__thiscall	__thiscall	CFsgsConnection::vfunc_30	CFsgsConnection	vfunc_30	/Demangler/CFsgsConnection	0079AEFC	CFsgsConnectionVTable	CFsgsConnection	00401EE7	0x30	0079AEFC:12						false	false		low	slot_family_has_no_named_method; unique_owner_for_target
0	0	0	0055C7E0	FUN_0055c7e0	DEFAULT	undefined __thiscall FUN_0055c7e0(void * this, undefined4 param_1)	ANALYSIS	__thiscall	__thiscall	CFsgsConnection::vfunc_34	CFsgsConnection	vfunc_34	/Demangler/CFsgsConnection	0079AEFC	CFsgsConnectionVTable	CFsgsConnection	00405D94	0x34	0079AEFC:13						false	false		low	slot_family_has_no_named_method; unique_owner_for_target
0	0	0	0055C830	FUN_0055c830	DEFAULT	undefined __thiscall FUN_0055c830(void * this, Global_sub_0055C830_param_1Enum param_1, byte * param_2, undefined4 param_3, byte * param_4, char * param_5)	ANALYSIS	__thiscall	__thiscall	CFsgsConnection::vfunc_0	CFsgsConnection	vfunc_0	/Demangler/CFsgsConnection	0079AEFC	CFsgsConnectionVTable	CFsgsConnection	00402216	0x0	0079AEFC:0						false	false		low	slot_family_has_no_named_method; unique_owner_for_target
0	0	0	0055D440	FUN_0055d440	DEFAULT	undefined __thiscall FUN_0055d440(void * this, int param_1, undefined4 * param_2)	ANALYSIS	__thiscall	__thiscall	CFsgsConnection::vfunc_24	CFsgsConnection	vfunc_24	/Demangler/CFsgsConnection	0079AEFC	CFsgsConnectionVTable	CFsgsConnection	00405899	0x24	0079AEFC:9						false	false		low	slot_family_has_no_named_method; unique_owner_for_target
0	0	0	0055D480	FUN_0055d480	DEFAULT	undefined __thiscall FUN_0055d480(void * this, int param_1)	ANALYSIS	__thiscall	__thiscall	CFsgsConnection::vfunc_18	CFsgsConnection	vfunc_18	/Demangler/CFsgsConnection	0079AEFC	CFsgsConnectionVTable	CFsgsConnection	00402F18	0x18	0079AEFC:6						false	false		low	slot_family_has_no_named_method; unique_owner_for_target
0	0	0	0055D4C0	FUN_0055d4c0	DEFAULT	undefined __thiscall FUN_0055d4c0(void * this, int param_1, int * param_2)	ANALYSIS	__thiscall	__thiscall	CFsgsConnection::vfunc_28	CFsgsConnection	vfunc_28	/Demangler/CFsgsConnection	0079AEFC	CFsgsConnectionVTable	CFsgsConnection	0040416F	0x28	0079AEFC:10						false	false		low	slot_family_has_no_named_method; unique_owner_for_target
0	0	0	0055D500	FUN_0055d500	DEFAULT	undefined __thiscall FUN_0055d500(void * this, undefined4 param_1, undefined4 param_2, int param_3, undefined4 * param_4)	ANALYSIS	__thiscall	__thiscall	CFsgsConnection::vfunc_20	CFsgsConnection	vfunc_20	/Demangler/CFsgsConnection	0079AEFC	CFsgsConnectionVTable	CFsgsConnection	0040332D	0x20	0079AEFC:8						false	false		low	slot_family_has_no_named_method; unique_owner_for_target
0	0	0	0055D550	FUN_0055d550	DEFAULT	undefined __thiscall FUN_0055d550(void * this, byte * param_1, uint param_2, byte * param_3)	ANALYSIS	__thiscall	__thiscall	CFsgsConnection::vfunc_2C	CFsgsConnection	vfunc_2C	/Demangler/CFsgsConnection	0079AEFC	CFsgsConnectionVTable	CFsgsConnection	004033E6	0x2C	0079AEFC:11						false	false		low	slot_family_has_no_named_method; unique_owner_for_target
0	0	0	0055D630	FUN_0055d630	DEFAULT	undefined __thiscall FUN_0055d630(void * this, undefined4 param_1, int param_2, undefined4 param_3)	ANALYSIS	__thiscall	__thiscall	CFsgsConnection::vfunc_44	CFsgsConnection	vfunc_44	/Demangler/CFsgsConnection	0079AEFC	CFsgsConnectionVTable	CFsgsConnection	0040114F	0x44	0079AEFC:17						false	false		low	slot_family_has_no_named_method; unique_owner_for_target
0	0	0	0055D670	FUN_0055d670	DEFAULT	undefined __thiscall FUN_0055d670(void * this, undefined4 param_1, undefined4 param_2)	ANALYSIS	__thiscall	__thiscall	CFsgsConnection::vfunc_4C	CFsgsConnection	vfunc_4C	/Demangler/CFsgsConnection	0079AEFC	CFsgsConnectionVTable	CFsgsConnection	00402E69	0x4C	0079AEFC:19						false	false		low	slot_family_has_no_named_method; unique_owner_for_target
0	0	0	0055D6B0	FUN_0055d6b0	DEFAULT	undefined __thiscall FUN_0055d6b0(void * this, int param_1)	ANALYSIS	__thiscall	__thiscall	CFsgsConnection::vfunc_50	CFsgsConnection	vfunc_50	/Demangler/CFsgsConnection	0079AEFC	CFsgsConnectionVTable	CFsgsConnection	00403A94	0x50	0079AEFC:20						false	false		low	slot_family_has_no_named_method; unique_owner_for_target
0	0	0	00566C20	SoundManagerTy::GetMessage	USER_DEFINED	int __thiscall GetMessage(SoundManagerTy * this, STMessage * message)	ANALYSIS	__thiscall	__thiscall	SoundManagerTy::GetMessage	SoundManagerTy	GetMessage	/SoundManagerTy	0079B024	SoundManagerTyVTable	SoundManagerTy	00402531	0x0	0079B024:0						false	false		low	unique_named_method_in_slot_family; target_already_has_meaningful_name; no_qualified_signature_anchor
0	0	0	0056A820	FUN_0056a820	DEFAULT	undefined FUN_0056a820(void)	DEFAULT	unknown	__thiscall					0079B0A8 | 0079E16C	AppClassTyVTable | STAppCVTable	AppClassTy | STAppC	00402B44	0x8	0079B0A8:2 | 0079E16C:2						false	false		low	target_used_by_multiple_slot_families; slot_family_has_no_named_method; target_shared_by_multiple_owners
0	0	0	0056ADC0	STAppC::InitApp	USER_DEFINED	undefined4 __thiscall InitApp(STAppC * this, HINSTANCE hInstance, undefined4 param_2, undefined4 param_3, int param_4)	USER_DEFINED	__thiscall	__thiscall	STAppC::InitApp	STAppC	InitApp	/STAppC	0079B0A8	STAppCVTable	STAppC	004045F2	0x0	0079B0A8:0						false	false		low	unique_named_method_in_slot_family; target_already_has_meaningful_name; no_qualified_signature_anchor; manual_signature_preserved
0	0	0	0056C750	STAppC::DoneApp	USER_DEFINED	undefined __thiscall DoneApp(STAppC * this)	USER_DEFINED	__thiscall	__thiscall	STAppC::DoneApp	STAppC	DoneApp	/STAppC	0079B0A8	STAppCVTable	STAppC	0040269E	0x4	0079B0A8:1						false	false		low	unique_named_method_in_slot_family; target_already_has_meaningful_name; no_qualified_signature_anchor; manual_signature_preserved
0	0	0	0056D1F0	STAppC::CommonFunction	USER_DEFINED	undefined4 __thiscall CommonFunction(STAppC * this)	ANALYSIS	__thiscall	__thiscall	STAppC::CommonFunction	STAppC	CommonFunction	/STAppC	0079B0A8	STAppCVTable	STAppC	00403A58	0x14	0079B0A8:5						false	false		low	unique_named_method_in_slot_family; target_already_has_meaningful_name; no_qualified_signature_anchor
0	0	0	0056FA60	STAppC::GetMessage	USER_DEFINED	int __thiscall GetMessage(STAppC * this, STMessage * message)	ANALYSIS	__thiscall	__thiscall	STAppC::GetMessage	STAppC	GetMessage	/STAppC	0079B0A8	STAppCVTable	STAppC	004058EE	0x18	0079B0A8:6						false	false		low	unique_named_method_in_slot_family; target_already_has_meaningful_name; no_qualified_signature_anchor
0	0	0	00575CB0	STAlgaC::GetMessage	USER_DEFINED	int __thiscall GetMessage(STAlgaC * this, STMessage * message)	ANALYSIS	__thiscall	__thiscall	STAlgaC::GetMessage	STAlgaC	GetMessage	/STAlgaC	0079B188	STAlgaCVTable	STAlgaC	004016E5	0x0	0079B188:0						false	false		low	unique_named_method_in_slot_family; target_already_has_meaningful_name; no_qualified_signature_anchor
0	0	0	00576AD0	BaseSystemC::CreateSystemObjects	USER_DEFINED	undefined4 __thiscall CreateSystemObjects(BaseSystemC * this)	USER_DEFINED	__thiscall	__thiscall	BaseSystemC::CreateSystemObjects	BaseSystemC	CreateSystemObjects	/BaseSystemC	0079B1B4	BaseSystemCVTable	BaseSystemC	00403EF4	0x14	0079ADB8:5						false	false		low	unique_named_method_in_slot_family; target_already_has_meaningful_name; no_qualified_signature_anchor; manual_signature_preserved
0	0	0	00576E10	GameSystemC::CreateSystemObjects	USER_DEFINED	undefined4 __thiscall CreateSystemObjects(GameSystemC * this)	USER_DEFINED	__thiscall	__thiscall	GameSystemC::CreateSystemObjects	GameSystemC	CreateSystemObjects	/GameSystemC	0079B1E0	GameSystemCVTable	GameSystemC	004019CE	0x14	0079B1E0:5						false	false		low	unique_named_method_in_slot_family; target_already_has_meaningful_name; no_qualified_signature_anchor; manual_signature_preserved
0	0	0	00576EF0	GameSystemC::InitSystem	USER_DEFINED	undefined4 __thiscall InitSystem(GameSystemC * this)	USER_DEFINED	__thiscall	__thiscall	GameSystemC::InitSystem	GameSystemC	InitSystem	/GameSystemC	0079B1E0	GameSystemCVTable	GameSystemC	00404589	0x0	0079B1E0:0						false	false		low	unique_named_method_in_slot_family; target_already_has_meaningful_name; no_qualified_signature_anchor; manual_signature_preserved
0	0	0	005770D0	GameSystemC::DoneSystem	USER_DEFINED	undefined __thiscall DoneSystem(GameSystemC * this)	ANALYSIS	__thiscall	__thiscall	GameSystemC::DoneSystem	GameSystemC	DoneSystem	/GameSystemC	0079B1E0	GameSystemCVTable	GameSystemC	004017DA	0x4	0079B1E0:1						false	false		low	unique_named_method_in_slot_family; target_already_has_meaningful_name; no_qualified_signature_anchor
0	0	0	00577440	FUN_00577440	DEFAULT	undefined __fastcall FUN_00577440(int param_1)	ANALYSIS	__fastcall	__thiscall	GameSystemC::vfunc_1C	GameSystemC	vfunc_1C	/GameSystemC	0079B1E0	GameSystemCVTable	GameSystemC	00402F95	0x1C	0079B1E0:7						false	false		low	slot_family_has_no_named_method; unique_owner_for_target
0	0	0	005776D0	GameSystemC::GetMessage	USER_DEFINED	int __thiscall GetMessage(GameSystemC * this, STMessage * message)	ANALYSIS	__thiscall	__thiscall	GameSystemC::GetMessage	GameSystemC	GetMessage	/GameSystemC	0079B1E0	GameSystemCVTable	GameSystemC	0040482C	0x20	0079B1E0:8						false	false		low	unique_named_method_in_slot_family; target_already_has_meaningful_name; no_qualified_signature_anchor
0	0	0	00578200	DebugSystemC::CreateSystemObjects	USER_DEFINED	undefined4 __thiscall CreateSystemObjects(DebugSystemC * this)	USER_DEFINED	__thiscall	__thiscall	DebugSystemC::CreateSystemObjects	DebugSystemC	CreateSystemObjects	/DebugSystemC	0079B20C	DebugSystemCVTable	DebugSystemC	00403DAA	0x14	0079ADB8:5						false	false		low	unique_named_method_in_slot_family; target_already_has_meaningful_name; no_qualified_signature_anchor; manual_signature_preserved
0	0	0	00578430	FUN_00578430	DEFAULT	undefined4 __thiscall FUN_00578430(void * this, short param_1, short param_2, short param_3, short param_4, short param_5, short param_6)	ANALYSIS	__thiscall	__thiscall	STCrabC::vfunc_DC	STCrabC	vfunc_DC	/STCrabC	0079B238	STCrabCVTable	STCrabC	00401B90	0xDC	007900A0:55						false	false		low	slot_family_has_no_named_method; unique_owner_for_target
0	0	0	00578520	FUN_00578520	DEFAULT	undefined4 __thiscall FUN_00578520(void * this, undefined4 param_1, undefined2 * param_2, undefined2 * param_3, undefined2 * param_4, undefined4 * param_5)	ANALYSIS	__thiscall	__thiscall	STCrabC::vfunc_E0	STCrabC	vfunc_E0	/STCrabC	0079B238	STCrabCVTable	STCrabC	0040263A	0xE0	007900A0:56						false	false		low	slot_family_has_no_named_method; unique_owner_for_target
0	0	0	00578630	STCrabC::GetMessage	USER_DEFINED	int __thiscall GetMessage(STCrabC * this, STMessage * message)	ANALYSIS	__thiscall	__thiscall	STCrabC::GetMessage	STCrabC	GetMessage	/STCrabC	0079B238	STCrabCVTable	STCrabC	00405871	0x0	007900A0:0	0041AF40	STGameObjC::GetMessage	int __thiscall GetMessage(STGameObjC * this, STMessage * message)	/int	message=/SubmarineTitans/Recovered/STMessage *32	false	false	int __thiscall STCrabC::GetMessage(STMessage * message)	low	unique_named_method_in_slot_family; target_already_has_meaningful_name; signature_anchor=STGameObjC::GetMessage
0	0	0	0057A2A0	STCrabC::FUN_0057a2a0	DEFAULT	dword __thiscall FUN_0057a2a0(STCrabC * this)	ANALYSIS	__thiscall	__thiscall	STCrabC::vfunc_2C	STCrabC	vfunc_2C	/STCrabC	0079B238	STCrabCVTable	STCrabC	00403026	0x2C	007900A0:11				/dword		false	false	dword __thiscall STCrabC::vfunc_2C()	low	slot_family_has_no_named_method; unique_owner_for_target
0	0	0	0057BD70	FUN_0057bd70	DEFAULT	undefined4 __thiscall FUN_0057bd70(void * this, short param_1, short param_2, short param_3, short param_4, short param_5, short param_6)	ANALYSIS	__thiscall	__thiscall	STFishC::vfunc_DC	STFishC	vfunc_DC	/STFishC	0079B3C4	STFishCVTable	STFishC	0040588A	0xDC	007900A0:55						false	false		low	slot_family_has_no_named_method; unique_owner_for_target
0	0	0	0057BEE0	FUN_0057bee0	DEFAULT	undefined4 __thiscall FUN_0057bee0(void * this, undefined4 param_1, undefined2 * param_2, undefined2 * param_3, undefined2 * param_4, undefined4 * param_5)	ANALYSIS	__thiscall	__thiscall	STFishC::vfunc_E0	STFishC	vfunc_E0	/STFishC	0079B3C4	STFishCVTable	STFishC	0040209A	0xE0	007900A0:56						false	false		low	slot_family_has_no_named_method; unique_owner_for_target
0	0	0	0057BF60	STFishC::GetMessage	USER_DEFINED	int __thiscall GetMessage(STFishC * this, STMessage * message)	ANALYSIS	__thiscall	__thiscall	STFishC::GetMessage	STFishC	GetMessage	/STFishC	0079B3C4	STFishCVTable	STFishC	00402838	0x0	007900A0:0	0041AF40	STGameObjC::GetMessage	int __thiscall GetMessage(STGameObjC * this, STMessage * message)	/int	message=/SubmarineTitans/Recovered/STMessage *32	false	false	int __thiscall STFishC::GetMessage(STMessage * message)	low	unique_named_method_in_slot_family; target_already_has_meaningful_name; signature_anchor=STGameObjC::GetMessage
0	0	0	0057DFB0	STFishC::FUN_0057dfb0	DEFAULT	dword __thiscall FUN_0057dfb0(STFishC * this)	ANALYSIS	__thiscall	__thiscall	STFishC::vfunc_2C	STFishC	vfunc_2C	/STFishC	0079B3C4	STFishCVTable	STFishC	00405321	0x2C	007900A0:11				/dword		false	false	dword __thiscall STFishC::vfunc_2C()	low	slot_family_has_no_named_method; unique_owner_for_target
0	0	0	0057E0A0	STDcResourcC::GetMessage	USER_DEFINED	int __thiscall GetMessage(STDcResourcC * this, STMessage * message)	ANALYSIS	__thiscall	__thiscall	STDcResourcC::GetMessage	STDcResourcC	GetMessage	/STDcResourcC	0079B528	STDcResourcCVTable	STDcResourcC	0040502E	0x0	007900A0:0	0041AF40	STGameObjC::GetMessage	int __thiscall GetMessage(STGameObjC * this, STMessage * message)	/int	message=/SubmarineTitans/Recovered/STMessage *32	false	false	int __thiscall STDcResourcC::GetMessage(STMessage * message)	low	unique_named_method_in_slot_family; target_already_has_meaningful_name; signature_anchor=STGameObjC::GetMessage
0	0	0	00580700	FUN_00580700	DEFAULT	undefined __thiscall FUN_00580700(void * this, undefined1 * param_1)	ANALYSIS	__thiscall	__thiscall	STDcResourcC::vfunc_30	STDcResourcC	vfunc_30	/STDcResourcC	0079B528	STDcResourcCVTable	STDcResourcC	0040437C	0x30	007900A0:12						false	false		low	slot_family_has_no_named_method; unique_owner_for_target
0	0	0	00580780	FUN_00580780	DEFAULT	undefined __thiscall FUN_00580780(void * this, AnonShape_00580780_266862D6 * param_1)	ANALYSIS	__thiscall	__thiscall	STDcResourcC::vfunc_34	STDcResourcC	vfunc_34	/STDcResourcC	0079B528	STDcResourcCVTable	STDcResourcC	00403021	0x34	007900A0:13						false	false		low	slot_family_has_no_named_method; unique_owner_for_target
0	0	0	00580860	FUN_00580860	DEFAULT	undefined __thiscall FUN_00580860(void * this, undefined1 * param_1)	ANALYSIS	__thiscall	__thiscall	STDcResourcC::vfunc_5C	STDcResourcC	vfunc_5C	/STDcResourcC	0079B528	STDcResourcCVTable	STDcResourcC	00401FB4	0x5C	007900A0:23						false	false		low	slot_family_has_no_named_method; unique_owner_for_target
0	0	0	005808A0	FUN_005808a0	DEFAULT	undefined __thiscall FUN_005808a0(void * this, undefined1 * param_1)	ANALYSIS	__thiscall	__thiscall	STDcResourcC::vfunc_58	STDcResourcC	vfunc_58	/STDcResourcC	0079B528	STDcResourcCVTable	STDcResourcC	00404D81	0x58	007900A0:22						false	false		low	slot_family_has_no_named_method; unique_owner_for_target
0	0	0	005808E0	FUN_005808e0	DEFAULT	undefined FUN_005808e0(void)	DEFAULT	unknown	__thiscall	STDcResourcC::vfunc_EC	STDcResourcC	vfunc_EC	/STDcResourcC	0079B528	STDcResourcCVTable	STDcResourcC	004044B2	0xEC	007900A0:59						false	false		low	slot_family_has_no_named_method; unique_owner_for_target
0	0	0	00580F20	STDcResourcC::FUN_00580f20	DEFAULT	dword __thiscall FUN_00580f20(STDcResourcC * this)	ANALYSIS	__thiscall	__thiscall	STDcResourcC::vfunc_11C	STDcResourcC	vfunc_11C	/STDcResourcC	0079B528	STDcResourcCVTable	STDcResourcC	00405894	0x11C	007900A0:71				/dword		false	false	dword __thiscall STDcResourcC::vfunc_11C()	low	slot_family_has_no_named_method; unique_owner_for_target
0	0	0	005810B0	STDcResourcC::FUN_005810b0	DEFAULT	dword __thiscall FUN_005810b0(STDcResourcC * this)	ANALYSIS	__thiscall	__thiscall	STDcResourcC::vfunc_2C	STDcResourcC	vfunc_2C	/STDcResourcC	0079B528	STDcResourcCVTable	STDcResourcC	00405817	0x2C	007900A0:11				/dword		false	false	dword __thiscall STDcResourcC::vfunc_2C()	low	slot_family_has_no_named_method; unique_owner_for_target
0	0	0	00581BF0	STJellyManC::GetMessage	USER_DEFINED	int __thiscall GetMessage(STJellyManC * this, STMessage * message)	ANALYSIS	__thiscall	__thiscall	STJellyManC::GetMessage	STJellyManC	GetMessage	/STJellyManC	0079B68C	STJellyManCVTable	STJellyManC	00402F4F	0x0	007900A0:0	0041AF40	STGameObjC::GetMessage	int __thiscall GetMessage(STGameObjC * this, STMessage * message)	/int	message=/SubmarineTitans/Recovered/STMessage *32	false	false	int __thiscall STJellyManC::GetMessage(STMessage * message)	low	unique_named_method_in_slot_family; target_already_has_meaningful_name; signature_anchor=STGameObjC::GetMessage
0	0	0	005823B0	FUN_005823b0	DEFAULT	undefined FUN_005823b0(void)	DEFAULT	unknown	__thiscall	STJellyManC::vfunc_2C	STJellyManC	vfunc_2C	/STJellyManC	0079B68C	STJellyManCVTable	STJellyManC	0040312F	0x2C	007900A0:11						false	false		low	slot_family_has_no_named_method; unique_owner_for_target
0	0	0	00583270	STJellyGunC::GetMessage	USER_DEFINED	int __thiscall GetMessage(STJellyGunC * this, STMessage * message)	ANALYSIS	__thiscall	__thiscall	STJellyGunC::GetMessage	STJellyGunC	GetMessage	/STJellyGunC	0079B78C	STJellyGunCVTable	STJellyGunC	0040201D	0x0	007900A0:0	0041AF40	STGameObjC::GetMessage	int __thiscall GetMessage(STGameObjC * this, STMessage * message)	/int	message=/SubmarineTitans/Recovered/STMessage *32	false	false	int __thiscall STJellyGunC::GetMessage(STMessage * message)	low	unique_named_method_in_slot_family; target_already_has_meaningful_name; signature_anchor=STGameObjC::GetMessage
0	0	0	00584950	FUN_00584950	DEFAULT	undefined FUN_00584950(void)	DEFAULT	unknown	__thiscall	STJellyGunC::vfunc_2C	STJellyGunC	vfunc_2C	/STJellyGunC	0079B78C	STJellyGunCVTable	STJellyGunC	00402BC6	0x2C	007900A0:11						false	false		low	slot_family_has_no_named_method; unique_owner_for_target
0	0	0	005859A0	STLBombC::GetMessage	USER_DEFINED	int __thiscall GetMessage(STLBombC * this, STMessage * message)	ANALYSIS	__thiscall	__thiscall	STLBombC::GetMessage	STLBombC	GetMessage	/STLBombC	0079B8F0	STLBombCVTable	STLBombC	004048EA	0x0	007900A0:0	0041AF40	STGameObjC::GetMessage	int __thiscall GetMessage(STGameObjC * this, STMessage * message)	/int	message=/SubmarineTitans/Recovered/STMessage *32	false	false	int __thiscall STLBombC::GetMessage(STMessage * message)	low	unique_named_method_in_slot_family; target_already_has_meaningful_name; signature_anchor=STGameObjC::GetMessage
0	0	0	005861D0	FUN_005861d0	DEFAULT	undefined FUN_005861d0(void)	DEFAULT	unknown	__thiscall	STLBombC::vfunc_2C	STLBombC	vfunc_2C	/STLBombC	0079B8F0	STLBombCVTable	STLBombC	00401546	0x2C	007900A0:11						false	false		low	slot_family_has_no_named_method; unique_owner_for_target
0	0	0	00588BC0	STMBombC::GetMessage	USER_DEFINED	int __thiscall GetMessage(STMBombC * this, STMessage * message)	ANALYSIS	__thiscall	__thiscall	STMBombC::GetMessage	STMBombC	GetMessage	/STMBombC	0079BA54	STMBombCVTable	STMBombC	00401037	0x0	007900A0:0	0041AF40	STGameObjC::GetMessage	int __thiscall GetMessage(STGameObjC * this, STMessage * message)	/int	message=/SubmarineTitans/Recovered/STMessage *32	false	false	int __thiscall STMBombC::GetMessage(STMessage * message)	low	unique_named_method_in_slot_family; target_already_has_meaningful_name; signature_anchor=STGameObjC::GetMessage
0	0	0	00589970	FUN_00589970	DEFAULT	undefined FUN_00589970(void)	DEFAULT	unknown	__thiscall	STMBombC::vfunc_2C	STMBombC	vfunc_2C	/STMBombC	0079BA54	STMBombCVTable	STMBombC	00404043	0x2C	007900A0:11						false	false		low	slot_family_has_no_named_method; unique_owner_for_target
0	0	0	00589A20	FUN_00589a20	DEFAULT	undefined4 __thiscall FUN_00589a20(void * this, short param_1, short param_2, short param_3, short param_4, short param_5, short param_6)	ANALYSIS	__thiscall	__thiscall	STOctopusC::vfunc_DC	STOctopusC	vfunc_DC	/STOctopusC	0079BBB8	STOctopusCVTable	STOctopusC	004027D9	0xDC	007900A0:55						false	false		low	slot_family_has_no_named_method; unique_owner_for_target
0	0	0	00589B10	FUN_00589b10	DEFAULT	undefined4 __thiscall FUN_00589b10(void * this, undefined4 param_1, undefined2 * param_2, undefined2 * param_3, undefined2 * param_4, undefined4 * param_5)	ANALYSIS	__thiscall	__thiscall	STOctopusC::vfunc_E0	STOctopusC	vfunc_E0	/STOctopusC	0079BBB8	STOctopusCVTable	STOctopusC	00403742	0xE0	007900A0:56						false	false		low	slot_family_has_no_named_method; unique_owner_for_target
0	0	0	00589C10	STOctopusC::GetMessage	USER_DEFINED	int __thiscall GetMessage(STOctopusC * this, STMessage * message)	ANALYSIS	__thiscall	__thiscall	STOctopusC::GetMessage	STOctopusC	GetMessage	/STOctopusC	0079BBB8	STOctopusCVTable	STOctopusC	00403B1B	0x0	007900A0:0	0041AF40	STGameObjC::GetMessage	int __thiscall GetMessage(STGameObjC * this, STMessage * message)	/int	message=/SubmarineTitans/Recovered/STMessage *32	false	false	int __thiscall STOctopusC::GetMessage(STMessage * message)	low	unique_named_method_in_slot_family; target_already_has_meaningful_name; signature_anchor=STGameObjC::GetMessage
0	0	0	0058BA10	STOctopusC::FUN_0058ba10	DEFAULT	dword __thiscall FUN_0058ba10(STOctopusC * this)	ANALYSIS	__thiscall	__thiscall	STOctopusC::vfunc_2C	STOctopusC	vfunc_2C	/STOctopusC	0079BBB8	STOctopusCVTable	STOctopusC	00405E93	0x2C	007900A0:11				/dword		false	false	dword __thiscall STOctopusC::vfunc_2C()	low	slot_family_has_no_named_method; unique_owner_for_target
0	0	0	0058C760	STSatC::GetMessage	USER_DEFINED	int __thiscall GetMessage(STSatC * this, STMessage * message)	ANALYSIS	__thiscall	__thiscall	STSatC::GetMessage	STSatC	GetMessage	/STSatC	0079BD1C	STSatCVTable	STSatC	004022B1	0x0	007900A0:0	0041AF40	STGameObjC::GetMessage	int __thiscall GetMessage(STGameObjC * this, STMessage * message)	/int	message=/SubmarineTitans/Recovered/STMessage *32	false	false	int __thiscall STSatC::GetMessage(STMessage * message)	low	unique_named_method_in_slot_family; target_already_has_meaningful_name; signature_anchor=STGameObjC::GetMessage
0	0	0	0058CFC0	FUN_0058cfc0	DEFAULT	undefined FUN_0058cfc0(void)	DEFAULT	unknown	__thiscall	STSatC::vfunc_2C	STSatC	vfunc_2C	/STSatC	0079BD1C	STSatCVTable	STSatC	004027BB	0x2C	007900A0:11						false	false		low	slot_family_has_no_named_method; unique_owner_for_target
0	0	0	0058D7C0	STSharkC::GetMessage	USER_DEFINED	int __thiscall GetMessage(STSharkC * this, STMessage * message)	ANALYSIS	__thiscall	__thiscall	STSharkC::GetMessage	STSharkC	GetMessage	/STSharkC	0079BE80	STSharkCVTable	STSharkC	00404665	0x0	007900A0:0	0041AF40	STGameObjC::GetMessage	int __thiscall GetMessage(STGameObjC * this, STMessage * message)	/int	message=/SubmarineTitans/Recovered/STMessage *32	false	false	int __thiscall STSharkC::GetMessage(STMessage * message)	low	unique_named_method_in_slot_family; target_already_has_meaningful_name; signature_anchor=STGameObjC::GetMessage
0	0	0	0058E440	FUN_0058e440	DEFAULT	undefined4 __thiscall FUN_0058e440(void * this, short param_1, short param_2, short param_3, short param_4, short param_5, short param_6)	ANALYSIS	__thiscall	__thiscall	STSharkC::vfunc_DC	STSharkC	vfunc_DC	/STSharkC	0079BE80	STSharkCVTable	STSharkC	00403E4A	0xDC	007900A0:55						false	false		low	slot_family_has_no_named_method; unique_owner_for_target
0	0	0	0058E530	FUN_0058e530	DEFAULT	undefined4 __thiscall FUN_0058e530(void * this, undefined4 param_1, undefined2 * param_2, undefined2 * param_3, undefined2 * param_4, undefined4 * param_5)	ANALYSIS	__thiscall	__thiscall	STSharkC::vfunc_E0	STSharkC	vfunc_E0	/STSharkC	0079BE80	STSharkCVTable	STSharkC	0040376A	0xE0	007900A0:56						false	false		low	slot_family_has_no_named_method; unique_owner_for_target
0	0	0	00590150	FUN_00590150	DEFAULT	undefined FUN_00590150(void)	DEFAULT	unknown	__thiscall	STSharkC::vfunc_2C	STSharkC	vfunc_2C	/STSharkC	0079BE80	STSharkCVTable	STSharkC	00402D0B	0x2C	007900A0:11						false	false		low	slot_family_has_no_named_method; unique_owner_for_target
0	0	0	005908B0	MAdvTy::GetMessage	USER_DEFINED	int __thiscall GetMessage(MAdvTy * this, STMessage * message)	ANALYSIS	__thiscall	__thiscall	MAdvTy::GetMessage	MAdvTy	GetMessage	/MAdvTy	0079BFE4	MAdvTyVTable	MAdvTy	00401703	0x0	0079BFE4:0						false	false		low	unique_named_method_in_slot_family; target_already_has_meaningful_name; no_qualified_signature_anchor
0	0	0	00592470	CampaignTy::CloseButtons	USER_DEFINED	undefined __thiscall CloseButtons(CampaignTy * this)	USER_DEFINED	__thiscall	__thiscall	CampaignTy::CloseButtons	CampaignTy	CloseButtons	/CampaignTy	0079BFF8	CampaignTyVTable	CampaignTy	00401979	0x8	0079BFF8:2						false	false		low	unique_named_method_in_slot_family; target_already_has_meaningful_name; no_qualified_signature_anchor; manual_signature_preserved
0	0	0	00593040	CampaignTy::GetMessage	USER_DEFINED	int __thiscall GetMessage(CampaignTy * this, STMessage * message)	ANALYSIS	__thiscall	__thiscall	CampaignTy::GetMessage	CampaignTy	GetMessage	/CampaignTy	0079BFF8	CampaignTyVTable	CampaignTy	00402752	0x0	0079BFF8:0						false	false		low	unique_named_method_in_slot_family; target_already_has_meaningful_name; no_qualified_signature_anchor
0	0	0	00594440	ComboTy::GetMessage	USER_DEFINED	int __thiscall GetMessage(ComboTy * this, STMessage * message)	ANALYSIS	__thiscall	__thiscall	ComboTy::GetMessage	ComboTy	GetMessage	/ComboTy	0079C01C	VisibleVTable	Visible	00402289	0x0	0079C01C:0						false	false		low	unique_named_method_in_slot_family; target_already_has_meaningful_name; no_qualified_signature_anchor
0	0	0	0059B740	FSGSTy::CloseButtons	USER_DEFINED	undefined __thiscall CloseButtons(FSGSTy * this)	USER_DEFINED	__thiscall	__thiscall	FSGSTy::CloseButtons	FSGSTy	CloseButtons	/FSGSTy	0079C02C	FSGSTyVTable	FSGSTy	004021C1	0x8	0079C02C:2						false	false		low	unique_named_method_in_slot_family; target_already_has_meaningful_name; no_qualified_signature_anchor; manual_signature_preserved
0	0	0	005A4350	FSGSTy::GetMessage	USER_DEFINED	int __thiscall GetMessage(FSGSTy * this, STMessage * message)	ANALYSIS	__thiscall	__thiscall	FSGSTy::GetMessage	FSGSTy	GetMessage	/FSGSTy	0079C02C	FSGSTyVTable	FSGSTy	00404165	0x0	0079C02C:0						false	false		low	unique_named_method_in_slot_family; target_already_has_meaningful_name; no_qualified_signature_anchor
0	0	0	005ADF10	ChooseMapTy::CloseButtons	USER_DEFINED	undefined __thiscall CloseButtons(ChooseMapTy * this)	USER_DEFINED	__thiscall	__thiscall	ChooseMapTy::CloseButtons	ChooseMapTy	CloseButtons	/ChooseMapTy	0079C088	ChooseMapTyVTable	ChooseMapTy	00404593	0x8	0079C088:2						false	false		low	unique_named_method_in_slot_family; target_already_has_meaningful_name; no_qualified_signature_anchor; manual_signature_preserved
0	0	0	005B0BA0	ChooseMapTy::GetMessage	USER_DEFINED	int __thiscall GetMessage(ChooseMapTy * this, STMessage * message)	ANALYSIS	__thiscall	__thiscall	ChooseMapTy::GetMessage	ChooseMapTy	GetMessage	/ChooseMapTy	0079C088	ChooseMapTyVTable	ChooseMapTy	00402E4B	0x0	0079C088:0						false	false		low	unique_named_method_in_slot_family; target_already_has_meaningful_name; no_qualified_signature_anchor
0	0	0	005B3C30	MainMenuTy::CloseButtons	USER_DEFINED	undefined __thiscall CloseButtons(MainMenuTy * this)	USER_DEFINED	__thiscall	__thiscall	MainMenuTy::CloseButtons	MainMenuTy	CloseButtons	/MainMenuTy	0079C098	MainMenuTyVTable	MainMenuTy	00405F10	0x8	0079C098:2						false	false		low	unique_named_method_in_slot_family; target_already_has_meaningful_name; no_qualified_signature_anchor; manual_signature_preserved
0	0	0	005B4BB0	MainMenuTy::GetMessage	USER_DEFINED	int __thiscall GetMessage(MainMenuTy * this, STMessage * message)	ANALYSIS	__thiscall	__thiscall	MainMenuTy::GetMessage	MainMenuTy	GetMessage	/MainMenuTy	0079C098	MainMenuTyVTable	MainMenuTy	0040280B	0x0	0079C098:0						false	false		low	unique_named_method_in_slot_family; target_already_has_meaningful_name; no_qualified_signature_anchor
0	0	0	005B6220	MMObjTy::DoneMMObj	USER_DEFINED	void __thiscall DoneMMObj(MMObjTy * this)	USER_DEFINED	__thiscall	__thiscall	MMObjTy::DoneMMObj	MMObjTy	DoneMMObj	/MMObjTy	0079BFF8 | 0079C008 | 0079C02C | 0079C088 | 0079C098 | 0079C0A8 | 0079C0C4 | 0079C124 | 0079C160 | 0079C1AC | 0079C24C	CampaignTyVTable | ChooseMapTyVTable | FSGSTyVTable | MMObjTyVTable | MMsgTyVTable | MainMenuTyVTable | PrividerTyVTable | SIDTyVTable | SettMapMTyVTable | SettMapTyVTable | WaitTyVTable	CampaignTy | ChooseMapTy | FSGSTy | MMObjTy | MMsgTy | MainMenuTy | PrividerTy | SIDTy | SettMapMTy | SettMapTy | WaitTy	0040458E	0x4	0079BFF8:1 | 0079C008:1 | 0079C02C:1 | 0079C088:1 | 0079C098:1 | 0079C0A8:1 | 0079C124:1 | 0079C160:1 | 0079C24C:1						false	false		low	target_used_by_multiple_slot_families; slot_family_has_no_named_method; target_already_has_meaningful_name; manual_signature_preserved
0	0	0	005B6430	MMObjTy::GetMessage	ANALYSIS	int __thiscall GetMessage(MMObjTy * this, STMessage * message)	ANALYSIS	__thiscall	__thiscall	MMObjTy::GetMessage	MMObjTy	GetMessage	/MMObjTy	0079C008	MMObjTyVTable	MMObjTy	00401280	0x0	0079C008:0	005BC5E0	PrividerTy::GetMessage	int __thiscall GetMessage(PrividerTy * this, STMessage * message)	/int	message=/SubmarineTitans/Recovered/STMessage *32	false	false	int __thiscall MMObjTy::GetMessage(STMessage * message)	low	unique_named_method_in_slot_family; target_already_has_meaningful_name; signature_anchor=PrividerTy::GetMessage
0	0	0	005B6480	MMObjTy::CloseButtons	USER_DEFINED	void __thiscall CloseButtons(MMObjTy * this)	USER_DEFINED	__thiscall	__thiscall	MMObjTy::CloseButtons	MMObjTy	CloseButtons	/MMObjTy	0079C008 | 0079C0C4 | 0079C1AC	MMObjTyVTable | PrividerTyVTable | SIDTyVTable	MMObjTy | PrividerTy | SIDTy	00403459	0x8	0079C008:2						false	false		low	unique_named_method_in_slot_family; target_already_has_meaningful_name; no_qualified_signature_anchor; manual_signature_preserved
0	0	0	005B9170	MMsgTy::CloseSprBut	USER_DEFINED	undefined __thiscall CloseSprBut(MMsgTy * this)	USER_DEFINED	__thiscall	__thiscall	MMsgTy::CloseSprBut	MMsgTy	CloseSprBut	/MMsgTy	0079C0A8	MMsgTyVTable	MMsgTy	00405867	0x8	0079C0A8:2						false	false		low	unique_named_method_in_slot_family; target_already_has_meaningful_name; no_qualified_signature_anchor; manual_signature_preserved
0	0	0	005B9330	MMsgTy::GetMessage	USER_DEFINED	int __thiscall GetMessage(MMsgTy * this, STMessage * message)	ANALYSIS	__thiscall	__thiscall	MMsgTy::GetMessage	MMsgTy	GetMessage	/MMsgTy	0079C0A8	MMsgTyVTable	MMsgTy	0040198D	0x0	0079C0A8:0						false	false		low	unique_named_method_in_slot_family; target_already_has_meaningful_name; no_qualified_signature_anchor
0	0	0	005BC5E0	PrividerTy::GetMessage	USER_DEFINED	int __thiscall GetMessage(PrividerTy * this, STMessage * message)	ANALYSIS	__thiscall	__thiscall	PrividerTy::GetMessage	PrividerTy	GetMessage	/PrividerTy	0079C0C4	PrividerTyVTable	PrividerTy	00401CC6	0x0	0079C008:0	005B6430	MMObjTy::GetMessage	int __thiscall GetMessage(MMObjTy * this, STMessage * message)	/int	message=/SubmarineTitans/Recovered/STMessage *32	false	false	int __thiscall PrividerTy::GetMessage(STMessage * message)	low	unique_named_method_in_slot_family; target_already_has_meaningful_name; signature_anchor=MMObjTy::GetMessage
0	0	0	005C1A90	MReportTy::GetMessage	USER_DEFINED	int __thiscall GetMessage(MReportTy * this, STMessage * message)	ANALYSIS	__thiscall	__thiscall	MReportTy::GetMessage	MReportTy	GetMessage	/MReportTy	0079C0E4	MReportTyVTable	MReportTy	00402AD1	0x0	0079C0E4:0						false	false		low	unique_named_method_in_slot_family; target_already_has_meaningful_name; no_qualified_signature_anchor
0	0	0	005C29B0	SettMapMTy::sub_005C29B0	ANALYSIS	undefined __thiscall sub_005C29B0(SettMapMTy * this, char param_1)	ANALYSIS	__thiscall	__thiscall	SettMapMTy::sub_005C29B0	SettMapMTy	sub_005C29B0	/SettMapMTy	0079C160	SettMapTyVTable	SettMapTy	004023A6	0x10	0079C160:4						false	false		low	unique_named_method_in_slot_family; target_already_has_meaningful_name; no_qualified_signature_anchor
0	0	0	005C4930	SettMapTy::DoneSettMap	USER_DEFINED	undefined __thiscall DoneSettMap(SettMapTy * this)	USER_DEFINED	__thiscall	__thiscall	SettMapTy::DoneSettMap	SettMapTy	DoneSettMap	/SettMapTy	0079C160	SettMapTyVTable	SettMapTy	00403FB7	0x14	0079C160:5						false	false		low	unique_named_method_in_slot_family; target_already_has_meaningful_name; no_qualified_signature_anchor; manual_signature_preserved
0	0	0	005C5130	SettMapTy::NoneSettMap	USER_DEFINED	int __thiscall NoneSettMap(SettMapTy * this)	ANALYSIS	__thiscall	__thiscall	SettMapTy::NoneSettMap	SettMapTy	NoneSettMap	/SettMapTy	0079C160	SettMapTyVTable	SettMapTy	00402383	0xC	0079C160:3						false	false		low	unique_named_method_in_slot_family; target_already_has_meaningful_name; no_qualified_signature_anchor
0	0	0	005C5B60	SettMapTy::CloseButtons	USER_DEFINED	undefined __thiscall CloseButtons(SettMapTy * this)	USER_DEFINED	__thiscall	__thiscall	SettMapTy::CloseButtons	SettMapTy	CloseButtons	/SettMapTy	0079C124 | 0079C160	SettMapMTyVTable | SettMapTyVTable	SettMapMTy | SettMapTy	00405A88	0x8	0079C124:2 | 0079C160:2						false	false		low	target_used_by_multiple_slot_families; slot_family_has_no_named_method; target_already_has_meaningful_name; manual_signature_preserved
0	0	0	005C5CA0	FUN_005c5ca0	DEFAULT	undefined __fastcall FUN_005c5ca0(AnonShape_005C5CA0_A6776207 * param_1)	ANALYSIS	__fastcall	__thiscall	SettMapTy::vfunc_20	SettMapTy	vfunc_20	/SettMapTy	0079C160	SettMapTyVTable	SettMapTy	00405DD5	0x20	0079C160:8						false	false		low	slot_family_has_no_named_method; unique_owner_for_target
0	0	0	005C5EB0	FUN_005c5eb0	DEFAULT	undefined __fastcall FUN_005c5eb0(AnonShape_005C5EB0_D4E7C108 * param_1)	ANALYSIS	__fastcall	__thiscall	SettMapTy::vfunc_24	SettMapTy	vfunc_24	/SettMapTy	0079C160	SettMapTyVTable	SettMapTy	0040337D	0x24	0079C160:9						false	false		low	slot_family_has_no_named_method; unique_owner_for_target
0	0	0	005C6030	SettMapTy::CreateCtrls	USER_DEFINED	undefined __thiscall CreateCtrls(SettMapTy * this, char param_1)	USER_DEFINED	__thiscall	__thiscall	SettMapTy::CreateCtrls	SettMapTy	CreateCtrls	/SettMapTy	0079C160	SettMapTyVTable	SettMapTy	004055B5	0x18	0079C160:6						false	false		low	unique_named_method_in_slot_family; target_already_has_meaningful_name; no_qualified_signature_anchor; manual_signature_preserved
0	0	0	005C6D40	SettMapTy::DeleteCtrls	USER_DEFINED	undefined __thiscall DeleteCtrls(SettMapTy * this)	USER_DEFINED	__thiscall	__thiscall	SettMapTy::DeleteCtrls	SettMapTy	DeleteCtrls	/SettMapTy	0079C160	SettMapTyVTable	SettMapTy	00404E94	0x1C	0079C160:7						false	false		low	unique_named_method_in_slot_family; target_already_has_meaningful_name; no_qualified_signature_anchor; manual_signature_preserved
0	0	0	005CBD00	SettMapMTy::InitSettMap	USER_DEFINED	undefined __thiscall InitSettMap(SettMapMTy * this, char param_1)	USER_DEFINED	__thiscall	__thiscall	SettMapMTy::InitSettMap	SettMapMTy	InitSettMap	/SettMapMTy	0079C124	SettMapMTyVTable	SettMapMTy	00404809	0x10	0079C124:4						false	false		low	unique_named_method_in_slot_family; target_already_has_meaningful_name; no_qualified_signature_anchor; manual_signature_preserved
0	0	0	005CC2D0	SettMapMTy::DoneSettMap	USER_DEFINED	undefined __thiscall DoneSettMap(SettMapMTy * this)	USER_DEFINED	__thiscall	__thiscall	SettMapMTy::DoneSettMap	SettMapMTy	DoneSettMap	/SettMapMTy	0079C124	SettMapMTyVTable	SettMapMTy	004048D6	0x14	0079C124:5						false	false		low	unique_named_method_in_slot_family; target_already_has_meaningful_name; no_qualified_signature_anchor; manual_signature_preserved
0	0	0	005CC440	SettMapMTy::CreateCtrls	USER_DEFINED	undefined __thiscall CreateCtrls(SettMapMTy * this, char param_1)	USER_DEFINED	__thiscall	__thiscall	SettMapMTy::CreateCtrls	SettMapMTy	CreateCtrls	/SettMapMTy	0079C124	SettMapMTyVTable	SettMapMTy	004034C2	0x18	0079C124:6						false	false		low	unique_named_method_in_slot_family; target_already_has_meaningful_name; no_qualified_signature_anchor; manual_signature_preserved
0	0	0	005CC840	SettMapMTy::DeleteCtrls	USER_DEFINED	undefined __thiscall DeleteCtrls(SettMapMTy * this)	USER_DEFINED	__thiscall	__thiscall	SettMapMTy::DeleteCtrls	SettMapMTy	DeleteCtrls	/SettMapMTy	0079C124	SettMapMTyVTable	SettMapMTy	004032BF	0x1C	0079C124:7						false	false		low	unique_named_method_in_slot_family; target_already_has_meaningful_name; no_qualified_signature_anchor; manual_signature_preserved
0	0	0	005CCC30	FUN_005ccc30	DEFAULT	undefined __fastcall FUN_005ccc30(AnonShape_005CCC30_E8B603E2 * param_1)	ANALYSIS	__fastcall	__thiscall	SettMapMTy::vfunc_20	SettMapMTy	vfunc_20	/SettMapMTy	0079C124	SettMapMTyVTable	SettMapMTy	00405BC3	0x20	0079C124:8						false	false		low	slot_family_has_no_named_method; unique_owner_for_target
0	0	0	005CCD00	FUN_005ccd00	DEFAULT	undefined __fastcall FUN_005ccd00(AnonShape_005CCD00_F1FA07E9 * param_1)	ANALYSIS	__fastcall	__thiscall	SettMapMTy::vfunc_24	SettMapMTy	vfunc_24	/SettMapMTy	0079C124	SettMapMTyVTable	SettMapMTy	0040524A	0x24	0079C124:9						false	false		low	slot_family_has_no_named_method; unique_owner_for_target
0	0	0	005CCE10	SettMapMTy::SetListCtrls	USER_DEFINED	undefined __thiscall SetListCtrls(SettMapMTy * this)	USER_DEFINED	__thiscall	__thiscall	SettMapMTy::SetListCtrls	SettMapMTy	SetListCtrls	/SettMapMTy	0079C124	SettMapMTyVTable	SettMapMTy	00402950	0x2C	0079C124:11						false	false		low	unique_named_method_in_slot_family; target_already_has_meaningful_name; no_qualified_signature_anchor; manual_signature_preserved
0	0	0	005CD430	SettMapMTy::PrepPlList	USER_DEFINED	undefined __thiscall PrepPlList(SettMapMTy * this)	ANALYSIS	__thiscall	__thiscall	SettMapMTy::PrepPlList	SettMapMTy	PrepPlList	/SettMapMTy	0079C124	SettMapMTyVTable	SettMapMTy	00404363	0x28	0079C124:10						false	false		low	unique_named_method_in_slot_family; target_already_has_meaningful_name; no_qualified_signature_anchor
0	0	0	005CE0E0	SettMapMTy::NoneSettMap	USER_DEFINED	undefined4 __thiscall NoneSettMap(SettMapMTy * this)	ANALYSIS	__thiscall	__thiscall	SettMapMTy::NoneSettMap	SettMapMTy	NoneSettMap	/SettMapMTy	0079C124	SettMapMTyVTable	SettMapMTy	00404FAC	0xC	0079C124:3						false	false		low	unique_named_method_in_slot_family; target_already_has_meaningful_name; no_qualified_signature_anchor
0	0	0	005D1400	SettMapMTy::GetMessage	USER_DEFINED	int __thiscall GetMessage(SettMapMTy * this, STMessage * message)	ANALYSIS	__thiscall	__thiscall	SettMapMTy::GetMessage	SettMapMTy	GetMessage	/SettMapMTy	0079C124	SettMapMTyVTable	SettMapMTy	0040137A	0x0	0079C124:0						false	false		low	unique_named_method_in_slot_family; target_already_has_meaningful_name; no_qualified_signature_anchor
0	0	0	005D4E90	SettMapSTy::SetListCtrls	USER_DEFINED	undefined __thiscall SetListCtrls(SettMapSTy * this)	USER_DEFINED	__thiscall	__thiscall	SettMapSTy::SetListCtrls	SettMapSTy	SetListCtrls	/SettMapSTy	0079C160	SettMapTyVTable	SettMapTy	004031A2	0x2C	0079C160:11						false	false		low	unique_named_method_in_slot_family; target_already_has_meaningful_name; no_qualified_signature_anchor; manual_signature_preserved
0	0	0	005D5160	SettMapSTy::PrepPlList	USER_DEFINED	undefined __thiscall PrepPlList(SettMapSTy * this)	ANALYSIS	__thiscall	__thiscall	SettMapSTy::PrepPlList	SettMapSTy	PrepPlList	/SettMapSTy	0079C160	SettMapTyVTable	SettMapTy	00402E55	0x28	0079C160:10						false	false		low	unique_named_method_in_slot_family; target_already_has_meaningful_name; no_qualified_signature_anchor
0	0	0	005D5560	SettMapSTy::GetMessage	USER_DEFINED	int __thiscall GetMessage(SettMapSTy * this, STMessage * message)	ANALYSIS	__thiscall	__thiscall	SettMapSTy::GetMessage	SettMapSTy	GetMessage	/SettMapSTy	0079C160	SettMapTyVTable	SettMapTy	00404D7C	0x0	0079C160:0						false	false		low	unique_named_method_in_slot_family; target_already_has_meaningful_name; no_qualified_signature_anchor
0	0	0	005D9470	SIDTy::GetMessage	USER_DEFINED	int __thiscall GetMessage(SIDTy * this, STMessage * message)	ANALYSIS	__thiscall	__thiscall	SIDTy::GetMessage	SIDTy	GetMessage	/SIDTy	0079C1AC	SIDTyVTable	SIDTy	00404A70	0x0	0079C008:0	005B6430	MMObjTy::GetMessage	int __thiscall GetMessage(MMObjTy * this, STMessage * message)	/int	message=/SubmarineTitans/Recovered/STMessage *32	false	false	int __thiscall SIDTy::GetMessage(STMessage * message)	low	unique_named_method_in_slot_family; target_already_has_meaningful_name; signature_anchor=MMObjTy::GetMessage
0	0	0	005DCC10	StartSystemTy::InitSystem	USER_DEFINED	undefined4 __thiscall InitSystem(StartSystemTy * this)	USER_DEFINED	__thiscall	__thiscall	StartSystemTy::InitSystem	StartSystemTy	InitSystem	/StartSystemTy	0079C1E8	StartSystemTyVTable	StartSystemTy	0040237E	0x0	0079ADB8:0						false	false		low	unique_named_method_in_slot_family; target_already_has_meaningful_name; no_qualified_signature_anchor; manual_signature_preserved
0	0	0	005DCD90	StartSystemTy::CreateSystemObjects	ANALYSIS	undefined __thiscall CreateSystemObjects(StartSystemTy * this)	ANALYSIS	__thiscall	__thiscall	StartSystemTy::CreateSystemObjects	StartSystemTy	CreateSystemObjects	/StartSystemTy	0079C1E8	StartSystemTyVTable	StartSystemTy	00402171	0x14	0079ADB8:5						false	false		low	unique_named_method_in_slot_family; target_already_has_meaningful_name; no_qualified_signature_anchor
0	0	0	005DCDB0	StartSystemTy::DoneSystem	ANALYSIS	void __thiscall DoneSystem(StartSystemTy * this)	ANALYSIS	__thiscall	__thiscall	StartSystemTy::DoneSystem	StartSystemTy	DoneSystem	/StartSystemTy	0079C1E8	StartSystemTyVTable	StartSystemTy	004042E6	0x4	0079ADB8:1						false	false		low	unique_named_method_in_slot_family; target_already_has_meaningful_name; no_qualified_signature_anchor
0	0	0	005DCE90	StartSystemTy::GetMessage	USER_DEFINED	int __thiscall GetMessage(StartSystemTy * this, STMessage * message)	ANALYSIS	__thiscall	__thiscall	StartSystemTy::GetMessage	StartSystemTy	GetMessage	/StartSystemTy	0079C1E8	StartSystemTyVTable	StartSystemTy	004046CE	0x20	0079ADB8:8	00542F40	InterSystemC::GetMessage	int __thiscall GetMessage(InterSystemC * this, STMessage * message)	/int	message=/SubmarineTitans/Recovered/STMessage *32	false	false	int __thiscall StartSystemTy::GetMessage(STMessage * message)	low	unique_named_method_in_slot_family; target_already_has_meaningful_name; signature_anchor=InterSystemC::GetMessage
0	0	0	005E5FB0	MTestTy::GetMessage	USER_DEFINED	int __thiscall GetMessage(MTestTy * this, STMessage * message)	ANALYSIS	__thiscall	__thiscall	MTestTy::GetMessage	MTestTy	GetMessage	/MTestTy	0079C23C	MTestTyVTable	MTestTy	0040598E	0x0	0079C23C:0						false	false		low	unique_named_method_in_slot_family; target_already_has_meaningful_name; no_qualified_signature_anchor
0	0	0	005E9830	WaitTy::CloseButtons	USER_DEFINED	undefined __thiscall CloseButtons(WaitTy * this)	USER_DEFINED	__thiscall	__thiscall	WaitTy::CloseButtons	WaitTy	CloseButtons	/WaitTy	0079C24C	WaitTyVTable	WaitTy	0040110E	0x8	0079C24C:2						false	false		low	unique_named_method_in_slot_family; target_already_has_meaningful_name; no_qualified_signature_anchor; manual_signature_preserved
0	0	0	005EA680	WaitTy::GetMessage	USER_DEFINED	int __thiscall GetMessage(WaitTy * this, STMessage * message)	ANALYSIS	__thiscall	__thiscall	WaitTy::GetMessage	WaitTy	GetMessage	/WaitTy	0079C24C	WaitTyVTable	WaitTy	004038D7	0x0	0079C24C:0						false	false		low	unique_named_method_in_slot_family; target_already_has_meaningful_name; no_qualified_signature_anchor
0	0	0	005EAF10	STArtiafactC::GetMessage	USER_DEFINED	int __thiscall GetMessage(STArtiafactC * this, STMessage * message)	ANALYSIS	__thiscall	__thiscall	STArtiafactC::GetMessage	STArtiafactC	GetMessage	/STArtiafactC	0079C260	STArtiafactCVTable	STArtiafactC	00404D68	0x0	007900A0:0	0041AF40	STGameObjC::GetMessage	int __thiscall GetMessage(STGameObjC * this, STMessage * message)	/int	message=/SubmarineTitans/Recovered/STMessage *32	false	false	int __thiscall STArtiafactC::GetMessage(STMessage * message)	low	unique_named_method_in_slot_family; target_already_has_meaningful_name; signature_anchor=STGameObjC::GetMessage
0	0	0	005EBD00	FUN_005ebd00	DEFAULT	bool __thiscall FUN_005ebd00(void * this, int param_1)	ANALYSIS	__thiscall	__thiscall	STArtiafactC::vfunc_124	STArtiafactC	vfunc_124	/STArtiafactC	0079C260	STArtiafactCVTable	STArtiafactC	0040306C	0x124	007900A0:73						false	false		low	slot_family_has_no_named_method; unique_owner_for_target
0	0	0	005EC510	FUN_005ec510	DEFAULT	undefined __thiscall FUN_005ec510(void * this, char * param_1)	ANALYSIS	__thiscall	__thiscall	STArtiafactC::vfunc_74	STArtiafactC	vfunc_74	/STArtiafactC	0079C260	STArtiafactCVTable	STArtiafactC	00401EF6	0x74	007900A0:29						false	false		low	slot_family_has_no_named_method; unique_owner_for_target
0	0	0	005EC550	FUN_005ec550	DEFAULT	undefined __thiscall FUN_005ec550(void * this, char * param_1)	ANALYSIS	__thiscall	__thiscall	STArtiafactC::vfunc_70	STArtiafactC	vfunc_70	/STArtiafactC	0079C260	STArtiafactCVTable	STArtiafactC	00403756	0x70	007900A0:28						false	false		low	slot_family_has_no_named_method; unique_owner_for_target
0	0	0	005EC620	STArtiafactC::FUN_005ec620	DEFAULT	dword __thiscall FUN_005ec620(STArtiafactC * this)	ANALYSIS	__thiscall	__thiscall	STArtiafactC::vfunc_13C	STArtiafactC	vfunc_13C	/STArtiafactC	0079C260	STArtiafactCVTable	STArtiafactC	00401FEB	0x13C	007900A0:79				/dword		false	false	dword __thiscall STArtiafactC::vfunc_13C()	low	slot_family_has_no_named_method; unique_owner_for_target
0	0	0	005EC640	FUN_005ec640	DEFAULT	char * __thiscall FUN_005ec640(void * this, char * param_1)	ANALYSIS	__thiscall	__thiscall	STArtiafactC::vfunc_140	STArtiafactC	vfunc_140	/STArtiafactC	0079C260	STArtiafactCVTable	STArtiafactC	00403F5D	0x140	007900A0:80						false	false		low	slot_family_has_no_named_method; unique_owner_for_target
0	0	0	005EC680	STArtiafactC::FUN_005ec680	DEFAULT	dword __thiscall FUN_005ec680(STArtiafactC * this)	ANALYSIS	__thiscall	__thiscall	STArtiafactC::vfunc_134	STArtiafactC	vfunc_134	/STArtiafactC	0079C260	STArtiafactCVTable	STArtiafactC	0040508D	0x134	007900A0:77				/dword		false	false	dword __thiscall STArtiafactC::vfunc_134()	low	slot_family_has_no_named_method; unique_owner_for_target
0	0	0	005EE080	FUN_005ee080	DEFAULT	int __thiscall FUN_005ee080(void * this, short param_1, short param_2, short param_3, short param_4, short param_5, short param_6)	ANALYSIS	__thiscall	__thiscall					0079C260 | 0079C3EC | 0079C714	STArtiafactCVTable | STContainerCVTable | STSprGameObjCVTable	STArtiafactC | STContainerC | STSprGameObjC	004037AB	0xDC	007900A0:55						false	false		low	slot_family_has_no_named_method; target_shared_by_multiple_owners
0	0	0	005EE3F0	FUN_005ee3f0	DEFAULT	undefined4 __thiscall FUN_005ee3f0(void * this, float param_1, short * param_2, short * param_3, short * param_4, undefined4 * param_5)	ANALYSIS	__thiscall	__thiscall					0079C260 | 0079C3EC | 0079C714	STArtiafactCVTable | STContainerCVTable | STSprGameObjCVTable	STArtiafactC | STContainerC | STSprGameObjC	004049E9	0xE0	007900A0:56						false	false		low	slot_family_has_no_named_method; target_shared_by_multiple_owners
0	0	0	005EF430	FUN_005ef430	DEFAULT	undefined FUN_005ef430(void)	DEFAULT	unknown	__thiscall	STSprGameObjC::vfunc_124	STSprGameObjC	vfunc_124	/STSprGameObjC	0079C3EC	STSprGameObjCVTable	STSprGameObjC	00403B6B	0x124	007900A0:73						false	false		low	slot_family_has_no_named_method; unique_owner_for_target
0	0	0	005EF450	FUN_005ef450	DEFAULT	undefined FUN_005ef450(void)	DEFAULT	unknown	__thiscall	STSprGameObjC::vfunc_128	STSprGameObjC	vfunc_128	/STSprGameObjC	0079C3EC	STSprGameObjCVTable	STSprGameObjC	00405DB2	0x128	007900A0:74						false	false		low	slot_family_has_no_named_method; unique_owner_for_target
0	0	0	005EF470	FUN_005ef470	DEFAULT	undefined FUN_005ef470(void)	DEFAULT	unknown	__thiscall	STSprGameObjC::vfunc_144	STSprGameObjC	vfunc_144	/STSprGameObjC	0079C3EC	STSprGameObjCVTable	STSprGameObjC	0040309E	0x144	007900A0:81						false	false		low	slot_family_has_no_named_method; unique_owner_for_target
0	0	0	005EF490	STArtiafactC::FUN_005ef490	DEFAULT	dword __thiscall FUN_005ef490(STArtiafactC * this)	ANALYSIS	__thiscall	__thiscall	STArtiafactC::vfunc_128	STArtiafactC	vfunc_128	/STArtiafactC	0079C260	STArtiafactCVTable	STArtiafactC	004040C0	0x128	007900A0:74				/dword		false	false	dword __thiscall STArtiafactC::vfunc_128()	low	slot_family_has_no_named_method; unique_owner_for_target
0	0	0	005EF5D0	FUN_005ef5d0	DEFAULT	undefined FUN_005ef5d0(void)	DEFAULT	unknown	__thiscall	STArtiafactC::vfunc_144	STArtiafactC	vfunc_144	/STArtiafactC	0079C260	STArtiafactCVTable	STArtiafactC	00404C87	0x144	007900A0:81						false	false		low	slot_family_has_no_named_method; unique_owner_for_target
0	0	0	005EF9F0	STSprGameObjC::FUN_005ef9f0	DEFAULT	dword __thiscall FUN_005ef9f0(STSprGameObjC * this)	ANALYSIS	__thiscall	__thiscall					0079C260 | 0079C3EC | 0079C714	STArtiafactCVTable | STContainerCVTable | STSprGameObjCVTable	STArtiafactC | STContainerC | STSprGameObjC	00402365	0xEC	007900A0:59				/dword		false	false		low	slot_family_has_no_named_method; target_shared_by_multiple_owners
0	0	0	005EFA10	STSprGameObjC::FUN_005efa10	DEFAULT	dword __thiscall FUN_005efa10(STSprGameObjC * this)	ANALYSIS	__thiscall	__thiscall					0079C260 | 0079C3EC | 0079C714	STArtiafactCVTable | STContainerCVTable | STSprGameObjCVTable	STArtiafactC | STContainerC | STSprGameObjC	00401B81	0x78	007900A0:30				/dword		false	false		low	slot_family_has_no_named_method; target_shared_by_multiple_owners
0	0	0	005EFA30	FUN_005efa30	DEFAULT	undefined FUN_005efa30(void)	DEFAULT	unknown	__thiscall					0079C260 | 0079C3EC | 0079C714	STArtiafactCVTable | STContainerCVTable | STSprGameObjCVTable	STArtiafactC | STContainerC | STSprGameObjC	0040252C	0x7C	007900A0:31						false	false		low	slot_family_has_no_named_method; target_shared_by_multiple_owners
0	0	0	005EFA70	FUN_005efa70	DEFAULT	void FUN_005efa70(void)	ANALYSIS	unknown	__thiscall					0079C260 | 0079C3EC | 0079C714	STArtiafactCVTable | STContainerCVTable | STSprGameObjCVTable	STArtiafactC | STContainerC | STSprGameObjC	004030DF	0x9C	007900A0:39						false	false		low	slot_family_has_no_named_method; target_shared_by_multiple_owners
0	0	0	005EFA90	FUN_005efa90	DEFAULT	undefined __thiscall FUN_005efa90(void * this, undefined4 param_1)	ANALYSIS	__thiscall	__thiscall					0079C260 | 0079C3EC | 0079C714	STArtiafactCVTable | STContainerCVTable | STSprGameObjCVTable	STArtiafactC | STContainerC | STSprGameObjC	00404E99	0xA0	007900A0:40						false	false		low	slot_family_has_no_named_method; target_shared_by_multiple_owners
0	0	0	005EFAC0	STSprGameObjC::FUN_005efac0	DEFAULT	dword __thiscall FUN_005efac0(STSprGameObjC * this)	ANALYSIS	__thiscall	__thiscall					0079C260 | 0079C3EC | 0079C714	STArtiafactCVTable | STContainerCVTable | STSprGameObjCVTable	STArtiafactC | STContainerC | STSprGameObjC	00405D58	0xA4	007900A0:41				/dword		false	false		low	slot_family_has_no_named_method; target_shared_by_multiple_owners
0	0	0	005EFAE0	FUN_005efae0	DEFAULT	undefined4 __thiscall FUN_005efae0(void * this, AnonShape_005EFAE0_B406B78B * param_1)	ANALYSIS	__thiscall	__thiscall					0079C260 | 0079C3EC | 0079C714	STArtiafactCVTable | STContainerCVTable | STSprGameObjCVTable	STArtiafactC | STContainerC | STSprGameObjC	00402F9A	0xA8	007900A0:42						false	false		low	slot_family_has_no_named_method; target_shared_by_multiple_owners
0	0	0	005EFB80	FUN_005efb80	DEFAULT	undefined4 __thiscall FUN_005efb80(void * this, int param_1)	ANALYSIS	__thiscall	__thiscall					0079C260 | 0079C3EC | 0079C714	STArtiafactCVTable | STContainerCVTable | STSprGameObjCVTable	STArtiafactC | STContainerC | STSprGameObjC	00405AC4	0xAC	007900A0:43						false	false		low	slot_family_has_no_named_method; target_shared_by_multiple_owners
0	0	0	005EFBD0	FUN_005efbd0	DEFAULT	undefined __thiscall FUN_005efbd0(void * this, int param_1, short param_2, short param_3, short param_4, short param_5)	ANALYSIS	__thiscall	__thiscall					0079C260 | 0079C3EC | 0079C714	STArtiafactCVTable | STContainerCVTable | STSprGameObjCVTable	STArtiafactC | STContainerC | STSprGameObjC	00403C6F	0xB0	007900A0:44						false	false		low	slot_family_has_no_named_method; target_shared_by_multiple_owners
0	0	0	005EFC40	FUN_005efc40	DEFAULT	undefined __fastcall FUN_005efc40(AnonShape_005EFC40_A3F8A20C * param_1)	ANALYSIS	__fastcall	__thiscall					0079C260 | 0079C3EC | 0079C714	STArtiafactCVTable | STContainerCVTable | STSprGameObjCVTable	STArtiafactC | STContainerC | STSprGameObjC	004018BB	0xB4	007900A0:45						false	false		low	slot_family_has_no_named_method; target_shared_by_multiple_owners
0	0	0	005EFCD0	FUN_005efcd0	DEFAULT	undefined __fastcall FUN_005efcd0(AnonShape_005EFCD0_3603EDD8 * param_1)	ANALYSIS	__fastcall	__thiscall					0079C260 | 0079C3EC | 0079C714	STArtiafactCVTable | STContainerCVTable | STSprGameObjCVTable	STArtiafactC | STContainerC | STSprGameObjC	00402969	0xB8	007900A0:46						false	false		low	slot_family_has_no_named_method; target_shared_by_multiple_owners
0	0	0	005F0030	STSprGameObjC::FUN_005f0030	DEFAULT	dword __thiscall FUN_005f0030(STSprGameObjC * this)	ANALYSIS	__thiscall	__thiscall					0079C260 | 0079C3EC | 0079C714	STArtiafactCVTable | STContainerCVTable | STSprGameObjCVTable	STArtiafactC | STContainerC | STSprGameObjC	00403A53	0xBC	007900A0:47				/dword		false	false		low	slot_family_has_no_named_method; target_shared_by_multiple_owners
0	0	0	005F0050	FUN_005f0050	DEFAULT	undefined FUN_005f0050(void)	DEFAULT	unknown	__thiscall					0079C260 | 0079C3EC | 0079C714	STArtiafactCVTable | STContainerCVTable | STSprGameObjCVTable	STArtiafactC | STContainerC | STSprGameObjC	004018DE	0xF8	007900A0:62						false	false		low	slot_family_has_no_named_method; target_shared_by_multiple_owners
0	0	0	005F0090	FUN_005f0090	DEFAULT	undefined FUN_005f0090(void)	DEFAULT	unknown	__thiscall					0079C260 | 0079C3EC | 0079C714	STArtiafactCVTable | STContainerCVTable | STSprGameObjCVTable	STArtiafactC | STContainerC | STSprGameObjC	00405CE0	0xF0	007900A0:60						false	false		low	slot_family_has_no_named_method; target_shared_by_multiple_owners
0	0	0	005F00B0	FUN_005f00b0	DEFAULT	undefined __thiscall FUN_005f00b0(void * this, undefined1 * param_1)	ANALYSIS	__thiscall	__thiscall					0079C260 | 0079C3EC | 0079C714	STArtiafactCVTable | STContainerCVTable | STSprGameObjCVTable	STArtiafactC | STContainerC | STSprGameObjC	00402D1F	0x30	007900A0:12						false	false		low	slot_family_has_no_named_method; target_shared_by_multiple_owners
0	0	0	005F0150	FUN_005f0150	DEFAULT	undefined __thiscall FUN_005f0150(void * this, AnonShape_005F0150_6EC63067 * param_1)	ANALYSIS	__thiscall	__thiscall					0079C260 | 0079C3EC | 0079C714	STArtiafactCVTable | STContainerCVTable | STSprGameObjCVTable	STArtiafactC | STContainerC | STSprGameObjC	00403201	0x34	007900A0:13						false	false		low	slot_family_has_no_named_method; target_shared_by_multiple_owners
0	0	0	005F0220	STSprGameObjC::FUN_005f0220	DEFAULT	dword __thiscall FUN_005f0220(STSprGameObjC * this)	ANALYSIS	__thiscall	__thiscall					0079C260 | 0079C3EC | 0079C714	STArtiafactCVTable | STContainerCVTable | STSprGameObjCVTable	STArtiafactC | STContainerC | STSprGameObjC	00401091	0x2C	007900A0:11				/dword		false	false		low	slot_family_has_no_named_method; target_shared_by_multiple_owners
0	0	0	005F0240	FUN_005f0240	DEFAULT	undefined __thiscall FUN_005f0240(void * this, undefined1 * param_1)	ANALYSIS	__thiscall	__thiscall					0079C260 | 0079C3EC | 0079C714	STArtiafactCVTable | STContainerCVTable | STSprGameObjCVTable	STArtiafactC | STContainerC | STSprGameObjC	00403C29	0x5C	007900A0:23						false	false		low	slot_family_has_no_named_method; target_shared_by_multiple_owners
0	0	0	005F0280	FUN_005f0280	DEFAULT	undefined __thiscall FUN_005f0280(void * this, undefined1 * param_1)	ANALYSIS	__thiscall	__thiscall					0079C260 | 0079C3EC | 0079C714	STArtiafactCVTable | STContainerCVTable | STSprGameObjCVTable	STArtiafactC | STContainerC | STSprGameObjC	0040336E	0x58	007900A0:22						false	false		low	slot_family_has_no_named_method; target_shared_by_multiple_owners
0	0	0	005F0360	FUN_005f0360	DEFAULT	undefined FUN_005f0360(void)	DEFAULT	unknown	__thiscall					0079C260 | 0079C3EC	STArtiafactCVTable | STSprGameObjCVTable	STArtiafactC | STSprGameObjC	00403D55	0x12C	007900A0:75						false	false		low	slot_family_has_no_named_method; target_shared_by_multiple_owners
0	0	0	005F0380	FUN_005f0380	DEFAULT	undefined FUN_005f0380(void)	DEFAULT	unknown	__thiscall					0079C260 | 0079C3EC | 0079C714	STArtiafactCVTable | STContainerCVTable | STSprGameObjCVTable	STArtiafactC | STContainerC | STSprGameObjC	004039E5	0xC	007900A0:3						false	false		low	slot_family_has_no_named_method; target_shared_by_multiple_owners
0	0	0	005F03D0	FUN_005f03d0	DEFAULT	undefined FUN_005f03d0(void)	DEFAULT	unknown	__thiscall					0079C260 | 0079C3EC	STArtiafactCVTable | STSprGameObjCVTable	STArtiafactC | STSprGameObjC	00405006	0x130	007900A0:76						false	false		low	slot_family_has_no_named_method; target_shared_by_multiple_owners
0	0	0	005F03F0	FUN_005f03f0	DEFAULT	undefined FUN_005f03f0(void)	DEFAULT	unknown	__thiscall	STSprGameObjC::vfunc_134	STSprGameObjC	vfunc_134	/STSprGameObjC	0079C3EC	STSprGameObjCVTable	STSprGameObjC	00404723	0x134	007900A0:77						false	false		low	slot_family_has_no_named_method; unique_owner_for_target
0	0	0	005F0410	FUN_005f0410	DEFAULT	undefined FUN_005f0410(void)	DEFAULT	unknown	__thiscall					0079C260 | 0079C3EC	STArtiafactCVTable | STSprGameObjCVTable	STArtiafactC | STSprGameObjC	00404115	0x138	007900A0:78						false	false		low	slot_family_has_no_named_method; target_shared_by_multiple_owners
0	0	0	005F0430	FUN_005f0430	DEFAULT	undefined FUN_005f0430(void)	DEFAULT	unknown	__thiscall	STSprGameObjC::vfunc_13C	STSprGameObjC	vfunc_13C	/STSprGameObjC	0079C3EC	STSprGameObjCVTable	STSprGameObjC	004056E1	0x13C	007900A0:79						false	false		low	slot_family_has_no_named_method; unique_owner_for_target
0	0	0	005F0450	STSprGameObjC::FUN_005f0450	DEFAULT	void __thiscall FUN_005f0450(STSprGameObjC * this, undefined4 param_1)	ANALYSIS	__thiscall	__thiscall	STSprGameObjC::vfunc_140	STSprGameObjC	vfunc_140	/STSprGameObjC	0079C3EC	STSprGameObjCVTable	STSprGameObjC	004039B8	0x140	007900A0:80				/void	param_1=/undefined4	false	false	void __thiscall STSprGameObjC::vfunc_140(undefined4 param_1)	low	slot_family_has_no_named_method; unique_owner_for_target
0	0	0	005F0470	FUN_005f0470	DEFAULT	undefined4 __thiscall FUN_005f0470(void * this, int param_1)	ANALYSIS	__thiscall	__thiscall					0079C260 | 0079C3EC | 0079C714	STArtiafactCVTable | STContainerCVTable | STSprGameObjCVTable	STArtiafactC | STContainerC | STSprGameObjC	00402757	0x114	007900A0:69						false	false		low	slot_family_has_no_named_method; target_shared_by_multiple_owners
0	0	0	005F04B0	FUN_005f04b0	DEFAULT	undefined __thiscall FUN_005f04b0(void * this, int * param_1)	ANALYSIS	__thiscall	__thiscall					0079C260 | 0079C3EC | 0079C714	STArtiafactCVTable | STContainerCVTable | STSprGameObjCVTable	STArtiafactC | STContainerC | STSprGameObjC	00404679	0x118	007900A0:70						false	false		low	slot_family_has_no_named_method; target_shared_by_multiple_owners
0	0	0	005F0E20	FUN_005f0e20	DEFAULT	undefined4 __thiscall FUN_005f0e20(void * this, undefined4 param_1, int * param_2)	ANALYSIS	__thiscall	__thiscall					0079C260 | 0079C3EC | 0079C714	STArtiafactCVTable | STContainerCVTable | STSprGameObjCVTable	STArtiafactC | STContainerC | STSprGameObjC	00401F96	0x28	007900A0:10						false	false		low	slot_family_has_no_named_method; target_shared_by_multiple_owners
0	0	0	005F10D0	STManBasisC::GetMessage	USER_DEFINED	int __thiscall GetMessage(STManBasisC * this, STMessage * message)	ANALYSIS	__thiscall	__thiscall	STManBasisC::GetMessage	STManBasisC	GetMessage	/STManBasisC	0079C580	STManBasisCVTable	STManBasisC	00405A15	0x0	0079C580:0						false	false		low	unique_named_method_in_slot_family; target_already_has_meaningful_name; no_qualified_signature_anchor
0	0	0	005F27C0	STBHEShellC::GetMessage	USER_DEFINED	int __thiscall GetMessage(STBHEShellC * this, STMessage * message)	ANALYSIS	__thiscall	__thiscall	STBHEShellC::GetMessage	STBHEShellC	GetMessage	/STBHEShellC	0079C584	STBHEShellCVTable	STBHEShellC	00405EDE	0x0	0079C584:0						false	false		low	unique_named_method_in_slot_family; target_already_has_meaningful_name; no_qualified_signature_anchor
0	0	0	005F5F20	STColl3C::GetMessage	USER_DEFINED	int __thiscall GetMessage(STColl3C * this, STMessage * message)	ANALYSIS	__thiscall	__thiscall	STColl3C::GetMessage	STColl3C	GetMessage	/STColl3C	0079C5AC	STColl3CVTable	STColl3C	00404917	0x0	007900A0:0	0041AF40	STGameObjC::GetMessage	int __thiscall GetMessage(STGameObjC * this, STMessage * message)	/int	message=/SubmarineTitans/Recovered/STMessage *32	false	false	int __thiscall STColl3C::GetMessage(STMessage * message)	low	unique_named_method_in_slot_family; target_already_has_meaningful_name; signature_anchor=STGameObjC::GetMessage
0	0	0	005F6EC0	STColl3C::FUN_005f6ec0	DEFAULT	dword __thiscall FUN_005f6ec0(STColl3C * this)	ANALYSIS	__thiscall	__thiscall	STColl3C::vfunc_78	STColl3C	vfunc_78	/STColl3C	0079C5AC	STColl3CVTable	STColl3C	00404737	0x78	007900A0:30				/dword		false	false	dword __thiscall STColl3C::vfunc_78()	low	slot_family_has_no_named_method; unique_owner_for_target
0	0	0	005F6EE0	FUN_005f6ee0	DEFAULT	undefined FUN_005f6ee0(void)	DEFAULT	unknown	__thiscall	STColl3C::vfunc_7C	STColl3C	vfunc_7C	/STColl3C	0079C5AC	STColl3CVTable	STColl3C	0040511E	0x7C	007900A0:31						false	false		low	slot_family_has_no_named_method; unique_owner_for_target
0	0	0	005FB1F0	FUN_005fb1f0	DEFAULT	uint __thiscall FUN_005fb1f0(void * this, short param_1, short param_2, short param_3, short param_4, short param_5, short param_6)	ANALYSIS	__thiscall	__thiscall	STColl3C::vfunc_DC	STColl3C	vfunc_DC	/STColl3C	0079C5AC	STColl3CVTable	STColl3C	0040177B	0xDC	007900A0:55						false	false		low	slot_family_has_no_named_method; unique_owner_for_target
0	0	0	005FB540	FUN_005fb540	DEFAULT	undefined4 __thiscall FUN_005fb540(void * this, uint param_1, short * param_2, short * param_3, short * param_4, int * param_5)	ANALYSIS	__thiscall	__thiscall	STColl3C::vfunc_E0	STColl3C	vfunc_E0	/STColl3C	0079C5AC	STColl3CVTable	STColl3C	0040212B	0xE0	007900A0:56						false	false		low	slot_family_has_no_named_method; unique_owner_for_target
0	0	0	005FB5C0	FUN_005fb5c0	DEFAULT	undefined FUN_005fb5c0(void)	DEFAULT	unknown	__thiscall	STColl3C::vfunc_EC	STColl3C	vfunc_EC	/STColl3C	0079C5AC	STColl3CVTable	STColl3C	00401A96	0xEC	007900A0:59						false	false		low	slot_family_has_no_named_method; unique_owner_for_target
0	0	0	005FB5E0	STColl3C::FUN_005fb5e0	DEFAULT	dword __thiscall FUN_005fb5e0(STColl3C * this)	ANALYSIS	__thiscall	__thiscall	STColl3C::vfunc_F8	STColl3C	vfunc_F8	/STColl3C	0079C5AC	STColl3CVTable	STColl3C	00402649	0xF8	007900A0:62				/dword		false	false	dword __thiscall STColl3C::vfunc_F8()	low	slot_family_has_no_named_method; unique_owner_for_target
0	0	0	005FB640	STContainerC::GetMessage	USER_DEFINED	int __thiscall GetMessage(STContainerC * this, STMessage * message)	ANALYSIS	__thiscall	__thiscall	STContainerC::GetMessage	STContainerC	GetMessage	/STContainerC	0079C714	STContainerCVTable	STContainerC	004033C3	0x0	007900A0:0	0041AF40	STGameObjC::GetMessage	int __thiscall GetMessage(STGameObjC * this, STMessage * message)	/int	message=/SubmarineTitans/Recovered/STMessage *32	false	false	int __thiscall STContainerC::GetMessage(STMessage * message)	low	unique_named_method_in_slot_family; target_already_has_meaningful_name; signature_anchor=STGameObjC::GetMessage
0	0	0	005FC450	FUN_005fc450	DEFAULT	bool __thiscall FUN_005fc450(void * this, int param_1)	ANALYSIS	__thiscall	__thiscall	STContainerC::vfunc_124	STContainerC	vfunc_124	/STContainerC	0079C714	STContainerCVTable	STContainerC	00405AF6	0x124	007900A0:73						false	false		low	slot_family_has_no_named_method; unique_owner_for_target
0	0	0	005FCC70	FUN_005fcc70	DEFAULT	undefined __thiscall FUN_005fcc70(void * this, char * param_1)	ANALYSIS	__thiscall	__thiscall	STContainerC::vfunc_74	STContainerC	vfunc_74	/STContainerC	0079C714	STContainerCVTable	STContainerC	004056E6	0x74	007900A0:29						false	false		low	slot_family_has_no_named_method; unique_owner_for_target
0	0	0	005FCCB0	FUN_005fccb0	DEFAULT	undefined __thiscall FUN_005fccb0(void * this, char * param_1)	ANALYSIS	__thiscall	__thiscall	STContainerC::vfunc_70	STContainerC	vfunc_70	/STContainerC	0079C714	STContainerCVTable	STContainerC	00401B5E	0x70	007900A0:28						false	false		low	slot_family_has_no_named_method; unique_owner_for_target
0	0	0	005FCD80	STContainerC::FUN_005fcd80	DEFAULT	dword __thiscall FUN_005fcd80(STContainerC * this)	ANALYSIS	__thiscall	__thiscall	STContainerC::vfunc_12C	STContainerC	vfunc_12C	/STContainerC	0079C714	STContainerCVTable	STContainerC	0040389B	0x12C	007900A0:75				/dword		false	false	dword __thiscall STContainerC::vfunc_12C()	low	slot_family_has_no_named_method; unique_owner_for_target
0	0	0	005FCDA0	STContainerC::FUN_005fcda0	DEFAULT	dword __thiscall FUN_005fcda0(STContainerC * this)	ANALYSIS	__thiscall	__thiscall	STContainerC::vfunc_130	STContainerC	vfunc_130	/STContainerC	0079C714	STContainerCVTable	STContainerC	004038C3	0x130	007900A0:76				/dword		false	false	dword __thiscall STContainerC::vfunc_130()	low	slot_family_has_no_named_method; unique_owner_for_target
0	0	0	005FCDC0	FUN_005fcdc0	DEFAULT	undefined FUN_005fcdc0(void)	DEFAULT	unknown	__thiscall	STContainerC::vfunc_134	STContainerC	vfunc_134	/STContainerC	0079C714	STContainerCVTable	STContainerC	004042FF	0x134	007900A0:77						false	false		low	slot_family_has_no_named_method; unique_owner_for_target
0	0	0	005FCE30	STContainerC::FUN_005fce30	DEFAULT	dword __thiscall FUN_005fce30(STContainerC * this)	ANALYSIS	__thiscall	__thiscall	STContainerC::vfunc_138	STContainerC	vfunc_138	/STContainerC	0079C714	STContainerCVTable	STContainerC	00401C21	0x138	007900A0:78				/dword		false	false	dword __thiscall STContainerC::vfunc_138()	low	slot_family_has_no_named_method; unique_owner_for_target
0	0	0	005FCE50	STContainerC::FUN_005fce50	DEFAULT	dword __thiscall FUN_005fce50(STContainerC * this)	ANALYSIS	__thiscall	__thiscall	STContainerC::vfunc_13C	STContainerC	vfunc_13C	/STContainerC	0079C714	STContainerCVTable	STContainerC	004020A9	0x13C	007900A0:79				/dword		false	false	dword __thiscall STContainerC::vfunc_13C()	low	slot_family_has_no_named_method; unique_owner_for_target
0	0	0	005FCE70	FUN_005fce70	DEFAULT	char * __thiscall FUN_005fce70(void * this, char * param_1)	ANALYSIS	__thiscall	__thiscall	STContainerC::vfunc_140	STContainerC	vfunc_140	/STContainerC	0079C714	STContainerCVTable	STContainerC	00402C75	0x140	007900A0:80						false	false		low	slot_family_has_no_named_method; unique_owner_for_target
0	0	0	005FD360	STContainerC::FUN_005fd360	DEFAULT	dword __thiscall FUN_005fd360(STContainerC * this)	ANALYSIS	__thiscall	__thiscall	STContainerC::vfunc_128	STContainerC	vfunc_128	/STContainerC	0079C714	STContainerCVTable	STContainerC	00404476	0x128	007900A0:74				/dword		false	false	dword __thiscall STContainerC::vfunc_128()	low	slot_family_has_no_named_method; unique_owner_for_target
0	0	0	005FD380	FUN_005fd380	DEFAULT	undefined FUN_005fd380(void)	DEFAULT	unknown	__thiscall	STContainerC::vfunc_144	STContainerC	vfunc_144	/STContainerC	0079C714	STContainerCVTable	STContainerC	004038FA	0x144	007900A0:81						false	false		low	slot_family_has_no_named_method; unique_owner_for_target
0	0	0	00601F80	STDestC::GetMessage	USER_DEFINED	int __thiscall GetMessage(STDestC * this, STMessage * message)	ANALYSIS	__thiscall	__thiscall	STDestC::GetMessage	STDestC	GetMessage	/STDestC	0079C9B0	STDestCVTable	STDestC	004050CE	0x0	007900A0:0	0041AF40	STGameObjC::GetMessage	int __thiscall GetMessage(STGameObjC * this, STMessage * message)	/int	message=/SubmarineTitans/Recovered/STMessage *32	false	false	int __thiscall STDestC::GetMessage(STMessage * message)	low	unique_named_method_in_slot_family; target_already_has_meaningful_name; signature_anchor=STGameObjC::GetMessage
0	0	0	00602700	FUN_00602700	DEFAULT	undefined __thiscall FUN_00602700(void * this, char * param_1)	ANALYSIS	__thiscall	__thiscall	STDestC::vfunc_74	STDestC	vfunc_74	/STDestC	0079C9B0	STDestCVTable	STDestC	00404EF3	0x74	007900A0:29						false	false		low	slot_family_has_no_named_method; unique_owner_for_target
0	0	0	00602740	FUN_00602740	DEFAULT	undefined __thiscall FUN_00602740(void * this, char * param_1)	ANALYSIS	__thiscall	__thiscall	STDestC::vfunc_70	STDestC	vfunc_70	/STDestC	0079C9B0	STDestCVTable	STDestC	00403B93	0x70	007900A0:28						false	false		low	slot_family_has_no_named_method; unique_owner_for_target
0	0	0	00602880	FUN_00602880	DEFAULT	undefined FUN_00602880(void)	DEFAULT	unknown	__thiscall	STDestC::vfunc_2C	STDestC	vfunc_2C	/STDestC	0079C9B0	STDestCVTable	STDestC	004046C4	0x2C	007900A0:11						false	false		low	slot_family_has_no_named_method; unique_owner_for_target
0	0	0	006033D0	FUN_006033d0	DEFAULT	undefined __thiscall FUN_006033d0(void * this, undefined1 * param_1)	ANALYSIS	__thiscall	__thiscall	STDestC::vfunc_30	STDestC	vfunc_30	/STDestC	0079C9B0	STDestCVTable	STDestC	004055DD	0x30	007900A0:12						false	false		low	slot_family_has_no_named_method; unique_owner_for_target
0	0	0	00603470	FUN_00603470	DEFAULT	undefined __thiscall FUN_00603470(void * this, AnonShape_00603470_D413D02D * param_1)	ANALYSIS	__thiscall	__thiscall	STDestC::vfunc_34	STDestC	vfunc_34	/STDestC	0079C9B0	STDestCVTable	STDestC	00403DC3	0x34	007900A0:13						false	false		low	slot_family_has_no_named_method; unique_owner_for_target
0	0	0	00603740	STExplosion::GetMessage	USER_DEFINED	int __thiscall GetMessage(STExplosion * this, STMessage * message)	ANALYSIS	__thiscall	__thiscall	STExplosion::GetMessage	STExplosion	GetMessage	/STExplosion	0079CB14	STExplosionVTable	STExplosion	00402E5F	0x0	007900A0:0	0041AF40	STGameObjC::GetMessage	int __thiscall GetMessage(STGameObjC * this, STMessage * message)	/int	message=/SubmarineTitans/Recovered/STMessage *32	false	false	int __thiscall STExplosion::GetMessage(STMessage * message)	low	unique_named_method_in_slot_family; target_already_has_meaningful_name; signature_anchor=STGameObjC::GetMessage
0	0	0	00617640	JumpManagC::GetMessage	USER_DEFINED	int __thiscall GetMessage(JumpManagC * this, STMessage * message)	ANALYSIS	__thiscall	__thiscall	JumpManagC::GetMessage	JumpManagC	GetMessage	/JumpManagC	0079CEBC	JumpManagCVTable	JumpManagC	0040260D	0x0	0079CEBC:0						false	false		low	unique_named_method_in_slot_family; target_already_has_meaningful_name; no_qualified_signature_anchor
0	0	0	00618C00	STJumpMineC::GetMessage	USER_DEFINED	int __thiscall GetMessage(STJumpMineC * this, STMessage * message)	ANALYSIS	__thiscall	__thiscall	STJumpMineC::GetMessage	STJumpMineC	GetMessage	/STJumpMineC	0079CED0	STJumpMineCVTable	STJumpMineC	00402D6A	0x0	0079CED0:0						false	false		low	unique_named_method_in_slot_family; target_already_has_meaningful_name; no_qualified_signature_anchor
0	0	0	0061D190	STLightC::GetMessage	USER_DEFINED	int __thiscall GetMessage(STLightC * this, STMessage * message)	ANALYSIS	__thiscall	__thiscall	STLightC::GetMessage	STLightC	GetMessage	/STLightC	0079CED4	STLightCVTable	STLightC	004026EE	0x0	0079CED4:0						false	false		low	unique_named_method_in_slot_family; target_already_has_meaningful_name; no_qualified_signature_anchor
0	0	0	00621B50	STMineSetC::GetMessage	USER_DEFINED	int __thiscall GetMessage(STMineSetC * this, STMessage * message)	ANALYSIS	__thiscall	__thiscall	STMineSetC::GetMessage	STMineSetC	GetMessage	/STMineSetC	0079CEFC	STMineSetCVTable	STMineSetC	00401672	0x0	007900A0:0	0041AF40	STGameObjC::GetMessage	int __thiscall GetMessage(STGameObjC * this, STMessage * message)	/int	message=/SubmarineTitans/Recovered/STMessage *32	false	false	int __thiscall STMineSetC::GetMessage(STMessage * message)	low	unique_named_method_in_slot_family; target_already_has_meaningful_name; signature_anchor=STGameObjC::GetMessage
0	0	0	00626BC0	FUN_00626bc0	DEFAULT	undefined __thiscall FUN_00626bc0(void * this, char * param_1)	ANALYSIS	__thiscall	__thiscall	STMineSetC::vfunc_74	STMineSetC	vfunc_74	/STMineSetC	0079CEFC	STMineSetCVTable	STMineSetC	00404872	0x74	007900A0:29						false	false		low	slot_family_has_no_named_method; unique_owner_for_target
0	0	0	00626C00	FUN_00626c00	DEFAULT	undefined __thiscall FUN_00626c00(void * this, char * param_1)	ANALYSIS	__thiscall	__thiscall	STMineSetC::vfunc_70	STMineSetC	vfunc_70	/STMineSetC	0079CEFC	STMineSetCVTable	STMineSetC	004053E9	0x70	007900A0:28						false	false		low	slot_family_has_no_named_method; unique_owner_for_target
0	0	0	00626C90	FUN_00626c90	DEFAULT	undefined __thiscall FUN_00626c90(void * this, char * param_1)	ANALYSIS	__thiscall	__thiscall	STMineSetC::vfunc_30	STMineSetC	vfunc_30	/STMineSetC	0079CEFC	STMineSetCVTable	STMineSetC	004038B4	0x30	007900A0:12						false	false		low	slot_family_has_no_named_method; unique_owner_for_target
0	0	0	00626D70	FUN_00626d70	DEFAULT	undefined __thiscall FUN_00626d70(void * this, AnonShape_00626D70_1F4C15C4 * param_1)	ANALYSIS	__thiscall	__thiscall	STMineSetC::vfunc_34	STMineSetC	vfunc_34	/STMineSetC	0079CEFC	STMineSetCVTable	STMineSetC	00403DFA	0x34	007900A0:13						false	false		low	slot_family_has_no_named_method; unique_owner_for_target
0	0	0	00626E60	FUN_00626e60	DEFAULT	undefined __thiscall FUN_00626e60(void * this, int param_1)	ANALYSIS	__thiscall	__thiscall	STMineSetC::vfunc_64	STMineSetC	vfunc_64	/STMineSetC	0079CEFC	STMineSetCVTable	STMineSetC	00403CC9	0x64	007900A0:25						false	false		low	slot_family_has_no_named_method; unique_owner_for_target
0	0	0	00626EA0	STMineSetC::FUN_00626ea0	DEFAULT	dword __thiscall FUN_00626ea0(STMineSetC * this)	ANALYSIS	__thiscall	__thiscall	STMineSetC::vfunc_6C	STMineSetC	vfunc_6C	/STMineSetC	0079CEFC	STMineSetCVTable	STMineSetC	004043EA	0x6C	007900A0:27				/dword		false	false	dword __thiscall STMineSetC::vfunc_6C()	low	slot_family_has_no_named_method; unique_owner_for_target
0	0	0	00626EC0	FUN_00626ec0	DEFAULT	undefined FUN_00626ec0(void)	DEFAULT	unknown	__thiscall	STMineSetC::vfunc_2C	STMineSetC	vfunc_2C	/STMineSetC	0079CEFC	STMineSetCVTable	STMineSetC	0040256D	0x2C	007900A0:11						false	false		low	slot_family_has_no_named_method; unique_owner_for_target
0	0	0	00626FA0	STMineSetC::FUN_00626fa0	DEFAULT	dword __thiscall FUN_00626fa0(STMineSetC * this)	ANALYSIS	__thiscall	__thiscall	STMineSetC::vfunc_EC	STMineSetC	vfunc_EC	/STMineSetC	0079CEFC	STMineSetCVTable	STMineSetC	004052B3	0xEC	007900A0:59				/dword		false	false	dword __thiscall STMineSetC::vfunc_EC()	low	slot_family_has_no_named_method; unique_owner_for_target
0	0	0	00626FC0	FUN_00626fc0	DEFAULT	undefined __thiscall FUN_00626fc0(void * this, char * param_1)	ANALYSIS	__thiscall	__thiscall	STMineSetC::vfunc_5C	STMineSetC	vfunc_5C	/STMineSetC	0079CEFC	STMineSetCVTable	STMineSetC	0040358F	0x5C	007900A0:23						false	false		low	slot_family_has_no_named_method; unique_owner_for_target
0	0	0	00627050	FUN_00627050	DEFAULT	undefined __thiscall FUN_00627050(void * this, char * param_1)	ANALYSIS	__thiscall	__thiscall	STMineSetC::vfunc_58	STMineSetC	vfunc_58	/STMineSetC	0079CEFC	STMineSetCVTable	STMineSetC	0040529A	0x58	007900A0:22						false	false		low	slot_family_has_no_named_method; unique_owner_for_target
0	0	0	00627200	FUN_00627200	DEFAULT	undefined4 __thiscall FUN_00627200(void * this, undefined4 param_1, undefined2 * param_2, undefined2 * param_3, undefined2 * param_4, undefined4 * param_5)	ANALYSIS	__thiscall	__thiscall	STMineSetC::vfunc_E0	STMineSetC	vfunc_E0	/STMineSetC	0079CEFC	STMineSetCVTable	STMineSetC	00404868	0xE0	007900A0:56						false	false		low	slot_family_has_no_named_method; unique_owner_for_target
0	0	0	00627250	FUN_00627250	DEFAULT	undefined FUN_00627250(void)	DEFAULT	unknown	__thiscall	STMineSetC::vfunc_F8	STMineSetC	vfunc_F8	/STMineSetC	0079CEFC	STMineSetCVTable	STMineSetC	00403323	0xF8	007900A0:62						false	false		low	slot_family_has_no_named_method; unique_owner_for_target
0	0	0	00627280	FUN_00627280	DEFAULT	undefined4 __thiscall FUN_00627280(void * this, short param_1, short param_2, short param_3)	ANALYSIS	__thiscall	__thiscall	STMineSetC::vfunc_DC	STMineSetC	vfunc_DC	/STMineSetC	0079CEFC	STMineSetCVTable	STMineSetC	00403369	0xDC	007900A0:55						false	false		low	slot_family_has_no_named_method; unique_owner_for_target
0	0	0	00627A60	FUN_00627a60	DEFAULT	undefined FUN_00627a60(void)	DEFAULT	unknown	__thiscall	STMineSetC::vfunc_F0	STMineSetC	vfunc_F0	/STMineSetC	0079CEFC	STMineSetCVTable	STMineSetC	00404B88	0xF0	007900A0:60						false	false		low	slot_family_has_no_named_method; unique_owner_for_target
0	0	0	00627AA0	FUN_00627aa0	DEFAULT	bool __thiscall FUN_00627aa0(void * this, uint param_1)	ANALYSIS	__thiscall	__thiscall	STMineSetC::vfunc_F4	STMineSetC	vfunc_F4	/STMineSetC	0079CEFC	STMineSetCVTable	STMineSetC	00405A83	0xF4	007900A0:61						false	false		low	slot_family_has_no_named_method; unique_owner_for_target
0	0	0	00627E80	FUN_00627e80	DEFAULT	undefined FUN_00627e80(void)	DEFAULT	unknown	__thiscall	STMineSetC::vfunc_7C	STMineSetC	vfunc_7C	/STMineSetC	0079CEFC	STMineSetCVTable	STMineSetC	004042E1	0x7C	007900A0:31						false	false		low	slot_family_has_no_named_method; unique_owner_for_target
0	0	0	0062CCA0	STManRub3C::GetMessage	USER_DEFINED	int __thiscall GetMessage(STManRub3C * this, STMessage * message)	ANALYSIS	__thiscall	__thiscall	STManRub3C::GetMessage	STManRub3C	GetMessage	/STManRub3C	0079D084	STManRub3CVTable	STManRub3C	004040D9	0x0	0079D084:0						false	false		low	unique_named_method_in_slot_family; target_already_has_meaningful_name; no_qualified_signature_anchor
0	0	0	0062E740	STRubbishC::GetMessage	USER_DEFINED	int __thiscall GetMessage(STRubbishC * this, STMessage * message)	ANALYSIS	__thiscall	__thiscall	STRubbishC::GetMessage	STRubbishC	GetMessage	/STRubbishC	0079D098	STRubbishCVTable	STRubbishC	0040231F	0x0	007900A0:0	0041AF40	STGameObjC::GetMessage	int __thiscall GetMessage(STGameObjC * this, STMessage * message)	/int	message=/SubmarineTitans/Recovered/STMessage *32	false	false	int __thiscall STRubbishC::GetMessage(STMessage * message)	low	unique_named_method_in_slot_family; target_already_has_meaningful_name; signature_anchor=STGameObjC::GetMessage
0	0	0	00630430	STManRuinC::GetMessage	USER_DEFINED	int __thiscall GetMessage(STManRuinC * this, STMessage * message)	ANALYSIS	__thiscall	__thiscall	STManRuinC::GetMessage	STManRuinC	GetMessage	/STManRuinC	0079D19C	STManRuinCVTable	STManRuinC	004055A1	0x0	0079D19C:0						false	false		low	unique_named_method_in_slot_family; target_already_has_meaningful_name; no_qualified_signature_anchor
0	0	0	006406D0	STTorpC::GetMessage	USER_DEFINED	int __thiscall GetMessage(STTorpC * this, STMessage * message)	ANALYSIS	__thiscall	__thiscall	STTorpC::GetMessage	STTorpC	GetMessage	/STTorpC	0079D4AC	STTorpCVTable	STTorpC	00404CAF	0x0	007900A0:0	0041AF40	STGameObjC::GetMessage	int __thiscall GetMessage(STGameObjC * this, STMessage * message)	/int	message=/SubmarineTitans/Recovered/STMessage *32	false	false	int __thiscall STTorpC::GetMessage(STMessage * message)	low	unique_named_method_in_slot_family; target_already_has_meaningful_name; signature_anchor=STGameObjC::GetMessage
0	0	0	00643E20	FUN_00643e20	DEFAULT	undefined4 __fastcall FUN_00643e20(AnonShape_00643E20_B7FEAA75 * param_1, undefined4 param_2)	ANALYSIS	__fastcall	__thiscall	STTorpC::vfunc_D8	STTorpC	vfunc_D8	/STTorpC	0079D4AC	STTorpCVTable	STTorpC	00402644	0xD8	007900A0:54						false	false		low	slot_family_has_no_named_method; unique_owner_for_target
0	0	0	006461E0	STVolcanoC::GetMessage	USER_DEFINED	int __thiscall GetMessage(STVolcanoC * this, STMessage * message)	ANALYSIS	__thiscall	__thiscall	STVolcanoC::GetMessage	STVolcanoC	GetMessage	/STVolcanoC	0079D610	STVolcanoCVTable	STVolcanoC	004038D2	0x0	0079D610:0						false	false		low	unique_named_method_in_slot_family; target_already_has_meaningful_name; no_qualified_signature_anchor
0	0	0	00647B40	FUN_00647b40	DEFAULT	undefined FUN_00647b40(void)	DEFAULT	unknown	__thiscall					0079D618 | 0079D67C	AiBossClassTyVTable_at_1C | AiEventClassTyVTable	AiBossClassTy | AiEventClassTy	004041FB	0x18	0079D618:6						false	false		low	slot_family_has_no_named_method; target_shared_by_multiple_owners
0	0	0	00647B60	FUN_00647b60	DEFAULT	undefined4 __stdcall FUN_00647b60(int param_1)	ANALYSIS	__stdcall	__thiscall					0079D618 | 0079D67C | 0079D6D4	AiBossClassTyVTable_at_1C | AiEventClassTyVTable | AiPlrClassTyVTable_at_1C	AiBossClassTy | AiEventClassTy | AiPlrClassTy	00405961	0x0	0079D618:0						false	false		low	slot_family_has_no_named_method; target_shared_by_multiple_owners
0	0	0	00647B80	FUN_00647b80	DEFAULT	float10 __stdcall FUN_00647b80(int param_1)	ANALYSIS	__stdcall	__thiscall					0079D618 | 0079D67C | 0079D6D4	AiBossClassTyVTable_at_1C | AiEventClassTyVTable | AiPlrClassTyVTable_at_1C	AiBossClassTy | AiEventClassTy | AiPlrClassTy	00404D9A	0x4	0079D618:1						false	false		low	slot_family_has_no_named_method; target_shared_by_multiple_owners
0	0	0	00647BA0	FUN_00647ba0	DEFAULT	undefined4 __thiscall FUN_00647ba0(void * this, int param_1)	ANALYSIS	__thiscall	__thiscall					0079D618 | 0079D67C | 0079D6D4	AiBossClassTyVTable_at_1C | AiEventClassTyVTable | AiPlrClassTyVTable_at_1C	AiBossClassTy | AiEventClassTy | AiPlrClassTy	00405AB0	0x8	0079D618:2						false	false		low	slot_family_has_no_named_method; target_shared_by_multiple_owners
0	0	0	00647BE0	FUN_00647be0	DEFAULT	int __thiscall FUN_00647be0(void * this, char * param_1)	ANALYSIS	__thiscall	__thiscall					0079D618 | 0079D67C | 0079D6D4	AiBossClassTyVTable_at_1C | AiEventClassTyVTable | AiPlrClassTyVTable_at_1C	AiBossClassTy | AiEventClassTy | AiPlrClassTy	00403CBF	0xC	0079D618:3						false	false		low	slot_family_has_no_named_method; target_shared_by_multiple_owners
0	0	0	00647C10	FUN_00647c10	DEFAULT	int __thiscall FUN_00647c10(void * this, int param_1, int param_2)	ANALYSIS	__thiscall	__thiscall					0079D618 | 0079D67C | 0079D6D4	AiBossClassTyVTable_at_1C | AiEventClassTyVTable | AiPlrClassTyVTable_at_1C	AiBossClassTy | AiEventClassTy | AiPlrClassTy	00404AC0	0x10	0079D618:4						false	false		low	slot_family_has_no_named_method; target_shared_by_multiple_owners
0	0	0	00647C80	FUN_00647c80	DEFAULT	undefined FUN_00647c80(void)	DEFAULT	unknown	__thiscall					0079D618 | 0079D67C | 0079D6D4	AiBossClassTyVTable_at_1C | AiEventClassTyVTable | AiPlrClassTyVTable_at_1C	AiBossClassTy | AiEventClassTy | AiPlrClassTy	0040136B	0x14	0079D618:5				/dword		false	false		low	slot_family_has_no_named_method; target_shared_by_multiple_owners
0	0	0	00647CA0	FUN_00647ca0	DEFAULT	undefined4 __thiscall FUN_00647ca0(void * this, int param_1)	ANALYSIS	__thiscall	__thiscall					0079D618 | 0079D67C | 0079D6D4	AiBossClassTyVTable_at_1C | AiEventClassTyVTable | AiPlrClassTyVTable_at_1C	AiBossClassTy | AiEventClassTy | AiPlrClassTy	004022A2	0x1C	0079D618:7						false	false		low	slot_family_has_no_named_method; target_shared_by_multiple_owners
0	0	0	00647CE0	FUN_00647ce0	DEFAULT	undefined __thiscall FUN_00647ce0(void * this, int param_1, undefined4 param_2)	ANALYSIS	__thiscall	__thiscall					0079D618 | 0079D67C | 0079D6D4	AiBossClassTyVTable_at_1C | AiEventClassTyVTable | AiPlrClassTyVTable_at_1C	AiBossClassTy | AiEventClassTy | AiPlrClassTy	00405A3D	0x20	0079D618:8						false	false		low	slot_family_has_no_named_method; target_shared_by_multiple_owners
0	0	0	00647D10	FUN_00647d10	DEFAULT	undefined4 __thiscall FUN_00647d10(void * this, int param_1)	ANALYSIS	__thiscall	__thiscall					0079D618 | 0079D67C | 0079D6D4	AiBossClassTyVTable_at_1C | AiEventClassTyVTable | AiPlrClassTyVTable_at_1C	AiBossClassTy | AiEventClassTy | AiPlrClassTy	004019F6	0x24	0079D618:9						false	false		low	slot_family_has_no_named_method; target_shared_by_multiple_owners
0	0	0	00647D50	FUN_00647d50	DEFAULT	undefined4 __thiscall FUN_00647d50(void * this, int param_1)	ANALYSIS	__thiscall	__thiscall					0079D618 | 0079D67C | 0079D6D4	AiBossClassTyVTable_at_1C | AiEventClassTyVTable | AiPlrClassTyVTable_at_1C	AiBossClassTy | AiEventClassTy | AiPlrClassTy	00403012	0x28	0079D618:10						false	false		low	slot_family_has_no_named_method; target_shared_by_multiple_owners
0	0	0	00647D90	FUN_00647d90	DEFAULT	int __thiscall FUN_00647d90(void * this, undefined4 param_1, undefined4 param_2, undefined4 * param_3)	ANALYSIS	__thiscall	__thiscall	AiBossClassTy::vfunc_30	AiBossClassTy	vfunc_30	/AiBossClassTy	0079D618	AiBossClassTyVTable_at_1C	AiBossClassTy	0040489F	0x30	0079D618:12						false	false		low	slot_family_has_no_named_method; unique_owner_for_target
0	0	0	00648030	AiBossClassTy::GetMessage	USER_DEFINED	int __thiscall GetMessage(AiBossClassTy * this, STMessage * message)	ANALYSIS	__thiscall	__thiscall	AiBossClassTy::GetMessage	AiBossClassTy	GetMessage	/AiBossClassTy	0079D658	AiBossClassTyVTable	AiBossClassTy	00403792	0x0	0079D658:0						false	false		low	unique_named_method_in_slot_family; target_already_has_meaningful_name; no_qualified_signature_anchor
0	0	0	0064CD10	FUN_0064cd10	DEFAULT	undefined FUN_0064cd10(void)	DEFAULT	unknown	__thiscall	AiEventClassTy::vfunc_30	AiEventClassTy	vfunc_30	/AiEventClassTy	0079D67C	AiEventClassTyVTable	AiEventClassTy	004056AA	0x30	0079D618:12						false	false		low	slot_family_has_no_named_method; unique_owner_for_target
0	0	0	0064E580	FUN_0064e580	DEFAULT	byte __thiscall FUN_0064e580(void * this, int param_1)	ANALYSIS	__thiscall	__thiscall					0079D618 | 0079D67C | 0079D6D4	AiBossClassTyVTable_at_1C | AiEventClassTyVTable | AiPlrClassTyVTable_at_1C	AiBossClassTy | AiEventClassTy | AiPlrClassTy	00401CA3	0x2C	0079D618:11						false	false		low	slot_family_has_no_named_method; target_shared_by_multiple_owners
0	0	0	00667D90	AiFltClassTy::GetMessage	USER_DEFINED	int __thiscall GetMessage(AiFltClassTy * this, STMessage * message)	ANALYSIS	__thiscall	__thiscall	AiFltClassTy::GetMessage	AiFltClassTy	GetMessage	/AiFltClassTy	0079D6BC	AiFltClassTyVTable	AiFltClassTy	004031B6	0x0	0079D6BC:0						false	false		low	unique_named_method_in_slot_family; target_already_has_meaningful_name; no_qualified_signature_anchor
0	0	0	00678930	AiPlrClassTy::FUN_00678930	DEFAULT	dword __thiscall FUN_00678930(AiPlrClassTy * this)	ANALYSIS	__thiscall	__thiscall	AiPlrClassTy::vfunc_18	AiPlrClassTy	vfunc_18	/AiPlrClassTy	0079D6D4	AiPlrClassTyVTable_at_1C	AiPlrClassTy	004022ED	0x18	0079D618:6				/dword		false	false	dword __thiscall AiPlrClassTy::vfunc_18()	low	slot_family_has_no_named_method; unique_owner_for_target
0	0	0	00678950	FUN_00678950	DEFAULT	int __thiscall FUN_00678950(void * this, undefined4 param_1, undefined4 param_2, undefined4 * param_3)	ANALYSIS	__thiscall	__thiscall	AiPlrClassTy::vfunc_30	AiPlrClassTy	vfunc_30	/AiPlrClassTy	0079D6D4	AiPlrClassTyVTable_at_1C	AiPlrClassTy	00404C50	0x30	0079D618:12						false	false		low	slot_family_has_no_named_method; unique_owner_for_target
0	0	0	0067C7E0	AiPlrClassTy::GetMessage	USER_DEFINED	int __thiscall GetMessage(AiPlrClassTy * this, STMessage * message)	ANALYSIS	__thiscall	__thiscall	AiPlrClassTy::GetMessage	AiPlrClassTy	GetMessage	/AiPlrClassTy	0079D714	AiPlrClassTyVTable	AiPlrClassTy	00401F8C	0x0	0079D714:0						false	false		low	unique_named_method_in_slot_family; target_already_has_meaningful_name; no_qualified_signature_anchor
0	0	0	00690B90	AiTactClassTy::GetMessage	USER_DEFINED	int __thiscall GetMessage(AiTactClassTy * this, STMessage * message)	ANALYSIS	__thiscall	__thiscall	AiTactClassTy::GetMessage	AiTactClassTy	GetMessage	/AiTactClassTy	0079D76C	AiTactClassTyVTable	AiTactClassTy	00402DF1	0x0	0079D76C:0						false	false		low	unique_named_method_in_slot_family; target_already_has_meaningful_name; no_qualified_signature_anchor
0	0	0	006E4FA0	FUN_006e4fa0	DEFAULT	undefined __stdcall FUN_006e4fa0(DWORD dwMilliseconds)	ANALYSIS	__stdcall	__thiscall					0079B0A8 | 0079E16C	AppClassTyVTable | STAppCVTable	AppClassTy | STAppC	006E4FA0	0x10	0079B0A8:4 | 0079E16C:4						false	false		low	target_used_by_multiple_slot_families; slot_family_has_no_named_method; target_shared_by_multiple_owners
0	0	0	006E5150	STAppC::sub_006E5150	ANALYSIS	undefined4 __thiscall sub_006E5150(STAppC * this, STMessage * param_1)	ANALYSIS	__thiscall	__thiscall	STAppC::sub_006E5150	STAppC	sub_006E5150	/STAppC	0079E16C	AppClassTyVTable	AppClassTy	006E5150	0x18	0079E16C:6						false	false		low	unique_named_method_in_slot_family; target_already_has_meaningful_name; no_qualified_signature_anchor
0	0	0	006E52D0	FUN_006e52d0	DEFAULT	undefined __fastcall FUN_006e52d0(AnonShape_006E52D0_AF06BCD2 * param_1)	ANALYSIS	__fastcall	__thiscall			DoneSystem		0079B1B4 | 0079B20C | 0079E188 | 0079E1B4	BaseSystemCVTable | DebugSystemCVTable | SystemClassTyVTable | SystemWithNamedObjClassTyVTable	BaseSystemC | DebugSystemC | SystemClassTy | SystemWithNamedObjClassTy	006E52D0	0x4	0079ADB8:1						false	false		low	unique_named_method_in_slot_family; target_shared_by_multiple_owners; no_qualified_signature_anchor; receiver_parameter_shape_requires_review
0	0	0	006E5670	FUN_006e5670	DEFAULT	undefined __thiscall FUN_006e5670(void * this, undefined4 param_1, undefined4 param_2, undefined4 param_3, undefined4 param_4)	ANALYSIS	__thiscall	__thiscall					0079ADB8 | 0079B1B4 | 0079B1E0 | 0079B20C | 0079C1E8 | 0079E188	BaseSystemCVTable | DebugSystemCVTable | GameSystemCVTable | InterSystemCVTable | StartSystemTyVTable | SystemClassTyVTable	BaseSystemC | DebugSystemC | GameSystemC | InterSystemC | StartSystemTy | SystemClassTy	006E5670	0xC	0079ADB8:3 | 0079B1E0:3						false	false		low	target_used_by_multiple_slot_families; slot_family_has_no_named_method; target_shared_by_multiple_owners
0	0	0	006E5690	FUN_006e5690	DEFAULT	undefined __thiscall FUN_006e5690(void * this, undefined4 param_1, undefined4 param_2)	ANALYSIS	__thiscall	__thiscall					0079ADB8 | 0079B1B4 | 0079B1E0 | 0079B20C | 0079C1E8 | 0079E188	BaseSystemCVTable | DebugSystemCVTable | GameSystemCVTable | InterSystemCVTable | StartSystemTyVTable | SystemClassTyVTable	BaseSystemC | DebugSystemC | GameSystemC | InterSystemC | StartSystemTy | SystemClassTy	006E5690	0x10	0079ADB8:4 | 0079B1E0:4						false	false		low	target_used_by_multiple_slot_families; slot_family_has_no_named_method; target_shared_by_multiple_owners
0	0	0	006E6130	FUN_006e6130	DEFAULT	undefined __thiscall FUN_006e6130(void * this, undefined4 param_1, undefined4 param_2)	ANALYSIS	__thiscall	__thiscall					0079AE38 | 0079E1B4	STPlaySystemCVTable | SystemWithNamedObjClassTyVTable	STPlaySystemC | SystemWithNamedObjClassTy	006E6130	0x10	0079ADB8:4 | 0079AE38:4						false	false		low	target_used_by_multiple_slot_families; slot_family_has_no_named_method; target_shared_by_multiple_owners
0	0	0	006E6150	FUN_006e6150	DEFAULT	undefined __thiscall FUN_006e6150(void * this, undefined4 param_1, undefined4 param_2, undefined4 param_3, undefined4 param_4)	ANALYSIS	__thiscall	__thiscall					0079AE38 | 0079E1B4	STPlaySystemCVTable | SystemWithNamedObjClassTyVTable	STPlaySystemC | SystemWithNamedObjClassTy	006E6150	0xC	0079ADB8:3 | 0079AE38:3						false	false		low	target_used_by_multiple_slot_families; slot_family_has_no_named_method; target_shared_by_multiple_owners
0	0	0	0071CF60	FUN_0071cf60	DEFAULT	undefined FUN_0071cf60(void)	DEFAULT	unknown	__thiscall	ButtonClassTy::vfunc_4	ButtonClassTy	vfunc_4	/ButtonClassTy	0079E288	ButtonClassTyVTable	ButtonClassTy	0071CF60	0x4	0079E288:1						false	false		low	slot_family_has_no_named_method; unique_owner_for_target
0	0	0	0071CF80	FUN_0071cf80	DEFAULT	undefined FUN_0071cf80(void)	DEFAULT	unknown	__thiscall	ButtonClassTy::vfunc_8	ButtonClassTy	vfunc_8	/ButtonClassTy	0079E288	ButtonClassTyVTable	ButtonClassTy	0071CF80	0x8	0079E288:2						false	false		low	slot_family_has_no_named_method; unique_owner_for_target
0	0	0	0071E860	FUN_0071e860	DEFAULT	int __thiscall FUN_0071e860(void * this, ushort param_1, ushort param_2, ushort param_3, ushort param_4)	ANALYSIS	__thiscall	__thiscall	ViewerClassTy::vfunc_8	ViewerClassTy	vfunc_8	/ViewerClassTy	0079E298	ViewerClassTyVTable	ViewerClassTy	0071E860	0x8	0079E298:2						false	false		low	slot_family_has_no_named_method; unique_owner_for_target
0	0	0	0071F230	FUN_0071f230	DEFAULT	int __fastcall FUN_0071f230(int * param_1)	ANALYSIS	__fastcall	__thiscall	ListClassTy::vfunc_4	ListClassTy	vfunc_4	/ListClassTy	0079E2A4	ListClassTyVTable	ListClassTy	0071F230	0x4	0079E2A4:1						false	false		low	slot_family_has_no_named_method; unique_owner_for_target
0	0	0	0071F2B0	FUN_0071f2b0	DEFAULT	uint __thiscall FUN_0071f2b0(void * this, ushort param_1, ushort param_2)	ANALYSIS	__thiscall	__thiscall	ListClassTy::vfunc_8	ListClassTy	vfunc_8	/ListClassTy	0079E2A4	ListClassTyVTable	ListClassTy	0071F2B0	0x8	0079E2A4:2						false	false		low	slot_family_has_no_named_method; unique_owner_for_target
0	0	0	0071F2F0	FUN_0071f2f0	DEFAULT	int __thiscall FUN_0071f2f0(void * this, ushort param_1, ushort param_2, ushort param_3, ushort param_4)	ANALYSIS	__thiscall	__thiscall	ListClassTy::vfunc_C	ListClassTy	vfunc_C	/ListClassTy	0079E2A4	ListClassTyVTable	ListClassTy	0071F2F0	0xC	0079E2A4:3						false	false		low	slot_family_has_no_named_method; unique_owner_for_target
0	0	0	007209D0	FUN_007209d0	DEFAULT	int __thiscall FUN_007209d0(void * this, undefined4 param_1)	ANALYSIS	__thiscall	__thiscall	EditorClassTy::vfunc_8	EditorClassTy	vfunc_8	/EditorClassTy	0079E2B4	EditorClassTyVTable	EditorClassTy	007209D0	0x8	0079E2B4:2						false	false		low	slot_family_has_no_named_method; unique_owner_for_target
0	0	0	00724D20	FUN_00724d20	DEFAULT	undefined FUN_00724d20(void)	DEFAULT	unknown	__thiscall	TrackbarClassTy::vfunc_4	TrackbarClassTy	vfunc_4	/TrackbarClassTy	0079E2CC	TrackbarClassTyVTable	TrackbarClassTy	00724D20	0x4	0079E2CC:1						false	false		low	slot_family_has_no_named_method; unique_owner_for_target
0	0	0	00724D40	FUN_00724d40	DEFAULT	undefined FUN_00724d40(void)	DEFAULT	unknown	__thiscall	TrackbarClassTy::vfunc_8	TrackbarClassTy	vfunc_8	/TrackbarClassTy	0079E2CC	TrackbarClassTyVTable	TrackbarClassTy	00724D40	0x8	0079E2CC:2						false	false		low	slot_family_has_no_named_method; unique_owner_for_target
